FIR_ID,Crime_Type,Location,Date,Suspect_ID,Victim_ID,Lead_Risk_Score,Lead_Risk_Tier,Num_Anomalies,Narrative
FIR-2026-00380,Property Theft,Anbu Puram Apartment Complex,08-04-2026,PER-0085,PER-0363,61.84,Critical,7,"FIR FIR-2026-00380 — Property Theft at Anbu Puram Apartment Complex on 08-04-2026. Highest-risk party in this case: Karthik Rajan (Person, flagged as CRITICAL risk, score 61.8). Other entities involved: Madhan Murugan (Person, flagged as CRITICAL risk, score 57.5); Gunasekar Prakash (Person, showing moderate risk indicators, score 24.9). The suspect is part of Gang-02, a cluster of 308 linked entities (with other known suspects). Anomaly flags: Madhan Murugan: Degree Spike (Degree 134.88666666666668 >> mean 11.0) | Madhan Murugan: Multi-Source Suspect (Suspect confirmed in sources: CDR|FIR|Financial|SocialMedia) | Karthik Rajan: Multi-Source Suspect (Suspect confirmed in sources: CDR|FIR|Financial|SocialMedia) | Karthik Rajan: Degree Spike (Degree 110.0 >> mean 11.0) | Karthik Rajan: Cross-Role Conflict (Same entity in roles: Associate|Callee|Caller|SocialMention|Suspect|TransactionMobile|Witness) | Karthik Rajan: High Financial Activity (Linked to 11 financial records) | Madhan Murugan: Cross-Role Conflict (Same entity in roles: Associate|Callee|Caller|SocialMention|Suspect|TransactionMobile|Witness)"
FIR-2026-00375,Job Offer Cheating,Vetri Nagar Shopping Complex,01-04-2026,PER-0277,PER-0001,61.84,Critical,5,"FIR FIR-2026-00375 — Job Offer Cheating at Vetri Nagar Shopping Complex on 01-04-2026. Highest-risk party in this case: Karthik Rajan (Person, flagged as CRITICAL risk, score 61.8). Other entities involved: Lavanya Ammal (Person, flagged as CRITICAL risk, score 39.7). The suspect is part of Gang-02, a cluster of 308 linked entities (with other known suspects). Anomaly flags: Lavanya Ammal: Degree Spike (Degree 119.95666666666666 >> mean 11.0) | Karthik Rajan: Multi-Source Suspect (Suspect confirmed in sources: CDR|FIR|Financial|SocialMedia) | Karthik Rajan: Degree Spike (Degree 110.0 >> mean 11.0) | Karthik Rajan: Cross-Role Conflict (Same entity in roles: Associate|Callee|Caller|SocialMention|Suspect|TransactionMobile|Witness) | Karthik Rajan: High Financial Activity (Linked to 11 financial records)"
FIR-2026-00341,Gambling Den Report,Kalai Park Main Street,16-02-2026,PER-0277,PER-0344,61.84,Critical,4,"FIR FIR-2026-00341 — Gambling Den Report at Kalai Park Main Street on 16-02-2026. Highest-risk party in this case: Karthik Rajan (Person, flagged as CRITICAL risk, score 61.8). Other entities involved: Malathi Bai (Person, showing moderate risk indicators, score 25.2). The suspect is part of Gang-02, a cluster of 308 linked entities (with other known suspects). Anomaly flags: Karthik Rajan: Multi-Source Suspect (Suspect confirmed in sources: CDR|FIR|Financial|SocialMedia) | Karthik Rajan: Degree Spike (Degree 110.0 >> mean 11.0) | Karthik Rajan: Cross-Role Conflict (Same entity in roles: Associate|Callee|Caller|SocialMention|Suspect|TransactionMobile|Witness) | Karthik Rajan: High Financial Activity (Linked to 11 financial records)"
FIR-2026-00216,Land Encroachment,Selvapuram Puram Main Street,03-10-2025,PER-0277,PER-0276,61.84,Critical,6,"FIR FIR-2026-00216 — Land Encroachment at Selvapuram Puram Main Street on 03-10-2025. Highest-risk party in this case: Karthik Rajan (Person, flagged as CRITICAL risk, score 61.8). Other entities involved: Harish Subramani (Person, showing moderate risk indicators, score 24.3); Nandha Karuppasamy (Person, flagged as CRITICAL risk, score 48.8). The suspect is part of Gang-02, a cluster of 308 linked entities (with other known suspects). Anomaly flags: Nandha Karuppasamy: Multi-Source Suspect (Suspect confirmed in sources: CDR|FIR|SocialMedia) | Karthik Rajan: Multi-Source Suspect (Suspect confirmed in sources: CDR|FIR|Financial|SocialMedia) | Nandha Karuppasamy: Degree Spike (Degree 104.20333333333333 >> mean 11.0) | Karthik Rajan: Degree Spike (Degree 110.0 >> mean 11.0) | Karthik Rajan: Cross-Role Conflict (Same entity in roles: Associate|Callee|Caller|SocialMention|Suspect|TransactionMobile|Witness) | Karthik Rajan: High Financial Activity (Linked to 11 financial records)"
FIR-2026-00358,Neighbour Harassment,Mynthan Colony Main Street,14-03-2026,PER-0277,PER-0188,61.84,Critical,4,"FIR FIR-2026-00358 — Neighbour Harassment at Mynthan Colony Main Street on 14-03-2026. Highest-risk party in this case: Karthik Rajan (Person, flagged as CRITICAL risk, score 61.8). Other entities involved: Meena Bai (Person, showing moderate risk indicators, score 26.5). The suspect is part of Gang-02, a cluster of 308 linked entities (with other known suspects). Anomaly flags: Karthik Rajan: Multi-Source Suspect (Suspect confirmed in sources: CDR|FIR|Financial|SocialMedia) | Karthik Rajan: Degree Spike (Degree 110.0 >> mean 11.0) | Karthik Rajan: Cross-Role Conflict (Same entity in roles: Associate|Callee|Caller|SocialMention|Suspect|TransactionMobile|Witness) | Karthik Rajan: High Financial Activity (Linked to 11 financial records)"
FIR-2026-00342,Highway Robbery,Vetri Layout Industrial Area,17-02-2026,PER-0085,PER-0172,61.84,Critical,7,"FIR FIR-2026-00342 — Highway Robbery at Vetri Layout Industrial Area on 17-02-2026. Highest-risk party in this case: Karthik Rajan (Person, flagged as CRITICAL risk, score 61.8). Other entities involved: Madhan Murugan (Person, flagged as CRITICAL risk, score 57.5); Arjun Pandian (Person, showing moderate risk indicators, score 27.0). The suspect is part of Gang-02, a cluster of 308 linked entities (with other known suspects). Anomaly flags: Madhan Murugan: Degree Spike (Degree 134.88666666666668 >> mean 11.0) | Madhan Murugan: Multi-Source Suspect (Suspect confirmed in sources: CDR|FIR|Financial|SocialMedia) | Karthik Rajan: Multi-Source Suspect (Suspect confirmed in sources: CDR|FIR|Financial|SocialMedia) | Karthik Rajan: Degree Spike (Degree 110.0 >> mean 11.0) | Karthik Rajan: Cross-Role Conflict (Same entity in roles: Associate|Callee|Caller|SocialMention|Suspect|TransactionMobile|Witness) | Karthik Rajan: High Financial Activity (Linked to 11 financial records) | Madhan Murugan: Cross-Role Conflict (Same entity in roles: Associate|Callee|Caller|SocialMention|Suspect|TransactionMobile|Witness)"
FIR-2026-00288,Shop Theft,Vennila Puram Shopping Complex,16-12-2025,PER-0277,PER-0318,61.84,Critical,8,"FIR FIR-2026-00288 — Shop Theft at Vennila Puram Shopping Complex on 16-12-2025. Highest-risk party in this case: Karthik Rajan (Person, flagged as CRITICAL risk, score 61.8). Other entities involved: Harish Anand (Person, showing moderate risk indicators, score 25.1); Madhan Palanisamy (Person, flagged as CRITICAL risk, score 60.0). The suspect is part of Gang-02, a cluster of 308 linked entities (with other known suspects). Anomaly flags: Madhan Palanisamy: Multi-Source Suspect (Suspect confirmed in sources: CDR|FIR|Financial|SocialMedia) | Karthik Rajan: Multi-Source Suspect (Suspect confirmed in sources: CDR|FIR|Financial|SocialMedia) | Madhan Palanisamy: High Financial Activity (Linked to 7 financial records) | Karthik Rajan: Degree Spike (Degree 110.0 >> mean 11.0) | Madhan Palanisamy: Degree Spike (Degree 78.73333333333335 >> mean 11.0) | Karthik Rajan: Cross-Role Conflict (Same entity in roles: Associate|Callee|Caller|SocialMention|Suspect|TransactionMobile|Witness) | Karthik Rajan: High Financial Activity (Linked to 11 financial records) | Madhan Palanisamy: Cross-Role Conflict (Same entity in roles: Associate|Callee|Caller|SocialMention|Suspect|TransactionMobile|Witness)"
FIR-2026-00370,Street Robbery,Mynthan Colony Main Street,23-03-2026,PER-0277,PER-0353,61.84,Critical,4,"FIR FIR-2026-00370 — Street Robbery at Mynthan Colony Main Street on 23-03-2026. Highest-risk party in this case: Karthik Rajan (Person, flagged as CRITICAL risk, score 61.8). Other entities involved: Divya Sekar (Person, flagged as high risk, score 33.9). The suspect is part of Gang-02, a cluster of 308 linked entities (with other known suspects). Anomaly flags: Karthik Rajan: Multi-Source Suspect (Suspect confirmed in sources: CDR|FIR|Financial|SocialMedia) | Karthik Rajan: Degree Spike (Degree 110.0 >> mean 11.0) | Karthik Rajan: Cross-Role Conflict (Same entity in roles: Associate|Callee|Caller|SocialMention|Suspect|TransactionMobile|Witness) | Karthik Rajan: High Financial Activity (Linked to 11 financial records)"
FIR-2026-00340,Gold Chain Snatching,Kadal Nagar Bus Stand Area,14-02-2026,PER-0085,PER-0343,61.84,Critical,7,"FIR FIR-2026-00340 — Gold Chain Snatching at Kadal Nagar Bus Stand Area on 14-02-2026. Highest-risk party in this case: Karthik Rajan (Person, flagged as CRITICAL risk, score 61.8). Other entities involved: Madhan Murugan (Person, flagged as CRITICAL risk, score 57.5); Malathi Murugan (Person, flagged as high risk, score 32.1). The suspect is part of Gang-02, a cluster of 308 linked entities (with other known suspects). Anomaly flags: Madhan Murugan: Degree Spike (Degree 134.88666666666668 >> mean 11.0) | Madhan Murugan: Multi-Source Suspect (Suspect confirmed in sources: CDR|FIR|Financial|SocialMedia) | Karthik Rajan: Multi-Source Suspect (Suspect confirmed in sources: CDR|FIR|Financial|SocialMedia) | Karthik Rajan: Degree Spike (Degree 110.0 >> mean 11.0) | Karthik Rajan: Cross-Role Conflict (Same entity in roles: Associate|Callee|Caller|SocialMention|Suspect|TransactionMobile|Witness) | Karthik Rajan: High Financial Activity (Linked to 11 financial records) | Madhan Murugan: Cross-Role Conflict (Same entity in roles: Associate|Callee|Caller|SocialMention|Suspect|TransactionMobile|Witness)"
FIR-2026-00319,Threatening Call,Nallur Garden Residential Colony,18-01-2026,PER-0019,PER-0187,60.04,Critical,4,"FIR FIR-2026-00319 — Threatening Call at Nallur Garden Residential Colony on 18-01-2026. Highest-risk party in this case: Madhan Palanisamy (Person, flagged as CRITICAL risk, score 60.0). Other entities involved: Tamilarasan Palanisamy (Person, flagged as high risk, score 29.7). The suspect is part of Gang-03, a cluster of 307 linked entities (with other known suspects). Anomaly flags: Madhan Palanisamy: Multi-Source Suspect (Suspect confirmed in sources: CDR|FIR|Financial|SocialMedia) | Madhan Palanisamy: High Financial Activity (Linked to 7 financial records) | Madhan Palanisamy: Degree Spike (Degree 78.73333333333335 >> mean 11.0) | Madhan Palanisamy: Cross-Role Conflict (Same entity in roles: Associate|Callee|Caller|SocialMention|Suspect|TransactionMobile|Witness)"
FIR-2026-00170,Property Theft,Mynthan Colony Main Street,22-08-2025,PER-0244,PER-0115,60.04,Critical,6,"FIR FIR-2026-00170 — Property Theft at Mynthan Colony Main Street on 22-08-2025. Highest-risk party in this case: Madhan Palanisamy (Person, flagged as CRITICAL risk, score 60.0). Other entities involved: Thirumal Velan (Person, flagged as high risk, score 35.6); Nithin Balan (Person, flagged as high risk, score 34.4). The suspect is part of Gang-02, a cluster of 308 linked entities (with other known suspects). Anomaly flags: Thirumal Velan: Multi-Source Suspect (Suspect confirmed in sources: CDR|FIR|Financial|SocialMedia) | Madhan Palanisamy: Multi-Source Suspect (Suspect confirmed in sources: CDR|FIR|Financial|SocialMedia) | Madhan Palanisamy: High Financial Activity (Linked to 7 financial records) | Nithin Balan: Degree Spike (Degree 76.77666666666667 >> mean 11.0) | Madhan Palanisamy: Degree Spike (Degree 78.73333333333335 >> mean 11.0) | Madhan Palanisamy: Cross-Role Conflict (Same entity in roles: Associate|Callee|Caller|SocialMention|Suspect|TransactionMobile|Witness)"
FIR-2026-00368,Chit Fund Fraud,Nallur Nagar Main Street,17-03-2026,PER-0356,PER-0001,60.04,Critical,6,"FIR FIR-2026-00368 — Chit Fund Fraud at Nallur Nagar Main Street on 17-03-2026. Highest-risk party in this case: Madhan Palanisamy (Person, flagged as CRITICAL risk, score 60.0). Other entities involved: Senthil Natarajan (Person, flagged as high risk, score 38.2); Lavanya Ammal (Person, flagged as CRITICAL risk, score 39.7). The suspect is part of Gang-03, a cluster of 307 linked entities (with other known suspects). Anomaly flags: Madhan Palanisamy: Multi-Source Suspect (Suspect confirmed in sources: CDR|FIR|Financial|SocialMedia) | Senthil Natarajan: Multi-Source Suspect (Suspect confirmed in sources: CDR|FIR|Financial|SocialMedia) | Lavanya Ammal: Degree Spike (Degree 119.95666666666666 >> mean 11.0) | Madhan Palanisamy: High Financial Activity (Linked to 7 financial records) | Madhan Palanisamy: Degree Spike (Degree 78.73333333333335 >> mean 11.0) | Madhan Palanisamy: Cross-Role Conflict (Same entity in roles: Associate|Callee|Caller|SocialMention|Suspect|TransactionMobile|Witness)"
FIR-2026-00008,Auto Theft,Kalai Layout Parking Area,15-01-2025,PER-0019,PER-0018,60.04,Critical,4,"FIR FIR-2026-00008 — Auto Theft at Kalai Layout Parking Area on 15-01-2025. Highest-risk party in this case: Madhan Palanisamy (Person, flagged as CRITICAL risk, score 60.0). Other entities involved: Hemanth Murugan (Person, flagged as high risk, score 28.2). The suspect is part of Gang-03, a cluster of 307 linked entities (with other known suspects). Anomaly flags: Madhan Palanisamy: Multi-Source Suspect (Suspect confirmed in sources: CDR|FIR|Financial|SocialMedia) | Madhan Palanisamy: High Financial Activity (Linked to 7 financial records) | Madhan Palanisamy: Degree Spike (Degree 78.73333333333335 >> mean 11.0) | Madhan Palanisamy: Cross-Role Conflict (Same entity in roles: Associate|Callee|Caller|SocialMention|Suspect|TransactionMobile|Witness)"
FIR-2026-00295,Loan Fraud,Roja Nagar Residential Colony,23-12-2025,PER-0206,PER-0323,60.04,Critical,6,"FIR FIR-2026-00295 — Loan Fraud at Roja Nagar Residential Colony on 23-12-2025. Highest-risk party in this case: Madhan Palanisamy (Person, flagged as CRITICAL risk, score 60.0). Other entities involved: Mathan Velan (Person, flagged as CRITICAL risk, score 46.4); Meena Murugan (Person, showing moderate risk indicators, score 24.5). The suspect is part of Gang-03, a cluster of 307 linked entities (with other known suspects). Anomaly flags: Mathan Velan: Multi-Source Suspect (Suspect confirmed in sources: CDR|FIR|Financial|SocialMedia) | Madhan Palanisamy: Multi-Source Suspect (Suspect confirmed in sources: CDR|FIR|Financial|SocialMedia) | Madhan Palanisamy: High Financial Activity (Linked to 7 financial records) | Mathan Velan: Degree Spike (Degree 105.24666666666667 >> mean 11.0) | Madhan Palanisamy: Degree Spike (Degree 78.73333333333335 >> mean 11.0) | Madhan Palanisamy: Cross-Role Conflict (Same entity in roles: Associate|Callee|Caller|SocialMention|Suspect|TransactionMobile|Witness)"
FIR-2026-00446,Extortion Call,Nallur Garden Residential Colony,19-06-2026,PER-0019,PER-0131,60.04,Critical,4,"FIR FIR-2026-00446 — Extortion Call at Nallur Garden Residential Colony on 19-06-2026. Highest-risk party in this case: Madhan Palanisamy (Person, flagged as CRITICAL risk, score 60.0). Other entities involved: Chithra Raj (Person, showing moderate risk indicators, score 27.0); Naveen Muthu (Person, showing moderate risk indicators, score 27.1). The suspect is part of Gang-03, a cluster of 307 linked entities (with other known suspects). Anomaly flags: Madhan Palanisamy: Multi-Source Suspect (Suspect confirmed in sources: CDR|FIR|Financial|SocialMedia) | Madhan Palanisamy: High Financial Activity (Linked to 7 financial records) | Madhan Palanisamy: Degree Spike (Degree 78.73333333333335 >> mean 11.0) | Madhan Palanisamy: Cross-Role Conflict (Same entity in roles: Associate|Callee|Caller|SocialMention|Suspect|TransactionMobile|Witness)"
FIR-2026-00481,UPI Fraud,Roja Park Main Street,18-08-2026,PER-0369,PER-0380,60.04,Critical,5,"FIR FIR-2026-00481 — UPI Fraud at Roja Park Main Street on 18-08-2026. Highest-risk party in this case: Madhan Palanisamy (Person, flagged as CRITICAL risk, score 60.0). Other entities involved: Hemanth Arumugam (Person, showing low risk indicators, score 20.7); Eswari Sri (Person, showing low risk indicators, score 12.4). The suspect is part of Gang-05, a cluster of 95 linked entities (with other known suspects). Anomaly flags: Madhan Palanisamy: Multi-Source Suspect (Suspect confirmed in sources: CDR|FIR|Financial|SocialMedia) | Hemanth Arumugam: Multi-Source Suspect (Suspect confirmed in sources: CDR|FIR|Financial|SocialMedia) | Madhan Palanisamy: High Financial Activity (Linked to 7 financial records) | Madhan Palanisamy: Degree Spike (Degree 78.73333333333335 >> mean 11.0) | Madhan Palanisamy: Cross-Role Conflict (Same entity in roles: Associate|Callee|Caller|SocialMention|Suspect|TransactionMobile|Witness)"
FIR-2026-00218,Phishing,Roja Nagar Residential Colony,05-10-2025,PER-0206,PER-0152,60.04,Critical,6,"FIR FIR-2026-00218 — Phishing at Roja Nagar Residential Colony on 05-10-2025. Highest-risk party in this case: Madhan Palanisamy (Person, flagged as CRITICAL risk, score 60.0). Other entities involved: Mathan Velan (Person, flagged as CRITICAL risk, score 46.4); Pavithra Bai (Person, flagged as high risk, score 29.2). The suspect is part of Gang-03, a cluster of 307 linked entities (with other known suspects). Anomaly flags: Mathan Velan: Multi-Source Suspect (Suspect confirmed in sources: CDR|FIR|Financial|SocialMedia) | Madhan Palanisamy: Multi-Source Suspect (Suspect confirmed in sources: CDR|FIR|Financial|SocialMedia) | Madhan Palanisamy: High Financial Activity (Linked to 7 financial records) | Mathan Velan: Degree Spike (Degree 105.24666666666667 >> mean 11.0) | Madhan Palanisamy: Degree Spike (Degree 78.73333333333335 >> mean 11.0) | Madhan Palanisamy: Cross-Role Conflict (Same entity in roles: Associate|Callee|Caller|SocialMention|Suspect|TransactionMobile|Witness)"
FIR-2026-00256,UPI Fraud,Mullai Colony Shopping Complex,07-11-2025,PER-0076,PER-0302,58.65,Critical,5,"FIR FIR-2026-00256 — UPI Fraud at Mullai Colony Shopping Complex on 07-11-2025. Highest-risk party in this case: Venkat Palanisamy (Person, flagged as CRITICAL risk, score 58.6). Other entities involved: Hariharan Babu (Person, flagged as CRITICAL risk, score 52.3); Buvaneswari Murugan (Person, flagged as high risk, score 27.5). The suspect is part of Gang-03, a cluster of 307 linked entities (with other known suspects). Anomaly flags: Venkat Palanisamy: Degree Spike (Degree 132.95000000000002 >> mean 11.0) | Hariharan Babu: Degree Spike (Degree 118.62 >> mean 11.0) | Hariharan Babu: Multi-Source Suspect (Suspect confirmed in sources: CDR|FIR|Financial|SocialMedia) | Venkat Palanisamy: Multi-Source Suspect (Suspect confirmed in sources: CDR|FIR|Financial|SocialMedia) | Venkat Palanisamy: High Financial Activity (Linked to 10 financial records)"
FIR-2026-00347,Mobile Theft,Nila Nagar Bus Stand Area,23-02-2026,PER-0347,PER-0180,58.65,Critical,5,"FIR FIR-2026-00347 — Mobile Theft at Nila Nagar Bus Stand Area on 23-02-2026. Highest-risk party in this case: Venkat Palanisamy (Person, flagged as CRITICAL risk, score 58.6). Other entities involved: Bharath Balan (Person, flagged as high risk, score 37.2); Sangeetha Sri (Person, flagged as CRITICAL risk, score 46.3). The suspect is part of Gang-03, a cluster of 307 linked entities (with other known suspects). Anomaly flags: Bharath Balan: Multi-Source Suspect (Suspect confirmed in sources: CDR|FIR|Financial|SocialMedia) | Venkat Palanisamy: Degree Spike (Degree 132.95000000000002 >> mean 11.0) | Venkat Palanisamy: Multi-Source Suspect (Suspect confirmed in sources: CDR|FIR|Financial|SocialMedia) | Sangeetha Sri: High Financial Activity (Linked to 8 financial records) | Venkat Palanisamy: High Financial Activity (Linked to 10 financial records)"
FIR-2026-00487,Property Theft,Iniyan Colony Apartment Complex,25-08-2026,PER-0183,PER-0332,58.65,Critical,6,"FIR FIR-2026-00487 — Property Theft at Iniyan Colony Apartment Complex on 25-08-2026. Highest-risk party in this case: Venkat Palanisamy (Person, flagged as CRITICAL risk, score 58.6). Other entities involved: Vasanthi Ammal (Person, flagged as high risk, score 28.4); Vasanth Gopal (Person, flagged as CRITICAL risk, score 55.4). The suspect is part of Gang-02, a cluster of 308 linked entities (with other known suspects). Anomaly flags: Vasanth Gopal: Multi-Source Suspect (Suspect confirmed in sources: CDR|FIR|Financial|SocialMedia) | Venkat Palanisamy: Degree Spike (Degree 132.95000000000002 >> mean 11.0) | Venkat Palanisamy: Multi-Source Suspect (Suspect confirmed in sources: CDR|FIR|Financial|SocialMedia) | Vasanth Gopal: High Financial Activity (Linked to 7 financial records) | Vasanth Gopal: Degree Spike (Degree 109.47333333333334 >> mean 11.0) | Venkat Palanisamy: High Financial Activity (Linked to 10 financial records)"
FIR-2026-00343,Motorcycle Theft,Vetri Layout Industrial Area,18-02-2026,,PER-0169,58.65,Critical,4,"FIR FIR-2026-00343 — Motorcycle Theft at Vetri Layout Industrial Area on 18-02-2026. Highest-risk party in this case: Venkat Palanisamy (Person, flagged as CRITICAL risk, score 58.6). Other entities involved: Anitha Raj (Person, flagged as CRITICAL risk, score 41.1). Anomaly flags: Venkat Palanisamy: Degree Spike (Degree 132.95000000000002 >> mean 11.0) | Venkat Palanisamy: Multi-Source Suspect (Suspect confirmed in sources: CDR|FIR|Financial|SocialMedia) | Anitha Raj: Degree Spike (Degree 84.14666666666665 >> mean 11.0) | Venkat Palanisamy: High Financial Activity (Linked to 10 financial records)"
FIR-2026-00209,UPI Fraud,Vennila Puram Shopping Complex,27-09-2025,PER-0183,PER-0273,58.65,Critical,3,"FIR FIR-2026-00209 — UPI Fraud at Vennila Puram Shopping Complex on 27-09-2025. Highest-risk party in this case: Venkat Palanisamy (Person, flagged as CRITICAL risk, score 58.6). Other entities involved: Lakshmi Raman (Person, showing moderate risk indicators, score 24.1). The suspect is part of Gang-02, a cluster of 308 linked entities (with other known suspects). Anomaly flags: Venkat Palanisamy: Degree Spike (Degree 132.95000000000002 >> mean 11.0) | Venkat Palanisamy: Multi-Source Suspect (Suspect confirmed in sources: CDR|FIR|Financial|SocialMedia) | Venkat Palanisamy: High Financial Activity (Linked to 10 financial records)"
FIR-2026-00179,Advance Payment Cheating,Mynthan Colony Main Street,27-08-2025,PER-0183,PER-0105,58.65,Critical,5,"FIR FIR-2026-00179 — Advance Payment Cheating at Mynthan Colony Main Street on 27-08-2025. Highest-risk party in this case: Venkat Palanisamy (Person, flagged as CRITICAL risk, score 58.6). Other entities involved: Yogesh Arumugam (Person, flagged as high risk, score 29.4); Prakash Muthu (Person, flagged as CRITICAL risk, score 39.6). The suspect is part of Gang-02, a cluster of 308 linked entities (with other known suspects). Anomaly flags: Prakash Muthu: Multi-Source Suspect (Suspect confirmed in sources: CDR|FIR|SocialMedia) | Venkat Palanisamy: Degree Spike (Degree 132.95000000000002 >> mean 11.0) | Venkat Palanisamy: Multi-Source Suspect (Suspect confirmed in sources: CDR|FIR|Financial|SocialMedia) | Venkat Palanisamy: High Financial Activity (Linked to 10 financial records) | Prakash Muthu: Cross-Role Conflict (Same entity in roles: Associate|Callee|Caller|SocialMention|Suspect|Witness)"
FIR-2026-00323,Shop Theft,Kadal Nagar Bus Stand Area,21-01-2026,PER-0085,PER-0335,58.65,Critical,6,"FIR FIR-2026-00323 — Shop Theft at Kadal Nagar Bus Stand Area on 21-01-2026. Highest-risk party in this case: Venkat Palanisamy (Person, flagged as CRITICAL risk, score 58.6). Other entities involved: Madhan Murugan (Person, flagged as CRITICAL risk, score 57.5); Jeeva Krishnan (Person, showing moderate risk indicators, score 23.6). The suspect is part of Gang-02, a cluster of 308 linked entities (with other known suspects). Anomaly flags: Venkat Palanisamy: Degree Spike (Degree 132.95000000000002 >> mean 11.0) | Madhan Murugan: Degree Spike (Degree 134.88666666666668 >> mean 11.0) | Venkat Palanisamy: Multi-Source Suspect (Suspect confirmed in sources: CDR|FIR|Financial|SocialMedia) | Madhan Murugan: Multi-Source Suspect (Suspect confirmed in sources: CDR|FIR|Financial|SocialMedia) | Venkat Palanisamy: High Financial Activity (Linked to 10 financial records) | Madhan Murugan: Cross-Role Conflict (Same entity in roles: Associate|Callee|Caller|SocialMention|Suspect|TransactionMobile|Witness)"
FIR-2026-00140,Online Shopping Fraud,Kalai Colony Apartment Complex,28-07-2025,PER-0183,PER-0094,58.65,Critical,5,"FIR FIR-2026-00140 — Online Shopping Fraud at Kalai Colony Apartment Complex on 28-07-2025. Highest-risk party in this case: Venkat Palanisamy (Person, flagged as CRITICAL risk, score 58.6). Other entities involved: Bharathi Ammal (Person, flagged as CRITICAL risk, score 48.8); Udhay Muthu (Person, showing moderate risk indicators, score 26.2). The suspect is part of Gang-02, a cluster of 308 linked entities (with other known suspects). Anomaly flags: Venkat Palanisamy: Degree Spike (Degree 132.95000000000002 >> mean 11.0) | Venkat Palanisamy: Multi-Source Suspect (Suspect confirmed in sources: CDR|FIR|Financial|SocialMedia) | Bharathi Ammal: Degree Spike (Degree 84.06000000000002 >> mean 11.0) | Bharathi Ammal: High Financial Activity (Linked to 7 financial records) | Venkat Palanisamy: High Financial Activity (Linked to 10 financial records)"
FIR-2026-00135,Online Shopping Fraud,Sindhu Colony College Road,24-07-2025,PER-0183,PER-0215,58.65,Critical,3,"FIR FIR-2026-00135 — Online Shopping Fraud at Sindhu Colony College Road on 24-07-2025. Highest-risk party in this case: Venkat Palanisamy (Person, flagged as CRITICAL risk, score 58.6). Other entities involved: Arjun Karuppasamy (Person, flagged as high risk, score 28.8); Udhay Muthu (Person, showing moderate risk indicators, score 26.2). The suspect is part of Gang-02, a cluster of 308 linked entities (with other known suspects). Anomaly flags: Venkat Palanisamy: Degree Spike (Degree 132.95000000000002 >> mean 11.0) | Venkat Palanisamy: Multi-Source Suspect (Suspect confirmed in sources: CDR|FIR|Financial|SocialMedia) | Venkat Palanisamy: High Financial Activity (Linked to 10 financial records)"
FIR-2026-00107,Loan Fraud,Mynthan Colony Main Street,18-06-2025,PER-0183,PER-0182,58.65,Critical,6,"FIR FIR-2026-00107 — Loan Fraud at Mynthan Colony Main Street on 18-06-2025. Highest-risk party in this case: Venkat Palanisamy (Person, flagged as CRITICAL risk, score 58.6). Other entities involved: Saravanan Sundaram (Person, flagged as high risk, score 32.6); Prakash Muthu (Person, flagged as CRITICAL risk, score 39.6). The suspect is part of Gang-02, a cluster of 308 linked entities (with other known suspects). Anomaly flags: Prakash Muthu: Multi-Source Suspect (Suspect confirmed in sources: CDR|FIR|SocialMedia) | Venkat Palanisamy: Degree Spike (Degree 132.95000000000002 >> mean 11.0) | Venkat Palanisamy: Multi-Source Suspect (Suspect confirmed in sources: CDR|FIR|Financial|SocialMedia) | Saravanan Sundaram: High Financial Activity (Linked to 8 financial records) | Venkat Palanisamy: High Financial Activity (Linked to 10 financial records) | Prakash Muthu: Cross-Role Conflict (Same entity in roles: Associate|Callee|Caller|SocialMention|Suspect|Witness)"
FIR-2026-00499,Missing Elderly Person,Mathi Layout Apartment Complex,09-09-2026,PER-0183,PER-0201,58.65,Critical,3,"FIR FIR-2026-00499 — Missing Elderly Person at Mathi Layout Apartment Complex on 09-09-2026. Highest-risk party in this case: Venkat Palanisamy (Person, flagged as CRITICAL risk, score 58.6). Other entities involved: Praveen Kumar (Person, showing moderate risk indicators, score 24.6). The suspect is part of Gang-02, a cluster of 308 linked entities (with other known suspects). Anomaly flags: Venkat Palanisamy: Degree Spike (Degree 132.95000000000002 >> mean 11.0) | Venkat Palanisamy: Multi-Source Suspect (Suspect confirmed in sources: CDR|FIR|Financial|SocialMedia) | Venkat Palanisamy: High Financial Activity (Linked to 10 financial records)"
FIR-2026-00381,Loan Fraud,Nallur Garden Residential Colony,08-04-2026,PER-0365,PER-0364,58.23,Critical,5,"FIR FIR-2026-00381 — Loan Fraud at Nallur Garden Residential Colony on 08-04-2026. Highest-risk party in this case: Karthik Shankar (Person, flagged as CRITICAL risk, score 58.2). Other entities involved: Janani Sekar (Person, showing moderate risk indicators, score 25.1); Harish Murugan (Person, flagged as CRITICAL risk, score 47.9). The suspect is part of Gang-04, a cluster of 278 linked entities (with other known suspects). Anomaly flags: Karthik Shankar: Multi-Source Suspect (Suspect confirmed in sources: CDR|FIR|Financial|SocialMedia) | Harish Murugan: Multi-Source Suspect (Suspect confirmed in sources: CDR|FIR|SocialMedia) | Karthik Shankar: Degree Spike (Degree 116.80333333333336 >> mean 11.0) | Karthik Shankar: High Financial Activity (Linked to 7 financial records) | Harish Murugan: Degree Spike (Degree 103.41666666666669 >> mean 11.0)"
FIR-2026-00385,UPI Fraud,Sindhu Garden Residential Colony,13-04-2026,PER-0365,PER-0204,58.23,Critical,4,"FIR FIR-2026-00385 — UPI Fraud at Sindhu Garden Residential Colony on 13-04-2026. Highest-risk party in this case: Karthik Shankar (Person, flagged as CRITICAL risk, score 58.2). Other entities involved: Keerthana Sri (Person, flagged as high risk, score 34.3). The suspect is part of Gang-04, a cluster of 278 linked entities (with other known suspects). Anomaly flags: Karthik Shankar: Multi-Source Suspect (Suspect confirmed in sources: CDR|FIR|Financial|SocialMedia) | Karthik Shankar: Degree Spike (Degree 116.80333333333336 >> mean 11.0) | Karthik Shankar: High Financial Activity (Linked to 7 financial records) | Keerthana Sri: High Financial Activity (Linked to 7 financial records)"
FIR-2026-00388,UPI Fraud,Iniyan Puram College Road,11-04-2026,PER-0365,PER-0269,58.23,Critical,3,"FIR FIR-2026-00388 — UPI Fraud at Iniyan Puram College Road on 11-04-2026. Highest-risk party in this case: Karthik Shankar (Person, flagged as CRITICAL risk, score 58.2). Other entities involved: Selvam Natarajan (Person, flagged as high risk, score 29.7). The suspect is part of Gang-04, a cluster of 278 linked entities (with other known suspects). Anomaly flags: Karthik Shankar: Multi-Source Suspect (Suspect confirmed in sources: CDR|FIR|Financial|SocialMedia) | Karthik Shankar: Degree Spike (Degree 116.80333333333336 >> mean 11.0) | Karthik Shankar: High Financial Activity (Linked to 7 financial records)"
FIR-2026-00417,Job Offer Cheating,Nallur Garden Residential Colony,13-05-2026,PER-0365,PER-0145,58.23,Critical,4,"FIR FIR-2026-00417 — Job Offer Cheating at Nallur Garden Residential Colony on 13-05-2026. Highest-risk party in this case: Karthik Shankar (Person, flagged as CRITICAL risk, score 58.2). Other entities involved: Tamilselvi Devi (Person, flagged as high risk, score 36.6). The suspect is part of Gang-04, a cluster of 278 linked entities (with other known suspects). Anomaly flags: Karthik Shankar: Multi-Source Suspect (Suspect confirmed in sources: CDR|FIR|Financial|SocialMedia) | Karthik Shankar: Degree Spike (Degree 116.80333333333336 >> mean 11.0) | Karthik Shankar: High Financial Activity (Linked to 7 financial records) | Tamilselvi Devi: Degree Spike (Degree 83.66000000000003 >> mean 11.0)"
FIR-2026-00453,UPI Fraud,Mullai Colony Shopping Complex,30-06-2026,PER-0365,PER-0353,58.23,Critical,3,"FIR FIR-2026-00453 — UPI Fraud at Mullai Colony Shopping Complex on 30-06-2026. Highest-risk party in this case: Karthik Shankar (Person, flagged as CRITICAL risk, score 58.2). Other entities involved: Divya Sekar (Person, flagged as high risk, score 33.9). The suspect is part of Gang-04, a cluster of 278 linked entities (with other known suspects). Anomaly flags: Karthik Shankar: Multi-Source Suspect (Suspect confirmed in sources: CDR|FIR|Financial|SocialMedia) | Karthik Shankar: Degree Spike (Degree 116.80333333333336 >> mean 11.0) | Karthik Shankar: High Financial Activity (Linked to 7 financial records)"
FIR-2026-00384,UPI Fraud,Anbu Garden Apartment Complex,12-04-2026,PER-0365,PER-0009,58.23,Critical,5,"FIR FIR-2026-00384 — UPI Fraud at Anbu Garden Apartment Complex on 12-04-2026. Highest-risk party in this case: Karthik Shankar (Person, flagged as CRITICAL risk, score 58.2). Other entities involved: Deviga Murugan (Person, flagged as high risk, score 30.3); Harish Murugan (Person, flagged as CRITICAL risk, score 47.9). The suspect is part of Gang-04, a cluster of 278 linked entities (with other known suspects). Anomaly flags: Karthik Shankar: Multi-Source Suspect (Suspect confirmed in sources: CDR|FIR|Financial|SocialMedia) | Harish Murugan: Multi-Source Suspect (Suspect confirmed in sources: CDR|FIR|SocialMedia) | Karthik Shankar: Degree Spike (Degree 116.80333333333336 >> mean 11.0) | Karthik Shankar: High Financial Activity (Linked to 7 financial records) | Harish Murugan: Degree Spike (Degree 103.41666666666669 >> mean 11.0)"
FIR-2026-00500,Loan Fraud,Sindhu Garden Residential Colony,12-09-2026,PER-0365,PER-0027,58.23,Critical,5,"FIR FIR-2026-00500 — Loan Fraud at Sindhu Garden Residential Colony on 12-09-2026. Highest-risk party in this case: Karthik Shankar (Person, flagged as CRITICAL risk, score 58.2). Other entities involved: Sanjay Raj (Person, flagged as CRITICAL risk, score 50.7). The suspect is part of Gang-04, a cluster of 278 linked entities (with other known suspects). Anomaly flags: Karthik Shankar: Multi-Source Suspect (Suspect confirmed in sources: CDR|FIR|Financial|SocialMedia) | Sanjay Raj: Degree Spike (Degree 156.79 >> mean 11.0) | Karthik Shankar: Degree Spike (Degree 116.80333333333336 >> mean 11.0) | Sanjay Raj: High Financial Activity (Linked to 7 financial records) | Karthik Shankar: High Financial Activity (Linked to 7 financial records)"
FIR-2026-00493,Loan Fraud,Sindhu Garden Residential Colony,29-08-2026,PER-0365,PER-0032,58.23,Critical,4,"FIR FIR-2026-00493 — Loan Fraud at Sindhu Garden Residential Colony on 29-08-2026. Highest-risk party in this case: Karthik Shankar (Person, flagged as CRITICAL risk, score 58.2). Other entities involved: Arun Prakash (Person, flagged as CRITICAL risk, score 42.3). The suspect is part of Gang-04, a cluster of 278 linked entities (with other known suspects). Anomaly flags: Karthik Shankar: Multi-Source Suspect (Suspect confirmed in sources: CDR|FIR|Financial|SocialMedia) | Arun Prakash: Degree Spike (Degree 126.51666666666668 >> mean 11.0) | Karthik Shankar: Degree Spike (Degree 116.80333333333336 >> mean 11.0) | Karthik Shankar: High Financial Activity (Linked to 7 financial records)"
FIR-2026-00486,UPI Fraud,Nallur Garden Residential Colony,22-08-2026,PER-0365,PER-0397,58.23,Critical,3,"FIR FIR-2026-00486 — UPI Fraud at Nallur Garden Residential Colony on 22-08-2026. Highest-risk party in this case: Karthik Shankar (Person, flagged as CRITICAL risk, score 58.2). Other entities involved: Buvaneswari Rani (Person, flagged as high risk, score 27.9). The suspect is part of Gang-04, a cluster of 278 linked entities (with other known suspects). Anomaly flags: Karthik Shankar: Multi-Source Suspect (Suspect confirmed in sources: CDR|FIR|Financial|SocialMedia) | Karthik Shankar: Degree Spike (Degree 116.80333333333336 >> mean 11.0) | Karthik Shankar: High Financial Activity (Linked to 7 financial records)"
FIR-2026-00335,Scooter Theft,Mullai Colony Shopping Complex,09-02-2026,PER-0085,PER-0013,57.47,Critical,4,"FIR FIR-2026-00335 — Scooter Theft at Mullai Colony Shopping Complex on 09-02-2026. Highest-risk party in this case: Madhan Murugan (Person, flagged as CRITICAL risk, score 57.5). Other entities involved: Ramya Bai (Person, flagged as high risk, score 38.0). The suspect is part of Gang-02, a cluster of 308 linked entities (with other known suspects). Anomaly flags: Madhan Murugan: Degree Spike (Degree 134.88666666666668 >> mean 11.0) | Madhan Murugan: Multi-Source Suspect (Suspect confirmed in sources: CDR|FIR|Financial|SocialMedia) | Ramya Bai: Degree Spike (Degree 85.71 >> mean 11.0) | Madhan Murugan: Cross-Role Conflict (Same entity in roles: Associate|Callee|Caller|SocialMention|Suspect|TransactionMobile|Witness)"
FIR-2026-00038,Physical Assault,Nila Garden Bus Stand Area,22-03-2025,PER-0084,PER-0083,57.47,Critical,5,"FIR FIR-2026-00038 — Physical Assault at Nila Garden Bus Stand Area on 22-03-2025. Highest-risk party in this case: Madhan Murugan (Person, flagged as CRITICAL risk, score 57.5). Other entities involved: Gokul Gopal (Person, flagged as high risk, score 37.4); Babu Selvam (Person, flagged as high risk, score 38.3). The suspect is part of Gang-04, a cluster of 278 linked entities (with other known suspects). Anomaly flags: Gokul Gopal: Multi-Source Suspect (Suspect confirmed in sources: CDR|FIR|Financial|SocialMedia) | Madhan Murugan: Degree Spike (Degree 134.88666666666668 >> mean 11.0) | Madhan Murugan: Multi-Source Suspect (Suspect confirmed in sources: CDR|FIR|Financial|SocialMedia) | Babu Selvam: Degree Spike (Degree 96.2 >> mean 11.0) | Madhan Murugan: Cross-Role Conflict (Same entity in roles: Associate|Callee|Caller|SocialMention|Suspect|TransactionMobile|Witness)"
FIR-2026-00291,Scooter Theft,Vetri Layout Industrial Area,21-12-2025,PER-0085,PER-0319,57.47,Critical,3,"FIR FIR-2026-00291 — Scooter Theft at Vetri Layout Industrial Area on 21-12-2025. Highest-risk party in this case: Madhan Murugan (Person, flagged as CRITICAL risk, score 57.5). Other entities involved: Babu Murugan (Person, showing moderate risk indicators, score 27.4). The suspect is part of Gang-02, a cluster of 308 linked entities (with other known suspects). Anomaly flags: Madhan Murugan: Degree Spike (Degree 134.88666666666668 >> mean 11.0) | Madhan Murugan: Multi-Source Suspect (Suspect confirmed in sources: CDR|FIR|Financial|SocialMedia) | Madhan Murugan: Cross-Role Conflict (Same entity in roles: Associate|Callee|Caller|SocialMention|Suspect|TransactionMobile|Witness)"
FIR-2026-00330,Highway Robbery,Arasu Garden ATM Area,03-02-2026,PER-0085,PER-0336,57.47,Critical,3,"FIR FIR-2026-00330 — Highway Robbery at Arasu Garden ATM Area on 03-02-2026. Highest-risk party in this case: Madhan Murugan (Person, flagged as CRITICAL risk, score 57.5). Other entities involved: Inban Palanisamy (Person, showing moderate risk indicators, score 23.4). The suspect is part of Gang-02, a cluster of 308 linked entities (with other known suspects). Anomaly flags: Madhan Murugan: Degree Spike (Degree 134.88666666666668 >> mean 11.0) | Madhan Murugan: Multi-Source Suspect (Suspect confirmed in sources: CDR|FIR|Financial|SocialMedia) | Madhan Murugan: Cross-Role Conflict (Same entity in roles: Associate|Callee|Caller|SocialMention|Suspect|TransactionMobile|Witness)"
FIR-2026-00296,Property Sale Cheating,Nallur Garden Residential Colony,22-12-2025,PER-0085,PER-0324,57.47,Critical,3,"FIR FIR-2026-00296 — Property Sale Cheating at Nallur Garden Residential Colony on 22-12-2025. Highest-risk party in this case: Madhan Murugan (Person, flagged as CRITICAL risk, score 57.5). Other entities involved: Malathi Devi (Person, showing moderate risk indicators, score 23.2); Siva Selvam (Person, showing moderate risk indicators, score 23.9). The suspect is part of Gang-02, a cluster of 308 linked entities (with other known suspects). Anomaly flags: Madhan Murugan: Degree Spike (Degree 134.88666666666668 >> mean 11.0) | Madhan Murugan: Multi-Source Suspect (Suspect confirmed in sources: CDR|FIR|Financial|SocialMedia) | Madhan Murugan: Cross-Role Conflict (Same entity in roles: Associate|Callee|Caller|SocialMention|Suspect|TransactionMobile|Witness)"
FIR-2026-00339,Scooter Theft,Mullai Colony Shopping Complex,14-02-2026,PER-0085,PER-0342,57.47,Critical,3,"FIR FIR-2026-00339 — Scooter Theft at Mullai Colony Shopping Complex on 14-02-2026. Highest-risk party in this case: Madhan Murugan (Person, flagged as CRITICAL risk, score 57.5). Other entities involved: Manoj Sekar (Person, showing moderate risk indicators, score 26.8); Siva Selvam (Person, showing moderate risk indicators, score 23.9). The suspect is part of Gang-02, a cluster of 308 linked entities (with other known suspects). Anomaly flags: Madhan Murugan: Degree Spike (Degree 134.88666666666668 >> mean 11.0) | Madhan Murugan: Multi-Source Suspect (Suspect confirmed in sources: CDR|FIR|Financial|SocialMedia) | Madhan Murugan: Cross-Role Conflict (Same entity in roles: Associate|Callee|Caller|SocialMention|Suspect|TransactionMobile|Witness)"
FIR-2026-00285,Auto Theft,Mullai Puram Parking Area,08-12-2025,PER-0005,PER-0281,56.67,Critical,2,"FIR FIR-2026-00285 — Auto Theft at Mullai Puram Parking Area on 08-12-2025. Highest-risk party in this case: Vignesh Subramani (Person, flagged as CRITICAL risk, score 56.7). Other entities involved: Ganesh Subramani (Person, flagged as high risk, score 27.9). The suspect is part of Gang-03, a cluster of 307 linked entities (with other known suspects). Anomaly flags: Vignesh Subramani: Degree Spike (Degree 113.49333333333333 >> mean 11.0) | Vignesh Subramani: Multi-Source Suspect (Suspect confirmed in sources: CDR|FIR|Financial|SocialMedia)"
FIR-2026-00282,House Burglary,Sindhu Garden Residential Colony,06-12-2025,PER-0005,PER-0083,56.67,Critical,5,"FIR FIR-2026-00282 — House Burglary at Sindhu Garden Residential Colony on 06-12-2025. Highest-risk party in this case: Vignesh Subramani (Person, flagged as CRITICAL risk, score 56.7). Other entities involved: Babu Selvam (Person, flagged as high risk, score 38.3); Gokul Sundaram (Person, flagged as CRITICAL risk, score 46.4). The suspect is part of Gang-03, a cluster of 307 linked entities (with other known suspects). Anomaly flags: Gokul Sundaram: Multi-Source Suspect (Suspect confirmed in sources: CDR|FIR|Financial|SocialMedia) | Vignesh Subramani: Degree Spike (Degree 113.49333333333333 >> mean 11.0) | Vignesh Subramani: Multi-Source Suspect (Suspect confirmed in sources: CDR|FIR|Financial|SocialMedia) | Gokul Sundaram: High Financial Activity (Linked to 7 financial records) | Babu Selvam: Degree Spike (Degree 96.2 >> mean 11.0)"
FIR-2026-00175,Account Takeover,Selvapuram Puram Main Street,26-08-2025,PER-0005,PER-0009,56.67,Critical,2,"FIR FIR-2026-00175 — Account Takeover at Selvapuram Puram Main Street on 26-08-2025. Highest-risk party in this case: Vignesh Subramani (Person, flagged as CRITICAL risk, score 56.7). Other entities involved: Deviga Murugan (Person, flagged as high risk, score 30.3). The suspect is part of Gang-03, a cluster of 307 linked entities (with other known suspects). Anomaly flags: Vignesh Subramani: Degree Spike (Degree 113.49333333333333 >> mean 11.0) | Vignesh Subramani: Multi-Source Suspect (Suspect confirmed in sources: CDR|FIR|Financial|SocialMedia)"
FIR-2026-00469,Car Theft,Alli Park Shopping Complex,21-07-2026,PER-0005,PER-0301,56.67,Critical,2,"FIR FIR-2026-00469 — Car Theft at Alli Park Shopping Complex on 21-07-2026. Highest-risk party in this case: Vignesh Subramani (Person, flagged as CRITICAL risk, score 56.7). Other entities involved: Venkat Pandian (Person, flagged as high risk, score 31.3). The suspect is part of Gang-03, a cluster of 307 linked entities (with other known suspects). Anomaly flags: Vignesh Subramani: Degree Spike (Degree 113.49333333333333 >> mean 11.0) | Vignesh Subramani: Multi-Source Suspect (Suspect confirmed in sources: CDR|FIR|Financial|SocialMedia)"
FIR-2026-00003,Mobile Theft,Amudham Garden Market Road,05-01-2025,PER-0005,PER-0004,56.67,Critical,2,"FIR FIR-2026-00003 — Mobile Theft at Amudham Garden Market Road on 05-01-2025. Highest-risk party in this case: Vignesh Subramani (Person, flagged as CRITICAL risk, score 56.7). Other entities involved: Thirumal Babu (Person, flagged as high risk, score 31.1). The suspect is part of Gang-03, a cluster of 307 linked entities (with other known suspects). Anomaly flags: Vignesh Subramani: Degree Spike (Degree 113.49333333333333 >> mean 11.0) | Vignesh Subramani: Multi-Source Suspect (Suspect confirmed in sources: CDR|FIR|Financial|SocialMedia)"
FIR-2026-00023,Investment Fraud,Ezhil Garden Shopping Complex,17-02-2025,PER-0005,PER-0042,56.67,Critical,3,"FIR FIR-2026-00023 — Investment Fraud at Ezhil Garden Shopping Complex on 17-02-2025. Highest-risk party in this case: Vignesh Subramani (Person, flagged as CRITICAL risk, score 56.7). Other entities involved: Rakesh Anand (Person, flagged as high risk, score 38.0). The suspect is part of Gang-03, a cluster of 307 linked entities (with other known suspects). Anomaly flags: Vignesh Subramani: Degree Spike (Degree 113.49333333333333 >> mean 11.0) | Vignesh Subramani: Multi-Source Suspect (Suspect confirmed in sources: CDR|FIR|Financial|SocialMedia) | Rakesh Anand: Degree Spike (Degree 94.70666666666666 >> mean 11.0)"
FIR-2026-00041,UPI Fraud,Roja Colony Residential Colony,27-03-2025,PER-0005,PER-0088,56.67,Critical,3,"FIR FIR-2026-00041 — UPI Fraud at Roja Colony Residential Colony on 27-03-2025. Highest-risk party in this case: Vignesh Subramani (Person, flagged as CRITICAL risk, score 56.7). Other entities involved: Naveen Natarajan (Person, flagged as high risk, score 29.5); Praveen Sekar (Person, flagged as high risk, score 38.4). The suspect is part of Gang-03, a cluster of 307 linked entities (with other known suspects). Anomaly flags: Praveen Sekar: Multi-Source Suspect (Suspect confirmed in sources: CDR|FIR|Financial|SocialMedia) | Vignesh Subramani: Degree Spike (Degree 113.49333333333333 >> mean 11.0) | Vignesh Subramani: Multi-Source Suspect (Suspect confirmed in sources: CDR|FIR|Financial|SocialMedia)"
FIR-2026-00244,Scooter Theft,Tamarai Garden Parking Area,27-10-2025,PER-0005,PER-0295,56.67,Critical,3,"FIR FIR-2026-00244 — Scooter Theft at Tamarai Garden Parking Area on 27-10-2025. Highest-risk party in this case: Vignesh Subramani (Person, flagged as CRITICAL risk, score 56.7). Other entities involved: Gopal Karuppasamy (Person, flagged as high risk, score 29.6); Kishore Babu (Person, flagged as CRITICAL risk, score 43.1). The suspect is part of Gang-03, a cluster of 307 linked entities (with other known suspects). Anomaly flags: Vignesh Subramani: Degree Spike (Degree 113.49333333333333 >> mean 11.0) | Vignesh Subramani: Multi-Source Suspect (Suspect confirmed in sources: CDR|FIR|Financial|SocialMedia) | Kishore Babu: Multi-Source Suspect (Suspect confirmed in sources: CDR|FIR|Financial|SocialMedia)"
FIR-2026-00009,Neighbour Harassment,Amudham Puram Apartment Complex,17-01-2025,PER-0005,PER-0020,56.67,Critical,2,"FIR FIR-2026-00009 — Neighbour Harassment at Amudham Puram Apartment Complex on 17-01-2025. Highest-risk party in this case: Vignesh Subramani (Person, flagged as CRITICAL risk, score 56.7). Other entities involved: Yogesh Raj (Person, flagged as high risk, score 29.7). The suspect is part of Gang-03, a cluster of 307 linked entities (with other known suspects). Anomaly flags: Vignesh Subramani: Degree Spike (Degree 113.49333333333333 >> mean 11.0) | Vignesh Subramani: Multi-Source Suspect (Suspect confirmed in sources: CDR|FIR|Financial|SocialMedia)"
FIR-2026-00063,Motorcycle Theft,Roja Layout Industrial Area,27-04-2025,PER-0022,PER-0027,55.66,Critical,7,"FIR FIR-2026-00063 — Motorcycle Theft at Roja Layout Industrial Area on 27-04-2025. Highest-risk party in this case: Ganesh Shankar (Person, flagged as CRITICAL risk, score 55.7). Other entities involved: Pandian Thangaraj (Person, flagged as CRITICAL risk, score 48.4); Sanjay Raj (Person, flagged as CRITICAL risk, score 50.7). The suspect is part of Gang-04, a cluster of 278 linked entities (with other known suspects). Anomaly flags: Pandian Thangaraj: Multi-Source Suspect (Suspect confirmed in sources: CDR|FIR|Financial|SocialMedia) | Ganesh Shankar: Multi-Source Suspect (Suspect confirmed in sources: CDR|FIR|Financial|SocialMedia) | Sanjay Raj: Degree Spike (Degree 156.79 >> mean 11.0) | Sanjay Raj: High Financial Activity (Linked to 7 financial records) | Pandian Thangaraj: Degree Spike (Degree 85.98666666666668 >> mean 11.0) | Ganesh Shankar: Degree Spike (Degree 106.44333333333334 >> mean 11.0) | Ganesh Shankar: Cross-Role Conflict (Same entity in roles: Associate|Callee|Caller|SocialMention|Suspect|TransactionMobile|Witness)"
FIR-2026-00411,Phishing,Selvapuram Puram Main Street,09-05-2026,PER-0067,PER-0376,55.66,Critical,6,"FIR FIR-2026-00411 — Phishing at Selvapuram Puram Main Street on 09-05-2026. Highest-risk party in this case: Ganesh Shankar (Person, flagged as CRITICAL risk, score 55.7). Other entities involved: Logesh Karuppasamy (Person, flagged as CRITICAL risk, score 52.7); Harish Pandian (Person, flagged as high risk, score 35.6). The suspect is part of Gang-04, a cluster of 278 linked entities (with other known suspects). Anomaly flags: Ganesh Shankar: Multi-Source Suspect (Suspect confirmed in sources: CDR|FIR|Financial|SocialMedia) | Logesh Karuppasamy: Multi-Source Suspect (Suspect confirmed in sources: CDR|FIR|Financial|SocialMedia) | Logesh Karuppasamy: Degree Spike (Degree 142.9466666666667 >> mean 11.0) | Harish Pandian: High Financial Activity (Linked to 7 financial records) | Ganesh Shankar: Degree Spike (Degree 106.44333333333334 >> mean 11.0) | Ganesh Shankar: Cross-Role Conflict (Same entity in roles: Associate|Callee|Caller|SocialMention|Suspect|TransactionMobile|Witness)"
FIR-2026-00390,Highway Robbery,Vetri Layout Industrial Area,17-04-2026,PER-0023,PER-0226,55.66,Critical,3,"FIR FIR-2026-00390 — Highway Robbery at Vetri Layout Industrial Area on 17-04-2026. Highest-risk party in this case: Ganesh Shankar (Person, flagged as CRITICAL risk, score 55.7). Other entities involved: Buvaneswari Sri (Person, flagged as high risk, score 29.9). The suspect is part of Gang-04, a cluster of 278 linked entities (with other known suspects). Anomaly flags: Ganesh Shankar: Multi-Source Suspect (Suspect confirmed in sources: CDR|FIR|Financial|SocialMedia) | Ganesh Shankar: Degree Spike (Degree 106.44333333333334 >> mean 11.0) | Ganesh Shankar: Cross-Role Conflict (Same entity in roles: Associate|Callee|Caller|SocialMention|Suspect|TransactionMobile|Witness)"
FIR-2026-00431,Phone Harassment,Ezhil Garden Shopping Complex,01-06-2026,PER-0023,PER-0101,55.66,Critical,4,"FIR FIR-2026-00431 — Phone Harassment at Ezhil Garden Shopping Complex on 01-06-2026. Highest-risk party in this case: Ganesh Shankar (Person, flagged as CRITICAL risk, score 55.7). Other entities involved: Abirami Sekar (Person, flagged as high risk, score 37.8). The suspect is part of Gang-04, a cluster of 278 linked entities (with other known suspects). Anomaly flags: Ganesh Shankar: Multi-Source Suspect (Suspect confirmed in sources: CDR|FIR|Financial|SocialMedia) | Ganesh Shankar: Degree Spike (Degree 106.44333333333334 >> mean 11.0) | Abirami Sekar: Degree Spike (Degree 87.70666666666666 >> mean 11.0) | Ganesh Shankar: Cross-Role Conflict (Same entity in roles: Associate|Callee|Caller|SocialMention|Suspect|TransactionMobile|Witness)"
FIR-2026-00444,Pickpocketing,Kurinji Puram Railway Station Road,19-06-2026,PER-0023,PER-0190,55.66,Critical,6,"FIR FIR-2026-00444 — Pickpocketing at Kurinji Puram Railway Station Road on 19-06-2026. Highest-risk party in this case: Ganesh Shankar (Person, flagged as CRITICAL risk, score 55.7). Other entities involved: Dharani Thangaraj (Person, flagged as high risk, score 29.7); Arun Babu (Person, flagged as CRITICAL risk, score 50.9). The suspect is part of Gang-04, a cluster of 278 linked entities (with other known suspects). Anomaly flags: Arun Babu: Multi-Source Suspect (Suspect confirmed in sources: CDR|FIR|Financial|SocialMedia) | Ganesh Shankar: Multi-Source Suspect (Suspect confirmed in sources: CDR|FIR|Financial|SocialMedia) | Ganesh Shankar: Degree Spike (Degree 106.44333333333334 >> mean 11.0) | Arun Babu: Degree Spike (Degree 93.03333333333333 >> mean 11.0) | Ganesh Shankar: Cross-Role Conflict (Same entity in roles: Associate|Callee|Caller|SocialMention|Suspect|TransactionMobile|Witness) | Arun Babu: Cross-Role Conflict (Same entity in roles: Associate|Callee|Caller|SocialMention|Suspect|TransactionMobile|Witness)"
FIR-2026-00010,Truck Theft,Mullai Puram Parking Area,21-01-2025,PER-0022,PER-0021,55.66,Critical,5,"FIR FIR-2026-00010 — Truck Theft at Mullai Puram Parking Area on 21-01-2025. Highest-risk party in this case: Ganesh Shankar (Person, flagged as CRITICAL risk, score 55.7). Other entities involved: Pandian Thangaraj (Person, flagged as CRITICAL risk, score 48.4); Vidhya Krishnan (Person, flagged as high risk, score 30.7). The suspect is part of Gang-04, a cluster of 278 linked entities (with other known suspects). Anomaly flags: Pandian Thangaraj: Multi-Source Suspect (Suspect confirmed in sources: CDR|FIR|Financial|SocialMedia) | Ganesh Shankar: Multi-Source Suspect (Suspect confirmed in sources: CDR|FIR|Financial|SocialMedia) | Pandian Thangaraj: Degree Spike (Degree 85.98666666666668 >> mean 11.0) | Ganesh Shankar: Degree Spike (Degree 106.44333333333334 >> mean 11.0) | Ganesh Shankar: Cross-Role Conflict (Same entity in roles: Associate|Callee|Caller|SocialMention|Suspect|TransactionMobile|Witness)"
FIR-2026-00460,Pickpocketing,Kurinji Puram Railway Station Road,07-07-2026,PER-0023,PER-0047,55.66,Critical,4,"FIR FIR-2026-00460 — Pickpocketing at Kurinji Puram Railway Station Road on 07-07-2026. Highest-risk party in this case: Ganesh Shankar (Person, flagged as CRITICAL risk, score 55.7). Other entities involved: Uma Raj (Person, flagged as high risk, score 37.9). The suspect is part of Gang-04, a cluster of 278 linked entities (with other known suspects). Anomaly flags: Ganesh Shankar: Multi-Source Suspect (Suspect confirmed in sources: CDR|FIR|Financial|SocialMedia) | Uma Raj: Degree Spike (Degree 96.31666666666666 >> mean 11.0) | Ganesh Shankar: Degree Spike (Degree 106.44333333333334 >> mean 11.0) | Ganesh Shankar: Cross-Role Conflict (Same entity in roles: Associate|Callee|Caller|SocialMention|Suspect|TransactionMobile|Witness)"
FIR-2026-00059,Property Theft,Mullai Puram Parking Area,18-04-2025,PER-0051,PER-0002,55.66,Critical,4,"FIR FIR-2026-00059 — Property Theft at Mullai Puram Parking Area on 18-04-2025. Highest-risk party in this case: Ganesh Shankar (Person, flagged as CRITICAL risk, score 55.7). Other entities involved: Mohan Kumar (Person, flagged as high risk, score 35.7); Inban Selvam (Person, flagged as high risk, score 29.3). The suspect is part of Gang-04, a cluster of 278 linked entities (with other known suspects). Anomaly flags: Mohan Kumar: Multi-Source Suspect (Suspect confirmed in sources: CDR|FIR|Financial|SocialMedia) | Ganesh Shankar: Multi-Source Suspect (Suspect confirmed in sources: CDR|FIR|Financial|SocialMedia) | Ganesh Shankar: Degree Spike (Degree 106.44333333333334 >> mean 11.0) | Ganesh Shankar: Cross-Role Conflict (Same entity in roles: Associate|Callee|Caller|SocialMention|Suspect|TransactionMobile|Witness)"
FIR-2026-00405,Phishing,Selvapuram Puram Main Street,01-05-2026,PER-0067,PER-0353,55.66,Critical,5,"FIR FIR-2026-00405 — Phishing at Selvapuram Puram Main Street on 01-05-2026. Highest-risk party in this case: Ganesh Shankar (Person, flagged as CRITICAL risk, score 55.7). Other entities involved: Logesh Karuppasamy (Person, flagged as CRITICAL risk, score 52.7); Divya Sekar (Person, flagged as high risk, score 33.9). The suspect is part of Gang-04, a cluster of 278 linked entities (with other known suspects). Anomaly flags: Ganesh Shankar: Multi-Source Suspect (Suspect confirmed in sources: CDR|FIR|Financial|SocialMedia) | Logesh Karuppasamy: Multi-Source Suspect (Suspect confirmed in sources: CDR|FIR|Financial|SocialMedia) | Logesh Karuppasamy: Degree Spike (Degree 142.9466666666667 >> mean 11.0) | Ganesh Shankar: Degree Spike (Degree 106.44333333333334 >> mean 11.0) | Ganesh Shankar: Cross-Role Conflict (Same entity in roles: Associate|Callee|Caller|SocialMention|Suspect|TransactionMobile|Witness)"
FIR-2026-00395,UPI Fraud,Selvapuram Puram Main Street,22-04-2026,PER-0184,PER-0125,55.66,Critical,6,"FIR FIR-2026-00395 — UPI Fraud at Selvapuram Puram Main Street on 22-04-2026. Highest-risk party in this case: Ganesh Shankar (Person, flagged as CRITICAL risk, score 55.7). Other entities involved: Prakash Muthu (Person, flagged as CRITICAL risk, score 39.6); Saranya Murugan (Person, flagged as high risk, score 36.4). The suspect is part of Gang-02, a cluster of 308 linked entities (with other known suspects). Anomaly flags: Prakash Muthu: Multi-Source Suspect (Suspect confirmed in sources: CDR|FIR|SocialMedia) | Ganesh Shankar: Multi-Source Suspect (Suspect confirmed in sources: CDR|FIR|Financial|SocialMedia) | Saranya Murugan: High Financial Activity (Linked to 10 financial records) | Ganesh Shankar: Degree Spike (Degree 106.44333333333334 >> mean 11.0) | Ganesh Shankar: Cross-Role Conflict (Same entity in roles: Associate|Callee|Caller|SocialMention|Suspect|TransactionMobile|Witness) | Prakash Muthu: Cross-Role Conflict (Same entity in roles: Associate|Callee|Caller|SocialMention|Suspect|Witness)"
FIR-2026-00377,Property Theft,Amudham Nagar Main Street,03-04-2026,PER-0023,PER-0307,55.66,Critical,4,"FIR FIR-2026-00377 — Property Theft at Amudham Nagar Main Street on 03-04-2026. Highest-risk party in this case: Ganesh Shankar (Person, flagged as CRITICAL risk, score 55.7). Other entities involved: Deviga Krishnan (Person, flagged as high risk, score 38.7). The suspect is part of Gang-04, a cluster of 278 linked entities (with other known suspects). Anomaly flags: Ganesh Shankar: Multi-Source Suspect (Suspect confirmed in sources: CDR|FIR|Financial|SocialMedia) | Deviga Krishnan: High Financial Activity (Linked to 8 financial records) | Ganesh Shankar: Degree Spike (Degree 106.44333333333334 >> mean 11.0) | Ganesh Shankar: Cross-Role Conflict (Same entity in roles: Associate|Callee|Caller|SocialMention|Suspect|TransactionMobile|Witness)"
FIR-2026-00407,Job Offer Cheating,Nallur Garden Residential Colony,30-04-2026,PER-0093,PER-0375,55.45,Critical,3,"FIR FIR-2026-00407 — Job Offer Cheating at Nallur Garden Residential Colony on 30-04-2026. Highest-risk party in this case: Vasanth Mani (Person, flagged as CRITICAL risk, score 55.5). Other entities involved: Inban Babu (Person, showing moderate risk indicators, score 27.3); Kavitha Sri (Person, showing moderate risk indicators, score 24.7). The suspect is part of Gang-04, a cluster of 278 linked entities (with other known suspects). Anomaly flags: Vasanth Mani: Multi-Source Suspect (Suspect confirmed in sources: CDR|FIR|Financial|SocialMedia) | Vasanth Mani: Degree Spike (Degree 100.83 >> mean 11.0) | Vasanth Mani: Cross-Role Conflict (Same entity in roles: Associate|Callee|Caller|SocialMention|Suspect|TransactionMobile|Witness)"
FIR-2026-00217,Property Damage,Poongodi Layout Residential Colony,04-10-2025,PER-0279,PER-0278,55.45,Critical,4,"FIR FIR-2026-00217 — Property Damage at Poongodi Layout Residential Colony on 04-10-2025. Highest-risk party in this case: Vasanth Mani (Person, flagged as CRITICAL risk, score 55.5). Other entities involved: Rakesh Muthu (Person, flagged as high risk, score 33.0); Lavanya Raj (Person, showing moderate risk indicators, score 25.7). The suspect is part of Gang-02, a cluster of 308 linked entities (with other known suspects). Anomaly flags: Vasanth Mani: Multi-Source Suspect (Suspect confirmed in sources: CDR|FIR|Financial|SocialMedia) | Rakesh Muthu: Multi-Source Suspect (Suspect confirmed in sources: CDR|FIR|Financial|SocialMedia) | Vasanth Mani: Degree Spike (Degree 100.83 >> mean 11.0) | Vasanth Mani: Cross-Role Conflict (Same entity in roles: Associate|Callee|Caller|SocialMention|Suspect|TransactionMobile|Witness)"
FIR-2026-00273,Mobile Theft,Vaigai Layout Market Road,02-12-2025,PER-0300,PER-0312,55.45,Critical,4,"FIR FIR-2026-00273 — Mobile Theft at Vaigai Layout Market Road on 02-12-2025. Highest-risk party in this case: Vasanth Mani (Person, flagged as CRITICAL risk, score 55.5). Other entities involved: Logesh Subramani (Person, flagged as high risk, score 38.1); Deepa Devi (Person, flagged as high risk, score 29.6). The suspect is part of Gang-04, a cluster of 278 linked entities (with other known suspects). Anomaly flags: Vasanth Mani: Multi-Source Suspect (Suspect confirmed in sources: CDR|FIR|Financial|SocialMedia) | Logesh Subramani: Multi-Source Suspect (Suspect confirmed in sources: CDR|FIR|Financial|SocialMedia) | Vasanth Mani: Degree Spike (Degree 100.83 >> mean 11.0) | Vasanth Mani: Cross-Role Conflict (Same entity in roles: Associate|Callee|Caller|SocialMention|Suspect|TransactionMobile|Witness)"
FIR-2026-00189,Illegal Occupation,Vaigai Layout Market Road,06-09-2025,PER-0259,PER-0025,55.45,Critical,5,"FIR FIR-2026-00189 — Illegal Occupation at Vaigai Layout Market Road on 06-09-2025. Highest-risk party in this case: Vasanth Mani (Person, flagged as CRITICAL risk, score 55.5). Other entities involved: Chithra Kannan (Person, flagged as CRITICAL risk, score 46.0); Bhuvana Bai (Person, flagged as high risk, score 27.9). The suspect is part of Gang-04, a cluster of 278 linked entities (with other known suspects). Anomaly flags: Chithra Kannan: Multi-Source Suspect (Suspect confirmed in sources: CDR|FIR|Financial|SocialMedia) | Vasanth Mani: Multi-Source Suspect (Suspect confirmed in sources: CDR|FIR|Financial|SocialMedia) | Vasanth Mani: Degree Spike (Degree 100.83 >> mean 11.0) | Chithra Kannan: Degree Spike (Degree 90.07333333333332 >> mean 11.0) | Vasanth Mani: Cross-Role Conflict (Same entity in roles: Associate|Callee|Caller|SocialMention|Suspect|TransactionMobile|Witness)"
FIR-2026-00194,Illegal Occupation,Vaigai Layout Market Road,04-09-2025,PER-0259,PER-0179,55.45,Critical,5,"FIR FIR-2026-00194 — Illegal Occupation at Vaigai Layout Market Road on 04-09-2025. Highest-risk party in this case: Vasanth Mani (Person, flagged as CRITICAL risk, score 55.5). Other entities involved: Chithra Kannan (Person, flagged as CRITICAL risk, score 46.0); Jagan Arumugam (Person, showing moderate risk indicators, score 26.1). The suspect is part of Gang-04, a cluster of 278 linked entities (with other known suspects). Anomaly flags: Chithra Kannan: Multi-Source Suspect (Suspect confirmed in sources: CDR|FIR|Financial|SocialMedia) | Vasanth Mani: Multi-Source Suspect (Suspect confirmed in sources: CDR|FIR|Financial|SocialMedia) | Vasanth Mani: Degree Spike (Degree 100.83 >> mean 11.0) | Chithra Kannan: Degree Spike (Degree 90.07333333333332 >> mean 11.0) | Vasanth Mani: Cross-Role Conflict (Same entity in roles: Associate|Callee|Caller|SocialMention|Suspect|TransactionMobile|Witness)"
FIR-2026-00303,Fake Certificate,Ponni Nagar College Road,23-12-2025,PER-0243,PER-0330,55.45,Critical,4,"FIR FIR-2026-00303 — Fake Certificate at Ponni Nagar College Road on 23-12-2025. Highest-risk party in this case: Vasanth Mani (Person, flagged as CRITICAL risk, score 55.5). Other entities involved: Bharath Selvam (Person, flagged as high risk, score 37.8); Indhu Sri (Person, flagged as high risk, score 28.7). The suspect is part of Gang-04, a cluster of 278 linked entities (with other known suspects). Anomaly flags: Vasanth Mani: Multi-Source Suspect (Suspect confirmed in sources: CDR|FIR|Financial|SocialMedia) | Bharath Selvam: Multi-Source Suspect (Suspect confirmed in sources: CDR|FIR|Financial|SocialMedia) | Vasanth Mani: Degree Spike (Degree 100.83 >> mean 11.0) | Vasanth Mani: Cross-Role Conflict (Same entity in roles: Associate|Callee|Caller|SocialMention|Suspect|TransactionMobile|Witness)"
FIR-2026-00081,Group Assault,Sindhu Garden Residential Colony,19-05-2025,PER-0113,PER-0153,55.45,Critical,5,"FIR FIR-2026-00081 — Group Assault at Sindhu Garden Residential Colony on 19-05-2025. Highest-risk party in this case: Vasanth Mani (Person, flagged as CRITICAL risk, score 55.5). Other entities involved: Jagan Raman (Person, flagged as CRITICAL risk, score 46.0); Sathish Kumar (Person, flagged as high risk, score 28.0). The suspect is part of Gang-04, a cluster of 278 linked entities (with other known suspects). Anomaly flags: Jagan Raman: Multi-Source Suspect (Suspect confirmed in sources: CDR|FIR|Financial|SocialMedia) | Vasanth Mani: Multi-Source Suspect (Suspect confirmed in sources: CDR|FIR|Financial|SocialMedia) | Vasanth Mani: Degree Spike (Degree 100.83 >> mean 11.0) | Jagan Raman: Degree Spike (Degree 90.04666666666668 >> mean 11.0) | Vasanth Mani: Cross-Role Conflict (Same entity in roles: Associate|Callee|Caller|SocialMention|Suspect|TransactionMobile|Witness)"
FIR-2026-00073,Suspected Narcotics Sale,Sindhu Garden Residential Colony,16-05-2025,PER-0100,PER-0144,55.45,Critical,6,"FIR FIR-2026-00073 — Suspected Narcotics Sale at Sindhu Garden Residential Colony on 16-05-2025. Highest-risk party in this case: Vasanth Mani (Person, flagged as CRITICAL risk, score 55.5). Other entities involved: Balaji Karuppasamy (Person, flagged as CRITICAL risk, score 45.7); Padmini Bai (Person, flagged as high risk, score 36.8). The suspect is part of Gang-04, a cluster of 278 linked entities (with other known suspects). Anomaly flags: Balaji Karuppasamy: Multi-Source Suspect (Suspect confirmed in sources: CDR|FIR|Financial|SocialMedia) | Vasanth Mani: Multi-Source Suspect (Suspect confirmed in sources: CDR|FIR|Financial|SocialMedia) | Vasanth Mani: Degree Spike (Degree 100.83 >> mean 11.0) | Balaji Karuppasamy: Degree Spike (Degree 81.56000000000002 >> mean 11.0) | Padmini Bai: Degree Spike (Degree 74.38333333333334 >> mean 11.0) | Vasanth Mani: Cross-Role Conflict (Same entity in roles: Associate|Callee|Caller|SocialMention|Suspect|TransactionMobile|Witness)"
FIR-2026-00305,Group Assault,Amudham Nagar Main Street,05-01-2026,PER-0331,PER-0027,55.45,Critical,7,"FIR FIR-2026-00305 — Group Assault at Amudham Nagar Main Street on 05-01-2026. Highest-risk party in this case: Vasanth Mani (Person, flagged as CRITICAL risk, score 55.5). Other entities involved: Sanjay Velan (Person, flagged as CRITICAL risk, score 45.0); Sanjay Raj (Person, flagged as CRITICAL risk, score 50.7). The suspect is part of Gang-04, a cluster of 278 linked entities (with other known suspects). Anomaly flags: Vasanth Mani: Multi-Source Suspect (Suspect confirmed in sources: CDR|FIR|Financial|SocialMedia) | Sanjay Velan: Multi-Source Suspect (Suspect confirmed in sources: CDR|FIR|Financial|SocialMedia) | Sanjay Raj: Degree Spike (Degree 156.79 >> mean 11.0) | Sanjay Raj: High Financial Activity (Linked to 7 financial records) | Sanjay Velan: High Financial Activity (Linked to 7 financial records) | Vasanth Mani: Degree Spike (Degree 100.83 >> mean 11.0) | Vasanth Mani: Cross-Role Conflict (Same entity in roles: Associate|Callee|Caller|SocialMention|Suspect|TransactionMobile|Witness)"
FIR-2026-00467,Chit Fund Fraud,Nallur Nagar Main Street,08-07-2026,PER-0093,PER-0392,55.45,Critical,3,"FIR FIR-2026-00467 — Chit Fund Fraud at Nallur Nagar Main Street on 08-07-2026. Highest-risk party in this case: Vasanth Mani (Person, flagged as CRITICAL risk, score 55.5). Other entities involved: Buvaneswari Devi (Person, showing moderate risk indicators, score 26.9). The suspect is part of Gang-04, a cluster of 278 linked entities (with other known suspects). Anomaly flags: Vasanth Mani: Multi-Source Suspect (Suspect confirmed in sources: CDR|FIR|Financial|SocialMedia) | Vasanth Mani: Degree Spike (Degree 100.83 >> mean 11.0) | Vasanth Mani: Cross-Role Conflict (Same entity in roles: Associate|Callee|Caller|SocialMention|Suspect|TransactionMobile|Witness)"
FIR-2026-00480,UPI Fraud,Mullai Colony Shopping Complex,13-08-2026,PER-0093,PER-0205,55.45,Critical,5,"FIR FIR-2026-00480 — UPI Fraud at Mullai Colony Shopping Complex on 13-08-2026. Highest-risk party in this case: Vasanth Mani (Person, flagged as CRITICAL risk, score 55.5). Other entities involved: Ajith Sekar (Person, flagged as high risk, score 28.5); Mathan Raman (Person, flagged as CRITICAL risk, score 47.1). The suspect is part of Gang-04, a cluster of 278 linked entities (with other known suspects). Anomaly flags: Vasanth Mani: Multi-Source Suspect (Suspect confirmed in sources: CDR|FIR|Financial|SocialMedia) | Mathan Raman: Multi-Source Suspect (Suspect confirmed in sources: CDR|FIR|Financial|SocialMedia) | Vasanth Mani: Degree Spike (Degree 100.83 >> mean 11.0) | Mathan Raman: Degree Spike (Degree 92.91999999999999 >> mean 11.0) | Vasanth Mani: Cross-Role Conflict (Same entity in roles: Associate|Callee|Caller|SocialMention|Suspect|TransactionMobile|Witness)"
FIR-2026-00337,Phishing,Iniyan Puram College Road,12-02-2026,,PER-0083,55.37,Critical,4,"FIR FIR-2026-00337 — Phishing at Iniyan Puram College Road on 12-02-2026. Highest-risk party in this case: Vasanth Gopal (Person, flagged as CRITICAL risk, score 55.4). Other entities involved: Babu Selvam (Person, flagged as high risk, score 38.3). Anomaly flags: Vasanth Gopal: Multi-Source Suspect (Suspect confirmed in sources: CDR|FIR|Financial|SocialMedia) | Vasanth Gopal: High Financial Activity (Linked to 7 financial records) | Babu Selvam: Degree Spike (Degree 96.2 >> mean 11.0) | Vasanth Gopal: Degree Spike (Degree 109.47333333333334 >> mean 11.0)"
FIR-2026-00095,Forged Document,Selvapuram Puram Main Street,05-06-2025,PER-0010,PER-0145,55.37,Critical,4,"FIR FIR-2026-00095 — Forged Document at Selvapuram Puram Main Street on 05-06-2025. Highest-risk party in this case: Vasanth Gopal (Person, flagged as CRITICAL risk, score 55.4). Other entities involved: Tamilselvi Devi (Person, flagged as high risk, score 36.6); Dinesh Balan (Person, flagged as high risk, score 29.0). The suspect is part of Gang-04, a cluster of 278 linked entities (with other known suspects). Anomaly flags: Vasanth Gopal: Multi-Source Suspect (Suspect confirmed in sources: CDR|FIR|Financial|SocialMedia) | Vasanth Gopal: High Financial Activity (Linked to 7 financial records) | Vasanth Gopal: Degree Spike (Degree 109.47333333333334 >> mean 11.0) | Tamilselvi Devi: Degree Spike (Degree 83.66000000000003 >> mean 11.0)"
FIR-2026-00304,Bank Transaction Fraud,Mullai Park Shopping Complex,03-01-2026,PER-0010,PER-0251,55.37,Critical,3,"FIR FIR-2026-00304 — Bank Transaction Fraud at Mullai Park Shopping Complex on 03-01-2026. Highest-risk party in this case: Vasanth Gopal (Person, flagged as CRITICAL risk, score 55.4). Other entities involved: Kishore Velan (Person, showing moderate risk indicators, score 25.2). The suspect is part of Gang-04, a cluster of 278 linked entities (with other known suspects). Anomaly flags: Vasanth Gopal: Multi-Source Suspect (Suspect confirmed in sources: CDR|FIR|Financial|SocialMedia) | Vasanth Gopal: High Financial Activity (Linked to 7 financial records) | Vasanth Gopal: Degree Spike (Degree 109.47333333333334 >> mean 11.0)"
FIR-2026-00057,Account Takeover,Sindhu Colony College Road,09-04-2025,PER-0010,PER-0101,55.37,Critical,4,"FIR FIR-2026-00057 — Account Takeover at Sindhu Colony College Road on 09-04-2025. Highest-risk party in this case: Vasanth Gopal (Person, flagged as CRITICAL risk, score 55.4). Other entities involved: Abirami Sekar (Person, flagged as high risk, score 37.8). The suspect is part of Gang-04, a cluster of 278 linked entities (with other known suspects). Anomaly flags: Vasanth Gopal: Multi-Source Suspect (Suspect confirmed in sources: CDR|FIR|Financial|SocialMedia) | Vasanth Gopal: High Financial Activity (Linked to 7 financial records) | Vasanth Gopal: Degree Spike (Degree 109.47333333333334 >> mean 11.0) | Abirami Sekar: Degree Spike (Degree 87.70666666666666 >> mean 11.0)"
FIR-2026-00005,Property Damage,Palar Park Industrial Area,09-01-2025,PER-0010,PER-0009,55.37,Critical,3,"FIR FIR-2026-00005 — Property Damage at Palar Park Industrial Area on 09-01-2025. Highest-risk party in this case: Vasanth Gopal (Person, flagged as CRITICAL risk, score 55.4). Other entities involved: Deviga Murugan (Person, flagged as high risk, score 30.3). The suspect is part of Gang-04, a cluster of 278 linked entities (with other known suspects). Anomaly flags: Vasanth Gopal: Multi-Source Suspect (Suspect confirmed in sources: CDR|FIR|Financial|SocialMedia) | Vasanth Gopal: High Financial Activity (Linked to 7 financial records) | Vasanth Gopal: Degree Spike (Degree 109.47333333333334 >> mean 11.0)"
FIR-2026-00488,UPI Fraud,Mullai Park Shopping Complex,26-08-2026,PER-0010,PER-0140,55.37,Critical,3,"FIR FIR-2026-00488 — UPI Fraud at Mullai Park Shopping Complex on 26-08-2026. Highest-risk party in this case: Vasanth Gopal (Person, flagged as CRITICAL risk, score 55.4). Other entities involved: Sangeetha Bai (Person, flagged as high risk, score 29.5). The suspect is part of Gang-04, a cluster of 278 linked entities (with other known suspects). Anomaly flags: Vasanth Gopal: Multi-Source Suspect (Suspect confirmed in sources: CDR|FIR|Financial|SocialMedia) | Vasanth Gopal: High Financial Activity (Linked to 7 financial records) | Vasanth Gopal: Degree Spike (Degree 109.47333333333334 >> mean 11.0)"
FIR-2026-00258,Phishing,Anbu Park Main Street,12-11-2025,PER-0010,PER-0283,55.37,Critical,3,"FIR FIR-2026-00258 — Phishing at Anbu Park Main Street on 12-11-2025. Highest-risk party in this case: Vasanth Gopal (Person, flagged as CRITICAL risk, score 55.4). Other entities involved: Nandhini Selvi (Person, showing moderate risk indicators, score 25.3); Sanjay Mani (Person, flagged as high risk, score 27.7). The suspect is part of Gang-04, a cluster of 278 linked entities (with other known suspects). Anomaly flags: Vasanth Gopal: Multi-Source Suspect (Suspect confirmed in sources: CDR|FIR|Financial|SocialMedia) | Vasanth Gopal: High Financial Activity (Linked to 7 financial records) | Vasanth Gopal: Degree Spike (Degree 109.47333333333334 >> mean 11.0)"
FIR-2026-00158,Motorcycle Theft,Palar Park Industrial Area,12-08-2025,PER-0010,PER-0236,55.37,Critical,5,"FIR FIR-2026-00158 — Motorcycle Theft at Palar Park Industrial Area on 12-08-2025. Highest-risk party in this case: Vasanth Gopal (Person, flagged as CRITICAL risk, score 55.4). Other entities involved: Durga Sekar (Person, showing moderate risk indicators, score 25.3); Karthik Velan (Person, flagged as CRITICAL risk, score 46.5). The suspect is part of Gang-04, a cluster of 278 linked entities (with other known suspects). Anomaly flags: Karthik Velan: Multi-Source Suspect (Suspect confirmed in sources: CDR|FIR|Financial|SocialMedia) | Vasanth Gopal: Multi-Source Suspect (Suspect confirmed in sources: CDR|FIR|Financial|SocialMedia) | Vasanth Gopal: High Financial Activity (Linked to 7 financial records) | Vasanth Gopal: Degree Spike (Degree 109.47333333333334 >> mean 11.0) | Karthik Velan: Degree Spike (Degree 85.01333333333335 >> mean 11.0)"
FIR-2026-00357,House Burglary,Alli Colony College Road,14-03-2026,PER-0010,PER-0263,55.37,Critical,4,"FIR FIR-2026-00357 — House Burglary at Alli Colony College Road on 14-03-2026. Highest-risk party in this case: Vasanth Gopal (Person, flagged as CRITICAL risk, score 55.4). Other entities involved: Naveen Mani (Person, flagged as high risk, score 29.0); Sathish Subramani (Person, flagged as high risk, score 36.8). The suspect is part of Gang-04, a cluster of 278 linked entities (with other known suspects). Anomaly flags: Vasanth Gopal: Multi-Source Suspect (Suspect confirmed in sources: CDR|FIR|Financial|SocialMedia) | Sathish Subramani: Multi-Source Suspect (Suspect confirmed in sources: CDR|FIR|Financial|SocialMedia) | Vasanth Gopal: High Financial Activity (Linked to 7 financial records) | Vasanth Gopal: Degree Spike (Degree 109.47333333333334 >> mean 11.0)"
FIR-2026-00406,Fake Certificate,Roja Park Main Street,03-05-2026,PER-0015,PER-0020,54.93,Critical,5,"FIR FIR-2026-00406 — Fake Certificate at Roja Park Main Street on 03-05-2026. Highest-risk party in this case: Dinesh Subramani (Person, flagged as CRITICAL risk, score 54.9). Other entities involved: Yogesh Raj (Person, flagged as high risk, score 29.7); Harish Murugan (Person, flagged as CRITICAL risk, score 47.9). The suspect is part of Gang-04, a cluster of 278 linked entities (with other known suspects). Anomaly flags: Dinesh Subramani: Multi-Source Suspect (Suspect confirmed in sources: CDR|FIR|Financial|SocialMedia) | Harish Murugan: Multi-Source Suspect (Suspect confirmed in sources: CDR|FIR|SocialMedia) | Harish Murugan: Degree Spike (Degree 103.41666666666669 >> mean 11.0) | Dinesh Subramani: Degree Spike (Degree 101.57000000000001 >> mean 11.0) | Dinesh Subramani: Cross-Role Conflict (Same entity in roles: Associate|Callee|Caller|SocialMention|Suspect|TransactionMobile|Witness)"
FIR-2026-00465,Property Sale Cheating,Anbu Garden Apartment Complex,02-07-2026,PER-0015,PER-0390,54.93,Critical,3,"FIR FIR-2026-00465 — Property Sale Cheating at Anbu Garden Apartment Complex on 02-07-2026. Highest-risk party in this case: Dinesh Subramani (Person, flagged as CRITICAL risk, score 54.9). Other entities involved: Vidhya Sri (Person, flagged as high risk, score 27.7); Mohan Velan (Person, showing moderate risk indicators, score 23.8). The suspect is part of Gang-04, a cluster of 278 linked entities (with other known suspects). Anomaly flags: Dinesh Subramani: Multi-Source Suspect (Suspect confirmed in sources: CDR|FIR|Financial|SocialMedia) | Dinesh Subramani: Degree Spike (Degree 101.57000000000001 >> mean 11.0) | Dinesh Subramani: Cross-Role Conflict (Same entity in roles: Associate|Callee|Caller|SocialMention|Suspect|TransactionMobile|Witness)"
FIR-2026-00007,Job Offer Cheating,Mullai Park Shopping Complex,10-01-2025,PER-0015,PER-0014,54.93,Critical,4,"FIR FIR-2026-00007 — Job Offer Cheating at Mullai Park Shopping Complex on 10-01-2025. Highest-risk party in this case: Dinesh Subramani (Person, flagged as CRITICAL risk, score 54.9). Other entities involved: Ajith Velan (Person, flagged as high risk, score 32.5); Sanjay Mani (Person, flagged as high risk, score 27.7). The suspect is part of Gang-04, a cluster of 278 linked entities (with other known suspects). Anomaly flags: Dinesh Subramani: Multi-Source Suspect (Suspect confirmed in sources: CDR|FIR|Financial|SocialMedia) | Ajith Velan: High Financial Activity (Linked to 7 financial records) | Dinesh Subramani: Degree Spike (Degree 101.57000000000001 >> mean 11.0) | Dinesh Subramani: Cross-Role Conflict (Same entity in roles: Associate|Callee|Caller|SocialMention|Suspect|TransactionMobile|Witness)"
FIR-2026-00104,Suspected Narcotics Sale,Nila Puram Main Street,17-06-2025,PER-0181,PER-0180,54.93,Critical,5,"FIR FIR-2026-00104 — Suspected Narcotics Sale at Nila Puram Main Street on 17-06-2025. Highest-risk party in this case: Dinesh Subramani (Person, flagged as CRITICAL risk, score 54.9). Other entities involved: Abirami Raj (Person, flagged as high risk, score 38.2); Sangeetha Sri (Person, flagged as CRITICAL risk, score 46.3). The suspect is part of Gang-03, a cluster of 307 linked entities (with other known suspects). Anomaly flags: Abirami Raj: Multi-Source Suspect (Suspect confirmed in sources: CDR|FIR|Financial|SocialMedia) | Dinesh Subramani: Multi-Source Suspect (Suspect confirmed in sources: CDR|FIR|Financial|SocialMedia) | Dinesh Subramani: Degree Spike (Degree 101.57000000000001 >> mean 11.0) | Sangeetha Sri: High Financial Activity (Linked to 8 financial records) | Dinesh Subramani: Cross-Role Conflict (Same entity in roles: Associate|Callee|Caller|SocialMention|Suspect|TransactionMobile|Witness)"
FIR-2026-00269,Phishing,Roja Colony Residential Colony,20-11-2025,PER-0015,PER-0001,54.93,Critical,4,"FIR FIR-2026-00269 — Phishing at Roja Colony Residential Colony on 20-11-2025. Highest-risk party in this case: Dinesh Subramani (Person, flagged as CRITICAL risk, score 54.9). Other entities involved: Lavanya Ammal (Person, flagged as CRITICAL risk, score 39.7). The suspect is part of Gang-04, a cluster of 278 linked entities (with other known suspects). Anomaly flags: Dinesh Subramani: Multi-Source Suspect (Suspect confirmed in sources: CDR|FIR|Financial|SocialMedia) | Lavanya Ammal: Degree Spike (Degree 119.95666666666666 >> mean 11.0) | Dinesh Subramani: Degree Spike (Degree 101.57000000000001 >> mean 11.0) | Dinesh Subramani: Cross-Role Conflict (Same entity in roles: Associate|Callee|Caller|SocialMention|Suspect|TransactionMobile|Witness)"
FIR-2026-00247,Street Altercation,Thendral Nagar ATM Area,29-10-2025,PER-0015,PER-0223,54.93,Critical,5,"FIR FIR-2026-00247 — Street Altercation at Thendral Nagar ATM Area on 29-10-2025. Highest-risk party in this case: Dinesh Subramani (Person, flagged as CRITICAL risk, score 54.9). Other entities involved: Gunasekar Murugan (Person, flagged as CRITICAL risk, score 45.6). The suspect is part of Gang-04, a cluster of 278 linked entities (with other known suspects). Anomaly flags: Dinesh Subramani: Multi-Source Suspect (Suspect confirmed in sources: CDR|FIR|Financial|SocialMedia) | Gunasekar Murugan: High Financial Activity (Linked to 8 financial records) | Dinesh Subramani: Degree Spike (Degree 101.57000000000001 >> mean 11.0) | Gunasekar Murugan: Degree Spike (Degree 77.31333333333333 >> mean 11.0) | Dinesh Subramani: Cross-Role Conflict (Same entity in roles: Associate|Callee|Caller|SocialMention|Suspect|TransactionMobile|Witness)"
FIR-2026-00483,Loan Fraud,Sindhu Garden Residential Colony,20-08-2026,PER-0015,PER-0083,54.93,Critical,4,"FIR FIR-2026-00483 — Loan Fraud at Sindhu Garden Residential Colony on 20-08-2026. Highest-risk party in this case: Dinesh Subramani (Person, flagged as CRITICAL risk, score 54.9). Other entities involved: Babu Selvam (Person, flagged as high risk, score 38.3). The suspect is part of Gang-04, a cluster of 278 linked entities (with other known suspects). Anomaly flags: Dinesh Subramani: Multi-Source Suspect (Suspect confirmed in sources: CDR|FIR|Financial|SocialMedia) | Dinesh Subramani: Degree Spike (Degree 101.57000000000001 >> mean 11.0) | Babu Selvam: Degree Spike (Degree 96.2 >> mean 11.0) | Dinesh Subramani: Cross-Role Conflict (Same entity in roles: Associate|Callee|Caller|SocialMention|Suspect|TransactionMobile|Witness)"
FIR-2026-00188,Two-Wheeler Chain Snatching,Anbu Colony Highway Junction,06-09-2025,PER-0080,PER-0257,54.61,Critical,5,"FIR FIR-2026-00188 — Two-Wheeler Chain Snatching at Anbu Colony Highway Junction on 06-09-2025. Highest-risk party in this case: Anand Palanisamy (Person, flagged as CRITICAL risk, score 54.6). Other entities involved: Nandha Karuppasamy (Person, flagged as CRITICAL risk, score 48.8); Geetha Kumari (Person, flagged as high risk, score 31.1). The suspect is part of Gang-04, a cluster of 278 linked entities (with other known suspects). Anomaly flags: Anand Palanisamy: Multi-Source Suspect (Suspect confirmed in sources: CDR|FIR|Financial|SocialMedia) | Nandha Karuppasamy: Multi-Source Suspect (Suspect confirmed in sources: CDR|FIR|SocialMedia) | Anand Palanisamy: High Financial Activity (Linked to 8 financial records) | Anand Palanisamy: Degree Spike (Degree 83.88 >> mean 11.0) | Nandha Karuppasamy: Degree Spike (Degree 104.20333333333333 >> mean 11.0)"
FIR-2026-00434,Forged Document,Vaigai Layout Market Road,08-06-2026,PER-0258,PER-0174,54.61,Critical,3,"FIR FIR-2026-00434 — Forged Document at Vaigai Layout Market Road on 08-06-2026. Highest-risk party in this case: Anand Palanisamy (Person, flagged as CRITICAL risk, score 54.6). Other entities involved: Vasanth Raman (Person, flagged as high risk, score 29.5). The suspect is part of Gang-03, a cluster of 307 linked entities (with other known suspects). Anomaly flags: Anand Palanisamy: Multi-Source Suspect (Suspect confirmed in sources: CDR|FIR|Financial|SocialMedia) | Anand Palanisamy: High Financial Activity (Linked to 8 financial records) | Anand Palanisamy: Degree Spike (Degree 83.88 >> mean 11.0)"
FIR-2026-00445,Shop Burglary,Sevvanthi Park Shopping Complex,19-06-2026,PER-0258,PER-0032,54.61,Critical,4,"FIR FIR-2026-00445 — Shop Burglary at Sevvanthi Park Shopping Complex on 19-06-2026. Highest-risk party in this case: Anand Palanisamy (Person, flagged as CRITICAL risk, score 54.6). Other entities involved: Arun Prakash (Person, flagged as CRITICAL risk, score 42.3); Dinesh Balan (Person, flagged as high risk, score 29.0). The suspect is part of Gang-03, a cluster of 307 linked entities (with other known suspects). Anomaly flags: Anand Palanisamy: Multi-Source Suspect (Suspect confirmed in sources: CDR|FIR|Financial|SocialMedia) | Arun Prakash: Degree Spike (Degree 126.51666666666668 >> mean 11.0) | Anand Palanisamy: High Financial Activity (Linked to 8 financial records) | Anand Palanisamy: Degree Spike (Degree 83.88 >> mean 11.0)"
FIR-2026-00476,Illegal Occupation,Vaigai Layout Market Road,28-07-2026,PER-0258,PER-0054,54.61,Critical,3,"FIR FIR-2026-00476 — Illegal Occupation at Vaigai Layout Market Road on 28-07-2026. Highest-risk party in this case: Anand Palanisamy (Person, flagged as CRITICAL risk, score 54.6). Other entities involved: Vasanth Chandran (Person, flagged as high risk, score 28.9). The suspect is part of Gang-03, a cluster of 307 linked entities (with other known suspects). Anomaly flags: Anand Palanisamy: Multi-Source Suspect (Suspect confirmed in sources: CDR|FIR|Financial|SocialMedia) | Anand Palanisamy: High Financial Activity (Linked to 8 financial records) | Anand Palanisamy: Degree Spike (Degree 83.88 >> mean 11.0)"
FIR-2026-00466,Shop Theft,Vaigai Layout Market Road,18-07-2026,PER-0258,PER-0202,54.61,Critical,3,"FIR FIR-2026-00466 — Shop Theft at Vaigai Layout Market Road on 18-07-2026. Highest-risk party in this case: Anand Palanisamy (Person, flagged as CRITICAL risk, score 54.6). Other entities involved: Saravanan Palanisamy (Person, showing moderate risk indicators, score 26.4); Dinesh Balan (Person, flagged as high risk, score 29.0). The suspect is part of Gang-03, a cluster of 307 linked entities (with other known suspects). Anomaly flags: Anand Palanisamy: Multi-Source Suspect (Suspect confirmed in sources: CDR|FIR|Financial|SocialMedia) | Anand Palanisamy: High Financial Activity (Linked to 8 financial records) | Anand Palanisamy: Degree Spike (Degree 83.88 >> mean 11.0)"
FIR-2026-00439,Property Damage,Poongodi Layout Residential Colony,16-06-2026,PER-0258,PER-0274,54.61,Critical,3,"FIR FIR-2026-00439 — Property Damage at Poongodi Layout Residential Colony on 16-06-2026. Highest-risk party in this case: Anand Palanisamy (Person, flagged as CRITICAL risk, score 54.6). Other entities involved: Tamilarasan Karuppasamy (Person, flagged as high risk, score 29.5); Dinesh Balan (Person, flagged as high risk, score 29.0). The suspect is part of Gang-03, a cluster of 307 linked entities (with other known suspects). Anomaly flags: Anand Palanisamy: Multi-Source Suspect (Suspect confirmed in sources: CDR|FIR|Financial|SocialMedia) | Anand Palanisamy: High Financial Activity (Linked to 8 financial records) | Anand Palanisamy: Degree Spike (Degree 83.88 >> mean 11.0)"
FIR-2026-00442,UPI Fraud,Sindhu Colony College Road,17-06-2026,PER-0379,PER-0027,54.02,Critical,6,"FIR FIR-2026-00442 — UPI Fraud at Sindhu Colony College Road on 17-06-2026. Highest-risk party in this case: Murugan Sundaram (Person, flagged as CRITICAL risk, score 54.0). Other entities involved: Gopal Mani (Person, flagged as high risk, score 38.1); Sanjay Raj (Person, flagged as CRITICAL risk, score 50.7). The suspect is part of Gang-04, a cluster of 278 linked entities (with other known suspects). Anomaly flags: Murugan Sundaram: Multi-Source Suspect (Suspect confirmed in sources: CDR|FIR|Financial|SocialMedia) | Gopal Mani: Multi-Source Suspect (Suspect confirmed in sources: CDR|FIR|Financial|SocialMedia) | Sanjay Raj: Degree Spike (Degree 156.79 >> mean 11.0) | Sanjay Raj: High Financial Activity (Linked to 7 financial records) | Murugan Sundaram: Degree Spike (Degree 96.96000000000001 >> mean 11.0) | Murugan Sundaram: Cross-Role Conflict (Same entity in roles: Associate|Callee|Caller|SocialMention|Suspect|TransactionMobile|Witness)"
FIR-2026-00310,Bank Transaction Fraud,Selvapuram Puram Main Street,09-01-2026,PER-0067,PER-0208,54.02,Critical,5,"FIR FIR-2026-00310 — Bank Transaction Fraud at Selvapuram Puram Main Street on 09-01-2026. Highest-risk party in this case: Murugan Sundaram (Person, flagged as CRITICAL risk, score 54.0). Other entities involved: Logesh Karuppasamy (Person, flagged as CRITICAL risk, score 52.7); Arun Thangaraj (Person, flagged as high risk, score 29.3). The suspect is part of Gang-04, a cluster of 278 linked entities (with other known suspects). Anomaly flags: Murugan Sundaram: Multi-Source Suspect (Suspect confirmed in sources: CDR|FIR|Financial|SocialMedia) | Logesh Karuppasamy: Multi-Source Suspect (Suspect confirmed in sources: CDR|FIR|Financial|SocialMedia) | Logesh Karuppasamy: Degree Spike (Degree 142.9466666666667 >> mean 11.0) | Murugan Sundaram: Degree Spike (Degree 96.96000000000001 >> mean 11.0) | Murugan Sundaram: Cross-Role Conflict (Same entity in roles: Associate|Callee|Caller|SocialMention|Suspect|TransactionMobile|Witness)"
FIR-2026-00356,Land Encroachment,Nallur Park Main Street,10-03-2026,PER-0048,PER-0161,54.02,Critical,3,"FIR FIR-2026-00356 — Land Encroachment at Nallur Park Main Street on 10-03-2026. Highest-risk party in this case: Murugan Sundaram (Person, flagged as CRITICAL risk, score 54.0). Other entities involved: Rajeshwari Ammal (Person, flagged as high risk, score 29.7); Siva Selvam (Person, showing moderate risk indicators, score 23.9). The suspect is part of Gang-04, a cluster of 278 linked entities (with other known suspects). Anomaly flags: Murugan Sundaram: Multi-Source Suspect (Suspect confirmed in sources: CDR|FIR|Financial|SocialMedia) | Murugan Sundaram: Degree Spike (Degree 96.96000000000001 >> mean 11.0) | Murugan Sundaram: Cross-Role Conflict (Same entity in roles: Associate|Callee|Caller|SocialMention|Suspect|TransactionMobile|Witness)"
FIR-2026-00294,Pickpocketing,Vaigai Layout Market Road,23-12-2025,PER-0048,PER-0307,54.02,Critical,4,"FIR FIR-2026-00294 — Pickpocketing at Vaigai Layout Market Road on 23-12-2025. Highest-risk party in this case: Murugan Sundaram (Person, flagged as CRITICAL risk, score 54.0). Other entities involved: Deviga Krishnan (Person, flagged as high risk, score 38.7); Revathi Raman (Person, showing moderate risk indicators, score 26.2). The suspect is part of Gang-04, a cluster of 278 linked entities (with other known suspects). Anomaly flags: Murugan Sundaram: Multi-Source Suspect (Suspect confirmed in sources: CDR|FIR|Financial|SocialMedia) | Deviga Krishnan: High Financial Activity (Linked to 8 financial records) | Murugan Sundaram: Degree Spike (Degree 96.96000000000001 >> mean 11.0) | Murugan Sundaram: Cross-Role Conflict (Same entity in roles: Associate|Callee|Caller|SocialMention|Suspect|TransactionMobile|Witness)"
FIR-2026-00363,Bank Transaction Fraud,Selvapuram Puram Main Street,15-03-2026,PER-0067,PER-0018,54.02,Critical,5,"FIR FIR-2026-00363 — Bank Transaction Fraud at Selvapuram Puram Main Street on 15-03-2026. Highest-risk party in this case: Murugan Sundaram (Person, flagged as CRITICAL risk, score 54.0). Other entities involved: Logesh Karuppasamy (Person, flagged as CRITICAL risk, score 52.7); Hemanth Murugan (Person, flagged as high risk, score 28.2). The suspect is part of Gang-04, a cluster of 278 linked entities (with other known suspects). Anomaly flags: Murugan Sundaram: Multi-Source Suspect (Suspect confirmed in sources: CDR|FIR|Financial|SocialMedia) | Logesh Karuppasamy: Multi-Source Suspect (Suspect confirmed in sources: CDR|FIR|Financial|SocialMedia) | Logesh Karuppasamy: Degree Spike (Degree 142.9466666666667 >> mean 11.0) | Murugan Sundaram: Degree Spike (Degree 96.96000000000001 >> mean 11.0) | Murugan Sundaram: Cross-Role Conflict (Same entity in roles: Associate|Callee|Caller|SocialMention|Suspect|TransactionMobile|Witness)"
FIR-2026-00230,Neighbour Harassment,Iniyan Colony Apartment Complex,18-10-2025,PER-0170,PER-0083,54.02,Critical,5,"FIR FIR-2026-00230 — Neighbour Harassment at Iniyan Colony Apartment Complex on 18-10-2025. Highest-risk party in this case: Murugan Sundaram (Person, flagged as CRITICAL risk, score 54.0). Other entities involved: Janani Devi (Person, flagged as high risk, score 38.9); Babu Selvam (Person, flagged as high risk, score 38.3). The suspect is part of Gang-04, a cluster of 278 linked entities (with other known suspects). Anomaly flags: Janani Devi: Multi-Source Suspect (Suspect confirmed in sources: CDR|FIR|Financial|SocialMedia) | Murugan Sundaram: Multi-Source Suspect (Suspect confirmed in sources: CDR|FIR|Financial|SocialMedia) | Babu Selvam: Degree Spike (Degree 96.2 >> mean 11.0) | Murugan Sundaram: Degree Spike (Degree 96.96000000000001 >> mean 11.0) | Murugan Sundaram: Cross-Role Conflict (Same entity in roles: Associate|Callee|Caller|SocialMention|Suspect|TransactionMobile|Witness)"
FIR-2026-00400,Phishing,Selvapuram Puram Main Street,29-04-2026,PER-0067,PER-0343,54.02,Critical,5,"FIR FIR-2026-00400 — Phishing at Selvapuram Puram Main Street on 29-04-2026. Highest-risk party in this case: Murugan Sundaram (Person, flagged as CRITICAL risk, score 54.0). Other entities involved: Logesh Karuppasamy (Person, flagged as CRITICAL risk, score 52.7); Malathi Murugan (Person, flagged as high risk, score 32.1). The suspect is part of Gang-04, a cluster of 278 linked entities (with other known suspects). Anomaly flags: Murugan Sundaram: Multi-Source Suspect (Suspect confirmed in sources: CDR|FIR|Financial|SocialMedia) | Logesh Karuppasamy: Multi-Source Suspect (Suspect confirmed in sources: CDR|FIR|Financial|SocialMedia) | Logesh Karuppasamy: Degree Spike (Degree 142.9466666666667 >> mean 11.0) | Murugan Sundaram: Degree Spike (Degree 96.96000000000001 >> mean 11.0) | Murugan Sundaram: Cross-Role Conflict (Same entity in roles: Associate|Callee|Caller|SocialMention|Suspect|TransactionMobile|Witness)"
FIR-2026-00441,Bank Transaction Fraud,Mynthan Colony Main Street,16-06-2026,PER-0355,PER-0145,54.02,Critical,6,"FIR FIR-2026-00441 — Bank Transaction Fraud at Mynthan Colony Main Street on 16-06-2026. Highest-risk party in this case: Murugan Sundaram (Person, flagged as CRITICAL risk, score 54.0). Other entities involved: Ajith Nathan (Person, flagged as CRITICAL risk, score 46.6); Tamilselvi Devi (Person, flagged as high risk, score 36.6). The suspect is part of Gang-04, a cluster of 278 linked entities (with other known suspects). Anomaly flags: Ajith Nathan: Multi-Source Suspect (Suspect confirmed in sources: CDR|FIR|Financial|SocialMedia) | Murugan Sundaram: Multi-Source Suspect (Suspect confirmed in sources: CDR|FIR|Financial|SocialMedia) | Tamilselvi Devi: Degree Spike (Degree 83.66000000000003 >> mean 11.0) | Ajith Nathan: Degree Spike (Degree 98.05 >> mean 11.0) | Murugan Sundaram: Degree Spike (Degree 96.96000000000001 >> mean 11.0) | Murugan Sundaram: Cross-Role Conflict (Same entity in roles: Associate|Callee|Caller|SocialMention|Suspect|TransactionMobile|Witness)"
FIR-2026-00208,Missing Student,Sevvanthi Park Shopping Complex,26-09-2025,,PER-0097,54.02,Critical,4,"FIR FIR-2026-00208 — Missing Student at Sevvanthi Park Shopping Complex on 26-09-2025. Highest-risk party in this case: Murugan Sundaram (Person, flagged as CRITICAL risk, score 54.0). Other entities involved: Rajesh Mani (Person, flagged as high risk, score 36.8). Anomaly flags: Murugan Sundaram: Multi-Source Suspect (Suspect confirmed in sources: CDR|FIR|Financial|SocialMedia) | Rajesh Mani: Degree Spike (Degree 79.55333333333331 >> mean 11.0) | Murugan Sundaram: Degree Spike (Degree 96.96000000000001 >> mean 11.0) | Murugan Sundaram: Cross-Role Conflict (Same entity in roles: Associate|Callee|Caller|SocialMention|Suspect|TransactionMobile|Witness)"
FIR-2026-00205,Motorcycle Theft,Mangai Puram Railway Station Road,22-09-2025,PER-0048,PER-0271,54.02,Critical,3,"FIR FIR-2026-00205 — Motorcycle Theft at Mangai Puram Railway Station Road on 22-09-2025. Highest-risk party in this case: Murugan Sundaram (Person, flagged as CRITICAL risk, score 54.0). Other entities involved: Kumaran Subramani (Person, showing moderate risk indicators, score 23.0). The suspect is part of Gang-04, a cluster of 278 linked entities (with other known suspects). Anomaly flags: Murugan Sundaram: Multi-Source Suspect (Suspect confirmed in sources: CDR|FIR|Financial|SocialMedia) | Murugan Sundaram: Degree Spike (Degree 96.96000000000001 >> mean 11.0) | Murugan Sundaram: Cross-Role Conflict (Same entity in roles: Associate|Callee|Caller|SocialMention|Suspect|TransactionMobile|Witness)"
FIR-2026-00475,Investment Fraud,Kalai Colony Apartment Complex,29-07-2026,PER-0355,PER-0222,54.02,Critical,5,"FIR FIR-2026-00475 — Investment Fraud at Kalai Colony Apartment Complex on 29-07-2026. Highest-risk party in this case: Murugan Sundaram (Person, flagged as CRITICAL risk, score 54.0). Other entities involved: Ajith Nathan (Person, flagged as CRITICAL risk, score 46.6); Anand Chandran (Person, showing moderate risk indicators, score 25.8). The suspect is part of Gang-04, a cluster of 278 linked entities (with other known suspects). Anomaly flags: Ajith Nathan: Multi-Source Suspect (Suspect confirmed in sources: CDR|FIR|Financial|SocialMedia) | Murugan Sundaram: Multi-Source Suspect (Suspect confirmed in sources: CDR|FIR|Financial|SocialMedia) | Ajith Nathan: Degree Spike (Degree 98.05 >> mean 11.0) | Murugan Sundaram: Degree Spike (Degree 96.96000000000001 >> mean 11.0) | Murugan Sundaram: Cross-Role Conflict (Same entity in roles: Associate|Callee|Caller|SocialMention|Suspect|TransactionMobile|Witness)"
FIR-2026-00490,Land Encroachment,Nallur Park Main Street,27-08-2026,PER-0048,PER-0047,54.02,Critical,4,"FIR FIR-2026-00490 — Land Encroachment at Nallur Park Main Street on 27-08-2026. Highest-risk party in this case: Murugan Sundaram (Person, flagged as CRITICAL risk, score 54.0). Other entities involved: Uma Raj (Person, flagged as high risk, score 37.9); Udhay Muthu (Person, showing moderate risk indicators, score 26.2). The suspect is part of Gang-04, a cluster of 278 linked entities (with other known suspects). Anomaly flags: Murugan Sundaram: Multi-Source Suspect (Suspect confirmed in sources: CDR|FIR|Financial|SocialMedia) | Uma Raj: Degree Spike (Degree 96.31666666666666 >> mean 11.0) | Murugan Sundaram: Degree Spike (Degree 96.96000000000001 >> mean 11.0) | Murugan Sundaram: Cross-Role Conflict (Same entity in roles: Associate|Callee|Caller|SocialMention|Suspect|TransactionMobile|Witness)"
FIR-2026-00020,Forged Document,Sevvanthi Layout Residential Colony,13-02-2025,PER-0048,PER-0047,54.02,Critical,4,"FIR FIR-2026-00020 — Forged Document at Sevvanthi Layout Residential Colony on 13-02-2025. Highest-risk party in this case: Murugan Sundaram (Person, flagged as CRITICAL risk, score 54.0). Other entities involved: Uma Raj (Person, flagged as high risk, score 37.9). The suspect is part of Gang-04, a cluster of 278 linked entities (with other known suspects). Anomaly flags: Murugan Sundaram: Multi-Source Suspect (Suspect confirmed in sources: CDR|FIR|Financial|SocialMedia) | Uma Raj: Degree Spike (Degree 96.31666666666666 >> mean 11.0) | Murugan Sundaram: Degree Spike (Degree 96.96000000000001 >> mean 11.0) | Murugan Sundaram: Cross-Role Conflict (Same entity in roles: Associate|Callee|Caller|SocialMention|Suspect|TransactionMobile|Witness)"
FIR-2026-00394,Bank Transaction Fraud,Selvapuram Puram Main Street,20-04-2026,PER-0067,PER-0257,52.68,Critical,2,"FIR FIR-2026-00394 — Bank Transaction Fraud at Selvapuram Puram Main Street on 20-04-2026. Highest-risk party in this case: Logesh Karuppasamy (Person, flagged as CRITICAL risk, score 52.7). Other entities involved: Geetha Kumari (Person, flagged as high risk, score 31.1). The suspect is part of Gang-04, a cluster of 278 linked entities (with other known suspects). Anomaly flags: Logesh Karuppasamy: Multi-Source Suspect (Suspect confirmed in sources: CDR|FIR|Financial|SocialMedia) | Logesh Karuppasamy: Degree Spike (Degree 142.9466666666667 >> mean 11.0)"
FIR-2026-00386,Phishing,Alli Colony College Road,08-04-2026,PER-0067,PER-0367,52.68,Critical,2,"FIR FIR-2026-00386 — Phishing at Alli Colony College Road on 08-04-2026. Highest-risk party in this case: Logesh Karuppasamy (Person, flagged as CRITICAL risk, score 52.7). Other entities involved: Yogesh Sekar (Person, flagged as high risk, score 29.7); Siva Muthu (Person, flagged as high risk, score 33.6). The suspect is part of Gang-04, a cluster of 278 linked entities (with other known suspects). Anomaly flags: Logesh Karuppasamy: Multi-Source Suspect (Suspect confirmed in sources: CDR|FIR|Financial|SocialMedia) | Logesh Karuppasamy: Degree Spike (Degree 142.9466666666667 >> mean 11.0)"
FIR-2026-00327,Phishing,Alli Colony College Road,26-01-2026,PER-0067,PER-0088,52.68,Critical,2,"FIR FIR-2026-00327 — Phishing at Alli Colony College Road on 26-01-2026. Highest-risk party in this case: Logesh Karuppasamy (Person, flagged as CRITICAL risk, score 52.7). Other entities involved: Naveen Natarajan (Person, flagged as high risk, score 29.5). The suspect is part of Gang-04, a cluster of 278 linked entities (with other known suspects). Anomaly flags: Logesh Karuppasamy: Multi-Source Suspect (Suspect confirmed in sources: CDR|FIR|Financial|SocialMedia) | Logesh Karuppasamy: Degree Spike (Degree 142.9466666666667 >> mean 11.0)"
FIR-2026-00030,Pickpocketing,Mullai Colony Shopping Complex,11-03-2025,,PER-0066,52.68,Critical,2,"FIR FIR-2026-00030 — Pickpocketing at Mullai Colony Shopping Complex on 11-03-2025. Highest-risk party in this case: Logesh Karuppasamy (Person, flagged as CRITICAL risk, score 52.7). Other entities involved: Sudha Sekar (Person, showing moderate risk indicators, score 27.0). Anomaly flags: Logesh Karuppasamy: Multi-Source Suspect (Suspect confirmed in sources: CDR|FIR|Financial|SocialMedia) | Logesh Karuppasamy: Degree Spike (Degree 142.9466666666667 >> mean 11.0)"
FIR-2026-00398,UPI Fraud,Kalai Colony Apartment Complex,27-04-2026,PER-0355,PER-0226,52.68,Critical,4,"FIR FIR-2026-00398 — UPI Fraud at Kalai Colony Apartment Complex on 27-04-2026. Highest-risk party in this case: Logesh Karuppasamy (Person, flagged as CRITICAL risk, score 52.7). Other entities involved: Ajith Nathan (Person, flagged as CRITICAL risk, score 46.6); Buvaneswari Sri (Person, flagged as high risk, score 29.9). The suspect is part of Gang-04, a cluster of 278 linked entities (with other known suspects). Anomaly flags: Ajith Nathan: Multi-Source Suspect (Suspect confirmed in sources: CDR|FIR|Financial|SocialMedia) | Logesh Karuppasamy: Multi-Source Suspect (Suspect confirmed in sources: CDR|FIR|Financial|SocialMedia) | Logesh Karuppasamy: Degree Spike (Degree 142.9466666666667 >> mean 11.0) | Ajith Nathan: Degree Spike (Degree 98.05 >> mean 11.0)"
FIR-2026-00100,Neighbour Harassment,Roja Park Main Street,08-06-2025,PER-0137,PER-0083,52.68,Critical,5,"FIR FIR-2026-00100 — Neighbour Harassment at Roja Park Main Street on 08-06-2025. Highest-risk party in this case: Logesh Karuppasamy (Person, flagged as CRITICAL risk, score 52.7). Other entities involved: Gunasekar Anand (Person, flagged as CRITICAL risk, score 47.2); Babu Selvam (Person, flagged as high risk, score 38.3). The suspect is part of Gang-04, a cluster of 278 linked entities (with other known suspects). Anomaly flags: Gunasekar Anand: Multi-Source Suspect (Suspect confirmed in sources: CDR|FIR|Financial) | Logesh Karuppasamy: Multi-Source Suspect (Suspect confirmed in sources: CDR|FIR|Financial|SocialMedia) | Logesh Karuppasamy: Degree Spike (Degree 142.9466666666667 >> mean 11.0) | Babu Selvam: Degree Spike (Degree 96.2 >> mean 11.0) | Gunasekar Anand: Degree Spike (Degree 83.22 >> mean 11.0)"
FIR-2026-00421,Job Offer Cheating,Sindhu Garden Residential Colony,24-05-2026,PER-0379,PER-0027,52.68,Critical,5,"FIR FIR-2026-00421 — Job Offer Cheating at Sindhu Garden Residential Colony on 24-05-2026. Highest-risk party in this case: Logesh Karuppasamy (Person, flagged as CRITICAL risk, score 52.7). Other entities involved: Gopal Mani (Person, flagged as high risk, score 38.1); Sanjay Raj (Person, flagged as CRITICAL risk, score 50.7). The suspect is part of Gang-04, a cluster of 278 linked entities (with other known suspects). Anomaly flags: Gopal Mani: Multi-Source Suspect (Suspect confirmed in sources: CDR|FIR|Financial|SocialMedia) | Logesh Karuppasamy: Multi-Source Suspect (Suspect confirmed in sources: CDR|FIR|Financial|SocialMedia) | Sanjay Raj: Degree Spike (Degree 156.79 >> mean 11.0) | Logesh Karuppasamy: Degree Spike (Degree 142.9466666666667 >> mean 11.0) | Sanjay Raj: High Financial Activity (Linked to 7 financial records)"
FIR-2026-00257,Bank Transaction Fraud,Mullai Colony Shopping Complex,10-11-2025,PER-0076,PER-0104,52.28,Critical,3,"FIR FIR-2026-00257 — Bank Transaction Fraud at Mullai Colony Shopping Complex on 10-11-2025. Highest-risk party in this case: Hariharan Babu (Person, flagged as CRITICAL risk, score 52.3). Other entities involved: Padmini Sri (Person, flagged as high risk, score 37.4); Meena Sekar (Person, showing moderate risk indicators, score 26.7). The suspect is part of Gang-03, a cluster of 307 linked entities (with other known suspects). Anomaly flags: Hariharan Babu: Degree Spike (Degree 118.62 >> mean 11.0) | Hariharan Babu: Multi-Source Suspect (Suspect confirmed in sources: CDR|FIR|Financial|SocialMedia) | Padmini Sri: Degree Spike (Degree 74.50666666666665 >> mean 11.0)"
FIR-2026-00201,UPI Fraud,Mullai Colony Shopping Complex,18-09-2025,PER-0076,PER-0144,52.28,Critical,3,"FIR FIR-2026-00201 — UPI Fraud at Mullai Colony Shopping Complex on 18-09-2025. Highest-risk party in this case: Hariharan Babu (Person, flagged as CRITICAL risk, score 52.3). Other entities involved: Padmini Bai (Person, flagged as high risk, score 36.8); Jeeva Rajan (Person, showing moderate risk indicators, score 26.0). The suspect is part of Gang-03, a cluster of 307 linked entities (with other known suspects). Anomaly flags: Hariharan Babu: Degree Spike (Degree 118.62 >> mean 11.0) | Hariharan Babu: Multi-Source Suspect (Suspect confirmed in sources: CDR|FIR|Financial|SocialMedia) | Padmini Bai: Degree Spike (Degree 74.38333333333334 >> mean 11.0)"
FIR-2026-00033,Auto Theft,Vaigai Park Parking Area,17-03-2025,PER-0075,PER-0047,52.28,Critical,4,"FIR FIR-2026-00033 — Auto Theft at Vaigai Park Parking Area on 17-03-2025. Highest-risk party in this case: Hariharan Babu (Person, flagged as CRITICAL risk, score 52.3). Other entities involved: Hariharan Raj (Person, flagged as CRITICAL risk, score 40.6); Uma Raj (Person, flagged as high risk, score 37.9). The suspect is part of Gang-04, a cluster of 278 linked entities (with other known suspects). Anomaly flags: Hariharan Raj: Multi-Source Suspect (Suspect confirmed in sources: CDR|FIR|Financial|SocialMedia) | Hariharan Babu: Degree Spike (Degree 118.62 >> mean 11.0) | Hariharan Babu: Multi-Source Suspect (Suspect confirmed in sources: CDR|FIR|Financial|SocialMedia) | Uma Raj: Degree Spike (Degree 96.31666666666666 >> mean 11.0)"
FIR-2026-00126,Bank Transaction Fraud,Mullai Colony Shopping Complex,05-07-2025,PER-0076,PER-0209,52.28,Critical,2,"FIR FIR-2026-00126 — Bank Transaction Fraud at Mullai Colony Shopping Complex on 05-07-2025. Highest-risk party in this case: Hariharan Babu (Person, flagged as CRITICAL risk, score 52.3). Other entities involved: Kishore Murugan (Person, flagged as high risk, score 30.1). The suspect is part of Gang-03, a cluster of 307 linked entities (with other known suspects). Anomaly flags: Hariharan Babu: Degree Spike (Degree 118.62 >> mean 11.0) | Hariharan Babu: Multi-Source Suspect (Suspect confirmed in sources: CDR|FIR|Financial|SocialMedia)"
FIR-2026-00137,UPI Fraud,Iniyan Puram College Road,27-07-2025,PER-0076,PER-0196,52.28,Critical,3,"FIR FIR-2026-00137 — UPI Fraud at Iniyan Puram College Road on 27-07-2025. Highest-risk party in this case: Hariharan Babu (Person, flagged as CRITICAL risk, score 52.3). Other entities involved: Kannan Thangaraj (Person, showing low risk indicators, score 13.8); Sathish Subramani (Person, flagged as high risk, score 36.8). The suspect is part of Gang-03, a cluster of 307 linked entities (with other known suspects). Anomaly flags: Sathish Subramani: Multi-Source Suspect (Suspect confirmed in sources: CDR|FIR|Financial|SocialMedia) | Hariharan Babu: Degree Spike (Degree 118.62 >> mean 11.0) | Hariharan Babu: Multi-Source Suspect (Suspect confirmed in sources: CDR|FIR|Financial|SocialMedia)"
FIR-2026-00190,Chit Fund Fraud,Roja Park Main Street,05-09-2025,PER-0076,PER-0260,52.28,Critical,2,"FIR FIR-2026-00190 — Chit Fund Fraud at Roja Park Main Street on 05-09-2025. Highest-risk party in this case: Hariharan Babu (Person, flagged as CRITICAL risk, score 52.3). Other entities involved: Bharath Babu (Person, flagged as high risk, score 30.6). The suspect is part of Gang-03, a cluster of 307 linked entities (with other known suspects). Anomaly flags: Hariharan Babu: Degree Spike (Degree 118.62 >> mean 11.0) | Hariharan Babu: Multi-Source Suspect (Suspect confirmed in sources: CDR|FIR|Financial|SocialMedia)"
FIR-2026-00164,UPI Fraud,Iniyan Puram College Road,16-08-2025,PER-0076,PER-0007,52.28,Critical,2,"FIR FIR-2026-00164 — UPI Fraud at Iniyan Puram College Road on 16-08-2025. Highest-risk party in this case: Hariharan Babu (Person, flagged as CRITICAL risk, score 52.3). Other entities involved: Babu Rajan (Person, flagged as high risk, score 28.0). The suspect is part of Gang-03, a cluster of 307 linked entities (with other known suspects). Anomaly flags: Hariharan Babu: Degree Spike (Degree 118.62 >> mean 11.0) | Hariharan Babu: Multi-Source Suspect (Suspect confirmed in sources: CDR|FIR|Financial|SocialMedia)"
FIR-2026-00076,Physical Assault,Roja Park Main Street,17-05-2025,PER-0141,PER-0032,51.32,Critical,3,"FIR FIR-2026-00076 — Physical Assault at Roja Park Main Street on 17-05-2025. Highest-risk party in this case: Senthil Krishnan (Person, flagged as CRITICAL risk, score 51.3). Other entities involved: Arun Prakash (Person, flagged as CRITICAL risk, score 42.3). The suspect is part of Gang-04, a cluster of 278 linked entities (with other known suspects). Anomaly flags: Senthil Krishnan: Multi-Source Suspect (Suspect confirmed in sources: CDR|FIR|Financial|SocialMedia) | Arun Prakash: Degree Spike (Degree 126.51666666666668 >> mean 11.0) | Senthil Krishnan: Degree Spike (Degree 128.62666666666667 >> mean 11.0)"
FIR-2026-00148,Neighbour Harassment,Nallur Garden Residential Colony,03-08-2025,PER-0141,PER-0106,51.32,Critical,2,"FIR FIR-2026-00148 — Neighbour Harassment at Nallur Garden Residential Colony on 03-08-2025. Highest-risk party in this case: Senthil Krishnan (Person, flagged as CRITICAL risk, score 51.3). Other entities involved: Elango Krishnan (Person, flagged as high risk, score 31.0). The suspect is part of Gang-04, a cluster of 278 linked entities (with other known suspects). Anomaly flags: Senthil Krishnan: Multi-Source Suspect (Suspect confirmed in sources: CDR|FIR|Financial|SocialMedia) | Senthil Krishnan: Degree Spike (Degree 128.62666666666667 >> mean 11.0)"
FIR-2026-00260,Farm Land Trespass,Neithal Park Highway Junction,12-11-2025,PER-0141,PER-0305,51.32,Critical,2,"FIR FIR-2026-00260 — Farm Land Trespass at Neithal Park Highway Junction on 12-11-2025. Highest-risk party in this case: Senthil Krishnan (Person, flagged as CRITICAL risk, score 51.3). Other entities involved: Sudha Bai (Person, showing low risk indicators, score 12.9). The suspect is part of Gang-04, a cluster of 278 linked entities (with other known suspects). Anomaly flags: Senthil Krishnan: Multi-Source Suspect (Suspect confirmed in sources: CDR|FIR|Financial|SocialMedia) | Senthil Krishnan: Degree Spike (Degree 128.62666666666667 >> mean 11.0)"
FIR-2026-00093,Neighbour Harassment,Roja Park Main Street,05-06-2025,PER-0141,PER-0166,51.32,Critical,2,"FIR FIR-2026-00093 — Neighbour Harassment at Roja Park Main Street on 05-06-2025. Highest-risk party in this case: Senthil Krishnan (Person, flagged as CRITICAL risk, score 51.3). Other entities involved: Yogesh Balan (Person, flagged as high risk, score 29.7). The suspect is part of Gang-04, a cluster of 278 linked entities (with other known suspects). Anomaly flags: Senthil Krishnan: Multi-Source Suspect (Suspect confirmed in sources: CDR|FIR|Financial|SocialMedia) | Senthil Krishnan: Degree Spike (Degree 128.62666666666667 >> mean 11.0)"
FIR-2026-00145,Street Altercation,Kadal Nagar Bus Stand Area,02-08-2025,PER-0141,PER-0225,51.32,Critical,2,"FIR FIR-2026-00145 — Street Altercation at Kadal Nagar Bus Stand Area on 02-08-2025. Highest-risk party in this case: Senthil Krishnan (Person, flagged as CRITICAL risk, score 51.3). Other entities involved: Lakshmi Krishnan (Person, flagged as high risk, score 27.9); Gopal Muthu (Person, showing moderate risk indicators, score 25.2). The suspect is part of Gang-04, a cluster of 278 linked entities (with other known suspects). Anomaly flags: Senthil Krishnan: Multi-Source Suspect (Suspect confirmed in sources: CDR|FIR|Financial|SocialMedia) | Senthil Krishnan: Degree Spike (Degree 128.62666666666667 >> mean 11.0)"
FIR-2026-00108,Neighbour Harassment,Roja Park Main Street,20-06-2025,PER-0141,PER-0185,51.32,Critical,2,"FIR FIR-2026-00108 — Neighbour Harassment at Roja Park Main Street on 20-06-2025. Highest-risk party in this case: Senthil Krishnan (Person, flagged as CRITICAL risk, score 51.3). Other entities involved: Jagan Sekar (Person, flagged as high risk, score 28.6); Gopal Muthu (Person, showing moderate risk indicators, score 25.2). The suspect is part of Gang-04, a cluster of 278 linked entities (with other known suspects). Anomaly flags: Senthil Krishnan: Multi-Source Suspect (Suspect confirmed in sources: CDR|FIR|Financial|SocialMedia) | Senthil Krishnan: Degree Spike (Degree 128.62666666666667 >> mean 11.0)"
FIR-2026-00111,Street Altercation,Roja Park Main Street,26-06-2025,PER-0141,PER-0047,51.32,Critical,3,"FIR FIR-2026-00111 — Street Altercation at Roja Park Main Street on 26-06-2025. Highest-risk party in this case: Senthil Krishnan (Person, flagged as CRITICAL risk, score 51.3). Other entities involved: Uma Raj (Person, flagged as high risk, score 37.9); Siva Muthu (Person, flagged as high risk, score 33.6). The suspect is part of Gang-04, a cluster of 278 linked entities (with other known suspects). Anomaly flags: Senthil Krishnan: Multi-Source Suspect (Suspect confirmed in sources: CDR|FIR|Financial|SocialMedia) | Senthil Krishnan: Degree Spike (Degree 128.62666666666667 >> mean 11.0) | Uma Raj: Degree Spike (Degree 96.31666666666666 >> mean 11.0)"
FIR-2026-00160,Missing Adult,Kadal Nagar Bus Stand Area,12-08-2025,PER-0141,PER-0168,51.32,Critical,4,"FIR FIR-2026-00160 — Missing Adult at Kadal Nagar Bus Stand Area on 12-08-2025. Highest-risk party in this case: Senthil Krishnan (Person, flagged as CRITICAL risk, score 51.3). Other entities involved: Mohan Gopal (Person, flagged as high risk, score 32.3); Gunasekar Anand (Person, flagged as CRITICAL risk, score 47.2). The suspect is part of Gang-04, a cluster of 278 linked entities (with other known suspects). Anomaly flags: Senthil Krishnan: Multi-Source Suspect (Suspect confirmed in sources: CDR|FIR|Financial|SocialMedia) | Gunasekar Anand: Multi-Source Suspect (Suspect confirmed in sources: CDR|FIR|Financial) | Senthil Krishnan: Degree Spike (Degree 128.62666666666667 >> mean 11.0) | Gunasekar Anand: Degree Spike (Degree 83.22 >> mean 11.0)"
FIR-2026-00117,Street Altercation,Roja Park Main Street,05-07-2025,PER-0141,PER-0197,51.32,Critical,2,"FIR FIR-2026-00117 — Street Altercation at Roja Park Main Street on 05-07-2025. Highest-risk party in this case: Senthil Krishnan (Person, flagged as CRITICAL risk, score 51.3). Other entities involved: Thirumal Sekar (Person, showing low risk indicators, score 13.5); Siva Muthu (Person, flagged as high risk, score 33.6). The suspect is part of Gang-04, a cluster of 278 linked entities (with other known suspects). Anomaly flags: Senthil Krishnan: Multi-Source Suspect (Suspect confirmed in sources: CDR|FIR|Financial|SocialMedia) | Senthil Krishnan: Degree Spike (Degree 128.62666666666667 >> mean 11.0)"
FIR-2026-00070,Neighbour Harassment,Nallur Garden Residential Colony,10-05-2025,PER-0141,PER-0140,51.32,Critical,2,"FIR FIR-2026-00070 — Neighbour Harassment at Nallur Garden Residential Colony on 10-05-2025. Highest-risk party in this case: Senthil Krishnan (Person, flagged as CRITICAL risk, score 51.3). Other entities involved: Sangeetha Bai (Person, flagged as high risk, score 29.5); Siva Muthu (Person, flagged as high risk, score 33.6). The suspect is part of Gang-04, a cluster of 278 linked entities (with other known suspects). Anomaly flags: Senthil Krishnan: Multi-Source Suspect (Suspect confirmed in sources: CDR|FIR|Financial|SocialMedia) | Senthil Krishnan: Degree Spike (Degree 128.62666666666667 >> mean 11.0)"
FIR-2026-00240,Street Altercation,Roja Park Main Street,22-10-2025,PER-0284,PER-0292,51.01,Critical,2,"FIR FIR-2026-00240 — Street Altercation at Roja Park Main Street on 22-10-2025. Highest-risk party in this case: Kishore Arumugam (Person, flagged as CRITICAL risk, score 51.0). Other entities involved: Ezhilan Sundaram (Person, showing moderate risk indicators, score 23.9); Babu Balan (Person, showing moderate risk indicators, score 26.4). The suspect is part of Gang-03, a cluster of 307 linked entities (with other known suspects). Anomaly flags: Kishore Arumugam: Multi-Source Suspect (Suspect confirmed in sources: CDR|FIR|Financial|SocialMedia) | Kishore Arumugam: Degree Spike (Degree 115.54333333333335 >> mean 11.0)"
FIR-2026-00281,Phone Harassment,Nallur Garden Residential Colony,30-11-2025,PER-0284,PER-0239,51.01,Critical,2,"FIR FIR-2026-00281 — Phone Harassment at Nallur Garden Residential Colony on 30-11-2025. Highest-risk party in this case: Kishore Arumugam (Person, flagged as CRITICAL risk, score 51.0). Other entities involved: Sathish Palanisamy (Person, flagged as high risk, score 29.0). The suspect is part of Gang-03, a cluster of 307 linked entities (with other known suspects). Anomaly flags: Kishore Arumugam: Multi-Source Suspect (Suspect confirmed in sources: CDR|FIR|Financial|SocialMedia) | Kishore Arumugam: Degree Spike (Degree 115.54333333333335 >> mean 11.0)"
FIR-2026-00351,Neighbour Harassment,Roja Park Main Street,27-02-2026,PER-0284,PER-0349,51.01,Critical,2,"FIR FIR-2026-00351 — Neighbour Harassment at Roja Park Main Street on 27-02-2026. Highest-risk party in this case: Kishore Arumugam (Person, flagged as CRITICAL risk, score 51.0). Other entities involved: Padmini Rani (Person, flagged as high risk, score 29.4); Babu Balan (Person, showing moderate risk indicators, score 26.4). The suspect is part of Gang-03, a cluster of 307 linked entities (with other known suspects). Anomaly flags: Kishore Arumugam: Multi-Source Suspect (Suspect confirmed in sources: CDR|FIR|Financial|SocialMedia) | Kishore Arumugam: Degree Spike (Degree 115.54333333333335 >> mean 11.0)"
FIR-2026-00242,Group Assault,Vetri Layout Industrial Area,25-10-2025,PER-0284,PER-0097,51.01,Critical,3,"FIR FIR-2026-00242 — Group Assault at Vetri Layout Industrial Area on 25-10-2025. Highest-risk party in this case: Kishore Arumugam (Person, flagged as CRITICAL risk, score 51.0). Other entities involved: Rajesh Mani (Person, flagged as high risk, score 36.8); Dinesh Balan (Person, flagged as high risk, score 29.0). The suspect is part of Gang-03, a cluster of 307 linked entities (with other known suspects). Anomaly flags: Kishore Arumugam: Multi-Source Suspect (Suspect confirmed in sources: CDR|FIR|Financial|SocialMedia) | Kishore Arumugam: Degree Spike (Degree 115.54333333333335 >> mean 11.0) | Rajesh Mani: Degree Spike (Degree 79.55333333333331 >> mean 11.0)"
FIR-2026-00235,Street Altercation,Roja Park Main Street,21-10-2025,PER-0284,PER-0032,51.01,Critical,5,"FIR FIR-2026-00235 — Street Altercation at Roja Park Main Street on 21-10-2025. Highest-risk party in this case: Kishore Arumugam (Person, flagged as CRITICAL risk, score 51.0). Other entities involved: Arun Prakash (Person, flagged as CRITICAL risk, score 42.3); Vignesh Balan (Person, flagged as CRITICAL risk, score 45.1). The suspect is part of Gang-03, a cluster of 307 linked entities (with other known suspects). Anomaly flags: Vignesh Balan: Multi-Source Suspect (Suspect confirmed in sources: CDR|FIR|Financial|SocialMedia) | Kishore Arumugam: Multi-Source Suspect (Suspect confirmed in sources: CDR|FIR|Financial|SocialMedia) | Arun Prakash: Degree Spike (Degree 126.51666666666668 >> mean 11.0) | Kishore Arumugam: Degree Spike (Degree 115.54333333333335 >> mean 11.0) | Vignesh Balan: Cross-Role Conflict (Same entity in roles: Associate|Callee|Caller|SocialMention|Suspect|TransactionMobile|Witness)"
FIR-2026-00231,Street Altercation,Roja Park Main Street,18-10-2025,PER-0284,PER-0161,51.01,Critical,4,"FIR FIR-2026-00231 — Street Altercation at Roja Park Main Street on 18-10-2025. Highest-risk party in this case: Kishore Arumugam (Person, flagged as CRITICAL risk, score 51.0). Other entities involved: Rajeshwari Ammal (Person, flagged as high risk, score 29.7); Vignesh Balan (Person, flagged as CRITICAL risk, score 45.1). The suspect is part of Gang-03, a cluster of 307 linked entities (with other known suspects). Anomaly flags: Vignesh Balan: Multi-Source Suspect (Suspect confirmed in sources: CDR|FIR|Financial|SocialMedia) | Kishore Arumugam: Multi-Source Suspect (Suspect confirmed in sources: CDR|FIR|Financial|SocialMedia) | Kishore Arumugam: Degree Spike (Degree 115.54333333333335 >> mean 11.0) | Vignesh Balan: Cross-Role Conflict (Same entity in roles: Associate|Callee|Caller|SocialMention|Suspect|TransactionMobile|Witness)"
FIR-2026-00226,Loan Recovery Harassment,Mullai Colony Shopping Complex,12-10-2025,PER-0284,PER-0042,51.01,Critical,3,"FIR FIR-2026-00226 — Loan Recovery Harassment at Mullai Colony Shopping Complex on 12-10-2025. Highest-risk party in this case: Kishore Arumugam (Person, flagged as CRITICAL risk, score 51.0). Other entities involved: Rakesh Anand (Person, flagged as high risk, score 38.0). The suspect is part of Gang-03, a cluster of 307 linked entities (with other known suspects). Anomaly flags: Kishore Arumugam: Multi-Source Suspect (Suspect confirmed in sources: CDR|FIR|Financial|SocialMedia) | Kishore Arumugam: Degree Spike (Degree 115.54333333333335 >> mean 11.0) | Rakesh Anand: Degree Spike (Degree 94.70666666666666 >> mean 11.0)"
FIR-2026-00312,Street Altercation,Roja Park Main Street,13-01-2026,PER-0284,PER-0208,51.01,Critical,4,"FIR FIR-2026-00312 — Street Altercation at Roja Park Main Street on 13-01-2026. Highest-risk party in this case: Kishore Arumugam (Person, flagged as CRITICAL risk, score 51.0). Other entities involved: Arun Thangaraj (Person, flagged as high risk, score 29.3); Vignesh Balan (Person, flagged as CRITICAL risk, score 45.1). The suspect is part of Gang-03, a cluster of 307 linked entities (with other known suspects). Anomaly flags: Vignesh Balan: Multi-Source Suspect (Suspect confirmed in sources: CDR|FIR|Financial|SocialMedia) | Kishore Arumugam: Multi-Source Suspect (Suspect confirmed in sources: CDR|FIR|Financial|SocialMedia) | Kishore Arumugam: Degree Spike (Degree 115.54333333333335 >> mean 11.0) | Vignesh Balan: Cross-Role Conflict (Same entity in roles: Associate|Callee|Caller|SocialMention|Suspect|TransactionMobile|Witness)"
FIR-2026-00018,Chit Fund Fraud,Sindhu Garden Residential Colony,26-01-2025,PER-0043,PER-0042,50.9,Critical,4,"FIR FIR-2026-00018 — Chit Fund Fraud at Sindhu Garden Residential Colony on 26-01-2025. Highest-risk party in this case: Arun Babu (Person, flagged as CRITICAL risk, score 50.9). Other entities involved: Rakesh Anand (Person, flagged as high risk, score 38.0). The suspect is part of Gang-02, a cluster of 308 linked entities (with other known suspects). Anomaly flags: Arun Babu: Multi-Source Suspect (Suspect confirmed in sources: CDR|FIR|Financial|SocialMedia) | Rakesh Anand: Degree Spike (Degree 94.70666666666666 >> mean 11.0) | Arun Babu: Degree Spike (Degree 93.03333333333333 >> mean 11.0) | Arun Babu: Cross-Role Conflict (Same entity in roles: Associate|Callee|Caller|SocialMention|Suspect|TransactionMobile|Witness)"
FIR-2026-00366,Gold Chain Snatching,Kadal Nagar Bus Stand Area,22-03-2026,PER-0043,PER-0161,50.9,Critical,3,"FIR FIR-2026-00366 — Gold Chain Snatching at Kadal Nagar Bus Stand Area on 22-03-2026. Highest-risk party in this case: Arun Babu (Person, flagged as CRITICAL risk, score 50.9). Other entities involved: Rajeshwari Ammal (Person, flagged as high risk, score 29.7). The suspect is part of Gang-02, a cluster of 308 linked entities (with other known suspects). Anomaly flags: Arun Babu: Multi-Source Suspect (Suspect confirmed in sources: CDR|FIR|Financial|SocialMedia) | Arun Babu: Degree Spike (Degree 93.03333333333333 >> mean 11.0) | Arun Babu: Cross-Role Conflict (Same entity in roles: Associate|Callee|Caller|SocialMention|Suspect|TransactionMobile|Witness)"
FIR-2026-00307,Scooter Theft,Anbu Puram Apartment Complex,07-01-2026,PER-0043,PER-0278,50.9,Critical,3,"FIR FIR-2026-00307 — Scooter Theft at Anbu Puram Apartment Complex on 07-01-2026. Highest-risk party in this case: Arun Babu (Person, flagged as CRITICAL risk, score 50.9). Other entities involved: Lavanya Raj (Person, showing moderate risk indicators, score 25.7); Siva Selvam (Person, showing moderate risk indicators, score 23.9). The suspect is part of Gang-02, a cluster of 308 linked entities (with other known suspects). Anomaly flags: Arun Babu: Multi-Source Suspect (Suspect confirmed in sources: CDR|FIR|Financial|SocialMedia) | Arun Babu: Degree Spike (Degree 93.03333333333333 >> mean 11.0) | Arun Babu: Cross-Role Conflict (Same entity in roles: Associate|Callee|Caller|SocialMention|Suspect|TransactionMobile|Witness)"
FIR-2026-00134,Bank Transaction Fraud,Kalai Puram Apartment Complex,18-07-2025,PER-0080,PER-0214,50.9,Critical,5,"FIR FIR-2026-00134 — Bank Transaction Fraud at Kalai Puram Apartment Complex on 18-07-2025. Highest-risk party in this case: Arun Babu (Person, flagged as CRITICAL risk, score 50.9). Other entities involved: Nandha Karuppasamy (Person, flagged as CRITICAL risk, score 48.8); Dharani Anand (Person, flagged as high risk, score 28.3). The suspect is part of Gang-04, a cluster of 278 linked entities (with other known suspects). Anomaly flags: Arun Babu: Multi-Source Suspect (Suspect confirmed in sources: CDR|FIR|Financial|SocialMedia) | Nandha Karuppasamy: Multi-Source Suspect (Suspect confirmed in sources: CDR|FIR|SocialMedia) | Nandha Karuppasamy: Degree Spike (Degree 104.20333333333333 >> mean 11.0) | Arun Babu: Degree Spike (Degree 93.03333333333333 >> mean 11.0) | Arun Babu: Cross-Role Conflict (Same entity in roles: Associate|Callee|Caller|SocialMention|Suspect|TransactionMobile|Witness)"
FIR-2026-00243,Mobile Theft,Alli Park Shopping Complex,27-10-2025,PER-0043,PER-0294,50.9,Critical,3,"FIR FIR-2026-00243 — Mobile Theft at Alli Park Shopping Complex on 27-10-2025. Highest-risk party in this case: Arun Babu (Person, flagged as CRITICAL risk, score 50.9). Other entities involved: Chithra Ammal (Person, showing moderate risk indicators, score 24.5). The suspect is part of Gang-02, a cluster of 308 linked entities (with other known suspects). Anomaly flags: Arun Babu: Multi-Source Suspect (Suspect confirmed in sources: CDR|FIR|Financial|SocialMedia) | Arun Babu: Degree Spike (Degree 93.03333333333333 >> mean 11.0) | Arun Babu: Cross-Role Conflict (Same entity in roles: Associate|Callee|Caller|SocialMention|Suspect|TransactionMobile|Witness)"
FIR-2026-00322,Auto Theft,Tamarai Garden Parking Area,21-01-2026,PER-0043,PER-0011,50.9,Critical,3,"FIR FIR-2026-00322 — Auto Theft at Tamarai Garden Parking Area on 21-01-2026. Highest-risk party in this case: Arun Babu (Person, flagged as CRITICAL risk, score 50.9). Other entities involved: Meena Ammal (Person, showing moderate risk indicators, score 27.0). The suspect is part of Gang-02, a cluster of 308 linked entities (with other known suspects). Anomaly flags: Arun Babu: Multi-Source Suspect (Suspect confirmed in sources: CDR|FIR|Financial|SocialMedia) | Arun Babu: Degree Spike (Degree 93.03333333333333 >> mean 11.0) | Arun Babu: Cross-Role Conflict (Same entity in roles: Associate|Callee|Caller|SocialMention|Suspect|TransactionMobile|Witness)"
FIR-2026-00173,UPI Fraud,Nallur Park Main Street,24-08-2025,PER-0080,PER-0245,50.9,Critical,5,"FIR FIR-2026-00173 — UPI Fraud at Nallur Park Main Street on 24-08-2025. Highest-risk party in this case: Arun Babu (Person, flagged as CRITICAL risk, score 50.9). Other entities involved: Nandha Karuppasamy (Person, flagged as CRITICAL risk, score 48.8); Senthil Prakash (Person, flagged as high risk, score 32.0). The suspect is part of Gang-04, a cluster of 278 linked entities (with other known suspects). Anomaly flags: Arun Babu: Multi-Source Suspect (Suspect confirmed in sources: CDR|FIR|Financial|SocialMedia) | Nandha Karuppasamy: Multi-Source Suspect (Suspect confirmed in sources: CDR|FIR|SocialMedia) | Nandha Karuppasamy: Degree Spike (Degree 104.20333333333333 >> mean 11.0) | Arun Babu: Degree Spike (Degree 93.03333333333333 >> mean 11.0) | Arun Babu: Cross-Role Conflict (Same entity in roles: Associate|Callee|Caller|SocialMention|Suspect|TransactionMobile|Witness)"
FIR-2026-00324,Scooter Theft,Tamarai Garden Parking Area,21-01-2026,PER-0043,PER-0276,50.9,Critical,3,"FIR FIR-2026-00324 — Scooter Theft at Tamarai Garden Parking Area on 21-01-2026. Highest-risk party in this case: Arun Babu (Person, flagged as CRITICAL risk, score 50.9). Other entities involved: Harish Subramani (Person, showing moderate risk indicators, score 24.3). The suspect is part of Gang-02, a cluster of 308 linked entities (with other known suspects). Anomaly flags: Arun Babu: Multi-Source Suspect (Suspect confirmed in sources: CDR|FIR|Financial|SocialMedia) | Arun Babu: Degree Spike (Degree 93.03333333333333 >> mean 11.0) | Arun Babu: Cross-Role Conflict (Same entity in roles: Associate|Callee|Caller|SocialMention|Suspect|TransactionMobile|Witness)"
FIR-2026-00373,Shop Theft,Roja Park Main Street,01-04-2026,PER-0300,PER-0027,50.69,Critical,3,"FIR FIR-2026-00373 — Shop Theft at Roja Park Main Street on 01-04-2026. Highest-risk party in this case: Sanjay Raj (Person, flagged as CRITICAL risk, score 50.7). Other entities involved: Logesh Subramani (Person, flagged as high risk, score 38.1); Siva Muthu (Person, flagged as high risk, score 33.6). The suspect is part of Gang-04, a cluster of 278 linked entities (with other known suspects). Anomaly flags: Logesh Subramani: Multi-Source Suspect (Suspect confirmed in sources: CDR|FIR|Financial|SocialMedia) | Sanjay Raj: Degree Spike (Degree 156.79 >> mean 11.0) | Sanjay Raj: High Financial Activity (Linked to 7 financial records)"
FIR-2026-00229,Threat Message,Kalai Colony Apartment Complex,15-10-2025,PER-0113,PER-0027,50.69,Critical,4,"FIR FIR-2026-00229 — Threat Message at Kalai Colony Apartment Complex on 15-10-2025. Highest-risk party in this case: Sanjay Raj (Person, flagged as CRITICAL risk, score 50.7). Other entities involved: Jagan Raman (Person, flagged as CRITICAL risk, score 46.0); Siva Muthu (Person, flagged as high risk, score 33.6). The suspect is part of Gang-04, a cluster of 278 linked entities (with other known suspects). Anomaly flags: Jagan Raman: Multi-Source Suspect (Suspect confirmed in sources: CDR|FIR|Financial|SocialMedia) | Sanjay Raj: Degree Spike (Degree 156.79 >> mean 11.0) | Sanjay Raj: High Financial Activity (Linked to 7 financial records) | Jagan Raman: Degree Spike (Degree 90.04666666666668 >> mean 11.0)"
FIR-2026-00181,Property Theft,Selvapuram Puram Main Street,29-08-2025,PER-0039,PER-0027,50.69,Critical,3,"FIR FIR-2026-00181 — Property Theft at Selvapuram Puram Main Street on 29-08-2025. Highest-risk party in this case: Sanjay Raj (Person, flagged as CRITICAL risk, score 50.7). Other entities involved: Jeeva Natarajan (Person, flagged as high risk, score 38.6). The suspect is part of Gang-03, a cluster of 307 linked entities (with other known suspects). Anomaly flags: Jeeva Natarajan: Multi-Source Suspect (Suspect confirmed in sources: CDR|FIR|Financial|SocialMedia) | Sanjay Raj: Degree Spike (Degree 156.79 >> mean 11.0) | Sanjay Raj: High Financial Activity (Linked to 7 financial records)"
FIR-2026-00012,Illegal Occupation,Kalai Park Main Street,28-01-2025,PER-0028,PER-0027,50.69,Critical,3,"FIR FIR-2026-00012 — Illegal Occupation at Kalai Park Main Street on 28-01-2025. Highest-risk party in this case: Sanjay Raj (Person, flagged as CRITICAL risk, score 50.7). Other entities involved: Selvam Rajan (Person, flagged as high risk, score 36.4). The suspect is part of Gang-04, a cluster of 278 linked entities (with other known suspects). Anomaly flags: Selvam Rajan: Multi-Source Suspect (Suspect confirmed in sources: CDR|FIR|Financial|SocialMedia) | Sanjay Raj: Degree Spike (Degree 156.79 >> mean 11.0) | Sanjay Raj: High Financial Activity (Linked to 7 financial records)"
FIR-2026-00236,Physical Assault,Vaigai Layout Market Road,22-10-2025,PER-0203,PER-0027,50.69,Critical,4,"FIR FIR-2026-00236 — Physical Assault at Vaigai Layout Market Road on 22-10-2025. Highest-risk party in this case: Sanjay Raj (Person, flagged as CRITICAL risk, score 50.7). Other entities involved: Karthik Velan (Person, flagged as CRITICAL risk, score 46.5); Arun Muthu (Person, showing moderate risk indicators, score 27.1). The suspect is part of Gang-04, a cluster of 278 linked entities (with other known suspects). Anomaly flags: Karthik Velan: Multi-Source Suspect (Suspect confirmed in sources: CDR|FIR|Financial|SocialMedia) | Sanjay Raj: Degree Spike (Degree 156.79 >> mean 11.0) | Sanjay Raj: High Financial Activity (Linked to 7 financial records) | Karthik Velan: Degree Spike (Degree 85.01333333333335 >> mean 11.0)"
FIR-2026-00075,Forged Signature,Roja Park Main Street,16-05-2025,PER-0087,PER-0027,50.69,Critical,3,"FIR FIR-2026-00075 — Forged Signature at Roja Park Main Street on 16-05-2025. Highest-risk party in this case: Sanjay Raj (Person, flagged as CRITICAL risk, score 50.7). Other entities involved: Anand Krishnan (Person, flagged as high risk, score 34.2). The suspect is part of Gang-02, a cluster of 308 linked entities (with other known suspects). Anomaly flags: Anand Krishnan: Multi-Source Suspect (Suspect confirmed in sources: CDR|FIR|Financial|SocialMedia) | Sanjay Raj: Degree Spike (Degree 156.79 >> mean 11.0) | Sanjay Raj: High Financial Activity (Linked to 7 financial records)"
FIR-2026-00308,Loan Recovery Harassment,Nallur Garden Residential Colony,03-01-2026,,PER-0027,50.69,Critical,2,"FIR FIR-2026-00308 — Loan Recovery Harassment at Nallur Garden Residential Colony on 03-01-2026. Highest-risk party in this case: Sanjay Raj (Person, flagged as CRITICAL risk, score 50.7). Anomaly flags: Sanjay Raj: Degree Spike (Degree 156.79 >> mean 11.0) | Sanjay Raj: High Financial Activity (Linked to 7 financial records)"
FIR-2026-00115,Bank Transaction Fraud,Ezhil Garden Shopping Complex,02-07-2025,PER-0194,PER-0027,50.69,Critical,3,"FIR FIR-2026-00115 — Bank Transaction Fraud at Ezhil Garden Shopping Complex on 02-07-2025. Highest-risk party in this case: Sanjay Raj (Person, flagged as CRITICAL risk, score 50.7). Other entities involved: Rakesh Gopal (Person, flagged as high risk, score 37.7). The suspect is part of Gang-04, a cluster of 278 linked entities (with other known suspects). Anomaly flags: Rakesh Gopal: Multi-Source Suspect (Suspect confirmed in sources: CDR|FIR|Financial|SocialMedia) | Sanjay Raj: Degree Spike (Degree 156.79 >> mean 11.0) | Sanjay Raj: High Financial Activity (Linked to 7 financial records)"
FIR-2026-00464,Missing Adult,Amudham Park Railway Station Road,11-07-2026,,PER-0027,50.69,Critical,2,"FIR FIR-2026-00464 — Missing Adult at Amudham Park Railway Station Road on 11-07-2026. Highest-risk party in this case: Sanjay Raj (Person, flagged as CRITICAL risk, score 50.7). Anomaly flags: Sanjay Raj: Degree Spike (Degree 156.79 >> mean 11.0) | Sanjay Raj: High Financial Activity (Linked to 7 financial records)"
FIR-2026-00470,Fake Certificate,Iniyan Puram College Road,21-07-2026,PER-0280,PER-0027,50.69,Critical,3,"FIR FIR-2026-00470 — Fake Certificate at Iniyan Puram College Road on 21-07-2026. Highest-risk party in this case: Sanjay Raj (Person, flagged as CRITICAL risk, score 50.7). Other entities involved: Sanjay Gopal (Person, showing moderate risk indicators, score 21.4). The suspect is part of Gang-05, a cluster of 95 linked entities (with other known suspects). Anomaly flags: Sanjay Gopal: Multi-Source Suspect (Suspect confirmed in sources: CDR|FIR|Financial|SocialMedia) | Sanjay Raj: Degree Spike (Degree 156.79 >> mean 11.0) | Sanjay Raj: High Financial Activity (Linked to 7 financial records)"
FIR-2026-00420,Phishing,Alli Colony College Road,18-05-2026,PER-0052,PER-0027,50.69,Critical,4,"FIR FIR-2026-00420 — Phishing at Alli Colony College Road on 18-05-2026. Highest-risk party in this case: Sanjay Raj (Person, flagged as CRITICAL risk, score 50.7). Other entities involved: Mathan Raman (Person, flagged as CRITICAL risk, score 47.1). The suspect is part of Gang-04, a cluster of 278 linked entities (with other known suspects). Anomaly flags: Mathan Raman: Multi-Source Suspect (Suspect confirmed in sources: CDR|FIR|Financial|SocialMedia) | Sanjay Raj: Degree Spike (Degree 156.79 >> mean 11.0) | Sanjay Raj: High Financial Activity (Linked to 7 financial records) | Mathan Raman: Degree Spike (Degree 92.91999999999999 >> mean 11.0)"
FIR-2026-00369,Truck Theft,Nila Park Industrial Area,23-03-2026,PER-0357,PER-0074,49.79,Critical,5,"FIR FIR-2026-00369 — Truck Theft at Nila Park Industrial Area on 23-03-2026. Highest-risk party in this case: Padmini Raj (Person, flagged as CRITICAL risk, score 49.8). Other entities involved: Vijay Raman (Person, flagged as CRITICAL risk, score 40.1); Nithin Velan (Person, flagged as CRITICAL risk, score 46.1). The suspect is part of Gang-03, a cluster of 307 linked entities (with other known suspects). Anomaly flags: Nithin Velan: Multi-Source Suspect (Suspect confirmed in sources: CDR|FIR|Financial|SocialMedia) | Vijay Raman: Multi-Source Suspect (Suspect confirmed in sources: CDR|FIR|Financial|SocialMedia) | Padmini Raj: High Financial Activity (Linked to 8 financial records) | Padmini Raj: Degree Spike (Degree 80.58333333333334 >> mean 11.0) | Nithin Velan: Cross-Role Conflict (Same entity in roles: Associate|Callee|Caller|SocialMention|Suspect|TransactionMobile|Witness)"
FIR-2026-00036,Bank Transaction Fraud,Kalai Puram Apartment Complex,18-03-2025,PER-0080,PER-0001,48.82,Critical,5,"FIR FIR-2026-00036 — Bank Transaction Fraud at Kalai Puram Apartment Complex on 18-03-2025. Highest-risk party in this case: Nandha Karuppasamy (Person, flagged as CRITICAL risk, score 48.8). Other entities involved: Lavanya Ammal (Person, flagged as CRITICAL risk, score 39.7); Mathan Raman (Person, flagged as CRITICAL risk, score 47.1). The suspect is part of Gang-04, a cluster of 278 linked entities (with other known suspects). Anomaly flags: Mathan Raman: Multi-Source Suspect (Suspect confirmed in sources: CDR|FIR|Financial|SocialMedia) | Nandha Karuppasamy: Multi-Source Suspect (Suspect confirmed in sources: CDR|FIR|SocialMedia) | Lavanya Ammal: Degree Spike (Degree 119.95666666666666 >> mean 11.0) | Nandha Karuppasamy: Degree Spike (Degree 104.20333333333333 >> mean 11.0) | Mathan Raman: Degree Spike (Degree 92.91999999999999 >> mean 11.0)"
FIR-2026-00123,UPI Fraud,Kalai Puram Apartment Complex,11-07-2025,PER-0080,PER-0204,48.82,Critical,5,"FIR FIR-2026-00123 — UPI Fraud at Kalai Puram Apartment Complex on 11-07-2025. Highest-risk party in this case: Nandha Karuppasamy (Person, flagged as CRITICAL risk, score 48.8). Other entities involved: Keerthana Sri (Person, flagged as high risk, score 34.3); Mathan Raman (Person, flagged as CRITICAL risk, score 47.1). The suspect is part of Gang-04, a cluster of 278 linked entities (with other known suspects). Anomaly flags: Mathan Raman: Multi-Source Suspect (Suspect confirmed in sources: CDR|FIR|Financial|SocialMedia) | Nandha Karuppasamy: Multi-Source Suspect (Suspect confirmed in sources: CDR|FIR|SocialMedia) | Keerthana Sri: High Financial Activity (Linked to 7 financial records) | Nandha Karuppasamy: Degree Spike (Degree 104.20333333333333 >> mean 11.0) | Mathan Raman: Degree Spike (Degree 92.91999999999999 >> mean 11.0)"
FIR-2026-00228,Advance Payment Cheating,Nallur Puram Market Road,10-10-2025,PER-0080,PER-0285,48.82,Critical,2,"FIR FIR-2026-00228 — Advance Payment Cheating at Nallur Puram Market Road on 10-10-2025. Highest-risk party in this case: Nandha Karuppasamy (Person, flagged as CRITICAL risk, score 48.8). Other entities involved: Saravanan Gopal (Person, flagged as high risk, score 27.6). The suspect is part of Gang-04, a cluster of 278 linked entities (with other known suspects). Anomaly flags: Nandha Karuppasamy: Multi-Source Suspect (Suspect confirmed in sources: CDR|FIR|SocialMedia) | Nandha Karuppasamy: Degree Spike (Degree 104.20333333333333 >> mean 11.0)"
FIR-2026-00223,Advance Payment Cheating,Nallur Park Main Street,08-10-2025,PER-0080,PER-0257,48.82,Critical,2,"FIR FIR-2026-00223 — Advance Payment Cheating at Nallur Park Main Street on 08-10-2025. Highest-risk party in this case: Nandha Karuppasamy (Person, flagged as CRITICAL risk, score 48.8). Other entities involved: Geetha Kumari (Person, flagged as high risk, score 31.1). The suspect is part of Gang-04, a cluster of 278 linked entities (with other known suspects). Anomaly flags: Nandha Karuppasamy: Multi-Source Suspect (Suspect confirmed in sources: CDR|FIR|SocialMedia) | Nandha Karuppasamy: Degree Spike (Degree 104.20333333333333 >> mean 11.0)"
FIR-2026-00169,Extortion Call,Sindhu Garden Residential Colony,21-08-2025,PER-0113,PER-0094,48.78,Critical,4,"FIR FIR-2026-00169 — Extortion Call at Sindhu Garden Residential Colony on 21-08-2025. Highest-risk party in this case: Bharathi Ammal (Person, flagged as CRITICAL risk, score 48.8). Other entities involved: Jagan Raman (Person, flagged as CRITICAL risk, score 46.0); Siva Muthu (Person, flagged as high risk, score 33.6). The suspect is part of Gang-04, a cluster of 278 linked entities (with other known suspects). Anomaly flags: Jagan Raman: Multi-Source Suspect (Suspect confirmed in sources: CDR|FIR|Financial|SocialMedia) | Jagan Raman: Degree Spike (Degree 90.04666666666668 >> mean 11.0) | Bharathi Ammal: Degree Spike (Degree 84.06000000000002 >> mean 11.0) | Bharathi Ammal: High Financial Activity (Linked to 7 financial records)"
FIR-2026-00044,Property Theft,Amudham Nagar Main Street,30-03-2025,PER-0095,PER-0094,48.78,Critical,3,"FIR FIR-2026-00044 — Property Theft at Amudham Nagar Main Street on 30-03-2025. Highest-risk party in this case: Bharathi Ammal (Person, flagged as CRITICAL risk, score 48.8). Other entities involved: Udhay Anand (Person, flagged as high risk, score 35.9); Udhay Shankar (Person, showing moderate risk indicators, score 26.4). The suspect is part of Gang-02, a cluster of 308 linked entities (with other known suspects). Anomaly flags: Udhay Anand: Multi-Source Suspect (Suspect confirmed in sources: CDR|FIR|Financial|SocialMedia) | Bharathi Ammal: Degree Spike (Degree 84.06000000000002 >> mean 11.0) | Bharathi Ammal: High Financial Activity (Linked to 7 financial records)"
FIR-2026-00331,Gold Chain Snatching,Amudham Garden Market Road,04-02-2026,PER-0089,PER-0094,48.78,Critical,3,"FIR FIR-2026-00331 — Gold Chain Snatching at Amudham Garden Market Road on 04-02-2026. Highest-risk party in this case: Bharathi Ammal (Person, flagged as CRITICAL risk, score 48.8). Other entities involved: Praveen Sekar (Person, flagged as high risk, score 38.4); Jeeva Muthu (Person, showing moderate risk indicators, score 26.7). The suspect is part of Gang-04, a cluster of 278 linked entities (with other known suspects). Anomaly flags: Praveen Sekar: Multi-Source Suspect (Suspect confirmed in sources: CDR|FIR|Financial|SocialMedia) | Bharathi Ammal: Degree Spike (Degree 84.06000000000002 >> mean 11.0) | Bharathi Ammal: High Financial Activity (Linked to 7 financial records)"
FIR-2026-00106,Neighbour Harassment,Nallur Garden Residential Colony,17-06-2025,PER-0154,PER-0094,48.78,Critical,3,"FIR FIR-2026-00106 — Neighbour Harassment at Nallur Garden Residential Colony on 17-06-2025. Highest-risk party in this case: Bharathi Ammal (Person, flagged as CRITICAL risk, score 48.8). Other entities involved: Bharathi Raj (Person, flagged as high risk, score 36.3). The suspect is part of Gang-03, a cluster of 307 linked entities (with other known suspects). Anomaly flags: Bharathi Raj: Multi-Source Suspect (Suspect confirmed in sources: CDR|FIR|Financial|SocialMedia) | Bharathi Ammal: Degree Spike (Degree 84.06000000000002 >> mean 11.0) | Bharathi Ammal: High Financial Activity (Linked to 7 financial records)"
FIR-2026-00024,Mobile Theft,Kalai Park Main Street,26-02-2025,PER-0022,PER-0055,48.35,Critical,2,"FIR FIR-2026-00024 — Mobile Theft at Kalai Park Main Street on 26-02-2025. Highest-risk party in this case: Pandian Thangaraj (Person, flagged as CRITICAL risk, score 48.4). Other entities involved: Arun Natarajan (Person, flagged as high risk, score 28.9). The suspect is part of Gang-04, a cluster of 278 linked entities (with other known suspects). Anomaly flags: Pandian Thangaraj: Multi-Source Suspect (Suspect confirmed in sources: CDR|FIR|Financial|SocialMedia) | Pandian Thangaraj: Degree Spike (Degree 85.98666666666668 >> mean 11.0)"
FIR-2026-00091,Forged Signature,Roja Park Main Street,21-05-2025,PER-0022,PER-0018,48.35,Critical,2,"FIR FIR-2026-00091 — Forged Signature at Roja Park Main Street on 21-05-2025. Highest-risk party in this case: Pandian Thangaraj (Person, flagged as CRITICAL risk, score 48.4). Other entities involved: Hemanth Murugan (Person, flagged as high risk, score 28.2). The suspect is part of Gang-04, a cluster of 278 linked entities (with other known suspects). Anomaly flags: Pandian Thangaraj: Multi-Source Suspect (Suspect confirmed in sources: CDR|FIR|Financial|SocialMedia) | Pandian Thangaraj: Degree Spike (Degree 85.98666666666668 >> mean 11.0)"
FIR-2026-00028,Truck Theft,Mullai Puram Parking Area,01-03-2025,PER-0022,PER-0040,48.35,Critical,3,"FIR FIR-2026-00028 — Truck Theft at Mullai Puram Parking Area on 01-03-2025. Highest-risk party in this case: Pandian Thangaraj (Person, flagged as CRITICAL risk, score 48.4). Other entities involved: Deepa Selvam (Person, flagged as high risk, score 33.1); Revathi Ammal (Person, showing low risk indicators, score 11.9). The suspect is part of Gang-04, a cluster of 278 linked entities (with other known suspects). Anomaly flags: Pandian Thangaraj: Multi-Source Suspect (Suspect confirmed in sources: CDR|FIR|Financial|SocialMedia) | Deepa Selvam: High Financial Activity (Linked to 8 financial records) | Pandian Thangaraj: Degree Spike (Degree 85.98666666666668 >> mean 11.0)"
FIR-2026-00021,Truck Theft,Mullai Puram Parking Area,22-02-2025,PER-0022,PER-0018,48.35,Critical,2,"FIR FIR-2026-00021 — Truck Theft at Mullai Puram Parking Area on 22-02-2025. Highest-risk party in this case: Pandian Thangaraj (Person, flagged as CRITICAL risk, score 48.4). Other entities involved: Hemanth Murugan (Person, flagged as high risk, score 28.2). The suspect is part of Gang-04, a cluster of 278 linked entities (with other known suspects). Anomaly flags: Pandian Thangaraj: Multi-Source Suspect (Suspect confirmed in sources: CDR|FIR|Financial|SocialMedia) | Pandian Thangaraj: Degree Spike (Degree 85.98666666666668 >> mean 11.0)"
FIR-2026-00463,Chit Fund Fraud,Roja Park Main Street,29-06-2026,PER-0253,PER-0223,47.9,Critical,4,"FIR FIR-2026-00463 — Chit Fund Fraud at Roja Park Main Street on 29-06-2026. Highest-risk party in this case: Harish Murugan (Person, flagged as CRITICAL risk, score 47.9). Other entities involved: Gunasekar Murugan (Person, flagged as CRITICAL risk, score 45.6); Kavitha Sri (Person, showing moderate risk indicators, score 24.7). The suspect is part of Gang-04, a cluster of 278 linked entities (with other known suspects). Anomaly flags: Harish Murugan: Multi-Source Suspect (Suspect confirmed in sources: CDR|FIR|SocialMedia) | Gunasekar Murugan: High Financial Activity (Linked to 8 financial records) | Harish Murugan: Degree Spike (Degree 103.41666666666669 >> mean 11.0) | Gunasekar Murugan: Degree Spike (Degree 77.31333333333333 >> mean 11.0)"
FIR-2026-00374,Chit Fund Fraud,Nallur Nagar Main Street,16-03-2026,PER-0253,PER-0275,47.9,Critical,4,"FIR FIR-2026-00374 — Chit Fund Fraud at Nallur Nagar Main Street on 16-03-2026. Highest-risk party in this case: Harish Murugan (Person, flagged as CRITICAL risk, score 47.9). Other entities involved: Harish Selvam (Person, flagged as high risk, score 28.2); Mathan Raman (Person, flagged as CRITICAL risk, score 47.1). The suspect is part of Gang-04, a cluster of 278 linked entities (with other known suspects). Anomaly flags: Harish Murugan: Multi-Source Suspect (Suspect confirmed in sources: CDR|FIR|SocialMedia) | Mathan Raman: Multi-Source Suspect (Suspect confirmed in sources: CDR|FIR|Financial|SocialMedia) | Harish Murugan: Degree Spike (Degree 103.41666666666669 >> mean 11.0) | Mathan Raman: Degree Spike (Degree 92.91999999999999 >> mean 11.0)"
FIR-2026-00450,UPI Fraud,Mullai Colony Shopping Complex,26-06-2026,PER-0253,PER-0319,47.9,Critical,4,"FIR FIR-2026-00450 — UPI Fraud at Mullai Colony Shopping Complex on 26-06-2026. Highest-risk party in this case: Harish Murugan (Person, flagged as CRITICAL risk, score 47.9). Other entities involved: Babu Murugan (Person, showing moderate risk indicators, score 27.4); Mathan Raman (Person, flagged as CRITICAL risk, score 47.1). The suspect is part of Gang-04, a cluster of 278 linked entities (with other known suspects). Anomaly flags: Harish Murugan: Multi-Source Suspect (Suspect confirmed in sources: CDR|FIR|SocialMedia) | Mathan Raman: Multi-Source Suspect (Suspect confirmed in sources: CDR|FIR|Financial|SocialMedia) | Harish Murugan: Degree Spike (Degree 103.41666666666669 >> mean 11.0) | Mathan Raman: Degree Spike (Degree 92.91999999999999 >> mean 11.0)"
FIR-2026-00451,Street Robbery,Iniyan Puram College Road,02-07-2026,PER-0253,PER-0177,47.9,Critical,3,"FIR FIR-2026-00451 — Street Robbery at Iniyan Puram College Road on 02-07-2026. Highest-risk party in this case: Harish Murugan (Person, flagged as CRITICAL risk, score 47.9). Other entities involved: Inban Balan (Person, flagged as high risk, score 39.1). The suspect is part of Gang-04, a cluster of 278 linked entities (with other known suspects). Anomaly flags: Harish Murugan: Multi-Source Suspect (Suspect confirmed in sources: CDR|FIR|SocialMedia) | Inban Balan: High Financial Activity (Linked to 7 financial records) | Harish Murugan: Degree Spike (Degree 103.41666666666669 >> mean 11.0)"
FIR-2026-00215,Mobile Theft,Vaigai Layout Market Road,03-10-2025,PER-0259,PER-0068,47.9,Critical,4,"FIR FIR-2026-00215 — Mobile Theft at Vaigai Layout Market Road on 03-10-2025. Highest-risk party in this case: Harish Murugan (Person, flagged as CRITICAL risk, score 47.9). Other entities involved: Chithra Kannan (Person, flagged as CRITICAL risk, score 46.0); Jagan Gopal (Person, flagged as high risk, score 30.9). The suspect is part of Gang-04, a cluster of 278 linked entities (with other known suspects). Anomaly flags: Chithra Kannan: Multi-Source Suspect (Suspect confirmed in sources: CDR|FIR|Financial|SocialMedia) | Harish Murugan: Multi-Source Suspect (Suspect confirmed in sources: CDR|FIR|SocialMedia) | Harish Murugan: Degree Spike (Degree 103.41666666666669 >> mean 11.0) | Chithra Kannan: Degree Spike (Degree 90.07333333333332 >> mean 11.0)"
FIR-2026-00232,Forged Signature,Senthil Garden Main Street,17-10-2025,PER-0253,PER-0139,47.9,Critical,2,"FIR FIR-2026-00232 — Forged Signature at Senthil Garden Main Street on 17-10-2025. Highest-risk party in this case: Harish Murugan (Person, flagged as CRITICAL risk, score 47.9). Other entities involved: Logesh Palanisamy (Person, flagged as high risk, score 29.1). The suspect is part of Gang-04, a cluster of 278 linked entities (with other known suspects). Anomaly flags: Harish Murugan: Multi-Source Suspect (Suspect confirmed in sources: CDR|FIR|SocialMedia) | Harish Murugan: Degree Spike (Degree 103.41666666666669 >> mean 11.0)"
FIR-2026-00185,Investment Fraud,Ezhil Garden Shopping Complex,02-09-2025,PER-0221,PER-0001,47.9,Critical,4,"FIR FIR-2026-00185 — Investment Fraud at Ezhil Garden Shopping Complex on 02-09-2025. Highest-risk party in this case: Harish Murugan (Person, flagged as CRITICAL risk, score 47.9). Other entities involved: Nithin Murugan (Person, flagged as high risk, score 34.4); Lavanya Ammal (Person, flagged as CRITICAL risk, score 39.7). The suspect is part of Gang-02, a cluster of 308 linked entities (with other known suspects). Anomaly flags: Harish Murugan: Multi-Source Suspect (Suspect confirmed in sources: CDR|FIR|SocialMedia) | Nithin Murugan: Multi-Source Suspect (Suspect confirmed in sources: CDR|FIR|Financial|SocialMedia) | Lavanya Ammal: Degree Spike (Degree 119.95666666666666 >> mean 11.0) | Harish Murugan: Degree Spike (Degree 103.41666666666669 >> mean 11.0)"
FIR-2026-00034,Property Theft,Nallur Park Main Street,17-03-2025,PER-0078,PER-0077,47.26,Critical,3,"FIR FIR-2026-00034 — Property Theft at Nallur Park Main Street on 17-03-2025. Highest-risk party in this case: Gokul Muthu (Person, flagged as CRITICAL risk, score 47.3). Other entities involved: Anand Arumugam (Person, flagged as high risk, score 33.2). The suspect is part of Gang-02, a cluster of 308 linked entities (with other known suspects). Anomaly flags: Gokul Muthu: Multi-Source Suspect (Suspect confirmed in sources: CDR|FIR|Financial|SocialMedia) | Anand Arumugam: High Financial Activity (Linked to 7 financial records) | Gokul Muthu: High Financial Activity (Linked to 10 financial records)"
FIR-2026-00048,Truck Theft,Roja Layout Industrial Area,03-04-2025,PER-0078,PER-0101,47.26,Critical,3,"FIR FIR-2026-00048 — Truck Theft at Roja Layout Industrial Area on 03-04-2025. Highest-risk party in this case: Gokul Muthu (Person, flagged as CRITICAL risk, score 47.3). Other entities involved: Abirami Sekar (Person, flagged as high risk, score 37.8). The suspect is part of Gang-02, a cluster of 308 linked entities (with other known suspects). Anomaly flags: Gokul Muthu: Multi-Source Suspect (Suspect confirmed in sources: CDR|FIR|Financial|SocialMedia) | Gokul Muthu: High Financial Activity (Linked to 10 financial records) | Abirami Sekar: Degree Spike (Degree 87.70666666666666 >> mean 11.0)"
FIR-2026-00078,Street Robbery,Roja Park Main Street,19-05-2025,PER-0137,PER-0149,47.22,Critical,2,"FIR FIR-2026-00078 — Street Robbery at Roja Park Main Street on 19-05-2025. Highest-risk party in this case: Gunasekar Anand (Person, flagged as CRITICAL risk, score 47.2). Other entities involved: Deviga Devi (Person, flagged as high risk, score 28.9); Sanjay Mani (Person, flagged as high risk, score 27.7). The suspect is part of Gang-04, a cluster of 278 linked entities (with other known suspects). Anomaly flags: Gunasekar Anand: Multi-Source Suspect (Suspect confirmed in sources: CDR|FIR|Financial) | Gunasekar Anand: Degree Spike (Degree 83.22 >> mean 11.0)"
FIR-2026-00261,Illegal Occupation,Vaigai Layout Market Road,13-11-2025,PER-0259,PER-0081,47.22,Critical,4,"FIR FIR-2026-00261 — Illegal Occupation at Vaigai Layout Market Road on 13-11-2025. Highest-risk party in this case: Gunasekar Anand (Person, flagged as CRITICAL risk, score 47.2). Other entities involved: Chithra Kannan (Person, flagged as CRITICAL risk, score 46.0); Dinesh Nathan (Person, showing moderate risk indicators, score 26.2). The suspect is part of Gang-04, a cluster of 278 linked entities (with other known suspects). Anomaly flags: Chithra Kannan: Multi-Source Suspect (Suspect confirmed in sources: CDR|FIR|Financial|SocialMedia) | Gunasekar Anand: Multi-Source Suspect (Suspect confirmed in sources: CDR|FIR|Financial) | Chithra Kannan: Degree Spike (Degree 90.07333333333332 >> mean 11.0) | Gunasekar Anand: Degree Spike (Degree 83.22 >> mean 11.0)"
FIR-2026-00436,Bank Transaction Fraud,Sindhu Garden Residential Colony,07-06-2026,PER-0309,PER-0090,47.22,Critical,3,"FIR FIR-2026-00436 — Bank Transaction Fraud at Sindhu Garden Residential Colony on 07-06-2026. Highest-risk party in this case: Gunasekar Anand (Person, flagged as CRITICAL risk, score 47.2). Other entities involved: Sathish Ramasamy (Person, flagged as high risk, score 37.0); Anand Natarajan (Person, flagged as high risk, score 29.2). The suspect is part of Gang-04, a cluster of 278 linked entities (with other known suspects). Anomaly flags: Gunasekar Anand: Multi-Source Suspect (Suspect confirmed in sources: CDR|FIR|Financial) | Sathish Ramasamy: Multi-Source Suspect (Suspect confirmed in sources: CDR|FIR|Financial|SocialMedia) | Gunasekar Anand: Degree Spike (Degree 83.22 >> mean 11.0)"
FIR-2026-00068,Pickpocketing,Kurinji Puram Railway Station Road,08-05-2025,PER-0137,PER-0136,47.22,Critical,2,"FIR FIR-2026-00068 — Pickpocketing at Kurinji Puram Railway Station Road on 08-05-2025. Highest-risk party in this case: Gunasekar Anand (Person, flagged as CRITICAL risk, score 47.2). Other entities involved: Durga Raman (Person, flagged as high risk, score 28.4); Sanjay Mani (Person, flagged as high risk, score 27.7). The suspect is part of Gang-04, a cluster of 278 linked entities (with other known suspects). Anomaly flags: Gunasekar Anand: Multi-Source Suspect (Suspect confirmed in sources: CDR|FIR|Financial) | Gunasekar Anand: Degree Spike (Degree 83.22 >> mean 11.0)"
FIR-2026-00074,Pickpocketing,Kurinji Puram Railway Station Road,15-05-2025,PER-0137,PER-0145,47.22,Critical,3,"FIR FIR-2026-00074 — Pickpocketing at Kurinji Puram Railway Station Road on 15-05-2025. Highest-risk party in this case: Gunasekar Anand (Person, flagged as CRITICAL risk, score 47.2). Other entities involved: Tamilselvi Devi (Person, flagged as high risk, score 36.6). The suspect is part of Gang-04, a cluster of 278 linked entities (with other known suspects). Anomaly flags: Gunasekar Anand: Multi-Source Suspect (Suspect confirmed in sources: CDR|FIR|Financial) | Tamilselvi Devi: Degree Spike (Degree 83.66000000000003 >> mean 11.0) | Gunasekar Anand: Degree Spike (Degree 83.22 >> mean 11.0)"
FIR-2026-00167,Illegal Occupation,Vaigai Layout Market Road,19-08-2025,PER-0243,PER-0004,47.15,Critical,3,"FIR FIR-2026-00167 — Illegal Occupation at Vaigai Layout Market Road on 19-08-2025. Highest-risk party in this case: Mathan Raman (Person, flagged as CRITICAL risk, score 47.1). Other entities involved: Bharath Selvam (Person, flagged as high risk, score 37.8); Thirumal Babu (Person, flagged as high risk, score 31.1). The suspect is part of Gang-04, a cluster of 278 linked entities (with other known suspects). Anomaly flags: Mathan Raman: Multi-Source Suspect (Suspect confirmed in sources: CDR|FIR|Financial|SocialMedia) | Bharath Selvam: Multi-Source Suspect (Suspect confirmed in sources: CDR|FIR|Financial|SocialMedia) | Mathan Raman: Degree Spike (Degree 92.91999999999999 >> mean 11.0)"
FIR-2026-00253,Illegal Occupation,Sevvanthi Park Shopping Complex,28-10-2025,PER-0300,PER-0177,47.15,Critical,4,"FIR FIR-2026-00253 — Illegal Occupation at Sevvanthi Park Shopping Complex on 28-10-2025. Highest-risk party in this case: Mathan Raman (Person, flagged as CRITICAL risk, score 47.1). Other entities involved: Logesh Subramani (Person, flagged as high risk, score 38.1); Inban Balan (Person, flagged as high risk, score 39.1). The suspect is part of Gang-04, a cluster of 278 linked entities (with other known suspects). Anomaly flags: Mathan Raman: Multi-Source Suspect (Suspect confirmed in sources: CDR|FIR|Financial|SocialMedia) | Logesh Subramani: Multi-Source Suspect (Suspect confirmed in sources: CDR|FIR|Financial|SocialMedia) | Inban Balan: High Financial Activity (Linked to 7 financial records) | Mathan Raman: Degree Spike (Degree 92.91999999999999 >> mean 11.0)"
FIR-2026-00022,Property Theft,Mullai Puram Parking Area,20-02-2025,PER-0051,PER-0050,47.15,Critical,3,"FIR FIR-2026-00022 — Property Theft at Mullai Puram Parking Area on 20-02-2025. Highest-risk party in this case: Mathan Raman (Person, flagged as CRITICAL risk, score 47.1). Other entities involved: Mohan Kumar (Person, flagged as high risk, score 35.7); Sudha Kannan (Person, flagged as high risk, score 28.6). The suspect is part of Gang-04, a cluster of 278 linked entities (with other known suspects). Anomaly flags: Mathan Raman: Multi-Source Suspect (Suspect confirmed in sources: CDR|FIR|Financial|SocialMedia) | Mohan Kumar: Multi-Source Suspect (Suspect confirmed in sources: CDR|FIR|Financial|SocialMedia) | Mathan Raman: Degree Spike (Degree 92.91999999999999 >> mean 11.0)"
FIR-2026-00408,Fake Certificate,Mangai Layout Shopping Complex,04-05-2026,PER-0052,PER-0083,47.15,Critical,3,"FIR FIR-2026-00408 — Fake Certificate at Mangai Layout Shopping Complex on 04-05-2026. Highest-risk party in this case: Mathan Raman (Person, flagged as CRITICAL risk, score 47.1). Other entities involved: Babu Selvam (Person, flagged as high risk, score 38.3). The suspect is part of Gang-04, a cluster of 278 linked entities (with other known suspects). Anomaly flags: Mathan Raman: Multi-Source Suspect (Suspect confirmed in sources: CDR|FIR|Financial|SocialMedia) | Babu Selvam: Degree Spike (Degree 96.2 >> mean 11.0) | Mathan Raman: Degree Spike (Degree 92.91999999999999 >> mean 11.0)"
FIR-2026-00314,Bank Transaction Fraud,Selvapuram Puram Main Street,08-01-2026,PER-0052,PER-0332,47.15,Critical,2,"FIR FIR-2026-00314 — Bank Transaction Fraud at Selvapuram Puram Main Street on 08-01-2026. Highest-risk party in this case: Mathan Raman (Person, flagged as CRITICAL risk, score 47.1). Other entities involved: Vasanthi Ammal (Person, flagged as high risk, score 28.4). The suspect is part of Gang-04, a cluster of 278 linked entities (with other known suspects). Anomaly flags: Mathan Raman: Multi-Source Suspect (Suspect confirmed in sources: CDR|FIR|Financial|SocialMedia) | Mathan Raman: Degree Spike (Degree 92.91999999999999 >> mean 11.0)"
FIR-2026-00120,Phishing,Kalai Puram Apartment Complex,07-07-2025,PER-0012,PER-0201,47.15,Critical,3,"FIR FIR-2026-00120 — Phishing at Kalai Puram Apartment Complex on 07-07-2025. Highest-risk party in this case: Mathan Raman (Person, flagged as CRITICAL risk, score 47.1). Other entities involved: Thirumal Palanisamy (Person, flagged as high risk, score 34.8); Praveen Kumar (Person, showing moderate risk indicators, score 24.6). The suspect is part of Gang-02, a cluster of 308 linked entities (with other known suspects). Anomaly flags: Mathan Raman: Multi-Source Suspect (Suspect confirmed in sources: CDR|FIR|Financial|SocialMedia) | Thirumal Palanisamy: Multi-Source Suspect (Suspect confirmed in sources: CDR|FIR|Financial|SocialMedia) | Mathan Raman: Degree Spike (Degree 92.91999999999999 >> mean 11.0)"
FIR-2026-00418,Online Shopping Fraud,Nallur Garden Residential Colony,17-05-2026,PER-0356,PER-0378,47.15,Critical,3,"FIR FIR-2026-00418 — Online Shopping Fraud at Nallur Garden Residential Colony on 17-05-2026. Highest-risk party in this case: Mathan Raman (Person, flagged as CRITICAL risk, score 47.1). Other entities involved: Senthil Natarajan (Person, flagged as high risk, score 38.2); Senthil Raman (Person, flagged as high risk, score 27.7). The suspect is part of Gang-03, a cluster of 307 linked entities (with other known suspects). Anomaly flags: Mathan Raman: Multi-Source Suspect (Suspect confirmed in sources: CDR|FIR|Financial|SocialMedia) | Senthil Natarajan: Multi-Source Suspect (Suspect confirmed in sources: CDR|FIR|Financial|SocialMedia) | Mathan Raman: Degree Spike (Degree 92.91999999999999 >> mean 11.0)"
FIR-2026-00264,Illegal Occupation,Sevvanthi Park Shopping Complex,11-11-2025,PER-0259,PER-0102,47.15,Critical,4,"FIR FIR-2026-00264 — Illegal Occupation at Sevvanthi Park Shopping Complex on 11-11-2025. Highest-risk party in this case: Mathan Raman (Person, flagged as CRITICAL risk, score 47.1). Other entities involved: Chithra Kannan (Person, flagged as CRITICAL risk, score 46.0); Malathi Kumari (Person, flagged as high risk, score 28.5). The suspect is part of Gang-04, a cluster of 278 linked entities (with other known suspects). Anomaly flags: Chithra Kannan: Multi-Source Suspect (Suspect confirmed in sources: CDR|FIR|Financial|SocialMedia) | Mathan Raman: Multi-Source Suspect (Suspect confirmed in sources: CDR|FIR|Financial|SocialMedia) | Chithra Kannan: Degree Spike (Degree 90.07333333333332 >> mean 11.0) | Mathan Raman: Degree Spike (Degree 92.91999999999999 >> mean 11.0)"
FIR-2026-00396,Motorcycle Theft,Vaigai Park Parking Area,24-04-2026,PER-0352,PER-0116,46.85,Critical,2,"FIR FIR-2026-00396 — Motorcycle Theft at Vaigai Park Parking Area on 24-04-2026. Highest-risk party in this case: Yuvaraj Natarajan (Person, flagged as CRITICAL risk, score 46.9). Other entities involved: Latha Sekar (Person, showing moderate risk indicators, score 27.0); Siva Muthu (Person, flagged as high risk, score 33.6). The suspect is part of Gang-04, a cluster of 278 linked entities (with other known suspects). Anomaly flags: Yuvaraj Natarajan: Multi-Source Suspect (Suspect confirmed in sources: CDR|FIR|Financial|SocialMedia) | Yuvaraj Natarajan: Degree Spike (Degree 87.69666666666666 >> mean 11.0)"
FIR-2026-00389,Shop Robbery,Selvapuram Puram Main Street,16-04-2026,PER-0352,PER-0148,46.85,Critical,2,"FIR FIR-2026-00389 — Shop Robbery at Selvapuram Puram Main Street on 16-04-2026. Highest-risk party in this case: Yuvaraj Natarajan (Person, flagged as CRITICAL risk, score 46.9). Other entities involved: Kishore Selvam (Person, flagged as high risk, score 27.4); Siva Muthu (Person, flagged as high risk, score 33.6). The suspect is part of Gang-04, a cluster of 278 linked entities (with other known suspects). Anomaly flags: Yuvaraj Natarajan: Multi-Source Suspect (Suspect confirmed in sources: CDR|FIR|Financial|SocialMedia) | Yuvaraj Natarajan: Degree Spike (Degree 87.69666666666666 >> mean 11.0)"
FIR-2026-00471,Highway Robbery,Alli Colony College Road,25-07-2026,PER-0352,PER-0229,46.85,Critical,2,"FIR FIR-2026-00471 — Highway Robbery at Alli Colony College Road on 25-07-2026. Highest-risk party in this case: Yuvaraj Natarajan (Person, flagged as CRITICAL risk, score 46.9). Other entities involved: Kannan Muthu (Person, flagged as high risk, score 27.9). The suspect is part of Gang-04, a cluster of 278 linked entities (with other known suspects). Anomaly flags: Yuvaraj Natarajan: Multi-Source Suspect (Suspect confirmed in sources: CDR|FIR|Financial|SocialMedia) | Yuvaraj Natarajan: Degree Spike (Degree 87.69666666666666 >> mean 11.0)"
FIR-2026-00359,Scooter Theft,Sevvanthi Colony Bus Stand Area,19-03-2026,PER-0352,PER-0236,46.85,Critical,2,"FIR FIR-2026-00359 — Scooter Theft at Sevvanthi Colony Bus Stand Area on 19-03-2026. Highest-risk party in this case: Yuvaraj Natarajan (Person, flagged as CRITICAL risk, score 46.9). Other entities involved: Durga Sekar (Person, showing moderate risk indicators, score 25.3); Siva Muthu (Person, flagged as high risk, score 33.6). The suspect is part of Gang-04, a cluster of 278 linked entities (with other known suspects). Anomaly flags: Yuvaraj Natarajan: Multi-Source Suspect (Suspect confirmed in sources: CDR|FIR|Financial|SocialMedia) | Yuvaraj Natarajan: Degree Spike (Degree 87.69666666666666 >> mean 11.0)"
FIR-2026-00477,Scooter Theft,Sevvanthi Colony Bus Stand Area,05-08-2026,PER-0352,PER-0395,46.85,Critical,2,"FIR FIR-2026-00477 — Scooter Theft at Sevvanthi Colony Bus Stand Area on 05-08-2026. Highest-risk party in this case: Yuvaraj Natarajan (Person, flagged as CRITICAL risk, score 46.9). Other entities involved: Udhay Ramasamy (Person, flagged as high risk, score 27.6). The suspect is part of Gang-04, a cluster of 278 linked entities (with other known suspects). Anomaly flags: Yuvaraj Natarajan: Multi-Source Suspect (Suspect confirmed in sources: CDR|FIR|Financial|SocialMedia) | Yuvaraj Natarajan: Degree Spike (Degree 87.69666666666666 >> mean 11.0)"
FIR-2026-00392,Motorcycle Theft,Sevvanthi Colony Bus Stand Area,19-04-2026,PER-0352,PER-0372,46.85,Critical,2,"FIR FIR-2026-00392 — Motorcycle Theft at Sevvanthi Colony Bus Stand Area on 19-04-2026. Highest-risk party in this case: Yuvaraj Natarajan (Person, flagged as CRITICAL risk, score 46.9). Other entities involved: Amudha Sri (Person, flagged as high risk, score 28.4). The suspect is part of Gang-04, a cluster of 278 linked entities (with other known suspects). Anomaly flags: Yuvaraj Natarajan: Multi-Source Suspect (Suspect confirmed in sources: CDR|FIR|Financial|SocialMedia) | Yuvaraj Natarajan: Degree Spike (Degree 87.69666666666666 >> mean 11.0)"
FIR-2026-00367,UPI Fraud,Kalai Colony Apartment Complex,23-03-2026,PER-0355,PER-0115,46.61,Critical,3,"FIR FIR-2026-00367 — UPI Fraud at Kalai Colony Apartment Complex on 23-03-2026. Highest-risk party in this case: Ajith Nathan (Person, flagged as CRITICAL risk, score 46.6). Other entities involved: Nithin Balan (Person, flagged as high risk, score 34.4). The suspect is part of Gang-04, a cluster of 278 linked entities (with other known suspects). Anomaly flags: Ajith Nathan: Multi-Source Suspect (Suspect confirmed in sources: CDR|FIR|Financial|SocialMedia) | Nithin Balan: Degree Spike (Degree 76.77666666666667 >> mean 11.0) | Ajith Nathan: Degree Spike (Degree 98.05 >> mean 11.0)"
FIR-2026-00425,Investment Fraud,Sindhu Garden Residential Colony,24-05-2026,PER-0355,PER-0338,46.61,Critical,2,"FIR FIR-2026-00425 — Investment Fraud at Sindhu Garden Residential Colony on 24-05-2026. Highest-risk party in this case: Ajith Nathan (Person, flagged as CRITICAL risk, score 46.6). Other entities involved: Madhan Rajan (Person, flagged as high risk, score 29.7); Divya Murugan (Person, showing moderate risk indicators, score 25.7). The suspect is part of Gang-04, a cluster of 278 linked entities (with other known suspects). Anomaly flags: Ajith Nathan: Multi-Source Suspect (Suspect confirmed in sources: CDR|FIR|Financial|SocialMedia) | Ajith Nathan: Degree Spike (Degree 98.05 >> mean 11.0)"
FIR-2026-00482,Investment Fraud,Sindhu Garden Residential Colony,12-08-2026,PER-0355,PER-0123,46.61,Critical,3,"FIR FIR-2026-00482 — Investment Fraud at Sindhu Garden Residential Colony on 12-08-2026. Highest-risk party in this case: Ajith Nathan (Person, flagged as CRITICAL risk, score 46.6). Other entities involved: Karthik Pandian (Person, flagged as CRITICAL risk, score 42.2). The suspect is part of Gang-04, a cluster of 278 linked entities (with other known suspects). Anomaly flags: Ajith Nathan: Multi-Source Suspect (Suspect confirmed in sources: CDR|FIR|Financial|SocialMedia) | Ajith Nathan: Degree Spike (Degree 98.05 >> mean 11.0) | Karthik Pandian: Degree Spike (Degree 76.57666666666667 >> mean 11.0)"
FIR-2026-00382,UPI Fraud,Kalai Colony Apartment Complex,10-04-2026,PER-0355,PER-0270,46.61,Critical,3,"FIR FIR-2026-00382 — UPI Fraud at Kalai Colony Apartment Complex on 10-04-2026. Highest-risk party in this case: Ajith Nathan (Person, flagged as CRITICAL risk, score 46.6). Other entities involved: Ravi Gopal (Person, flagged as high risk, score 37.1). The suspect is part of Gang-04, a cluster of 278 linked entities (with other known suspects). Anomaly flags: Ajith Nathan: Multi-Source Suspect (Suspect confirmed in sources: CDR|FIR|Financial|SocialMedia) | Ravi Gopal: High Financial Activity (Linked to 9 financial records) | Ajith Nathan: Degree Spike (Degree 98.05 >> mean 11.0)"
FIR-2026-00262,Group Assault,Kalai Layout Parking Area,15-11-2025,PER-0203,PER-0140,46.48,Critical,2,"FIR FIR-2026-00262 — Group Assault at Kalai Layout Parking Area on 15-11-2025. Highest-risk party in this case: Karthik Velan (Person, flagged as CRITICAL risk, score 46.5). Other entities involved: Sangeetha Bai (Person, flagged as high risk, score 29.5). The suspect is part of Gang-04, a cluster of 278 linked entities (with other known suspects). Anomaly flags: Karthik Velan: Multi-Source Suspect (Suspect confirmed in sources: CDR|FIR|Financial|SocialMedia) | Karthik Velan: Degree Spike (Degree 85.01333333333335 >> mean 11.0)"
FIR-2026-00187,Group Assault,Poongodi Layout Residential Colony,05-09-2025,PER-0203,PER-0122,46.48,Critical,2,"FIR FIR-2026-00187 — Group Assault at Poongodi Layout Residential Colony on 05-09-2025. Highest-risk party in this case: Karthik Velan (Person, flagged as CRITICAL risk, score 46.5). Other entities involved: Abirami Sri (Person, showing moderate risk indicators, score 27.3); Sanjay Mani (Person, flagged as high risk, score 27.7). The suspect is part of Gang-04, a cluster of 278 linked entities (with other known suspects). Anomaly flags: Karthik Velan: Multi-Source Suspect (Suspect confirmed in sources: CDR|FIR|Financial|SocialMedia) | Karthik Velan: Degree Spike (Degree 85.01333333333335 >> mean 11.0)"
FIR-2026-00122,Missing Student,Anbu Layout Bus Stand Area,10-07-2025,,PER-0202,46.48,Critical,2,"FIR FIR-2026-00122 — Missing Student at Anbu Layout Bus Stand Area on 10-07-2025. Highest-risk party in this case: Karthik Velan (Person, flagged as CRITICAL risk, score 46.5). Other entities involved: Saravanan Palanisamy (Person, showing moderate risk indicators, score 26.4). Anomaly flags: Karthik Velan: Multi-Source Suspect (Suspect confirmed in sources: CDR|FIR|Financial|SocialMedia) | Karthik Velan: Degree Spike (Degree 85.01333333333335 >> mean 11.0)"
FIR-2026-00206,Group Assault,Kalai Layout Parking Area,24-09-2025,PER-0203,PER-0224,46.48,Critical,2,"FIR FIR-2026-00206 — Group Assault at Kalai Layout Parking Area on 24-09-2025. Highest-risk party in this case: Karthik Velan (Person, flagged as CRITICAL risk, score 46.5). Other entities involved: Jothi Selvi (Person, flagged as high risk, score 29.1). The suspect is part of Gang-04, a cluster of 278 linked entities (with other known suspects). Anomaly flags: Karthik Velan: Multi-Source Suspect (Suspect confirmed in sources: CDR|FIR|Financial|SocialMedia) | Karthik Velan: Degree Spike (Degree 85.01333333333335 >> mean 11.0)"
FIR-2026-00151,Threat Message,Poongodi Layout Residential Colony,06-08-2025,PER-0203,PER-0231,46.48,Critical,2,"FIR FIR-2026-00151 — Threat Message at Poongodi Layout Residential Colony on 06-08-2025. Highest-risk party in this case: Karthik Velan (Person, flagged as CRITICAL risk, score 46.5). Other entities involved: Indhu Murugan (Person, showing moderate risk indicators, score 27.2); Arun Muthu (Person, showing moderate risk indicators, score 27.1). The suspect is part of Gang-04, a cluster of 278 linked entities (with other known suspects). Anomaly flags: Karthik Velan: Multi-Source Suspect (Suspect confirmed in sources: CDR|FIR|Financial|SocialMedia) | Karthik Velan: Degree Spike (Degree 85.01333333333335 >> mean 11.0)"
FIR-2026-00210,Missing Student,Alli Park Shopping Complex,26-09-2025,,PER-0036,46.48,Critical,2,"FIR FIR-2026-00210 — Missing Student at Alli Park Shopping Complex on 26-09-2025. Highest-risk party in this case: Karthik Velan (Person, flagged as CRITICAL risk, score 46.5). Other entities involved: Senthil Rajan (Person, flagged as high risk, score 28.6). Anomaly flags: Karthik Velan: Multi-Source Suspect (Suspect confirmed in sources: CDR|FIR|Financial|SocialMedia) | Karthik Velan: Degree Spike (Degree 85.01333333333335 >> mean 11.0)"
FIR-2026-00191,Digital Blackmail,Ponni Nagar College Road,08-09-2025,PER-0203,PER-0145,46.48,Critical,3,"FIR FIR-2026-00191 — Digital Blackmail at Ponni Nagar College Road on 08-09-2025. Highest-risk party in this case: Karthik Velan (Person, flagged as CRITICAL risk, score 46.5). Other entities involved: Tamilselvi Devi (Person, flagged as high risk, score 36.6). The suspect is part of Gang-04, a cluster of 278 linked entities (with other known suspects). Anomaly flags: Karthik Velan: Multi-Source Suspect (Suspect confirmed in sources: CDR|FIR|Financial|SocialMedia) | Karthik Velan: Degree Spike (Degree 85.01333333333335 >> mean 11.0) | Tamilselvi Devi: Degree Spike (Degree 83.66000000000003 >> mean 11.0)"
FIR-2026-00163,Group Assault,Poongodi Layout Residential Colony,16-08-2025,PER-0203,PER-0241,46.48,Critical,2,"FIR FIR-2026-00163 — Group Assault at Poongodi Layout Residential Colony on 16-08-2025. Highest-risk party in this case: Karthik Velan (Person, flagged as CRITICAL risk, score 46.5). Other entities involved: Malathi Ammal (Person, flagged as high risk, score 27.7). The suspect is part of Gang-04, a cluster of 278 linked entities (with other known suspects). Anomaly flags: Karthik Velan: Multi-Source Suspect (Suspect confirmed in sources: CDR|FIR|Financial|SocialMedia) | Karthik Velan: Degree Spike (Degree 85.01333333333335 >> mean 11.0)"
FIR-2026-00124,Loan Fraud,Roja Nagar Residential Colony,12-07-2025,PER-0206,PER-0205,46.43,Critical,3,"FIR FIR-2026-00124 — Loan Fraud at Roja Nagar Residential Colony on 12-07-2025. Highest-risk party in this case: Mathan Velan (Person, flagged as CRITICAL risk, score 46.4). Other entities involved: Ajith Sekar (Person, flagged as high risk, score 28.5); Murugan Babu (Person, flagged as high risk, score 34.9). The suspect is part of Gang-03, a cluster of 307 linked entities (with other known suspects). Anomaly flags: Mathan Velan: Multi-Source Suspect (Suspect confirmed in sources: CDR|FIR|Financial|SocialMedia) | Murugan Babu: High Financial Activity (Linked to 7 financial records) | Mathan Velan: Degree Spike (Degree 105.24666666666667 >> mean 11.0)"
FIR-2026-00222,Phishing,Kaveri Nagar Apartment Complex,03-10-2025,PER-0206,PER-0281,46.43,Critical,2,"FIR FIR-2026-00222 — Phishing at Kaveri Nagar Apartment Complex on 03-10-2025. Highest-risk party in this case: Mathan Velan (Person, flagged as CRITICAL risk, score 46.4). Other entities involved: Ganesh Subramani (Person, flagged as high risk, score 27.9). The suspect is part of Gang-03, a cluster of 307 linked entities (with other known suspects). Anomaly flags: Mathan Velan: Multi-Source Suspect (Suspect confirmed in sources: CDR|FIR|Financial|SocialMedia) | Mathan Velan: Degree Spike (Degree 105.24666666666667 >> mean 11.0)"
FIR-2026-00326,Loan Fraud,Roja Nagar Residential Colony,22-01-2026,PER-0206,PER-0317,46.43,Critical,2,"FIR FIR-2026-00326 — Loan Fraud at Roja Nagar Residential Colony on 22-01-2026. Highest-risk party in this case: Mathan Velan (Person, flagged as CRITICAL risk, score 46.4). Other entities involved: Chithra Devi (Person, flagged as high risk, score 29.8); Dinesh Balan (Person, flagged as high risk, score 29.0). The suspect is part of Gang-03, a cluster of 307 linked entities (with other known suspects). Anomaly flags: Mathan Velan: Multi-Source Suspect (Suspect confirmed in sources: CDR|FIR|Financial|SocialMedia) | Mathan Velan: Degree Spike (Degree 105.24666666666667 >> mean 11.0)"
FIR-2026-00177,Property Damage,Palar Layout Market Road,24-08-2025,PER-0206,PER-0169,46.43,Critical,3,"FIR FIR-2026-00177 — Property Damage at Palar Layout Market Road on 24-08-2025. Highest-risk party in this case: Mathan Velan (Person, flagged as CRITICAL risk, score 46.4). Other entities involved: Anitha Raj (Person, flagged as CRITICAL risk, score 41.1); Dinesh Balan (Person, flagged as high risk, score 29.0). The suspect is part of Gang-03, a cluster of 307 linked entities (with other known suspects). Anomaly flags: Mathan Velan: Multi-Source Suspect (Suspect confirmed in sources: CDR|FIR|Financial|SocialMedia) | Anitha Raj: Degree Spike (Degree 84.14666666666665 >> mean 11.0) | Mathan Velan: Degree Spike (Degree 105.24666666666667 >> mean 11.0)"
FIR-2026-00174,Loan Fraud,Roja Nagar Residential Colony,25-08-2025,PER-0206,PER-0246,46.43,Critical,2,"FIR FIR-2026-00174 — Loan Fraud at Roja Nagar Residential Colony on 25-08-2025. Highest-risk party in this case: Mathan Velan (Person, flagged as CRITICAL risk, score 46.4). Other entities involved: Kishore Pandian (Person, flagged as high risk, score 29.4). The suspect is part of Gang-03, a cluster of 307 linked entities (with other known suspects). Anomaly flags: Mathan Velan: Multi-Source Suspect (Suspect confirmed in sources: CDR|FIR|Financial|SocialMedia) | Mathan Velan: Degree Spike (Degree 105.24666666666667 >> mean 11.0)"
FIR-2026-00332,Loan Fraud,Roja Nagar Residential Colony,05-02-2026,PER-0206,PER-0209,46.43,Critical,3,"FIR FIR-2026-00332 — Loan Fraud at Roja Nagar Residential Colony on 05-02-2026. Highest-risk party in this case: Mathan Velan (Person, flagged as CRITICAL risk, score 46.4). Other entities involved: Kishore Murugan (Person, flagged as high risk, score 30.1); Murugan Babu (Person, flagged as high risk, score 34.9). The suspect is part of Gang-03, a cluster of 307 linked entities (with other known suspects). Anomaly flags: Mathan Velan: Multi-Source Suspect (Suspect confirmed in sources: CDR|FIR|Financial|SocialMedia) | Murugan Babu: High Financial Activity (Linked to 7 financial records) | Mathan Velan: Degree Spike (Degree 105.24666666666667 >> mean 11.0)"
FIR-2026-00297,Vandalism,Alli Colony College Road,26-12-2025,PER-0073,PER-0245,46.35,Critical,2,"FIR FIR-2026-00297 — Vandalism at Alli Colony College Road on 26-12-2025. Highest-risk party in this case: Gokul Sundaram (Person, flagged as CRITICAL risk, score 46.4). Other entities involved: Senthil Prakash (Person, flagged as high risk, score 32.0). The suspect is part of Gang-03, a cluster of 307 linked entities (with other known suspects). Anomaly flags: Gokul Sundaram: Multi-Source Suspect (Suspect confirmed in sources: CDR|FIR|Financial|SocialMedia) | Gokul Sundaram: High Financial Activity (Linked to 7 financial records)"
FIR-2026-00032,Property Dispute Threat,Palar Park Industrial Area,13-03-2025,PER-0073,PER-0072,46.35,Critical,2,"FIR FIR-2026-00032 — Property Dispute Threat at Palar Park Industrial Area on 13-03-2025. Highest-risk party in this case: Gokul Sundaram (Person, flagged as CRITICAL risk, score 46.4). Other entities involved: Buvaneswari Kannan (Person, flagged as high risk, score 27.5). The suspect is part of Gang-03, a cluster of 307 linked entities (with other known suspects). Anomaly flags: Gokul Sundaram: Multi-Source Suspect (Suspect confirmed in sources: CDR|FIR|Financial|SocialMedia) | Gokul Sundaram: High Financial Activity (Linked to 7 financial records)"
FIR-2026-00128,Missing Adult,Amudham Layout Residential Colony,15-07-2025,PER-0073,PER-0169,46.35,Critical,3,"FIR FIR-2026-00128 — Missing Adult at Amudham Layout Residential Colony on 15-07-2025. Highest-risk party in this case: Gokul Sundaram (Person, flagged as CRITICAL risk, score 46.4). Other entities involved: Anitha Raj (Person, flagged as CRITICAL risk, score 41.1). The suspect is part of Gang-03, a cluster of 307 linked entities (with other known suspects). Anomaly flags: Gokul Sundaram: Multi-Source Suspect (Suspect confirmed in sources: CDR|FIR|Financial|SocialMedia) | Gokul Sundaram: High Financial Activity (Linked to 7 financial records) | Anitha Raj: Degree Spike (Degree 84.14666666666665 >> mean 11.0)"
FIR-2026-00098,Motorcycle Theft,Vennila Puram Shopping Complex,09-06-2025,PER-0117,PER-0172,46.35,Critical,4,"FIR FIR-2026-00098 — Motorcycle Theft at Vennila Puram Shopping Complex on 09-06-2025. Highest-risk party in this case: Gokul Sundaram (Person, flagged as CRITICAL risk, score 46.4). Other entities involved: Tamilarasan Muthu (Person, flagged as high risk, score 35.7); Arjun Pandian (Person, showing moderate risk indicators, score 27.0). The suspect is part of Gang-05, a cluster of 95 linked entities (with other known suspects). Anomaly flags: Gokul Sundaram: Multi-Source Suspect (Suspect confirmed in sources: CDR|FIR|Financial|SocialMedia) | Tamilarasan Muthu: Multi-Source Suspect (Suspect confirmed in sources: CDR|FIR|Financial|SocialMedia) | Gokul Sundaram: High Financial Activity (Linked to 7 financial records) | Tamilarasan Muthu: Degree Spike (Degree 74.34 >> mean 11.0)"
FIR-2026-00241,Physical Assault,Mynthan Colony Main Street,23-10-2025,PER-0178,PER-0246,46.08,Critical,3,"FIR FIR-2026-00241 — Physical Assault at Mynthan Colony Main Street on 23-10-2025. Highest-risk party in this case: Nithin Velan (Person, flagged as CRITICAL risk, score 46.1). Other entities involved: Saravanan Anand (Person, flagged as high risk, score 38.4); Kishore Pandian (Person, flagged as high risk, score 29.4). The suspect is part of Gang-03, a cluster of 307 linked entities (with other known suspects). Anomaly flags: Nithin Velan: Multi-Source Suspect (Suspect confirmed in sources: CDR|FIR|Financial|SocialMedia) | Saravanan Anand: Multi-Source Suspect (Suspect confirmed in sources: CDR|FIR|Financial|SocialMedia) | Nithin Velan: Cross-Role Conflict (Same entity in roles: Associate|Callee|Caller|SocialMention|Suspect|TransactionMobile|Witness)"
FIR-2026-00103,Extortion Call,Sindhu Garden Residential Colony,15-06-2025,,PER-0179,46.08,Critical,2,"FIR FIR-2026-00103 — Extortion Call at Sindhu Garden Residential Colony on 15-06-2025. Highest-risk party in this case: Nithin Velan (Person, flagged as CRITICAL risk, score 46.1). Other entities involved: Jagan Arumugam (Person, showing moderate risk indicators, score 26.1). Anomaly flags: Nithin Velan: Multi-Source Suspect (Suspect confirmed in sources: CDR|FIR|Financial|SocialMedia) | Nithin Velan: Cross-Role Conflict (Same entity in roles: Associate|Callee|Caller|SocialMention|Suspect|TransactionMobile|Witness)"
FIR-2026-00360,Shop Theft,Anbu Park Main Street,18-03-2026,PER-0024,PER-0185,46.08,Critical,2,"FIR FIR-2026-00360 — Shop Theft at Anbu Park Main Street on 18-03-2026. Highest-risk party in this case: Nithin Velan (Person, flagged as CRITICAL risk, score 46.1). Other entities involved: Jagan Sekar (Person, flagged as high risk, score 28.6); Jeeva Muthu (Person, showing moderate risk indicators, score 26.7). The suspect is part of Gang-03, a cluster of 307 linked entities (with other known suspects). Anomaly flags: Nithin Velan: Multi-Source Suspect (Suspect confirmed in sources: CDR|FIR|Financial|SocialMedia) | Nithin Velan: Cross-Role Conflict (Same entity in roles: Associate|Callee|Caller|SocialMention|Suspect|TransactionMobile|Witness)"
FIR-2026-00413,Auto Theft,Nila Nagar Bus Stand Area,10-05-2026,PER-0357,PER-0377,46.08,Critical,3,"FIR FIR-2026-00413 — Auto Theft at Nila Nagar Bus Stand Area on 10-05-2026. Highest-risk party in this case: Nithin Velan (Person, flagged as CRITICAL risk, score 46.1). Other entities involved: Vijay Raman (Person, flagged as CRITICAL risk, score 40.1); Selvam Babu (Person, flagged as high risk, score 29.7). The suspect is part of Gang-03, a cluster of 307 linked entities (with other known suspects). Anomaly flags: Nithin Velan: Multi-Source Suspect (Suspect confirmed in sources: CDR|FIR|Financial|SocialMedia) | Vijay Raman: Multi-Source Suspect (Suspect confirmed in sources: CDR|FIR|Financial|SocialMedia) | Nithin Velan: Cross-Role Conflict (Same entity in roles: Associate|Callee|Caller|SocialMention|Suspect|TransactionMobile|Witness)"
FIR-2026-00414,Shop Theft,Anbu Park Main Street,10-05-2026,PER-0024,PER-0104,46.08,Critical,3,"FIR FIR-2026-00414 — Shop Theft at Anbu Park Main Street on 10-05-2026. Highest-risk party in this case: Nithin Velan (Person, flagged as CRITICAL risk, score 46.1). Other entities involved: Padmini Sri (Person, flagged as high risk, score 37.4). The suspect is part of Gang-03, a cluster of 307 linked entities (with other known suspects). Anomaly flags: Nithin Velan: Multi-Source Suspect (Suspect confirmed in sources: CDR|FIR|Financial|SocialMedia) | Padmini Sri: Degree Spike (Degree 74.50666666666665 >> mean 11.0) | Nithin Velan: Cross-Role Conflict (Same entity in roles: Associate|Callee|Caller|SocialMention|Suspect|TransactionMobile|Witness)"
FIR-2026-00448,Truck Theft,Nila Park Industrial Area,24-06-2026,PER-0357,PER-0037,46.08,Critical,3,"FIR FIR-2026-00448 — Truck Theft at Nila Park Industrial Area on 24-06-2026. Highest-risk party in this case: Nithin Velan (Person, flagged as CRITICAL risk, score 46.1). Other entities involved: Vijay Raman (Person, flagged as CRITICAL risk, score 40.1); Elango Balan (Person, flagged as high risk, score 28.7). The suspect is part of Gang-03, a cluster of 307 linked entities (with other known suspects). Anomaly flags: Nithin Velan: Multi-Source Suspect (Suspect confirmed in sources: CDR|FIR|Financial|SocialMedia) | Vijay Raman: Multi-Source Suspect (Suspect confirmed in sources: CDR|FIR|Financial|SocialMedia) | Nithin Velan: Cross-Role Conflict (Same entity in roles: Associate|Callee|Caller|SocialMention|Suspect|TransactionMobile|Witness)"
FIR-2026-00473,UPI Fraud,Mynthan Colony Main Street,26-07-2026,PER-0060,PER-0394,46.05,Critical,2,"FIR FIR-2026-00473 — UPI Fraud at Mynthan Colony Main Street on 26-07-2026. Highest-risk party in this case: Madhan Babu (Person, flagged as CRITICAL risk, score 46.0). Other entities involved: Hemanth Nathan (Person, flagged as high risk, score 33.5). The suspect is part of Gang-03, a cluster of 307 linked entities (with other known suspects). Anomaly flags: Madhan Babu: Multi-Source Suspect (Suspect confirmed in sources: CDR|FIR|Financial|SocialMedia) | Madhan Babu: Degree Spike (Degree 84.71 >> mean 11.0)"
FIR-2026-00412,Loan Fraud,Sindhu Garden Residential Colony,30-04-2026,PER-0060,PER-0223,46.05,Critical,4,"FIR FIR-2026-00412 — Loan Fraud at Sindhu Garden Residential Colony on 30-04-2026. Highest-risk party in this case: Madhan Babu (Person, flagged as CRITICAL risk, score 46.0). Other entities involved: Gunasekar Murugan (Person, flagged as CRITICAL risk, score 45.6); Udhay Muthu (Person, showing moderate risk indicators, score 26.2). The suspect is part of Gang-03, a cluster of 307 linked entities (with other known suspects). Anomaly flags: Madhan Babu: Multi-Source Suspect (Suspect confirmed in sources: CDR|FIR|Financial|SocialMedia) | Gunasekar Murugan: High Financial Activity (Linked to 8 financial records) | Gunasekar Murugan: Degree Spike (Degree 77.31333333333333 >> mean 11.0) | Madhan Babu: Degree Spike (Degree 84.71 >> mean 11.0)"
FIR-2026-00026,Property Damage,Roja Park Main Street,28-02-2025,PER-0060,PER-0059,46.05,Critical,2,"FIR FIR-2026-00026 — Property Damage at Roja Park Main Street on 28-02-2025. Highest-risk party in this case: Madhan Babu (Person, flagged as CRITICAL risk, score 46.0). Other entities involved: Suresh Pandian (Person, flagged as high risk, score 27.6); Dinesh Balan (Person, flagged as high risk, score 29.0). The suspect is part of Gang-03, a cluster of 307 linked entities (with other known suspects). Anomaly flags: Madhan Babu: Multi-Source Suspect (Suspect confirmed in sources: CDR|FIR|Financial|SocialMedia) | Madhan Babu: Degree Spike (Degree 84.71 >> mean 11.0)"
FIR-2026-00371,Investment Fraud,Mynthan Colony Main Street,24-03-2026,PER-0060,PER-0358,46.05,Critical,2,"FIR FIR-2026-00371 — Investment Fraud at Mynthan Colony Main Street on 24-03-2026. Highest-risk party in this case: Madhan Babu (Person, flagged as CRITICAL risk, score 46.0). Other entities involved: Venkat Kumar (Person, showing moderate risk indicators, score 26.6); Udhay Muthu (Person, showing moderate risk indicators, score 26.2). The suspect is part of Gang-03, a cluster of 307 linked entities (with other known suspects). Anomaly flags: Madhan Babu: Multi-Source Suspect (Suspect confirmed in sources: CDR|FIR|Financial|SocialMedia) | Madhan Babu: Degree Spike (Degree 84.71 >> mean 11.0)"
FIR-2026-00213,Missing Adult,Nallur Puram Market Road,30-09-2025,PER-0060,PER-0275,46.05,Critical,2,"FIR FIR-2026-00213 — Missing Adult at Nallur Puram Market Road on 30-09-2025. Highest-risk party in this case: Madhan Babu (Person, flagged as CRITICAL risk, score 46.0). Other entities involved: Harish Selvam (Person, flagged as high risk, score 28.2). The suspect is part of Gang-03, a cluster of 307 linked entities (with other known suspects). Anomaly flags: Madhan Babu: Multi-Source Suspect (Suspect confirmed in sources: CDR|FIR|Financial|SocialMedia) | Madhan Babu: Degree Spike (Degree 84.71 >> mean 11.0)"
FIR-2026-00147,Phishing,Roja Nagar Residential Colony,02-08-2025,PER-0212,PER-0229,46.01,Critical,2,"FIR FIR-2026-00147 — Phishing at Roja Nagar Residential Colony on 02-08-2025. Highest-risk party in this case: Rajesh Karuppasamy (Person, flagged as CRITICAL risk, score 46.0). Other entities involved: Kannan Muthu (Person, flagged as high risk, score 27.9); Dinesh Balan (Person, flagged as high risk, score 29.0). The suspect is part of Gang-03, a cluster of 307 linked entities (with other known suspects). Anomaly flags: Rajesh Karuppasamy: Multi-Source Suspect (Suspect confirmed in sources: CDR|FIR|Financial|SocialMedia) | Rajesh Karuppasamy: Degree Spike (Degree 79.93 >> mean 11.0)"
FIR-2026-00325,Forged Signature,Amudham Park Railway Station Road,30-12-2025,PER-0212,PER-0047,46.01,Critical,4,"FIR FIR-2026-00325 — Forged Signature at Amudham Park Railway Station Road on 30-12-2025. Highest-risk party in this case: Rajesh Karuppasamy (Person, flagged as CRITICAL risk, score 46.0). Other entities involved: Uma Raj (Person, flagged as high risk, score 37.9); Murugan Babu (Person, flagged as high risk, score 34.9). The suspect is part of Gang-03, a cluster of 307 linked entities (with other known suspects). Anomaly flags: Rajesh Karuppasamy: Multi-Source Suspect (Suspect confirmed in sources: CDR|FIR|Financial|SocialMedia) | Murugan Babu: High Financial Activity (Linked to 7 financial records) | Uma Raj: Degree Spike (Degree 96.31666666666666 >> mean 11.0) | Rajesh Karuppasamy: Degree Spike (Degree 79.93 >> mean 11.0)"
FIR-2026-00364,Account Takeover,Sevvanthi Park Shopping Complex,21-03-2026,PER-0212,PER-0081,46.01,Critical,2,"FIR FIR-2026-00364 — Account Takeover at Sevvanthi Park Shopping Complex on 21-03-2026. Highest-risk party in this case: Rajesh Karuppasamy (Person, flagged as CRITICAL risk, score 46.0). Other entities involved: Dinesh Nathan (Person, showing moderate risk indicators, score 26.2); Naveen Krishnan (Person, showing moderate risk indicators, score 25.8). The suspect is part of Gang-03, a cluster of 307 linked entities (with other known suspects). Anomaly flags: Rajesh Karuppasamy: Multi-Source Suspect (Suspect confirmed in sources: CDR|FIR|Financial|SocialMedia) | Rajesh Karuppasamy: Degree Spike (Degree 79.93 >> mean 11.0)"
FIR-2026-00316,Digital Blackmail,Roja Nagar Residential Colony,10-01-2026,PER-0212,PER-0333,46.01,Critical,3,"FIR FIR-2026-00316 — Digital Blackmail at Roja Nagar Residential Colony on 10-01-2026. Highest-risk party in this case: Rajesh Karuppasamy (Person, flagged as CRITICAL risk, score 46.0). Other entities involved: Kishore Chandran (Person, flagged as high risk, score 27.6); Murugan Babu (Person, flagged as high risk, score 34.9). The suspect is part of Gang-03, a cluster of 307 linked entities (with other known suspects). Anomaly flags: Rajesh Karuppasamy: Multi-Source Suspect (Suspect confirmed in sources: CDR|FIR|Financial|SocialMedia) | Murugan Babu: High Financial Activity (Linked to 7 financial records) | Rajesh Karuppasamy: Degree Spike (Degree 79.93 >> mean 11.0)"
FIR-2026-00220,Online Shopping Fraud,Roja Nagar Residential Colony,07-10-2025,PER-0212,PER-0165,46.01,Critical,2,"FIR FIR-2026-00220 — Online Shopping Fraud at Roja Nagar Residential Colony on 07-10-2025. Highest-risk party in this case: Rajesh Karuppasamy (Person, flagged as CRITICAL risk, score 46.0). Other entities involved: Rajesh Rajan (Person, flagged as high risk, score 28.9); Dinesh Balan (Person, flagged as high risk, score 29.0). The suspect is part of Gang-03, a cluster of 307 linked entities (with other known suspects). Anomaly flags: Rajesh Karuppasamy: Multi-Source Suspect (Suspect confirmed in sources: CDR|FIR|Financial|SocialMedia) | Rajesh Karuppasamy: Degree Spike (Degree 79.93 >> mean 11.0)"
FIR-2026-00131,Phishing,Kaveri Nagar Apartment Complex,19-07-2025,PER-0212,PER-0115,46.01,Critical,3,"FIR FIR-2026-00131 — Phishing at Kaveri Nagar Apartment Complex on 19-07-2025. Highest-risk party in this case: Rajesh Karuppasamy (Person, flagged as CRITICAL risk, score 46.0). Other entities involved: Nithin Balan (Person, flagged as high risk, score 34.4). The suspect is part of Gang-03, a cluster of 307 linked entities (with other known suspects). Anomaly flags: Rajesh Karuppasamy: Multi-Source Suspect (Suspect confirmed in sources: CDR|FIR|Financial|SocialMedia) | Nithin Balan: Degree Spike (Degree 76.77666666666667 >> mean 11.0) | Rajesh Karuppasamy: Degree Spike (Degree 79.93 >> mean 11.0)"
FIR-2026-00180,Threat Message,Sindhu Garden Residential Colony,28-08-2025,PER-0113,PER-0250,45.96,Critical,2,"FIR FIR-2026-00180 — Threat Message at Sindhu Garden Residential Colony on 28-08-2025. Highest-risk party in this case: Jagan Raman (Person, flagged as CRITICAL risk, score 46.0). Other entities involved: Vasanthi Kannan (Person, flagged as high risk, score 28.3); Siva Muthu (Person, flagged as high risk, score 33.6). The suspect is part of Gang-04, a cluster of 278 linked entities (with other known suspects). Anomaly flags: Jagan Raman: Multi-Source Suspect (Suspect confirmed in sources: CDR|FIR|Financial|SocialMedia) | Jagan Raman: Degree Spike (Degree 90.04666666666668 >> mean 11.0)"
FIR-2026-00224,Shop Theft,Vaigai Layout Market Road,10-10-2025,PER-0259,PER-0282,45.96,Critical,2,"FIR FIR-2026-00224 — Shop Theft at Vaigai Layout Market Road on 10-10-2025. Highest-risk party in this case: Chithra Kannan (Person, flagged as CRITICAL risk, score 46.0). Other entities involved: Yuvaraj Anand (Person, flagged as high risk, score 28.4). The suspect is part of Gang-04, a cluster of 278 linked entities (with other known suspects). Anomaly flags: Chithra Kannan: Multi-Source Suspect (Suspect confirmed in sources: CDR|FIR|Financial|SocialMedia) | Chithra Kannan: Degree Spike (Degree 90.07333333333332 >> mean 11.0)"
FIR-2026-00207,House Burglary,Poongodi Layout Residential Colony,22-09-2025,PER-0259,PER-0088,45.96,Critical,2,"FIR FIR-2026-00207 — House Burglary at Poongodi Layout Residential Colony on 22-09-2025. Highest-risk party in this case: Chithra Kannan (Person, flagged as CRITICAL risk, score 46.0). Other entities involved: Naveen Natarajan (Person, flagged as high risk, score 29.5). The suspect is part of Gang-04, a cluster of 278 linked entities (with other known suspects). Anomaly flags: Chithra Kannan: Multi-Source Suspect (Suspect confirmed in sources: CDR|FIR|Financial|SocialMedia) | Chithra Kannan: Degree Spike (Degree 90.07333333333332 >> mean 11.0)"
FIR-2026-00202,Group Assault,Vetri Colony Industrial Area,18-09-2025,PER-0113,PER-0269,45.96,Critical,2,"FIR FIR-2026-00202 — Group Assault at Vetri Colony Industrial Area on 18-09-2025. Highest-risk party in this case: Jagan Raman (Person, flagged as CRITICAL risk, score 46.0). Other entities involved: Selvam Natarajan (Person, flagged as high risk, score 29.7). The suspect is part of Gang-04, a cluster of 278 linked entities (with other known suspects). Anomaly flags: Jagan Raman: Multi-Source Suspect (Suspect confirmed in sources: CDR|FIR|Financial|SocialMedia) | Jagan Raman: Degree Spike (Degree 90.04666666666668 >> mean 11.0)"
FIR-2026-00054,Suspected Narcotics Sale,Sindhu Garden Residential Colony,11-04-2025,PER-0113,PER-0035,45.96,Critical,3,"FIR FIR-2026-00054 — Suspected Narcotics Sale at Sindhu Garden Residential Colony on 11-04-2025. Highest-risk party in this case: Jagan Raman (Person, flagged as CRITICAL risk, score 46.0). Other entities involved: Nandhini Sekar (Person, flagged as high risk, score 28.1); Elango Selvam (Person, showing low risk indicators, score 19.1). The suspect is part of Gang-04, a cluster of 278 linked entities (with other known suspects). Anomaly flags: Jagan Raman: Multi-Source Suspect (Suspect confirmed in sources: CDR|FIR|Financial|SocialMedia) | Elango Selvam: High Financial Activity (Linked to 7 financial records) | Jagan Raman: Degree Spike (Degree 90.04666666666668 >> mean 11.0)"
FIR-2026-00478,Highway Robbery,Vetri Layout Industrial Area,08-08-2026,PER-0247,PER-0214,45.89,Critical,2,"FIR FIR-2026-00478 — Highway Robbery at Vetri Layout Industrial Area on 08-08-2026. Highest-risk party in this case: Elango Shankar (Person, flagged as CRITICAL risk, score 45.9). Other entities involved: Dharani Anand (Person, flagged as high risk, score 28.3). The suspect is part of Gang-04, a cluster of 278 linked entities (with other known suspects). Anomaly flags: Elango Shankar: Multi-Source Suspect (Suspect confirmed in sources: CDR|FIR|Financial|SocialMedia) | Elango Shankar: High Financial Activity (Linked to 7 financial records)"
FIR-2026-00176,Bank Transaction Fraud,Ezhil Garden Shopping Complex,19-08-2025,PER-0194,PER-0123,45.89,Critical,4,"FIR FIR-2026-00176 — Bank Transaction Fraud at Ezhil Garden Shopping Complex on 19-08-2025. Highest-risk party in this case: Elango Shankar (Person, flagged as CRITICAL risk, score 45.9). Other entities involved: Rakesh Gopal (Person, flagged as high risk, score 37.7); Karthik Pandian (Person, flagged as CRITICAL risk, score 42.2). The suspect is part of Gang-04, a cluster of 278 linked entities (with other known suspects). Anomaly flags: Elango Shankar: Multi-Source Suspect (Suspect confirmed in sources: CDR|FIR|Financial|SocialMedia) | Rakesh Gopal: Multi-Source Suspect (Suspect confirmed in sources: CDR|FIR|Financial|SocialMedia) | Elango Shankar: High Financial Activity (Linked to 7 financial records) | Karthik Pandian: Degree Spike (Degree 76.57666666666667 >> mean 11.0)"
FIR-2026-00415,Vandalism,Roja Colony Residential Colony,12-05-2026,PER-0247,PER-0330,45.89,Critical,2,"FIR FIR-2026-00415 — Vandalism at Roja Colony Residential Colony on 12-05-2026. Highest-risk party in this case: Elango Shankar (Person, flagged as CRITICAL risk, score 45.9). Other entities involved: Indhu Sri (Person, flagged as high risk, score 28.7); Sanjay Mani (Person, flagged as high risk, score 27.7). The suspect is part of Gang-04, a cluster of 278 linked entities (with other known suspects). Anomaly flags: Elango Shankar: Multi-Source Suspect (Suspect confirmed in sources: CDR|FIR|Financial|SocialMedia) | Elango Shankar: High Financial Activity (Linked to 7 financial records)"
FIR-2026-00365,Illegal Occupation,Anbu Park Main Street,21-03-2026,PER-0247,PER-0068,45.89,Critical,2,"FIR FIR-2026-00365 — Illegal Occupation at Anbu Park Main Street on 21-03-2026. Highest-risk party in this case: Elango Shankar (Person, flagged as CRITICAL risk, score 45.9). Other entities involved: Jagan Gopal (Person, flagged as high risk, score 30.9); Jeeva Muthu (Person, showing moderate risk indicators, score 26.7). The suspect is part of Gang-04, a cluster of 278 linked entities (with other known suspects). Anomaly flags: Elango Shankar: Multi-Source Suspect (Suspect confirmed in sources: CDR|FIR|Financial|SocialMedia) | Elango Shankar: High Financial Activity (Linked to 7 financial records)"
FIR-2026-00306,Shop Theft,Anbu Park Main Street,07-01-2026,PER-0247,PER-0032,45.89,Critical,3,"FIR FIR-2026-00306 — Shop Theft at Anbu Park Main Street on 07-01-2026. Highest-risk party in this case: Elango Shankar (Person, flagged as CRITICAL risk, score 45.9). Other entities involved: Arun Prakash (Person, flagged as CRITICAL risk, score 42.3). The suspect is part of Gang-04, a cluster of 278 linked entities (with other known suspects). Anomaly flags: Elango Shankar: Multi-Source Suspect (Suspect confirmed in sources: CDR|FIR|Financial|SocialMedia) | Arun Prakash: Degree Spike (Degree 126.51666666666668 >> mean 11.0) | Elango Shankar: High Financial Activity (Linked to 7 financial records)"
FIR-2026-00379,Land Encroachment,Roja Colony Residential Colony,06-04-2026,PER-0247,PER-0177,45.89,Critical,3,"FIR FIR-2026-00379 — Land Encroachment at Roja Colony Residential Colony on 06-04-2026. Highest-risk party in this case: Elango Shankar (Person, flagged as CRITICAL risk, score 45.9). Other entities involved: Inban Balan (Person, flagged as high risk, score 39.1). The suspect is part of Gang-04, a cluster of 278 linked entities (with other known suspects). Anomaly flags: Elango Shankar: Multi-Source Suspect (Suspect confirmed in sources: CDR|FIR|Financial|SocialMedia) | Elango Shankar: High Financial Activity (Linked to 7 financial records) | Inban Balan: High Financial Activity (Linked to 7 financial records)"
FIR-2026-00112,Group Assault,Sindhu Garden Residential Colony,26-06-2025,PER-0100,PER-0021,45.73,Critical,2,"FIR FIR-2026-00112 — Group Assault at Sindhu Garden Residential Colony on 26-06-2025. Highest-risk party in this case: Balaji Karuppasamy (Person, flagged as CRITICAL risk, score 45.7). Other entities involved: Vidhya Krishnan (Person, flagged as high risk, score 30.7). The suspect is part of Gang-04, a cluster of 278 linked entities (with other known suspects). Anomaly flags: Balaji Karuppasamy: Multi-Source Suspect (Suspect confirmed in sources: CDR|FIR|Financial|SocialMedia) | Balaji Karuppasamy: Degree Spike (Degree 81.56000000000002 >> mean 11.0)"
FIR-2026-00047,Pickpocketing,Mullai Colony Shopping Complex,31-03-2025,PER-0100,PER-0099,45.73,Critical,2,"FIR FIR-2026-00047 — Pickpocketing at Mullai Colony Shopping Complex on 31-03-2025. Highest-risk party in this case: Balaji Karuppasamy (Person, flagged as CRITICAL risk, score 45.7). Other entities involved: Kavitha Selvam (Person, flagged as high risk, score 28.4). The suspect is part of Gang-04, a cluster of 278 linked entities (with other known suspects). Anomaly flags: Balaji Karuppasamy: Multi-Source Suspect (Suspect confirmed in sources: CDR|FIR|Financial|SocialMedia) | Balaji Karuppasamy: Degree Spike (Degree 81.56000000000002 >> mean 11.0)"
FIR-2026-00069,Gambling Den Report,Sindhu Garden Residential Colony,08-05-2025,PER-0100,PER-0139,45.73,Critical,2,"FIR FIR-2026-00069 — Gambling Den Report at Sindhu Garden Residential Colony on 08-05-2025. Highest-risk party in this case: Balaji Karuppasamy (Person, flagged as CRITICAL risk, score 45.7). Other entities involved: Logesh Palanisamy (Person, flagged as high risk, score 29.1). The suspect is part of Gang-04, a cluster of 278 linked entities (with other known suspects). Anomaly flags: Balaji Karuppasamy: Multi-Source Suspect (Suspect confirmed in sources: CDR|FIR|Financial|SocialMedia) | Balaji Karuppasamy: Degree Spike (Degree 81.56000000000002 >> mean 11.0)"
FIR-2026-00060,Extortion Call,Sindhu Garden Residential Colony,19-04-2025,PER-0100,PER-0036,45.73,Critical,2,"FIR FIR-2026-00060 — Extortion Call at Sindhu Garden Residential Colony on 19-04-2025. Highest-risk party in this case: Balaji Karuppasamy (Person, flagged as CRITICAL risk, score 45.7). Other entities involved: Senthil Rajan (Person, flagged as high risk, score 28.6). The suspect is part of Gang-04, a cluster of 278 linked entities (with other known suspects). Anomaly flags: Balaji Karuppasamy: Multi-Source Suspect (Suspect confirmed in sources: CDR|FIR|Financial|SocialMedia) | Balaji Karuppasamy: Degree Spike (Degree 81.56000000000002 >> mean 11.0)"
FIR-2026-00079,Suspected Narcotics Sale,Sindhu Garden Residential Colony,19-05-2025,PER-0100,PER-0150,45.73,Critical,2,"FIR FIR-2026-00079 — Suspected Narcotics Sale at Sindhu Garden Residential Colony on 19-05-2025. Highest-risk party in this case: Balaji Karuppasamy (Person, flagged as CRITICAL risk, score 45.7). Other entities involved: Pavithra Kannan (Person, flagged as high risk, score 28.6). The suspect is part of Gang-04, a cluster of 278 linked entities (with other known suspects). Anomaly flags: Balaji Karuppasamy: Multi-Source Suspect (Suspect confirmed in sources: CDR|FIR|Financial|SocialMedia) | Balaji Karuppasamy: Degree Spike (Degree 81.56000000000002 >> mean 11.0)"
FIR-2026-00283,Shop Robbery,Amudham Garden Market Road,06-12-2025,PER-0297,PER-0223,45.62,Critical,3,"FIR FIR-2026-00283 — Shop Robbery at Amudham Garden Market Road on 06-12-2025. Highest-risk party in this case: Gunasekar Murugan (Person, flagged as CRITICAL risk, score 45.6). Other entities involved: Karthik Balan (Person, flagged as high risk, score 37.9). The suspect is part of Gang-03, a cluster of 307 linked entities (with other known suspects). Anomaly flags: Karthik Balan: Multi-Source Suspect (Suspect confirmed in sources: CDR|FIR|Financial|SocialMedia) | Gunasekar Murugan: High Financial Activity (Linked to 8 financial records) | Gunasekar Murugan: Degree Spike (Degree 77.31333333333333 >> mean 11.0)"
FIR-2026-00333,Missing Adult,Iniyan Puram College Road,07-02-2026,,PER-0294,45.11,Critical,2,"FIR FIR-2026-00333 — Missing Adult at Iniyan Puram College Road on 07-02-2026. Highest-risk party in this case: Vignesh Balan (Person, flagged as CRITICAL risk, score 45.1). Other entities involved: Chithra Ammal (Person, showing moderate risk indicators, score 24.5). Anomaly flags: Vignesh Balan: Multi-Source Suspect (Suspect confirmed in sources: CDR|FIR|Financial|SocialMedia) | Vignesh Balan: Cross-Role Conflict (Same entity in roles: Associate|Callee|Caller|SocialMention|Suspect|TransactionMobile|Witness)"
FIR-2026-00184,Business Extortion,Nila Puram Main Street,31-08-2025,PER-0181,PER-0252,45.11,Critical,3,"FIR FIR-2026-00184 — Business Extortion at Nila Puram Main Street on 31-08-2025. Highest-risk party in this case: Vignesh Balan (Person, flagged as CRITICAL risk, score 45.1). Other entities involved: Abirami Raj (Person, flagged as high risk, score 38.2); Kalaiselvi Sri (Person, flagged as high risk, score 28.1). The suspect is part of Gang-03, a cluster of 307 linked entities (with other known suspects). Anomaly flags: Vignesh Balan: Multi-Source Suspect (Suspect confirmed in sources: CDR|FIR|Financial|SocialMedia) | Abirami Raj: Multi-Source Suspect (Suspect confirmed in sources: CDR|FIR|Financial|SocialMedia) | Vignesh Balan: Cross-Role Conflict (Same entity in roles: Associate|Callee|Caller|SocialMention|Suspect|TransactionMobile|Witness)"
FIR-2026-00152,Threat Message,Poongodi Layout Residential Colony,07-08-2025,PER-0091,PER-0232,45.11,Critical,2,"FIR FIR-2026-00152 — Threat Message at Poongodi Layout Residential Colony on 07-08-2025. Highest-risk party in this case: Vignesh Balan (Person, flagged as CRITICAL risk, score 45.1). Other entities involved: Yogesh Raman (Person, showing moderate risk indicators, score 27.4). The suspect is part of Gang-03, a cluster of 307 linked entities (with other known suspects). Anomaly flags: Vignesh Balan: Multi-Source Suspect (Suspect confirmed in sources: CDR|FIR|Financial|SocialMedia) | Vignesh Balan: Cross-Role Conflict (Same entity in roles: Associate|Callee|Caller|SocialMention|Suspect|TransactionMobile|Witness)"
FIR-2026-00195,Group Assault,Poongodi Layout Residential Colony,10-09-2025,PER-0091,PER-0263,45.11,Critical,2,"FIR FIR-2026-00195 — Group Assault at Poongodi Layout Residential Colony on 10-09-2025. Highest-risk party in this case: Vignesh Balan (Person, flagged as CRITICAL risk, score 45.1). Other entities involved: Naveen Mani (Person, flagged as high risk, score 29.0). The suspect is part of Gang-03, a cluster of 307 linked entities (with other known suspects). Anomaly flags: Vignesh Balan: Multi-Source Suspect (Suspect confirmed in sources: CDR|FIR|Financial|SocialMedia) | Vignesh Balan: Cross-Role Conflict (Same entity in roles: Associate|Callee|Caller|SocialMention|Suspect|TransactionMobile|Witness)"
FIR-2026-00042,Street Robbery,Kalai Park Main Street,28-03-2025,,PER-0090,45.11,Critical,2,"FIR FIR-2026-00042 — Street Robbery at Kalai Park Main Street on 28-03-2025. Highest-risk party in this case: Vignesh Balan (Person, flagged as CRITICAL risk, score 45.1). Other entities involved: Anand Natarajan (Person, flagged as high risk, score 29.2). Anomaly flags: Vignesh Balan: Multi-Source Suspect (Suspect confirmed in sources: CDR|FIR|Financial|SocialMedia) | Vignesh Balan: Cross-Role Conflict (Same entity in roles: Associate|Callee|Caller|SocialMention|Suspect|TransactionMobile|Witness)"
FIR-2026-00479,Job Offer Cheating,Kalai Park Main Street,08-08-2026,PER-0331,PER-0343,44.97,Critical,2,"FIR FIR-2026-00479 — Job Offer Cheating at Kalai Park Main Street on 08-08-2026. Highest-risk party in this case: Sanjay Velan (Person, flagged as CRITICAL risk, score 45.0). Other entities involved: Malathi Murugan (Person, flagged as high risk, score 32.1). The suspect is part of Gang-04, a cluster of 278 linked entities (with other known suspects). Anomaly flags: Sanjay Velan: Multi-Source Suspect (Suspect confirmed in sources: CDR|FIR|Financial|SocialMedia) | Sanjay Velan: High Financial Activity (Linked to 7 financial records)"
FIR-2026-00454,Motorcycle Theft,Neithal Garden Apartment Complex,04-07-2026,PER-0351,PER-0077,44.4,Critical,3,"FIR FIR-2026-00454 — Motorcycle Theft at Neithal Garden Apartment Complex on 04-07-2026. Highest-risk party in this case: Rajesh Chandran (Person, flagged as CRITICAL risk, score 44.4). Other entities involved: Anand Arumugam (Person, flagged as high risk, score 33.2); Lokesh Karuppasamy (Person, showing moderate risk indicators, score 24.5). The suspect is part of Gang-02, a cluster of 308 linked entities (with other known suspects). Anomaly flags: Rajesh Chandran: Multi-Source Suspect (Suspect confirmed in sources: CDR|FIR|Financial|SocialMedia) | Anand Arumugam: High Financial Activity (Linked to 7 financial records) | Rajesh Chandran: Degree Spike (Degree 86.03333333333335 >> mean 11.0)"
FIR-2026-00361,Motorcycle Theft,Oviya Colony Railway Station Road,20-03-2026,PER-0351,PER-0353,44.4,Critical,2,"FIR FIR-2026-00361 — Motorcycle Theft at Oviya Colony Railway Station Road on 20-03-2026. Highest-risk party in this case: Rajesh Chandran (Person, flagged as CRITICAL risk, score 44.4). Other entities involved: Divya Sekar (Person, flagged as high risk, score 33.9). The suspect is part of Gang-02, a cluster of 308 linked entities (with other known suspects). Anomaly flags: Rajesh Chandran: Multi-Source Suspect (Suspect confirmed in sources: CDR|FIR|Financial|SocialMedia) | Rajesh Chandran: Degree Spike (Degree 86.03333333333335 >> mean 11.0)"
FIR-2026-00492,Motorcycle Theft,Neithal Garden Apartment Complex,29-08-2026,PER-0351,PER-0118,44.4,Critical,2,"FIR FIR-2026-00492 — Motorcycle Theft at Neithal Garden Apartment Complex on 29-08-2026. Highest-risk party in this case: Rajesh Chandran (Person, flagged as CRITICAL risk, score 44.4). Other entities involved: Dharani Prakash (Person, showing moderate risk indicators, score 26.2). The suspect is part of Gang-02, a cluster of 308 linked entities (with other known suspects). Anomaly flags: Rajesh Chandran: Multi-Source Suspect (Suspect confirmed in sources: CDR|FIR|Financial|SocialMedia) | Rajesh Chandran: Degree Spike (Degree 86.03333333333335 >> mean 11.0)"
FIR-2026-00427,Shop Theft,Senthil Garden Main Street,29-05-2026,PER-0351,PER-0214,44.4,Critical,2,"FIR FIR-2026-00427 — Shop Theft at Senthil Garden Main Street on 29-05-2026. Highest-risk party in this case: Rajesh Chandran (Person, flagged as CRITICAL risk, score 44.4). Other entities involved: Dharani Anand (Person, flagged as high risk, score 28.3); Ajith Murugan (Person, showing moderate risk indicators, score 26.5). The suspect is part of Gang-02, a cluster of 308 linked entities (with other known suspects). Anomaly flags: Rajesh Chandran: Multi-Source Suspect (Suspect confirmed in sources: CDR|FIR|Financial|SocialMedia) | Rajesh Chandran: Degree Spike (Degree 86.03333333333335 >> mean 11.0)"
FIR-2026-00355,Street Robbery,Sindhu Colony College Road,10-03-2026,PER-0351,PER-0283,44.4,Critical,2,"FIR FIR-2026-00355 — Street Robbery at Sindhu Colony College Road on 10-03-2026. Highest-risk party in this case: Rajesh Chandran (Person, flagged as CRITICAL risk, score 44.4). Other entities involved: Nandhini Selvi (Person, showing moderate risk indicators, score 25.3). The suspect is part of Gang-02, a cluster of 308 linked entities (with other known suspects). Anomaly flags: Rajesh Chandran: Multi-Source Suspect (Suspect confirmed in sources: CDR|FIR|Financial|SocialMedia) | Rajesh Chandran: Degree Spike (Degree 86.03333333333335 >> mean 11.0)"
FIR-2026-00353,Motorcycle Theft,Oviya Colony Railway Station Road,07-03-2026,PER-0351,PER-0115,44.4,Critical,3,"FIR FIR-2026-00353 — Motorcycle Theft at Oviya Colony Railway Station Road on 07-03-2026. Highest-risk party in this case: Rajesh Chandran (Person, flagged as CRITICAL risk, score 44.4). Other entities involved: Nithin Balan (Person, flagged as high risk, score 34.4). The suspect is part of Gang-02, a cluster of 308 linked entities (with other known suspects). Anomaly flags: Rajesh Chandran: Multi-Source Suspect (Suspect confirmed in sources: CDR|FIR|Financial|SocialMedia) | Rajesh Chandran: Degree Spike (Degree 86.03333333333335 >> mean 11.0) | Nithin Balan: Degree Spike (Degree 76.77666666666667 >> mean 11.0)"
FIR-2026-00186,Online Shopping Fraud,Sindhu Colony College Road,03-09-2025,PER-0175,PER-0255,43.31,Critical,2,"FIR FIR-2026-00186 — Online Shopping Fraud at Sindhu Colony College Road on 03-09-2025. Highest-risk party in this case: Sathish Sundaram (Person, flagged as CRITICAL risk, score 43.3). Other entities involved: Kalaiselvi Devi (Person, flagged as high risk, score 27.5); Jagan Velan (Person, showing low risk indicators, score 9.3). The suspect is part of Gang-02, a cluster of 308 linked entities (with other known suspects). Anomaly flags: Sathish Sundaram: Multi-Source Suspect (Suspect confirmed in sources: CDR|FIR|Financial|SocialMedia) | Sathish Sundaram: Degree Spike (Degree 101.37 >> mean 11.0)"
FIR-2026-00110,Online Shopping Fraud,Sindhu Colony College Road,19-06-2025,PER-0175,PER-0188,43.31,Critical,2,"FIR FIR-2026-00110 — Online Shopping Fraud at Sindhu Colony College Road on 19-06-2025. Highest-risk party in this case: Sathish Sundaram (Person, flagged as CRITICAL risk, score 43.3). Other entities involved: Meena Bai (Person, showing moderate risk indicators, score 26.5); Udhay Muthu (Person, showing moderate risk indicators, score 26.2). The suspect is part of Gang-02, a cluster of 308 linked entities (with other known suspects). Anomaly flags: Sathish Sundaram: Multi-Source Suspect (Suspect confirmed in sources: CDR|FIR|Financial|SocialMedia) | Sathish Sundaram: Degree Spike (Degree 101.37 >> mean 11.0)"
FIR-2026-00116,Online Shopping Fraud,Kalai Colony Apartment Complex,29-06-2025,PER-0175,PER-0195,43.31,Critical,2,"FIR FIR-2026-00116 — Online Shopping Fraud at Kalai Colony Apartment Complex on 29-06-2025. Highest-risk party in this case: Sathish Sundaram (Person, flagged as CRITICAL risk, score 43.3). Other entities involved: Vidhya Ammal (Person, showing moderate risk indicators, score 26.7). The suspect is part of Gang-02, a cluster of 308 linked entities (with other known suspects). Anomaly flags: Sathish Sundaram: Multi-Source Suspect (Suspect confirmed in sources: CDR|FIR|Financial|SocialMedia) | Sathish Sundaram: Degree Spike (Degree 101.37 >> mean 11.0)"
FIR-2026-00141,Bank Transaction Fraud,Sindhu Garden Residential Colony,31-07-2025,PER-0175,PER-0219,43.31,Critical,4,"FIR FIR-2026-00141 — Bank Transaction Fraud at Sindhu Garden Residential Colony on 31-07-2025. Highest-risk party in this case: Sathish Sundaram (Person, flagged as CRITICAL risk, score 43.3). Other entities involved: Kishore Krishnan (Person, showing moderate risk indicators, score 23.3); Prakash Muthu (Person, flagged as CRITICAL risk, score 39.6). The suspect is part of Gang-02, a cluster of 308 linked entities (with other known suspects). Anomaly flags: Sathish Sundaram: Multi-Source Suspect (Suspect confirmed in sources: CDR|FIR|Financial|SocialMedia) | Prakash Muthu: Multi-Source Suspect (Suspect confirmed in sources: CDR|FIR|SocialMedia) | Sathish Sundaram: Degree Spike (Degree 101.37 >> mean 11.0) | Prakash Muthu: Cross-Role Conflict (Same entity in roles: Associate|Callee|Caller|SocialMention|Suspect|Witness)"
FIR-2026-00139,Investment Fraud,Mynthan Colony Main Street,27-07-2025,PER-0175,PER-0083,43.31,Critical,3,"FIR FIR-2026-00139 — Investment Fraud at Mynthan Colony Main Street on 27-07-2025. Highest-risk party in this case: Sathish Sundaram (Person, flagged as CRITICAL risk, score 43.3). Other entities involved: Babu Selvam (Person, flagged as high risk, score 38.3). The suspect is part of Gang-02, a cluster of 308 linked entities (with other known suspects). Anomaly flags: Sathish Sundaram: Multi-Source Suspect (Suspect confirmed in sources: CDR|FIR|Financial|SocialMedia) | Babu Selvam: Degree Spike (Degree 96.2 >> mean 11.0) | Sathish Sundaram: Degree Spike (Degree 101.37 >> mean 11.0)"
FIR-2026-00099,Loan Fraud,Vennila Puram Shopping Complex,10-06-2025,PER-0175,PER-0174,43.31,Critical,2,"FIR FIR-2026-00099 — Loan Fraud at Vennila Puram Shopping Complex on 10-06-2025. Highest-risk party in this case: Sathish Sundaram (Person, flagged as CRITICAL risk, score 43.3). Other entities involved: Vasanth Raman (Person, flagged as high risk, score 29.5); Udhay Muthu (Person, showing moderate risk indicators, score 26.2). The suspect is part of Gang-02, a cluster of 308 linked entities (with other known suspects). Anomaly flags: Sathish Sundaram: Multi-Source Suspect (Suspect confirmed in sources: CDR|FIR|Financial|SocialMedia) | Sathish Sundaram: Degree Spike (Degree 101.37 >> mean 11.0)"
FIR-2026-00136,Advance Payment Cheating,Vennila Puram Shopping Complex,25-07-2025,PER-0175,PER-0216,43.31,Critical,2,"FIR FIR-2026-00136 — Advance Payment Cheating at Vennila Puram Shopping Complex on 25-07-2025. Highest-risk party in this case: Sathish Sundaram (Person, flagged as CRITICAL risk, score 43.3). Other entities involved: Kalaiselvi Raman (Person, flagged as high risk, score 28.0). The suspect is part of Gang-02, a cluster of 308 linked entities (with other known suspects). Anomaly flags: Sathish Sundaram: Multi-Source Suspect (Suspect confirmed in sources: CDR|FIR|Financial|SocialMedia) | Sathish Sundaram: Degree Spike (Degree 101.37 >> mean 11.0)"
FIR-2026-00227,Loan Fraud,Sindhu Garden Residential Colony,12-10-2025,PER-0175,PER-0222,43.31,Critical,2,"FIR FIR-2026-00227 — Loan Fraud at Sindhu Garden Residential Colony on 12-10-2025. Highest-risk party in this case: Sathish Sundaram (Person, flagged as CRITICAL risk, score 43.3). Other entities involved: Anand Chandran (Person, showing moderate risk indicators, score 25.8); Udhay Muthu (Person, showing moderate risk indicators, score 26.2). The suspect is part of Gang-02, a cluster of 308 linked entities (with other known suspects). Anomaly flags: Sathish Sundaram: Multi-Source Suspect (Suspect confirmed in sources: CDR|FIR|Financial|SocialMedia) | Sathish Sundaram: Degree Spike (Degree 101.37 >> mean 11.0)"
FIR-2026-00162,Bank Transaction Fraud,Nallur Park Main Street,10-08-2025,PER-0129,PER-0234,43.12,Critical,1,"FIR FIR-2026-00162 — Bank Transaction Fraud at Nallur Park Main Street on 10-08-2025. Highest-risk party in this case: Kishore Babu (Person, flagged as CRITICAL risk, score 43.1). Other entities involved: Siva Velan (Person, flagged as high risk, score 29.5). The suspect is part of Gang-03, a cluster of 307 linked entities (with other known suspects). Anomaly flags: Kishore Babu: Multi-Source Suspect (Suspect confirmed in sources: CDR|FIR|Financial|SocialMedia)"
FIR-2026-00127,UPI Fraud,Kalai Puram Apartment Complex,07-07-2025,PER-0129,PER-0102,43.12,Critical,1,"FIR FIR-2026-00127 — UPI Fraud at Kalai Puram Apartment Complex on 07-07-2025. Highest-risk party in this case: Kishore Babu (Person, flagged as CRITICAL risk, score 43.1). Other entities involved: Malathi Kumari (Person, flagged as high risk, score 28.5). The suspect is part of Gang-03, a cluster of 307 linked entities (with other known suspects). Anomaly flags: Kishore Babu: Multi-Source Suspect (Suspect confirmed in sources: CDR|FIR|Financial|SocialMedia)"
FIR-2026-00077,UPI Fraud,Mullai Park Shopping Complex,19-05-2025,PER-0129,PER-0147,43.12,Critical,1,"FIR FIR-2026-00077 — UPI Fraud at Mullai Park Shopping Complex on 19-05-2025. Highest-risk party in this case: Kishore Babu (Person, flagged as CRITICAL risk, score 43.1). Other entities involved: Kumaran Prakash (Person, flagged as high risk, score 30.1). The suspect is part of Gang-03, a cluster of 307 linked entities (with other known suspects). Anomaly flags: Kishore Babu: Multi-Source Suspect (Suspect confirmed in sources: CDR|FIR|Financial|SocialMedia)"
FIR-2026-00402,Digital Blackmail,Nallur Park Main Street,01-05-2026,PER-0132,PER-0216,43.12,Critical,2,"FIR FIR-2026-00402 — Digital Blackmail at Nallur Park Main Street on 01-05-2026. Highest-risk party in this case: Kishore Babu (Person, flagged as CRITICAL risk, score 43.1). Other entities involved: Arjun Shankar (Person, flagged as high risk, score 37.5); Kalaiselvi Raman (Person, flagged as high risk, score 28.0). The suspect is part of Gang-03, a cluster of 307 linked entities (with other known suspects). Anomaly flags: Arjun Shankar: Multi-Source Suspect (Suspect confirmed in sources: CDR|FIR|Financial|SocialMedia) | Kishore Babu: Multi-Source Suspect (Suspect confirmed in sources: CDR|FIR|Financial|SocialMedia)"
FIR-2026-00064,Online Shopping Fraud,Nallur Park Main Street,27-04-2025,PER-0129,PER-0128,43.12,Critical,1,"FIR FIR-2026-00064 — Online Shopping Fraud at Nallur Park Main Street on 27-04-2025. Highest-risk party in this case: Kishore Babu (Person, flagged as CRITICAL risk, score 43.1). Other entities involved: Durga Bai (Person, showing moderate risk indicators, score 24.5). The suspect is part of Gang-03, a cluster of 307 linked entities (with other known suspects). Anomaly flags: Kishore Babu: Multi-Source Suspect (Suspect confirmed in sources: CDR|FIR|Financial|SocialMedia)"
FIR-2026-00017,Suspected Narcotics Transport,Kalai Nagar College Road,06-02-2025,PER-0041,PER-0040,42.86,Critical,3,"FIR FIR-2026-00017 — Suspected Narcotics Transport at Kalai Nagar College Road on 06-02-2025. Highest-risk party in this case: Hariharan Palanisamy (Person, flagged as CRITICAL risk, score 42.9). Other entities involved: Deepa Selvam (Person, flagged as high risk, score 33.1). The suspect is part of Gang-02, a cluster of 308 linked entities (with other known suspects). Anomaly flags: Hariharan Palanisamy: Multi-Source Suspect (Suspect confirmed in sources: CDR|FIR|Financial|SocialMedia) | Deepa Selvam: High Financial Activity (Linked to 8 financial records) | Hariharan Palanisamy: Degree Spike (Degree 75.08999999999999 >> mean 11.0)"
FIR-2026-00182,Investment Fraud,Kalai Puram Apartment Complex,28-08-2025,PER-0041,PER-0128,42.86,Critical,2,"FIR FIR-2026-00182 — Investment Fraud at Kalai Puram Apartment Complex on 28-08-2025. Highest-risk party in this case: Hariharan Palanisamy (Person, flagged as CRITICAL risk, score 42.9). Other entities involved: Durga Bai (Person, showing moderate risk indicators, score 24.5). The suspect is part of Gang-02, a cluster of 308 linked entities (with other known suspects). Anomaly flags: Hariharan Palanisamy: Multi-Source Suspect (Suspect confirmed in sources: CDR|FIR|Financial|SocialMedia) | Hariharan Palanisamy: Degree Spike (Degree 75.08999999999999 >> mean 11.0)"
FIR-2026-00138,UPI Fraud,Kalai Colony Apartment Complex,28-07-2025,PER-0041,PER-0218,42.86,Critical,3,"FIR FIR-2026-00138 — UPI Fraud at Kalai Colony Apartment Complex on 28-07-2025. Highest-risk party in this case: Hariharan Palanisamy (Person, flagged as CRITICAL risk, score 42.9). Other entities involved: Arun Mani (Person, flagged as high risk, score 30.1). The suspect is part of Gang-02, a cluster of 308 linked entities (with other known suspects). Anomaly flags: Hariharan Palanisamy: Multi-Source Suspect (Suspect confirmed in sources: CDR|FIR|Financial|SocialMedia) | Arun Mani: High Financial Activity (Linked to 7 financial records) | Hariharan Palanisamy: Degree Spike (Degree 75.08999999999999 >> mean 11.0)"
FIR-2026-00027,Gold Chain Snatching,Sevvanthi Park Shopping Complex,27-02-2025,PER-0041,PER-0001,42.86,Critical,3,"FIR FIR-2026-00027 — Gold Chain Snatching at Sevvanthi Park Shopping Complex on 27-02-2025. Highest-risk party in this case: Hariharan Palanisamy (Person, flagged as CRITICAL risk, score 42.9). Other entities involved: Lavanya Ammal (Person, flagged as CRITICAL risk, score 39.7). The suspect is part of Gang-02, a cluster of 308 linked entities (with other known suspects). Anomaly flags: Hariharan Palanisamy: Multi-Source Suspect (Suspect confirmed in sources: CDR|FIR|Financial|SocialMedia) | Lavanya Ammal: Degree Spike (Degree 119.95666666666666 >> mean 11.0) | Hariharan Palanisamy: Degree Spike (Degree 75.08999999999999 >> mean 11.0)"
FIR-2026-00193,Business Extortion,Nallur Park Main Street,09-09-2025,PER-0041,PER-0262,42.86,Critical,3,"FIR FIR-2026-00193 — Business Extortion at Nallur Park Main Street on 09-09-2025. Highest-risk party in this case: Hariharan Palanisamy (Person, flagged as CRITICAL risk, score 42.9). Other entities involved: Praveen Anand (Person, flagged as CRITICAL risk, score 40.6). The suspect is part of Gang-02, a cluster of 308 linked entities (with other known suspects). Anomaly flags: Hariharan Palanisamy: Multi-Source Suspect (Suspect confirmed in sources: CDR|FIR|Financial|SocialMedia) | Praveen Anand: High Financial Activity (Linked to 7 financial records) | Hariharan Palanisamy: Degree Spike (Degree 75.08999999999999 >> mean 11.0)"
FIR-2026-00058,Phishing,Vennila Park Shopping Complex,15-04-2025,PER-0041,PER-0120,42.86,Critical,2,"FIR FIR-2026-00058 — Phishing at Vennila Park Shopping Complex on 15-04-2025. Highest-risk party in this case: Hariharan Palanisamy (Person, flagged as CRITICAL risk, score 42.9). Other entities involved: Vidhya Devi (Person, showing moderate risk indicators, score 25.5). The suspect is part of Gang-02, a cluster of 308 linked entities (with other known suspects). Anomaly flags: Hariharan Palanisamy: Multi-Source Suspect (Suspect confirmed in sources: CDR|FIR|Financial|SocialMedia) | Hariharan Palanisamy: Degree Spike (Degree 75.08999999999999 >> mean 11.0)"
FIR-2026-00252,Property Theft,Senthil Garden Main Street,02-11-2025,PER-0297,PER-0032,42.29,Critical,2,"FIR FIR-2026-00252 — Property Theft at Senthil Garden Main Street on 02-11-2025. Highest-risk party in this case: Arun Prakash (Person, flagged as CRITICAL risk, score 42.3). Other entities involved: Karthik Balan (Person, flagged as high risk, score 37.9). The suspect is part of Gang-03, a cluster of 307 linked entities (with other known suspects). Anomaly flags: Karthik Balan: Multi-Source Suspect (Suspect confirmed in sources: CDR|FIR|Financial|SocialMedia) | Arun Prakash: Degree Spike (Degree 126.51666666666668 >> mean 11.0)"
FIR-2026-00286,Online Betting Complaint,Mullai Colony Shopping Complex,08-12-2025,PER-0132,PER-0032,42.29,Critical,2,"FIR FIR-2026-00286 — Online Betting Complaint at Mullai Colony Shopping Complex on 08-12-2025. Highest-risk party in this case: Arun Prakash (Person, flagged as CRITICAL risk, score 42.3). Other entities involved: Arjun Shankar (Person, flagged as high risk, score 37.5). The suspect is part of Gang-03, a cluster of 307 linked entities (with other known suspects). Anomaly flags: Arjun Shankar: Multi-Source Suspect (Suspect confirmed in sources: CDR|FIR|Financial|SocialMedia) | Arun Prakash: Degree Spike (Degree 126.51666666666668 >> mean 11.0)"
FIR-2026-00315,Group Assault,Senthil Garden Main Street,13-01-2026,PER-0306,PER-0032,42.29,Critical,2,"FIR FIR-2026-00315 — Group Assault at Senthil Garden Main Street on 13-01-2026. Highest-risk party in this case: Arun Prakash (Person, flagged as CRITICAL risk, score 42.3). Other entities involved: Dharani Selvam (Person, flagged as high risk, score 34.9). The suspect is part of Gang-02, a cluster of 308 linked entities (with other known suspects). Anomaly flags: Dharani Selvam: Multi-Source Suspect (Suspect confirmed in sources: CDR|FIR|Financial|SocialMedia) | Arun Prakash: Degree Spike (Degree 126.51666666666668 >> mean 11.0)"
FIR-2026-00272,Threat Message,Amudham Nagar Main Street,26-11-2025,PER-0308,PER-0032,42.29,Critical,2,"FIR FIR-2026-00272 — Threat Message at Amudham Nagar Main Street on 26-11-2025. Highest-risk party in this case: Arun Prakash (Person, flagged as CRITICAL risk, score 42.3). Other entities involved: Kannan Shankar (Person, flagged as high risk, score 37.0); Tamilarasan Selvam (Person, showing moderate risk indicators, score 22.9). The suspect is part of Gang-03, a cluster of 307 linked entities (with other known suspects). Anomaly flags: Kannan Shankar: Multi-Source Suspect (Suspect confirmed in sources: CDR|FIR|Financial|SocialMedia) | Arun Prakash: Degree Spike (Degree 126.51666666666668 >> mean 11.0)"
FIR-2026-00313,Property Damage,Palar Park Industrial Area,11-01-2026,PER-0135,PER-0032,42.29,Critical,2,"FIR FIR-2026-00313 — Property Damage at Palar Park Industrial Area on 11-01-2026. Highest-risk party in this case: Arun Prakash (Person, flagged as CRITICAL risk, score 42.3). Other entities involved: Vasanthi Bai (Person, flagged as high risk, score 36.4). The suspect is part of Gang-03, a cluster of 307 linked entities (with other known suspects). Anomaly flags: Vasanthi Bai: Multi-Source Suspect (Suspect confirmed in sources: CDR|FIR|Financial|SocialMedia) | Arun Prakash: Degree Spike (Degree 126.51666666666668 >> mean 11.0)"
FIR-2026-00329,Missing Elderly Person,Amudham Garden Market Road,31-01-2026,PER-0124,PER-0032,42.29,Critical,2,"FIR FIR-2026-00329 — Missing Elderly Person at Amudham Garden Market Road on 31-01-2026. Highest-risk party in this case: Arun Prakash (Person, flagged as CRITICAL risk, score 42.3). Other entities involved: Chandran Subramani (Person, flagged as CRITICAL risk, score 39.4). The suspect is part of Gang-03, a cluster of 307 linked entities (with other known suspects). Anomaly flags: Chandran Subramani: Multi-Source Suspect (Suspect confirmed in sources: CDR|FIR|Financial|SocialMedia) | Arun Prakash: Degree Spike (Degree 126.51666666666668 >> mean 11.0)"
FIR-2026-00212,Physical Assault,Oviya Puram Parking Area,02-10-2025,PER-0178,PER-0123,42.17,Critical,2,"FIR FIR-2026-00212 — Physical Assault at Oviya Puram Parking Area on 02-10-2025. Highest-risk party in this case: Karthik Pandian (Person, flagged as CRITICAL risk, score 42.2). Other entities involved: Saravanan Anand (Person, flagged as high risk, score 38.4). The suspect is part of Gang-03, a cluster of 307 linked entities (with other known suspects). Anomaly flags: Saravanan Anand: Multi-Source Suspect (Suspect confirmed in sources: CDR|FIR|Financial|SocialMedia) | Karthik Pandian: Degree Spike (Degree 76.57666666666667 >> mean 11.0)"
FIR-2026-00457,Street Robbery,Mynthan Colony Main Street,05-07-2026,PER-0389,PER-0388,42.09,Critical,2,"FIR FIR-2026-00457 — Street Robbery at Mynthan Colony Main Street on 05-07-2026. Highest-risk party in this case: Babu Krishnan (Person, flagged as CRITICAL risk, score 42.1). Other entities involved: Jothi Selvam (Person, showing moderate risk indicators, score 25.1); Ajith Murugan (Person, showing moderate risk indicators, score 26.5). The suspect is part of Gang-02, a cluster of 308 linked entities (with other known suspects). Anomaly flags: Babu Krishnan: Multi-Source Suspect (Suspect confirmed in sources: CDR|FIR|Financial|SocialMedia) | Babu Krishnan: High Financial Activity (Linked to 8 financial records)"
FIR-2026-00494,Shop Robbery,Anbu Park Main Street,01-09-2026,PER-0124,PER-0169,41.12,Critical,2,"FIR FIR-2026-00494 — Shop Robbery at Anbu Park Main Street on 01-09-2026. Highest-risk party in this case: Anitha Raj (Person, flagged as CRITICAL risk, score 41.1). Other entities involved: Chandran Subramani (Person, flagged as CRITICAL risk, score 39.4); Revathi Raman (Person, showing moderate risk indicators, score 26.2). The suspect is part of Gang-03, a cluster of 307 linked entities (with other known suspects). Anomaly flags: Chandran Subramani: Multi-Source Suspect (Suspect confirmed in sources: CDR|FIR|Financial|SocialMedia) | Anitha Raj: Degree Spike (Degree 84.14666666666665 >> mean 11.0)"
FIR-2026-00097,Physical Assault,Roja Nagar Residential Colony,09-06-2025,PER-0170,PER-0169,41.12,Critical,2,"FIR FIR-2026-00097 — Physical Assault at Roja Nagar Residential Colony on 09-06-2025. Highest-risk party in this case: Anitha Raj (Person, flagged as CRITICAL risk, score 41.1). Other entities involved: Janani Devi (Person, flagged as high risk, score 38.9); Arun Selvam (Person, showing moderate risk indicators, score 26.2). The suspect is part of Gang-04, a cluster of 278 linked entities (with other known suspects). Anomaly flags: Janani Devi: Multi-Source Suspect (Suspect confirmed in sources: CDR|FIR|Financial|SocialMedia) | Anitha Raj: Degree Spike (Degree 84.14666666666665 >> mean 11.0)"
FIR-2026-00192,Loan Fraud,Roja Nagar Residential Colony,08-09-2025,PER-0217,PER-0169,41.12,Critical,3,"FIR FIR-2026-00192 — Loan Fraud at Roja Nagar Residential Colony on 08-09-2025. Highest-risk party in this case: Anitha Raj (Person, flagged as CRITICAL risk, score 41.1). Other entities involved: Sathish Subramani (Person, flagged as high risk, score 36.8); Murugan Babu (Person, flagged as high risk, score 34.9). The suspect is part of Gang-03, a cluster of 307 linked entities (with other known suspects). Anomaly flags: Sathish Subramani: Multi-Source Suspect (Suspect confirmed in sources: CDR|FIR|Financial|SocialMedia) | Murugan Babu: High Financial Activity (Linked to 7 financial records) | Anitha Raj: Degree Spike (Degree 84.14666666666665 >> mean 11.0)"
FIR-2026-00150,Group Assault,Poongodi Layout Residential Colony,07-08-2025,PER-0170,PER-0071,40.88,Critical,2,"FIR FIR-2026-00150 — Group Assault at Poongodi Layout Residential Colony on 07-08-2025. Highest-risk party in this case: Nithin Thangaraj (Person, flagged as CRITICAL risk, score 40.9). Other entities involved: Janani Devi (Person, flagged as high risk, score 38.9). The suspect is part of Gang-04, a cluster of 278 linked entities (with other known suspects). Anomaly flags: Janani Devi: Multi-Source Suspect (Suspect confirmed in sources: CDR|FIR|Financial|SocialMedia) | Nithin Thangaraj: High Financial Activity (Linked to 7 financial records)"
FIR-2026-00489,Mobile Theft,Sevvanthi Park Shopping Complex,25-08-2026,PER-0398,PER-0172,40.82,Critical,2,"FIR FIR-2026-00489 — Mobile Theft at Sevvanthi Park Shopping Complex on 25-08-2026. Highest-risk party in this case: Sanjay Shankar (Person, flagged as CRITICAL risk, score 40.8). Other entities involved: Arjun Pandian (Person, showing moderate risk indicators, score 27.0). The suspect is part of Gang-02, a cluster of 308 linked entities (with other known suspects). Anomaly flags: Sanjay Shankar: Multi-Source Suspect (Suspect confirmed in sources: CDR|FIR|Financial|SocialMedia) | Sanjay Shankar: High Financial Activity (Linked to 7 financial records)"
FIR-2026-00491,Chit Fund Fraud,Senthil Garden Main Street,26-08-2026,PER-0310,PER-0119,40.41,Critical,3,"FIR FIR-2026-00491 — Chit Fund Fraud at Senthil Garden Main Street on 26-08-2026. Highest-risk party in this case: Amudha Kannan (Person, flagged as CRITICAL risk, score 40.4). Other entities involved: Mathan Balan (Person, flagged as high risk, score 36.4); Dinesh Prakash (Person, flagged as high risk, score 36.4). The suspect is part of Gang-03, a cluster of 307 linked entities (with other known suspects). Anomaly flags: Mathan Balan: Multi-Source Suspect (Suspect confirmed in sources: CDR|FIR|Financial|SocialMedia) | Dinesh Prakash: Multi-Source Suspect (Suspect confirmed in sources: CDR|FIR|Financial) | Amudha Kannan: High Financial Activity (Linked to 8 financial records)"
FIR-2026-00433,Advance Payment Cheating,Nallur Park Main Street,31-05-2026,PER-0357,PER-0381,40.14,Critical,1,"FIR FIR-2026-00433 — Advance Payment Cheating at Nallur Park Main Street on 31-05-2026. Highest-risk party in this case: Vijay Raman (Person, flagged as CRITICAL risk, score 40.1). Other entities involved: Priya Selvi (Person, showing moderate risk indicators, score 26.9). The suspect is part of Gang-03, a cluster of 307 linked entities (with other known suspects). Anomaly flags: Vijay Raman: Multi-Source Suspect (Suspect confirmed in sources: CDR|FIR|Financial|SocialMedia)"
FIR-2026-00474,Property Trespass,Nallur Garden Residential Colony,31-07-2026,PER-0280,PER-0001,39.73,Critical,2,"FIR FIR-2026-00474 — Property Trespass at Nallur Garden Residential Colony on 31-07-2026. Highest-risk party in this case: Lavanya Ammal (Person, flagged as CRITICAL risk, score 39.7). Other entities involved: Sanjay Gopal (Person, showing moderate risk indicators, score 21.4). The suspect is part of Gang-05, a cluster of 95 linked entities (with other known suspects). Anomaly flags: Sanjay Gopal: Multi-Source Suspect (Suspect confirmed in sources: CDR|FIR|Financial|SocialMedia) | Lavanya Ammal: Degree Spike (Degree 119.95666666666666 >> mean 11.0)"
FIR-2026-00484,Phishing,Amudham Layout Residential Colony,23-08-2026,PER-0287,PER-0001,39.73,Critical,2,"FIR FIR-2026-00484 — Phishing at Amudham Layout Residential Colony on 23-08-2026. Highest-risk party in this case: Lavanya Ammal (Person, flagged as CRITICAL risk, score 39.7). Other entities involved: Venkat Prakash (Person, flagged as high risk, score 33.8); Nithya Devi (Person, showing moderate risk indicators, score 25.9). The suspect is part of Gang-02, a cluster of 308 linked entities (with other known suspects). Anomaly flags: Venkat Prakash: Multi-Source Suspect (Suspect confirmed in sources: CDR|FIR|Financial|SocialMedia) | Lavanya Ammal: Degree Spike (Degree 119.95666666666666 >> mean 11.0)"
FIR-2026-00001,Highway Robbery,Sindhu Puram Industrial Area,02-01-2025,,PER-0001,39.73,Critical,1,"FIR FIR-2026-00001 — Highway Robbery at Sindhu Puram Industrial Area on 02-01-2025. Highest-risk party in this case: Lavanya Ammal (Person, flagged as CRITICAL risk, score 39.7). Anomaly flags: Lavanya Ammal: Degree Spike (Degree 119.95666666666666 >> mean 11.0)"
FIR-2026-00045,Car Theft,Sindhu Puram Industrial Area,30-03-2025,,PER-0001,39.73,Critical,1,"FIR FIR-2026-00045 — Car Theft at Sindhu Puram Industrial Area on 30-03-2025. Highest-risk party in this case: Lavanya Ammal (Person, flagged as CRITICAL risk, score 39.7). Anomaly flags: Lavanya Ammal: Degree Spike (Degree 119.95666666666666 >> mean 11.0)"
FIR-2026-00214,Bank Transaction Fraud,Mullai Colony Shopping Complex,02-10-2025,PER-0213,PER-0001,39.73,Critical,2,"FIR FIR-2026-00214 — Bank Transaction Fraud at Mullai Colony Shopping Complex on 02-10-2025. Highest-risk party in this case: Lavanya Ammal (Person, flagged as CRITICAL risk, score 39.7). Other entities involved: Hariharan Prakash (Person, flagged as high risk, score 36.1). The suspect is part of Gang-02, a cluster of 308 linked entities (with other known suspects). Anomaly flags: Hariharan Prakash: Multi-Source Suspect (Suspect confirmed in sources: CDR|FIR|Financial|SocialMedia) | Lavanya Ammal: Degree Spike (Degree 119.95666666666666 >> mean 11.0)"
FIR-2026-00354,Shop Theft,Sevvanthi Park Shopping Complex,08-03-2026,,PER-0339,39.63,Critical,2,"FIR FIR-2026-00354 — Shop Theft at Sevvanthi Park Shopping Complex on 08-03-2026. Highest-risk party in this case: Prakash Muthu (Person, flagged as CRITICAL risk, score 39.6). Other entities involved: Revathi Bai (Person, showing moderate risk indicators, score 26.4). Anomaly flags: Prakash Muthu: Multi-Source Suspect (Suspect confirmed in sources: CDR|FIR|SocialMedia) | Prakash Muthu: Cross-Role Conflict (Same entity in roles: Associate|Callee|Caller|SocialMention|Suspect|Witness)"
FIR-2026-00334,Phishing,Alli Colony College Road,09-02-2026,PER-0184,PER-0338,39.63,Critical,2,"FIR FIR-2026-00334 — Phishing at Alli Colony College Road on 09-02-2026. Highest-risk party in this case: Prakash Muthu (Person, flagged as CRITICAL risk, score 39.6). Other entities involved: Madhan Rajan (Person, flagged as high risk, score 29.7); Siva Muthu (Person, flagged as high risk, score 33.6). The suspect is part of Gang-02, a cluster of 308 linked entities (with other known suspects). Anomaly flags: Prakash Muthu: Multi-Source Suspect (Suspect confirmed in sources: CDR|FIR|SocialMedia) | Prakash Muthu: Cross-Role Conflict (Same entity in roles: Associate|Callee|Caller|SocialMention|Suspect|Witness)"
FIR-2026-00157,Extortion Call,Sindhu Colony College Road,12-08-2025,PER-0184,PER-0165,39.63,Critical,2,"FIR FIR-2026-00157 — Extortion Call at Sindhu Colony College Road on 12-08-2025. Highest-risk party in this case: Prakash Muthu (Person, flagged as CRITICAL risk, score 39.6). Other entities involved: Rajesh Rajan (Person, flagged as high risk, score 28.9); Udhay Muthu (Person, showing moderate risk indicators, score 26.2). The suspect is part of Gang-02, a cluster of 308 linked entities (with other known suspects). Anomaly flags: Prakash Muthu: Multi-Source Suspect (Suspect confirmed in sources: CDR|FIR|SocialMedia) | Prakash Muthu: Cross-Role Conflict (Same entity in roles: Associate|Callee|Caller|SocialMention|Suspect|Witness)"
FIR-2026-00458,UPI Fraud,Kalai Puram Apartment Complex,06-07-2026,PER-0124,PER-0151,39.41,Critical,1,"FIR FIR-2026-00458 — UPI Fraud at Kalai Puram Apartment Complex on 06-07-2026. Highest-risk party in this case: Chandran Subramani (Person, flagged as CRITICAL risk, score 39.4). Other entities involved: Dharani Gopal (Person, flagged as high risk, score 30.0). The suspect is part of Gang-03, a cluster of 307 linked entities (with other known suspects). Anomaly flags: Chandran Subramani: Multi-Source Suspect (Suspect confirmed in sources: CDR|FIR|Financial|SocialMedia)"
FIR-2026-00061,Mobile Theft,Vaigai Nagar College Road,22-04-2025,PER-0124,PER-0097,39.41,Critical,3,"FIR FIR-2026-00061 — Mobile Theft at Vaigai Nagar College Road on 22-04-2025. Highest-risk party in this case: Chandran Subramani (Person, flagged as CRITICAL risk, score 39.4). Other entities involved: Rajesh Mani (Person, flagged as high risk, score 36.8); Prakash Palanisamy (Person, flagged as high risk, score 36.0). The suspect is part of Gang-03, a cluster of 307 linked entities (with other known suspects). Anomaly flags: Chandran Subramani: Multi-Source Suspect (Suspect confirmed in sources: CDR|FIR|Financial|SocialMedia) | Prakash Palanisamy: Multi-Source Suspect (Suspect confirmed in sources: CDR|FIR|Financial|SocialMedia) | Rajesh Mani: Degree Spike (Degree 79.55333333333331 >> mean 11.0)"
FIR-2026-00263,Property Theft,Vetri Colony Industrial Area,13-11-2025,PER-0124,PER-0072,39.41,Critical,1,"FIR FIR-2026-00263 — Property Theft at Vetri Colony Industrial Area on 13-11-2025. Highest-risk party in this case: Chandran Subramani (Person, flagged as CRITICAL risk, score 39.4). Other entities involved: Buvaneswari Kannan (Person, flagged as high risk, score 27.5). The suspect is part of Gang-03, a cluster of 307 linked entities (with other known suspects). Anomaly flags: Chandran Subramani: Multi-Source Suspect (Suspect confirmed in sources: CDR|FIR|Financial|SocialMedia)"
FIR-2026-00102,Job Offer Cheating,Roja Park Main Street,13-06-2025,PER-0178,PER-0177,39.09,High,2,"FIR FIR-2026-00102 — Job Offer Cheating at Roja Park Main Street on 13-06-2025. Highest-risk party in this case: Inban Balan (Person, flagged as high risk, score 39.1). Other entities involved: Saravanan Anand (Person, flagged as high risk, score 38.4). The suspect is part of Gang-03, a cluster of 307 linked entities (with other known suspects). Anomaly flags: Saravanan Anand: Multi-Source Suspect (Suspect confirmed in sources: CDR|FIR|Financial|SocialMedia) | Inban Balan: High Financial Activity (Linked to 7 financial records)"
FIR-2026-00237,Vandalism,Ponni Nagar College Road,22-10-2025,PER-0108,PER-0200,38.97,High,1,"FIR FIR-2026-00237 — Vandalism at Ponni Nagar College Road on 22-10-2025. Highest-risk party in this case: Murugan Karuppasamy (Person, flagged as high risk, score 39.0). Other entities involved: Dharani Shankar (Person, flagged as high risk, score 27.9). The suspect is part of Gang-03, a cluster of 307 linked entities (with other known suspects). Anomaly flags: Murugan Karuppasamy: Multi-Source Suspect (Suspect confirmed in sources: CDR|FIR|Financial|SocialMedia)"
FIR-2026-00292,Business Extortion,Anbu Park Main Street,21-12-2025,PER-0108,PER-0004,38.97,High,1,"FIR FIR-2026-00292 — Business Extortion at Anbu Park Main Street on 21-12-2025. Highest-risk party in this case: Murugan Karuppasamy (Person, flagged as high risk, score 39.0). Other entities involved: Thirumal Babu (Person, flagged as high risk, score 31.1). The suspect is part of Gang-03, a cluster of 307 linked entities (with other known suspects). Anomaly flags: Murugan Karuppasamy: Multi-Source Suspect (Suspect confirmed in sources: CDR|FIR|Financial|SocialMedia)"
FIR-2026-00239,Mobile Theft,Anbu Park Main Street,21-10-2025,PER-0108,PER-0291,38.97,High,1,"FIR FIR-2026-00239 — Mobile Theft at Anbu Park Main Street on 21-10-2025. Highest-risk party in this case: Murugan Karuppasamy (Person, flagged as high risk, score 39.0). Other entities involved: Mythili Murugan (Person, flagged as high risk, score 28.2). The suspect is part of Gang-03, a cluster of 307 linked entities (with other known suspects). Anomaly flags: Murugan Karuppasamy: Multi-Source Suspect (Suspect confirmed in sources: CDR|FIR|Financial|SocialMedia)"
FIR-2026-00052,Investment Fraud,Thendral Nagar ATM Area,07-04-2025,PER-0108,PER-0107,38.97,High,1,"FIR FIR-2026-00052 — Investment Fraud at Thendral Nagar ATM Area on 07-04-2025. Highest-risk party in this case: Murugan Karuppasamy (Person, flagged as high risk, score 39.0). Other entities involved: Mathan Arumugam (Person, showing moderate risk indicators, score 27.1); Ajith Murugan (Person, showing moderate risk indicators, score 26.5). The suspect is part of Gang-03, a cluster of 307 linked entities (with other known suspects). Anomaly flags: Murugan Karuppasamy: Multi-Source Suspect (Suspect confirmed in sources: CDR|FIR|Financial|SocialMedia)"
FIR-2026-00246,Gold Chain Snatching,Sindhu Garden Residential Colony,28-10-2025,PER-0108,PER-0101,38.97,High,2,"FIR FIR-2026-00246 — Gold Chain Snatching at Sindhu Garden Residential Colony on 28-10-2025. Highest-risk party in this case: Murugan Karuppasamy (Person, flagged as high risk, score 39.0). Other entities involved: Abirami Sekar (Person, flagged as high risk, score 37.8). The suspect is part of Gang-03, a cluster of 307 linked entities (with other known suspects). Anomaly flags: Murugan Karuppasamy: Multi-Source Suspect (Suspect confirmed in sources: CDR|FIR|Financial|SocialMedia) | Abirami Sekar: Degree Spike (Degree 87.70666666666666 >> mean 11.0)"
FIR-2026-00266,UPI Fraud,Mullai Colony Shopping Complex,18-11-2025,PER-0213,PER-0307,38.71,High,2,"FIR FIR-2026-00266 — UPI Fraud at Mullai Colony Shopping Complex on 18-11-2025. Highest-risk party in this case: Deviga Krishnan (Person, flagged as high risk, score 38.7). Other entities involved: Hariharan Prakash (Person, flagged as high risk, score 36.1); Meena Sekar (Person, showing moderate risk indicators, score 26.7). The suspect is part of Gang-02, a cluster of 308 linked entities (with other known suspects). Anomaly flags: Hariharan Prakash: Multi-Source Suspect (Suspect confirmed in sources: CDR|FIR|Financial|SocialMedia) | Deviga Krishnan: High Financial Activity (Linked to 8 financial records)"
FIR-2026-00071,Neighbour Harassment,Sevvanthi Puram Industrial Area,11-05-2025,PER-0132,PER-0115,38.63,High,3,"FIR FIR-2026-00071 — Neighbour Harassment at Sevvanthi Puram Industrial Area on 11-05-2025. Highest-risk party in this case: Jeeva Natarajan (Person, flagged as high risk, score 38.6). Other entities involved: Arjun Shankar (Person, flagged as high risk, score 37.5); Nithin Balan (Person, flagged as high risk, score 34.4). The suspect is part of Gang-03, a cluster of 307 linked entities (with other known suspects). Anomaly flags: Jeeva Natarajan: Multi-Source Suspect (Suspect confirmed in sources: CDR|FIR|Financial|SocialMedia) | Arjun Shankar: Multi-Source Suspect (Suspect confirmed in sources: CDR|FIR|Financial|SocialMedia) | Nithin Balan: Degree Spike (Degree 76.77666666666667 >> mean 11.0)"
FIR-2026-00393,Neighbour Harassment,Nallur Garden Residential Colony,15-04-2026,PER-0039,PER-0042,38.63,High,2,"FIR FIR-2026-00393 — Neighbour Harassment at Nallur Garden Residential Colony on 15-04-2026. Highest-risk party in this case: Jeeva Natarajan (Person, flagged as high risk, score 38.6). Other entities involved: Rakesh Anand (Person, flagged as high risk, score 38.0). The suspect is part of Gang-03, a cluster of 307 linked entities (with other known suspects). Anomaly flags: Jeeva Natarajan: Multi-Source Suspect (Suspect confirmed in sources: CDR|FIR|Financial|SocialMedia) | Rakesh Anand: Degree Spike (Degree 94.70666666666666 >> mean 11.0)"
FIR-2026-00016,Mobile Theft,Amudham Nagar Main Street,05-02-2025,PER-0039,PER-0038,38.63,High,1,"FIR FIR-2026-00016 — Mobile Theft at Amudham Nagar Main Street on 05-02-2025. Highest-risk party in this case: Jeeva Natarajan (Person, flagged as high risk, score 38.6). Other entities involved: Naveen Balan (Person, showing moderate risk indicators, score 24.5). The suspect is part of Gang-03, a cluster of 307 linked entities (with other known suspects). Anomaly flags: Jeeva Natarajan: Multi-Source Suspect (Suspect confirmed in sources: CDR|FIR|Financial|SocialMedia)"
FIR-2026-00459,Motorcycle Theft,Poongodi Layout Residential Colony,05-07-2026,PER-0178,PER-0042,38.38,High,2,"FIR FIR-2026-00459 — Motorcycle Theft at Poongodi Layout Residential Colony on 05-07-2026. Highest-risk party in this case: Saravanan Anand (Person, flagged as high risk, score 38.4). Other entities involved: Rakesh Anand (Person, flagged as high risk, score 38.0). The suspect is part of Gang-03, a cluster of 307 linked entities (with other known suspects). Anomaly flags: Saravanan Anand: Multi-Source Suspect (Suspect confirmed in sources: CDR|FIR|Financial|SocialMedia) | Rakesh Anand: Degree Spike (Degree 94.70666666666666 >> mean 11.0)"
FIR-2026-00221,Missing Adult,Vaigai Nagar College Road,08-10-2025,,PER-0002,38.37,High,1,"FIR FIR-2026-00221 — Missing Adult at Vaigai Nagar College Road on 08-10-2025. Highest-risk party in this case: Praveen Sekar (Person, flagged as high risk, score 38.4). Other entities involved: Inban Selvam (Person, flagged as high risk, score 29.3). Anomaly flags: Praveen Sekar: Multi-Source Suspect (Suspect confirmed in sources: CDR|FIR|Financial|SocialMedia)"
FIR-2026-00349,Group Assault,Palar Park Industrial Area,26-02-2026,PER-0089,PER-0056,38.37,High,1,"FIR FIR-2026-00349 — Group Assault at Palar Park Industrial Area on 26-02-2026. Highest-risk party in this case: Praveen Sekar (Person, flagged as high risk, score 38.4). Other entities involved: Bharath Prakash (Person, flagged as high risk, score 29.1). The suspect is part of Gang-04, a cluster of 278 linked entities (with other known suspects). Anomaly flags: Praveen Sekar: Multi-Source Suspect (Suspect confirmed in sources: CDR|FIR|Financial|SocialMedia)"
FIR-2026-00125,Second-hand Vehicle Sale Cheating,Kalai Park Main Street,03-07-2025,PER-0089,PER-0208,38.37,High,1,"FIR FIR-2026-00125 — Second-hand Vehicle Sale Cheating at Kalai Park Main Street on 03-07-2025. Highest-risk party in this case: Praveen Sekar (Person, flagged as high risk, score 38.4). Other entities involved: Arun Thangaraj (Person, flagged as high risk, score 29.3). The suspect is part of Gang-04, a cluster of 278 linked entities (with other known suspects). Anomaly flags: Praveen Sekar: Multi-Source Suspect (Suspect confirmed in sources: CDR|FIR|Financial|SocialMedia)"
FIR-2026-00121,Phishing,Ezhil Garden Shopping Complex,10-07-2025,PER-0194,PER-0083,38.29,High,2,"FIR FIR-2026-00121 — Phishing at Ezhil Garden Shopping Complex on 10-07-2025. Highest-risk party in this case: Babu Selvam (Person, flagged as high risk, score 38.3). Other entities involved: Rakesh Gopal (Person, flagged as high risk, score 37.7). The suspect is part of Gang-04, a cluster of 278 linked entities (with other known suspects). Anomaly flags: Rakesh Gopal: Multi-Source Suspect (Suspect confirmed in sources: CDR|FIR|Financial|SocialMedia) | Babu Selvam: Degree Spike (Degree 96.2 >> mean 11.0)"
FIR-2026-00198,Group Assault,Nallur Nagar Main Street,12-09-2025,PER-0181,PER-0264,38.17,High,1,"FIR FIR-2026-00198 — Group Assault at Nallur Nagar Main Street on 12-09-2025. Highest-risk party in this case: Abirami Raj (Person, flagged as high risk, score 38.2). Other entities involved: Gayathri Raman (Person, flagged as high risk, score 27.6); Siva Muthu (Person, flagged as high risk, score 33.6). The suspect is part of Gang-03, a cluster of 307 linked entities (with other known suspects). Anomaly flags: Abirami Raj: Multi-Source Suspect (Suspect confirmed in sources: CDR|FIR|Financial|SocialMedia)"
FIR-2026-00109,Group Assault,Nila Puram Main Street,25-06-2025,PER-0181,PER-0187,38.17,High,1,"FIR FIR-2026-00109 — Group Assault at Nila Puram Main Street on 25-06-2025. Highest-risk party in this case: Abirami Raj (Person, flagged as high risk, score 38.2). Other entities involved: Tamilarasan Palanisamy (Person, flagged as high risk, score 29.7); Mathan Chandran (Person, showing moderate risk indicators, score 26.7). The suspect is part of Gang-03, a cluster of 307 linked entities (with other known suspects). Anomaly flags: Abirami Raj: Multi-Source Suspect (Suspect confirmed in sources: CDR|FIR|Financial|SocialMedia)"
FIR-2026-00383,Chit Fund Fraud,Nallur Nagar Main Street,09-04-2026,PER-0356,PER-0366,38.16,High,1,"FIR FIR-2026-00383 — Chit Fund Fraud at Nallur Nagar Main Street on 09-04-2026. Highest-risk party in this case: Senthil Natarajan (Person, flagged as high risk, score 38.2). Other entities involved: Deepak Muthu (Person, flagged as high risk, score 27.7). The suspect is part of Gang-03, a cluster of 307 linked entities (with other known suspects). Anomaly flags: Senthil Natarajan: Multi-Source Suspect (Suspect confirmed in sources: CDR|FIR|Financial|SocialMedia)"
FIR-2026-00443,Phishing,Anbu Puram Apartment Complex,12-06-2026,PER-0356,PER-0372,38.16,High,1,"FIR FIR-2026-00443 — Phishing at Anbu Puram Apartment Complex on 12-06-2026. Highest-risk party in this case: Senthil Natarajan (Person, flagged as high risk, score 38.2). Other entities involved: Amudha Sri (Person, flagged as high risk, score 28.4). The suspect is part of Gang-03, a cluster of 307 linked entities (with other known suspects). Anomaly flags: Senthil Natarajan: Multi-Source Suspect (Suspect confirmed in sources: CDR|FIR|Financial|SocialMedia)"
FIR-2026-00449,UPI Fraud,Nallur Nagar Main Street,25-06-2026,PER-0356,PER-0385,38.16,High,2,"FIR FIR-2026-00449 — UPI Fraud at Nallur Nagar Main Street on 25-06-2026. Highest-risk party in this case: Senthil Natarajan (Person, flagged as high risk, score 38.2). Other entities involved: Praveen Muthu (Person, flagged as high risk, score 36.0). The suspect is part of Gang-03, a cluster of 307 linked entities (with other known suspects). Anomaly flags: Senthil Natarajan: Multi-Source Suspect (Suspect confirmed in sources: CDR|FIR|Financial|SocialMedia) | Praveen Muthu: High Financial Activity (Linked to 10 financial records)"
FIR-2026-00284,Mobile Theft,Sevvanthi Park Shopping Complex,06-12-2025,PER-0300,PER-0035,38.12,High,1,"FIR FIR-2026-00284 — Mobile Theft at Sevvanthi Park Shopping Complex on 06-12-2025. Highest-risk party in this case: Logesh Subramani (Person, flagged as high risk, score 38.1). Other entities involved: Nandhini Sekar (Person, flagged as high risk, score 28.1). The suspect is part of Gang-04, a cluster of 278 linked entities (with other known suspects). Anomaly flags: Logesh Subramani: Multi-Source Suspect (Suspect confirmed in sources: CDR|FIR|Financial|SocialMedia)"
FIR-2026-00251,Illegal Occupation,Vaigai Layout Market Road,01-11-2025,PER-0300,PER-0187,38.12,High,1,"FIR FIR-2026-00251 — Illegal Occupation at Vaigai Layout Market Road on 01-11-2025. Highest-risk party in this case: Logesh Subramani (Person, flagged as high risk, score 38.1). Other entities involved: Tamilarasan Palanisamy (Person, flagged as high risk, score 29.7). The suspect is part of Gang-04, a cluster of 278 linked entities (with other known suspects). Anomaly flags: Logesh Subramani: Multi-Source Suspect (Suspect confirmed in sources: CDR|FIR|Financial|SocialMedia)"
FIR-2026-00416,Missing Student,Vetri Nagar Shopping Complex,12-05-2026,,PER-0163,38.1,High,1,"FIR FIR-2026-00416 — Missing Student at Vetri Nagar Shopping Complex on 12-05-2026. Highest-risk party in this case: Rakesh Krishnan (Person, flagged as high risk, score 38.1). Anomaly flags: Rakesh Krishnan: High Financial Activity (Linked to 7 financial records)"
FIR-2026-00426,Investment Fraud,Mynthan Colony Main Street,27-05-2026,PER-0379,PER-0144,38.1,High,2,"FIR FIR-2026-00426 — Investment Fraud at Mynthan Colony Main Street on 27-05-2026. Highest-risk party in this case: Gopal Mani (Person, flagged as high risk, score 38.1). Other entities involved: Padmini Bai (Person, flagged as high risk, score 36.8). The suspect is part of Gang-04, a cluster of 278 linked entities (with other known suspects). Anomaly flags: Gopal Mani: Multi-Source Suspect (Suspect confirmed in sources: CDR|FIR|Financial|SocialMedia) | Padmini Bai: Degree Spike (Degree 74.38333333333334 >> mean 11.0)"
FIR-2026-00089,Advance Payment Cheating,Sindhu Garden Residential Colony,23-05-2025,PER-0117,PER-0163,38.1,High,3,"FIR FIR-2026-00089 — Advance Payment Cheating at Sindhu Garden Residential Colony on 23-05-2025. Highest-risk party in this case: Rakesh Krishnan (Person, flagged as high risk, score 38.1). Other entities involved: Tamilarasan Muthu (Person, flagged as high risk, score 35.7). The suspect is part of Gang-05, a cluster of 95 linked entities (with other known suspects). Anomaly flags: Tamilarasan Muthu: Multi-Source Suspect (Suspect confirmed in sources: CDR|FIR|Financial|SocialMedia) | Rakesh Krishnan: High Financial Activity (Linked to 7 financial records) | Tamilarasan Muthu: Degree Spike (Degree 74.34 >> mean 11.0)"
FIR-2026-00321,Street Altercation,Anbu Colony Highway Junction,20-01-2026,PER-0112,PER-0163,38.1,High,2,"FIR FIR-2026-00321 — Street Altercation at Anbu Colony Highway Junction on 20-01-2026. Highest-risk party in this case: Rakesh Krishnan (Person, flagged as high risk, score 38.1). Other entities involved: Eswari Raj (Person, flagged as high risk, score 33.8). The suspect is part of Gang-02, a cluster of 308 linked entities (with other known suspects). Anomaly flags: Eswari Raj: Multi-Source Suspect (Suspect confirmed in sources: CDR|FIR|Financial|SocialMedia) | Rakesh Krishnan: High Financial Activity (Linked to 7 financial records)"
FIR-2026-00403,Pickpocketing,Kurinji Puram Railway Station Road,02-05-2026,PER-0360,PER-0136,38.07,High,1,"FIR FIR-2026-00403 — Pickpocketing at Kurinji Puram Railway Station Road on 02-05-2026. Highest-risk party in this case: Sanjay Palanisamy (Person, flagged as high risk, score 38.1). Other entities involved: Durga Raman (Person, flagged as high risk, score 28.4); Dinesh Balan (Person, flagged as high risk, score 29.0). The suspect is part of Gang-03, a cluster of 307 linked entities (with other known suspects). Anomaly flags: Sanjay Palanisamy: Multi-Source Suspect (Suspect confirmed in sources: CDR|FIR|Financial|SocialMedia)"
FIR-2026-00378,Pickpocketing,Mullai Colony Shopping Complex,05-04-2026,PER-0360,PER-0020,38.07,High,1,"FIR FIR-2026-00378 — Pickpocketing at Mullai Colony Shopping Complex on 05-04-2026. Highest-risk party in this case: Sanjay Palanisamy (Person, flagged as high risk, score 38.1). Other entities involved: Yogesh Raj (Person, flagged as high risk, score 29.7); Abirami Rani (Person, showing moderate risk indicators, score 26.8). The suspect is part of Gang-03, a cluster of 307 linked entities (with other known suspects). Anomaly flags: Sanjay Palanisamy: Multi-Source Suspect (Suspect confirmed in sources: CDR|FIR|Financial|SocialMedia)"
FIR-2026-00447,Highway Robbery,Vetri Layout Industrial Area,26-06-2026,PER-0360,PER-0189,38.07,High,2,"FIR FIR-2026-00447 — Highway Robbery at Vetri Layout Industrial Area on 26-06-2026. Highest-risk party in this case: Sanjay Palanisamy (Person, flagged as high risk, score 38.1). Other entities involved: Deepak Subramani (Person, flagged as high risk, score 37.9). The suspect is part of Gang-03, a cluster of 307 linked entities (with other known suspects). Anomaly flags: Sanjay Palanisamy: Multi-Source Suspect (Suspect confirmed in sources: CDR|FIR|Financial|SocialMedia) | Deepak Subramani: High Financial Activity (Linked to 7 financial records)"
FIR-2026-00462,Pickpocketing,Oviya Colony Railway Station Road,11-07-2026,PER-0360,PER-0315,38.07,High,2,"FIR FIR-2026-00462 — Pickpocketing at Oviya Colony Railway Station Road on 11-07-2026. Highest-risk party in this case: Sanjay Palanisamy (Person, flagged as high risk, score 38.1). Other entities involved: Chithra Raman (Person, flagged as high risk, score 36.8); Dinesh Balan (Person, flagged as high risk, score 29.0). The suspect is part of Gang-03, a cluster of 307 linked entities (with other known suspects). Anomaly flags: Sanjay Palanisamy: Multi-Source Suspect (Suspect confirmed in sources: CDR|FIR|Financial|SocialMedia) | Chithra Raman: High Financial Activity (Linked to 7 financial records)"
FIR-2026-00397,UPI Fraud,Amudham Nagar Main Street,24-04-2026,PER-0373,PER-0047,38.02,High,2,"FIR FIR-2026-00397 — UPI Fraud at Amudham Nagar Main Street on 24-04-2026. Highest-risk party in this case: Anand Muthu (Person, flagged as high risk, score 38.0). Other entities involved: Uma Raj (Person, flagged as high risk, score 37.9); Mathan Chandran (Person, showing moderate risk indicators, score 26.7). The suspect is part of Gang-04, a cluster of 278 linked entities (with other known suspects). Anomaly flags: Anand Muthu: Multi-Source Suspect (Suspect confirmed in sources: CDR|FIR|Financial|SocialMedia) | Uma Raj: Degree Spike (Degree 96.31666666666666 >> mean 11.0)"
FIR-2026-00495,Vandalism,Iniyan Colony Apartment Complex,04-09-2026,PER-0373,PER-0399,38.02,High,1,"FIR FIR-2026-00495 — Vandalism at Iniyan Colony Apartment Complex on 04-09-2026. Highest-risk party in this case: Anand Muthu (Person, flagged as high risk, score 38.0). Other entities involved: Praveen Shankar (Person, showing moderate risk indicators, score 26.9). The suspect is part of Gang-04, a cluster of 278 linked entities (with other known suspects). Anomaly flags: Anand Muthu: Multi-Source Suspect (Suspect confirmed in sources: CDR|FIR|Financial|SocialMedia)"
FIR-2026-00404,Auto Theft,Sevvanthi Colony Bus Stand Area,03-05-2026,,PER-0047,38.02,High,2,"FIR FIR-2026-00404 — Auto Theft at Sevvanthi Colony Bus Stand Area on 03-05-2026. Highest-risk party in this case: Anand Muthu (Person, flagged as high risk, score 38.0). Other entities involved: Uma Raj (Person, flagged as high risk, score 37.9). Anomaly flags: Anand Muthu: Multi-Source Suspect (Suspect confirmed in sources: CDR|FIR|Financial|SocialMedia) | Uma Raj: Degree Spike (Degree 96.31666666666666 >> mean 11.0)"
FIR-2026-00088,Pickpocketing,Kurinji Puram Railway Station Road,24-05-2025,,PER-0042,37.96,High,1,"FIR FIR-2026-00088 — Pickpocketing at Kurinji Puram Railway Station Road on 24-05-2025. Highest-risk party in this case: Rakesh Anand (Person, flagged as high risk, score 38.0). Anomaly flags: Rakesh Anand: Degree Spike (Degree 94.70666666666666 >> mean 11.0)"
FIR-2026-00155,Motorcycle Theft,Kaveri Park Bus Stand Area,10-08-2025,PER-0235,PER-0042,37.96,High,2,"FIR FIR-2026-00155 — Motorcycle Theft at Kaveri Park Bus Stand Area on 10-08-2025. Highest-risk party in this case: Rakesh Anand (Person, flagged as high risk, score 38.0). Other entities involved: Nithin Subramani (Person, flagged as high risk, score 36.5). The suspect is part of Gang-03, a cluster of 307 linked entities (with other known suspects). Anomaly flags: Nithin Subramani: Multi-Source Suspect (Suspect confirmed in sources: CDR|FIR|Financial|SocialMedia) | Rakesh Anand: Degree Spike (Degree 94.70666666666666 >> mean 11.0)"
FIR-2026-00302,Property Theft,Neithal Garden Apartment Complex,01-01-2026,PER-0316,PER-0013,37.95,High,2,"FIR FIR-2026-00302 — Property Theft at Neithal Garden Apartment Complex on 01-01-2026. Highest-risk party in this case: Ramya Bai (Person, flagged as high risk, score 38.0). Other entities involved: Mohan Ramasamy (Person, flagged as high risk, score 33.4); Nandha Muthu (Person, showing moderate risk indicators, score 25.5). The suspect is part of Gang-02, a cluster of 308 linked entities (with other known suspects). Anomaly flags: Mohan Ramasamy: Multi-Source Suspect (Suspect confirmed in sources: CDR|FIR|Financial|SocialMedia) | Ramya Bai: Degree Spike (Degree 85.71 >> mean 11.0)"
FIR-2026-00165,Forged Document,Mangai Colony Railway Station Road,16-08-2025,PER-0242,PER-0013,37.95,High,2,"FIR FIR-2026-00165 — Forged Document at Mangai Colony Railway Station Road on 16-08-2025. Highest-risk party in this case: Ramya Bai (Person, flagged as high risk, score 38.0). Other entities involved: Ganesh Selvam (Person, flagged as high risk, score 36.8). The suspect is part of Gang-03, a cluster of 307 linked entities (with other known suspects). Anomaly flags: Ganesh Selvam: Multi-Source Suspect (Suspect confirmed in sources: CDR|FIR|Financial|SocialMedia) | Ramya Bai: Degree Spike (Degree 85.71 >> mean 11.0)"
FIR-2026-00130,Auto Theft,Oviya Colony Railway Station Road,17-07-2025,,PER-0047,37.92,High,1,"FIR FIR-2026-00130 — Auto Theft at Oviya Colony Railway Station Road on 17-07-2025. Highest-risk party in this case: Uma Raj (Person, flagged as high risk, score 37.9). Anomaly flags: Uma Raj: Degree Spike (Degree 96.31666666666666 >> mean 11.0)"
FIR-2026-00118,Chit Fund Fraud,Poongodi Layout Residential Colony,01-07-2025,PER-0198,PER-0047,37.92,High,3,"FIR FIR-2026-00118 — Chit Fund Fraud at Poongodi Layout Residential Colony on 01-07-2025. Highest-risk party in this case: Uma Raj (Person, flagged as high risk, score 37.9). Other entities involved: Mohan Sekar (Person, flagged as high risk, score 28.8). The suspect is part of Gang-05, a cluster of 95 linked entities (with other known suspects). Anomaly flags: Mohan Sekar: Multi-Source Suspect (Suspect confirmed in sources: CDR|FIR|Financial|SocialMedia) | Mohan Sekar: High Financial Activity (Linked to 8 financial records) | Uma Raj: Degree Spike (Degree 96.31666666666666 >> mean 11.0)"
FIR-2026-00072,Vandalism,Nallur Colony College Road,14-05-2025,,PER-0047,37.92,High,1,"FIR FIR-2026-00072 — Vandalism at Nallur Colony College Road on 14-05-2025. Highest-risk party in this case: Uma Raj (Person, flagged as high risk, score 37.9). Anomaly flags: Uma Raj: Degree Spike (Degree 96.31666666666666 >> mean 11.0)"
FIR-2026-00280,Property Theft,Senthil Garden Main Street,05-12-2025,PER-0297,PER-0136,37.88,High,1,"FIR FIR-2026-00280 — Property Theft at Senthil Garden Main Street on 05-12-2025. Highest-risk party in this case: Karthik Balan (Person, flagged as high risk, score 37.9). Other entities involved: Durga Raman (Person, flagged as high risk, score 28.4). The suspect is part of Gang-03, a cluster of 307 linked entities (with other known suspects). Anomaly flags: Karthik Balan: Multi-Source Suspect (Suspect confirmed in sources: CDR|FIR|Financial|SocialMedia)"
FIR-2026-00245,Group Assault,Senthil Garden Main Street,27-10-2025,PER-0297,PER-0296,37.88,High,1,"FIR FIR-2026-00245 — Group Assault at Senthil Garden Main Street on 27-10-2025. Highest-risk party in this case: Karthik Balan (Person, flagged as high risk, score 37.9). Other entities involved: Praveen Raman (Person, flagged as high risk, score 27.5). The suspect is part of Gang-03, a cluster of 307 linked entities (with other known suspects). Anomaly flags: Karthik Balan: Multi-Source Suspect (Suspect confirmed in sources: CDR|FIR|Financial|SocialMedia)"
FIR-2026-00278,Property Theft,Senthil Garden Main Street,02-12-2025,PER-0297,PER-0144,37.88,High,2,"FIR FIR-2026-00278 — Property Theft at Senthil Garden Main Street on 02-12-2025. Highest-risk party in this case: Karthik Balan (Person, flagged as high risk, score 37.9). Other entities involved: Padmini Bai (Person, flagged as high risk, score 36.8). The suspect is part of Gang-03, a cluster of 307 linked entities (with other known suspects). Anomaly flags: Karthik Balan: Multi-Source Suspect (Suspect confirmed in sources: CDR|FIR|Financial|SocialMedia) | Padmini Bai: Degree Spike (Degree 74.38333333333334 >> mean 11.0)"
FIR-2026-00290,Shop Robbery,Amudham Garden Market Road,20-12-2025,PER-0297,PER-0290,37.88,High,1,"FIR FIR-2026-00290 — Shop Robbery at Amudham Garden Market Road on 20-12-2025. Highest-risk party in this case: Karthik Balan (Person, flagged as high risk, score 37.9). Other entities involved: Latha Murugan (Person, flagged as high risk, score 29.2). The suspect is part of Gang-03, a cluster of 307 linked entities (with other known suspects). Anomaly flags: Karthik Balan: Multi-Source Suspect (Suspect confirmed in sources: CDR|FIR|Financial|SocialMedia)"
FIR-2026-00274,Illegal Occupation,Vaigai Layout Market Road,29-11-2025,PER-0243,PER-0289,37.79,High,1,"FIR FIR-2026-00274 — Illegal Occupation at Vaigai Layout Market Road on 29-11-2025. Highest-risk party in this case: Bharath Selvam (Person, flagged as high risk, score 37.8). Other entities involved: Bhuvana Raman (Person, showing moderate risk indicators, score 25.9). The suspect is part of Gang-04, a cluster of 278 linked entities (with other known suspects). Anomaly flags: Bharath Selvam: Multi-Source Suspect (Suspect confirmed in sources: CDR|FIR|Financial|SocialMedia)"
FIR-2026-00204,Bank Transaction Fraud,Ezhil Garden Shopping Complex,13-09-2025,PER-0194,PER-0145,37.74,High,2,"FIR FIR-2026-00204 — Bank Transaction Fraud at Ezhil Garden Shopping Complex on 13-09-2025. Highest-risk party in this case: Rakesh Gopal (Person, flagged as high risk, score 37.7). Other entities involved: Tamilselvi Devi (Person, flagged as high risk, score 36.6). The suspect is part of Gang-04, a cluster of 278 linked entities (with other known suspects). Anomaly flags: Rakesh Gopal: Multi-Source Suspect (Suspect confirmed in sources: CDR|FIR|Financial|SocialMedia) | Tamilselvi Devi: Degree Spike (Degree 83.66000000000003 >> mean 11.0)"
FIR-2026-00086,Property Theft,Vaigai Park Parking Area,22-05-2025,PER-0132,PER-0160,37.53,High,1,"FIR FIR-2026-00086 — Property Theft at Vaigai Park Parking Area on 22-05-2025. Highest-risk party in this case: Arjun Shankar (Person, flagged as high risk, score 37.5). Other entities involved: Mohan Natarajan (Person, showing moderate risk indicators, score 26.5). The suspect is part of Gang-03, a cluster of 307 linked entities (with other known suspects). Anomaly flags: Arjun Shankar: Multi-Source Suspect (Suspect confirmed in sources: CDR|FIR|Financial|SocialMedia)"
FIR-2026-00452,Job Offer Cheating,Anbu Park Main Street,01-07-2026,PER-0132,PER-0261,37.53,High,1,"FIR FIR-2026-00452 — Job Offer Cheating at Anbu Park Main Street on 01-07-2026. Highest-risk party in this case: Arjun Shankar (Person, flagged as high risk, score 37.5). Other entities involved: Nithya Rani (Person, showing moderate risk indicators, score 24.7). The suspect is part of Gang-03, a cluster of 307 linked entities (with other known suspects). Anomaly flags: Arjun Shankar: Multi-Source Suspect (Suspect confirmed in sources: CDR|FIR|Financial|SocialMedia)"
FIR-2026-00065,Property Dispute Threat,Nallur Park Main Street,30-04-2025,PER-0132,PER-0131,37.53,High,1,"FIR FIR-2026-00065 — Property Dispute Threat at Nallur Park Main Street on 30-04-2025. Highest-risk party in this case: Arjun Shankar (Person, flagged as high risk, score 37.5). Other entities involved: Chithra Raj (Person, showing moderate risk indicators, score 27.0). The suspect is part of Gang-03, a cluster of 307 linked entities (with other known suspects). Anomaly flags: Arjun Shankar: Multi-Source Suspect (Suspect confirmed in sources: CDR|FIR|Financial|SocialMedia)"
FIR-2026-00197,Street Altercation,Roja Park Main Street,11-09-2025,PER-0084,PER-0164,37.38,High,1,"FIR FIR-2026-00197 — Street Altercation at Roja Park Main Street on 11-09-2025. Highest-risk party in this case: Gokul Gopal (Person, flagged as high risk, score 37.4). Other entities involved: Malathi Selvi (Person, showing moderate risk indicators, score 26.6). The suspect is part of Gang-04, a cluster of 278 linked entities (with other known suspects). Anomaly flags: Gokul Gopal: Multi-Source Suspect (Suspect confirmed in sources: CDR|FIR|Financial|SocialMedia)"
FIR-2026-00203,UPI Fraud,Ezhil Garden Shopping Complex,16-09-2025,PER-0084,PER-0270,37.38,High,2,"FIR FIR-2026-00203 — UPI Fraud at Ezhil Garden Shopping Complex on 16-09-2025. Highest-risk party in this case: Gokul Gopal (Person, flagged as high risk, score 37.4). Other entities involved: Ravi Gopal (Person, flagged as high risk, score 37.1). The suspect is part of Gang-04, a cluster of 278 linked entities (with other known suspects). Anomaly flags: Gokul Gopal: Multi-Source Suspect (Suspect confirmed in sources: CDR|FIR|Financial|SocialMedia) | Ravi Gopal: High Financial Activity (Linked to 9 financial records)"
FIR-2026-00409,Auto Theft,Vaigai Park Parking Area,07-05-2026,PER-0347,PER-0097,37.24,High,2,"FIR FIR-2026-00409 — Auto Theft at Vaigai Park Parking Area on 07-05-2026. Highest-risk party in this case: Bharath Balan (Person, flagged as high risk, score 37.2). Other entities involved: Rajesh Mani (Person, flagged as high risk, score 36.8). The suspect is part of Gang-03, a cluster of 307 linked entities (with other known suspects). Anomaly flags: Bharath Balan: Multi-Source Suspect (Suspect confirmed in sources: CDR|FIR|Financial|SocialMedia) | Rajesh Mani: Degree Spike (Degree 79.55333333333331 >> mean 11.0)"
FIR-2026-00268,Phishing,Kalai Puram Apartment Complex,19-11-2025,PER-0309,PER-0285,37.05,High,1,"FIR FIR-2026-00268 — Phishing at Kalai Puram Apartment Complex on 19-11-2025. Highest-risk party in this case: Sathish Ramasamy (Person, flagged as high risk, score 37.0). Other entities involved: Saravanan Gopal (Person, flagged as high risk, score 27.6). The suspect is part of Gang-04, a cluster of 278 linked entities (with other known suspects). Anomaly flags: Sathish Ramasamy: Multi-Source Suspect (Suspect confirmed in sources: CDR|FIR|Financial|SocialMedia)"
FIR-2026-00328,Group Assault,Arasu Nagar Residential Colony,27-01-2026,PER-0308,PER-0256,36.95,High,1,"FIR FIR-2026-00328 — Group Assault at Arasu Nagar Residential Colony on 27-01-2026. Highest-risk party in this case: Kannan Shankar (Person, flagged as high risk, score 37.0). Other entities involved: Bharathi Raman (Person, flagged as high risk, score 28.6). The suspect is part of Gang-03, a cluster of 307 linked entities (with other known suspects). Anomaly flags: Kannan Shankar: Multi-Source Suspect (Suspect confirmed in sources: CDR|FIR|Financial|SocialMedia)"
FIR-2026-00267,Group Assault,Arasu Nagar Residential Colony,17-11-2025,PER-0308,PER-0273,36.95,High,1,"FIR FIR-2026-00267 — Group Assault at Arasu Nagar Residential Colony on 17-11-2025. Highest-risk party in this case: Kannan Shankar (Person, flagged as high risk, score 37.0). Other entities involved: Lakshmi Raman (Person, showing moderate risk indicators, score 24.1); Suresh Selvam (Person, flagged as high risk, score 27.6). The suspect is part of Gang-03, a cluster of 307 linked entities (with other known suspects). Anomaly flags: Kannan Shankar: Multi-Source Suspect (Suspect confirmed in sources: CDR|FIR|Financial|SocialMedia)"
FIR-2026-00497,Motorcycle Theft,Kalai Colony Apartment Complex,08-09-2026,,PER-0121,36.93,High,1,"FIR FIR-2026-00497 — Motorcycle Theft at Kalai Colony Apartment Complex on 08-09-2026. Highest-risk party in this case: Chandran Krishnan (Person, flagged as high risk, score 36.9). Other entities involved: Ajith Murugan (Person, showing moderate risk indicators, score 26.5). Anomaly flags: Chandran Krishnan: High Financial Activity (Linked to 7 financial records)"
FIR-2026-00031,Property Sale Cheating,Kalai Colony Apartment Complex,13-03-2025,PER-0069,PER-0068,36.77,High,1,"FIR FIR-2026-00031 — Property Sale Cheating at Kalai Colony Apartment Complex on 13-03-2025. Highest-risk party in this case: Jagan Anand (Person, flagged as high risk, score 36.8). Other entities involved: Jagan Gopal (Person, flagged as high risk, score 30.9); Arun Muthu (Person, showing moderate risk indicators, score 27.1). The suspect is part of Gang-04, a cluster of 278 linked entities (with other known suspects). Anomaly flags: Jagan Anand: Multi-Source Suspect (Suspect confirmed in sources: CDR|FIR|Financial|SocialMedia)"
FIR-2026-00424,Phishing,Mullai Park Shopping Complex,23-05-2026,PER-0069,PER-0257,36.77,High,1,"FIR FIR-2026-00424 — Phishing at Mullai Park Shopping Complex on 23-05-2026. Highest-risk party in this case: Jagan Anand (Person, flagged as high risk, score 36.8). Other entities involved: Geetha Kumari (Person, flagged as high risk, score 31.1); Udhay Muthu (Person, showing moderate risk indicators, score 26.2). The suspect is part of Gang-04, a cluster of 278 linked entities (with other known suspects). Anomaly flags: Jagan Anand: Multi-Source Suspect (Suspect confirmed in sources: CDR|FIR|Financial|SocialMedia)"
FIR-2026-00046,Chit Fund Fraud,Anbu Park Main Street,28-03-2025,PER-0098,PER-0097,36.75,High,2,"FIR FIR-2026-00046 — Chit Fund Fraud at Anbu Park Main Street on 28-03-2025. Highest-risk party in this case: Rajesh Mani (Person, flagged as high risk, score 36.8). Other entities involved: Karthik Nathan (Person, flagged as high risk, score 35.7); Dinesh Balan (Person, flagged as high risk, score 29.0). The suspect is part of Gang-03, a cluster of 307 linked entities (with other known suspects). Anomaly flags: Karthik Nathan: Multi-Source Suspect (Suspect confirmed in sources: CDR|FIR|Financial|SocialMedia) | Rajesh Mani: Degree Spike (Degree 79.55333333333331 >> mean 11.0)"
FIR-2026-00082,Physical Assault,Roja Park Main Street,20-05-2025,PER-0154,PER-0097,36.75,High,2,"FIR FIR-2026-00082 — Physical Assault at Roja Park Main Street on 20-05-2025. Highest-risk party in this case: Rajesh Mani (Person, flagged as high risk, score 36.8). Other entities involved: Bharathi Raj (Person, flagged as high risk, score 36.3). The suspect is part of Gang-03, a cluster of 307 linked entities (with other known suspects). Anomaly flags: Bharathi Raj: Multi-Source Suspect (Suspect confirmed in sources: CDR|FIR|Financial|SocialMedia) | Rajesh Mani: Degree Spike (Degree 79.55333333333331 >> mean 11.0)"
FIR-2026-00298,Forged Document,Palar Layout Market Road,26-12-2025,PER-0235,PER-0036,36.46,High,1,"FIR FIR-2026-00298 — Forged Document at Palar Layout Market Road on 26-12-2025. Highest-risk party in this case: Nithin Subramani (Person, flagged as high risk, score 36.5). Other entities involved: Senthil Rajan (Person, flagged as high risk, score 28.6). The suspect is part of Gang-03, a cluster of 307 linked entities (with other known suspects). Anomaly flags: Nithin Subramani: Multi-Source Suspect (Suspect confirmed in sources: CDR|FIR|Financial|SocialMedia)"
FIR-2026-00249,Loan Fraud,Amudham Layout Residential Colony,25-10-2025,PER-0299,PER-0200,36.45,High,1,"FIR FIR-2026-00249 — Loan Fraud at Amudham Layout Residential Colony on 25-10-2025. Highest-risk party in this case: Hemanth Raj (Person, flagged as high risk, score 36.5). Other entities involved: Dharani Shankar (Person, flagged as high risk, score 27.9). The suspect is part of Gang-03, a cluster of 307 linked entities (with other known suspects). Anomaly flags: Hemanth Raj: Multi-Source Suspect (Suspect confirmed in sources: CDR|FIR|Financial|SocialMedia)"
FIR-2026-00002,Property Damage,Roja Park Main Street,02-01-2025,PER-0003,PER-0002,36.44,High,1,"FIR FIR-2026-00002 — Property Damage at Roja Park Main Street on 02-01-2025. Highest-risk party in this case: Dinesh Prakash (Person, flagged as high risk, score 36.4). Other entities involved: Inban Selvam (Person, flagged as high risk, score 29.3). The suspect is part of Gang-04, a cluster of 278 linked entities (with other known suspects). Anomaly flags: Dinesh Prakash: Multi-Source Suspect (Suspect confirmed in sources: CDR|FIR|Financial)"
FIR-2026-00255,Shop Robbery,Selvapuram Puram Main Street,07-11-2025,PER-0003,PER-0301,36.44,High,1,"FIR FIR-2026-00255 — Shop Robbery at Selvapuram Puram Main Street on 07-11-2025. Highest-risk party in this case: Dinesh Prakash (Person, flagged as high risk, score 36.4). Other entities involved: Venkat Pandian (Person, flagged as high risk, score 31.3). The suspect is part of Gang-04, a cluster of 278 linked entities (with other known suspects). Anomaly flags: Dinesh Prakash: Multi-Source Suspect (Suspect confirmed in sources: CDR|FIR|Financial)"
FIR-2026-00287,Property Theft,Senthil Garden Main Street,15-12-2025,PER-0316,PER-0125,36.42,High,2,"FIR FIR-2026-00287 — Property Theft at Senthil Garden Main Street on 15-12-2025. Highest-risk party in this case: Saranya Murugan (Person, flagged as high risk, score 36.4). Other entities involved: Mohan Ramasamy (Person, flagged as high risk, score 33.4). The suspect is part of Gang-02, a cluster of 308 linked entities (with other known suspects). Anomaly flags: Mohan Ramasamy: Multi-Source Suspect (Suspect confirmed in sources: CDR|FIR|Financial|SocialMedia) | Saranya Murugan: High Financial Activity (Linked to 10 financial records)"
FIR-2026-00132,Threatening Call,Mynthan Layout Shopping Complex,20-07-2025,PER-0193,PER-0125,36.42,High,2,"FIR FIR-2026-00132 — Threatening Call at Mynthan Layout Shopping Complex on 20-07-2025. Highest-risk party in this case: Saranya Murugan (Person, flagged as high risk, score 36.4). Other entities involved: Vignesh Thangaraj (Person, flagged as high risk, score 32.9). The suspect is part of Gang-02, a cluster of 308 linked entities (with other known suspects). Anomaly flags: Vignesh Thangaraj: Multi-Source Suspect (Suspect confirmed in sources: CDR|FIR|Financial|SocialMedia) | Saranya Murugan: High Financial Activity (Linked to 10 financial records)"
FIR-2026-00248,Advance Payment Cheating,Mynthan Colony Main Street,18-10-2025,PER-0028,PER-0055,36.4,High,1,"FIR FIR-2026-00248 — Advance Payment Cheating at Mynthan Colony Main Street on 18-10-2025. Highest-risk party in this case: Selvam Rajan (Person, flagged as high risk, score 36.4). Other entities involved: Arun Natarajan (Person, flagged as high risk, score 28.9); Suresh Selvam (Person, flagged as high risk, score 27.6). The suspect is part of Gang-04, a cluster of 278 linked entities (with other known suspects). Anomaly flags: Selvam Rajan: Multi-Source Suspect (Suspect confirmed in sources: CDR|FIR|Financial|SocialMedia)"
FIR-2026-00067,Pickpocketing,Nallur Puram Market Road,02-05-2025,PER-0135,PER-0134,36.4,High,1,"FIR FIR-2026-00067 — Pickpocketing at Nallur Puram Market Road on 02-05-2025. Highest-risk party in this case: Vasanthi Bai (Person, flagged as high risk, score 36.4). Other entities involved: Deepa Kumari (Person, flagged as high risk, score 29.8). The suspect is part of Gang-03, a cluster of 307 linked entities (with other known suspects). Anomaly flags: Vasanthi Bai: Multi-Source Suspect (Suspect confirmed in sources: CDR|FIR|Financial|SocialMedia)"
FIR-2026-00270,Bank Transaction Fraud,Mullai Colony Shopping Complex,22-11-2025,PER-0310,PER-0054,36.38,High,1,"FIR FIR-2026-00270 — Bank Transaction Fraud at Mullai Colony Shopping Complex on 22-11-2025. Highest-risk party in this case: Mathan Balan (Person, flagged as high risk, score 36.4). Other entities involved: Vasanth Chandran (Person, flagged as high risk, score 28.9). The suspect is part of Gang-03, a cluster of 307 linked entities (with other known suspects). Anomaly flags: Mathan Balan: Multi-Source Suspect (Suspect confirmed in sources: CDR|FIR|Financial|SocialMedia)"
FIR-2026-00225,Bank Transaction Fraud,Mullai Colony Shopping Complex,05-10-2025,PER-0213,PER-0283,36.13,High,1,"FIR FIR-2026-00225 — Bank Transaction Fraud at Mullai Colony Shopping Complex on 05-10-2025. Highest-risk party in this case: Hariharan Prakash (Person, flagged as high risk, score 36.1). Other entities involved: Nandhini Selvi (Person, showing moderate risk indicators, score 25.3). The suspect is part of Gang-02, a cluster of 308 linked entities (with other known suspects). Anomaly flags: Hariharan Prakash: Multi-Source Suspect (Suspect confirmed in sources: CDR|FIR|Financial|SocialMedia)"
FIR-2026-00133,Second-hand Vehicle Sale Cheating,Mynthan Colony Main Street,19-07-2025,PER-0213,PER-0157,36.13,High,1,"FIR FIR-2026-00133 — Second-hand Vehicle Sale Cheating at Mynthan Colony Main Street on 19-07-2025. Highest-risk party in this case: Hariharan Prakash (Person, flagged as high risk, score 36.1). Other entities involved: Ganesh Natarajan (Person, showing moderate risk indicators, score 26.1). The suspect is part of Gang-02, a cluster of 308 linked entities (with other known suspects). Anomaly flags: Hariharan Prakash: Multi-Source Suspect (Suspect confirmed in sources: CDR|FIR|Financial|SocialMedia)"
FIR-2026-00437,Second-hand Vehicle Sale Cheating,Amudham Nagar Main Street,11-06-2026,PER-0213,PER-0161,36.13,High,1,"FIR FIR-2026-00437 — Second-hand Vehicle Sale Cheating at Amudham Nagar Main Street on 11-06-2026. Highest-risk party in this case: Hariharan Prakash (Person, flagged as high risk, score 36.1). Other entities involved: Rajeshwari Ammal (Person, flagged as high risk, score 29.7). The suspect is part of Gang-02, a cluster of 308 linked entities (with other known suspects). Anomaly flags: Hariharan Prakash: Multi-Source Suspect (Suspect confirmed in sources: CDR|FIR|Financial|SocialMedia)"
FIR-2026-00399,Account Takeover,Alli Colony College Road,24-04-2026,,PER-0374,36.02,High,1,"FIR FIR-2026-00399 — Account Takeover at Alli Colony College Road on 24-04-2026. Highest-risk party in this case: Prakash Palanisamy (Person, flagged as high risk, score 36.0). Other entities involved: Lokesh Murugan (Person, showing moderate risk indicators, score 27.0). Anomaly flags: Prakash Palanisamy: Multi-Source Suspect (Suspect confirmed in sources: CDR|FIR|Financial|SocialMedia)"
FIR-2026-00094,Vandalism,Kalai Puram Apartment Complex,06-06-2025,PER-0031,PER-0106,36.02,High,1,"FIR FIR-2026-00094 — Vandalism at Kalai Puram Apartment Complex on 06-06-2025. Highest-risk party in this case: Prakash Palanisamy (Person, flagged as high risk, score 36.0). Other entities involved: Elango Krishnan (Person, flagged as high risk, score 31.0); Udhay Muthu (Person, showing moderate risk indicators, score 26.2). The suspect is part of Gang-04, a cluster of 278 linked entities (with other known suspects). Anomaly flags: Prakash Palanisamy: Multi-Source Suspect (Suspect confirmed in sources: CDR|FIR|Financial|SocialMedia)"
FIR-2026-00013,Forged Document,Roja Park Main Street,16-01-2025,PER-0031,PER-0030,36.02,High,1,"FIR FIR-2026-00013 — Forged Document at Roja Park Main Street on 16-01-2025. Highest-risk party in this case: Prakash Palanisamy (Person, flagged as high risk, score 36.0). Other entities involved: Praveen Natarajan (Person, flagged as high risk, score 29.3). The suspect is part of Gang-04, a cluster of 278 linked entities (with other known suspects). Anomaly flags: Prakash Palanisamy: Multi-Source Suspect (Suspect confirmed in sources: CDR|FIR|Financial|SocialMedia)"
FIR-2026-00161,Illegal Occupation,Roja Park Main Street,14-08-2025,PER-0240,PER-0239,35.97,High,1,"FIR FIR-2026-00161 — Illegal Occupation at Roja Park Main Street on 14-08-2025. Highest-risk party in this case: Elango Prakash (Person, flagged as high risk, score 36.0). Other entities involved: Sathish Palanisamy (Person, flagged as high risk, score 29.0). The suspect is part of Gang-03, a cluster of 307 linked entities (with other known suspects). Anomaly flags: Elango Prakash: Multi-Source Suspect (Suspect confirmed in sources: CDR|FIR|Financial|SocialMedia)"
FIR-2026-00050,Job Offer Cheating,Sindhu Colony College Road,03-04-2025,PER-0095,PER-0020,35.9,High,1,"FIR FIR-2026-00050 — Job Offer Cheating at Sindhu Colony College Road on 03-04-2025. Highest-risk party in this case: Udhay Anand (Person, flagged as high risk, score 35.9). Other entities involved: Yogesh Raj (Person, flagged as high risk, score 29.7). The suspect is part of Gang-02, a cluster of 308 linked entities (with other known suspects). Anomaly flags: Udhay Anand: Multi-Source Suspect (Suspect confirmed in sources: CDR|FIR|Financial|SocialMedia)"
FIR-2026-00428,Missing Adult,Neithal Colony Residential Colony,29-05-2026,PER-0095,PER-0353,35.9,High,1,"FIR FIR-2026-00428 — Missing Adult at Neithal Colony Residential Colony on 29-05-2026. Highest-risk party in this case: Udhay Anand (Person, flagged as high risk, score 35.9). Other entities involved: Divya Sekar (Person, flagged as high risk, score 33.9). The suspect is part of Gang-02, a cluster of 308 linked entities (with other known suspects). Anomaly flags: Udhay Anand: Multi-Source Suspect (Suspect confirmed in sources: CDR|FIR|Financial|SocialMedia)"
FIR-2026-00422,Digital Blackmail,Vetri Nagar Shopping Complex,27-05-2026,PER-0095,PER-0126,35.9,High,1,"FIR FIR-2026-00422 — Digital Blackmail at Vetri Nagar Shopping Complex on 27-05-2026. Highest-risk party in this case: Udhay Anand (Person, flagged as high risk, score 35.9). Other entities involved: Mythili Selvi (Person, showing moderate risk indicators, score 24.0). The suspect is part of Gang-02, a cluster of 308 linked entities (with other known suspects). Anomaly flags: Udhay Anand: Multi-Source Suspect (Suspect confirmed in sources: CDR|FIR|Financial|SocialMedia)"
FIR-2026-00455,Missing Student,Amudham Park Railway Station Road,04-07-2026,PER-0095,PER-0044,35.9,High,1,"FIR FIR-2026-00455 — Missing Student at Amudham Park Railway Station Road on 04-07-2026. Highest-risk party in this case: Udhay Anand (Person, flagged as high risk, score 35.9). Other entities involved: Yuvaraj Palanisamy (Person, showing moderate risk indicators, score 25.5). The suspect is part of Gang-02, a cluster of 308 linked entities (with other known suspects). Anomaly flags: Udhay Anand: Multi-Source Suspect (Suspect confirmed in sources: CDR|FIR|Financial|SocialMedia)"
FIR-2026-00391,Illegal Occupation,Selvapuram Puram Main Street,12-04-2026,PER-0095,PER-0371,35.9,High,1,"FIR FIR-2026-00391 — Illegal Occupation at Selvapuram Puram Main Street on 12-04-2026. Highest-risk party in this case: Udhay Anand (Person, flagged as high risk, score 35.9). Other entities involved: Bhuvana Kannan (Person, showing moderate risk indicators, score 24.9); Kavitha Sri (Person, showing moderate risk indicators, score 24.7). The suspect is part of Gang-02, a cluster of 308 linked entities (with other known suspects). Anomaly flags: Udhay Anand: Multi-Source Suspect (Suspect confirmed in sources: CDR|FIR|Financial|SocialMedia)"
FIR-2026-00056,Shop Theft,Senthil Garden Main Street,11-04-2025,PER-0117,PER-0116,35.74,High,2,"FIR FIR-2026-00056 — Shop Theft at Senthil Garden Main Street on 11-04-2025. Highest-risk party in this case: Tamilarasan Muthu (Person, flagged as high risk, score 35.7). Other entities involved: Latha Sekar (Person, showing moderate risk indicators, score 27.0). The suspect is part of Gang-05, a cluster of 95 linked entities (with other known suspects). Anomaly flags: Tamilarasan Muthu: Multi-Source Suspect (Suspect confirmed in sources: CDR|FIR|Financial|SocialMedia) | Tamilarasan Muthu: Degree Spike (Degree 74.34 >> mean 11.0)"
FIR-2026-00338,Property Trespass,Amudham Layout Residential Colony,12-02-2026,PER-0117,PER-0341,35.74,High,3,"FIR FIR-2026-00338 — Property Trespass at Amudham Layout Residential Colony on 12-02-2026. Highest-risk party in this case: Tamilarasan Muthu (Person, flagged as high risk, score 35.7). Other entities involved: Madhan Nathan (Person, showing low risk indicators, score 20.4); Jagan Velan (Person, showing low risk indicators, score 9.3). The suspect is part of Gang-05, a cluster of 95 linked entities (with other known suspects). Anomaly flags: Tamilarasan Muthu: Multi-Source Suspect (Suspect confirmed in sources: CDR|FIR|Financial|SocialMedia) | Madhan Nathan: High Financial Activity (Linked to 9 financial records) | Tamilarasan Muthu: Degree Spike (Degree 74.34 >> mean 11.0)"
FIR-2026-00156,Illegal Occupation,Sevvanthi Garden College Road,05-08-2025,PER-0117,PER-0197,35.74,High,2,"FIR FIR-2026-00156 — Illegal Occupation at Sevvanthi Garden College Road on 05-08-2025. Highest-risk party in this case: Tamilarasan Muthu (Person, flagged as high risk, score 35.7). Other entities involved: Thirumal Sekar (Person, showing low risk indicators, score 13.5). The suspect is part of Gang-05, a cluster of 95 linked entities (with other known suspects). Anomaly flags: Tamilarasan Muthu: Multi-Source Suspect (Suspect confirmed in sources: CDR|FIR|Financial|SocialMedia) | Tamilarasan Muthu: Degree Spike (Degree 74.34 >> mean 11.0)"
FIR-2026-00301,Illegal Occupation,Nallur Nagar Main Street,22-12-2025,PER-0117,PER-0037,35.74,High,2,"FIR FIR-2026-00301 — Illegal Occupation at Nallur Nagar Main Street on 22-12-2025. Highest-risk party in this case: Tamilarasan Muthu (Person, flagged as high risk, score 35.7). Other entities involved: Elango Balan (Person, flagged as high risk, score 28.7). The suspect is part of Gang-05, a cluster of 95 linked entities (with other known suspects). Anomaly flags: Tamilarasan Muthu: Multi-Source Suspect (Suspect confirmed in sources: CDR|FIR|Financial|SocialMedia) | Tamilarasan Muthu: Degree Spike (Degree 74.34 >> mean 11.0)"
FIR-2026-00345,Shop Theft,Nila Garden Bus Stand Area,22-02-2026,PER-0244,PER-0172,35.62,High,1,"FIR FIR-2026-00345 — Shop Theft at Nila Garden Bus Stand Area on 22-02-2026. Highest-risk party in this case: Thirumal Velan (Person, flagged as high risk, score 35.6). Other entities involved: Arjun Pandian (Person, showing moderate risk indicators, score 27.0). The suspect is part of Gang-02, a cluster of 308 linked entities (with other known suspects). Anomaly flags: Thirumal Velan: Multi-Source Suspect (Suspect confirmed in sources: CDR|FIR|Financial|SocialMedia)"
FIR-2026-00336,Two-Wheeler Chain Snatching,Mynthan Colony Main Street,10-02-2026,PER-0244,PER-0339,35.62,High,1,"FIR FIR-2026-00336 — Two-Wheeler Chain Snatching at Mynthan Colony Main Street on 10-02-2026. Highest-risk party in this case: Thirumal Velan (Person, flagged as high risk, score 35.6). Other entities involved: Revathi Bai (Person, showing moderate risk indicators, score 26.4); Vignesh Babu (Person, showing low risk indicators, score 10.1). The suspect is part of Gang-02, a cluster of 308 linked entities (with other known suspects). Anomaly flags: Thirumal Velan: Multi-Source Suspect (Suspect confirmed in sources: CDR|FIR|Financial|SocialMedia)"
FIR-2026-00289,Two-Wheeler Chain Snatching,Nallur Nagar Main Street,18-12-2025,PER-0227,PER-0264,35.15,High,1,"FIR FIR-2026-00289 — Two-Wheeler Chain Snatching at Nallur Nagar Main Street on 18-12-2025. Highest-risk party in this case: Ezhilan Ramasamy (Person, flagged as high risk, score 35.1). Other entities involved: Gayathri Raman (Person, flagged as high risk, score 27.6). The suspect is part of Gang-02, a cluster of 308 linked entities (with other known suspects). Anomaly flags: Ezhilan Ramasamy: Multi-Source Suspect (Suspect confirmed in sources: CDR|FIR|Financial|SocialMedia)"
FIR-2026-00172,Business Extortion,Nila Park Industrial Area,25-08-2025,PER-0227,PER-0215,35.15,High,1,"FIR FIR-2026-00172 — Business Extortion at Nila Park Industrial Area on 25-08-2025. Highest-risk party in this case: Ezhilan Ramasamy (Person, flagged as high risk, score 35.1). Other entities involved: Arjun Karuppasamy (Person, flagged as high risk, score 28.8). The suspect is part of Gang-02, a cluster of 308 linked entities (with other known suspects). Anomaly flags: Ezhilan Ramasamy: Multi-Source Suspect (Suspect confirmed in sources: CDR|FIR|Financial|SocialMedia)"
FIR-2026-00146,Chit Fund Fraud,Senthil Garden Main Street,30-07-2025,PER-0227,PER-0045,35.15,High,1,"FIR FIR-2026-00146 — Chit Fund Fraud at Senthil Garden Main Street on 30-07-2025. Highest-risk party in this case: Ezhilan Ramasamy (Person, flagged as high risk, score 35.1). Other entities involved: Elango Ramasamy (Person, flagged as high risk, score 29.5); Nandha Natarajan (Person, showing low risk indicators, score 11.2). The suspect is part of Gang-02, a cluster of 308 linked entities (with other known suspects). Anomaly flags: Ezhilan Ramasamy: Multi-Source Suspect (Suspect confirmed in sources: CDR|FIR|Financial|SocialMedia)"
FIR-2026-00265,Property Theft,Senthil Garden Main Street,17-11-2025,PER-0306,PER-0120,34.92,High,1,"FIR FIR-2026-00265 — Property Theft at Senthil Garden Main Street on 17-11-2025. Highest-risk party in this case: Dharani Selvam (Person, flagged as high risk, score 34.9). Other entities involved: Vidhya Devi (Person, showing moderate risk indicators, score 25.5); Udhay Muthu (Person, showing moderate risk indicators, score 26.2). The suspect is part of Gang-02, a cluster of 308 linked entities (with other known suspects). Anomaly flags: Dharani Selvam: Multi-Source Suspect (Suspect confirmed in sources: CDR|FIR|Financial|SocialMedia)"
FIR-2026-00318,Property Theft,Senthil Garden Main Street,17-01-2026,PER-0306,PER-0334,34.92,High,1,"FIR FIR-2026-00318 — Property Theft at Senthil Garden Main Street on 17-01-2026. Highest-risk party in this case: Dharani Selvam (Person, flagged as high risk, score 34.9). Other entities involved: Latha Ammal (Person, showing moderate risk indicators, score 25.4). The suspect is part of Gang-02, a cluster of 308 linked entities (with other known suspects). Anomaly flags: Dharani Selvam: Multi-Source Suspect (Suspect confirmed in sources: CDR|FIR|Financial|SocialMedia)"
FIR-2026-00006,UPI Fraud,Nallur Park Main Street,10-01-2025,PER-0012,PER-0011,34.83,High,1,"FIR FIR-2026-00006 — UPI Fraud at Nallur Park Main Street on 10-01-2025. Highest-risk party in this case: Thirumal Palanisamy (Person, flagged as high risk, score 34.8). Other entities involved: Meena Ammal (Person, showing moderate risk indicators, score 27.0). The suspect is part of Gang-02, a cluster of 308 linked entities (with other known suspects). Anomaly flags: Thirumal Palanisamy: Multi-Source Suspect (Suspect confirmed in sources: CDR|FIR|Financial|SocialMedia)"
FIR-2026-00143,Bank Transaction Fraud,Ezhil Garden Shopping Complex,01-08-2025,PER-0221,PER-0222,34.43,High,1,"FIR FIR-2026-00143 — Bank Transaction Fraud at Ezhil Garden Shopping Complex on 01-08-2025. Highest-risk party in this case: Nithin Murugan (Person, flagged as high risk, score 34.4). Other entities involved: Anand Chandran (Person, showing moderate risk indicators, score 25.8). The suspect is part of Gang-02, a cluster of 308 linked entities (with other known suspects). Anomaly flags: Nithin Murugan: Multi-Source Suspect (Suspect confirmed in sources: CDR|FIR|Financial|SocialMedia)"
FIR-2026-00142,UPI Fraud,Ezhil Garden Shopping Complex,27-07-2025,PER-0221,PER-0220,34.43,High,1,"FIR FIR-2026-00142 — UPI Fraud at Ezhil Garden Shopping Complex on 27-07-2025. Highest-risk party in this case: Nithin Murugan (Person, flagged as high risk, score 34.4). Other entities involved: Vijay Rajan (Person, showing moderate risk indicators, score 27.1). The suspect is part of Gang-02, a cluster of 308 linked entities (with other known suspects). Anomaly flags: Nithin Murugan: Multi-Source Suspect (Suspect confirmed in sources: CDR|FIR|Financial|SocialMedia)"
FIR-2026-00166,Investment Fraud,Ezhil Garden Shopping Complex,18-08-2025,PER-0221,PER-0192,34.43,High,1,"FIR FIR-2026-00166 — Investment Fraud at Ezhil Garden Shopping Complex on 18-08-2025. Highest-risk party in this case: Nithin Murugan (Person, flagged as high risk, score 34.4). Other entities involved: Dinesh Raj (Person, showing moderate risk indicators, score 26.9). The suspect is part of Gang-02, a cluster of 308 linked entities (with other known suspects). Anomaly flags: Nithin Murugan: Multi-Source Suspect (Suspect confirmed in sources: CDR|FIR|Financial|SocialMedia)"
FIR-2026-00055,Street Robbery,Kalai Park Main Street,12-04-2025,PER-0112,PER-0115,34.35,High,2,"FIR FIR-2026-00055 — Street Robbery at Kalai Park Main Street on 12-04-2025. Highest-risk party in this case: Nithin Balan (Person, flagged as high risk, score 34.4). Other entities involved: Eswari Raj (Person, flagged as high risk, score 33.8); Ajith Murugan (Person, showing moderate risk indicators, score 26.5). The suspect is part of Gang-02, a cluster of 308 linked entities (with other known suspects). Anomaly flags: Eswari Raj: Multi-Source Suspect (Suspect confirmed in sources: CDR|FIR|Financial|SocialMedia) | Nithin Balan: Degree Spike (Degree 76.77666666666667 >> mean 11.0)"
FIR-2026-00171,Motorcycle Theft,Kaveri Park Bus Stand Area,25-08-2025,,PER-0115,34.35,High,1,"FIR FIR-2026-00171 — Motorcycle Theft at Kaveri Park Bus Stand Area on 25-08-2025. Highest-risk party in this case: Nithin Balan (Person, flagged as high risk, score 34.4). Anomaly flags: Nithin Balan: Degree Spike (Degree 76.77666666666667 >> mean 11.0)"
FIR-2026-00346,Loan Recovery Harassment,Vennila Park Shopping Complex,22-02-2026,PER-0112,PER-0346,34.29,High,2,"FIR FIR-2026-00346 — Loan Recovery Harassment at Vennila Park Shopping Complex on 22-02-2026. Highest-risk party in this case: Inban Pandian (Person, flagged as high risk, score 34.3). Other entities involved: Eswari Raj (Person, flagged as high risk, score 33.8). The suspect is part of Gang-02, a cluster of 308 linked entities (with other known suspects). Anomaly flags: Eswari Raj: Multi-Source Suspect (Suspect confirmed in sources: CDR|FIR|Financial|SocialMedia) | Inban Pandian: High Financial Activity (Linked to 7 financial records)"
FIR-2026-00372,Physical Assault,Kayal Colony Bus Stand Area,26-03-2026,PER-0087,PER-0188,34.24,High,1,"FIR FIR-2026-00372 — Physical Assault at Kayal Colony Bus Stand Area on 26-03-2026. Highest-risk party in this case: Anand Krishnan (Person, flagged as high risk, score 34.2). Other entities involved: Meena Bai (Person, showing moderate risk indicators, score 26.5). The suspect is part of Gang-02, a cluster of 308 linked entities (with other known suspects). Anomaly flags: Anand Krishnan: Multi-Source Suspect (Suspect confirmed in sources: CDR|FIR|Financial|SocialMedia)"
FIR-2026-00096,Pickpocketing,Nila Nagar Bus Stand Area,08-06-2025,PER-0087,PER-0167,34.24,High,1,"FIR FIR-2026-00096 — Pickpocketing at Nila Nagar Bus Stand Area on 08-06-2025. Highest-risk party in this case: Anand Krishnan (Person, flagged as high risk, score 34.2). Other entities involved: Saravanan Selvam (Person, showing moderate risk indicators, score 24.0). The suspect is part of Gang-02, a cluster of 308 linked entities (with other known suspects). Anomaly flags: Anand Krishnan: Multi-Source Suspect (Suspect confirmed in sources: CDR|FIR|Financial|SocialMedia)"
FIR-2026-00040,Property Theft,Nallur Park Main Street,22-03-2025,PER-0087,PER-0014,34.24,High,2,"FIR FIR-2026-00040 — Property Theft at Nallur Park Main Street on 22-03-2025. Highest-risk party in this case: Anand Krishnan (Person, flagged as high risk, score 34.2). Other entities involved: Ajith Velan (Person, flagged as high risk, score 32.5). The suspect is part of Gang-02, a cluster of 308 linked entities (with other known suspects). Anomaly flags: Anand Krishnan: Multi-Source Suspect (Suspect confirmed in sources: CDR|FIR|Financial|SocialMedia) | Ajith Velan: High Financial Activity (Linked to 7 financial records)"
FIR-2026-00435,Pickpocketing,Oviya Colony Railway Station Road,11-06-2026,PER-0026,PER-0382,33.97,High,1,"FIR FIR-2026-00435 — Pickpocketing at Oviya Colony Railway Station Road on 11-06-2026. Highest-risk party in this case: Hariharan Subramani (Person, flagged as high risk, score 34.0). Other entities involved: Gayathri Krishnan (Person, showing moderate risk indicators, score 25.1). The suspect is part of Gang-02, a cluster of 308 linked entities (with other known suspects). Anomaly flags: Hariharan Subramani: Multi-Source Suspect (Suspect confirmed in sources: CDR|FIR|Financial|SocialMedia)"
FIR-2026-00159,Property Theft,Sevvanthi Puram Industrial Area,12-08-2025,PER-0162,PER-0237,33.97,High,2,"FIR FIR-2026-00159 — Property Theft at Sevvanthi Puram Industrial Area on 12-08-2025. Highest-risk party in this case: Hariharan Subramani (Person, flagged as high risk, score 34.0). Other entities involved: Karthik Thangaraj (Person, flagged as high risk, score 33.6); Saravanan Murugan (Person, showing moderate risk indicators, score 25.7). The suspect is part of Gang-02, a cluster of 308 linked entities (with other known suspects). Anomaly flags: Hariharan Subramani: Multi-Source Suspect (Suspect confirmed in sources: CDR|FIR|Financial|SocialMedia) | Karthik Thangaraj: Multi-Source Suspect (Suspect confirmed in sources: CDR|FIR|Financial|SocialMedia)"
FIR-2026-00101,Vandalism,Mangai Colony Railway Station Road,14-06-2025,PER-0162,PER-0176,33.97,High,2,"FIR FIR-2026-00101 — Vandalism at Mangai Colony Railway Station Road on 14-06-2025. Highest-risk party in this case: Hariharan Subramani (Person, flagged as high risk, score 34.0). Other entities involved: Karthik Thangaraj (Person, flagged as high risk, score 33.6); Jagan Shankar (Person, showing moderate risk indicators, score 24.7). The suspect is part of Gang-02, a cluster of 308 linked entities (with other known suspects). Anomaly flags: Hariharan Subramani: Multi-Source Suspect (Suspect confirmed in sources: CDR|FIR|Financial|SocialMedia) | Karthik Thangaraj: Multi-Source Suspect (Suspect confirmed in sources: CDR|FIR|Financial|SocialMedia)"
FIR-2026-00011,Bank Transaction Fraud,Roja Park Main Street,25-01-2025,PER-0026,PER-0025,33.97,High,1,"FIR FIR-2026-00011 — Bank Transaction Fraud at Roja Park Main Street on 25-01-2025. Highest-risk party in this case: Hariharan Subramani (Person, flagged as high risk, score 34.0). Other entities involved: Bhuvana Bai (Person, flagged as high risk, score 27.9). The suspect is part of Gang-02, a cluster of 308 linked entities (with other known suspects). Anomaly flags: Hariharan Subramani: Multi-Source Suspect (Suspect confirmed in sources: CDR|FIR|Financial|SocialMedia)"
FIR-2026-00154,Property Theft,Sevvanthi Puram Industrial Area,10-08-2025,,PER-0234,33.97,High,1,"FIR FIR-2026-00154 — Property Theft at Sevvanthi Puram Industrial Area on 10-08-2025. Highest-risk party in this case: Hariharan Subramani (Person, flagged as high risk, score 34.0). Other entities involved: Siva Velan (Person, flagged as high risk, score 29.5). Anomaly flags: Hariharan Subramani: Multi-Source Suspect (Suspect confirmed in sources: CDR|FIR|Financial|SocialMedia)"
FIR-2026-00419,Missing Adult,Nallur Puram Market Road,16-05-2026,,PER-0275,33.97,High,1,"FIR FIR-2026-00419 — Missing Adult at Nallur Puram Market Road on 16-05-2026. Highest-risk party in this case: Hariharan Subramani (Person, flagged as high risk, score 34.0). Other entities involved: Harish Selvam (Person, flagged as high risk, score 28.2). Anomaly flags: Hariharan Subramani: Multi-Source Suspect (Suspect confirmed in sources: CDR|FIR|Financial|SocialMedia)"
FIR-2026-00233,Advance Payment Cheating,Mullai Park Shopping Complex,18-10-2025,PER-0287,PER-0286,33.82,High,1,"FIR FIR-2026-00233 — Advance Payment Cheating at Mullai Park Shopping Complex on 18-10-2025. Highest-risk party in this case: Venkat Prakash (Person, flagged as high risk, score 33.8). Other entities involved: Gopal Gopal (Person, showing moderate risk indicators, score 25.4); Kumaran Murugan (Person, showing moderate risk indicators, score 22.3). The suspect is part of Gang-02, a cluster of 308 linked entities (with other known suspects). Anomaly flags: Venkat Prakash: Multi-Source Suspect (Suspect confirmed in sources: CDR|FIR|Financial|SocialMedia)"
FIR-2026-00053,Investment Fraud,Kalai Puram Apartment Complex,09-04-2025,PER-0112,PER-0049,33.81,High,1,"FIR FIR-2026-00053 — Investment Fraud at Kalai Puram Apartment Complex on 09-04-2025. Highest-risk party in this case: Eswari Raj (Person, flagged as high risk, score 33.8). Other entities involved: Madhan Kumar (Person, showing moderate risk indicators, score 22.7). The suspect is part of Gang-02, a cluster of 308 linked entities (with other known suspects). Anomaly flags: Eswari Raj: Multi-Source Suspect (Suspect confirmed in sources: CDR|FIR|Financial|SocialMedia)"
FIR-2026-00183,Job Offer Cheating,Neithal Colony Residential Colony,30-08-2025,PER-0112,PER-0251,33.81,High,1,"FIR FIR-2026-00183 — Job Offer Cheating at Neithal Colony Residential Colony on 30-08-2025. Highest-risk party in this case: Eswari Raj (Person, flagged as high risk, score 33.8). Other entities involved: Kishore Velan (Person, showing moderate risk indicators, score 25.2). The suspect is part of Gang-02, a cluster of 308 linked entities (with other known suspects). Anomaly flags: Eswari Raj: Multi-Source Suspect (Suspect confirmed in sources: CDR|FIR|Financial|SocialMedia)"
FIR-2026-00087,Illegal Occupation,Nallur Park Main Street,13-05-2025,PER-0162,PER-0161,33.65,High,1,"FIR FIR-2026-00087 — Illegal Occupation at Nallur Park Main Street on 13-05-2025. Highest-risk party in this case: Karthik Thangaraj (Person, flagged as high risk, score 33.6). Other entities involved: Rajeshwari Ammal (Person, flagged as high risk, score 29.7). The suspect is part of Gang-02, a cluster of 308 linked entities (with other known suspects). Anomaly flags: Karthik Thangaraj: Multi-Source Suspect (Suspect confirmed in sources: CDR|FIR|Financial|SocialMedia)"
FIR-2026-00113,Missing Student,Kadal Nagar Bus Stand Area,28-06-2025,,PER-0191,33.63,High,0,"FIR FIR-2026-00113 — Missing Student at Kadal Nagar Bus Stand Area on 28-06-2025. Highest-risk party in this case: Siva Muthu (Person, flagged as high risk, score 33.6). Other entities involved: Rajesh Krishnan (Person, showing moderate risk indicators, score 24.7). No anomaly flags on entities in this case."
FIR-2026-00344,Auto Theft,Vaigai Park Parking Area,18-02-2026,PER-0345,PER-0118,33.63,High,1,"FIR FIR-2026-00344 — Auto Theft at Vaigai Park Parking Area on 18-02-2026. Highest-risk party in this case: Sanjay Anand (Person, flagged as high risk, score 33.6). Other entities involved: Dharani Prakash (Person, showing moderate risk indicators, score 26.2); Revathi Raman (Person, showing moderate risk indicators, score 26.2). The suspect is part of Gang-02, a cluster of 308 linked entities (with other known suspects). Anomaly flags: Sanjay Anand: Multi-Source Suspect (Suspect confirmed in sources: CDR|FIR|Financial|SocialMedia)"
FIR-2026-00472,Scooter Theft,Sevvanthi Colony Bus Stand Area,26-07-2026,PER-0345,PER-0393,33.63,High,1,"FIR FIR-2026-00472 — Scooter Theft at Sevvanthi Colony Bus Stand Area on 26-07-2026. Highest-risk party in this case: Sanjay Anand (Person, flagged as high risk, score 33.6). Other entities involved: Vidhya Bai (Person, showing moderate risk indicators, score 27.4). The suspect is part of Gang-02, a cluster of 308 linked entities (with other known suspects). Anomaly flags: Sanjay Anand: Multi-Source Suspect (Suspect confirmed in sources: CDR|FIR|Financial|SocialMedia)"
FIR-2026-00498,Pickpocketing,Nila Nagar Bus Stand Area,09-09-2026,PER-0345,PER-0401,33.63,High,1,"FIR FIR-2026-00498 — Pickpocketing at Nila Nagar Bus Stand Area on 09-09-2026. Highest-risk party in this case: Sanjay Anand (Person, flagged as high risk, score 33.6). Other entities involved: Harini Selvam (Person, showing moderate risk indicators, score 24.5). The suspect is part of Gang-02, a cluster of 308 linked entities (with other known suspects). Anomaly flags: Sanjay Anand: Multi-Source Suspect (Suspect confirmed in sources: CDR|FIR|Financial|SocialMedia)"
FIR-2026-00432,Pickpocketing,Sevvanthi Colony Bus Stand Area,02-06-2026,PER-0345,PER-0330,33.63,High,1,"FIR FIR-2026-00432 — Pickpocketing at Sevvanthi Colony Bus Stand Area on 02-06-2026. Highest-risk party in this case: Sanjay Anand (Person, flagged as high risk, score 33.6). Other entities involved: Indhu Sri (Person, flagged as high risk, score 28.7). The suspect is part of Gang-02, a cluster of 308 linked entities (with other known suspects). Anomaly flags: Sanjay Anand: Multi-Source Suspect (Suspect confirmed in sources: CDR|FIR|Financial|SocialMedia)"
FIR-2026-00037,Missing Student,Nila Nagar Bus Stand Area,18-03-2025,,PER-0082,33.47,High,1,"FIR FIR-2026-00037 — Missing Student at Nila Nagar Bus Stand Area on 18-03-2025. Highest-risk party in this case: Rajeshwari Rani (Person, flagged as high risk, score 33.5). Anomaly flags: Rajeshwari Rani: High Financial Activity (Linked to 7 financial records)"
FIR-2026-00277,Property Theft,Senthil Garden Main Street,04-12-2025,PER-0316,PER-0116,33.44,High,1,"FIR FIR-2026-00277 — Property Theft at Senthil Garden Main Street on 04-12-2025. Highest-risk party in this case: Mohan Ramasamy (Person, flagged as high risk, score 33.4). Other entities involved: Latha Sekar (Person, showing moderate risk indicators, score 27.0). The suspect is part of Gang-02, a cluster of 308 linked entities (with other known suspects). Anomaly flags: Mohan Ramasamy: Multi-Source Suspect (Suspect confirmed in sources: CDR|FIR|Financial|SocialMedia)"
FIR-2026-00299,Street Altercation,Roja Park Main Street,29-12-2025,PER-0303,PER-0326,33.16,High,2,"FIR FIR-2026-00299 — Street Altercation at Roja Park Main Street on 29-12-2025. Highest-risk party in this case: Yogesh Gopal (Person, flagged as high risk, score 33.2). Other entities involved: Gopal Balan (Person, showing moderate risk indicators, score 26.9); Nandha Natarajan (Person, showing low risk indicators, score 11.2). The suspect is part of Gang-05, a cluster of 95 linked entities (with other known suspects). Anomaly flags: Yogesh Gopal: Multi-Source Suspect (Suspect confirmed in sources: CDR|FIR|Financial|SocialMedia) | Yogesh Gopal: High Financial Activity (Linked to 7 financial records)"
FIR-2026-00259,Loan Recovery Harassment,Roja Park Main Street,12-11-2025,PER-0303,PER-0196,33.16,High,2,"FIR FIR-2026-00259 — Loan Recovery Harassment at Roja Park Main Street on 12-11-2025. Highest-risk party in this case: Yogesh Gopal (Person, flagged as high risk, score 33.2). Other entities involved: Kannan Thangaraj (Person, showing low risk indicators, score 13.8). The suspect is part of Gang-05, a cluster of 95 linked entities (with other known suspects). Anomaly flags: Yogesh Gopal: Multi-Source Suspect (Suspect confirmed in sources: CDR|FIR|Financial|SocialMedia) | Yogesh Gopal: High Financial Activity (Linked to 7 financial records)"
FIR-2026-00293,Street Altercation,Roja Park Main Street,21-12-2025,PER-0303,PER-0320,33.16,High,2,"FIR FIR-2026-00293 — Street Altercation at Roja Park Main Street on 21-12-2025. Highest-risk party in this case: Yogesh Gopal (Person, flagged as high risk, score 33.2). Other entities involved: Kavitha Devi (Person, showing low risk indicators, score 16.8); Nandha Natarajan (Person, showing low risk indicators, score 11.2). The suspect is part of Gang-05, a cluster of 95 linked entities (with other known suspects). Anomaly flags: Yogesh Gopal: Multi-Source Suspect (Suspect confirmed in sources: CDR|FIR|Financial|SocialMedia) | Yogesh Gopal: High Financial Activity (Linked to 7 financial records)"
FIR-2026-00114,Threatening Call,Nila Puram Main Street,28-06-2025,PER-0193,PER-0192,32.88,High,1,"FIR FIR-2026-00114 — Threatening Call at Nila Puram Main Street on 28-06-2025. Highest-risk party in this case: Vignesh Thangaraj (Person, flagged as high risk, score 32.9). Other entities involved: Dinesh Raj (Person, showing moderate risk indicators, score 26.9). The suspect is part of Gang-02, a cluster of 308 linked entities (with other known suspects). Anomaly flags: Vignesh Thangaraj: Multi-Source Suspect (Suspect confirmed in sources: CDR|FIR|Financial|SocialMedia)"
FIR-2026-00275,Street Robbery,Mynthan Colony Main Street,03-12-2025,PER-0313,PER-0237,32.18,High,1,"FIR FIR-2026-00275 — Street Robbery at Mynthan Colony Main Street on 03-12-2025. Highest-risk party in this case: Ezhilan Rajan (Person, flagged as high risk, score 32.2). Other entities involved: Saravanan Murugan (Person, showing moderate risk indicators, score 25.7). The suspect is part of Gang-02, a cluster of 308 linked entities (with other known suspects). Anomaly flags: Ezhilan Rajan: Multi-Source Suspect (Suspect confirmed in sources: CDR|FIR|Financial|SocialMedia)"
FIR-2026-00043,Pickpocketing,Kadal Nagar Bus Stand Area,30-03-2025,,PER-0092,30.44,High,0,"FIR FIR-2026-00043 — Pickpocketing at Kadal Nagar Bus Stand Area on 30-03-2025. Highest-risk party in this case: Babu Thangaraj (Person, flagged as high risk, score 30.4). No anomaly flags on entities in this case."
FIR-2026-00066,Missing Student,Anbu Layout Bus Stand Area,30-04-2025,,PER-0009,30.28,High,0,"FIR FIR-2026-00066 — Missing Student at Anbu Layout Bus Stand Area on 30-04-2025. Highest-risk party in this case: Deviga Murugan (Person, flagged as high risk, score 30.3). Other entities involved: Jagan Velan (Person, showing low risk indicators, score 9.3). No anomaly flags on entities in this case."
FIR-2026-00440,Phishing,Mynthan Nagar Apartment Complex,16-06-2026,,PER-0009,30.28,High,0,"FIR FIR-2026-00440 — Phishing at Mynthan Nagar Apartment Complex on 16-06-2026. Highest-risk party in this case: Deviga Murugan (Person, flagged as high risk, score 30.3). No anomaly flags on entities in this case."
FIR-2026-00430,Mobile Theft,Nallur Park Main Street,30-05-2026,,PER-0147,30.09,High,0,"FIR FIR-2026-00430 — Mobile Theft at Nallur Park Main Street on 30-05-2026. Highest-risk party in this case: Kumaran Prakash (Person, flagged as high risk, score 30.1). No anomaly flags on entities in this case."
FIR-2026-00080,Loan Recovery Harassment,Selvapuram Puram Main Street,19-05-2025,,PER-0151,30.0,High,0,"FIR FIR-2026-00080 — Loan Recovery Harassment at Selvapuram Puram Main Street on 19-05-2025. Highest-risk party in this case: Dharani Gopal (Person, flagged as high risk, score 30.0). No anomaly flags on entities in this case."
FIR-2026-00153,Business Extortion,Vaigai Layout Market Road,10-08-2025,,PER-0233,29.96,High,0,"FIR FIR-2026-00153 — Business Extortion at Vaigai Layout Market Road on 10-08-2025. Highest-risk party in this case: Sanjay Prakash (Person, flagged as high risk, score 30.0). No anomaly flags on entities in this case."
FIR-2026-00090,Digital Blackmail,Sindhu Colony College Road,28-05-2025,,PER-0110,29.87,High,0,"FIR FIR-2026-00090 — Digital Blackmail at Sindhu Colony College Road on 28-05-2025. Highest-risk party in this case: Harish Babu (Person, flagged as high risk, score 29.9). No anomaly flags on entities in this case."
FIR-2026-00279,Motorcycle Theft,Vetri Colony Industrial Area,04-12-2025,,PER-0317,29.76,High,0,"FIR FIR-2026-00279 — Motorcycle Theft at Vetri Colony Industrial Area on 04-12-2025. Highest-risk party in this case: Chithra Devi (Person, flagged as high risk, score 29.8). No anomaly flags on entities in this case."
FIR-2026-00387,Forged Signature,Mullai Colony Shopping Complex,27-03-2026,PER-0369,PER-0368,29.74,High,1,"FIR FIR-2026-00387 — Forged Signature at Mullai Colony Shopping Complex on 27-03-2026. Highest-risk party in this case: Gokul Babu (Person, flagged as high risk, score 29.7). Other entities involved: Hemanth Arumugam (Person, showing low risk indicators, score 20.7); Kavitha Sri (Person, showing moderate risk indicators, score 24.7). The suspect is part of Gang-05, a cluster of 95 linked entities (with other known suspects). Anomaly flags: Hemanth Arumugam: Multi-Source Suspect (Suspect confirmed in sources: CDR|FIR|Financial|SocialMedia)"
FIR-2026-00376,Vandalism,Selvapuram Puram Main Street,06-04-2026,,PER-0020,29.74,High,0,"FIR FIR-2026-00376 — Vandalism at Selvapuram Puram Main Street on 06-04-2026. Highest-risk party in this case: Yogesh Raj (Person, flagged as high risk, score 29.7). No anomaly flags on entities in this case."
FIR-2026-00105,Mobile Theft,Mullai Park Shopping Complex,16-06-2025,,PER-0161,29.71,High,0,"FIR FIR-2026-00105 — Mobile Theft at Mullai Park Shopping Complex on 16-06-2025. Highest-risk party in this case: Rajeshwari Ammal (Person, flagged as high risk, score 29.7). No anomaly flags on entities in this case."
FIR-2026-00485,Shop Burglary,Mangai Layout Shopping Complex,23-08-2026,,PER-0187,29.7,High,0,"FIR FIR-2026-00485 — Shop Burglary at Mangai Layout Shopping Complex on 23-08-2026. Highest-risk party in this case: Tamilarasan Palanisamy (Person, flagged as high risk, score 29.7). No anomaly flags on entities in this case."
FIR-2026-00250,Property Theft,Amudham Layout Residential Colony,29-10-2025,,PER-0190,29.7,High,0,"FIR FIR-2026-00250 — Property Theft at Amudham Layout Residential Colony on 29-10-2025. Highest-risk party in this case: Dharani Thangaraj (Person, flagged as high risk, score 29.7). Other entities involved: Udhay Muthu (Person, showing moderate risk indicators, score 26.2). No anomaly flags on entities in this case."
FIR-2026-00196,Missing Student,Mangai Puram Railway Station Road,11-09-2025,,PER-0187,29.7,High,0,"FIR FIR-2026-00196 — Missing Student at Mangai Puram Railway Station Road on 11-09-2025. Highest-risk party in this case: Tamilarasan Palanisamy (Person, flagged as high risk, score 29.7). Other entities involved: Sanjay Mani (Person, flagged as high risk, score 27.7). No anomaly flags on entities in this case."
FIR-2026-00019,House Burglary,Arasu Nagar Residential Colony,14-02-2025,,PER-0045,29.52,High,0,"FIR FIR-2026-00019 — House Burglary at Arasu Nagar Residential Colony on 14-02-2025. Highest-risk party in this case: Elango Ramasamy (Person, flagged as high risk, score 29.5). Other entities involved: Lokesh Balan (Person, showing moderate risk indicators, score 22.4). No anomaly flags on entities in this case."
FIR-2026-00438,Missing Adult,Nallur Colony College Road,14-06-2026,,PER-0140,29.48,High,0,"FIR FIR-2026-00438 — Missing Adult at Nallur Colony College Road on 14-06-2026. Highest-risk party in this case: Sangeetha Bai (Person, flagged as high risk, score 29.5). Other entities involved: Mathan Chandran (Person, showing moderate risk indicators, score 26.7). No anomaly flags on entities in this case."
FIR-2026-00320,Shop Robbery,Mynthan Colony Main Street,19-01-2026,,PER-0274,29.48,High,0,"FIR FIR-2026-00320 — Shop Robbery at Mynthan Colony Main Street on 19-01-2026. Highest-risk party in this case: Tamilarasan Karuppasamy (Person, flagged as high risk, score 29.5). Other entities involved: Udhay Muthu (Person, showing moderate risk indicators, score 26.2). No anomaly flags on entities in this case."
FIR-2026-00051,Car Theft,Kadal Nagar Bus Stand Area,06-04-2025,,PER-0105,29.39,High,0,"FIR FIR-2026-00051 — Car Theft at Kadal Nagar Bus Stand Area on 06-04-2025. Highest-risk party in this case: Yogesh Arumugam (Person, flagged as high risk, score 29.4). No anomaly flags on entities in this case."
FIR-2026-00029,Pickpocketing,Mullai Colony Shopping Complex,05-03-2025,,PER-0065,29.33,High,0,"FIR FIR-2026-00029 — Pickpocketing at Mullai Colony Shopping Complex on 05-03-2025. Highest-risk party in this case: Deepak Gopal (Person, flagged as high risk, score 29.3). No anomaly flags on entities in this case."
FIR-2026-00238,Gold Chain Snatching,Vennila Park Shopping Complex,22-10-2025,,PER-0290,29.23,High,0,"FIR FIR-2026-00238 — Gold Chain Snatching at Vennila Park Shopping Complex on 22-10-2025. Highest-risk party in this case: Latha Murugan (Person, flagged as high risk, score 29.2). No anomaly flags on entities in this case."
FIR-2026-00144,Missing Elderly Person,Poongodi Layout Residential Colony,02-08-2025,,PER-0224,29.15,High,0,"FIR FIR-2026-00144 — Missing Elderly Person at Poongodi Layout Residential Colony on 02-08-2025. Highest-risk party in this case: Jothi Selvi (Person, flagged as high risk, score 29.1). Other entities involved: Sanjay Mani (Person, flagged as high risk, score 27.7). No anomaly flags on entities in this case."
FIR-2026-00025,Truck Theft,Roja Layout Industrial Area,26-02-2025,PER-0057,PER-0056,29.12,High,1,"FIR FIR-2026-00025 — Truck Theft at Roja Layout Industrial Area on 26-02-2025. Highest-risk party in this case: Bharath Prakash (Person, flagged as high risk, score 29.1). Other entities involved: Abirami Krishnan (Person, showing low risk indicators, score 20.7); Revathi Ammal (Person, showing low risk indicators, score 11.9). The suspect is part of Gang-05, a cluster of 95 linked entities (with other known suspects). Anomaly flags: Abirami Krishnan: Multi-Source Suspect (Suspect confirmed in sources: CDR|FIR|Financial|SocialMedia)"
FIR-2026-00429,Vandalism,Iniyan Colony Apartment Complex,30-05-2026,,PER-0072,28.99,High,0,"FIR FIR-2026-00429 — Vandalism at Iniyan Colony Apartment Complex on 30-05-2026. Highest-risk party in this case: Dinesh Balan (Person, flagged as high risk, score 29.0). Other entities involved: Buvaneswari Kannan (Person, flagged as high risk, score 27.5). No anomaly flags on entities in this case."
FIR-2026-00423,House Burglary,Sindhu Garden Residential Colony,27-05-2026,PER-0198,PER-0380,28.83,High,2,"FIR FIR-2026-00423 — House Burglary at Sindhu Garden Residential Colony on 27-05-2026. Highest-risk party in this case: Mohan Sekar (Person, flagged as high risk, score 28.8). Other entities involved: Eswari Sri (Person, showing low risk indicators, score 12.4); Vignesh Babu (Person, showing low risk indicators, score 10.1). The suspect is part of Gang-05, a cluster of 95 linked entities (with other known suspects). Anomaly flags: Mohan Sekar: Multi-Source Suspect (Suspect confirmed in sources: CDR|FIR|Financial|SocialMedia) | Mohan Sekar: High Financial Activity (Linked to 8 financial records)"
FIR-2026-00168,Vandalism,Nallur Park Main Street,18-08-2025,,PER-0185,28.59,High,0,"FIR FIR-2026-00168 — Vandalism at Nallur Park Main Street on 18-08-2025. Highest-risk party in this case: Jagan Sekar (Person, flagged as high risk, score 28.6). Other entities involved: Udhay Muthu (Person, showing moderate risk indicators, score 26.2). No anomaly flags on entities in this case."
FIR-2026-00015,Missing Adult,Nallur Colony College Road,05-02-2025,,PER-0036,28.56,High,0,"FIR FIR-2026-00015 — Missing Adult at Nallur Colony College Road on 05-02-2025. Highest-risk party in this case: Senthil Rajan (Person, flagged as high risk, score 28.6). No anomaly flags on entities in this case."
FIR-2026-00199,Two-Wheeler Chain Snatching,Mynthan Colony Main Street,16-09-2025,PER-0033,PER-0265,28.5,High,2,"FIR FIR-2026-00199 — Two-Wheeler Chain Snatching at Mynthan Colony Main Street on 16-09-2025. Highest-risk party in this case: Vignesh Natarajan (Person, flagged as high risk, score 28.5). Other entities involved: Harini Sri (Person, showing low risk indicators, score 15.2). The suspect is part of Gang-05, a cluster of 95 linked entities (with other known suspects). Anomaly flags: Vignesh Natarajan: Multi-Source Suspect (Suspect confirmed in sources: CDR|FIR|Financial|SocialMedia) | Vignesh Natarajan: High Financial Activity (Linked to 8 financial records)"
FIR-2026-00014,Missing Adult,Nallur Garden Residential Colony,04-02-2025,PER-0033,PER-0261,28.5,High,2,"FIR FIR-2026-00014 — Missing Adult at Nallur Garden Residential Colony on 04-02-2025. Highest-risk party in this case: Vignesh Natarajan (Person, flagged as high risk, score 28.5). Other entities involved: Nithya Rani (Person, showing moderate risk indicators, score 24.7); Mathan Chandran (Person, showing moderate risk indicators, score 26.7). The suspect is part of Gang-05, a cluster of 95 linked entities (with other known suspects). Anomaly flags: Vignesh Natarajan: Multi-Source Suspect (Suspect confirmed in sources: CDR|FIR|Financial|SocialMedia) | Vignesh Natarajan: High Financial Activity (Linked to 8 financial records)"
FIR-2026-00049,Property Damage,Iniyan Layout Parking Area,04-04-2025,,PER-0102,28.49,High,0,"FIR FIR-2026-00049 — Property Damage at Iniyan Layout Parking Area on 04-04-2025. Highest-risk party in this case: Malathi Kumari (Person, flagged as high risk, score 28.5). No anomaly flags on entities in this case."
FIR-2026-00461,Pickpocketing,Mullai Colony Shopping Complex,07-07-2026,,PER-0291,28.2,High,0,"FIR FIR-2026-00461 — Pickpocketing at Mullai Colony Shopping Complex on 07-07-2026. Highest-risk party in this case: Mythili Murugan (Person, flagged as high risk, score 28.2). No anomaly flags on entities in this case."
FIR-2026-00352,Vandalism,Roja Colony Residential Colony,04-03-2026,,PER-0350,28.17,High,0,"FIR FIR-2026-00352 — Vandalism at Roja Colony Residential Colony on 04-03-2026. Highest-risk party in this case: Priya Raman (Person, flagged as high risk, score 28.2). No anomaly flags on entities in this case."
FIR-2026-00004,Bank Transaction Fraud,Sevvanthi Park Shopping Complex,07-01-2025,,PER-0007,28.02,High,0,"FIR FIR-2026-00004 — Bank Transaction Fraud at Sevvanthi Park Shopping Complex on 07-01-2025. Highest-risk party in this case: Babu Rajan (Person, flagged as high risk, score 28.0). Other entities involved: Lokesh Karuppasamy (Person, showing moderate risk indicators, score 24.5). No anomaly flags on entities in this case."
FIR-2026-00211,Online Shopping Fraud,Vennila Puram Shopping Complex,28-09-2025,,PER-0153,28.0,High,0,"FIR FIR-2026-00211 — Online Shopping Fraud at Vennila Puram Shopping Complex on 28-09-2025. Highest-risk party in this case: Sathish Kumar (Person, flagged as high risk, score 28.0). No anomaly flags on entities in this case."
FIR-2026-00119,Missing Student,Kaveri Park Bus Stand Area,07-07-2025,,PER-0200,27.9,High,0,"FIR FIR-2026-00119 — Missing Student at Kaveri Park Bus Stand Area on 07-07-2025. Highest-risk party in this case: Dharani Shankar (Person, flagged as high risk, score 27.9). No anomaly flags on entities in this case."
FIR-2026-00300,Missing Student,Nallur Colony College Road,29-12-2025,,PER-0328,27.7,High,0,"FIR FIR-2026-00300 — Missing Student at Nallur Colony College Road on 29-12-2025. Highest-risk party in this case: Sanjay Mani (Person, flagged as high risk, score 27.7). Other entities involved: Latha Selvi (Person, showing moderate risk indicators, score 24.6). No anomaly flags on entities in this case."
FIR-2026-00410,Highway Robbery,Sindhu Puram Industrial Area,07-05-2026,,PER-0241,27.66,High,0,"FIR FIR-2026-00410 — Highway Robbery at Sindhu Puram Industrial Area on 07-05-2026. Highest-risk party in this case: Malathi Ammal (Person, flagged as high risk, score 27.7). Other entities involved: Ajith Murugan (Person, showing moderate risk indicators, score 26.5). No anomaly flags on entities in this case."
FIR-2026-00200,Property Damage,Kalai Colony Apartment Complex,16-09-2025,,PER-0266,27.42,High,0,"FIR FIR-2026-00200 — Property Damage at Kalai Colony Apartment Complex on 16-09-2025. Highest-risk party in this case: Bharath Gopal (Person, flagged as high risk, score 27.4). Other entities involved: Siva Selvam (Person, showing moderate risk indicators, score 23.9). No anomaly flags on entities in this case."
FIR-2026-00254,Shop Robbery,Alli Park Shopping Complex,05-11-2025,,PER-0266,27.42,High,0,"FIR FIR-2026-00254 — Shop Robbery at Alli Park Shopping Complex on 05-11-2025. Highest-risk party in this case: Bharath Gopal (Person, flagged as high risk, score 27.4). No anomaly flags on entities in this case."
FIR-2026-00178,Vandalism,Kalai Puram Apartment Complex,26-08-2025,,PER-0248,27.16,Medium,0,"FIR FIR-2026-00178 — Vandalism at Kalai Puram Apartment Complex on 26-08-2025. Highest-risk party in this case: Gokul Karuppasamy (Person, showing moderate risk indicators, score 27.2). Other entities involved: Vasanthi Selvam (Person, showing low risk indicators, score 10.0). No anomaly flags on entities in this case."
FIR-2026-00084,Street Robbery,Roja Park Main Street,21-05-2025,,PER-0156,26.94,Medium,0,"FIR FIR-2026-00084 — Street Robbery at Roja Park Main Street on 21-05-2025. Highest-risk party in this case: Kumaran Anand (Person, showing moderate risk indicators, score 26.9). No anomaly flags on entities in this case."
FIR-2026-00362,Shop Theft,Kaveri Park Bus Stand Area,20-03-2026,,PER-0210,26.7,Medium,0,"FIR FIR-2026-00362 — Shop Theft at Kaveri Park Bus Stand Area on 20-03-2026. Highest-risk party in this case: Jeeva Muthu (Person, showing moderate risk indicators, score 26.7). Other entities involved: Harish Mani (Person, showing low risk indicators, score 12.7). No anomaly flags on entities in this case."
FIR-2026-00092,Phishing,Kalai Nagar College Road,03-06-2025,,PER-0164,26.57,Medium,0,"FIR FIR-2026-00092 — Phishing at Kalai Nagar College Road on 03-06-2025. Highest-risk party in this case: Malathi Selvi (Person, showing moderate risk indicators, score 26.6). No anomaly flags on entities in this case."
FIR-2026-00348,Missing Student,Kadal Nagar Bus Stand Area,24-02-2026,,PER-0348,26.35,Medium,0,"FIR FIR-2026-00348 — Missing Student at Kadal Nagar Bus Stand Area on 24-02-2026. Highest-risk party in this case: Babu Balan (Person, showing moderate risk indicators, score 26.4). Other entities involved: Arun Raj (Person, showing moderate risk indicators, score 24.1). No anomaly flags on entities in this case."
FIR-2026-00234,Shop Theft,Vennila Puram Shopping Complex,21-10-2025,,PER-0289,26.22,Medium,0,"FIR FIR-2026-00234 — Shop Theft at Vennila Puram Shopping Complex on 21-10-2025. Highest-risk party in this case: Arun Selvam (Person, showing moderate risk indicators, score 26.2). Other entities involved: Bhuvana Raman (Person, showing moderate risk indicators, score 25.9). No anomaly flags on entities in this case."
FIR-2026-00062,Missing Elderly Person,Sevvanthi Colony Bus Stand Area,25-04-2025,,PER-0126,26.21,Medium,0,"FIR FIR-2026-00062 — Missing Elderly Person at Sevvanthi Colony Bus Stand Area on 25-04-2025. Highest-risk party in this case: Udhay Muthu (Person, showing moderate risk indicators, score 26.2). Other entities involved: Mythili Selvi (Person, showing moderate risk indicators, score 24.0). No anomaly flags on entities in this case."
FIR-2026-00468,Second-hand Vehicle Sale Cheating,Kadal Layout Highway Junction,16-07-2026,,PER-0179,26.06,Medium,0,"FIR FIR-2026-00468 — Second-hand Vehicle Sale Cheating at Kadal Layout Highway Junction on 16-07-2026. Highest-risk party in this case: Jagan Arumugam (Person, showing moderate risk indicators, score 26.1). No anomaly flags on entities in this case."
FIR-2026-00035,Pickpocketing,Anbu Layout Bus Stand Area,18-03-2025,,PER-0079,25.94,Medium,0,"FIR FIR-2026-00035 — Pickpocketing at Anbu Layout Bus Stand Area on 18-03-2025. Highest-risk party in this case: Jothi Bai (Person, showing moderate risk indicators, score 25.9). No anomaly flags on entities in this case."
FIR-2026-00311,Auto Theft,Palar Layout Market Road,12-01-2026,,PER-0222,25.84,Medium,0,"FIR FIR-2026-00311 — Auto Theft at Palar Layout Market Road on 12-01-2026. Highest-risk party in this case: Anand Chandran (Person, showing moderate risk indicators, score 25.8). No anomaly flags on entities in this case."
FIR-2026-00085,Missing Student,Nila Garden Bus Stand Area,21-05-2025,,PER-0158,25.7,Medium,0,"FIR FIR-2026-00085 — Missing Student at Nila Garden Bus Stand Area on 21-05-2025. Highest-risk party in this case: Divya Murugan (Person, showing moderate risk indicators, score 25.7). Other entities involved: Divya Kumari (Person, showing low risk indicators, score 20.7). No anomaly flags on entities in this case."
FIR-2026-00309,Scooter Theft,Vetri Layout Industrial Area,08-01-2026,,PER-0120,25.54,Medium,0,"FIR FIR-2026-00309 — Scooter Theft at Vetri Layout Industrial Area on 08-01-2026. Highest-risk party in this case: Vidhya Devi (Person, showing moderate risk indicators, score 25.5). No anomaly flags on entities in this case."
FIR-2026-00401,Scooter Theft,Vaigai Park Parking Area,27-04-2026,,PER-0283,25.29,Medium,0,"FIR FIR-2026-00401 — Scooter Theft at Vaigai Park Parking Area on 27-04-2026. Highest-risk party in this case: Nandhini Selvi (Person, showing moderate risk indicators, score 25.3). No anomaly flags on entities in this case."
FIR-2026-00083,Missing Adult,Oviya Colony Railway Station Road,20-05-2025,,PER-0155,24.96,Medium,0,"FIR FIR-2026-00083 — Missing Adult at Oviya Colony Railway Station Road on 20-05-2025. Highest-risk party in this case: Hariharan Ramasamy (Person, showing moderate risk indicators, score 25.0). No anomaly flags on entities in this case."
FIR-2026-00317,Vandalism,Amudham Layout Residential Colony,14-01-2026,,PER-0128,24.52,Medium,0,"FIR FIR-2026-00317 — Vandalism at Amudham Layout Residential Colony on 14-01-2026. Highest-risk party in this case: Durga Bai (Person, showing moderate risk indicators, score 24.5). No anomaly flags on entities in this case."
FIR-2026-00149,Physical Assault,Sindhu Garden Residential Colony,05-08-2025,,PER-0230,24.41,Medium,0,"FIR FIR-2026-00149 — Physical Assault at Sindhu Garden Residential Colony on 05-08-2025. Highest-risk party in this case: Eswari Selvam (Person, showing moderate risk indicators, score 24.4). No anomaly flags on entities in this case."
FIR-2026-00219,Scooter Theft,Sevvanthi Park Shopping Complex,04-10-2025,PER-0280,PER-0210,21.44,Medium,1,"FIR FIR-2026-00219 — Scooter Theft at Sevvanthi Park Shopping Complex on 04-10-2025. Highest-risk party in this case: Sanjay Gopal (Person, showing moderate risk indicators, score 21.4). Other entities involved: Harish Mani (Person, showing low risk indicators, score 12.7). The suspect is part of Gang-05, a cluster of 95 linked entities (with other known suspects). Anomaly flags: Sanjay Gopal: Multi-Source Suspect (Suspect confirmed in sources: CDR|FIR|Financial|SocialMedia)"
FIR-2026-00129,Street Altercation,Roja Park Main Street,17-07-2025,,PER-0211,21.11,Low,0,"FIR FIR-2026-00129 — Street Altercation at Roja Park Main Street on 17-07-2025. Highest-risk party in this case: Nithya Selvi (Person, showing low risk indicators, score 21.1). No anomaly flags on entities in this case."
FIR-2026-00039,Motorcycle Theft,Mullai Puram Parking Area,24-03-2025,PER-0057,PER-0086,20.71,Low,1,"FIR FIR-2026-00039 — Motorcycle Theft at Mullai Puram Parking Area on 24-03-2025. Highest-risk party in this case: Abirami Krishnan (Person, showing low risk indicators, score 20.7). Other entities involved: Prakash Chandran (Person, showing low risk indicators, score 19.1). The suspect is part of Gang-05, a cluster of 95 linked entities (with other known suspects). Anomaly flags: Abirami Krishnan: Multi-Source Suspect (Suspect confirmed in sources: CDR|FIR|Financial|SocialMedia)"
FIR-2026-00276,Street Robbery,Kayal Puram Highway Junction,03-12-2025,PER-0314,PER-0196,20.41,Low,1,"FIR FIR-2026-00276 — Street Robbery at Kayal Puram Highway Junction on 03-12-2025. Highest-risk party in this case: Gopal Natarajan (Person, showing low risk indicators, score 20.4). Other entities involved: Kannan Thangaraj (Person, showing low risk indicators, score 13.8); Uma Bai (Person, showing low risk indicators, score 9.8). The suspect is part of Gang-05, a cluster of 95 linked entities (with other known suspects). Anomaly flags: Gopal Natarajan: Multi-Source Suspect (Suspect confirmed in sources: CDR|FIR|Financial|SocialMedia)"
FIR-2026-00271,Van Theft,Vetri Colony Industrial Area,25-11-2025,,PER-0311,13.23,Low,0,"FIR FIR-2026-00271 — Van Theft at Vetri Colony Industrial Area on 25-11-2025. Highest-risk party in this case: Meena Krishnan (Person, showing low risk indicators, score 13.2). No anomaly flags on entities in this case."
FIR-2026-00496,Loan Recovery Harassment,Nallur Colony College Road,01-09-2026,,PER-0400,12.96,Low,0,"FIR FIR-2026-00496 — Loan Recovery Harassment at Nallur Colony College Road on 01-09-2026. Highest-risk party in this case: Hemanth Krishnan (Person, showing low risk indicators, score 13.0). No anomaly flags on entities in this case."
FIR-2026-00350,Missing Student,Vetri Nagar Shopping Complex,02-03-2026,,PER-0210,12.65,Low,0,"FIR FIR-2026-00350 — Missing Student at Vetri Nagar Shopping Complex on 02-03-2026. Highest-risk party in this case: Harish Mani (Person, showing low risk indicators, score 12.7). No anomaly flags on entities in this case."
FIR-2026-00456,Online Betting Complaint,Selvapuram Garden College Road,04-07-2026,,PER-0387,8.23,Low,0,"FIR FIR-2026-00456 — Online Betting Complaint at Selvapuram Garden College Road on 04-07-2026. Highest-risk party in this case: Nandhini Kumari (Person, showing low risk indicators, score 8.2). No anomaly flags on entities in this case."
