Canonical_ID,Label,Entity_Type,Roles,Degree_Raw,Degree_Norm,Betweenness,PageRank,Closeness,Cross_Verified,Fusion_Badge,FIR_Count,CDR_Count,Fin_Count,Soc_Count,Sources,Influence_Score,Rank
ACC-0016,Syn-Acc-100026,Account,Financial|Receiver|Sender,212.49677499999996,0.0328,0.0181,0.006552,0.2622,True,🔗 Cross-Verified,1,0,82,0,FIR|Financial,92.54,1
ACC-0015,Syn-Acc-100076,Account,Financial|Receiver|Sender,180.46416,0.0311,0.0162,0.005538,0.2629,True,🔗 Cross-Verified,2,0,69,0,FIR|Financial,84.2,2
ACC-0022,Syn-Acc-100054,Account,Financial|Receiver|Sender,179.99214999999995,0.0311,0.0138,0.00567,0.2611,True,🔗 Cross-Verified,1,0,79,0,FIR|Financial,80.97,3
ACC-0080,Syn-Acc-100008,Account,Financial|Receiver|Sender,116.47531000000001,0.0227,0.0229,0.003667,0.2583,True,🔗 Cross-Verified,1,0,52,0,FIR|Financial,79.37,4
ACC-0005,Syn-Acc-100071,Account,Financial|Receiver|Sender,184.67248999999998,0.0281,0.0129,0.005582,0.259,True,🔗 Cross-Verified,2,0,59,0,FIR|Financial,76.44,5
ACC-0003,Syn-Acc-100069,Account,Financial|Receiver|Sender,210.26900000000003,0.0294,0.0102,0.005972,0.2561,True,🔗 Cross-Verified,4,0,67,0,FIR|Financial,74.89,6
ACC-0035,Syn-Acc-100033,Account,Financial|Receiver|Sender,186.42811500000005,0.0284,0.0119,0.005335,0.2654,True,🔗 Cross-Verified,2,0,74,0,FIR|Financial,74.47,7
ACC-0066,Syn-Acc-100006,Account,Financial|Receiver|Sender,155.070335,0.023,0.0167,0.004782,0.251,True,🔗 Cross-Verified,1,0,58,0,FIR|Financial,74.19,8
ACC-0001,Syn-Acc-100055,Account,Financial|Receiver|Sender,188.49735999999993,0.0311,0.0092,0.005701,0.2606,True,🔗 Cross-Verified,6,0,63,0,FIR|Financial,74.04,9
ACC-0047,Syn-Acc-100084,Account,Financial|Receiver|Sender,183.639785,0.0298,0.0074,0.005803,0.2505,True,🔗 Cross-Verified,2,0,62,0,FIR|Financial,70.12,10
ACC-0064,Syn-Acc-100068,Account,Financial|Receiver|Sender,167.24535,0.0237,0.0127,0.005043,0.2527,True,🔗 Cross-Verified,1,0,58,0,FIR|Financial,69.79,11
ACC-0020,Syn-Acc-100077,Account,Financial|Receiver|Sender,181.45493,0.0254,0.0109,0.005276,0.2507,True,🔗 Cross-Verified,1,0,66,0,FIR|Financial,69.42,12
ACC-0038,Syn-Acc-100002,Account,Financial|Receiver|Sender,152.78812000000005,0.0217,0.0147,0.004236,0.2588,True,🔗 Cross-Verified,1,0,61,0,FIR|Financial,68.14,13
ACC-0027,Syn-Acc-100047,Account,Financial|Receiver|Sender,140.953055,0.025,0.0123,0.004252,0.2601,True,🔗 Cross-Verified,1,0,61,0,FIR|Financial,67.6,14
ACC-0031,Syn-Acc-100080,Account,Financial|Receiver|Sender,137.02125999999998,0.0264,0.0106,0.004268,0.2578,True,🔗 Cross-Verified,1,0,61,0,FIR|Financial,66.25,15
ACC-0040,Syn-Acc-100057,Account,Financial|Receiver|Sender,191.06871999999998,0.026,0.0057,0.005873,0.2568,True,🔗 Cross-Verified,2,0,64,0,FIR|Financial,64.55,16
ACC-0021,Syn-Acc-100027,Account,Financial|Receiver|Sender,181.46074,0.0267,0.0063,0.005328,0.2613,True,🔗 Cross-Verified,1,0,73,0,FIR|Financial,64.18,17
ACC-0014,Syn-Acc-100003,Account,Financial|Receiver|Sender,142.632205,0.022,0.0116,0.004198,0.2515,True,🔗 Cross-Verified,2,0,54,0,FIR|Financial,63.25,18
ACC-0006,Syn-Acc-100072,Account,Financial|Receiver|Sender,184.59442499999997,0.0247,0.0048,0.005553,0.2524,True,🔗 Cross-Verified,1,0,61,0,FIR|Financial,60.59,19
ACC-0082,Syn-Acc-100043,Account,Financial|Receiver|Sender,146.9513,0.0257,0.0062,0.004662,0.2557,True,🔗 Cross-Verified,1,0,59,0,FIR|Financial,60.33,20
ACC-0051,Syn-Acc-100059,Account,Financial|Receiver|Sender,156.75111,0.025,0.0067,0.004401,0.2605,True,🔗 Cross-Verified,1,0,65,0,FIR|Financial,59.63,21
ACC-0045,Syn-Acc-100016,Account,Financial|Receiver|Sender,194.02714500000008,0.024,0.0045,0.005436,0.2588,True,🔗 Cross-Verified,2,0,62,0,FIR|Financial,59.28,22
ACC-0007,Syn-Acc-100051,Account,Financial|Receiver|Sender,151.00335999999996,0.0244,0.0067,0.004254,0.2599,True,🔗 Cross-Verified,7,0,55,0,FIR|Financial,58.49,23
ACC-0053,Syn-Acc-100020,Account,Financial|Receiver|Sender,170.76313499999998,0.0257,0.0039,0.004968,0.2579,True,🔗 Cross-Verified,2,0,66,0,FIR|Financial,58.08,24
ACC-0012,Syn-Acc-100053,Account,Financial|Receiver|Sender,147.00958500000002,0.0247,0.0059,0.004391,0.2571,True,🔗 Cross-Verified,1,0,62,0,FIR|Financial,57.96,25
ACC-0024,Syn-Acc-100078,Account,Financial|Receiver|Sender,157.47064999999998,0.0233,0.0054,0.004741,0.2541,True,🔗 Cross-Verified,1,0,63,0,FIR|Financial,57.15,26
ACC-0087,Syn-Acc-100099,Account,Financial|Receiver|Sender,172.157915,0.023,0.005,0.004912,0.2556,True,🔗 Cross-Verified,1,0,71,0,FIR|Financial,56.99,27
ACC-0049,Syn-Acc-100065,Account,Financial|Receiver|Sender,154.13816000000003,0.0247,0.0045,0.004478,0.262,True,🔗 Cross-Verified,1,0,65,0,FIR|Financial,56.34,28
ACC-0086,Syn-Acc-100098,Account,Financial|Receiver|Sender,148.05153000000004,0.023,0.0056,0.004232,0.2547,True,🔗 Cross-Verified,1,0,61,0,FIR|Financial,55.25,29
ACC-0072,Syn-Acc-100089,Account,Financial|Receiver|Sender,182.0690549999999,0.022,0.0028,0.005042,0.2569,True,🔗 Cross-Verified,1,0,65,0,FIR|Financial,53.26,30
PER-0180,Sangeetha Sri,Person,Callee|Caller|Complainant|Mentioned|TransactionMobile|Victim,65.96333333333334,0.0132,0.0175,0.001359,0.2309,True,🔗 Triple-Verified,5,29,8,0,CDR|FIR|Financial,52.49,31
PER-0005,Vignesh Subramani,Person,Callee|Caller|SocialMention|Suspect|TransactionMobile,113.49333333333333,0.0156,0.0084,0.002346,0.2329,True,🔗 Quad-Verified,9,10,5,3,CDR|FIR|Financial|SocialMedia,44.66,32
PER-0123,Karthik Pandian,Person,Callee|Caller|Complainant|Mentioned|TransactionMobile|Victim,76.57666666666667,0.0139,0.0092,0.001501,0.2306,True,🔗 Triple-Verified,13,28,2,0,CDR|FIR|Financial,40.99,33
PER-0094,Bharathi Ammal,Person,Callee|Caller|Complainant|Mentioned|TransactionMobile|Victim,84.06000000000002,0.0149,0.0079,0.001688,0.236,True,🔗 Triple-Verified,12,25,7,0,CDR|FIR|Financial,40.84,34
PER-0183,Venkat Palanisamy,Person,Associate|Callee|Caller|SocialMention|Suspect|TransactionMobile,132.95000000000002,0.0179,0.0033,0.002743,0.2413,True,🔗 Quad-Verified,11,16,10,3,CDR|FIR|Financial|SocialMedia,40.82,35
PER-0277,Karthik Rajan,Person,Associate|Callee|Caller|SocialMention|Suspect|TransactionMobile|Witness,110.0,0.0159,0.0054,0.002379,0.232,True,🔗 Quad-Verified,12,10,11,2,CDR|FIR|Financial|SocialMedia,40.45,36
PER-0169,Anitha Raj,Person,Callee|Caller|Complainant|Mentioned|TransactionMobile|Victim,84.14666666666665,0.0142,0.0071,0.001695,0.2307,True,🔗 Triple-Verified,16,24,4,0,CDR|FIR|Financial,38.8,37
PER-0086,Prakash Chandran,Person,Callee|Caller|Complainant|TransactionMobile|Victim,56.52,0.0115,0.0099,0.00122,0.2262,True,🔗 Triple-Verified,2,28,5,0,CDR|FIR|Financial,38.61,38
PER-0117,Tamilarasan Muthu,Person,Callee|Caller|SocialMention|Suspect|TransactionMobile,74.34,0.0118,0.0087,0.001536,0.2297,True,🔗 Quad-Verified,6,10,6,3,CDR|FIR|Financial|SocialMedia,38.4,39
PER-0085,Madhan Murugan,Person,Associate|Callee|Caller|SocialMention|Suspect|TransactionMobile|Witness,134.88666666666668,0.0166,0.0021,0.002807,0.2322,True,🔗 Quad-Verified,16,12,3,1,CDR|FIR|Financial|SocialMedia,37.7,40
PER-0071,Nithin Thangaraj,Person,Callee|Caller|Complainant|Mentioned|TransactionMobile|Victim|Witness,58.29333333333333,0.0115,0.0088,0.001414,0.224,True,🔗 Triple-Verified,13,20,7,0,CDR|FIR|Financial,37.59,41
ACC-0062,Syn-Acc-100060,Account,Financial|Receiver|Sender,81.83981,0.0095,0.0079,0.002159,0.2286,True,🔗 Cross-Verified,1,0,18,0,FIR|Financial,37.44,42
PER-0262,Praveen Anand,Person,Callee|Caller|Complainant|Mentioned|TransactionMobile|Victim,37.82333333333334,0.0085,0.0115,0.000972,0.2249,True,🔗 Triple-Verified,3,17,7,0,CDR|FIR|Financial,37.31,43
PER-0078,Gokul Muthu,Person,Callee|Caller|SocialMention|Suspect|TransactionMobile,41.873333333333335,0.0091,0.0106,0.001208,0.2187,True,🔗 Quad-Verified,2,11,10,4,CDR|FIR|Financial|SocialMedia,37.16,44
PER-0027,Sanjay Raj,Person,Callee|Caller|Complainant|Mentioned|TransactionMobile|Victim,156.79,0.0173,0.0009,0.002916,0.2359,True,🔗 Triple-Verified,48,12,7,0,CDR|FIR|Financial,37.07,45
PER-0119,Amudha Kannan,Person,Callee|Caller|Complainant|Mentioned|TransactionMobile|Victim|Witness,58.89999999999999,0.0135,0.0073,0.001282,0.2316,True,🔗 Triple-Verified,14,22,8,0,CDR|FIR|Financial,36.91,46
PER-0353,Divya Sekar,Person,Callee|Caller|Complainant|Mentioned|TransactionMobile|Victim,68.17666666666668,0.0139,0.0068,0.001424,0.2251,True,🔗 Triple-Verified,14,24,5,0,CDR|FIR|Financial,36.81,47
PER-0394,Hemanth Nathan,Person,Callee|Caller|Complainant|Mentioned|TransactionMobile|Victim,50.43666666666666,0.0101,0.0096,0.001089,0.2264,True,🔗 Triple-Verified,3,25,4,0,CDR|FIR|Financial,36.37,48
PER-0142,Siva Muthu,Person,Associate|Callee|Caller|SocialMention|TransactionMobile,73.39000000000001,0.0098,0.009,0.001387,0.2184,True,🔗 Quad-Verified,14,12,2,3,CDR|FIR|Financial|SocialMedia,36.03,49
PER-0129,Kishore Babu,Person,Associate|Callee|Caller|SocialMention|Suspect|TransactionMobile,66.89666666666668,0.0115,0.0074,0.001321,0.2283,True,🔗 Quad-Verified,6,16,3,3,CDR|FIR|Financial|SocialMedia,35.26,50
PER-0125,Saranya Murugan,Person,Callee|Caller|Complainant|Mentioned|TransactionMobile|Victim,74.13,0.0145,0.0048,0.001526,0.2313,True,🔗 Triple-Verified,11,27,10,0,CDR|FIR|Financial,34.93,51
PER-0001,Lavanya Ammal,Person,Callee|Caller|Complainant|Mentioned|TransactionMobile|Victim,119.95666666666666,0.0173,0.0009,0.002409,0.2294,True,🔗 Triple-Verified,34,20,4,0,CDR|FIR|Financial,34.87,52
PER-0074,Padmini Raj,Person,Callee|Caller|Complainant|Mentioned|TransactionMobile|Victim|Witness,80.58333333333334,0.0162,0.003,0.001622,0.2333,True,🔗 Triple-Verified,34,21,8,0,CDR|FIR|Financial,34.18,53
PER-0067,Logesh Karuppasamy,Person,Associate|Callee|Caller|SocialMention|Suspect|TransactionMobile,142.9466666666667,0.0142,0.001,0.002698,0.2352,True,🔗 Quad-Verified,12,12,4,7,CDR|FIR|Financial|SocialMedia,33.52,54
PER-0032,Arun Prakash,Person,Callee|Caller|Complainant|Mentioned|TransactionMobile|Victim,126.51666666666668,0.0159,0.0007,0.002317,0.2329,True,🔗 Triple-Verified,34,16,4,0,CDR|FIR|Financial,33.06,55
PER-0223,Gunasekar Murugan,Person,Callee|Caller|Complainant|Mentioned|TransactionMobile|Victim,77.31333333333333,0.0142,0.0036,0.001545,0.2357,True,🔗 Triple-Verified,12,24,8,0,CDR|FIR|Financial,33.06,56
PER-0076,Hariharan Babu,Person,Associate|Callee|Caller|SocialMention|Suspect|TransactionMobile,118.62,0.0142,0.0014,0.002477,0.2287,True,🔗 Quad-Verified,8,12,6,4,CDR|FIR|Financial|SocialMedia,33.03,57
ACC-0081,Syn-Acc-100095,Account,Financial|Receiver|Sender,37.60496,0.0081,0.0084,0.001261,0.217,True,🔗 Cross-Verified,1,0,15,0,FIR|Financial,33.02,58
PER-0177,Inban Balan,Person,Callee|Caller|Complainant|Mentioned|TransactionMobile|Victim,60.43333333333333,0.0118,0.0059,0.001263,0.224,True,🔗 Triple-Verified,11,21,7,0,CDR|FIR|Financial,32.85,59
PER-0023,Ganesh Shankar,Person,Associate|Callee|Caller|SocialMention|Suspect|TransactionMobile|Witness,106.44333333333334,0.0145,0.002,0.002042,0.2299,True,🔗 Quad-Verified,18,8,4,5,CDR|FIR|Financial|SocialMedia,32.59,60
PER-0168,Mohan Gopal,Person,Callee|Caller|Complainant|Mentioned|TransactionMobile|Victim,50.300000000000004,0.0105,0.0071,0.001006,0.2249,True,🔗 Triple-Verified,4,23,3,0,CDR|FIR|Financial,32.54,61
PER-0320,Kavitha Devi,Person,Callee|Caller|Complainant|Mentioned|TransactionMobile|Victim,27.553333333333335,0.0071,0.0103,0.000569,0.2173,True,🔗 Triple-Verified,3,18,1,0,CDR|FIR|Financial,32.35,62
PER-0215,Arjun Karuppasamy,Person,Callee|Caller|Complainant|Mentioned|TransactionMobile|Victim,55.833333333333336,0.0115,0.0057,0.001203,0.23,True,🔗 Triple-Verified,6,25,4,0,CDR|FIR|Financial,32.27,63
PER-0080,Nandha Karuppasamy,Person,Associate|Callee|Caller|SocialMention|Suspect,104.20333333333333,0.0118,0.0035,0.001986,0.2282,True,🔗 Triple-Verified,8,14,0,3,CDR|FIR|SocialMedia,32.13,64
PER-0343,Malathi Murugan,Person,Callee|Caller|Complainant|Mentioned|TransactionMobile|Victim|Witness,67.31666666666666,0.0129,0.0042,0.001411,0.2295,True,🔗 Triple-Verified,13,26,5,0,CDR|FIR|Financial,32.04,65
PER-0093,Vasanth Mani,Person,Associate|Callee|Caller|SocialMention|Suspect|TransactionMobile|Witness,100.83,0.0152,0.0013,0.002015,0.2295,True,🔗 Quad-Verified,15,10,3,2,CDR|FIR|Financial|SocialMedia,32.04,66
PER-0307,Deviga Krishnan,Person,Callee|Caller|Complainant|Mentioned|TransactionMobile|Victim,56.81666666666668,0.0125,0.0048,0.001168,0.2342,True,🔗 Triple-Verified,7,23,8,0,CDR|FIR|Financial,31.83,67
PER-0010,Vasanth Gopal,Person,Associate|Callee|Caller|SocialMention|Suspect|TransactionMobile,109.47333333333334,0.0142,0.0011,0.002248,0.2324,True,🔗 Quad-Verified,10,9,7,3,CDR|FIR|Financial|SocialMedia,31.83,68
LOC-0002,Roja Park Main Street,Location,Incident|SocialMention,94.0,0.0183,0.0001,0.001667,0.2324,True,🔗 Cross-Verified,32,0,0,10,FIR|SocialMedia,31.81,69
ACC-0063,Syn-Acc-100088,Account,Financial|Receiver|Sender,56.074225,0.0071,0.0072,0.001601,0.2204,True,🔗 Cross-Verified,1,0,15,0,FIR|Financial,31.71,70
PER-0303,Yogesh Gopal,Person,Callee|Caller|SocialMention|Suspect|TransactionMobile,52.34666666666667,0.0085,0.0076,0.001103,0.2179,True,🔗 Quad-Verified,3,8,7,3,CDR|FIR|Financial|SocialMedia,31.59,71
PER-0022,Pandian Thangaraj,Person,Callee|Caller|SocialMention|Suspect|TransactionMobile,85.98666666666668,0.0122,0.0031,0.001778,0.223,True,🔗 Quad-Verified,6,13,3,5,CDR|FIR|Financial|SocialMedia,30.89,72
PER-0291,Mythili Murugan,Person,Callee|Caller|Complainant|Mentioned|TransactionMobile|Victim,42.263333333333335,0.0098,0.0068,0.00084,0.2253,True,🔗 Triple-Verified,4,23,3,0,CDR|FIR|Financial,30.82,73
PER-0083,Babu Selvam,Person,Callee|Caller|Complainant|Mentioned|TransactionMobile|Victim,96.2,0.0132,0.0018,0.001968,0.2275,True,🔗 Triple-Verified,27,14,5,0,CDR|FIR|Financial,30.72,74
PER-0015,Dinesh Subramani,Person,Associate|Callee|Caller|SocialMention|Suspect|TransactionMobile|Witness,101.57000000000001,0.0145,0.0009,0.001959,0.2321,True,🔗 Quad-Verified,17,6,3,5,CDR|FIR|Financial|SocialMedia,30.67,75
PER-0365,Karthik Shankar,Person,Callee|Caller|SocialMention|Suspect|TransactionMobile,116.80333333333336,0.0132,0.0005,0.002396,0.2328,True,🔗 Quad-Verified,9,10,7,4,CDR|FIR|Financial|SocialMedia,30.58,76
PER-0042,Rakesh Anand,Person,Callee|Caller|Complainant|Mentioned|TransactionMobile|Victim,94.70666666666666,0.0139,0.0014,0.001853,0.2306,True,🔗 Triple-Verified,20,27,2,0,CDR|FIR|Financial,30.42,77
ACC-0025,Syn-Acc-100056,Account,Financial|Receiver|Sender,33.178104999999995,0.0061,0.0078,0.001339,0.2124,True,🔗 Cross-Verified,1,0,13,0,FIR|Financial,30.4,78
PER-0258,Anand Palanisamy,Person,Associate|Callee|Caller|SocialMention|Suspect|TransactionMobile,83.88,0.0132,0.002,0.001767,0.2313,True,🔗 Quad-Verified,6,14,8,3,CDR|FIR|Financial|SocialMedia,30.39,79
PER-0163,Rakesh Krishnan,Person,Callee|Caller|Complainant|Mentioned|TransactionMobile|Victim,60.12666666666666,0.0118,0.0043,0.0012,0.2255,True,🔗 Triple-Verified,7,22,7,0,CDR|FIR|Financial,30.22,80
PER-0004,Thirumal Babu,Person,Callee|Caller|Complainant|Mentioned|TransactionMobile|Victim,62.67333333333334,0.0112,0.0044,0.001273,0.2242,True,🔗 Triple-Verified,9,24,5,0,CDR|FIR|Financial,30.06,81
PER-0141,Senthil Krishnan,Person,Callee|Caller|SocialMention|Suspect|TransactionMobile,128.62666666666667,0.0125,0.0008,0.002349,0.225,True,🔗 Quad-Verified,10,13,3,6,CDR|FIR|Financial|SocialMedia,29.93,82
PER-0301,Venkat Pandian,Person,Callee|Caller|Complainant|Mentioned|TransactionMobile|Victim,50.64333333333334,0.0108,0.0052,0.00099,0.2268,True,🔗 Triple-Verified,5,26,2,0,CDR|FIR|Financial,29.92,83
PER-0013,Ramya Bai,Person,Callee|Caller|Complainant|Mentioned|TransactionMobile|Victim|Witness,85.71,0.0139,0.0012,0.001805,0.2281,True,🔗 Triple-Verified,34,15,3,0,CDR|FIR|Financial,29.84,84
PER-0047,Uma Raj,Person,Callee|Caller|Complainant|Mentioned|TransactionMobile|Victim,96.31666666666666,0.0129,0.0013,0.001947,0.2315,True,🔗 Triple-Verified,30,13,3,0,CDR|FIR|Financial,29.75,85
PER-0189,Deepak Subramani,Person,Callee|Caller|Complainant|Mentioned|TransactionMobile|Victim,45.61666666666667,0.0125,0.004,0.001025,0.2259,True,🔗 Triple-Verified,6,23,7,0,CDR|FIR|Financial,29.74,86
PER-0253,Harish Murugan,Person,Associate|Callee|Caller|SocialMention|Suspect,103.41666666666669,0.0135,0.0009,0.001985,0.2276,True,🔗 Triple-Verified,10,15,0,6,CDR|FIR|SocialMedia,29.69,87
PER-0284,Kishore Arumugam,Person,Callee|Caller|SocialMention|Suspect|TransactionMobile,115.54333333333335,0.0125,0.0012,0.002094,0.2284,True,🔗 Quad-Verified,8,13,5,6,CDR|FIR|Financial|SocialMedia,29.68,88
PER-0351,Rajesh Chandran,Person,Callee|Caller|SocialMention|Suspect|TransactionMobile,86.03333333333335,0.0118,0.0018,0.002032,0.2247,True,🔗 Quad-Verified,6,11,5,2,CDR|FIR|Financial|SocialMedia,29.58,89
PER-0257,Geetha Kumari,Person,Callee|Caller|Complainant|Mentioned|TransactionMobile|Victim,69.09,0.0118,0.0035,0.001309,0.2265,True,🔗 Triple-Verified,12,25,2,0,CDR|FIR|Financial,29.46,90
PER-0115,Nithin Balan,Person,Callee|Caller|Complainant|Mentioned|TransactionMobile|Victim,76.77666666666667,0.0115,0.0029,0.001639,0.2241,True,🔗 Triple-Verified,19,18,5,0,CDR|FIR|Financial,29.45,91
PER-0101,Abirami Sekar,Person,Callee|Caller|Complainant|Mentioned|TransactionMobile|Victim|Witness,87.70666666666666,0.0149,0.0006,0.001693,0.2284,True,🔗 Triple-Verified,26,21,2,0,CDR|FIR|Financial,29.41,92
PER-0346,Inban Pandian,Person,Callee|Caller|Complainant|TransactionMobile|Victim,36.92,0.0074,0.0073,0.000882,0.2185,True,🔗 Triple-Verified,2,15,7,0,CDR|FIR|Financial,29.29,93
PER-0043,Arun Babu,Person,Associate|Callee|Caller|SocialMention|Suspect|TransactionMobile|Witness,93.03333333333333,0.0129,0.0009,0.00195,0.2313,True,🔗 Quad-Verified,13,6,6,3,CDR|FIR|Financial|SocialMedia,29.14,94
PER-0106,Elango Krishnan,Person,Callee|Caller|Complainant|Mentioned|TransactionMobile|Victim|Witness,67.10333333333332,0.0125,0.0028,0.001315,0.2275,True,🔗 Triple-Verified,16,25,6,0,CDR|FIR|Financial,29.09,95
PER-0104,Padmini Sri,Person,Callee|Caller|Complainant|Mentioned|TransactionMobile|Victim|Witness,74.50666666666665,0.0132,0.0019,0.001472,0.2285,True,🔗 Triple-Verified,18,25,3,0,CDR|FIR|Financial,29.0,96
PER-0255,Kalaiselvi Devi,Person,Callee|Caller|Complainant|Mentioned|TransactionMobile|Victim,46.54666666666667,0.0095,0.0055,0.000985,0.2222,True,🔗 Triple-Verified,3,23,4,0,CDR|FIR|Financial,29.0,97
PER-0068,Jagan Gopal,Person,Callee|Caller|Complainant|Mentioned|TransactionMobile|Victim,66.67666666666668,0.0118,0.0031,0.001327,0.2247,True,🔗 Triple-Verified,8,25,5,0,CDR|FIR|Financial,28.85,98
PER-0266,Bharath Gopal,Person,Callee|Caller|Complainant|Mentioned|TransactionMobile|Victim,35.58,0.0085,0.0063,0.000873,0.2194,True,🔗 Triple-Verified,6,18,5,0,CDR|FIR|Financial,28.77,99
PER-0148,Kishore Selvam,Person,Callee|Caller|Complainant|Mentioned|TransactionMobile|Victim|Witness,56.156666666666666,0.0112,0.004,0.001145,0.2186,True,🔗 Triple-Verified,15,21,3,0,CDR|FIR|Financial,28.74,100
PER-0393,Vidhya Bai,Person,Callee|Caller|Complainant|TransactionMobile|Victim,34.42,0.0071,0.0076,0.0008,0.2056,True,🔗 Triple-Verified,2,17,2,0,CDR|FIR|Financial,28.68,101
PER-0319,Babu Murugan,Person,Callee|Caller|Complainant|Mentioned|TransactionMobile|Victim,63.74666666666668,0.0115,0.0029,0.001383,0.2284,True,🔗 Triple-Verified,6,21,5,0,CDR|FIR|Financial,28.62,102
PER-0265,Harini Sri,Person,Callee|Caller|Complainant|Mentioned|TransactionMobile|Victim,47.37666666666666,0.0091,0.0051,0.001013,0.2261,True,🔗 Triple-Verified,3,21,4,0,CDR|FIR|Financial,28.28,103
PER-0048,Murugan Sundaram,Person,Associate|Callee|Caller|SocialMention|Suspect|TransactionMobile|Witness,96.96000000000001,0.0125,0.0007,0.001914,0.2291,True,🔗 Quad-Verified,16,4,5,1,CDR|FIR|Financial|SocialMedia,28.25,104
PER-0021,Vidhya Krishnan,Person,Callee|Caller|Complainant|Mentioned|TransactionMobile|Victim,58.76666666666667,0.0105,0.0037,0.001223,0.2252,True,🔗 Triple-Verified,7,22,4,0,CDR|FIR|Financial,28.19,105
PER-0092,Babu Thangaraj,Person,Callee|Caller|Complainant|Mentioned|TransactionMobile|Victim,36.946666666666665,0.0088,0.0058,0.000855,0.2184,True,🔗 Triple-Verified,3,22,4,0,CDR|FIR|Financial,28.17,106
PER-0260,Bharath Babu,Person,Callee|Caller|Complainant|Mentioned|TransactionMobile|Victim,43.88,0.0101,0.0046,0.000906,0.2253,True,🔗 Triple-Verified,5,20,5,0,CDR|FIR|Financial,27.99,107
PER-0075,Hariharan Raj,Person,Callee|Caller|SocialMention|Suspect|TransactionMobile,28.296666666666667,0.0058,0.0079,0.000771,0.2084,True,🔗 Quad-Verified,1,7,6,1,CDR|FIR|Financial|SocialMedia,27.94,108
PER-0137,Gunasekar Anand,Person,Associate|Callee|Caller|Suspect|TransactionMobile,83.22,0.0108,0.0024,0.001593,0.2251,True,🔗 Triple-Verified,7,14,3,0,CDR|FIR|Financial,27.9,109
PER-0220,Vijay Rajan,Person,Callee|Caller|Complainant|TransactionMobile|Victim,59.88333333333334,0.0118,0.0024,0.001282,0.2297,True,🔗 Triple-Verified,2,28,4,0,CDR|FIR|Financial,27.79,110
PER-0052,Mathan Raman,Person,Associate|Callee|Caller|SocialMention|Suspect|TransactionMobile,92.91999999999999,0.0122,0.0009,0.0018,0.2262,True,🔗 Quad-Verified,14,9,4,4,CDR|FIR|Financial|SocialMedia,27.73,111
PER-0270,Ravi Gopal,Person,Callee|Caller|Complainant|Mentioned|TransactionMobile|Victim,50.99333333333333,0.0112,0.003,0.001152,0.2312,True,🔗 Triple-Verified,6,18,9,0,CDR|FIR|Financial,27.72,112
PER-0121,Chandran Krishnan,Person,Callee|Caller|Complainant|Mentioned|TransactionMobile|Victim|Witness,62.72666666666667,0.0132,0.0014,0.001275,0.2349,True,🔗 Triple-Verified,21,21,7,0,CDR|FIR|Financial,27.71,113
PER-0111,Dharani Rajan,Person,Complainant,25.85,0.0064,0.0074,0.000689,0.2159,False,📄 Single-Source,1,0,0,0,FIR,27.69,114
PER-0172,Arjun Pandian,Person,Callee|Caller|Complainant|Mentioned|TransactionMobile|Victim,66.56666666666666,0.0112,0.0025,0.001381,0.227,True,🔗 Triple-Verified,11,20,5,0,CDR|FIR|Financial,27.68,115
PER-0011,Meena Ammal,Person,Callee|Caller|Complainant|Mentioned|TransactionMobile|Victim,52.413333333333334,0.0108,0.0032,0.001187,0.2249,True,🔗 Triple-Verified,6,22,6,0,CDR|FIR|Financial,27.55,116
PER-0192,Dinesh Raj,Person,Callee|Caller|Complainant|Mentioned|TransactionMobile|Victim,40.080000000000005,0.0095,0.0048,0.000845,0.2228,True,🔗 Triple-Verified,5,21,3,0,CDR|FIR|Financial,27.41,117
PER-0315,Chithra Raman,Person,Callee|Caller|Complainant|Mentioned|TransactionMobile|Victim,52.58666666666667,0.0108,0.0032,0.001112,0.2288,True,🔗 Triple-Verified,4,21,7,0,CDR|FIR|Financial,27.41,118
PER-0357,Vijay Raman,Person,Callee|Caller|SocialMention|Suspect|TransactionMobile,65.22333333333333,0.0095,0.0033,0.001438,0.2217,True,🔗 Quad-Verified,4,11,4,3,CDR|FIR|Financial|SocialMedia,27.37,119
PER-0147,Kumaran Prakash,Person,Callee|Caller|Complainant|Mentioned|TransactionMobile|Victim,53.65999999999999,0.0112,0.0031,0.001047,0.2258,True,🔗 Triple-Verified,7,25,3,0,CDR|FIR|Financial,27.26,120
PER-0097,Rajesh Mani,Person,Callee|Caller|Complainant|Mentioned|TransactionMobile|Victim,79.55333333333331,0.0118,0.0014,0.001597,0.2232,True,🔗 Triple-Verified,17,20,2,0,CDR|FIR|Financial,27.23,121
PER-0209,Kishore Murugan,Person,Callee|Caller|Complainant|Mentioned|TransactionMobile|Victim,60.56333333333332,0.0115,0.0023,0.001289,0.2253,True,🔗 Triple-Verified,7,23,4,0,CDR|FIR|Financial,27.23,122
LOC-0016,Sindhu Garden Residential Colony,Location,Incident|SocialMention,79.0,0.0142,0.0002,0.001435,0.2292,True,🔗 Cross-Verified,27,0,0,12,FIR|SocialMedia,27.2,123
PER-0009,Deviga Murugan,Person,Callee|Caller|Complainant|Mentioned|TransactionMobile|Victim,66.3,0.0125,0.0014,0.001366,0.228,True,🔗 Triple-Verified,14,20,2,0,CDR|FIR|Financial,27.17,124
PER-0342,Manoj Sekar,Person,Callee|Caller|Complainant|Mentioned|TransactionMobile|Victim,53.769999999999996,0.0108,0.003,0.001148,0.2267,True,🔗 Triple-Verified,3,28,4,0,CDR|FIR|Financial,27.17,125
PER-0082,Rajeshwari Rani,Person,Callee|Caller|Complainant|Mentioned|TransactionMobile|Victim,37.89333333333334,0.0105,0.0038,0.000938,0.2222,True,🔗 Triple-Verified,4,20,7,0,CDR|FIR|Financial,27.13,126
ACC-0023,Syn-Acc-100052,Account,Financial|Receiver|Sender,35.625119999999995,0.0054,0.0068,0.001075,0.21,True,🔗 Cross-Verified,2,0,13,0,FIR|Financial,27.12,127
PER-0019,Madhan Palanisamy,Person,Associate|Callee|Caller|SocialMention|Suspect|TransactionMobile|Witness,78.73333333333335,0.0112,0.0015,0.001663,0.2239,True,🔗 Quad-Verified,14,5,7,3,CDR|FIR|Financial|SocialMedia,27.12,128
PER-0352,Yuvaraj Natarajan,Person,Callee|Caller|SocialMention|Suspect|TransactionMobile,87.69666666666666,0.0105,0.0014,0.001841,0.2218,True,🔗 Quad-Verified,6,11,3,4,CDR|FIR|Financial|SocialMedia,26.93,129
PER-0233,Sanjay Prakash,Person,Callee|Caller|Complainant|Mentioned|TransactionMobile|Victim,40.30333333333334,0.0098,0.0041,0.000904,0.2246,True,🔗 Triple-Verified,3,24,4,0,CDR|FIR|Financial,26.91,130
PER-0144,Padmini Bai,Person,Callee|Caller|Complainant|Mentioned|TransactionMobile|Victim,74.38333333333334,0.0125,0.001,0.001444,0.2282,True,🔗 Triple-Verified,10,20,6,0,CDR|FIR|Financial,26.86,131
PER-0195,Vidhya Ammal,Person,Callee|Caller|Complainant|Mentioned|TransactionMobile|Victim,47.6,0.0108,0.0033,0.000987,0.2224,True,🔗 Triple-Verified,3,27,3,0,CDR|FIR|Financial,26.84,132
PER-0175,Sathish Sundaram,Person,Callee|Caller|SocialMention|Suspect|TransactionMobile,101.37,0.0105,0.0005,0.002103,0.2258,True,🔗 Quad-Verified,8,5,3,3,CDR|FIR|Financial|SocialMedia,26.72,133
PER-0077,Anand Arumugam,Person,Callee|Caller|Complainant|Mentioned|TransactionMobile|Victim,46.29333333333334,0.0091,0.0037,0.00117,0.2209,True,🔗 Triple-Verified,5,17,7,0,CDR|FIR|Financial,26.55,134
PER-0134,Deepa Kumari,Person,Callee|Caller|Complainant|Mentioned|TransactionMobile|Victim,49.3,0.0105,0.0032,0.000979,0.2264,True,🔗 Triple-Verified,3,26,4,0,CDR|FIR|Financial,26.53,135
PER-0358,Venkat Kumar,Person,Callee|Caller|Complainant|Mentioned|TransactionMobile|Victim,43.276666666666664,0.0101,0.0034,0.000976,0.2263,True,🔗 Triple-Verified,5,19,6,0,CDR|FIR|Financial,26.46,136
ACC-0057,Syn-Acc-100041,Account,Financial|Receiver|Sender,57.16417499999999,0.0098,0.0022,0.001467,0.2318,True,🔗 Cross-Verified,4,0,14,0,FIR|Financial,26.45,137
PER-0109,Ajith Murugan,Person,Associate|Callee|Caller|SocialMention|TransactionMobile,41.946666666666665,0.0088,0.0042,0.001017,0.2204,True,🔗 Quad-Verified,6,13,3,4,CDR|FIR|Financial|SocialMedia,26.43,138
PER-0151,Dharani Gopal,Person,Callee|Caller|Complainant|Mentioned|TransactionMobile|Victim,58.05333333333333,0.0105,0.0028,0.001129,0.2244,True,🔗 Triple-Verified,6,25,1,0,CDR|FIR|Financial,26.43,139
PER-0188,Meena Bai,Person,Callee|Caller|Complainant|Mentioned|TransactionMobile|Victim,58.86666666666667,0.0098,0.003,0.001216,0.2234,True,🔗 Triple-Verified,8,17,5,0,CDR|FIR|Financial,26.39,140
PER-0206,Mathan Velan,Person,Callee|Caller|SocialMention|Suspect|TransactionMobile,105.24666666666667,0.0098,0.0008,0.002099,0.2223,True,🔗 Quad-Verified,8,7,2,2,CDR|FIR|Financial|SocialMedia,26.39,141
ACC-0019,Syn-Acc-100025,Account,Financial|Receiver|Sender,65.46194000000001,0.0085,0.0017,0.002082,0.2185,True,🔗 Cross-Verified,1,0,20,0,FIR|Financial,26.37,142
PER-0317,Chithra Devi,Person,Callee|Caller|Complainant|Mentioned|TransactionMobile|Victim,50.85333333333333,0.0105,0.003,0.001036,0.2242,True,🔗 Triple-Verified,6,24,4,0,CDR|FIR|Financial,26.37,143
PER-0368,Gokul Babu,Person,Callee|Caller|Complainant|TransactionMobile|Victim,53.086666666666666,0.0112,0.0025,0.001032,0.2268,True,🔗 Triple-Verified,2,28,3,0,CDR|FIR|Financial,26.32,144
PER-0020,Yogesh Raj,Person,Callee|Caller|Complainant|Mentioned|TransactionMobile|Victim,65.61,0.0122,0.0012,0.001314,0.2262,True,🔗 Triple-Verified,15,22,4,0,CDR|FIR|Financial,26.32,145
PER-0355,Ajith Nathan,Person,Callee|SocialMention|Suspect|TransactionMobile,98.05,0.0101,0.0006,0.002073,0.2229,True,🔗 Quad-Verified,7,4,5,3,CDR|FIR|Financial|SocialMedia,26.28,146
PER-0161,Rajeshwari Ammal,Person,Callee|Caller|Complainant|Mentioned|TransactionMobile|Victim,68.63333333333333,0.0112,0.0016,0.001381,0.2254,True,🔗 Triple-Verified,17,19,4,0,CDR|FIR|Financial,26.24,147
PER-0187,Tamilarasan Palanisamy,Person,Callee|Caller|Complainant|Mentioned|TransactionMobile|Victim,66.59666666666668,0.0125,0.0008,0.001379,0.2262,True,🔗 Triple-Verified,14,21,4,0,CDR|FIR|Financial,26.23,148
PER-0145,Tamilselvi Devi,Person,Callee|Caller|Complainant|Mentioned|TransactionMobile|Victim,83.66000000000003,0.0118,0.0007,0.001613,0.2228,True,🔗 Triple-Verified,17,19,2,0,CDR|FIR|Financial,26.21,149
PER-0073,Gokul Sundaram,Person,Associate|Callee|Caller|SocialMention|Suspect|TransactionMobile,58.97999999999999,0.0118,0.0015,0.001246,0.2272,True,🔗 Quad-Verified,5,13,7,8,CDR|FIR|Financial|SocialMedia,26.18,150
PER-0226,Buvaneswari Sri,Person,Callee|Caller|Complainant|Mentioned|TransactionMobile|Victim|Witness,60.546666666666674,0.0118,0.0015,0.001234,0.2273,True,🔗 Triple-Verified,11,23,3,0,CDR|FIR|Financial,26.14,151
PER-0377,Selvam Babu,Person,Callee|Caller|Complainant|Mentioned|TransactionMobile|Victim,39.160000000000004,0.0081,0.0048,0.00086,0.2209,True,🔗 Triple-Verified,3,16,6,0,CDR|FIR|Financial,26.12,152
PER-0110,Harish Babu,Person,Callee|Caller|Complainant|Mentioned|TransactionMobile|Victim|Witness,56.07,0.0115,0.0016,0.00129,0.2233,True,🔗 Triple-Verified,15,20,6,0,CDR|FIR|Financial,26.09,153
PER-0040,Deepa Selvam,Person,Callee|Caller|Complainant|Mentioned|TransactionMobile|Victim,61.269999999999996,0.0108,0.0017,0.001358,0.228,True,🔗 Triple-Verified,6,21,8,0,CDR|FIR|Financial,26.04,154
PER-0295,Gopal Karuppasamy,Person,Callee|Caller|Complainant|Mentioned|TransactionMobile|Victim,42.583333333333336,0.0091,0.004,0.00093,0.2194,True,🔗 Triple-Verified,3,21,5,0,CDR|FIR|Financial,26.02,155
ACC-0056,Syn-Acc-100007,Account,Financial|Receiver|Sender,51.658809999999995,0.0081,0.0032,0.001433,0.2236,True,🔗 Cross-Verified,2,0,15,0,FIR|Financial,25.98,156
PER-0202,Saravanan Palanisamy,Person,Callee|Caller|Complainant|Mentioned|TransactionMobile|Victim,53.48333333333334,0.0108,0.0019,0.001298,0.2244,True,🔗 Triple-Verified,5,26,4,0,CDR|FIR|Financial,25.98,157
PER-0339,Revathi Bai,Person,Callee|Caller|Complainant|Mentioned|TransactionMobile|Victim,37.79666666666667,0.0085,0.0046,0.000772,0.2241,True,🔗 Triple-Verified,6,20,2,0,CDR|FIR|Financial,25.96,158
PER-0203,Karthik Velan,Person,Associate|Callee|Caller|SocialMention|Suspect|TransactionMobile,85.01333333333335,0.0112,0.0008,0.00163,0.2247,True,🔗 Quad-Verified,10,7,4,2,CDR|FIR|Financial|SocialMedia,25.95,159
PER-0338,Madhan Rajan,Person,Callee|Caller|Complainant|Mentioned|TransactionMobile|Victim,58.03333333333334,0.0105,0.0023,0.001137,0.2261,True,🔗 Triple-Verified,6,23,3,0,CDR|FIR|Financial,25.76,160
PER-0045,Elango Ramasamy,Person,Callee|Caller|Complainant|Mentioned|TransactionMobile|Victim,65.14666666666668,0.0112,0.0014,0.001338,0.225,True,🔗 Triple-Verified,6,22,5,0,CDR|FIR|Financial,25.75,161
PER-0367,Yogesh Sekar,Person,Callee|Caller|Complainant|Mentioned|TransactionMobile|Victim,40.21,0.0088,0.0042,0.000805,0.2229,True,🔗 Triple-Verified,3,22,2,0,CDR|FIR|Financial,25.7,162
PER-0190,Dharani Thangaraj,Person,Callee|Caller|Complainant|Mentioned|TransactionMobile|Victim,45.35999999999999,0.0088,0.0041,0.000896,0.2161,True,🔗 Triple-Verified,8,21,1,0,CDR|FIR|Financial,25.65,163
PER-0234,Siva Velan,Person,Callee|Caller|Complainant|Mentioned|TransactionMobile|Victim,48.88666666666666,0.0101,0.0031,0.00095,0.2196,True,🔗 Triple-Verified,6,26,1,0,CDR|FIR|Financial,25.65,164
PER-0081,Dinesh Nathan,Person,Callee|Caller|Complainant|Mentioned|TransactionMobile|Victim,52.58666666666667,0.0095,0.0027,0.001195,0.2249,True,🔗 Triple-Verified,8,17,5,0,CDR|FIR|Financial,25.63,165
PER-0274,Tamilarasan Karuppasamy,Person,Callee|Caller|Complainant|Mentioned|TransactionMobile|Victim,51.51333333333334,0.0105,0.0024,0.001099,0.2227,True,🔗 Triple-Verified,6,20,4,0,CDR|FIR|Financial,25.63,166
PER-0166,Yogesh Balan,Person,Callee|Caller|Complainant|Mentioned|TransactionMobile|Victim,46.81333333333333,0.0098,0.0032,0.000938,0.2232,True,🔗 Triple-Verified,3,24,5,0,CDR|FIR|Financial,25.62,167
PER-0174,Vasanth Raman,Person,Callee|Caller|Complainant|Mentioned|TransactionMobile|Victim,60.16333333333331,0.0122,0.0011,0.00117,0.2254,True,🔗 Triple-Verified,7,27,2,0,CDR|FIR|Financial,25.58,168
PER-0127,Udhay Muthu,Person,Associate|Callee|Caller|SocialMention|TransactionMobile,68.39666666666668,0.0098,0.0017,0.001534,0.2215,True,🔗 Quad-Verified,16,7,5,7,CDR|FIR|Financial|SocialMedia,25.56,169
PER-0269,Selvam Natarajan,Person,Callee|Caller|Complainant|Mentioned|TransactionMobile|Victim,50.02,0.0098,0.0026,0.001183,0.221,True,🔗 Triple-Verified,6,19,6,0,CDR|FIR|Financial,25.56,170
PER-0041,Hariharan Palanisamy,Person,Callee|Caller|SocialMention|Suspect|TransactionMobile,75.08999999999999,0.0108,0.001,0.001548,0.2229,True,🔗 Quad-Verified,6,8,2,3,CDR|FIR|Financial|SocialMedia,25.51,171
PER-0246,Kishore Pandian,Person,Callee|Caller|Complainant|Mentioned|TransactionMobile|Victim,53.860000000000014,0.0101,0.0024,0.001175,0.2211,True,🔗 Triple-Verified,6,23,3,0,CDR|FIR|Financial,25.5,172
PER-0312,Deepa Devi,Person,Callee|Caller|Complainant|TransactionMobile|Victim,32.39666666666666,0.0068,0.0058,0.000753,0.2065,True,🔗 Triple-Verified,2,14,4,0,CDR|FIR|Financial,25.5,173
PER-0024,Nithin Velan,Person,Associate|Callee|Caller|SocialMention|Suspect|TransactionMobile|Witness,63.8,0.0105,0.0018,0.001408,0.2111,True,🔗 Quad-Verified,10,7,5,3,CDR|FIR|Financial|SocialMedia,25.47,174
PER-0124,Chandran Subramani,Person,Callee|Caller|SocialMention|Suspect|TransactionMobile,68.49666666666667,0.0108,0.0011,0.001471,0.2248,True,🔗 Quad-Verified,5,9,6,4,CDR|FIR|Financial|SocialMedia,25.44,175
PER-0118,Dharani Prakash,Person,Callee|Caller|Complainant|Mentioned|TransactionMobile|Victim,56.626666666666665,0.0098,0.0023,0.001242,0.2235,True,🔗 Triple-Verified,10,15,5,0,CDR|FIR|Financial,25.42,176
PER-0105,Yogesh Arumugam,Person,Callee|Caller|Complainant|Mentioned|TransactionMobile|Victim,55.70333333333333,0.0108,0.0019,0.0011,0.229,True,🔗 Triple-Verified,6,25,4,0,CDR|FIR|Financial,25.39,177
PER-0060,Madhan Babu,Person,Callee|Caller|SocialMention|Suspect|TransactionMobile,84.71,0.0108,0.0005,0.001725,0.2215,True,🔗 Quad-Verified,5,14,3,4,CDR|FIR|Financial|SocialMedia,25.37,178
PER-0213,Hariharan Prakash,Person,Callee|Caller|SocialMention|Suspect|TransactionMobile,73.88,0.0091,0.0019,0.001546,0.2239,True,🔗 Quad-Verified,5,9,2,5,CDR|FIR|Financial|SocialMedia,25.36,179
PER-0349,Padmini Rani,Person,Callee|Caller|Complainant|Mentioned|TransactionMobile|Victim,39.20333333333333,0.0095,0.0037,0.000768,0.2201,True,🔗 Triple-Verified,3,24,2,0,CDR|FIR|Financial,25.33,180
PER-0385,Praveen Muthu,Person,Callee|Caller|Complainant|Mentioned|TransactionMobile|Victim,44.733333333333334,0.0098,0.0025,0.001148,0.222,True,🔗 Triple-Verified,3,16,10,0,CDR|FIR|Financial,25.31,181
PER-0212,Rajesh Karuppasamy,Person,Callee|Caller|SocialMention|Suspect|TransactionMobile,79.93,0.0095,0.0013,0.001653,0.2252,True,🔗 Quad-Verified,6,7,4,3,CDR|FIR|Financial|SocialMedia,25.27,182
PER-0179,Jagan Arumugam,Person,Callee|Caller|Complainant|Mentioned|TransactionMobile|Victim,50.07999999999999,0.0108,0.0018,0.001093,0.2277,True,🔗 Triple-Verified,8,24,5,0,CDR|FIR|Financial,25.16,183
PER-0157,Ganesh Natarajan,Person,Callee|Caller|Complainant|Mentioned|TransactionMobile|Victim,51.25,0.0112,0.0015,0.001155,0.2232,True,🔗 Triple-Verified,5,23,5,0,CDR|FIR|Financial,25.13,184
PER-0088,Naveen Natarajan,Person,Callee|Caller|Complainant|Mentioned|TransactionMobile|Victim,60.42333333333334,0.0095,0.0024,0.001147,0.2282,True,🔗 Triple-Verified,9,18,3,0,CDR|FIR|Financial,25.11,185
PER-0140,Sangeetha Bai,Person,Callee|Caller|Complainant|Mentioned|TransactionMobile|Victim,63.076666666666675,0.0112,0.0013,0.001202,0.2244,True,🔗 Triple-Verified,9,21,2,0,CDR|FIR|Financial,25.06,186
PER-0290,Latha Murugan,Person,Callee|Caller|Complainant|Mentioned|TransactionMobile|Victim,41.1,0.0088,0.0035,0.000901,0.222,True,🔗 Triple-Verified,6,19,4,0,CDR|FIR|Financial,24.97,187
ACC-0037,Syn-Acc-100082,Account,Financial|Receiver|Sender,37.77424500000001,0.0068,0.0037,0.001376,0.2112,True,🔗 Cross-Verified,1,0,14,0,FIR|Financial,24.87,188
PER-0152,Pavithra Bai,Person,Callee|Caller|Complainant|Mentioned|TransactionMobile|Victim|Witness,47.22666666666667,0.0098,0.0023,0.001088,0.2243,True,🔗 Triple-Verified,14,16,5,0,CDR|FIR|Financial,24.86,189
PER-0289,Bhuvana Raman,Person,Callee|Caller|Complainant|Mentioned|TransactionMobile|Victim,40.306666666666665,0.0091,0.0033,0.000866,0.2234,True,🔗 Triple-Verified,6,19,6,0,CDR|FIR|Financial,24.86,190
PER-0224,Jothi Selvi,Person,Callee|Caller|Complainant|Mentioned|TransactionMobile|Victim,48.44666666666666,0.0098,0.0023,0.001123,0.2181,True,🔗 Triple-Verified,5,20,6,0,CDR|FIR|Financial,24.76,191
PER-0095,Udhay Anand,Person,Callee|Caller|SocialMention|Suspect|TransactionMobile,69.48,0.0101,0.0014,0.001386,0.2201,True,🔗 Quad-Verified,6,7,2,3,CDR|FIR|Financial|SocialMedia,24.75,192
PER-0182,Saravanan Sundaram,Person,Callee|Caller|Complainant|Mentioned|TransactionMobile|Victim,49.13666666666666,0.0108,0.0016,0.001025,0.2316,True,🔗 Triple-Verified,3,22,8,0,CDR|FIR|Financial,24.74,193
PER-0065,Deepak Gopal,Person,Callee|Caller|Complainant|Mentioned|TransactionMobile|Victim,51.61666666666667,0.0115,0.0013,0.001022,0.2254,True,🔗 Triple-Verified,6,24,4,0,CDR|FIR|Financial,24.67,194
PER-0014,Ajith Velan,Person,Callee|Caller|Complainant|TransactionMobile|Victim,48.83666666666667,0.0098,0.002,0.001127,0.2263,True,🔗 Triple-Verified,4,17,7,0,CDR|FIR|Financial,24.63,195
PER-0030,Praveen Natarajan,Person,Callee|Caller|Complainant|Mentioned|TransactionMobile|Victim|Witness,40.68,0.0095,0.0031,0.000842,0.218,True,🔗 Triple-Verified,16,15,3,0,CDR|FIR|Financial,24.62,196
ACC-0077,Syn-Acc-100067,Account,Financial|Receiver|Sender,58.357024999999986,0.0085,0.0013,0.001673,0.23,True,🔗 Cross-Verified,1,0,16,0,FIR|Financial,24.61,197
PER-0222,Anand Chandran,Person,Callee|Caller|Complainant|Mentioned|TransactionMobile|Victim,54.870000000000005,0.0098,0.0018,0.001207,0.2252,True,🔗 Triple-Verified,12,13,6,0,CDR|FIR|Financial,24.59,198
PER-0208,Arun Thangaraj,Person,Callee|Caller|Complainant|Mentioned|TransactionMobile|Victim,49.06666666666666,0.0091,0.0029,0.000935,0.2251,True,🔗 Triple-Verified,8,19,2,0,CDR|FIR|Financial,24.58,199
PER-0113,Jagan Raman,Person,Callee|Caller|SocialMention|Suspect|TransactionMobile,90.04666666666668,0.0095,0.0007,0.001708,0.2255,True,🔗 Quad-Verified,6,9,3,1,CDR|FIR|Financial|SocialMedia,24.58,200
PER-0259,Chithra Kannan,Person,Callee|Caller|SocialMention|Suspect|TransactionMobile,90.07333333333332,0.0098,0.0005,0.001768,0.2199,True,🔗 Quad-Verified,7,5,6,3,CDR|FIR|Financial|SocialMedia,24.56,201
PER-0002,Inban Selvam,Person,Callee|Caller|Complainant|Mentioned|TransactionMobile|Victim,44.61333333333333,0.0091,0.0029,0.000982,0.2178,True,🔗 Triple-Verified,8,17,4,0,CDR|FIR|Financial,24.48,202
PER-0196,Kannan Thangaraj,Person,Callee|Caller|Complainant|Mentioned|Victim,64.06333333333332,0.0098,0.0017,0.00128,0.2186,True,🔗 Cross-Verified,9,20,0,0,CDR|FIR,24.47,203
PER-0263,Naveen Mani,Person,Callee|Caller|Complainant|Mentioned|TransactionMobile|Victim,50.546666666666674,0.0095,0.0023,0.001072,0.2214,True,🔗 Triple-Verified,6,19,5,0,CDR|FIR|Financial,24.41,204
PER-0090,Anand Natarajan,Person,Callee|Caller|Complainant|Mentioned|TransactionMobile|Victim,48.94666666666667,0.0105,0.0018,0.00104,0.2202,True,🔗 Triple-Verified,6,23,4,0,CDR|FIR|Financial,24.4,205
PER-0239,Sathish Palanisamy,Person,Callee|Caller|Complainant|Mentioned|TransactionMobile|Victim,41.58666666666666,0.0091,0.0032,0.000874,0.2143,True,🔗 Triple-Verified,6,21,2,0,CDR|FIR|Financial,24.39,206
PER-0247,Elango Shankar,Person,Associate|Callee|Caller|SocialMention|Suspect|TransactionMobile,71.46,0.0101,0.0009,0.001401,0.229,True,🔗 Quad-Verified,6,6,7,3,CDR|FIR|Financial|SocialMedia,24.38,207
PER-0061,Dinesh Balan,Person,Associate|Callee|Caller|SocialMention|TransactionMobile,73.16000000000001,0.0098,0.0011,0.001461,0.2211,True,🔗 Quad-Verified,14,8,6,4,CDR|FIR|Financial|SocialMedia,24.34,208
ACC-0039,Syn-Acc-100014,Account,Financial|Receiver|Sender,28.445495,0.0037,0.0068,0.000801,0.2049,True,🔗 Cross-Verified,1,0,9,0,FIR|Financial,24.32,209
PER-0341,Madhan Nathan,Person,Callee|Caller|Complainant|Mentioned|TransactionMobile|Victim,33.873333333333335,0.0085,0.0032,0.000926,0.2216,True,🔗 Triple-Verified,3,14,9,0,CDR|FIR|Financial,24.32,210
PER-0108,Murugan Karuppasamy,Person,Callee|Caller|SocialMention|Suspect|TransactionMobile,55.37,0.0088,0.0025,0.001128,0.2216,True,🔗 Quad-Verified,5,9,3,3,CDR|FIR|Financial|SocialMedia,24.3,211
PER-0237,Saravanan Murugan,Person,Callee|Caller|Complainant|Mentioned|TransactionMobile|Victim,41.21,0.0085,0.0032,0.000932,0.2196,True,🔗 Triple-Verified,6,16,5,0,CDR|FIR|Financial,24.27,212
PER-0278,Lavanya Raj,Person,Callee|Caller|Complainant|Mentioned|TransactionMobile|Victim,54.6,0.0105,0.0011,0.001231,0.2229,True,🔗 Triple-Verified,6,21,6,0,CDR|FIR|Financial,24.16,213
PER-0056,Bharath Prakash,Person,Callee|Caller|Complainant|Mentioned|TransactionMobile|Victim,52.19000000000001,0.0098,0.002,0.001087,0.2168,True,🔗 Triple-Verified,10,15,4,0,CDR|FIR|Financial,24.11,214
PER-0054,Vasanth Chandran,Person,Callee|Caller|Complainant|Mentioned|TransactionMobile|Victim|Witness,53.290000000000006,0.0101,0.0016,0.001074,0.2268,True,🔗 Triple-Verified,19,16,3,0,CDR|FIR|Financial,24.1,215
PER-0165,Rajesh Rajan,Person,Callee|Caller|Complainant|Mentioned|TransactionMobile|Victim|Witness,46.16333333333334,0.0098,0.0022,0.000974,0.2196,True,🔗 Triple-Verified,15,18,2,0,CDR|FIR|Financial,24.09,216
PER-0149,Deviga Devi,Person,Callee|Caller|Complainant|Mentioned|TransactionMobile|Victim,38.236666666666665,0.0095,0.0027,0.000839,0.2202,True,🔗 Triple-Verified,5,20,4,0,CDR|FIR|Financial,24.08,217
PER-0244,Thirumal Velan,Person,Callee|Caller|SocialMention|Suspect|TransactionMobile,57.45,0.0088,0.0019,0.001287,0.2217,True,🔗 Quad-Verified,3,11,5,2,CDR|FIR|Financial|SocialMedia,24.0,218
PER-0100,Balaji Karuppasamy,Person,Callee|Caller|SocialMention|Suspect|TransactionMobile,81.56000000000002,0.0101,0.0004,0.001548,0.2231,True,🔗 Quad-Verified,6,14,3,3,CDR|FIR|Financial|SocialMedia,23.96,219
PER-0139,Logesh Palanisamy,Person,Callee|Caller|Complainant|Mentioned|TransactionMobile|Victim,47.67,0.0095,0.0021,0.001044,0.2193,True,🔗 Triple-Verified,7,17,5,0,CDR|FIR|Financial,23.92,220
ACC-0068,Syn-Acc-100066,Account,Financial|Receiver|Sender,40.263225000000006,0.0085,0.0019,0.00136,0.2184,True,🔗 Cross-Verified,1,0,16,0,FIR|Financial,23.89,221
ACC-0052,Syn-Acc-100021,Account,Financial|Receiver|Sender,53.69529000000001,0.0088,0.0011,0.001552,0.222,True,🔗 Cross-Verified,4,0,16,0,FIR|Financial,23.81,222
PER-0120,Vidhya Devi,Person,Callee|Caller|Complainant|Mentioned|TransactionMobile|Victim,52.826666666666654,0.0101,0.0014,0.001121,0.222,True,🔗 Triple-Verified,8,19,5,0,CDR|FIR|Financial,23.8,223
ACC-0058,Syn-Acc-100005,Account,Financial|Receiver|Sender,56.62492,0.0088,0.001,0.001514,0.2292,True,🔗 Cross-Verified,3,0,17,0,FIR|Financial,23.79,224
PER-0197,Thirumal Sekar,Person,Callee|Caller|Complainant|Mentioned|TransactionMobile|Victim,60.38666666666666,0.0101,0.0011,0.001214,0.2233,True,🔗 Triple-Verified,4,25,2,0,CDR|FIR|Financial,23.75,225
ACC-1070,Ext-Acc-307801,Account,Receiver,43.81333333333333,0.0088,0.0027,0.000913,0.2206,False,📄 Single-Source,0,0,1,0,Financial,23.74,226
PER-0376,Harish Pandian,Person,Callee|Caller|Complainant|Mentioned|TransactionMobile|Victim,40.47666666666667,0.0085,0.0027,0.000915,0.2244,True,🔗 Triple-Verified,3,15,7,0,CDR|FIR|Financial,23.62,227
PER-0170,Janani Devi,Person,Callee|Caller|SocialMention|Suspect|TransactionMobile,45.15999999999999,0.0081,0.0029,0.000943,0.2231,True,🔗 Quad-Verified,3,10,3,3,CDR|FIR|Financial|SocialMedia,23.62,228
PER-0055,Arun Natarajan,Person,Callee|Caller|Complainant|Mentioned|TransactionMobile|Victim,49.846666666666664,0.0095,0.0018,0.001002,0.2265,True,🔗 Triple-Verified,5,20,5,0,CDR|FIR|Financial,23.57,229
PER-0037,Elango Balan,Person,Callee|Caller|Complainant|Mentioned|TransactionMobile|Victim,53.35666666666667,0.0101,0.0012,0.001144,0.221,True,🔗 Triple-Verified,8,20,4,0,CDR|FIR|Financial,23.54,230
PER-0334,Latha Ammal,Person,Callee|Caller|Complainant|Mentioned|TransactionMobile|Victim,42.49666666666666,0.0095,0.002,0.000978,0.2191,True,🔗 Triple-Verified,3,22,5,0,CDR|FIR|Financial,23.51,231
PER-0389,Babu Krishnan,Person,Callee|Caller|SocialMention|Suspect|TransactionMobile,45.99666666666667,0.0091,0.0019,0.001087,0.2213,True,🔗 Quad-Verified,1,15,8,2,CDR|FIR|Financial|SocialMedia,23.49,232
PER-0039,Jeeva Natarajan,Person,Associate|Callee|Caller|SocialMention|Suspect|TransactionMobile,49.08666666666666,0.0091,0.0019,0.001085,0.2187,True,🔗 Quad-Verified,4,11,5,5,CDR|FIR|Financial|SocialMedia,23.39,233
PER-0286,Gopal Gopal,Person,Callee|Caller|Complainant|Mentioned|TransactionMobile|Victim,42.019999999999996,0.0091,0.0023,0.000886,0.2208,True,🔗 Triple-Verified,5,19,2,0,CDR|FIR|Financial,23.31,234
PER-0256,Bharathi Raman,Person,Callee|Caller|Complainant|Mentioned|TransactionMobile|Victim,49.11,0.0101,0.0014,0.000976,0.2235,True,🔗 Triple-Verified,3,21,4,0,CDR|FIR|Financial,23.3,235
PER-0036,Senthil Rajan,Person,Callee|Caller|Complainant|Mentioned|TransactionMobile|Victim,46.77666666666667,0.0091,0.0019,0.00114,0.2084,True,🔗 Triple-Verified,9,15,4,0,CDR|FIR|Financial,23.21,236
PER-0236,Durga Sekar,Person,Callee|Caller|Complainant|Mentioned|TransactionMobile|Victim,55.79333333333333,0.0095,0.0012,0.001144,0.2248,True,🔗 Triple-Verified,6,20,5,0,CDR|FIR|Financial,23.14,237
PER-0330,Indhu Sri,Person,Callee|Caller|Complainant|Mentioned|TransactionMobile|Victim,57.31333333333333,0.0101,0.0008,0.001128,0.2275,True,🔗 Triple-Verified,9,19,5,0,CDR|FIR|Financial,23.12,238
PER-0283,Nandhini Selvi,Person,Callee|Caller|Complainant|Mentioned|Victim,66.63333333333333,0.0105,0.0003,0.001312,0.2194,True,🔗 Cross-Verified,12,22,0,0,CDR|FIR,23.12,239
PER-0205,Ajith Sekar,Person,Callee|Caller|Complainant|Mentioned|TransactionMobile|Victim,52.28333333333333,0.0095,0.0014,0.00106,0.2249,True,🔗 Triple-Verified,6,18,5,0,CDR|FIR|Financial,23.12,240
PER-0251,Kishore Velan,Person,Callee|Caller|Complainant|Mentioned|TransactionMobile|Victim,47.916666666666664,0.0095,0.0015,0.001003,0.2234,True,🔗 Triple-Verified,6,20,4,0,CDR|FIR|Financial,23.0,241
PER-0311,Meena Krishnan,Person,Callee|Caller|Complainant|Mentioned|TransactionMobile|Victim,46.48333333333334,0.0091,0.0019,0.000961,0.2201,True,🔗 Triple-Verified,3,23,4,0,CDR|FIR|Financial,22.96,242
PER-0091,Vignesh Balan,Person,Associate|Callee|Caller|SocialMention|Suspect|TransactionMobile|Witness,66.71666666666667,0.0091,0.001,0.001291,0.2211,True,🔗 Quad-Verified,13,10,3,1,CDR|FIR|Financial|SocialMedia,22.89,243
ACC-0042,Syn-Acc-100034,Account,Financial|Receiver|Sender,45.026495,0.0088,0.001,0.001227,0.2346,True,🔗 Cross-Verified,1,0,18,0,FIR|Financial,22.88,244
PER-0372,Amudha Sri,Person,Callee|Caller|Complainant|Mentioned|TransactionMobile|Victim,38.54333333333334,0.0081,0.0029,0.000797,0.2178,True,🔗 Triple-Verified,6,19,1,0,CDR|FIR|Financial,22.85,245
PER-0150,Pavithra Kannan,Person,Callee|Caller|Complainant|Mentioned|TransactionMobile|Victim,49.2,0.0091,0.0017,0.000994,0.2216,True,🔗 Triple-Verified,3,23,4,0,CDR|FIR|Financial,22.84,246
PER-0344,Malathi Bai,Person,Callee|Caller|Complainant|Mentioned|TransactionMobile|Victim,47.29666666666666,0.0081,0.0024,0.001046,0.2114,True,🔗 Triple-Verified,3,21,3,0,CDR|FIR|Financial,22.81,247
PER-0099,Kavitha Selvam,Person,Callee|Caller|Complainant|Mentioned|TransactionMobile|Victim|Witness,49.89,0.0088,0.0019,0.000986,0.2198,True,🔗 Triple-Verified,10,18,3,0,CDR|FIR|Financial,22.77,248
LOC-0021,Mullai Colony Shopping Complex,Location,Incident|SocialMention,60.0,0.0112,0.0,0.00111,0.226,True,🔗 Cross-Verified,21,0,0,10,FIR|SocialMedia,22.77,249
PER-0227,Ezhilan Ramasamy,Person,Callee|Caller|SocialMention|Suspect|TransactionMobile,52.97666666666667,0.0091,0.0013,0.001121,0.2226,True,🔗 Quad-Verified,3,10,3,5,CDR|FIR|Financial|SocialMedia,22.75,250
PER-0178,Saravanan Anand,Person,Callee|Caller|SocialMention|Suspect|TransactionMobile,57.15666666666666,0.0091,0.0011,0.001194,0.2223,True,🔗 Quad-Verified,4,9,4,5,CDR|FIR|Financial|SocialMedia,22.72,251
PER-0050,Sudha Kannan,Person,Callee|Caller|Complainant|Mentioned|TransactionMobile|Victim,38.99666666666667,0.0081,0.0029,0.000777,0.2162,True,🔗 Triple-Verified,3,21,1,0,CDR|FIR|Financial,22.72,252
PER-0364,Janani Sekar,Person,Callee|Caller|Complainant|TransactionMobile|Victim,44.36999999999999,0.0098,0.0012,0.001021,0.2186,True,🔗 Triple-Verified,2,24,4,0,CDR|FIR|Financial,22.71,253
ACC-0070,Syn-Acc-100062,Account,Financial|Receiver|Sender,50.69825,0.0081,0.0009,0.001469,0.2261,True,🔗 Cross-Verified,2,0,16,0,FIR|Financial,22.7,254
PER-0185,Jagan Sekar,Person,Callee|Caller|Complainant|Mentioned|TransactionMobile|Victim,57.01,0.0095,0.0011,0.001092,0.2225,True,🔗 Triple-Verified,9,21,3,0,CDR|FIR|Financial,22.7,255
ACC-0010,Syn-Acc-100074,Account,Financial|Receiver|Sender,49.153079999999996,0.0081,0.001,0.001449,0.2226,True,🔗 Cross-Verified,1,0,17,0,FIR|Financial,22.65,256
PER-0318,Harish Anand,Person,Callee|Caller|Complainant|Mentioned|TransactionMobile|Victim,33.15,0.0074,0.0032,0.000761,0.2206,True,🔗 Triple-Verified,3,16,5,0,CDR|FIR|Financial,22.64,257
PER-0382,Gayathri Krishnan,Person,Callee|Caller|Complainant|Mentioned|TransactionMobile|Victim,34.57666666666667,0.0071,0.0033,0.000823,0.2173,True,🔗 Triple-Verified,3,17,4,0,CDR|FIR|Financial,22.63,258
PER-0102,Malathi Kumari,Person,Callee|Caller|Complainant|Mentioned|TransactionMobile|Victim,49.58,0.0088,0.0015,0.001023,0.2237,True,🔗 Triple-Verified,8,17,4,0,CDR|FIR|Financial,22.45,259
PER-0245,Senthil Prakash,Person,Callee|Caller|Complainant|Mentioned|TransactionMobile|Victim,51.440000000000005,0.0101,0.0008,0.001008,0.2208,True,🔗 Triple-Verified,6,23,3,0,CDR|FIR|Financial,22.4,260
LOC-0047,Mynthan Colony Main Street,Location,Incident|SocialMention,53.0,0.0108,0.0002,0.00102,0.225,True,🔗 Cross-Verified,18,0,0,8,FIR|SocialMedia,22.33,261
PER-0275,Harish Selvam,Person,Callee|Caller|Complainant|Mentioned|TransactionMobile|Victim,42.04666666666667,0.0088,0.0017,0.000909,0.2228,True,🔗 Triple-Verified,6,15,4,0,CDR|FIR|Financial,22.28,262
PER-0207,Murugan Babu,Person,Associate|Callee|Caller|SocialMention|TransactionMobile,37.24666666666666,0.0074,0.0027,0.00091,0.2155,True,🔗 Quad-Verified,5,11,7,5,CDR|FIR|Financial|SocialMedia,22.26,263
PER-0400,Hemanth Krishnan,Person,Callee|Caller|Complainant|Mentioned|TransactionMobile|Victim,37.29666666666667,0.0088,0.0017,0.00088,0.225,True,🔗 Triple-Verified,3,19,6,0,CDR|FIR|Financial,22.25,264
PER-0305,Sudha Bai,Person,Callee|Caller|Complainant|Mentioned|TransactionMobile|Victim,32.916666666666664,0.0074,0.0031,0.00073,0.2166,True,🔗 Triple-Verified,3,16,4,0,CDR|FIR|Financial,22.22,265
PER-0282,Yuvaraj Anand,Person,Callee|Caller|Complainant|Mentioned|TransactionMobile|Victim,27.560000000000002,0.0064,0.004,0.000648,0.2123,True,🔗 Triple-Verified,3,14,4,0,CDR|FIR|Financial,22.2,266
PER-0136,Durga Raman,Person,Callee|Caller|Complainant|Mentioned|TransactionMobile|Victim,58.59999999999999,0.0085,0.0013,0.001201,0.2137,True,🔗 Triple-Verified,9,18,3,0,CDR|FIR|Financial,22.18,267
PER-0181,Abirami Raj,Person,Callee|Caller|SocialMention|Suspect|TransactionMobile,66.53,0.0088,0.0007,0.001326,0.218,True,🔗 Quad-Verified,4,8,3,2,CDR|FIR|Financial|SocialMedia,22.18,268
PER-0306,Dharani Selvam,Person,Callee|Caller|SocialMention|Suspect|TransactionMobile,51.586666666666666,0.0085,0.0014,0.001059,0.2237,True,🔗 Quad-Verified,3,13,5,3,CDR|FIR|Financial|SocialMedia,22.16,269
PER-0356,Senthil Natarajan,Person,Callee|Caller|SocialMention|Suspect|TransactionMobile,68.5,0.0081,0.0007,0.001474,0.2193,True,🔗 Quad-Verified,5,4,6,4,CDR|FIR|Financial|SocialMedia,22.16,270
PER-0089,Praveen Sekar,Person,Associate|Callee|Caller|SocialMention|Suspect|TransactionMobile,52.150000000000006,0.0085,0.0015,0.001167,0.208,True,🔗 Quad-Verified,5,8,3,4,CDR|FIR|Financial|SocialMedia,22.14,271
PER-0332,Vasanthi Ammal,Person,Callee|Caller|Complainant|Mentioned|TransactionMobile|Victim,47.75666666666666,0.0088,0.0015,0.000957,0.2219,True,🔗 Triple-Verified,6,17,4,0,CDR|FIR|Financial,22.13,272
PER-0371,Bhuvana Kannan,Person,Callee|Caller|Complainant|TransactionMobile|Victim,28.900000000000002,0.0064,0.0038,0.000641,0.2191,True,🔗 Triple-Verified,2,12,5,0,CDR|FIR|Financial,22.12,273
PER-0214,Dharani Anand,Person,Callee|Caller|Complainant|Mentioned|TransactionMobile|Victim|Witness,54.14666666666667,0.0088,0.001,0.001091,0.2253,True,🔗 Triple-Verified,17,10,4,0,CDR|FIR|Financial,22.01,274
PER-0252,Kalaiselvi Sri,Person,Callee|Caller|Complainant|TransactionMobile|Victim,37.14333333333333,0.0091,0.0016,0.000778,0.2244,True,🔗 Triple-Verified,2,23,3,0,CDR|FIR|Financial,21.96,275
PER-0331,Sanjay Velan,Person,Callee|Caller|SocialMention|Suspect|TransactionMobile,40.14,0.0081,0.002,0.000864,0.2234,True,🔗 Quad-Verified,2,9,7,4,CDR|FIR|Financial|SocialMedia,21.95,276
PER-0012,Thirumal Palanisamy,Person,Callee|Caller|SocialMention|Suspect|TransactionMobile,42.13,0.0074,0.0023,0.000911,0.2226,True,🔗 Quad-Verified,2,10,4,1,CDR|FIR|Financial|SocialMedia,21.92,277
PER-0360,Sanjay Palanisamy,Person,Callee|Caller|SocialMention|Suspect|TransactionMobile,66.09,0.0091,0.0004,0.001285,0.22,True,🔗 Quad-Verified,4,11,2,5,CDR|FIR|Financial|SocialMedia,21.91,278
ACC-0033,Syn-Acc-100081,Account,Financial|Receiver|Sender,32.48184500000001,0.0088,0.0013,0.000979,0.2215,True,🔗 Cross-Verified,2,0,16,0,FIR|Financial,21.89,279
PER-0250,Vasanthi Kannan,Person,Callee|Caller|Complainant|Mentioned|TransactionMobile|Victim,31.67,0.0064,0.0039,0.000643,0.2071,True,🔗 Triple-Verified,4,14,1,0,CDR|FIR|Financial,21.83,280
ACC-0009,Syn-Acc-100063,Account,Financial|Receiver|Sender,46.79032000000001,0.0074,0.0009,0.001429,0.2238,True,🔗 Cross-Verified,1,0,17,0,FIR|Financial,21.82,281
PER-0018,Hemanth Murugan,Person,Callee|Caller|Complainant|Mentioned|TransactionMobile|Victim,61.056666666666665,0.0088,0.0009,0.001183,0.2144,True,🔗 Triple-Verified,12,16,2,0,CDR|FIR|Financial,21.8,282
PER-0216,Kalaiselvi Raman,Person,Callee|Caller|Complainant|Mentioned|TransactionMobile|Victim,52.04,0.0091,0.001,0.00106,0.2148,True,🔗 Triple-Verified,8,19,3,0,CDR|FIR|Financial,21.77,283
PER-0007,Babu Rajan,Person,Callee|Caller|Complainant|Mentioned|TransactionMobile|Victim|Witness,39.54666666666667,0.0091,0.0013,0.00088,0.2212,True,🔗 Triple-Verified,12,14,3,0,CDR|FIR|Financial,21.77,284
ACC-0011,Syn-Acc-100075,Account,Financial|Receiver|Sender,45.115435000000005,0.0068,0.0011,0.001533,0.2157,True,🔗 Cross-Verified,1,0,12,0,FIR|Financial,21.67,285
PER-0176,Jagan Shankar,Person,Callee|Caller|Complainant|Mentioned|TransactionMobile|Victim,37.82333333333333,0.0078,0.0021,0.000875,0.2161,True,🔗 Triple-Verified,3,19,2,0,CDR|FIR|Financial,21.59,286
PER-0350,Priya Raman,Person,Callee|Caller|Complainant|Mentioned|TransactionMobile|Victim,39.32999999999999,0.0085,0.0018,0.000786,0.2203,True,🔗 Triple-Verified,3,22,2,0,CDR|FIR|Financial,21.59,287
PER-0370,Kavitha Sri,Person,Associate|Callee|Caller|SocialMention|TransactionMobile,43.50666666666667,0.0081,0.0015,0.001018,0.2176,True,🔗 Quad-Verified,4,14,5,1,CDR|FIR|Financial|SocialMedia,21.56,288
PER-0229,Kannan Muthu,Person,Callee|Caller|Complainant|Mentioned|TransactionMobile|Victim,47.18999999999999,0.0081,0.0014,0.001043,0.2178,True,🔗 Triple-Verified,6,16,4,0,CDR|FIR|Financial,21.51,289
PER-0200,Dharani Shankar,Person,Callee|Caller|Complainant|Mentioned|TransactionMobile|Victim,43.74,0.0085,0.0013,0.000916,0.2241,True,🔗 Triple-Verified,8,16,4,0,CDR|FIR|Financial,21.47,290
PER-0300,Logesh Subramani,Person,Callee|Caller|SocialMention|Suspect|TransactionMobile,62.46,0.0088,0.0003,0.001213,0.227,True,🔗 Quad-Verified,5,5,6,5,CDR|FIR|Financial|SocialMedia,21.47,291
PER-0210,Harish Mani,Person,Callee|Caller|Complainant|Mentioned|TransactionMobile|Victim|Witness,31.34,0.0081,0.0022,0.000713,0.217,True,🔗 Triple-Verified,9,13,5,0,CDR|FIR|Financial,21.43,292
PER-0281,Ganesh Subramani,Person,Callee|Caller|Complainant|Mentioned|TransactionMobile|Victim,53.46999999999999,0.0095,0.0004,0.001094,0.2168,True,🔗 Triple-Verified,6,20,3,0,CDR|FIR|Financial,21.42,293
PER-0297,Karthik Balan,Person,Callee|Caller|SocialMention|Suspect|TransactionMobile,61.346666666666664,0.0081,0.0008,0.001274,0.2158,True,🔗 Quad-Verified,6,8,3,4,CDR|FIR|Financial|SocialMedia,21.41,294
PER-0379,Gopal Mani,Person,Callee|Caller|SocialMention|Suspect|TransactionMobile,66.97,0.0085,0.0004,0.001292,0.2204,True,🔗 Quad-Verified,3,11,5,2,CDR|FIR|Financial|SocialMedia,21.41,295
PER-0201,Praveen Kumar,Person,Callee|Caller|Complainant|Mentioned|TransactionMobile|Victim,43.88666666666666,0.0085,0.0012,0.000972,0.2204,True,🔗 Triple-Verified,7,13,4,0,CDR|FIR|Financial,21.4,296
PER-0035,Nandhini Sekar,Person,Callee|Caller|Complainant|Mentioned|TransactionMobile|Victim,51.55333333333334,0.0091,0.0008,0.000986,0.2204,True,🔗 Triple-Verified,8,19,2,0,CDR|FIR|Financial,21.39,297
PER-0373,Anand Muthu,Person,Associate|Callee|Caller|SocialMention|Suspect|TransactionMobile,43.73,0.0085,0.0012,0.000951,0.2173,True,🔗 Quad-Verified,3,12,4,2,CDR|FIR|Financial|SocialMedia,21.2,298
PER-0153,Sathish Kumar,Person,Callee|Caller|Complainant|Mentioned|TransactionMobile|Victim,41.89666666666667,0.0085,0.0012,0.000878,0.2233,True,🔗 Triple-Verified,6,16,5,0,CDR|FIR|Financial,21.14,299
ACC-0076,Syn-Acc-100050,Account,Financial|Receiver|Sender,50.58887999999999,0.0071,0.0006,0.001446,0.2229,True,🔗 Cross-Verified,1,0,14,0,FIR|Financial,21.12,300
PER-0128,Durga Bai,Person,Callee|Caller|Complainant|Mentioned|TransactionMobile|Victim,57.209999999999994,0.0085,0.0004,0.001216,0.2199,True,🔗 Triple-Verified,8,18,2,0,CDR|FIR|Financial,21.09,301
PER-0025,Bhuvana Bai,Person,Callee|Caller|Complainant|Mentioned|TransactionMobile|Victim,56.01666666666666,0.0091,0.0004,0.001066,0.2189,True,🔗 Triple-Verified,8,18,2,0,CDR|FIR|Financial,21.03,302
ACC-0028,Syn-Acc-100079,Account,Financial|Receiver|Sender,28.879805000000005,0.0078,0.0012,0.001048,0.219,True,🔗 Cross-Verified,1,0,14,0,FIR|Financial,21.0,303
PER-0378,Senthil Raman,Person,Callee|Caller|Complainant|Mentioned|TransactionMobile|Victim,38.46333333333333,0.0081,0.0015,0.000813,0.2232,True,🔗 Triple-Verified,3,18,5,0,CDR|FIR|Financial,20.98,304
PER-0008,Lokesh Karuppasamy,Person,Associate|Callee|Caller|SocialMention|TransactionMobile,21.756666666666668,0.0058,0.0038,0.000618,0.2055,True,🔗 Quad-Verified,2,10,5,4,CDR|FIR|Financial|SocialMedia,20.97,305
PER-0366,Deepak Muthu,Person,Callee|Caller|Complainant|Mentioned|TransactionMobile|Victim,40.37999999999999,0.0088,0.0011,0.000823,0.2206,True,🔗 Triple-Verified,3,21,2,0,CDR|FIR|Financial,20.95,306
PER-0401,Harini Selvam,Person,Callee|Caller|Complainant|Mentioned|TransactionMobile|Victim,40.723333333333336,0.0078,0.0018,0.000824,0.2161,True,🔗 Triple-Verified,3,21,1,0,CDR|FIR|Financial,20.94,307
PER-0225,Lakshmi Krishnan,Person,Callee|Caller|Complainant|Mentioned|TransactionMobile|Victim,46.470000000000006,0.0091,0.0006,0.000909,0.2245,True,🔗 Triple-Verified,3,22,4,0,CDR|FIR|Financial,20.94,308
PER-0294,Chithra Ammal,Person,Callee|Caller|Complainant|Mentioned|TransactionMobile|Victim,36.306666666666665,0.0078,0.0019,0.000776,0.2167,True,🔗 Triple-Verified,4,17,3,0,CDR|FIR|Financial,20.93,309
PER-0397,Buvaneswari Rani,Person,Callee|Caller|Complainant|Mentioned|TransactionMobile|Victim,40.56000000000001,0.0081,0.0015,0.000831,0.2197,True,🔗 Triple-Verified,3,19,2,0,CDR|FIR|Financial,20.92,310
PER-0114,Elango Selvam,Person,Associate|Callee|Caller|SocialMention|TransactionMobile,26.763333333333335,0.0064,0.003,0.00064,0.2187,True,🔗 Quad-Verified,1,10,7,4,CDR|FIR|Financial|SocialMedia,20.88,311
PER-0221,Nithin Murugan,Person,Callee|Caller|SocialMention|Suspect|TransactionMobile,59.01666666666667,0.0081,0.0002,0.001286,0.2243,True,🔗 Quad-Verified,4,9,4,4,CDR|FIR|Financial|SocialMedia,20.86,312
PER-0333,Kishore Chandran,Person,Callee|Caller|Complainant|TransactionMobile|Victim,37.25333333333334,0.0081,0.0015,0.000751,0.225,True,🔗 Triple-Verified,2,19,3,0,CDR|FIR|Financial,20.81,313
PER-0380,Eswari Sri,Person,Callee|Caller|Complainant|Mentioned|TransactionMobile|Victim,52.883333333333326,0.0085,0.0007,0.001062,0.2147,True,🔗 Triple-Verified,6,20,2,0,CDR|FIR|Financial,20.76,314
PER-0298,Suresh Selvam,Person,Associate|Callee|Caller|SocialMention|TransactionMobile,36.0,0.0074,0.0019,0.000796,0.2175,True,🔗 Quad-Verified,2,14,4,5,CDR|FIR|Financial|SocialMedia,20.67,315
ACC-0002,Syn-Acc-100070,Account,Financial|Receiver|Sender,49.3805,0.0074,0.0007,0.001254,0.2184,True,🔗 Cross-Verified,3,0,11,0,FIR|Financial,20.64,316
PER-0059,Suresh Pandian,Person,Callee|Caller|Complainant|Mentioned|TransactionMobile|Victim,38.21666666666667,0.0081,0.0013,0.000809,0.2226,True,🔗 Triple-Verified,3,18,5,0,CDR|FIR|Financial,20.64,317
PER-0276,Harish Subramani,Person,Callee|Caller|Complainant|Mentioned|TransactionMobile|Victim,38.21,0.0068,0.0023,0.00078,0.2163,True,🔗 Triple-Verified,6,15,1,0,CDR|FIR|Financial,20.63,318
PER-0243,Bharath Selvam,Person,Callee|Caller|SocialMention|Suspect|TransactionMobile,42.02,0.0074,0.0017,0.000891,0.2141,True,🔗 Quad-Verified,3,11,4,3,CDR|FIR|Financial|SocialMedia,20.6,319
PER-0285,Saravanan Gopal,Person,Callee|Caller|Complainant|Mentioned|TransactionMobile|Victim,57.28666666666666,0.0088,0.0001,0.001158,0.2174,True,🔗 Triple-Verified,6,18,2,0,CDR|FIR|Financial,20.59,320
PER-0264,Gayathri Raman,Person,Callee|Caller|Complainant|Mentioned|TransactionMobile|Victim,47.02666666666667,0.0078,0.0012,0.000932,0.219,True,🔗 Triple-Verified,6,17,3,0,CDR|FIR|Financial,20.55,321
PER-0302,Buvaneswari Murugan,Person,Callee|Caller|Complainant|Mentioned|TransactionMobile|Victim,36.06333333333333,0.0068,0.0019,0.00092,0.2142,True,🔗 Triple-Verified,3,14,4,0,CDR|FIR|Financial,20.48,322
PER-0132,Arjun Shankar,Person,Callee|Caller|SocialMention|Suspect|TransactionMobile,68.51333333333334,0.0081,0.0001,0.001286,0.2184,True,🔗 Quad-Verified,6,7,2,5,CDR|FIR|Financial|SocialMedia,20.48,323
PER-0194,Rakesh Gopal,Person,Callee|Caller|SocialMention|Suspect|TransactionMobile,60.953333333333326,0.0078,0.0003,0.001224,0.2234,True,🔗 Quad-Verified,4,8,4,6,CDR|FIR|Financial|SocialMedia,20.46,324
ACC-0004,Syn-Acc-100024,Account,Financial|Receiver|Sender,50.228759999999994,0.0064,0.0009,0.001397,0.2126,True,🔗 Cross-Verified,3,0,12,0,FIR|Financial,20.36,325
PER-0296,Praveen Raman,Person,Callee|Caller|Complainant|Mentioned|TransactionMobile|Victim,35.29666666666667,0.0078,0.0018,0.000738,0.2095,True,🔗 Triple-Verified,3,19,2,0,CDR|FIR|Financial,20.36,326
PER-0072,Buvaneswari Kannan,Person,Callee|Caller|Complainant|Mentioned|TransactionMobile|Victim,46.92333333333334,0.0081,0.0009,0.000965,0.2155,True,🔗 Triple-Verified,8,16,4,0,CDR|FIR|Financial,20.36,327
PER-0016,Sanjay Mani,Person,Associate|Callee|Caller|TransactionMobile,52.986666666666665,0.0081,0.0007,0.00103,0.2168,True,🔗 Triple-Verified,9,13,2,0,CDR|FIR|Financial,20.35,328
PER-0087,Anand Krishnan,Person,Callee|Caller|SocialMention|Suspect|TransactionMobile,46.916666666666664,0.0074,0.0014,0.001,0.2081,True,🔗 Quad-Verified,4,9,3,6,CDR|FIR|Financial|SocialMedia,20.34,329
PER-0390,Vidhya Sri,Person,Callee|Caller|Complainant|Mentioned|TransactionMobile|Victim,38.59,0.0081,0.0011,0.000793,0.2237,True,🔗 Triple-Verified,3,18,3,0,CDR|FIR|Financial,20.31,330
PER-0241,Malathi Ammal,Person,Callee|Caller|Complainant|Mentioned|TransactionMobile|Victim,42.736666666666665,0.0078,0.001,0.00095,0.2171,True,🔗 Triple-Verified,6,17,3,0,CDR|FIR|Financial,20.24,331
PER-0395,Udhay Ramasamy,Person,Callee|Caller|Complainant|Mentioned|TransactionMobile|Victim,40.25666666666667,0.0085,0.0009,0.000812,0.2178,True,🔗 Triple-Verified,3,21,2,0,CDR|FIR|Financial,20.22,332
PER-0204,Keerthana Sri,Person,Callee|Caller|Complainant|Mentioned|TransactionMobile|Victim,35.303333333333335,0.0074,0.0015,0.00087,0.2137,True,🔗 Triple-Verified,6,10,7,0,CDR|FIR|Financial,20.2,333
PER-0232,Yogesh Raman,Person,Callee|Caller|Complainant|Mentioned|TransactionMobile|Victim,42.669999999999995,0.0085,0.0005,0.000908,0.2221,True,🔗 Triple-Verified,3,18,5,0,CDR|FIR|Financial,20.14,334
PER-0398,Sanjay Shankar,Person,Callee|Caller|SocialMention|Suspect|TransactionMobile,30.523333333333333,0.0071,0.0018,0.000769,0.2173,True,🔗 Quad-Verified,1,11,7,4,CDR|FIR|Financial|SocialMedia,20.13,335
PER-0198,Mohan Sekar,Person,Callee|Caller|SocialMention|Suspect|TransactionMobile,36.22333333333333,0.0068,0.0014,0.000958,0.2211,True,🔗 Quad-Verified,2,5,8,1,CDR|FIR|Financial|SocialMedia,20.12,336
LOC-0012,Nallur Garden Residential Colony,Location,Incident|SocialMention,47.0,0.0095,0.0,0.000883,0.2202,True,🔗 Cross-Verified,16,0,0,14,FIR|SocialMedia,20.12,337
PER-0273,Lakshmi Raman,Person,Callee|Caller|Complainant|Mentioned|TransactionMobile|Victim,45.90666666666667,0.0078,0.001,0.000906,0.2173,True,🔗 Triple-Verified,6,18,1,0,CDR|FIR|Financial,20.08,338
LOC-0041,Selvapuram Puram Main Street,Location,Incident|SocialMention,49.0,0.0091,0.0001,0.000904,0.2189,True,🔗 Cross-Verified,17,0,0,13,FIR|SocialMedia,19.94,339
PER-0122,Abirami Sri,Person,Callee|Caller|Victim|Witness,35.403333333333336,0.0078,0.0015,0.000705,0.2135,True,🔗 Cross-Verified,8,9,0,0,CDR|FIR,19.92,340
PER-0126,Mythili Selvi,Person,Callee|Caller|Complainant|Mentioned|TransactionMobile|Victim,41.27666666666667,0.0085,0.0005,0.000846,0.2189,True,🔗 Triple-Verified,5,19,2,0,CDR|FIR|Financial,19.78,341
PER-0347,Bharath Balan,Person,Callee|Caller|SocialMention|Suspect|TransactionMobile,38.35,0.0068,0.0013,0.000966,0.2137,True,🔗 Quad-Verified,2,7,5,4,CDR|FIR|Financial|SocialMedia,19.72,342
ACC-0075,Syn-Acc-100092,Account,Financial|Receiver|Sender,44.61587,0.0061,0.0007,0.001311,0.2183,True,🔗 Cross-Verified,1,0,12,0,FIR|Financial,19.66,343
PER-0026,Hariharan Subramani,Person,Associate|Callee|Caller|SocialMention|Suspect|TransactionMobile,44.36666666666667,0.0061,0.0018,0.000918,0.2136,True,🔗 Quad-Verified,6,10,1,3,CDR|FIR|Financial|SocialMedia,19.65,344
PER-0167,Saravanan Selvam,Person,Callee|Caller|Complainant|TransactionMobile|Victim,39.06666666666666,0.0071,0.0013,0.000838,0.2169,True,🔗 Triple-Verified,2,16,4,0,CDR|FIR|Financial,19.62,345
PER-0267,Siva Selvam,Person,Associate|Callee|Caller|SocialMention|TransactionMobile,38.00333333333333,0.0071,0.0012,0.00085,0.217,True,🔗 Quad-Verified,5,10,4,4,CDR|FIR|Financial|SocialMedia,19.52,346
PER-0084,Gokul Gopal,Person,Callee|Caller|SocialMention|Suspect|TransactionMobile,44.943333333333335,0.0071,0.0009,0.000995,0.2138,True,🔗 Quad-Verified,3,5,4,4,CDR|FIR|Financial|SocialMedia,19.5,347
PER-0248,Gokul Karuppasamy,Person,Callee|Caller|Complainant|Mentioned|TransactionMobile|Victim,29.543333333333333,0.0074,0.0015,0.000687,0.2139,True,🔗 Triple-Verified,3,19,2,0,CDR|FIR|Financial,19.5,348
PER-0058,Revathi Ammal,Person,Associate|Callee|Caller|SocialMention|TransactionMobile,30.240000000000002,0.0068,0.0016,0.000722,0.2203,True,🔗 Quad-Verified,2,10,5,6,CDR|FIR|Financial|SocialMedia,19.48,349
PER-0384,Naveen Muthu,Person,Associate|Callee|Caller|SocialMention|TransactionMobile,23.486666666666668,0.0058,0.0028,0.00055,0.2128,True,🔗 Quad-Verified,1,11,4,6,CDR|FIR|Financial|SocialMedia,19.46,350
ACC-0032,Syn-Acc-100048,Account,Financial|Receiver|Sender,30.666690000000003,0.0064,0.0014,0.000928,0.2158,True,🔗 Cross-Verified,2,0,12,0,FIR|Financial,19.44,351
ACC-0078,Syn-Acc-100093,Account,Financial|Receiver|Sender,29.690749999999998,0.0061,0.0011,0.001076,0.2196,True,🔗 Cross-Verified,1,0,15,0,FIR|Financial,19.42,352
PER-0107,Mathan Arumugam,Person,Callee|Caller|Complainant|TransactionMobile|Victim,26.95,0.0064,0.002,0.000742,0.2084,True,🔗 Triple-Verified,2,10,6,0,CDR|FIR|Financial,19.36,353
ACC-0074,Syn-Acc-100091,Account,Financial|Receiver|Sender,42.640699999999995,0.0064,0.0006,0.00119,0.2168,True,🔗 Cross-Verified,1,0,14,0,FIR|Financial,19.26,354
PER-0033,Vignesh Natarajan,Person,Callee|Caller|SocialMention|Suspect|TransactionMobile,35.400000000000006,0.0071,0.0009,0.000925,0.2145,True,🔗 Quad-Verified,2,6,8,5,CDR|FIR|Financial|SocialMedia,19.25,355
PER-0287,Venkat Prakash,Person,Callee|Caller|SocialMention|Suspect|TransactionMobile,46.489999999999995,0.0071,0.0005,0.00105,0.2176,True,🔗 Quad-Verified,2,8,4,10,CDR|FIR|Financial|SocialMedia,19.24,356
LOC-0006,Nallur Park Main Street,Location,Incident|SocialMention,46.0,0.0085,0.0001,0.000888,0.2158,True,🔗 Cross-Verified,16,0,0,12,FIR|SocialMedia,19.22,357
PER-0112,Eswari Raj,Person,Callee|Caller|SocialMention|Suspect|TransactionMobile,56.913333333333334,0.0071,0.0002,0.001172,0.2166,True,🔗 Quad-Verified,5,6,1,3,CDR|FIR|Financial|SocialMedia,19.21,358
ACC-0079,Syn-Acc-100094,Account,Financial|Receiver|Sender,24.597495000000006,0.0064,0.0014,0.000823,0.2203,True,🔗 Cross-Verified,1,0,12,0,FIR|Financial,19.2,359
PER-0375,Inban Babu,Person,Callee|Caller|Complainant|Mentioned|TransactionMobile|Victim,41.88666666666667,0.0074,0.0007,0.000865,0.2199,True,🔗 Triple-Verified,3,17,2,0,CDR|FIR|Financial,19.19,360
PER-0066,Sudha Sekar,Person,Callee|Caller|Complainant|TransactionMobile|Victim,31.97333333333333,0.0078,0.0008,0.000712,0.2208,True,🔗 Triple-Verified,2,18,5,0,CDR|FIR|Financial,19.16,361
PER-0131,Chithra Raj,Person,Callee|Caller|Complainant|Mentioned|TransactionMobile|Victim,37.120000000000005,0.0074,0.0011,0.000759,0.2135,True,🔗 Triple-Verified,6,15,3,0,CDR|FIR|Financial,19.15,362
PER-0374,Lokesh Murugan,Person,Callee|Caller|Complainant|Mentioned|TransactionMobile|Victim,30.793333333333333,0.0071,0.0015,0.000709,0.2084,True,🔗 Triple-Verified,3,20,1,0,CDR|FIR|Financial,19.11,363
ACC-0065,Syn-Acc-100061,Account,Financial|Receiver|Sender,40.23214,0.0054,0.0009,0.001329,0.2097,True,🔗 Cross-Verified,1,0,11,0,FIR|Financial,19.07,364
PER-0308,Kannan Shankar,Person,Callee|Caller|SocialMention|Suspect|TransactionMobile,47.983333333333334,0.0074,0.0004,0.000943,0.2174,True,🔗 Quad-Verified,3,9,2,5,CDR|FIR|Financial|SocialMedia,18.94,365
PER-0156,Kumaran Anand,Person,Callee|Caller|Victim,27.26333333333333,0.0068,0.0019,0.000546,0.2114,True,🔗 Cross-Verified,1,18,0,0,CDR|FIR,18.93,366
PER-0231,Indhu Murugan,Person,Callee|Caller|Complainant|Mentioned|TransactionMobile|Victim,36.526666666666664,0.0074,0.0008,0.000803,0.2149,True,🔗 Triple-Verified,3,17,4,0,CDR|FIR|Financial,18.92,367
PER-0381,Priya Selvi,Person,Callee|Caller|Complainant|Mentioned|TransactionMobile|Victim,37.3,0.0071,0.0011,0.000751,0.2137,True,🔗 Triple-Verified,3,17,2,0,CDR|FIR|Financial,18.86,368
PER-0392,Buvaneswari Devi,Person,Callee|Caller|Complainant|Mentioned|TransactionMobile|Victim,32.763333333333335,0.0068,0.0015,0.000708,0.2086,True,🔗 Triple-Verified,3,15,2,0,CDR|FIR|Financial,18.84,369
ACC-0026,Syn-Acc-100046,Account,Financial|Receiver|Sender,35.09747,0.0061,0.0006,0.001128,0.218,True,🔗 Cross-Verified,1,0,13,0,FIR|Financial,18.79,370
PER-0162,Karthik Thangaraj,Person,Callee|Caller|SocialMention|Suspect|TransactionMobile,39.21333333333334,0.0054,0.0017,0.000961,0.207,True,🔗 Quad-Verified,3,5,4,3,CDR|FIR|Financial|SocialMedia,18.78,371
PER-0070,Arun Muthu,Person,Associate|Callee|Caller|SocialMention|TransactionMobile,33.55,0.0068,0.001,0.000817,0.216,True,🔗 Quad-Verified,3,11,6,5,CDR|FIR|Financial|SocialMedia,18.77,372
ACC-0034,Syn-Acc-100013,Account,Financial|Receiver|Sender,25.694840000000003,0.0064,0.0013,0.000748,0.2204,True,🔗 Cross-Verified,1,0,12,0,FIR|Financial,18.76,373
PER-0138,Abirami Kannan,Person,Complainant|Mentioned,24.486666666666665,0.0061,0.0022,0.00052,0.2143,False,📄 Single-Source,2,0,0,0,FIR,18.76,374
PER-0345,Sanjay Anand,Person,Callee|Caller|SocialMention|Suspect|TransactionMobile,46.92,0.0068,0.0007,0.001039,0.2047,True,🔗 Quad-Verified,4,10,1,4,CDR|FIR|Financial|SocialMedia,18.74,375
ACC-0069,Syn-Acc-100049,Account,Financial|Receiver|Sender,36.26776999999999,0.0061,0.0007,0.001114,0.2137,True,🔗 Cross-Verified,1,0,11,0,FIR|Financial,18.73,376
PER-0326,Gopal Balan,Person,Callee|Caller|Victim,26.023333333333333,0.0068,0.0018,0.000528,0.2119,True,🔗 Cross-Verified,1,17,0,0,CDR|FIR,18.72,377
PER-0335,Jeeva Krishnan,Person,Callee|Caller|Complainant|Mentioned|TransactionMobile|Victim,33.61333333333333,0.0071,0.001,0.000758,0.213,True,🔗 Triple-Verified,3,15,4,0,CDR|FIR|Financial,18.7,378
PER-0309,Sathish Ramasamy,Person,Callee|Caller|SocialMention|Suspect|TransactionMobile,39.236666666666665,0.0068,0.0008,0.000865,0.2154,True,🔗 Quad-Verified,2,8,4,3,CDR|FIR|Financial|SocialMedia,18.63,379
PER-0361,Abirami Rani,Person,Associate|Callee|Caller|SocialMention|TransactionMobile,24.473333333333336,0.0061,0.0019,0.000544,0.2184,True,🔗 Quad-Verified,1,11,5,4,CDR|FIR|Financial|SocialMedia,18.54,380
PER-0116,Latha Sekar,Person,Callee|Caller|Complainant|Mentioned|TransactionMobile|Victim,42.25333333333333,0.0074,0.0004,0.000822,0.2189,True,🔗 Triple-Verified,7,15,2,0,CDR|FIR|Financial,18.53,381
PER-0217,Sathish Subramani,Person,Associate|Callee|Caller|SocialMention|Suspect|TransactionMobile,30.866666666666667,0.0058,0.0015,0.0008,0.2143,True,🔗 Quad-Verified,3,5,4,3,CDR|FIR|Financial|SocialMedia,18.49,382
ACC-0054,Syn-Acc-100087,Account,Financial|Receiver|Sender,23.958745,0.0064,0.0009,0.00082,0.222,True,🔗 Cross-Verified,1,0,11,0,FIR|Financial,18.49,383
PER-0242,Ganesh Selvam,Person,Callee|Caller|SocialMention|Suspect|TransactionMobile,34.35333333333333,0.0061,0.0012,0.000811,0.2166,True,🔗 Quad-Verified,1,11,5,4,CDR|FIR|Financial|SocialMedia,18.44,384
ACC-0050,Syn-Acc-100086,Account,Financial|Receiver|Sender,33.247655,0.0051,0.0011,0.001144,0.2103,True,🔗 Cross-Verified,1,0,10,0,FIR|Financial,18.42,385
ACC-0017,Syn-Acc-100001,Account,Financial|Receiver|Sender,27.641144999999998,0.0061,0.001,0.000899,0.2139,True,🔗 Cross-Verified,2,0,10,0,FIR|Financial,18.37,386
PER-0386,Bharathi Sri,Person,Complainant|Mentioned,27.259999999999998,0.0064,0.0013,0.000651,0.219,False,📄 Single-Source,2,0,0,0,FIR,18.34,387
PER-0006,Meena Sekar,Person,Associate|Callee|Caller|SocialMention|TransactionMobile|Witness,28.78,0.0058,0.0019,0.000665,0.2073,True,🔗 Quad-Verified,6,7,3,3,CDR|FIR|Financial|SocialMedia,18.32,388
PER-0316,Mohan Ramasamy,Person,Callee|Caller|SocialMention|Suspect|TransactionMobile,37.10333333333334,0.0068,0.0006,0.000771,0.2232,True,🔗 Quad-Verified,3,7,5,3,CDR|FIR|Financial|SocialMedia,18.25,389
ACC-0048,Syn-Acc-100085,Account,Financial|Receiver|Sender,36.727624999999996,0.0054,0.0008,0.001105,0.2142,True,🔗 Cross-Verified,1,0,10,0,FIR|Financial,18.23,390
PER-0280,Sanjay Gopal,Person,Callee|Caller|SocialMention|Suspect|TransactionMobile,37.91000000000001,0.0064,0.001,0.000824,0.2107,True,🔗 Quad-Verified,3,8,3,3,CDR|FIR|Financial|SocialMedia,18.23,391
PER-0218,Arun Mani,Person,Callee|Caller|Complainant|Mentioned|TransactionMobile|Victim,31.246666666666666,0.0064,0.0009,0.000758,0.2201,True,🔗 Triple-Verified,3,10,7,0,CDR|FIR|Financial,18.18,392
ACC-0084,Syn-Acc-100039,Account,Financial|Receiver|Sender,37.598845000000004,0.0058,0.0005,0.001051,0.2208,True,🔗 Cross-Verified,2,0,11,0,FIR|Financial,18.18,393
PER-0173,Manoj Karuppasamy,Person,Callee|Caller|Witness,29.630000000000003,0.0064,0.0015,0.000608,0.2112,True,🔗 Cross-Verified,5,13,0,0,CDR|FIR,18.18,394
PER-0399,Praveen Shankar,Person,Callee|Caller|Complainant|Mentioned|TransactionMobile|Victim,28.28333333333333,0.0061,0.0015,0.000597,0.2191,True,🔗 Triple-Verified,3,12,4,0,CDR|FIR|Financial,18.16,395
PER-0336,Inban Palanisamy,Person,Callee|Caller|Complainant|Mentioned|TransactionMobile|Victim,32.620000000000005,0.0068,0.001,0.000735,0.208,True,🔗 Triple-Verified,3,17,2,0,CDR|FIR|Financial,18.15,396
PER-0199,Sudha Rani,Person,Complainant|Mentioned,20.16,0.0058,0.0019,0.000496,0.2187,False,📄 Single-Source,2,0,0,0,FIR,18.1,397
ACC-0060,Syn-Acc-100040,Account,Financial|Receiver|Sender,28.584455,0.0054,0.0011,0.000908,0.2181,True,🔗 Cross-Verified,1,0,11,0,FIR|Financial,18.07,398
ACC-0083,Syn-Acc-100096,Account,Financial|Receiver|Sender,31.372580000000003,0.0068,0.0003,0.000833,0.2238,True,🔗 Cross-Verified,1,0,12,0,FIR|Financial,18.06,399
PER-0017,Tamilarasan Velan,Person,Callee|Caller|Witness,37.93666666666667,0.0074,0.0005,0.000726,0.2107,True,🔗 Cross-Verified,4,15,0,0,CDR|FIR,18.0,400
PER-0219,Kishore Krishnan,Person,Callee|Caller|Complainant|Mentioned|Victim,29.850000000000005,0.0064,0.0013,0.000625,0.2121,True,🔗 Cross-Verified,3,16,0,0,CDR|FIR,17.98,401
ACC-0041,Syn-Acc-100032,Account,Financial|Receiver|Sender,36.225049999999996,0.0064,0.0004,0.000943,0.2159,True,🔗 Cross-Verified,3,0,11,0,FIR|Financial,17.97,402
PER-0164,Malathi Selvi,Person,Callee|Caller|Complainant|Mentioned|TransactionMobile|Victim,27.21333333333333,0.0068,0.0009,0.000645,0.216,True,🔗 Triple-Verified,5,15,3,0,CDR|FIR|Financial,17.95,403
PER-0062,Pandian Balan,Person,Callee|Caller|Witness,33.25666666666666,0.0078,0.0004,0.000643,0.2122,True,🔗 Cross-Verified,4,15,0,0,CDR|FIR,17.95,404
ACC-0008,Syn-Acc-100073,Account,Financial|Receiver|Sender,35.278975,0.0054,0.0006,0.001049,0.2195,True,🔗 Cross-Verified,1,0,12,0,FIR|Financial,17.91,405
PER-0069,Jagan Anand,Person,Callee|Caller|SocialMention|Suspect|TransactionMobile,38.11333333333334,0.0064,0.0007,0.00085,0.2117,True,🔗 Quad-Verified,2,10,1,5,CDR|FIR|Financial|SocialMedia,17.91,406
PER-0064,Ezhilan Palanisamy,Person,Callee|Caller|Witness,15.77,0.0047,0.0032,0.000361,0.2004,True,🔗 Cross-Verified,4,11,0,0,CDR|FIR,17.87,407
LOC-0054,Vaigai Layout Market Road,Location,Incident|SocialMention,44.0,0.0074,0.0,0.000847,0.2137,True,🔗 Cross-Verified,15,0,0,15,FIR|SocialMedia,17.82,408
PER-0160,Mohan Natarajan,Person,Callee|Caller|Complainant|TransactionMobile|Victim,43.42333333333334,0.0071,0.0004,0.000828,0.2063,True,🔗 Triple-Verified,2,18,1,0,CDR|FIR|Financial,17.81,409
PER-0034,Mathan Chandran,Person,Associate|Callee|Caller|SocialMention|TransactionMobile,35.443333333333335,0.0068,0.0005,0.000762,0.2159,True,🔗 Quad-Verified,4,9,3,1,CDR|FIR|Financial|SocialMedia,17.79,410
ACC-0908,Ext-Acc-213164,Account,Sender,1.97326,0.0007,0.0067,0.000233,0.1667,False,📄 Single-Source,0,0,1,0,Financial,17.79,411
LOC-0048,Poongodi Layout Residential Colony,Location,Incident|SocialMention,35.0,0.0078,0.0,0.000697,0.217,True,🔗 Cross-Verified,12,0,0,19,FIR|SocialMedia,17.73,412
PER-0228,Nandha Natarajan,Person,Associate|Callee|Caller|SocialMention|TransactionMobile,26.71333333333333,0.0054,0.0018,0.000585,0.2134,True,🔗 Quad-Verified,3,7,4,2,CDR|FIR|Financial|SocialMedia,17.72,413
PER-0337,Jeeva Muthu,Person,Associate|Callee|Caller|SocialMention|TransactionMobile,39.45333333333333,0.0071,0.0001,0.000799,0.2189,True,🔗 Quad-Verified,4,11,3,5,CDR|FIR|Financial|SocialMedia,17.71,414
PER-0235,Nithin Subramani,Person,Callee|Caller|SocialMention|Suspect|TransactionMobile,33.35,0.0061,0.0009,0.000785,0.2105,True,🔗 Quad-Verified,2,10,3,1,CDR|FIR|Financial|SocialMedia,17.65,415
PER-0299,Hemanth Raj,Person,Callee|Caller|SocialMention|Suspect|TransactionMobile,25.74,0.0058,0.0015,0.000596,0.2123,True,🔗 Quad-Verified,1,10,5,5,CDR|FIR|Financial|SocialMedia,17.63,416
ACC-1059,Ext-Acc-214314,Account,Sender,1.77736,0.0007,0.0067,0.000218,0.1636,False,📄 Single-Source,0,0,1,0,Financial,17.62,417
ACC-0029,Syn-Acc-100035,Account,Financial|Receiver|Sender,31.237285,0.0054,0.0007,0.000977,0.2134,True,🔗 Cross-Verified,1,0,11,0,FIR|Financial,17.55,418
ACC-0044,Syn-Acc-100012,Account,Financial|Receiver|Sender,32.87912,0.0058,0.0006,0.000987,0.2058,True,🔗 Cross-Verified,1,0,11,0,FIR|Financial,17.52,419
PER-0096,Udhay Shankar,Person,Associate|Callee|Caller|SocialMention|TransactionMobile,29.019999999999996,0.0061,0.0009,0.000667,0.2186,True,🔗 Quad-Verified,1,12,6,2,CDR|FIR|Financial|SocialMedia,17.5,420
PER-0324,Malathi Devi,Person,Callee|Caller|Complainant|Mentioned|TransactionMobile|Victim,31.850000000000005,0.0064,0.0008,0.000653,0.2166,True,🔗 Triple-Verified,3,16,2,0,CDR|FIR|Financial,17.49,421
PER-0135,Vasanthi Bai,Person,Callee|Caller|SocialMention|Suspect|TransactionMobile,35.93,0.0061,0.0009,0.000785,0.2062,True,🔗 Quad-Verified,2,11,2,4,CDR|FIR|Financial|SocialMedia,17.49,422
PER-0310,Mathan Balan,Person,Callee|Caller|SocialMention|Suspect|TransactionMobile,36.303333333333335,0.0064,0.0006,0.000819,0.2068,True,🔗 Quad-Verified,2,7,3,4,CDR|FIR|Financial|SocialMedia,17.45,423
PER-0293,Babu Balan,Person,Associate|Callee|Caller|SocialMention|TransactionMobile,31.843333333333337,0.0061,0.0008,0.000653,0.2208,True,🔗 Quad-Verified,3,11,4,3,CDR|FIR|Financial|SocialMedia,17.37,424
ACC-0030,Syn-Acc-100064,Account,Financial|Receiver|Sender,29.864184999999996,0.0054,0.0005,0.001002,0.2133,True,🔗 Cross-Verified,1,0,12,0,FIR|Financial,17.34,425
LOC-0034,Senthil Garden Main Street,Location,Incident|SocialMention,42.0,0.0071,0.0,0.000804,0.2124,True,🔗 Cross-Verified,14,0,0,12,FIR|SocialMedia,17.33,426
ACC-0071,Syn-Acc-100090,Account,Financial|Receiver|Sender,33.45690499999999,0.0047,0.0008,0.001088,0.209,True,🔗 Cross-Verified,1,0,9,0,FIR|Financial,17.33,427
PER-0154,Bharathi Raj,Person,Callee|Caller|SocialMention|Suspect|TransactionMobile,31.29,0.0061,0.0007,0.000691,0.2192,True,🔗 Quad-Verified,2,10,5,2,CDR|FIR|Financial|SocialMedia,17.31,428
ACC-0043,Syn-Acc-100058,Account,Financial|Receiver|Sender,25.264785,0.0051,0.0009,0.000984,0.2054,True,🔗 Cross-Verified,1,0,11,0,FIR|Financial,17.31,429
ACC-0067,Syn-Acc-100044,Account,Financial|Receiver|Sender,26.04747,0.0054,0.0012,0.000661,0.2186,True,🔗 Cross-Verified,2,0,8,0,FIR|Financial,17.29,430
PER-0279,Rakesh Muthu,Person,Callee|Caller|SocialMention|Suspect|TransactionMobile,31.52,0.0058,0.0008,0.000746,0.214,True,🔗 Quad-Verified,1,9,4,7,CDR|FIR|Financial|SocialMedia,17.2,431
PER-0271,Kumaran Subramani,Person,Callee|Caller|Victim,22.66,0.0058,0.0017,0.00048,0.2042,True,🔗 Cross-Verified,1,14,0,0,CDR|FIR,17.18,432
PER-0063,Anitha Raman,Person,Callee|Caller|Witness,31.55333333333333,0.0071,0.0003,0.000625,0.213,True,🔗 Cross-Verified,8,12,0,0,CDR|FIR,17.12,433
PER-0321,Revathi Raman,Person,Associate|Callee|Caller|SocialMention|TransactionMobile,28.573333333333334,0.0058,0.0008,0.000719,0.2134,True,🔗 Quad-Verified,3,6,5,5,CDR|FIR|Financial|SocialMedia,17.07,434
PER-0003,Dinesh Prakash,Person,Associate|Callee|Caller|Suspect|TransactionMobile,36.900000000000006,0.0061,0.0004,0.000798,0.2133,True,🔗 Triple-Verified,3,7,4,0,CDR|FIR|Financial,17.04,435
PER-0184,Prakash Muthu,Person,Associate|Callee|Caller|SocialMention|Suspect|Witness,54.0,0.0058,0.0,0.001017,0.2132,True,🔗 Triple-Verified,10,9,0,3,CDR|FIR|SocialMedia,16.99,436
ACC-0073,Syn-Acc-100029,Account,Financial|Receiver|Sender,22.978035000000002,0.0051,0.0008,0.000919,0.2066,True,🔗 Cross-Verified,1,0,11,0,FIR|Financial,16.95,437
PER-0028,Selvam Rajan,Person,Callee|Caller|SocialMention|Suspect|TransactionMobile,43.03666666666666,0.0061,0.0001,0.000876,0.2143,True,🔗 Quad-Verified,2,9,3,5,CDR|FIR|Financial|SocialMedia,16.92,438
PER-0254,Tamilarasan Selvam,Person,Associate|Callee|Caller|SocialMention|TransactionMobile|Witness,22.89666666666667,0.0054,0.0013,0.000575,0.2123,True,🔗 Quad-Verified,3,8,3,3,CDR|FIR|Financial|SocialMedia,16.88,439
PER-0193,Vignesh Thangaraj,Person,Callee|Caller|SocialMention|Suspect|TransactionMobile,38.22333333333333,0.0054,0.0007,0.000866,0.2036,True,🔗 Quad-Verified,2,10,1,6,CDR|FIR|Financial|SocialMedia,16.75,440
PER-0268,Jeeva Rajan,Person,Associate|Callee|Caller|SocialMention|TransactionMobile,25.543333333333333,0.0054,0.0008,0.000683,0.2115,True,🔗 Quad-Verified,1,9,6,6,CDR|FIR|Financial|SocialMedia,16.5,441
ACC-0036,Syn-Acc-100017,Account,Financial|Receiver|Sender,29.687500000000004,0.0047,0.0006,0.000946,0.2093,True,🔗 Cross-Verified,1,0,9,0,FIR|Financial,16.48,442
PER-0171,Arun Selvam,Person,Associate|Callee|Caller|SocialMention|TransactionMobile,26.326666666666668,0.0054,0.0009,0.000631,0.2116,True,🔗 Quad-Verified,2,9,4,2,CDR|FIR|Financial|SocialMedia,16.45,443
PER-0240,Elango Prakash,Person,Callee|Caller|SocialMention|Suspect|TransactionMobile,27.543333333333333,0.0061,0.0004,0.000594,0.2162,True,🔗 Quad-Verified,1,9,6,2,CDR|FIR|Financial|SocialMedia,16.36,444
PER-0369,Hemanth Arumugam,Person,Callee|Caller|SocialMention|Suspect|TransactionMobile,35.42333333333333,0.0058,0.0002,0.000732,0.2168,True,🔗 Quad-Verified,2,8,3,2,CDR|FIR|Financial|SocialMedia,16.34,445
PER-0057,Abirami Krishnan,Person,Callee|Caller|SocialMention|Suspect|TransactionMobile,40.553333333333335,0.0054,0.0003,0.000903,0.204,True,🔗 Quad-Verified,2,7,2,1,CDR|FIR|Financial|SocialMedia,16.3,446
PER-0079,Jothi Bai,Person,Callee|Caller|Complainant|Mentioned|Victim,31.009999999999998,0.0058,0.0007,0.000654,0.2033,True,🔗 Cross-Verified,3,17,0,0,CDR|FIR,16.29,447
LOC-0025,Kalai Puram Apartment Complex,Location,Incident|SocialMention,32.0,0.0068,0.0,0.00064,0.2077,True,🔗 Cross-Verified,11,0,0,14,FIR|SocialMedia,16.25,448
PER-0049,Madhan Kumar,Person,Callee|Caller|Victim|Witness,30.06666666666667,0.0064,0.0001,0.00063,0.2124,True,🔗 Cross-Verified,7,10,0,0,CDR|FIR,16.17,449
PER-0396,Nithya Devi,Person,Associate|Callee|Caller|TransactionMobile,19.439999999999998,0.0051,0.0011,0.000523,0.211,True,🔗 Triple-Verified,1,9,4,0,CDR|FIR|Financial,16.05,450
PER-0383,Jothi Murugan,Person,Complainant|Mentioned,26.223333333333333,0.0054,0.0006,0.000602,0.2155,False,📄 Single-Source,2,0,0,0,FIR,16.03,451
ACC-0085,Syn-Acc-100097,Account,Financial|Receiver|Sender,33.08831,0.0041,0.0005,0.00097,0.2106,True,🔗 Cross-Verified,1,0,9,0,FIR|Financial,15.92,452
PER-0031,Prakash Palanisamy,Person,Associate|Callee|Caller|SocialMention|Suspect|TransactionMobile,30.983333333333334,0.0054,0.0005,0.000632,0.2132,True,🔗 Quad-Verified,4,7,2,3,CDR|FIR|Financial|SocialMedia,15.91,453
LOC-0004,Sevvanthi Park Shopping Complex,Location,Incident|SocialMention,30.0,0.0064,0.0,0.000602,0.2119,True,🔗 Cross-Verified,11,0,0,13,FIR|SocialMedia,15.89,454
ACC-0018,Syn-Acc-100018,Account,Financial|Receiver|Sender,28.97835,0.0047,0.0005,0.000779,0.2148,True,🔗 Cross-Verified,3,0,6,0,FIR|Financial,15.89,455
PER-0354,Naveen Krishnan,Person,Associate|Callee|Caller|SocialMention|TransactionMobile,25.616666666666667,0.0051,0.0007,0.000635,0.2109,True,🔗 Quad-Verified,1,12,2,3,CDR|FIR|Financial|SocialMedia,15.86,456
ACC-0013,Syn-Acc-100011,Account,Financial|Receiver|Sender,25.367205000000006,0.0047,0.0006,0.000729,0.2149,True,🔗 Cross-Verified,2,0,8,0,FIR|Financial,15.86,457
PER-0325,Rajeshwari Devi,Person,Complainant|Mentioned,27.016666666666666,0.0061,0.0001,0.00056,0.2148,False,📄 Single-Source,2,0,0,0,FIR,15.72,458
LOC-0030,Anbu Park Main Street,Location,Incident|SocialMention,30.0,0.0064,0.0,0.00058,0.2096,True,🔗 Cross-Verified,10,0,0,9,FIR|SocialMedia,15.72,459
PER-0322,Kishore Muthu,Person,Callee|Caller|Witness,16.790000000000003,0.0051,0.0014,0.000377,0.2045,True,🔗 Cross-Verified,2,11,0,0,CDR|FIR,15.7,460
PER-0098,Karthik Nathan,Person,Callee|Caller|SocialMention|Suspect|TransactionMobile,27.87666666666667,0.0051,0.0006,0.000679,0.2057,True,🔗 Quad-Verified,1,10,1,4,CDR|FIR|Financial|SocialMedia,15.68,461
PER-0130,Ramesh Pandian,Person,Callee|Caller|Witness,25.236666666666665,0.0061,0.0001,0.000528,0.2151,True,🔗 Cross-Verified,12,6,0,0,CDR|FIR,15.61,462
PER-0046,Lokesh Balan,Person,Associate|Callee|Caller|SocialMention|TransactionMobile,24.243333333333332,0.0051,0.0005,0.000635,0.2115,True,🔗 Quad-Verified,1,8,5,6,CDR|FIR|Financial|SocialMedia,15.58,463
ACC-0061,Syn-Acc-100038,Account,Financial|Receiver|Sender,26.352055,0.0044,0.0004,0.000819,0.2129,True,🔗 Cross-Verified,1,0,8,0,FIR|Financial,15.55,464
PER-0314,Gopal Natarajan,Person,Callee|Caller|SocialMention|Suspect|TransactionMobile,23.69333333333333,0.0051,0.0006,0.000558,0.2133,True,🔗 Quad-Verified,1,9,3,2,CDR|FIR|Financial|SocialMedia,15.5,465
LOC-0022,Kalai Colony Apartment Complex,Location,Incident|SocialMention,31.0,0.0058,0.0,0.000627,0.2124,True,🔗 Cross-Verified,11,0,0,12,FIR|SocialMedia,15.46,466
PER-0288,Kumaran Murugan,Person,Associate|Callee|Caller|SocialMention|TransactionMobile,20.82,0.0051,0.0006,0.000497,0.2127,True,🔗 Quad-Verified,1,8,5,6,CDR|FIR|Financial|SocialMedia,15.25,467
PER-0051,Mohan Kumar,Person,Callee|Caller|SocialMention|Suspect|TransactionMobile,33.04666666666667,0.0051,0.0002,0.000653,0.2094,True,🔗 Quad-Verified,2,7,1,8,CDR|FIR|Financial|SocialMedia,15.11,468
PER-0159,Divya Murugan,Person,Associate|Callee|Caller|SocialMention|TransactionMobile,14.863333333333333,0.0041,0.0016,0.000348,0.2066,True,🔗 Quad-Verified,2,7,3,3,CDR|FIR|Financial|SocialMedia,15.06,469
LOC-0019,Ezhil Garden Shopping Complex,Location,Incident|SocialMention,33.0,0.0054,0.0,0.000643,0.2088,True,🔗 Cross-Verified,11,0,0,14,FIR|SocialMedia,15.02,470
PER-0329,Nandha Muthu,Person,Associate|Callee|Caller|SocialMention|TransactionMobile,24.823333333333334,0.0047,0.0005,0.000583,0.2114,True,🔗 Quad-Verified,1,8,5,7,CDR|FIR|Financial|SocialMedia,15.01,471
LOC-0032,Sindhu Colony College Road,Location,Incident|SocialMention,26.0,0.0058,0.0,0.000525,0.2103,True,🔗 Cross-Verified,9,0,0,8,FIR|SocialMedia,14.99,472
PER-0313,Ezhilan Rajan,Person,Callee|Caller|SocialMention|Suspect|TransactionMobile,22.866666666666664,0.0047,0.0009,0.000518,0.1988,True,🔗 Quad-Verified,1,10,1,4,CDR|FIR|Financial|SocialMedia,14.9,473
PER-0272,Divya Devi,Person,Complainant|Mentioned,13.623333333333333,0.0047,0.001,0.000346,0.2109,False,📄 Single-Source,2,0,0,0,FIR,14.84,474
LOC-0043,Roja Nagar Residential Colony,Location,Incident|SocialMention,33.0,0.0054,0.0,0.000657,0.2026,True,🔗 Cross-Verified,11,0,0,7,FIR|SocialMedia,14.84,475
PER-0340,Vignesh Babu,Person,Associate|Callee|Caller|SocialMention|TransactionMobile,22.886666666666667,0.0047,0.0005,0.000517,0.2063,True,🔗 Quad-Verified,2,9,1,2,CDR|FIR|Financial|SocialMedia,14.56,476
PER-0044,Yuvaraj Palanisamy,Person,Callee|Caller|Victim|Witness,19.233333333333334,0.0051,0.0006,0.000408,0.2021,True,🔗 Cross-Verified,4,7,0,0,CDR|FIR,14.5,477
PER-0143,Yuvaraj Selvam,Person,Callee|Caller|Witness,16.25,0.0051,0.0007,0.000364,0.2024,True,🔗 Cross-Verified,5,8,0,0,CDR|FIR,14.5,478
PER-0029,Praveen Balan,Person,Callee|Caller|Witness,25.500000000000004,0.0054,0.0,0.000522,0.2075,True,🔗 Cross-Verified,8,7,0,0,CDR|FIR,14.5,479
PER-0249,Vasanthi Selvam,Person,Associate|Callee|Caller|SocialMention|TransactionMobile,14.959999999999999,0.0041,0.0008,0.000445,0.2109,True,🔗 Quad-Verified,1,8,3,2,CDR|FIR|Financial|SocialMedia,14.37,480
ACC-0055,Syn-Acc-100045,Account,Financial|Receiver|Sender,16.523295,0.0041,0.0004,0.000561,0.2151,True,🔗 Cross-Verified,1,0,8,0,FIR|Financial,14.36,481
PER-0146,Siva Sekar,Person,Callee|Caller|Witness,24.106666666666666,0.0051,0.0001,0.000513,0.204,True,🔗 Cross-Verified,6,8,0,0,CDR|FIR,14.22,482
LOC-0014,Amudham Nagar Main Street,Location,Incident|SocialMention,21.0,0.0054,0.0,0.000433,0.2078,True,🔗 Cross-Verified,7,0,0,13,FIR|SocialMedia,14.17,483
ACC-0046,Syn-Acc-100083,Account,Financial|Receiver|Sender,19.198985,0.0044,0.0002,0.000546,0.2111,True,🔗 Cross-Verified,1,0,8,0,FIR|Financial,14.12,484
PER-0304,Uma Bai,Person,Associate|Callee|Caller|SocialMention|TransactionMobile|Witness,17.21,0.0041,0.0005,0.000442,0.2122,True,🔗 Quad-Verified,2,5,5,3,CDR|FIR|Financial|SocialMedia,13.95,485
PER-0327,Abirami Bai,Person,Complainant|Mentioned,18.933333333333337,0.0047,0.0005,0.000408,0.2007,False,📄 Single-Source,2,0,0,0,FIR,13.93,486
LOC-0029,Kadal Nagar Bus Stand Area,Location,Incident|SocialMention,23.0,0.0051,0.0,0.000472,0.2027,True,🔗 Cross-Verified,9,0,0,11,FIR|SocialMedia,13.86,487
PER-0186,Gopal Muthu,Person,Associate|Callee|Caller|SocialMention|TransactionMobile,29.346666666666668,0.0044,0.0,0.000581,0.204,True,🔗 Quad-Verified,2,9,1,4,CDR|FIR|Financial|SocialMedia,13.69,488
PER-0238,Nithya Murugan,Person,Complainant|Mentioned,22.683333333333334,0.0044,0.0001,0.00048,0.2101,False,📄 Single-Source,2,0,0,0,FIR,13.68,489
PER-0363,Gunasekar Prakash,Person,Callee|Caller|Victim,22.413333333333334,0.0047,0.0001,0.000475,0.2032,True,🔗 Cross-Verified,1,12,0,0,CDR|FIR,13.67,490
PER-0388,Jothi Selvam,Person,Callee|Caller|Victim,22.160000000000004,0.0047,0.0001,0.000456,0.2021,True,🔗 Cross-Verified,1,11,0,0,CDR|FIR,13.56,491
LOC-0071,Alli Colony College Road,Location,Incident|SocialMention,23.0,0.0047,0.0,0.000463,0.2053,True,🔗 Cross-Verified,8,0,0,8,FIR|SocialMedia,13.55,492
PER-0053,Janani Krishnan,Person,Callee|Caller|Witness,14.07,0.0051,0.0003,0.000318,0.1982,True,🔗 Cross-Verified,2,11,0,0,CDR|FIR,13.55,493
MOB-0161,9000000480,Mobile,Mentioned,23.0,0.0044,0.0001,0.000498,0.2032,False,📄 Single-Source,1,0,0,0,FIR,13.49,494
ACC-0059,Syn-Acc-100037,Account,Financial|Receiver|Sender,18.14573,0.0037,0.0003,0.000523,0.2089,True,🔗 Cross-Verified,2,0,5,0,FIR|Financial,13.46,495
LOC-0067,Vetri Layout Industrial Area,Location,Incident|SocialMention,22.0,0.0047,0.0,0.00045,0.2036,True,🔗 Cross-Verified,8,0,0,9,FIR|SocialMedia,13.44,496
PER-0103,Udhay Pandian,Person,Callee|Caller|Witness,22.486666666666668,0.0047,0.0001,0.00048,0.1965,True,🔗 Cross-Verified,3,11,0,0,CDR|FIR,13.44,497
LOC-0062,Nallur Nagar Main Street,Location,Incident|SocialMention,24.0,0.0044,0.0,0.000499,0.2,True,🔗 Cross-Verified,8,0,0,13,FIR|SocialMedia,13.22,498
PER-0155,Hariharan Ramasamy,Person,Callee|Caller|Victim,16.689999999999998,0.0044,0.0003,0.000378,0.1976,True,🔗 Cross-Verified,1,11,0,0,CDR|FIR,13.12,499
LOC-0011,Kalai Park Main Street,Location,Incident|SocialMention,20.0,0.0044,0.0,0.00042,0.203,True,🔗 Cross-Verified,7,0,0,13,FIR|SocialMedia,13.03,500
PER-0261,Nithya Rani,Person,Callee|Caller|Victim|Witness,24.0,0.0041,0.0,0.000492,0.2024,True,🔗 Cross-Verified,8,10,0,0,CDR|FIR,13.01,501
PER-0359,Suresh Thangaraj,Person,Complainant|Mentioned,15.986666666666666,0.0034,0.0004,0.000403,0.2094,False,📄 Single-Source,2,0,0,0,FIR,12.9,502
LOC-0053,Iniyan Puram College Road,Location,Incident|SocialMention,19.0,0.0041,0.0,0.000405,0.2027,True,🔗 Cross-Verified,7,0,0,19,FIR|SocialMedia,12.68,503
LOC-0007,Mullai Park Shopping Complex,Location,Incident|SocialMention,20.0,0.0041,0.0,0.000417,0.2012,True,🔗 Cross-Verified,7,0,0,14,FIR|SocialMedia,12.67,504
PER-0133,Jagan Velan,Person,Associate|Callee|Caller|SocialMention|TransactionMobile,20.456666666666667,0.0037,0.0002,0.000466,0.1977,True,🔗 Quad-Verified,3,6,2,8,CDR|FIR|Financial|SocialMedia,12.67,505
PER-0323,Meena Murugan,Person,Callee|Caller|Victim,15.33,0.003,0.0009,0.000346,0.1913,True,🔗 Cross-Verified,1,6,0,0,CDR|FIR,12.4,506
PER-0191,Rajesh Krishnan,Person,Callee|Caller|Victim|Witness,17.0,0.0041,0.0,0.000367,0.1986,True,🔗 Cross-Verified,10,11,0,0,CDR|FIR,12.38,507
PER-0038,Naveen Balan,Person,Callee|Caller|Victim,18.296666666666667,0.0037,0.0002,0.000398,0.1967,True,🔗 Cross-Verified,1,8,0,0,CDR|FIR,12.37,508
LOC-0044,Vennila Puram Shopping Complex,Location,Incident|SocialMention,19.0,0.0037,0.0,0.000405,0.2022,True,🔗 Cross-Verified,7,0,0,11,FIR|SocialMedia,12.3,509
MOB-0093,9000000167,Mobile,Mentioned,15.07,0.0034,0.0005,0.000332,0.1963,False,📄 Single-Source,8,0,0,0,FIR,12.28,510
LOC-0010,Mullai Puram Parking Area,Location,Incident|SocialMention,21.0,0.0037,0.0,0.00044,0.1973,True,🔗 Cross-Verified,7,0,0,10,FIR|SocialMedia,12.25,511
PER-0328,Latha Selvi,Person,Callee|Caller|Victim,15.52,0.0037,0.0003,0.000343,0.1951,True,🔗 Cross-Verified,1,10,0,0,CDR|FIR,12.25,512
VEH-0001,Tn-47-Zz-1038,Vehicle,Motorcycle|SocialMention,19.5,0.0037,0.0,0.000419,0.1975,True,🔗 Cross-Verified,8,0,0,5,FIR|SocialMedia,12.18,513
PER-0211,Nithya Selvi,Person,Callee|Caller|Victim,19.18333333333333,0.0037,0.0,0.000424,0.1946,True,🔗 Cross-Verified,1,9,0,0,CDR|FIR,12.09,514
LOC-0050,Amudham Layout Residential Colony,Location,Incident|SocialMention,16.0,0.0037,0.0,0.000362,0.1989,True,🔗 Cross-Verified,6,0,0,14,FIR|SocialMedia,12.01,515
LOC-0042,Oviya Colony Railway Station Road,Location,Incident|SocialMention,16.0,0.0037,0.0,0.000363,0.1976,True,🔗 Cross-Verified,6,0,0,15,FIR|SocialMedia,11.96,516
MOB-0117,9000000035,Mobile,Mentioned,18.026666666666667,0.0034,0.0002,0.000391,0.1939,False,📄 Single-Source,7,0,0,0,FIR,11.96,517
LOC-0023,Vaigai Park Parking Area,Location,Incident|SocialMention,17.0,0.0037,0.0,0.00037,0.1935,True,🔗 Cross-Verified,6,0,0,10,FIR|SocialMedia,11.84,518
MOB-0090,9000000312,Mobile,Mentioned,11.316666666666666,0.003,0.0005,0.000281,0.1967,False,📄 Single-Source,9,0,0,0,FIR,11.74,519
LOC-0037,Sevvanthi Colony Bus Stand Area,Location,Incident|SocialMention,19.0,0.0034,0.0,0.000406,0.1946,True,🔗 Cross-Verified,7,0,0,10,FIR|SocialMedia,11.74,520
LOC-0003,Amudham Garden Market Road,Location,Incident|SocialMention,15.0,0.0034,0.0001,0.000331,0.197,True,🔗 Cross-Verified,5,0,0,8,FIR|SocialMedia,11.7,521
PER-0230,Eswari Selvam,Person,Callee|Caller|Victim,10.809999999999999,0.0034,0.0003,0.000257,0.1955,True,🔗 Cross-Verified,1,8,0,0,CDR|FIR,11.66,522
PER-0348,Arun Raj,Person,Callee|Caller|Victim,17.056666666666665,0.003,0.0002,0.000387,0.1903,True,🔗 Cross-Verified,1,7,0,0,CDR|FIR,11.45,523
LOC-0026,Nila Nagar Bus Stand Area,Location,Incident|SocialMention,14.0,0.0034,0.0,0.000329,0.1938,True,🔗 Cross-Verified,5,0,0,15,FIR|SocialMedia,11.41,524
LOC-0005,Palar Park Industrial Area,Location,Incident|SocialMention,15.0,0.003,0.0,0.00033,0.1943,True,🔗 Cross-Verified,5,0,0,12,FIR|SocialMedia,11.07,525
PER-0158,Divya Kumari,Person,Callee|Caller|Victim,15.0,0.003,0.0001,0.000351,0.1858,True,🔗 Cross-Verified,1,7,0,0,CDR|FIR,10.98,526
LOC-0028,Roja Colony Residential Colony,Location,Incident|SocialMention,14.0,0.0027,0.0,0.000305,0.1975,True,🔗 Cross-Verified,5,0,0,12,FIR|SocialMedia,10.82,527
LOC-0039,Kurinji Puram Railway Station Road,Location,Incident|SocialMention,17.0,0.0027,0.0,0.000354,0.1922,True,🔗 Cross-Verified,6,0,0,8,FIR|SocialMedia,10.81,528
PER-0292,Ezhilan Sundaram,Person,Callee|Caller|Complainant|Mentioned|TransactionMobile|Victim|Witness,18.0,0.0027,0.0,0.000378,0.1894,True,🔗 Triple-Verified,7,22,4,0,CDR|FIR|Financial,10.8,529
LOC-0076,Vetri Nagar Shopping Complex,Location,Incident|SocialMention,10.0,0.0027,0.0,0.000246,0.1946,True,🔗 Cross-Verified,4,0,0,15,FIR|SocialMedia,10.48,530
LOC-0013,Nallur Colony College Road,Location,Incident|SocialMention,10.0,0.0027,0.0001,0.000251,0.1881,True,🔗 Cross-Verified,5,0,0,8,FIR|SocialMedia,10.41,531
LOC-0038,Nallur Puram Market Road,Location,Incident|SocialMention,11.0,0.0027,0.0,0.000261,0.1905,True,🔗 Cross-Verified,4,0,0,13,FIR|SocialMedia,10.39,532
LOC-0066,Iniyan Colony Apartment Complex,Location,Incident|SocialMention,11.0,0.0024,0.0,0.000262,0.1928,True,🔗 Cross-Verified,4,0,0,10,FIR|SocialMedia,10.2,533
PER-0391,Mohan Velan,Person,Associate|Callee|Caller|SocialMention|TransactionMobile,11.793333333333333,0.002,0.0,0.000288,0.1964,True,🔗 Quad-Verified,1,4,1,4,CDR|FIR|Financial|SocialMedia,10.07,534
LOC-0064,Alli Park Shopping Complex,Location,Incident|SocialMention,10.0,0.0024,0.0,0.000255,0.1892,True,🔗 Cross-Verified,4,0,0,10,FIR|SocialMedia,10.04,535
LOC-0074,Amudham Park Railway Station Road,Location,Incident|SocialMention,8.0,0.0024,0.0,0.000207,0.1921,True,🔗 Cross-Verified,3,0,0,13,FIR|SocialMedia,9.97,536
LOC-0073,Anbu Puram Apartment Complex,Location,Incident|SocialMention,9.0,0.0024,0.0,0.000233,0.1887,True,🔗 Cross-Verified,3,0,0,2,FIR|SocialMedia,9.94,537
PER-0387,Nandhini Kumari,Person,Callee|Caller|Victim,10.253333333333334,0.002,0.0,0.000309,0.1851,True,🔗 Cross-Verified,1,3,0,0,CDR|FIR,9.73,538
LOC-0046,Nila Puram Main Street,Location,Incident|SocialMention,12.0,0.002,0.0,0.00028,0.1864,True,🔗 Cross-Verified,4,0,0,23,FIR|SocialMedia,9.67,539
LOC-0063,Vetri Colony Industrial Area,Location,Incident|SocialMention,10.0,0.002,0.0,0.000248,0.1872,True,🔗 Cross-Verified,4,0,0,9,FIR|SocialMedia,9.57,540
LOC-0020,Roja Layout Industrial Area,Location,Incident|SocialMention,9.0,0.002,0.0,0.00023,0.1887,True,🔗 Cross-Verified,3,0,0,18,FIR|SocialMedia,9.56,541
LOC-0049,Kaveri Park Bus Stand Area,Location,Incident|SocialMention,9.0,0.002,0.0,0.000236,0.1865,True,🔗 Cross-Verified,4,0,0,11,FIR|SocialMedia,9.5,542
LOC-0008,Kalai Layout Parking Area,Location,Incident|SocialMention,9.0,0.002,0.0,0.000225,0.1871,True,🔗 Cross-Verified,3,0,0,18,FIR|SocialMedia,9.48,543
LOC-0060,Ponni Nagar College Road,Location,Incident|SocialMention,9.0,0.002,0.0,0.000222,0.1864,True,🔗 Cross-Verified,3,0,0,13,FIR|SocialMedia,9.44,544
LOC-0027,Nila Garden Bus Stand Area,Location,Incident|SocialMention,8.0,0.002,0.0,0.000216,0.1861,True,🔗 Cross-Verified,3,0,0,10,FIR|SocialMedia,9.41,545
LOC-0072,Neithal Garden Apartment Complex,Location,Incident|SocialMention,9.0,0.0017,0.0,0.000243,0.1862,True,🔗 Cross-Verified,3,0,0,7,FIR|SocialMedia,9.24,546
LOC-0056,Nila Park Industrial Area,Location,Incident|SocialMention,9.0,0.0017,0.0,0.000232,0.1867,True,🔗 Cross-Verified,3,0,0,10,FIR|SocialMedia,9.22,547
LOC-0068,Tamarai Garden Parking Area,Location,Incident|SocialMention,9.0,0.0017,0.0,0.000232,0.184,True,🔗 Cross-Verified,3,0,0,11,FIR|SocialMedia,9.12,548
LOC-0033,Thendral Nagar Atm Area,Location,Incident|SocialMention,6.0,0.0017,0.0,0.000184,0.1887,True,🔗 Cross-Verified,2,0,0,11,FIR|SocialMedia,9.11,549
VEH-0041,Tn-33-Xx-1030,Vehicle,SocialMention|Van,9.0,0.0017,0.0,0.000228,0.1834,True,🔗 Cross-Verified,3,0,0,1,FIR|SocialMedia,9.08,550
LOC-0057,Palar Layout Market Road,Location,Incident|SocialMention,8.0,0.0017,0.0,0.000219,0.1838,True,🔗 Cross-Verified,3,0,0,13,FIR|SocialMedia,9.06,551
LOC-0035,Vennila Park Shopping Complex,Location,Incident|SocialMention,8.0,0.0017,0.0,0.000218,0.1828,True,🔗 Cross-Verified,3,0,0,11,FIR|SocialMedia,9.02,552
LOC-0024,Anbu Layout Bus Stand Area,Location,Incident|SocialMention,6.0,0.0017,0.0,0.000175,0.1871,True,🔗 Cross-Verified,3,0,0,19,FIR|SocialMedia,9.01,553
LOC-0040,Sevvanthi Puram Industrial Area,Location,Incident|SocialMention,8.0,0.0017,0.0,0.000213,0.181,True,🔗 Cross-Verified,3,0,0,10,FIR|SocialMedia,8.93,554
LOC-0059,Anbu Colony Highway Junction,Location,Incident|SocialMention,6.0,0.0017,0.0,0.000169,0.1845,True,🔗 Cross-Verified,2,0,0,18,FIR|SocialMedia,8.89,555
LOC-0058,Neithal Colony Residential Colony,Location,Incident|SocialMention,6.0,0.0017,0.0,0.000175,0.1839,True,🔗 Cross-Verified,2,0,0,13,FIR|SocialMedia,8.89,556
LOC-0017,Arasu Nagar Residential Colony,Location,Incident|SocialMention,8.0,0.0017,0.0,0.000205,0.1801,True,🔗 Cross-Verified,3,0,0,12,FIR|SocialMedia,8.87,557
VEH-0010,Tn-39-Zz-1044,Vehicle,Car|SocialMention,7.5,0.0014,0.0,0.000196,0.1867,True,🔗 Cross-Verified,3,0,0,3,FIR|SocialMedia,8.8,558
LOC-0061,Mangai Puram Railway Station Road,Location,Incident|SocialMention,5.0,0.0017,0.0,0.000156,0.1821,True,🔗 Cross-Verified,2,0,0,16,FIR|SocialMedia,8.75,559
VEH-0039,Tn-38-Xx-1015,Vehicle,Car,10.5,0.0014,0.0,0.000243,0.1794,False,📄 Single-Source,3,0,0,0,FIR,8.71,560
ACC-1455,Ext-Acc-251971,Account,Sender,8.5,0.0007,0.0002,0.000412,0.1706,False,📄 Single-Source,0,0,1,0,Financial,8.7,561
ACC-1354,Ext-Acc-285380,Account,Sender,8.5,0.0007,0.0002,0.000412,0.1706,False,📄 Single-Source,0,0,1,0,Financial,8.7,562
LOC-0078,Anbu Garden Apartment Complex,Location,Incident|SocialMention,6.0,0.0014,0.0,0.000173,0.1864,True,🔗 Cross-Verified,2,0,0,15,FIR|SocialMedia,8.7,563
ACC-0926,Ext-Acc-277553,Account,Sender,8.5,0.0007,0.0002,0.000408,0.1705,False,📄 Single-Source,0,0,1,0,Financial,8.68,564
ACC-0737,Ext-Acc-289394,Account,Sender,6.21352,0.0007,0.0002,0.000376,0.1732,False,📄 Single-Source,0,0,1,0,Financial,8.66,565
ACC-0707,Ext-Acc-287823,Account,Sender,8.5,0.0007,0.0,0.000284,0.1909,False,📄 Single-Source,0,0,1,0,Financial,8.66,566
ACC-0094,Ext-Acc-244587,Account,Sender,8.5,0.0007,0.0,0.000286,0.1902,False,📄 Single-Source,0,0,1,0,Financial,8.64,567
ACC-1058,Ext-Acc-248908,Account,Sender,8.5,0.0007,0.0,0.000289,0.1896,False,📄 Single-Source,0,0,1,0,Financial,8.63,568
ACC-0116,Ext-Acc-287900,Account,Sender,8.5,0.0007,0.0,0.000284,0.1895,False,📄 Single-Source,0,0,1,0,Financial,8.61,569
ACC-1289,Ext-Acc-212536,Account,Sender,8.5,0.0007,0.0,0.000279,0.1901,False,📄 Single-Source,0,0,1,0,Financial,8.61,570
ACC-1128,Ext-Acc-218463,Account,Sender,8.5,0.0007,0.0,0.000291,0.1883,False,📄 Single-Source,0,0,1,0,Financial,8.59,571
LOC-0051,Kaveri Nagar Apartment Complex,Location,Incident|SocialMention,6.0,0.0014,0.0,0.000175,0.1831,True,🔗 Cross-Verified,2,0,0,18,FIR|SocialMedia,8.59,572
ACC-0185,Ext-Acc-228124,Account,Sender,8.5,0.0007,0.0002,0.00041,0.168,False,📄 Single-Source,0,0,1,0,Financial,8.59,573
ACC-0912,Ext-Acc-219125,Account,Sender,8.5,0.0007,0.0,0.000282,0.1883,False,📄 Single-Source,0,0,1,0,Financial,8.56,574
ACC-0333,Ext-Acc-299283,Account,Sender,8.5,0.0007,0.0,0.000283,0.1884,False,📄 Single-Source,0,0,1,0,Financial,8.56,575
ACC-0693,Ext-Acc-245557,Account,Sender,8.5,0.0007,0.0002,0.000408,0.1674,False,📄 Single-Source,0,0,1,0,Financial,8.56,576
LOC-0036,Vaigai Nagar College Road,Location,Incident|SocialMention,5.0,0.0014,0.0,0.000156,0.1839,True,🔗 Cross-Verified,2,0,0,10,FIR|SocialMedia,8.55,577
ACC-0839,Ext-Acc-247308,Account,Sender,8.5,0.0007,0.0,0.000266,0.1897,False,📄 Single-Source,0,0,1,0,Financial,8.55,578
ACC-0854,Ext-Acc-255404,Account,Sender,8.5,0.0007,0.0002,0.000418,0.1657,False,📄 Single-Source,0,0,1,0,Financial,8.54,579
ACC-0302,Ext-Acc-238270,Account,Sender,8.5,0.0007,0.0,0.000283,0.1877,False,📄 Single-Source,0,0,1,0,Financial,8.54,580
ACC-0872,Ext-Acc-253547,Account,Sender,8.5,0.0007,0.0002,0.000409,0.1666,False,📄 Single-Source,0,0,1,0,Financial,8.53,581
ACC-0495,Ext-Acc-256618,Account,Sender,8.5,0.0007,0.0,0.000278,0.188,False,📄 Single-Source,0,0,1,0,Financial,8.53,582
ACC-1198,Ext-Acc-254214,Account,Sender,8.5,0.0007,0.0,0.000267,0.1891,False,📄 Single-Source,0,0,1,0,Financial,8.53,583
ACC-0915,Ext-Acc-287614,Account,Sender,8.5,0.0007,0.0002,0.00041,0.1664,False,📄 Single-Source,0,0,1,0,Financial,8.53,584
ACC-1051,Ext-Acc-203063,Account,Sender,8.174425,0.0007,0.0002,0.000406,0.1667,False,📄 Single-Source,0,0,1,0,Financial,8.53,585
ACC-0226,Ext-Acc-274167,Account,Sender,8.5,0.0007,0.0002,0.000407,0.1663,False,📄 Single-Source,0,0,1,0,Financial,8.52,586
ACC-0789,Ext-Acc-243747,Account,Sender,8.5,0.0007,0.0,0.000267,0.1889,False,📄 Single-Source,0,0,1,0,Financial,8.52,587
ACC-0268,Ext-Acc-293502,Account,Sender,8.5,0.0007,0.0,0.000266,0.1889,False,📄 Single-Source,0,0,1,0,Financial,8.52,588
ACC-0434,Ext-Acc-262221,Account,Sender,8.5,0.0007,0.0,0.00028,0.1874,False,📄 Single-Source,0,0,1,0,Financial,8.51,589
ACC-0294,Ext-Acc-216961,Account,Sender,8.5,0.0007,0.0,0.000267,0.1883,False,📄 Single-Source,0,0,1,0,Financial,8.5,590
ACC-1382,Ext-Acc-288317,Account,Sender,8.5,0.0007,0.0002,0.000409,0.1653,False,📄 Single-Source,0,0,1,0,Financial,8.49,591
ACC-1380,Ext-Acc-244310,Account,Sender,8.00395,0.0007,0.0,0.000271,0.1875,False,📄 Single-Source,0,0,1,0,Financial,8.48,592
ACC-1375,Ext-Acc-243927,Account,Sender,8.350000000000001,0.0007,0.0002,0.000415,0.1645,False,📄 Single-Source,0,0,1,0,Financial,8.48,593
ACC-1315,Ext-Acc-283522,Account,Sender,8.5,0.0007,0.0,0.000264,0.1878,False,📄 Single-Source,0,0,1,0,Financial,8.47,594
ACC-1012,Ext-Acc-274853,Account,Sender,8.5,0.0007,0.0002,0.000406,0.1651,False,📄 Single-Source,0,0,1,0,Financial,8.47,595
ACC-0806,Ext-Acc-264325,Account,Sender,8.5,0.0007,0.0,0.000264,0.1876,False,📄 Single-Source,0,0,1,0,Financial,8.46,596
LOC-0045,Mangai Colony Railway Station Road,Location,Incident|SocialMention,6.0,0.0014,0.0,0.000185,0.1788,True,🔗 Cross-Verified,2,0,0,13,FIR|SocialMedia,8.46,597
ACC-0501,Ext-Acc-285200,Account,Sender,8.5,0.0007,0.0,0.000271,0.1869,False,📄 Single-Source,0,0,1,0,Financial,8.46,598
ACC-0165,Ext-Acc-281490,Account,Sender,8.5,0.0007,0.0,0.000267,0.1872,False,📄 Single-Source,0,0,1,0,Financial,8.46,599
ACC-0115,Ext-Acc-241114,Account,Sender,8.5,0.0007,0.0,0.000281,0.1857,False,📄 Single-Source,0,0,1,0,Financial,8.45,600
ACC-0290,Ext-Acc-295051,Account,Sender,8.5,0.0007,0.0002,0.000415,0.1638,False,📄 Single-Source,0,0,1,0,Financial,8.45,601
ACC-0233,Ext-Acc-201617,Account,Sender,8.5,0.0007,0.0,0.000263,0.1875,False,📄 Single-Source,0,0,1,0,Financial,8.45,602
ACC-0627,Ext-Acc-200609,Account,Sender,5.16418,0.0007,0.0002,0.000358,0.1693,False,📄 Single-Source,0,0,1,0,Financial,8.44,603
ACC-0468,Ext-Acc-268562,Account,Sender,8.5,0.0007,0.0,0.000291,0.1839,False,📄 Single-Source,0,0,1,0,Financial,8.43,604
ACC-0287,Ext-Acc-285389,Account,Sender,8.5,0.0007,0.0,0.000265,0.1868,False,📄 Single-Source,0,0,1,0,Financial,8.43,605
ACC-0770,Ext-Acc-274873,Account,Sender,8.5,0.0007,0.0,0.000291,0.1839,False,📄 Single-Source,0,0,1,0,Financial,8.43,606
ACC-0883,Ext-Acc-272130,Account,Sender,8.5,0.0007,0.0,0.000267,0.1865,False,📄 Single-Source,0,0,1,0,Financial,8.43,607
ACC-0121,Ext-Acc-254921,Account,Sender,8.5,0.0007,0.0,0.000273,0.1855,False,📄 Single-Source,0,0,1,0,Financial,8.42,608
ACC-1346,Ext-Acc-215603,Account,Sender,8.5,0.0007,0.0,0.000281,0.1848,False,📄 Single-Source,0,0,1,0,Financial,8.42,609
ACC-0146,Ext-Acc-256881,Account,Sender,8.5,0.0007,0.0002,0.000411,0.163,False,📄 Single-Source,0,0,1,0,Financial,8.41,610
ACC-0676,Ext-Acc-215127,Account,Sender,8.5,0.0007,0.0002,0.000411,0.1632,False,📄 Single-Source,0,0,1,0,Financial,8.41,611
ACC-0270,Ext-Acc-268982,Account,Sender,8.5,0.0007,0.0002,0.000406,0.1633,False,📄 Single-Source,0,0,1,0,Financial,8.4,612
ACC-1299,Ext-Acc-296785,Account,Sender,8.5,0.0007,0.0002,0.000417,0.1619,False,📄 Single-Source,0,0,1,0,Financial,8.39,613
ACC-1460,Ext-Acc-243209,Account,Sender,8.374929999999999,0.0007,0.0,0.000281,0.1841,False,📄 Single-Source,0,0,1,0,Financial,8.39,614
ACC-1180,Ext-Acc-259029,Account,Sender,8.5,0.0007,0.0002,0.000411,0.1626,False,📄 Single-Source,0,0,1,0,Financial,8.39,615
ACC-1084,Ext-Acc-268799,Account,Sender,8.5,0.0007,0.0002,0.000419,0.1609,False,📄 Single-Source,0,0,1,0,Financial,8.36,616
ACC-0343,Ext-Acc-215985,Account,Sender,3.7168,0.0007,0.0002,0.000317,0.17,False,📄 Single-Source,0,0,1,0,Financial,8.31,617
ACC-1173,Ext-Acc-263259,Account,Sender,2.39725,0.0007,0.0002,0.000255,0.1761,False,📄 Single-Source,0,0,1,0,Financial,8.3,618
ACC-1336,Ext-Acc-236435,Account,Sender,3.678655,0.0007,0.0002,0.000315,0.1694,False,📄 Single-Source,0,0,1,0,Financial,8.28,619
ACC-0317,Ext-Acc-218350,Account,Sender,6.40531,0.0007,0.0002,0.000384,0.161,False,📄 Single-Source,0,0,1,0,Financial,8.23,620
ACC-1303,Ext-Acc-207002,Account,Sender,3.87412,0.0007,0.0002,0.000322,0.1673,False,📄 Single-Source,0,0,1,0,Financial,8.23,621
ACC-1034,Ext-Acc-237416,Account,Sender,3.9067,0.0007,0.0002,0.000322,0.1672,False,📄 Single-Source,0,0,1,0,Financial,8.22,622
ACC-1409,Ext-Acc-265391,Account,Sender,4.28785,0.0007,0.0002,0.00034,0.165,False,📄 Single-Source,0,0,1,0,Financial,8.21,623
ACC-0986,Ext-Acc-260689,Account,Sender,3.114715,0.0007,0.0002,0.000291,0.1697,False,📄 Single-Source,0,0,1,0,Financial,8.2,624
ACC-0596,Ext-Acc-219213,Account,Sender,3.856285,0.0007,0.0,0.000154,0.1916,False,📄 Single-Source,0,0,1,0,Financial,8.19,625
ACC-0136,Ext-Acc-252976,Account,Sender,3.5949999999999998,0.0007,0.0002,0.000313,0.1674,False,📄 Single-Source,0,0,1,0,Financial,8.19,626
ACC-0892,Ext-Acc-247022,Account,Sender,3.552175,0.0007,0.0002,0.000314,0.1668,False,📄 Single-Source,0,0,1,0,Financial,8.18,627
ACC-1209,Ext-Acc-219567,Account,Sender,3.944215,0.0007,0.0002,0.000326,0.1656,False,📄 Single-Source,0,0,1,0,Financial,8.18,628
ACC-1164,Ext-Acc-256622,Account,Sender,4.613605,0.0007,0.0,0.000179,0.1885,False,📄 Single-Source,0,0,1,0,Financial,8.17,629
ACC-1002,Ext-Acc-267394,Account,Sender,3.5973100000000002,0.0007,0.0,0.000155,0.1907,False,📄 Single-Source,0,0,1,0,Financial,8.16,630
ACC-0727,Ext-Acc-274828,Account,Sender,8.5,0.0007,0.0,0.000291,0.1768,False,📄 Single-Source,0,0,1,0,Financial,8.16,631
ACC-0529,Ext-Acc-242294,Account,Sender,3.6550000000000002,0.0007,0.0,0.000157,0.1902,False,📄 Single-Source,0,0,1,0,Financial,8.15,632
ACC-0117,Ext-Acc-279516,Account,Sender,3.98503,0.0007,0.0002,0.000329,0.1643,False,📄 Single-Source,0,0,1,0,Financial,8.14,633
ACC-1200,Ext-Acc-236516,Account,Sender,5.22913,0.0007,0.0,0.000195,0.1862,False,📄 Single-Source,0,0,1,0,Financial,8.14,634
ACC-0474,Ext-Acc-245451,Account,Sender,3.820135,0.0007,0.0,0.000159,0.1897,False,📄 Single-Source,0,0,1,0,Financial,8.14,635
ACC-0395,Ext-Acc-287500,Account,Sender,3.06535,0.0007,0.0002,0.000293,0.1679,False,📄 Single-Source,0,0,1,0,Financial,8.14,636
ACC-0213,Ext-Acc-232441,Account,Sender,8.5,0.0007,0.0,0.000306,0.1749,False,📄 Single-Source,0,0,1,0,Financial,8.14,637
ACC-0383,Ext-Acc-256980,Account,Sender,3.982075,0.0007,0.0002,0.000327,0.1646,False,📄 Single-Source,0,0,1,0,Financial,8.14,638
ACC-0624,Ext-Acc-245685,Account,Sender,3.9245799999999997,0.0007,0.0002,0.000324,0.1646,False,📄 Single-Source,0,0,1,0,Financial,8.13,639
ACC-1220,Ext-Acc-227456,Account,Sender,3.462955,0.0007,0.0,0.000149,0.1902,False,📄 Single-Source,0,0,1,0,Financial,8.12,640
ACC-0647,Ext-Acc-245481,Account,Sender,3.8086450000000003,0.0007,0.0,0.000163,0.1888,False,📄 Single-Source,0,0,1,0,Financial,8.12,641
ACC-0723,Ext-Acc-292741,Account,Sender,3.764095,0.0007,0.0,0.00016,0.1891,False,📄 Single-Source,0,0,1,0,Financial,8.12,642
ACC-0404,Ext-Acc-228910,Account,Sender,3.555775,0.0007,0.0,0.000161,0.189,False,📄 Single-Source,0,0,1,0,Financial,8.12,643
ACC-0567,Ext-Acc-228208,Account,Sender,3.07,0.0007,0.0002,0.00029,0.1679,False,📄 Single-Source,0,0,1,0,Financial,8.12,644
ACC-0454,Ext-Acc-222298,Account,Sender,3.759055,0.0007,0.0002,0.000325,0.1641,False,📄 Single-Source,0,0,1,0,Financial,8.12,645
ACC-0210,Ext-Acc-228627,Account,Sender,6.575425,0.0007,0.0002,0.000389,0.1573,False,📄 Single-Source,0,0,1,0,Financial,8.11,646
ACC-0532,Ext-Acc-284940,Account,Sender,3.277615,0.0007,0.0002,0.000308,0.1656,False,📄 Single-Source,0,0,1,0,Financial,8.11,647
ACC-0142,Ext-Acc-253736,Account,Sender,3.017125,0.0007,0.0002,0.000294,0.1669,False,📄 Single-Source,0,0,1,0,Financial,8.1,648
ACC-0645,Ext-Acc-249516,Account,Sender,3.7416099999999997,0.0007,0.0,0.000157,0.189,False,📄 Single-Source,0,0,1,0,Financial,8.1,649
ACC-0475,Ext-Acc-293742,Account,Sender,3.5100100000000003,0.0007,0.0002,0.000311,0.1651,False,📄 Single-Source,0,0,1,0,Financial,8.1,650
ACC-0606,Ext-Acc-260390,Account,Sender,8.5,0.0007,0.0,0.000353,0.1689,False,📄 Single-Source,0,0,1,0,Financial,8.1,651
ACC-0640,Ext-Acc-301275,Account,Receiver,9.785625,0.0007,0.0,0.000378,0.1664,False,📄 Single-Source,0,0,2,0,Financial,8.1,652
ACC-0212,Ext-Acc-350132,Account,Receiver,7.5,0.0003,0.0,0.000266,0.1873,False,📄 Single-Source,0,0,1,0,Financial,8.09,653
ACC-1330,Ext-Acc-292169,Account,Sender,2.610505,0.0007,0.0002,0.00027,0.1689,False,📄 Single-Source,0,0,1,0,Financial,8.09,654
ACC-0221,Ext-Acc-289764,Account,Sender,3.904105,0.0007,0.0,0.000162,0.1882,False,📄 Single-Source,0,0,1,0,Financial,8.09,655
ACC-0272,Ext-Acc-283789,Account,Sender,3.3781,0.0007,0.0002,0.000306,0.1654,False,📄 Single-Source,0,0,1,0,Financial,8.09,656
ACC-0409,Ext-Acc-232329,Account,Sender,7.5,0.0003,0.0,0.000266,0.1873,False,📄 Single-Source,0,0,1,0,Financial,8.09,657
ACC-0447,Ext-Acc-336403,Account,Receiver,7.5,0.0003,0.0,0.000266,0.1873,False,📄 Single-Source,0,0,1,0,Financial,8.09,658
ACC-1151,Ext-Acc-214669,Account,Sender,3.572455,0.0007,0.0,0.000153,0.189,False,📄 Single-Source,0,0,1,0,Financial,8.09,659
ACC-0679,Ext-Acc-244770,Account,Sender,7.5,0.0003,0.0,0.000271,0.1864,False,📄 Single-Source,0,0,1,0,Financial,8.08,660
LOC-0079,Mangai Layout Shopping Complex,Location,Incident|SocialMention,5.0,0.001,0.0,0.000155,0.1813,True,🔗 Cross-Verified,2,0,0,13,FIR|SocialMedia,8.08,661
ACC-1323,Ext-Acc-295410,Account,Sender,3.682855,0.0007,0.0,0.00016,0.1881,False,📄 Single-Source,0,0,1,0,Financial,8.08,662
ACC-0139,Ext-Acc-374946,Account,Receiver,7.5,0.0003,0.0,0.000267,0.1869,False,📄 Single-Source,0,0,1,0,Financial,8.08,663
ACC-1377,Ext-Acc-336421,Account,Receiver,7.5,0.0003,0.0,0.000252,0.1885,False,📄 Single-Source,0,0,1,0,Financial,8.08,664
ACC-0577,Ext-Acc-287194,Account,Sender,2.476105,0.0007,0.0002,0.000261,0.1698,False,📄 Single-Source,0,0,1,0,Financial,8.08,665
VEH-0043,Tn-33-Yy-1007,Vehicle,Scooter,6.0,0.001,0.0,0.000182,0.1786,False,📄 Single-Source,3,0,0,0,FIR,8.08,666
ACC-0504,Ext-Acc-304370,Account,Receiver,7.5,0.0003,0.0,0.000252,0.1885,False,📄 Single-Source,0,0,1,0,Financial,8.08,667
ACC-1462,Ext-Acc-334298,Account,Receiver,7.5,0.0003,0.0,0.000267,0.1869,False,📄 Single-Source,0,0,1,0,Financial,8.08,668
ACC-0991,Ext-Acc-287470,Account,Sender,1.7724550000000001,0.0007,0.0,0.000107,0.1936,False,📄 Single-Source,0,0,1,0,Financial,8.08,669
ACC-0286,Ext-Acc-249051,Account,Sender,3.8649999999999998,0.0007,0.0,0.000163,0.1878,False,📄 Single-Source,0,0,1,0,Financial,8.08,670
ACC-0103,Ext-Acc-213104,Account,Sender,8.5,0.0007,0.0,0.000256,0.1784,False,📄 Single-Source,0,0,1,0,Financial,8.08,671
ACC-1152,Ext-Acc-302608,Account,Receiver,7.5,0.0003,0.0,0.000267,0.1869,False,📄 Single-Source,0,0,1,0,Financial,8.08,672
ACC-0582,Ext-Acc-289517,Account,Sender,3.396025,0.0007,0.0,0.000149,0.1889,False,📄 Single-Source,0,0,1,0,Financial,8.07,673
ACC-1123,Ext-Acc-213977,Account,Sender,1.9684750000000002,0.0007,0.0,0.00011,0.1931,False,📄 Single-Source,0,0,1,0,Financial,8.07,674
ACC-0842,Ext-Acc-226825,Account,Sender,3.8499999999999996,0.0007,0.0,0.000156,0.1882,False,📄 Single-Source,0,0,1,0,Financial,8.07,675
ACC-0706,Ext-Acc-293237,Account,Sender,2.96017,0.0007,0.0,0.000138,0.19,False,📄 Single-Source,0,0,1,0,Financial,8.07,676
ACC-0745,Ext-Acc-297158,Account,Sender,1.886005,0.0007,0.0001,0.000112,0.1887,False,📄 Single-Source,0,0,1,0,Financial,8.07,677
ACC-0283,Ext-Acc-290289,Account,Sender,8.5,0.0007,0.0,0.000323,0.1712,False,📄 Single-Source,0,0,1,0,Financial,8.07,678
ACC-0752,Ext-Acc-239795,Account,Sender,3.2150049999999997,0.0007,0.0,0.000142,0.1895,False,📄 Single-Source,0,0,1,0,Financial,8.06,679
ACC-0959,Ext-Acc-210301,Account,Sender,2.91076,0.0007,0.0,0.000134,0.1903,False,📄 Single-Source,0,0,1,0,Financial,8.06,680
ACC-0442,Ext-Acc-297282,Account,Sender,3.680485,0.0007,0.0002,0.00032,0.1631,False,📄 Single-Source,0,0,1,0,Financial,8.06,681
ACC-0104,Ext-Acc-280173,Account,Sender,3.152215,0.0007,0.0002,0.000299,0.1652,False,📄 Single-Source,0,0,1,0,Financial,8.06,682
ACC-1362,Ext-Acc-275012,Account,Sender,3.0277899999999995,0.0007,0.0,0.000139,0.1897,False,📄 Single-Source,0,0,1,0,Financial,8.06,683
ACC-0467,Ext-Acc-264922,Account,Sender,1.776955,0.0007,0.0001,0.000106,0.1891,False,📄 Single-Source,0,0,1,0,Financial,8.06,684
VEH-0018,Tn-45-Xx-1060,Vehicle,Motorcycle|SocialMention,5.5,0.001,0.0,0.000164,0.18,True,🔗 Cross-Verified,2,0,0,3,FIR|SocialMedia,8.06,685
ACC-1451,Ext-Acc-245545,Account,Sender,2.3200000000000003,0.0007,0.0002,0.000249,0.1703,False,📄 Single-Source,0,0,1,0,Financial,8.06,686
ACC-0451,Ext-Acc-284466,Account,Sender,3.908425,0.0007,0.0,0.000162,0.1872,False,📄 Single-Source,0,0,1,0,Financial,8.05,687
ACC-0698,Ext-Acc-296028,Account,Sender,2.575,0.0007,0.0,0.000126,0.1907,False,📄 Single-Source,0,0,1,0,Financial,8.05,688
ACC-0703,Ext-Acc-200734,Account,Sender,3.2800000000000002,0.0007,0.0,0.000147,0.1888,False,📄 Single-Source,0,0,1,0,Financial,8.05,689
ACC-0540,Ext-Acc-210531,Account,Sender,2.969335,0.0007,0.0,0.000138,0.1895,False,📄 Single-Source,0,0,1,0,Financial,8.05,690
ACC-0572,Ext-Acc-252776,Account,Sender,2.58643,0.0007,0.0,0.000126,0.1909,False,📄 Single-Source,0,0,1,0,Financial,8.05,691
ACC-0952,Ext-Acc-274221,Account,Sender,2.553985,0.0007,0.0,0.000124,0.1909,False,📄 Single-Source,0,0,1,0,Financial,8.05,692
ACC-0639,Ext-Acc-222377,Account,Sender,8.5,0.0007,0.0,0.000332,0.1697,False,📄 Single-Source,0,0,1,0,Financial,8.05,693
LOC-0083,Mathi Layout Apartment Complex,Location,Incident|SocialMention,3.0,0.001,0.0,0.000127,0.1835,True,🔗 Cross-Verified,1,0,0,14,FIR|SocialMedia,8.05,694
ACC-1190,Ext-Acc-203039,Account,Sender,1.798495,0.0007,0.0,0.000106,0.1929,False,📄 Single-Source,0,0,1,0,Financial,8.05,695
ACC-0369,Ext-Acc-280096,Account,Sender,2.67265,0.0007,0.0002,0.000268,0.1679,False,📄 Single-Source,0,0,1,0,Financial,8.04,696
LOC-0015,Kalai Nagar College Road,Location,Incident|SocialMention,5.0,0.001,0.0,0.000165,0.1793,True,🔗 Cross-Verified,2,0,0,12,FIR|SocialMedia,8.04,697
VEH-0004,Tn-33-Xx-1072,Vehicle,Car,5.5,0.001,0.0,0.000162,0.1797,False,📄 Single-Source,2,0,0,0,FIR,8.04,698
ACC-0539,Ext-Acc-285315,Account,Sender,1.95733,0.0007,0.0,0.000116,0.1913,False,📄 Single-Source,0,0,1,0,Financial,8.03,699
ACC-0446,Ext-Acc-255426,Account,Sender,1.85785,0.0007,0.0,0.000108,0.1922,False,📄 Single-Source,0,0,1,0,Financial,8.03,700
ACC-0537,Ext-Acc-349054,Account,Receiver,7.5,0.0003,0.0,0.000263,0.1861,False,📄 Single-Source,0,0,1,0,Financial,8.03,701
ACC-0779,Ext-Acc-207762,Account,Sender,2.928415,0.0007,0.0002,0.000285,0.166,False,📄 Single-Source,0,0,1,0,Financial,8.03,702
ACC-1466,Ext-Acc-346291,Account,Receiver,7.5,0.0003,0.0,0.000263,0.1861,False,📄 Single-Source,0,0,1,0,Financial,8.03,703
ACC-1250,Ext-Acc-229627,Account,Sender,3.095035,0.0007,0.0002,0.000292,0.1653,False,📄 Single-Source,0,0,1,0,Financial,8.03,704
ACC-0450,Ext-Acc-350917,Account,Receiver,7.5,0.0003,0.0,0.000263,0.1861,False,📄 Single-Source,0,0,1,0,Financial,8.03,705
ACC-0840,Ext-Acc-204089,Account,Sender,7.5,0.0003,0.0,0.000263,0.1861,False,📄 Single-Source,0,0,1,0,Financial,8.03,706
ACC-0609,Ext-Acc-226145,Account,Sender,2.81113,0.0007,0.0,0.000138,0.1888,False,📄 Single-Source,0,0,1,0,Financial,8.02,707
ACC-0811,Ext-Acc-349431,Account,Receiver,7.5,0.0003,0.0,0.000257,0.1864,False,📄 Single-Source,0,0,1,0,Financial,8.02,708
ACC-0309,Ext-Acc-258073,Account,Sender,2.74756,0.0007,0.0002,0.000278,0.1663,False,📄 Single-Source,0,0,1,0,Financial,8.02,709
ACC-1333,Ext-Acc-270985,Account,Sender,7.5,0.0003,0.0,0.000257,0.1864,False,📄 Single-Source,0,0,1,0,Financial,8.02,710
ACC-1454,Ext-Acc-266727,Account,Sender,2.827285,0.0007,0.0,0.000134,0.1892,False,📄 Single-Source,0,0,1,0,Financial,8.02,711
ACC-1011,Ext-Acc-371646,Account,Receiver,7.5,0.0003,0.0,0.000262,0.1858,False,📄 Single-Source,0,0,1,0,Financial,8.02,712
ACC-1192,Ext-Acc-218894,Account,Sender,2.815,0.0007,0.0,0.000133,0.1891,False,📄 Single-Source,0,0,1,0,Financial,8.01,713
ACC-1217,Ext-Acc-281448,Account,Sender,1.96792,0.0007,0.0002,0.000228,0.1713,False,📄 Single-Source,0,0,1,0,Financial,8.01,714
ACC-0859,Ext-Acc-253266,Account,Sender,2.08,0.0007,0.0,0.000115,0.1909,False,📄 Single-Source,0,0,1,0,Financial,8.01,715
ACC-1156,Ext-Acc-229334,Account,Sender,2.22391,0.0007,0.0,0.000121,0.1903,False,📄 Single-Source,0,0,1,0,Financial,8.01,716
ACC-1076,Ext-Acc-241039,Account,Sender,1.88953,0.0007,0.0001,0.000118,0.1864,False,📄 Single-Source,0,0,1,0,Financial,8.01,717
ACC-0758,Ext-Acc-256675,Account,Sender,1.9610349999999999,0.0007,0.0002,0.000228,0.1712,False,📄 Single-Source,0,0,1,0,Financial,8.01,718
ACC-0098,Ext-Acc-221579,Account,Sender,3.76417,0.0007,0.0,0.000161,0.1862,False,📄 Single-Source,0,0,1,0,Financial,8.01,719
ACC-1327,Ext-Acc-241286,Account,Sender,2.785,0.0007,0.0002,0.000277,0.1661,False,📄 Single-Source,0,0,1,0,Financial,8.01,720
ACC-0546,Ext-Acc-213130,Account,Sender,2.515,0.0007,0.0,0.000127,0.1896,False,📄 Single-Source,0,0,1,0,Financial,8.01,721
ACC-1353,Ext-Acc-228576,Account,Sender,3.226585,0.0007,0.0,0.00014,0.1884,False,📄 Single-Source,0,0,1,0,Financial,8.01,722
ACC-0119,Ext-Acc-281167,Account,Sender,2.8583350000000003,0.0007,0.0,0.000135,0.1886,False,📄 Single-Source,0,0,1,0,Financial,8.0,723
ACC-0704,Ext-Acc-245214,Account,Sender,3.6507549999999998,0.0007,0.0,0.000151,0.187,False,📄 Single-Source,0,0,1,0,Financial,8.0,724
ACC-0397,Ext-Acc-234690,Account,Sender,1.855,0.0007,0.0,0.00011,0.191,False,📄 Single-Source,0,0,1,0,Financial,8.0,725
ACC-0319,Ext-Acc-372298,Account,Receiver,7.5,0.0003,0.0,0.000263,0.1852,False,📄 Single-Source,0,0,1,0,Financial,8.0,726
ACC-0240,Ext-Acc-215084,Account,Sender,2.934115,0.0007,0.0,0.000132,0.189,False,📄 Single-Source,0,0,1,0,Financial,8.0,727
ACC-0129,Ext-Acc-272848,Account,Sender,3.8961699999999997,0.0007,0.0,0.000163,0.1856,False,📄 Single-Source,0,0,1,0,Financial,8.0,728
ACC-0412,Ext-Acc-260786,Account,Sender,3.43156,0.0007,0.0002,0.00031,0.1626,False,📄 Single-Source,0,0,1,0,Financial,8.0,729
ACC-0887,Ext-Acc-374232,Account,Receiver,7.5,0.0003,0.0,0.000268,0.1846,False,📄 Single-Source,0,0,1,0,Financial,8.0,730
ACC-0515,Ext-Acc-235974,Account,Sender,7.5,0.0003,0.0,0.000263,0.1852,False,📄 Single-Source,0,0,1,0,Financial,8.0,731
ACC-1177,Ext-Acc-370617,Account,Receiver,7.5,0.0003,0.0,0.000263,0.1852,False,📄 Single-Source,0,0,1,0,Financial,8.0,732
ACC-0301,Ext-Acc-243512,Account,Sender,3.7600000000000002,0.0007,0.0,0.000156,0.1864,False,📄 Single-Source,0,0,1,0,Financial,8.0,733
ACC-0584,Ext-Acc-258783,Account,Sender,1.886215,0.0007,0.0,0.000112,0.1908,False,📄 Single-Source,0,0,1,0,Financial,8.0,734
ACC-1263,Ext-Acc-384688,Account,Receiver,7.5,0.0003,0.0,0.000268,0.1846,False,📄 Single-Source,0,0,1,0,Financial,8.0,735
ACC-0587,Ext-Acc-238652,Account,Sender,2.837245,0.0007,0.0,0.000134,0.1887,False,📄 Single-Source,0,0,1,0,Financial,8.0,736
ACC-1005,Ext-Acc-308781,Account,Receiver,7.5,0.0003,0.0,0.000263,0.1852,False,📄 Single-Source,0,0,1,0,Financial,8.0,737
ACC-0617,Ext-Acc-213606,Account,Sender,1.941805,0.0007,0.0,0.00011,0.191,False,📄 Single-Source,0,0,1,0,Financial,8.0,738
ACC-0634,Ext-Acc-259328,Account,Sender,1.81,0.0007,0.0,0.000109,0.1912,False,📄 Single-Source,0,0,1,0,Financial,8.0,739
ACC-0550,Ext-Acc-236747,Account,Sender,7.8723399999999994,0.0007,0.0,0.000249,0.1766,False,📄 Single-Source,0,0,1,0,Financial,7.99,740
ACC-0196,Ext-Acc-277820,Account,Sender,3.153835,0.0007,0.0,0.000142,0.1877,False,📄 Single-Source,0,0,1,0,Financial,7.99,741
ACC-1031,Ext-Acc-291057,Account,Sender,1.95334,0.0007,0.0002,0.000227,0.1707,False,📄 Single-Source,0,0,1,0,Financial,7.99,742
ACC-0877,Ext-Acc-273834,Account,Sender,3.5041,0.0007,0.0,0.000147,0.1871,False,📄 Single-Source,0,0,1,0,Financial,7.99,743
ACC-0487,Ext-Acc-214475,Account,Sender,2.455,0.0007,0.0002,0.000262,0.1672,False,📄 Single-Source,0,0,1,0,Financial,7.99,744
ACC-0712,Ext-Acc-227190,Account,Sender,3.04,0.0007,0.0,0.000139,0.188,False,📄 Single-Source,0,0,1,0,Financial,7.99,745
ACC-1172,Ext-Acc-279040,Account,Sender,2.8449999999999998,0.0007,0.0,0.000137,0.1881,False,📄 Single-Source,0,0,1,0,Financial,7.99,746
ACC-0184,Ext-Acc-257432,Account,Sender,1.85158,0.0007,0.0,0.000114,0.1904,False,📄 Single-Source,0,0,1,0,Financial,7.99,747
ACC-1207,Ext-Acc-218255,Account,Sender,2.573515,0.0007,0.0002,0.000266,0.1667,False,📄 Single-Source,0,0,1,0,Financial,7.99,748
ACC-1040,Ext-Acc-234295,Account,Sender,3.3970000000000002,0.0007,0.0,0.000152,0.1866,False,📄 Single-Source,0,0,1,0,Financial,7.99,749
ACC-1049,Ext-Acc-277526,Account,Sender,3.4192299999999998,0.0007,0.0,0.000147,0.1871,False,📄 Single-Source,0,0,1,0,Financial,7.99,750
ACC-1264,Ext-Acc-279362,Account,Sender,3.715,0.0007,0.0002,0.000321,0.1611,False,📄 Single-Source,0,0,1,0,Financial,7.99,751
ACC-0890,Ext-Acc-232602,Account,Sender,3.402355,0.0007,0.0,0.000142,0.1877,False,📄 Single-Source,0,0,1,0,Financial,7.99,752
ACC-1001,Ext-Acc-245617,Account,Sender,1.875355,0.0007,0.0,0.000112,0.1907,False,📄 Single-Source,0,0,1,0,Financial,7.99,753
ACC-1194,Ext-Acc-230991,Account,Sender,1.84,0.0007,0.0,0.000108,0.1908,False,📄 Single-Source,0,0,1,0,Financial,7.98,754
ACC-1247,Ext-Acc-277990,Account,Sender,1.960315,0.0007,0.0,0.000113,0.1902,False,📄 Single-Source,0,0,1,0,Financial,7.98,755
ACC-1073,Ext-Acc-264528,Account,Sender,1.903705,0.0007,0.0,0.00011,0.1906,False,📄 Single-Source,0,0,1,0,Financial,7.98,756
ACC-0249,Ext-Acc-252129,Account,Sender,1.961065,0.0007,0.0,0.000113,0.1904,False,📄 Single-Source,0,0,1,0,Financial,7.98,757
ACC-1368,Ext-Acc-247250,Account,Sender,1.7650000000000001,0.0007,0.0,0.000106,0.191,False,📄 Single-Source,0,0,1,0,Financial,7.98,758
VEH-0005,Tn-38-Zz-1071,Vehicle,SocialMention|Van,5.0,0.001,0.0,0.000164,0.1777,True,🔗 Cross-Verified,2,0,0,1,FIR|SocialMedia,7.98,759
ACC-0524,Ext-Acc-394687,Account,Receiver,7.5,0.0003,0.0,0.000272,0.1836,False,📄 Single-Source,0,0,1,0,Financial,7.98,760
ACC-0326,Ext-Acc-223839,Account,Sender,3.758125,0.0007,0.0,0.000157,0.1857,False,📄 Single-Source,0,0,1,0,Financial,7.98,761
ACC-0743,Ext-Acc-384390,Account,Receiver,7.5,0.0003,0.0,0.000272,0.1836,False,📄 Single-Source,0,0,1,0,Financial,7.98,762
ACC-1361,Ext-Acc-229723,Account,Sender,8.5,0.0007,0.0,0.000292,0.1721,False,📄 Single-Source,0,0,1,0,Financial,7.98,763
ACC-0878,Ext-Acc-247785,Account,Sender,1.908745,0.0007,0.0001,0.000111,0.1864,False,📄 Single-Source,0,0,1,0,Financial,7.98,764
VEH-0037,Tn-01-Zz-1053,Vehicle,Bus|SocialMention,5.5,0.001,0.0,0.00016,0.1781,True,🔗 Cross-Verified,2,0,0,3,FIR|SocialMedia,7.98,765
ACC-0597,Ext-Acc-214438,Account,Sender,7.5,0.0003,0.0,0.000249,0.186,False,📄 Single-Source,0,0,1,0,Financial,7.98,766
ACC-0688,Ext-Acc-297553,Account,Sender,1.83991,0.0007,0.0002,0.00022,0.1711,False,📄 Single-Source,0,0,1,0,Financial,7.98,767
ACC-1093,Ext-Acc-296841,Account,Sender,1.795,0.0007,0.0,0.000105,0.1909,False,📄 Single-Source,0,0,1,0,Financial,7.97,768
ACC-1221,Ext-Acc-265594,Account,Sender,3.06511,0.0007,0.0002,0.000298,0.163,False,📄 Single-Source,0,0,1,0,Financial,7.97,769
ACC-0918,Ext-Acc-278849,Account,Sender,2.937925,0.0007,0.0,0.000136,0.1878,False,📄 Single-Source,0,0,1,0,Financial,7.97,770
ACC-0996,Ext-Acc-288268,Account,Sender,1.795,0.0007,0.0,0.000109,0.1904,False,📄 Single-Source,0,0,1,0,Financial,7.97,771
ACC-0389,Ext-Acc-236418,Account,Sender,1.945,0.0007,0.0,0.00011,0.1904,False,📄 Single-Source,0,0,1,0,Financial,7.97,772
ACC-0200,Ext-Acc-253788,Account,Sender,2.219905,0.0007,0.0,0.000117,0.1897,False,📄 Single-Source,0,0,1,0,Financial,7.97,773
ACC-1033,Ext-Acc-344373,Account,Receiver,7.5,0.0003,0.0,0.000265,0.1842,False,📄 Single-Source,0,0,1,0,Financial,7.97,774
ACC-0900,Ext-Acc-302711,Account,Receiver,7.5,0.0003,0.0,0.000249,0.1857,False,📄 Single-Source,0,0,1,0,Financial,7.97,775
ACC-1309,Ext-Acc-358775,Account,Receiver,7.5,0.0003,0.0,0.000265,0.1842,False,📄 Single-Source,0,0,1,0,Financial,7.97,776
ACC-1365,Ext-Acc-270256,Account,Sender,7.5,0.0003,0.0,0.000249,0.1857,False,📄 Single-Source,0,0,1,0,Financial,7.97,777
ACC-0938,Ext-Acc-399307,Account,Receiver,7.5,0.0003,0.0,0.000265,0.1842,False,📄 Single-Source,0,0,1,0,Financial,7.97,778
ACC-0128,Ext-Acc-274691,Account,Sender,8.5,0.0007,0.0,0.000279,0.173,False,📄 Single-Source,0,0,1,0,Financial,7.97,779
ACC-1351,Ext-Acc-229528,Account,Sender,2.0271850000000002,0.0007,0.0002,0.000232,0.1697,False,📄 Single-Source,0,0,1,0,Financial,7.97,780
ACC-1074,Ext-Acc-208619,Account,Sender,2.82526,0.0007,0.0,0.000133,0.188,False,📄 Single-Source,0,0,1,0,Financial,7.97,781
ACC-1039,Ext-Acc-297033,Account,Sender,1.88164,0.0007,0.0,0.00011,0.1901,False,📄 Single-Source,0,0,1,0,Financial,7.96,782
ACC-0527,Ext-Acc-213473,Account,Sender,1.9473250000000002,0.0007,0.0,0.000111,0.1899,False,📄 Single-Source,0,0,1,0,Financial,7.96,783
ACC-0931,Ext-Acc-217723,Account,Sender,2.92063,0.0007,0.0,0.000136,0.1875,False,📄 Single-Source,0,0,1,0,Financial,7.96,784
ACC-0187,Ext-Acc-289381,Account,Sender,3.116755,0.0007,0.0002,0.000294,0.1632,False,📄 Single-Source,0,0,1,0,Financial,7.96,785
ACC-1133,Ext-Acc-222364,Account,Sender,8.14,0.0007,0.0,0.00025,0.1758,False,📄 Single-Source,0,0,1,0,Financial,7.96,786
ACC-0750,Ext-Acc-227946,Account,Sender,1.92577,0.0007,0.0,0.000111,0.1899,False,📄 Single-Source,0,0,1,0,Financial,7.96,787
ACC-0181,Ext-Acc-250678,Account,Sender,1.95343,0.0007,0.0,0.000113,0.1898,False,📄 Single-Source,0,0,1,0,Financial,7.96,788
ACC-0637,Ext-Acc-290660,Account,Sender,1.82827,0.0007,0.0,0.000108,0.1902,False,📄 Single-Source,0,0,1,0,Financial,7.96,789
ACC-0795,Ext-Acc-295389,Account,Sender,2.499385,0.0007,0.0,0.000127,0.1882,False,📄 Single-Source,0,0,1,0,Financial,7.96,790
ACC-0822,Ext-Acc-286074,Account,Sender,1.915,0.0007,0.0,0.000114,0.1895,False,📄 Single-Source,0,0,1,0,Financial,7.95,791
ACC-1179,Ext-Acc-205539,Account,Sender,2.37241,0.0007,0.0,0.00012,0.1888,False,📄 Single-Source,0,0,1,0,Financial,7.95,792
ACC-0735,Ext-Acc-258911,Account,Sender,1.96144,0.0007,0.0,0.000112,0.1897,False,📄 Single-Source,0,0,1,0,Financial,7.95,793
ACC-1458,Ext-Acc-279848,Account,Sender,2.395,0.0007,0.0,0.000124,0.1885,False,📄 Single-Source,0,0,1,0,Financial,7.95,794
ACC-0751,Ext-Acc-220701,Account,Sender,8.5,0.0007,0.0,0.000309,0.1694,False,📄 Single-Source,0,0,1,0,Financial,7.95,795
ACC-1275,Ext-Acc-255132,Account,Sender,2.29462,0.0007,0.0,0.00012,0.1889,False,📄 Single-Source,0,0,1,0,Financial,7.95,796
ACC-0138,Ext-Acc-231946,Account,Sender,2.511775,0.0007,0.0,0.000121,0.1888,False,📄 Single-Source,0,0,1,0,Financial,7.95,797
ACC-0851,Ext-Acc-324684,Account,Receiver,7.5,0.0003,0.0,0.000255,0.1847,False,📄 Single-Source,0,0,1,0,Financial,7.95,798
ACC-0729,Ext-Acc-277059,Account,Sender,1.9,0.0007,0.0,0.000112,0.1897,False,📄 Single-Source,0,0,1,0,Financial,7.95,799
ACC-0626,Ext-Acc-294030,Account,Sender,3.205,0.0007,0.0,0.000144,0.1862,False,📄 Single-Source,0,0,1,0,Financial,7.95,800
ACC-1339,Ext-Acc-276608,Account,Sender,1.8699999999999999,0.0007,0.0002,0.00022,0.1704,False,📄 Single-Source,0,0,1,0,Financial,7.95,801
ACC-1286,Ext-Acc-253444,Account,Sender,1.9581849999999998,0.0007,0.0,0.000115,0.1892,False,📄 Single-Source,0,0,1,0,Financial,7.95,802
ACC-0296,Ext-Acc-252873,Account,Sender,1.762885,0.0007,0.0001,0.000109,0.1858,False,📄 Single-Source,0,0,1,0,Financial,7.95,803
ACC-0917,Ext-Acc-272597,Account,Sender,1.937545,0.0007,0.0,0.00011,0.1899,False,📄 Single-Source,0,0,1,0,Financial,7.95,804
ACC-0320,Ext-Acc-296458,Account,Sender,2.89,0.0007,0.0002,0.000283,0.1641,False,📄 Single-Source,0,0,1,0,Financial,7.95,805
ACC-1364,Ext-Acc-287509,Account,Sender,2.774785,0.0007,0.0,0.00013,0.1875,False,📄 Single-Source,0,0,1,0,Financial,7.94,806
ACC-1155,Ext-Acc-229771,Account,Sender,7.5,0.0003,0.0,0.000248,0.1852,False,📄 Single-Source,0,0,1,0,Financial,7.94,807
ACC-0299,Ext-Acc-279194,Account,Sender,2.7883750000000003,0.0007,0.0002,0.00028,0.164,False,📄 Single-Source,0,0,1,0,Financial,7.94,808
ACC-0836,Ext-Acc-384651,Account,Receiver,7.5,0.0003,0.0,0.000248,0.1852,False,📄 Single-Source,0,0,1,0,Financial,7.94,809
ACC-1047,Ext-Acc-297280,Account,Sender,1.93,0.0007,0.0,0.000112,0.1893,False,📄 Single-Source,0,0,1,0,Financial,7.94,810
ACC-1405,Ext-Acc-287508,Account,Sender,3.72337,0.0007,0.0,0.000159,0.1845,False,📄 Single-Source,0,0,1,0,Financial,7.94,811
ACC-0256,Ext-Acc-217299,Account,Sender,2.6543650000000003,0.0007,0.0,0.000128,0.1878,False,📄 Single-Source,0,0,1,0,Financial,7.94,812
ACC-0864,Ext-Acc-224687,Account,Sender,2.721985,0.0007,0.0002,0.000279,0.1641,False,📄 Single-Source,0,0,1,0,Financial,7.94,813
ACC-1109,Ext-Acc-392548,Account,Receiver,7.5,0.0003,0.0,0.000248,0.1852,False,📄 Single-Source,0,0,1,0,Financial,7.94,814
ACC-1266,Ext-Acc-247357,Account,Sender,1.7650000000000001,0.0007,0.0,0.000106,0.1899,False,📄 Single-Source,0,0,1,0,Financial,7.94,815
ACC-0385,Ext-Acc-314378,Account,Receiver,7.5,0.0003,0.0,0.000248,0.1852,False,📄 Single-Source,0,0,1,0,Financial,7.94,816
ACC-0664,Ext-Acc-204634,Account,Sender,2.29192,0.0007,0.0,0.000121,0.1885,False,📄 Single-Source,0,0,1,0,Financial,7.94,817
ACC-1287,Ext-Acc-278750,Account,Sender,2.949985,0.0007,0.0002,0.000288,0.1631,False,📄 Single-Source,0,0,1,0,Financial,7.94,818
ACC-0674,Ext-Acc-285093,Account,Sender,1.881235,0.0007,0.0,0.000112,0.1894,False,📄 Single-Source,0,0,1,0,Financial,7.94,819
ACC-1219,Ext-Acc-275783,Account,Sender,1.784245,0.0007,0.0,0.000109,0.1896,False,📄 Single-Source,0,0,1,0,Financial,7.94,820
ACC-1232,Ext-Acc-298649,Account,Sender,1.83565,0.0007,0.0,0.000107,0.1897,False,📄 Single-Source,0,0,1,0,Financial,7.93,821
ACC-1453,Ext-Acc-232048,Account,Sender,1.867555,0.0007,0.0,0.00011,0.1893,False,📄 Single-Source,0,0,1,0,Financial,7.93,822
ACC-0379,Ext-Acc-280781,Account,Sender,2.283865,0.0007,0.0,0.000118,0.1884,False,📄 Single-Source,0,0,1,0,Financial,7.93,823
ACC-1167,Ext-Acc-230377,Account,Sender,1.791205,0.0007,0.0,0.000108,0.1896,False,📄 Single-Source,0,0,1,0,Financial,7.93,824
ACC-1122,Ext-Acc-262774,Account,Sender,1.91239,0.0007,0.0,0.000112,0.1891,False,📄 Single-Source,0,0,1,0,Financial,7.93,825
ACC-0281,Ext-Acc-389764,Account,Receiver,7.227405,0.0003,0.0,0.000249,0.1847,False,📄 Single-Source,0,0,1,0,Financial,7.93,826
ACC-0894,Ext-Acc-257060,Account,Sender,3.164665,0.0007,0.0,0.000139,0.186,False,📄 Single-Source,0,0,1,0,Financial,7.92,827
ACC-0131,Ext-Acc-238829,Account,Sender,3.055,0.0007,0.0,0.000137,0.1862,False,📄 Single-Source,0,0,1,0,Financial,7.92,828
ACC-0576,Ext-Acc-253145,Account,Sender,1.86193,0.0007,0.0,0.000116,0.1884,False,📄 Single-Source,0,0,1,0,Financial,7.92,829
VEH-0064,Tn-58-Zz-1035,Vehicle,Bus|SocialMention,5.5,0.001,0.0,0.000166,0.1761,True,🔗 Cross-Verified,2,0,0,1,FIR|SocialMedia,7.92,830
ACC-0905,Ext-Acc-260749,Account,Sender,2.433085,0.0007,0.0,0.000121,0.188,False,📄 Single-Source,0,0,1,0,Financial,7.92,831
ACC-0857,Ext-Acc-205750,Account,Sender,3.91495,0.0007,0.0,0.000165,0.1835,False,📄 Single-Source,0,0,1,0,Financial,7.92,832
ACC-0603,Ext-Acc-285749,Account,Sender,3.3175,0.0007,0.0,0.000143,0.1856,False,📄 Single-Source,0,0,1,0,Financial,7.92,833
ACC-0849,Ext-Acc-271302,Account,Sender,8.5,0.0007,0.0,0.000298,0.1698,False,📄 Single-Source,0,0,1,0,Financial,7.92,834
ACC-1114,Ext-Acc-274917,Account,Sender,3.79465,0.0007,0.0,0.000157,0.1841,False,📄 Single-Source,0,0,1,0,Financial,7.92,835
ACC-0416,Ext-Acc-202815,Account,Sender,1.885195,0.0007,0.0,0.000115,0.1885,False,📄 Single-Source,0,0,1,0,Financial,7.92,836
ACC-0341,Ext-Acc-278250,Account,Sender,1.89526,0.0007,0.0,0.000114,0.1886,False,📄 Single-Source,0,0,1,0,Financial,7.92,837
ACC-0093,Ext-Acc-255333,Account,Sender,1.8192849999999998,0.0007,0.0,0.000108,0.1891,False,📄 Single-Source,0,0,1,0,Financial,7.92,838
ACC-1325,Ext-Acc-252892,Account,Sender,3.0867250000000004,0.0007,0.0002,0.000301,0.1614,False,📄 Single-Source,0,0,1,0,Financial,7.92,839
ACC-1436,Ext-Acc-201003,Account,Sender,8.5,0.0007,0.0,0.000273,0.1723,False,📄 Single-Source,0,0,1,0,Financial,7.92,840
ACC-0536,Ext-Acc-206829,Account,Sender,1.903135,0.0007,0.0,0.000109,0.1892,False,📄 Single-Source,0,0,1,0,Financial,7.92,841
ACC-0961,Ext-Acc-286449,Account,Sender,1.78327,0.0007,0.0,0.000108,0.1893,False,📄 Single-Source,0,0,1,0,Financial,7.92,842
ACC-0995,Ext-Acc-267027,Account,Sender,1.85962,0.0007,0.0,0.000109,0.1891,False,📄 Single-Source,0,0,1,0,Financial,7.92,843
ACC-0820,Ext-Acc-261972,Account,Sender,3.399955,0.0007,0.0,0.000148,0.1851,False,📄 Single-Source,0,0,1,0,Financial,7.92,844
ACC-0638,Ext-Acc-290169,Account,Sender,1.8699999999999999,0.0007,0.0,0.000114,0.1886,False,📄 Single-Source,0,0,1,0,Financial,7.92,845
ACC-1441,Ext-Acc-253309,Account,Sender,1.9675449999999999,0.0007,0.0,0.000112,0.1888,False,📄 Single-Source,0,0,1,0,Financial,7.92,846
ACC-0097,Ext-Acc-209880,Account,Sender,1.89034,0.0007,0.0,0.00011,0.1888,False,📄 Single-Source,0,0,1,0,Financial,7.91,847
ACC-0874,Ext-Acc-264424,Account,Sender,1.882225,0.0007,0.0,0.000112,0.1885,False,📄 Single-Source,0,0,1,0,Financial,7.91,848
ACC-0804,Ext-Acc-259594,Account,Sender,2.432635,0.0007,0.0002,0.000262,0.165,False,📄 Single-Source,0,0,1,0,Financial,7.91,849
ACC-0960,Ext-Acc-356512,Account,Receiver,7.5,0.0003,0.0,0.000262,0.1828,False,📄 Single-Source,0,0,1,0,Financial,7.91,850
ACC-1459,Ext-Acc-249831,Account,Sender,2.071885,0.0007,0.0,0.000115,0.1882,False,📄 Single-Source,0,0,1,0,Financial,7.91,851
ACC-1236,Ext-Acc-218850,Account,Sender,1.84063,0.0007,0.0,0.000115,0.1883,False,📄 Single-Source,0,0,1,0,Financial,7.91,852
ACC-1273,Ext-Acc-252970,Account,Sender,1.919485,0.0007,0.0,0.000112,0.1885,False,📄 Single-Source,0,0,1,0,Financial,7.91,853
ACC-0886,Ext-Acc-262843,Account,Sender,2.018485,0.0007,0.0,0.000114,0.1883,False,📄 Single-Source,0,0,1,0,Financial,7.91,854
ACC-1434,Ext-Acc-370703,Account,Receiver,7.5,0.0003,0.0,0.000262,0.1828,False,📄 Single-Source,0,0,1,0,Financial,7.91,855
ACC-1189,Ext-Acc-204602,Account,Sender,2.2306150000000002,0.0007,0.0,0.000119,0.1878,False,📄 Single-Source,0,0,1,0,Financial,7.91,856
ACC-0456,Ext-Acc-234891,Account,Sender,8.5,0.0007,0.0,0.00028,0.1714,False,📄 Single-Source,0,0,1,0,Financial,7.91,857
ACC-0425,Ext-Acc-298991,Account,Sender,1.89361,0.0007,0.0002,0.000223,0.169,False,📄 Single-Source,0,0,1,0,Financial,7.91,858
ACC-0564,Ext-Acc-200697,Account,Sender,1.80817,0.0007,0.0,0.000107,0.1891,False,📄 Single-Source,0,0,1,0,Financial,7.91,859
ACC-0228,Ext-Acc-236749,Account,Sender,1.966495,0.0007,0.0002,0.000227,0.1686,False,📄 Single-Source,0,0,1,0,Financial,7.91,860
ACC-1153,Ext-Acc-270679,Account,Sender,1.836565,0.0007,0.0,0.000107,0.189,False,📄 Single-Source,0,0,1,0,Financial,7.91,861
ACC-0947,Ext-Acc-295777,Account,Sender,3.41746,0.0007,0.0,0.00015,0.1847,False,📄 Single-Source,0,0,1,0,Financial,7.91,862
ACC-1280,Ext-Acc-261067,Account,Sender,1.9969450000000002,0.0007,0.0002,0.000233,0.1679,False,📄 Single-Source,0,0,1,0,Financial,7.9,863
ACC-1310,Ext-Acc-248623,Account,Sender,1.913125,0.0007,0.0001,0.000111,0.1844,False,📄 Single-Source,0,0,1,0,Financial,7.9,864
ACC-1432,Ext-Acc-275825,Account,Sender,1.852825,0.0007,0.0002,0.000221,0.1691,False,📄 Single-Source,0,0,1,0,Financial,7.9,865
ACC-1417,Ext-Acc-310522,Account,Receiver,7.5,0.0003,0.0,0.000251,0.1838,False,📄 Single-Source,0,0,1,0,Financial,7.9,866
ACC-1399,Ext-Acc-200449,Account,Sender,3.0443350000000002,0.0007,0.0002,0.000289,0.1621,False,📄 Single-Source,0,0,1,0,Financial,7.9,867
ACC-0280,Ext-Acc-352654,Account,Receiver,7.5,0.0003,0.0,0.000251,0.1838,False,📄 Single-Source,0,0,1,0,Financial,7.9,868
ACC-1045,Ext-Acc-278409,Account,Sender,1.7899749999999999,0.0007,0.0,0.000111,0.1883,False,📄 Single-Source,0,0,1,0,Financial,7.9,869
ACC-0408,Ext-Acc-222273,Account,Sender,1.88572,0.0007,0.0,0.000107,0.1889,False,📄 Single-Source,0,0,1,0,Financial,7.9,870
ACC-0452,Ext-Acc-217499,Account,Sender,2.755,0.0007,0.0,0.000131,0.1864,False,📄 Single-Source,0,0,1,0,Financial,7.9,871
ACC-1243,Ext-Acc-334093,Account,Receiver,7.5,0.0003,0.0,0.000246,0.1842,False,📄 Single-Source,0,0,1,0,Financial,7.9,872
ACC-0457,Ext-Acc-203771,Account,Sender,8.5,0.0007,0.0,0.000273,0.1717,False,📄 Single-Source,0,0,1,0,Financial,7.9,873
ACC-1457,Ext-Acc-267486,Account,Sender,2.311705,0.0007,0.0,0.00012,0.1875,False,📄 Single-Source,0,0,1,0,Financial,7.9,874
ACC-1206,Ext-Acc-279588,Account,Sender,1.85689,0.0007,0.0,0.000111,0.1883,False,📄 Single-Source,0,0,1,0,Financial,7.9,875
ACC-0993,Ext-Acc-202993,Account,Sender,3.34438,0.0007,0.0002,0.000307,0.1601,False,📄 Single-Source,0,0,1,0,Financial,7.9,876
ACC-1169,Ext-Acc-345387,Account,Receiver,6.189870000000001,0.0003,0.0,0.000222,0.1868,False,📄 Single-Source,0,0,1,0,Financial,7.9,877
ACC-0708,Ext-Acc-303988,Account,Receiver,7.5,0.0003,0.0,0.000251,0.1838,False,📄 Single-Source,0,0,1,0,Financial,7.9,878
ACC-0559,Ext-Acc-287914,Account,Sender,3.0572049999999997,0.0007,0.0002,0.000298,0.1612,False,📄 Single-Source,0,0,1,0,Financial,7.9,879
ACC-0958,Ext-Acc-341182,Account,Receiver,7.5,0.0003,0.0,0.000252,0.1835,False,📄 Single-Source,0,0,1,0,Financial,7.89,880
ACC-0276,Ext-Acc-254870,Account,Sender,1.974175,0.0007,0.0002,0.000229,0.168,False,📄 Single-Source,0,0,1,0,Financial,7.89,881
ACC-1349,Ext-Acc-299931,Account,Sender,1.9608700000000001,0.0007,0.0,0.000112,0.188,False,📄 Single-Source,0,0,1,0,Financial,7.89,882
ACC-0494,Ext-Acc-282864,Account,Sender,1.88875,0.0007,0.0,0.00011,0.1883,False,📄 Single-Source,0,0,1,0,Financial,7.89,883
ACC-0970,Ext-Acc-254982,Account,Sender,1.862245,0.0007,0.0,0.000109,0.1884,False,📄 Single-Source,0,0,1,0,Financial,7.89,884
ACC-0166,Ext-Acc-274228,Account,Sender,2.0949999999999998,0.0007,0.0002,0.000239,0.1669,False,📄 Single-Source,0,0,1,0,Financial,7.89,885
ACC-0565,Ext-Acc-268506,Account,Sender,2.364325,0.0007,0.0002,0.000258,0.165,False,📄 Single-Source,0,0,1,0,Financial,7.89,886
ACC-0988,Ext-Acc-265289,Account,Sender,1.96021,0.0007,0.0,0.000111,0.1881,False,📄 Single-Source,0,0,1,0,Financial,7.89,887
ACC-0574,Ext-Acc-229984,Account,Sender,1.834345,0.0007,0.0,0.000109,0.1882,False,📄 Single-Source,0,0,1,0,Financial,7.89,888
ACC-0238,Ext-Acc-290663,Account,Sender,2.3049999999999997,0.0007,0.0,0.000121,0.1872,False,📄 Single-Source,0,0,1,0,Financial,7.89,889
ACC-1182,Ext-Acc-215163,Account,Sender,2.142475,0.0007,0.0,0.000119,0.1874,False,📄 Single-Source,0,0,1,0,Financial,7.89,890
ACC-0111,Ext-Acc-353964,Account,Receiver,7.5,0.0003,0.0,0.000252,0.1835,False,📄 Single-Source,0,0,1,0,Financial,7.89,891
ACC-0980,Ext-Acc-296606,Account,Sender,2.0028699999999997,0.0007,0.0,0.000116,0.1874,False,📄 Single-Source,0,0,1,0,Financial,7.88,892
ACC-0998,Ext-Acc-208653,Account,Sender,2.818915,0.0007,0.0002,0.000284,0.1619,False,📄 Single-Source,0,0,1,0,Financial,7.88,893
ACC-0140,Ext-Acc-285461,Account,Sender,1.902535,0.0007,0.0002,0.000224,0.1682,False,📄 Single-Source,0,0,1,0,Financial,7.88,894
ACC-0460,Ext-Acc-305346,Account,Receiver,7.5,0.0003,0.0,0.000262,0.182,False,📄 Single-Source,0,0,1,0,Financial,7.88,895
ACC-1347,Ext-Acc-293646,Account,Sender,8.5,0.0007,0.0,0.0003,0.1685,False,📄 Single-Source,0,0,1,0,Financial,7.88,896
ACC-0762,Ext-Acc-220002,Account,Sender,1.888585,0.0007,0.0,0.000114,0.1876,False,📄 Single-Source,0,0,1,0,Financial,7.88,897
ACC-0338,Ext-Acc-216389,Account,Sender,2.289835,0.0007,0.0002,0.000248,0.1658,False,📄 Single-Source,0,0,1,0,Financial,7.88,898
ACC-1307,Ext-Acc-238832,Account,Sender,7.5,0.0003,0.0,0.000252,0.1831,False,📄 Single-Source,0,0,1,0,Financial,7.88,899
ACC-0499,Ext-Acc-304822,Account,Receiver,7.5,0.0003,0.0,0.000262,0.182,False,📄 Single-Source,0,0,1,0,Financial,7.88,900
ACC-1420,Ext-Acc-287464,Account,Sender,1.862665,0.0007,0.0002,0.00022,0.1685,False,📄 Single-Source,0,0,1,0,Financial,7.88,901
ACC-0604,Ext-Acc-250807,Account,Sender,7.5,0.0003,0.0,0.000262,0.182,False,📄 Single-Source,0,0,1,0,Financial,7.88,902
ACC-0349,Ext-Acc-257503,Account,Sender,1.790605,0.0007,0.0002,0.000216,0.169,False,📄 Single-Source,0,0,1,0,Financial,7.88,903
ACC-0336,Ext-Acc-336009,Account,Receiver,7.5,0.0003,0.0,0.000262,0.182,False,📄 Single-Source,0,0,1,0,Financial,7.88,904
ACC-0658,Ext-Acc-258258,Account,Sender,1.93519,0.0007,0.0,0.000112,0.1877,False,📄 Single-Source,0,0,1,0,Financial,7.88,905
ACC-0215,Ext-Acc-296365,Account,Sender,2.159365,0.0007,0.0002,0.00025,0.1654,False,📄 Single-Source,0,0,1,0,Financial,7.88,906
ACC-0925,Ext-Acc-255096,Account,Sender,1.78414,0.0007,0.0,0.000108,0.1879,False,📄 Single-Source,0,0,1,0,Financial,7.87,907
ACC-0506,Ext-Acc-346890,Account,Receiver,7.5,0.0003,0.0,0.000262,0.1819,False,📄 Single-Source,0,0,1,0,Financial,7.87,908
ACC-0257,Ext-Acc-252163,Account,Sender,1.92997,0.0007,0.0,0.000112,0.1874,False,📄 Single-Source,0,0,1,0,Financial,7.87,909
ACC-0920,Ext-Acc-271901,Account,Sender,1.78,0.0007,0.0,0.000105,0.1882,False,📄 Single-Source,0,0,1,0,Financial,7.87,910
ACC-0261,Ext-Acc-215117,Account,Sender,7.5,0.0003,0.0,0.000262,0.1819,False,📄 Single-Source,0,0,1,0,Financial,7.87,911
ACC-0615,Ext-Acc-285054,Account,Sender,1.890805,0.0007,0.0002,0.000225,0.1677,False,📄 Single-Source,0,0,1,0,Financial,7.87,912
ACC-0171,Ext-Acc-284278,Account,Sender,2.568595,0.0007,0.0,0.000128,0.1859,False,📄 Single-Source,0,0,1,0,Financial,7.87,913
ACC-1404,Ext-Acc-229264,Account,Sender,7.5,0.0003,0.0,0.000272,0.1809,False,📄 Single-Source,0,0,1,0,Financial,7.87,914
ACC-0599,Ext-Acc-209669,Account,Sender,1.795,0.0007,0.0,0.000107,0.1879,False,📄 Single-Source,0,0,1,0,Financial,7.87,915
ACC-0944,Ext-Acc-304555,Account,Receiver,7.5,0.0003,0.0,0.000272,0.1809,False,📄 Single-Source,0,0,1,0,Financial,7.87,916
ACC-0422,Ext-Acc-287394,Account,Sender,1.855,0.0007,0.0,0.000112,0.1874,False,📄 Single-Source,0,0,1,0,Financial,7.87,917
ACC-1023,Ext-Acc-247358,Account,Sender,1.78,0.0007,0.0,0.000106,0.1881,False,📄 Single-Source,0,0,1,0,Financial,7.87,918
ACC-1108,Ext-Acc-361543,Account,Receiver,7.5,0.0003,0.0,0.000262,0.1819,False,📄 Single-Source,0,0,1,0,Financial,7.87,919
ACC-1398,Ext-Acc-349554,Account,Receiver,7.5,0.0003,0.0,0.000272,0.1809,False,📄 Single-Source,0,0,1,0,Financial,7.87,920
ACC-0359,Ext-Acc-302844,Account,Receiver,7.5,0.0003,0.0,0.000272,0.1809,False,📄 Single-Source,0,0,1,0,Financial,7.87,921
ACC-1412,Ext-Acc-218258,Account,Sender,7.398405,0.0003,0.0,0.000269,0.1809,False,📄 Single-Source,0,0,1,0,Financial,7.86,922
ACC-0314,Ext-Acc-253429,Account,Sender,1.93,0.0007,0.0,0.000109,0.1876,False,📄 Single-Source,0,0,1,0,Financial,7.86,923
ACC-1022,Ext-Acc-211835,Account,Sender,2.17,0.0007,0.0,0.000118,0.1865,False,📄 Single-Source,0,0,1,0,Financial,7.86,924
ACC-0898,Ext-Acc-308231,Account,Receiver,7.5,0.0003,0.0,0.000267,0.1811,False,📄 Single-Source,0,0,1,0,Financial,7.86,925
ACC-0950,Ext-Acc-256344,Account,Sender,1.93,0.0007,0.0,0.00011,0.1874,False,📄 Single-Source,0,0,1,0,Financial,7.86,926
ACC-0391,Ext-Acc-233468,Account,Sender,2.92579,0.0007,0.0002,0.000283,0.1615,False,📄 Single-Source,0,0,1,0,Financial,7.86,927
ACC-0957,Ext-Acc-221098,Account,Sender,2.0644,0.0007,0.0,0.000113,0.1872,False,📄 Single-Source,0,0,1,0,Financial,7.86,928
ACC-0244,Ext-Acc-299615,Account,Sender,1.93837,0.0007,0.0002,0.000226,0.1674,False,📄 Single-Source,0,0,1,0,Financial,7.86,929
ACC-0159,Ext-Acc-214408,Account,Sender,1.951255,0.0007,0.0002,0.000232,0.1667,False,📄 Single-Source,0,0,1,0,Financial,7.86,930
ACC-0193,Ext-Acc-275718,Account,Sender,1.883995,0.0007,0.0002,0.000229,0.1672,False,📄 Single-Source,0,0,1,0,Financial,7.86,931
ACC-1046,Ext-Acc-293282,Account,Sender,1.96,0.0007,0.0,0.000112,0.1871,False,📄 Single-Source,0,0,1,0,Financial,7.86,932
ACC-0681,Ext-Acc-258837,Account,Sender,3.11254,0.0007,0.0002,0.000303,0.1594,False,📄 Single-Source,0,0,1,0,Financial,7.85,933
ACC-1290,Ext-Acc-286274,Account,Sender,2.239795,0.0007,0.0002,0.000245,0.1653,False,📄 Single-Source,0,0,1,0,Financial,7.85,934
ACC-0284,Ext-Acc-267276,Account,Sender,1.7900049999999998,0.0007,0.0,0.00011,0.1872,False,📄 Single-Source,0,0,1,0,Financial,7.85,935
ACC-1165,Ext-Acc-256063,Account,Sender,1.830145,0.0007,0.0,0.000107,0.1875,False,📄 Single-Source,0,0,1,0,Financial,7.85,936
ACC-0092,Ext-Acc-352350,Account,Receiver,7.351545000000001,0.0003,0.0,0.000263,0.1811,False,📄 Single-Source,0,0,1,0,Financial,7.85,937
ACC-0543,Ext-Acc-200841,Account,Sender,1.92862,0.0007,0.0002,0.000226,0.1672,False,📄 Single-Source,0,0,1,0,Financial,7.85,938
ACC-0437,Ext-Acc-267032,Account,Sender,1.879705,0.0007,0.0,0.000112,0.1869,False,📄 Single-Source,0,0,1,0,Financial,7.85,939
ACC-0401,Ext-Acc-263766,Account,Sender,1.81,0.0007,0.0,0.000106,0.1876,False,📄 Single-Source,0,0,1,0,Financial,7.85,940
ACC-1036,Ext-Acc-207966,Account,Sender,1.818175,0.0007,0.0002,0.000218,0.1679,False,📄 Single-Source,0,0,1,0,Financial,7.85,941
ACC-0484,Ext-Acc-201035,Account,Sender,1.85677,0.0007,0.0002,0.000224,0.1673,False,📄 Single-Source,0,0,1,0,Financial,7.85,942
ACC-0355,Ext-Acc-292084,Account,Sender,1.856185,0.0007,0.0002,0.000219,0.1675,False,📄 Single-Source,0,0,1,0,Financial,7.84,943
ACC-0453,Ext-Acc-284817,Account,Sender,1.821835,0.0007,0.0,0.000109,0.1869,False,📄 Single-Source,0,0,1,0,Financial,7.84,944
ACC-0218,Ext-Acc-273044,Account,Sender,1.776925,0.0007,0.0,0.000104,0.1874,False,📄 Single-Source,0,0,1,0,Financial,7.84,945
ACC-0428,Ext-Acc-290996,Account,Sender,2.995,0.0007,0.0002,0.000297,0.1597,False,📄 Single-Source,0,0,1,0,Financial,7.84,946
ACC-0361,Ext-Acc-215799,Account,Sender,2.01997,0.0007,0.0002,0.000241,0.1654,False,📄 Single-Source,0,0,1,0,Financial,7.84,947
ACC-1086,Ext-Acc-296309,Account,Sender,1.93306,0.0007,0.0,0.00011,0.1869,False,📄 Single-Source,0,0,1,0,Financial,7.84,948
ACC-0197,Ext-Acc-295069,Account,Sender,1.918615,0.0007,0.0002,0.000229,0.1667,False,📄 Single-Source,0,0,1,0,Financial,7.84,949
ACC-0202,Ext-Acc-237880,Account,Sender,1.84321,0.0007,0.0002,0.000222,0.1672,False,📄 Single-Source,0,0,1,0,Financial,7.84,950
ACC-0124,Ext-Acc-278697,Account,Sender,1.86277,0.0007,0.0002,0.000224,0.1671,False,📄 Single-Source,0,0,1,0,Financial,7.84,951
ACC-0666,Ext-Acc-211211,Account,Sender,2.1268149999999997,0.0007,0.0002,0.000239,0.1655,False,📄 Single-Source,0,0,1,0,Financial,7.84,952
ACC-0669,Ext-Acc-202112,Account,Sender,1.815175,0.0007,0.0002,0.000217,0.1677,False,📄 Single-Source,0,0,1,0,Financial,7.84,953
ACC-0526,Ext-Acc-220119,Account,Sender,7.5,0.0003,0.0,0.000257,0.1814,False,📄 Single-Source,0,0,1,0,Financial,7.83,954
ACC-0749,Ext-Acc-388208,Account,Receiver,7.5,0.0003,0.0,0.000257,0.1814,False,📄 Single-Source,0,0,1,0,Financial,7.83,955
ACC-0896,Ext-Acc-255358,Account,Sender,2.004265,0.0007,0.0002,0.000236,0.1657,False,📄 Single-Source,0,0,1,0,Financial,7.83,956
ACC-0498,Ext-Acc-216353,Account,Sender,1.7623600000000001,0.0007,0.0,0.000106,0.187,False,📄 Single-Source,0,0,1,0,Financial,7.83,957
ACC-1233,Ext-Acc-265962,Account,Sender,1.7650000000000001,0.0007,0.0002,0.00022,0.1672,False,📄 Single-Source,0,0,1,0,Financial,7.83,958
ACC-0315,Ext-Acc-209514,Account,Sender,2.315155,0.0007,0.0,0.000128,0.1847,False,📄 Single-Source,0,0,1,0,Financial,7.83,959
ACC-1408,Ext-Acc-248661,Account,Sender,1.855,0.0007,0.0,0.000115,0.186,False,📄 Single-Source,0,0,1,0,Financial,7.83,960
ACC-0629,Ext-Acc-315913,Account,Receiver,6.2250000000000005,0.0003,0.0,0.000224,0.1847,False,📄 Single-Source,0,0,1,0,Financial,7.83,961
ACC-1350,Ext-Acc-286684,Account,Sender,1.84,0.0007,0.0,0.00011,0.1865,False,📄 Single-Source,0,0,1,0,Financial,7.83,962
ACC-0285,Ext-Acc-236094,Account,Sender,1.87219,0.0007,0.0,0.00011,0.1867,False,📄 Single-Source,0,0,1,0,Financial,7.83,963
ACC-0282,Ext-Acc-266207,Account,Sender,1.87762,0.0007,0.0,0.000111,0.1866,False,📄 Single-Source,0,0,1,0,Financial,7.83,964
ACC-1321,Ext-Acc-266352,Account,Sender,1.83091,0.0007,0.0002,0.000221,0.1672,False,📄 Single-Source,0,0,1,0,Financial,7.83,965
ACC-0903,Ext-Acc-370098,Account,Receiver,7.5,0.0003,0.0,0.000257,0.1814,False,📄 Single-Source,0,0,1,0,Financial,7.83,966
ACC-0953,Ext-Acc-241116,Account,Sender,1.8046900000000001,0.0007,0.0,0.000107,0.187,False,📄 Single-Source,0,0,1,0,Financial,7.83,967
ACC-1391,Ext-Acc-209483,Account,Sender,1.78747,0.0007,0.0002,0.00022,0.1669,False,📄 Single-Source,0,0,1,0,Financial,7.82,968
ACC-0782,Ext-Acc-263871,Account,Sender,1.937335,0.0007,0.0002,0.000233,0.1656,False,📄 Single-Source,0,0,1,0,Financial,7.82,969
ACC-0262,Ext-Acc-272465,Account,Sender,1.83658,0.0007,0.0002,0.000221,0.167,False,📄 Single-Source,0,0,1,0,Financial,7.82,970
ACC-0831,Ext-Acc-229899,Account,Sender,1.8709449999999999,0.0007,0.0,0.000111,0.1862,False,📄 Single-Source,0,0,1,0,Financial,7.82,971
ACC-1020,Ext-Acc-278602,Account,Sender,1.855,0.0007,0.0,0.000107,0.1867,False,📄 Single-Source,0,0,1,0,Financial,7.82,972
ACC-0985,Ext-Acc-328062,Account,Receiver,6.17121,0.0003,0.0,0.000226,0.1843,False,📄 Single-Source,0,0,1,0,Financial,7.82,973
ACC-0621,Ext-Acc-245453,Account,Sender,1.939765,0.0007,0.0,0.00011,0.1864,False,📄 Single-Source,0,0,1,0,Financial,7.82,974
ACC-0818,Ext-Acc-258538,Account,Sender,1.9,0.0007,0.0,0.000108,0.1866,False,📄 Single-Source,0,0,1,0,Financial,7.82,975
ACC-0808,Ext-Acc-269147,Account,Sender,1.901875,0.0007,0.0002,0.000225,0.1664,False,📄 Single-Source,0,0,1,0,Financial,7.82,976
ACC-0636,Ext-Acc-228780,Account,Sender,1.885,0.0007,0.0,0.000115,0.1859,False,📄 Single-Source,0,0,1,0,Financial,7.82,977
ACC-0787,Ext-Acc-204885,Account,Sender,1.7638,0.0007,0.0002,0.000218,0.1669,False,📄 Single-Source,0,0,1,0,Financial,7.81,978
ACC-0675,Ext-Acc-279574,Account,Sender,1.962955,0.0007,0.0,0.000113,0.1859,False,📄 Single-Source,0,0,1,0,Financial,7.81,979
ACC-0684,Ext-Acc-298758,Account,Sender,1.89319,0.0007,0.0,0.00011,0.1861,False,📄 Single-Source,0,0,1,0,Financial,7.81,980
ACC-0266,Ext-Acc-241688,Account,Sender,1.94677,0.0007,0.0,0.000112,0.1858,False,📄 Single-Source,0,0,1,0,Financial,7.81,981
ACC-0551,Ext-Acc-391803,Account,Receiver,7.5,0.0003,0.0,0.000255,0.181,False,📄 Single-Source,0,0,1,0,Financial,7.81,982
ACC-0844,Ext-Acc-219350,Account,Sender,3.57865,0.0007,0.0002,0.000314,0.157,False,📄 Single-Source,0,0,1,0,Financial,7.81,983
ACC-1370,Ext-Acc-244993,Account,Sender,7.5,0.0003,0.0,0.000255,0.181,False,📄 Single-Source,0,0,1,0,Financial,7.81,984
ACC-1064,Ext-Acc-287030,Account,Sender,1.83043,0.0007,0.0,0.000115,0.1857,False,📄 Single-Source,0,0,1,0,Financial,7.81,985
ACC-0274,Ext-Acc-375082,Account,Receiver,7.5,0.0003,0.0,0.000255,0.181,False,📄 Single-Source,0,0,1,0,Financial,7.81,986
ACC-0731,Ext-Acc-317261,Account,Receiver,6.885,0.0003,0.0,0.000256,0.1809,False,📄 Single-Source,0,0,1,0,Financial,7.81,987
ACC-0553,Ext-Acc-276072,Account,Sender,3.7741,0.0007,0.0002,0.00032,0.1566,False,📄 Single-Source,0,0,1,0,Financial,7.81,988
ACC-0962,Ext-Acc-209535,Account,Sender,1.8697300000000001,0.0007,0.0002,0.000224,0.1663,False,📄 Single-Source,0,0,1,0,Financial,7.81,989
ACC-1378,Ext-Acc-212531,Account,Sender,1.78,0.0007,0.0002,0.000217,0.1668,False,📄 Single-Source,0,0,1,0,Financial,7.8,990
ACC-0717,Ext-Acc-237118,Account,Sender,2.256775,0.0007,0.0002,0.000251,0.1634,False,📄 Single-Source,0,0,1,0,Financial,7.8,991
ACC-1137,Ext-Acc-306553,Account,Receiver,5.3257650000000005,0.0003,0.0,0.000206,0.1858,False,📄 Single-Source,0,0,1,0,Financial,7.8,992
ACC-0643,Ext-Acc-286424,Account,Sender,1.9396,0.0007,0.0002,0.000234,0.1651,False,📄 Single-Source,0,0,1,0,Financial,7.8,993
ACC-0459,Ext-Acc-219826,Account,Sender,1.81,0.0007,0.0,0.000108,0.1859,False,📄 Single-Source,0,0,1,0,Financial,7.8,994
ACC-0683,Ext-Acc-256431,Account,Sender,1.8250000000000002,0.0007,0.0,0.000107,0.1862,False,📄 Single-Source,0,0,1,0,Financial,7.8,995
ACC-0736,Ext-Acc-231367,Account,Sender,1.8250000000000002,0.0007,0.0,0.000109,0.186,False,📄 Single-Source,0,0,1,0,Financial,7.8,996
ACC-0672,Ext-Acc-266951,Account,Sender,3.32788,0.0007,0.0002,0.000308,0.1571,False,📄 Single-Source,0,0,1,0,Financial,7.79,997
ACC-1211,Ext-Acc-273402,Account,Sender,1.786045,0.0007,0.0002,0.000216,0.1667,False,📄 Single-Source,0,0,1,0,Financial,7.79,998
ACC-1358,Ext-Acc-230395,Account,Sender,1.830775,0.0007,0.0002,0.000221,0.1661,False,📄 Single-Source,0,0,1,0,Financial,7.79,999
ACC-0357,Ext-Acc-241307,Account,Sender,1.913125,0.0007,0.0,0.000112,0.1854,False,📄 Single-Source,0,0,1,0,Financial,7.79,1000
ACC-0622,Ext-Acc-228351,Account,Sender,1.79155,0.0007,0.0002,0.000218,0.1663,False,📄 Single-Source,0,0,1,0,Financial,7.79,1001
ACC-0641,Ext-Acc-238097,Account,Sender,2.35,0.0007,0.0002,0.000258,0.1622,False,📄 Single-Source,0,0,1,0,Financial,7.79,1002
ACC-0152,Ext-Acc-211813,Account,Sender,1.7899749999999999,0.0007,0.0002,0.000216,0.1666,False,📄 Single-Source,0,0,1,0,Financial,7.79,1003
ACC-0417,Ext-Acc-269489,Account,Sender,3.175,0.0007,0.0002,0.000301,0.1579,False,📄 Single-Source,0,0,1,0,Financial,7.79,1004
ACC-0598,Ext-Acc-231784,Account,Sender,1.928485,0.0007,0.0,0.000115,0.1851,False,📄 Single-Source,0,0,1,0,Financial,7.79,1005
ACC-0725,Ext-Acc-231994,Account,Sender,2.14,0.0007,0.0002,0.000241,0.1641,False,📄 Single-Source,0,0,1,0,Financial,7.79,1006
ACC-0932,Ext-Acc-287147,Account,Sender,1.9436650000000002,0.0007,0.0002,0.000228,0.1654,False,📄 Single-Source,0,0,1,0,Financial,7.79,1007
ACC-0496,Ext-Acc-243051,Account,Sender,1.8699999999999999,0.0007,0.0,0.00011,0.1852,False,📄 Single-Source,0,0,1,0,Financial,7.78,1008
ACC-0832,Ext-Acc-254997,Account,Sender,1.97137,0.0007,0.0002,0.00024,0.1638,False,📄 Single-Source,0,0,1,0,Financial,7.78,1009
ACC-0191,Ext-Acc-272260,Account,Sender,1.975,0.0007,0.0,0.000114,0.1849,False,📄 Single-Source,0,0,1,0,Financial,7.78,1010
ACC-1413,Ext-Acc-249358,Account,Sender,1.883845,0.0007,0.0002,0.000228,0.165,False,📄 Single-Source,0,0,1,0,Financial,7.78,1011
ACC-0327,Ext-Acc-266107,Account,Sender,1.9085800000000002,0.0007,0.0002,0.000226,0.1654,False,📄 Single-Source,0,0,1,0,Financial,7.78,1012
ACC-1160,Ext-Acc-202369,Account,Sender,3.384955,0.0007,0.0002,0.000308,0.1568,False,📄 Single-Source,0,0,1,0,Financial,7.78,1013
ACC-0113,Ext-Acc-243404,Account,Sender,1.90018,0.0007,0.0002,0.000225,0.1653,False,📄 Single-Source,0,0,1,0,Financial,7.78,1014
ACC-1226,Ext-Acc-218617,Account,Sender,1.830775,0.0007,0.0,0.000113,0.1849,False,📄 Single-Source,0,0,1,0,Financial,7.78,1015
ACC-1138,Ext-Acc-298099,Account,Sender,1.8461349999999999,0.0007,0.0,0.000111,0.185,False,📄 Single-Source,0,0,1,0,Financial,7.77,1016
ACC-1134,Ext-Acc-202147,Account,Sender,2.495635,0.0007,0.0,0.000127,0.1833,False,📄 Single-Source,0,0,1,0,Financial,7.77,1017
ACC-1097,Ext-Acc-247798,Account,Sender,1.96,0.0007,0.0,0.000114,0.1846,False,📄 Single-Source,0,0,1,0,Financial,7.77,1018
ACC-0730,Ext-Acc-227608,Account,Sender,1.91986,0.0007,0.0,0.000109,0.1852,False,📄 Single-Source,0,0,1,0,Financial,7.77,1019
ACC-0538,Ext-Acc-216315,Account,Sender,1.82023,0.0007,0.0,0.000109,0.1852,False,📄 Single-Source,0,0,1,0,Financial,7.77,1020
ACC-1344,Ext-Acc-247423,Account,Sender,2.06704,0.0007,0.0002,0.000238,0.1637,False,📄 Single-Source,0,0,1,0,Financial,7.77,1021
ACC-0224,Ext-Acc-285182,Account,Sender,1.8699999999999999,0.0007,0.0002,0.000223,0.1653,False,📄 Single-Source,0,0,1,0,Financial,7.77,1022
ACC-1124,Ext-Acc-372794,Account,Receiver,5.481405,0.0003,0.0,0.000205,0.1847,False,📄 Single-Source,0,0,1,0,Financial,7.76,1023
ACC-1422,Ext-Acc-234102,Account,Sender,1.825975,0.0007,0.0,0.000109,0.1849,False,📄 Single-Source,0,0,1,0,Financial,7.76,1024
ACC-0557,Ext-Acc-282178,Account,Sender,1.877575,0.0007,0.0002,0.000223,0.165,False,📄 Single-Source,0,0,1,0,Financial,7.76,1025
ACC-0651,Ext-Acc-203463,Account,Sender,1.83181,0.0007,0.0002,0.00022,0.1651,False,📄 Single-Source,0,0,1,0,Financial,7.75,1026
ACC-0885,Ext-Acc-213275,Account,Sender,1.918075,0.0007,0.0,0.000112,0.1843,False,📄 Single-Source,0,0,1,0,Financial,7.75,1027
ACC-0373,Ext-Acc-234034,Account,Sender,1.8957700000000002,0.0007,0.0,0.00011,0.1846,False,📄 Single-Source,0,0,1,0,Financial,7.75,1028
ACC-1396,Ext-Acc-249669,Account,Sender,1.795,0.0007,0.0,0.000108,0.1848,False,📄 Single-Source,0,0,1,0,Financial,7.75,1029
ACC-1016,Ext-Acc-287854,Account,Sender,1.76809,0.0007,0.0002,0.000221,0.1651,False,📄 Single-Source,0,0,1,0,Financial,7.75,1030
ACC-0170,Ext-Acc-229041,Account,Sender,1.885,0.0007,0.0,0.000114,0.1837,False,📄 Single-Source,0,0,1,0,Financial,7.74,1031
ACC-1071,Ext-Acc-223998,Account,Sender,2.995915,0.0007,0.0002,0.000289,0.1577,False,📄 Single-Source,0,0,1,0,Financial,7.74,1032
ACC-0765,Ext-Acc-247167,Account,Sender,1.85089,0.0007,0.0,0.000109,0.1844,False,📄 Single-Source,0,0,1,0,Financial,7.74,1033
ACC-0205,Ext-Acc-299078,Account,Sender,1.945,0.0007,0.0002,0.00023,0.1636,False,📄 Single-Source,0,0,1,0,Financial,7.73,1034
ACC-0773,Ext-Acc-267435,Account,Sender,1.84129,0.0007,0.0002,0.00022,0.1644,False,📄 Single-Source,0,0,1,0,Financial,7.72,1035
ACC-1006,Ext-Acc-270851,Account,Sender,1.7964099999999998,0.0007,0.0002,0.000226,0.1638,False,📄 Single-Source,0,0,1,0,Financial,7.72,1036
ACC-0252,Ext-Acc-215806,Account,Sender,1.813765,0.0007,0.0002,0.000217,0.1643,False,📄 Single-Source,0,0,1,0,Financial,7.71,1037
ACC-1447,Ext-Acc-291235,Account,Sender,1.91857,0.0007,0.0002,0.000228,0.1631,False,📄 Single-Source,0,0,1,0,Financial,7.7,1038
ACC-1252,Ext-Acc-238606,Account,Sender,2.5,0.0007,0.0002,0.000263,0.1594,False,📄 Single-Source,0,0,1,0,Financial,7.7,1039
ACC-1274,Ext-Acc-347623,Account,Receiver,4.046475,0.0003,0.0,0.000171,0.1864,False,📄 Single-Source,0,0,1,0,Financial,7.69,1040
ACC-0802,Ext-Acc-240850,Account,Sender,1.885,0.0007,0.0002,0.000224,0.1632,False,📄 Single-Source,0,0,1,0,Financial,7.69,1041
ACC-0696,Ext-Acc-204728,Account,Sender,1.8552849999999999,0.0007,0.0002,0.000224,0.163,False,📄 Single-Source,0,0,1,0,Financial,7.69,1042
ACC-0366,Ext-Acc-274120,Account,Sender,1.946515,0.0007,0.0002,0.000234,0.1622,False,📄 Single-Source,0,0,1,0,Financial,7.69,1043
ACC-0298,Ext-Acc-221679,Account,Sender,5.58391,0.0007,0.0,0.000207,0.1727,False,📄 Single-Source,0,0,1,0,Financial,7.68,1044
ACC-0482,Ext-Acc-247418,Account,Sender,1.955635,0.0007,0.0002,0.00023,0.1623,False,📄 Single-Source,0,0,1,0,Financial,7.68,1045
ACC-0982,Ext-Acc-287789,Account,Sender,2.377075,0.0007,0.0002,0.000256,0.1596,False,📄 Single-Source,0,0,1,0,Financial,7.68,1046
ACC-0247,Ext-Acc-289037,Account,Sender,2.20813,0.0007,0.0002,0.000243,0.1609,False,📄 Single-Source,0,0,1,0,Financial,7.68,1047
ACC-0509,Ext-Acc-216575,Account,Sender,1.777495,0.0007,0.0002,0.000216,0.1637,False,📄 Single-Source,0,0,1,0,Financial,7.68,1048
ACC-0612,Ext-Acc-297365,Account,Sender,1.87021,0.0007,0.0002,0.000223,0.1628,False,📄 Single-Source,0,0,1,0,Financial,7.67,1049
ACC-0192,Ext-Acc-254602,Account,Sender,3.1628950000000002,0.0007,0.0,0.000144,0.1789,False,📄 Single-Source,0,0,1,0,Financial,7.67,1050
ACC-0232,Ext-Acc-210752,Account,Sender,1.8532449999999998,0.0007,0.0003,0.000111,0.1702,False,📄 Single-Source,0,0,1,0,Financial,7.67,1051
ACC-0154,Ext-Acc-252089,Account,Sender,2.029735,0.0007,0.0002,0.000238,0.1609,False,📄 Single-Source,0,0,1,0,Financial,7.66,1052
ACC-1083,Ext-Acc-329968,Account,Receiver,4.8610050000000005,0.0003,0.0,0.000187,0.1838,False,📄 Single-Source,0,0,1,0,Financial,7.65,1053
ACC-0335,Ext-Acc-246665,Account,Sender,2.9122500000000002,0.0003,0.0,0.00014,0.1885,False,📄 Single-Source,0,0,1,0,Financial,7.65,1054
ACC-0722,Ext-Acc-293326,Account,Sender,3.642505,0.0007,0.0,0.000154,0.1773,False,📄 Single-Source,0,0,1,0,Financial,7.65,1055
LOC-0001,Sindhu Puram Industrial Area,Location,Incident|SocialMention,6.0,0.0007,0.0,0.000175,0.175,True,🔗 Cross-Verified,3,0,0,12,FIR|SocialMedia,7.64,1056
ACC-1140,Ext-Acc-302427,Account,Receiver,2.937525,0.0003,0.0,0.000146,0.1873,False,📄 Single-Source,0,0,1,0,Financial,7.63,1057
ACC-1105,Ext-Acc-219344,Account,Sender,3.54907,0.0007,0.0,0.000144,0.1777,False,📄 Single-Source,0,0,1,0,Financial,7.63,1058
ACC-0099,Ext-Acc-275914,Account,Sender,1.901065,0.0007,0.0002,0.000229,0.1608,False,📄 Single-Source,0,0,1,0,Financial,7.62,1059
ACC-0470,Ext-Acc-258361,Account,Sender,1.8171249999999999,0.0007,0.0002,0.000224,0.1613,False,📄 Single-Source,0,0,1,0,Financial,7.62,1060
ACC-0686,Ext-Acc-293880,Account,Sender,1.8250000000000002,0.0007,0.0002,0.000224,0.1612,False,📄 Single-Source,0,0,1,0,Financial,7.62,1061
VEH-0021,Tn-33-Zz-1029,Vehicle,SocialMention|Van,5.5,0.0007,0.0,0.000159,0.1756,True,🔗 Cross-Verified,2,0,0,1,FIR|SocialMedia,7.6,1062
ACC-0089,Ext-Acc-310328,Account,Receiver,2.3970149999999997,0.0003,0.0,0.000128,0.1885,False,📄 Single-Source,0,0,1,0,Financial,7.6,1063
ACC-0826,Ext-Acc-282706,Account,Sender,1.93,0.0007,0.0002,0.000233,0.1597,False,📄 Single-Source,0,0,1,0,Financial,7.6,1064
ACC-1297,Ext-Acc-341315,Account,Receiver,3.16164,0.0003,0.0,0.000151,0.1861,False,📄 Single-Source,0,0,1,0,Financial,7.6,1065
VEH-0056,Tn-38-Xx-1024,Vehicle,Motorcycle,3.5,0.0007,0.0,0.000132,0.178,False,📄 Single-Source,1,0,0,0,FIR,7.59,1066
ACC-0458,Ext-Acc-290835,Account,Sender,1.90426,0.0007,0.0,0.000107,0.1806,False,📄 Single-Source,0,0,1,0,Financial,7.59,1067
PER-0362,Indhu Rani,Person,Callee|Caller|Witness,3.0,0.0007,0.0,0.00012,0.1792,True,🔗 Cross-Verified,2,13,0,0,CDR|FIR,7.59,1068
ACC-1106,Ext-Acc-382483,Account,Receiver,2.70252,0.0003,0.0,0.000142,0.1864,False,📄 Single-Source,0,0,1,0,Financial,7.58,1069
ACC-1009,Ext-Acc-258796,Account,Sender,1.763005,0.0007,0.0002,0.000216,0.161,False,📄 Single-Source,0,0,1,0,Financial,7.58,1070
ACC-0929,Ext-Acc-215118,Account,Sender,1.929595,0.0007,0.0002,0.000227,0.1598,False,📄 Single-Source,0,0,1,0,Financial,7.58,1071
ACC-0843,Ext-Acc-285220,Account,Sender,3.895975,0.0007,0.0,0.000163,0.1745,False,📄 Single-Source,0,0,1,0,Financial,7.58,1072
ACC-1065,Ext-Acc-371522,Account,Receiver,2.73,0.0003,0.0,0.000143,0.1864,False,📄 Single-Source,0,0,1,0,Financial,7.58,1073
ACC-0144,Ext-Acc-249808,Account,Sender,2.116165,0.0007,0.0002,0.000243,0.1579,False,📄 Single-Source,0,0,1,0,Financial,7.57,1074
ACC-1292,Ext-Acc-273927,Account,Sender,3.924205,0.0007,0.0,0.000166,0.174,False,📄 Single-Source,0,0,1,0,Financial,7.57,1075
ACC-0312,Ext-Acc-269888,Account,Sender,2.64306,0.0003,0.0,0.00014,0.1864,False,📄 Single-Source,0,0,1,0,Financial,7.57,1076
ACC-0465,Ext-Acc-340645,Account,Receiver,2.3868300000000002,0.0003,0.0,0.000132,0.1873,False,📄 Single-Source,0,0,1,0,Financial,7.57,1077
ACC-0899,Ext-Acc-370157,Account,Receiver,2.61,0.0003,0.0,0.000139,0.1864,False,📄 Single-Source,0,0,1,0,Financial,7.57,1078
ACC-0875,Ext-Acc-222070,Account,Sender,1.824865,0.0007,0.0002,0.000223,0.1601,False,📄 Single-Source,0,0,1,0,Financial,7.57,1079
ACC-0705,Ext-Acc-279269,Account,Sender,2.8365150000000003,0.0003,0.0,0.000142,0.1858,False,📄 Single-Source,0,0,1,0,Financial,7.56,1080
VEH-0061,Tn-01-Yy-1046,Vehicle,Scooter|SocialMention,7.0,0.0007,0.0,0.000188,0.1714,True,🔗 Cross-Verified,2,0,0,1,FIR|SocialMedia,7.56,1081
ACC-1142,Ext-Acc-320966,Account,Receiver,2.21967,0.0003,0.0,0.000128,0.1873,False,📄 Single-Source,0,0,1,0,Financial,7.56,1082
ACC-0179,Ext-Acc-378215,Account,Receiver,1.926345,0.0003,0.0,0.000116,0.1885,False,📄 Single-Source,0,0,1,0,Financial,7.56,1083
ACC-0505,Ext-Acc-373303,Account,Receiver,2.55,0.0003,0.0,0.000138,0.1864,False,📄 Single-Source,0,0,1,0,Financial,7.56,1084
ACC-0497,Ext-Acc-270533,Account,Sender,2.725515,0.0003,0.0,0.00014,0.1861,False,📄 Single-Source,0,0,1,0,Financial,7.56,1085
ACC-1079,Ext-Acc-365946,Account,Receiver,2.281725,0.0003,0.0,0.000129,0.1873,False,📄 Single-Source,0,0,1,0,Financial,7.56,1086
ACC-0879,Ext-Acc-236505,Account,Sender,1.885,0.0007,0.0002,0.000227,0.1593,False,📄 Single-Source,0,0,1,0,Financial,7.56,1087
ACC-1278,Ext-Acc-220937,Account,Sender,1.97464,0.0007,0.0001,0.00011,0.1753,False,📄 Single-Source,0,0,1,0,Financial,7.56,1088
ACC-1171,Ext-Acc-395977,Account,Receiver,2.79,0.0003,0.0,0.000141,0.1861,False,📄 Single-Source,0,0,1,0,Financial,7.56,1089
ACC-0279,Ext-Acc-257067,Account,Sender,3.232315,0.0007,0.0,0.000156,0.1745,False,📄 Single-Source,0,0,1,0,Financial,7.55,1090
VEH-0024,Tn-39-Xx-1078,Vehicle,Motorcycle|SocialMention,3.5,0.0007,0.0,0.000131,0.1771,True,🔗 Cross-Verified,1,0,0,3,FIR|SocialMedia,7.55,1091
ACC-0368,Ext-Acc-204813,Account,Sender,3.276985,0.0007,0.0,0.000146,0.1755,False,📄 Single-Source,0,0,1,0,Financial,7.55,1092
ACC-0663,Ext-Acc-307784,Account,Receiver,2.27109,0.0003,0.0,0.000129,0.1869,False,📄 Single-Source,0,0,1,0,Financial,7.55,1093
ACC-1428,Ext-Acc-321808,Account,Receiver,2.5693799999999998,0.0003,0.0,0.000134,0.1864,False,📄 Single-Source,0,0,1,0,Financial,7.55,1094
ACC-1316,Ext-Acc-262134,Account,Sender,1.758955,0.0007,0.0002,0.000224,0.1593,False,📄 Single-Source,0,0,1,0,Financial,7.55,1095
ACC-0375,Ext-Acc-227831,Account,Sender,2.185215,0.0003,0.0,0.000127,0.1869,False,📄 Single-Source,0,0,1,0,Financial,7.54,1096
ACC-1423,Ext-Acc-298394,Account,Sender,2.884975,0.0007,0.0,0.000151,0.1748,False,📄 Single-Source,0,0,1,0,Financial,7.54,1097
ACC-1294,Ext-Acc-223506,Account,Sender,2.25412,0.0007,0.0002,0.00025,0.1563,False,📄 Single-Source,0,0,1,0,Financial,7.53,1098
ACC-0123,Ext-Acc-360952,Account,Receiver,1.6347749999999999,0.0003,0.0,0.000109,0.1885,False,📄 Single-Source,0,0,1,0,Financial,7.53,1099
ACC-0744,Ext-Acc-368697,Account,Receiver,2.40459,0.0003,0.0,0.000129,0.1864,False,📄 Single-Source,0,0,1,0,Financial,7.53,1100
ACC-1100,Ext-Acc-323818,Account,Receiver,3.426135,0.0003,0.0,0.00015,0.1842,False,📄 Single-Source,0,0,1,0,Financial,7.53,1101
ACC-0237,Ext-Acc-218242,Account,Sender,3.46,0.0007,0.0,0.000157,0.1738,False,📄 Single-Source,0,0,1,0,Financial,7.53,1102
ACC-0948,Ext-Acc-217890,Account,Sender,2.4699999999999998,0.0007,0.0,0.000124,0.1772,False,📄 Single-Source,0,0,1,0,Financial,7.53,1103
ACC-1319,Ext-Acc-381570,Account,Receiver,1.845,0.0003,0.0,0.000118,0.1873,False,📄 Single-Source,0,0,1,0,Financial,7.52,1104
ACC-1175,Ext-Acc-364261,Account,Receiver,2.345475,0.0003,0.0,0.00013,0.1861,False,📄 Single-Source,0,0,1,0,Financial,7.52,1105
ACC-1371,Ext-Acc-270243,Account,Sender,3.25,0.0007,0.0,0.000153,0.1741,False,📄 Single-Source,0,0,1,0,Financial,7.52,1106
VEH-0032,Tn-58-Xx-1084,Vehicle,Car|SocialMention,4.0,0.0007,0.0,0.000138,0.1755,True,🔗 Cross-Verified,2,0,0,2,FIR|SocialMedia,7.52,1107
ACC-0435,Ext-Acc-258190,Account,Sender,1.975,0.0007,0.0,0.000111,0.178,False,📄 Single-Source,0,0,1,0,Financial,7.51,1108
VEH-0040,Tn-68-Yy-1088,Vehicle,Scooter|SocialMention,3.5,0.0007,0.0,0.000129,0.1763,True,🔗 Cross-Verified,1,0,0,1,FIR|SocialMedia,7.51,1109
ACC-0753,Ext-Acc-277717,Account,Sender,3.890125,0.0007,0.0,0.00016,0.1731,False,📄 Single-Source,0,0,1,0,Financial,7.51,1110
ACC-0334,Ext-Acc-367699,Account,Receiver,2.0105399999999998,0.0003,0.0,0.000119,0.1868,False,📄 Single-Source,0,0,1,0,Financial,7.51,1111
ACC-0607,Ext-Acc-316906,Account,Receiver,2.208315,0.0003,0.0,0.000126,0.1861,False,📄 Single-Source,0,0,1,0,Financial,7.51,1112
ACC-0856,Ext-Acc-259139,Account,Sender,1.96951,0.0007,0.0,0.000108,0.1782,False,📄 Single-Source,0,0,1,0,Financial,7.51,1113
ACC-0433,Ext-Acc-301832,Account,Receiver,2.085,0.0003,0.0,0.000125,0.1864,False,📄 Single-Source,0,0,1,0,Financial,7.51,1114
LOC-0018,Sevvanthi Layout Residential Colony,Location,Incident|SocialMention,3.0,0.0007,0.0,0.00012,0.1771,True,🔗 Cross-Verified,1,0,0,8,FIR|SocialMedia,7.51,1115
ACC-1061,Ext-Acc-217847,Account,Sender,1.834645,0.0007,0.0,0.000109,0.1783,False,📄 Single-Source,0,0,1,0,Financial,7.51,1116
ACC-0095,Ext-Acc-210322,Account,Sender,2.4699999999999998,0.0007,0.0,0.000123,0.1768,False,📄 Single-Source,0,0,1,0,Financial,7.51,1117
ACC-1276,Ext-Acc-291025,Account,Sender,1.929565,0.0007,0.0,0.000107,0.1785,False,📄 Single-Source,0,0,1,0,Financial,7.51,1118
ACC-0363,Ext-Acc-380213,Account,Receiver,1.8829949999999998,0.0003,0.0,0.000119,0.1869,False,📄 Single-Source,0,0,1,0,Financial,7.51,1119
ACC-1115,Ext-Acc-330320,Account,Receiver,1.7100000000000002,0.0003,0.0,0.000114,0.1873,False,📄 Single-Source,0,0,1,0,Financial,7.51,1120
ACC-1088,Ext-Acc-385427,Account,Receiver,2.609655,0.0003,0.0,0.000138,0.1846,False,📄 Single-Source,0,0,1,0,Financial,7.5,1121
ACC-0653,Ext-Acc-238449,Account,Sender,2.794845,0.0003,0.0,0.000139,0.1847,False,📄 Single-Source,0,0,1,0,Financial,7.5,1122
ACC-0835,Ext-Acc-379873,Account,Receiver,2.8962149999999998,0.0003,0.0,0.000148,0.1836,False,📄 Single-Source,0,0,1,0,Financial,7.5,1123
ACC-0715,Ext-Acc-311848,Account,Receiver,2.335935,0.0003,0.0,0.000125,0.186,False,📄 Single-Source,0,0,1,0,Financial,7.5,1124
ACC-1373,Ext-Acc-223488,Account,Sender,1.81,0.0007,0.0002,0.000225,0.1579,False,📄 Single-Source,0,0,1,0,Financial,7.5,1125
ACC-0088,Ext-Acc-244597,Account,Sender,1.855,0.0007,0.0,0.000106,0.1784,False,📄 Single-Source,0,0,1,0,Financial,7.5,1126
ACC-0214,Ext-Acc-341799,Account,Receiver,2.235915,0.0003,0.0,0.000127,0.1858,False,📄 Single-Source,0,0,1,0,Financial,7.5,1127
ACC-0518,Ext-Acc-227470,Account,Sender,1.975,0.0007,0.0,0.000112,0.1776,False,📄 Single-Source,0,0,1,0,Financial,7.5,1128
ACC-1078,Ext-Acc-322052,Account,Receiver,1.6500000000000001,0.0003,0.0,0.000113,0.1869,False,📄 Single-Source,0,0,1,0,Financial,7.49,1129
ACC-1449,Ext-Acc-377245,Account,Receiver,1.905,0.0003,0.0,0.00012,0.1864,False,📄 Single-Source,0,0,1,0,Financial,7.49,1130
VEH-0054,Tn-38-Xx-1069,Vehicle,Scooter|SocialMention,3.5,0.0007,0.0,0.000133,0.1752,True,🔗 Cross-Verified,1,0,0,1,FIR|SocialMedia,7.49,1131
ACC-0814,Ext-Acc-378860,Account,Receiver,1.53873,0.0003,0.0,0.00011,0.1873,False,📄 Single-Source,0,0,1,0,Financial,7.49,1132
ACC-0169,Ext-Acc-309447,Account,Receiver,2.685,0.0003,0.0,0.000136,0.1847,False,📄 Single-Source,0,0,1,0,Financial,7.49,1133
ACC-1418,Ext-Acc-209587,Account,Sender,3.94975,0.0007,0.0,0.000155,0.1731,False,📄 Single-Source,0,0,1,0,Financial,7.49,1134
ACC-0176,Ext-Acc-358222,Account,Receiver,2.74026,0.0003,0.0,0.000141,0.1842,False,📄 Single-Source,0,0,1,0,Financial,7.49,1135
LOC-0055,Sevvanthi Garden College Road,Location,Incident|SocialMention,3.0,0.0007,0.0,0.000121,0.1765,True,🔗 Cross-Verified,1,0,0,11,FIR|SocialMedia,7.49,1136
VEH-0047,Tn-57-Yy-1064,Vehicle,Scooter|SocialMention,3.5,0.0007,0.0,0.000133,0.1752,True,🔗 Cross-Verified,1,0,0,1,FIR|SocialMedia,7.49,1137
ACC-0297,Ext-Acc-301620,Account,Receiver,1.8557549999999998,0.0003,0.0,0.000119,0.1864,False,📄 Single-Source,0,0,1,0,Financial,7.49,1138
ACC-0807,Ext-Acc-255878,Account,Sender,1.836505,0.0007,0.0002,0.000111,0.1694,False,📄 Single-Source,0,0,1,0,Financial,7.49,1139
ACC-0219,Ext-Acc-215376,Account,Sender,1.90603,0.0007,0.0002,0.000226,0.1577,False,📄 Single-Source,0,0,1,0,Financial,7.49,1140
ACC-0984,Ext-Acc-325994,Account,Receiver,1.829355,0.0003,0.0,0.000118,0.1864,False,📄 Single-Source,0,0,1,0,Financial,7.49,1141
VEH-0030,Tn-38-Yy-1082,Vehicle,Motorcycle|SocialMention,3.5,0.0007,0.0,0.000128,0.1758,True,🔗 Cross-Verified,1,0,0,2,FIR|SocialMedia,7.49,1142
ACC-0997,Ext-Acc-368287,Account,Receiver,2.085,0.0003,0.0,0.000123,0.1861,False,📄 Single-Source,0,0,1,0,Financial,7.49,1143
ACC-0241,Ext-Acc-351849,Account,Receiver,1.7509199999999998,0.0003,0.0,0.000115,0.1869,False,📄 Single-Source,0,0,1,0,Financial,7.49,1144
ACC-0547,Ext-Acc-262285,Account,Sender,2.235,0.0003,0.0,0.000123,0.1857,False,📄 Single-Source,0,0,1,0,Financial,7.48,1145
ACC-0308,Ext-Acc-350797,Account,Receiver,2.204415,0.0003,0.0,0.000122,0.1857,False,📄 Single-Source,0,0,1,0,Financial,7.48,1146
ACC-0648,Ext-Acc-265797,Account,Sender,1.8250000000000002,0.0007,0.0002,0.000221,0.1579,False,📄 Single-Source,0,0,1,0,Financial,7.48,1147
ACC-1162,Ext-Acc-343238,Account,Receiver,1.9067699999999999,0.0003,0.0,0.000118,0.1861,False,📄 Single-Source,0,0,1,0,Financial,7.48,1148
ACC-0182,Ext-Acc-340173,Account,Receiver,1.6302750000000001,0.0003,0.0,0.000113,0.1864,False,📄 Single-Source,0,0,1,0,Financial,7.47,1149
ACC-1254,Ext-Acc-335319,Account,Receiver,0.973695,0.0003,0.0,9.3e-05,0.1885,False,📄 Single-Source,0,0,1,0,Financial,7.47,1150
ACC-1285,Ext-Acc-290401,Account,Sender,1.9810199999999998,0.0003,0.0,0.000117,0.186,False,📄 Single-Source,0,0,1,0,Financial,7.47,1151
ACC-0190,Ext-Acc-268903,Account,Sender,1.83541,0.0007,0.0,0.000105,0.1775,False,📄 Single-Source,0,0,1,0,Financial,7.47,1152
ACC-0293,Ext-Acc-369446,Account,Receiver,0.96,0.0003,0.0,9.3e-05,0.1885,False,📄 Single-Source,0,0,1,0,Financial,7.47,1153
ACC-0720,Ext-Acc-345388,Account,Receiver,0.9694499999999999,0.0003,0.0,9.3e-05,0.1885,False,📄 Single-Source,0,0,1,0,Financial,7.47,1154
ACC-1461,Ext-Acc-368889,Account,Receiver,0.9175949999999999,0.0003,0.0,9.2e-05,0.1885,False,📄 Single-Source,0,0,1,0,Financial,7.47,1155
ACC-0711,Ext-Acc-322344,Account,Receiver,2.4899999999999998,0.0003,0.0,0.000131,0.1847,False,📄 Single-Source,0,0,1,0,Financial,7.47,1156
ACC-0377,Ext-Acc-283735,Account,Sender,1.8883,0.0007,0.0002,0.000227,0.1571,False,📄 Single-Source,0,0,1,0,Financial,7.47,1157
ACC-1000,Ext-Acc-353154,Account,Receiver,2.75028,0.0003,0.0,0.000136,0.1838,False,📄 Single-Source,0,0,1,0,Financial,7.46,1158
ACC-1004,Ext-Acc-354339,Account,Receiver,2.13,0.0003,0.0,0.000124,0.1852,False,📄 Single-Source,0,0,1,0,Financial,7.46,1159
ACC-1199,Ext-Acc-217121,Account,Sender,2.767735,0.0007,0.0,0.000135,0.1743,False,📄 Single-Source,0,0,1,0,Financial,7.46,1160
ACC-1425,Ext-Acc-390887,Account,Receiver,2.0356199999999998,0.0003,0.0,0.000118,0.1857,False,📄 Single-Source,0,0,1,0,Financial,7.46,1161
ACC-0710,Ext-Acc-340341,Account,Receiver,1.7263950000000001,0.0003,0.0,0.000114,0.1861,False,📄 Single-Source,0,0,1,0,Financial,7.46,1162
ACC-0665,Ext-Acc-331217,Account,Receiver,1.8681,0.0003,0.0,0.000114,0.186,False,📄 Single-Source,0,0,1,0,Financial,7.46,1163
ACC-0632,Ext-Acc-266127,Account,Sender,0.8686799999999999,0.0003,0.0,9e-05,0.1885,False,📄 Single-Source,0,0,1,0,Financial,7.46,1164
ACC-1018,Ext-Acc-260324,Account,Sender,1.6895850000000001,0.0003,0.0,0.000113,0.1861,False,📄 Single-Source,0,0,1,0,Financial,7.46,1165
VEH-0075,Tn-33-Zz-1008,Vehicle,Scooter|SocialMention,3.5,0.0007,0.0,0.00014,0.1738,True,🔗 Cross-Verified,1,0,0,2,FIR|SocialMedia,7.46,1166
ACC-0407,Ext-Acc-307818,Account,Receiver,0.8719049999999999,0.0003,0.0,9.1e-05,0.1885,False,📄 Single-Source,0,0,1,0,Financial,7.46,1167
VEH-0003,Tn-38-Xx-1054,Vehicle,SocialMention|Truck,3.5,0.0007,0.0,0.000129,0.1749,True,🔗 Cross-Verified,1,0,0,2,FIR|SocialMedia,7.46,1168
ACC-0371,Ext-Acc-242312,Account,Sender,1.9,0.0007,0.0002,0.000113,0.1683,False,📄 Single-Source,0,0,1,0,Financial,7.46,1169
ACC-1372,Ext-Acc-301937,Account,Receiver,2.7750000000000004,0.0003,0.0,0.000136,0.1838,False,📄 Single-Source,0,0,1,0,Financial,7.46,1170
ACC-0419,Ext-Acc-381085,Account,Receiver,2.0999999999999996,0.0003,0.0,0.000126,0.1849,False,📄 Single-Source,0,0,1,0,Financial,7.46,1171
VEH-0009,Tn-01-Xx-1057,Vehicle,SocialMention|Truck,3.5,0.0007,0.0,0.000135,0.174,True,🔗 Cross-Verified,1,0,0,1,FIR|SocialMedia,7.45,1172
ACC-1096,Ext-Acc-334559,Account,Receiver,1.9164599999999998,0.0003,0.0,0.000119,0.1852,False,📄 Single-Source,0,0,1,0,Financial,7.45,1173
ACC-0234,Ext-Acc-243544,Account,Sender,1.83976,0.0007,0.0002,0.000229,0.1562,False,📄 Single-Source,0,0,1,0,Financial,7.45,1174
ACC-1445,Ext-Acc-390335,Account,Receiver,1.53,0.0003,0.0,0.000108,0.1864,False,📄 Single-Source,0,0,1,0,Financial,7.45,1175
ACC-0337,Ext-Acc-326077,Account,Receiver,1.6613250000000002,0.0003,0.0,0.000112,0.1861,False,📄 Single-Source,0,0,1,0,Financial,7.45,1176
ACC-0096,Ext-Acc-274847,Account,Sender,1.78,0.0007,0.0,0.000109,0.1767,False,📄 Single-Source,0,0,1,0,Financial,7.45,1177
ACC-1407,Ext-Acc-347092,Account,Receiver,2.67,0.0003,0.0,0.000134,0.1838,False,📄 Single-Source,0,0,1,0,Financial,7.45,1178
LOC-0065,Oviya Puram Parking Area,Location,Incident|SocialMention,3.0,0.0007,0.0,0.00012,0.1756,True,🔗 Cross-Verified,1,0,0,12,FIR|SocialMedia,7.45,1179
ACC-0135,Ext-Acc-243228,Account,Sender,1.9444,0.0007,0.0,0.00011,0.1765,False,📄 Single-Source,0,0,1,0,Financial,7.45,1180
ACC-1204,Ext-Acc-377265,Account,Receiver,1.9542749999999998,0.0003,0.0,0.00012,0.1852,False,📄 Single-Source,0,0,1,0,Financial,7.45,1181
ACC-0398,Ext-Acc-375319,Account,Receiver,2.9044350000000003,0.0003,0.0,0.00014,0.1831,False,📄 Single-Source,0,0,1,0,Financial,7.45,1182
ACC-0260,Ext-Acc-233980,Account,Sender,0.78651,0.0003,0.0,8.8e-05,0.1885,False,📄 Single-Source,0,0,1,0,Financial,7.45,1183
ACC-1019,Ext-Acc-249324,Account,Sender,2.075755,0.0007,0.0,0.000118,0.1755,False,📄 Single-Source,0,0,1,0,Financial,7.44,1184
ACC-0904,Ext-Acc-252751,Account,Sender,1.23807,0.0003,0.0,0.000102,0.1869,False,📄 Single-Source,0,0,1,0,Financial,7.44,1185
ACC-1202,Ext-Acc-219958,Account,Sender,1.869745,0.0007,0.0002,0.000226,0.1563,False,📄 Single-Source,0,0,1,0,Financial,7.44,1186
ACC-0258,Ext-Acc-370305,Account,Receiver,1.2349800000000002,0.0003,0.0,0.000102,0.1869,False,📄 Single-Source,0,0,1,0,Financial,7.44,1187
ACC-1030,Ext-Acc-298639,Account,Sender,2.638765,0.0007,0.0,0.000127,0.1746,False,📄 Single-Source,0,0,1,0,Financial,7.44,1188
ACC-1107,Ext-Acc-205980,Account,Sender,2.485,0.0007,0.0,0.00013,0.1741,False,📄 Single-Source,0,0,1,0,Financial,7.44,1189
LOC-0009,Amudham Puram Apartment Complex,Location,Incident|SocialMention,3.0,0.0007,0.0,0.000121,0.1752,True,🔗 Cross-Verified,1,0,0,10,FIR|SocialMedia,7.44,1190
ACC-0828,Ext-Acc-329847,Account,Receiver,2.14176,0.0003,0.0,0.000122,0.1847,False,📄 Single-Source,0,0,1,0,Financial,7.44,1191
ACC-1103,Ext-Acc-386237,Account,Receiver,7.5,0.0003,0.0,0.000243,0.1725,False,📄 Single-Source,0,0,1,0,Financial,7.44,1192
ACC-1395,Ext-Acc-248300,Account,Sender,1.9141800000000002,0.0003,0.0,0.000121,0.1849,False,📄 Single-Source,0,0,1,0,Financial,7.44,1193
ACC-1384,Ext-Acc-382946,Account,Receiver,2.14104,0.0003,0.0,0.000122,0.1847,False,📄 Single-Source,0,0,1,0,Financial,7.44,1194
VEH-0011,Tn-45-Zz-1074,Vehicle,Auto|SocialMention,3.5,0.0007,0.0,0.000142,0.1731,True,🔗 Cross-Verified,1,0,0,3,FIR|SocialMedia,7.44,1195
ACC-1415,Ext-Acc-218694,Account,Sender,1.83,0.0003,0.0,0.000118,0.1849,False,📄 Single-Source,0,0,1,0,Financial,7.43,1196
ACC-0473,Ext-Acc-263950,Account,Sender,1.224735,0.0003,0.0,0.000102,0.1864,False,📄 Single-Source,0,0,1,0,Financial,7.43,1197
ACC-0701,Ext-Acc-296084,Account,Sender,1.945,0.0007,0.0,0.000112,0.1757,False,📄 Single-Source,0,0,1,0,Financial,7.43,1198
ACC-0342,Ext-Acc-319148,Account,Receiver,1.25571,0.0003,0.0,0.000103,0.1864,False,📄 Single-Source,0,0,1,0,Financial,7.43,1199
ACC-0387,Ext-Acc-311592,Account,Receiver,1.282035,0.0003,0.0,0.000104,0.1864,False,📄 Single-Source,0,0,1,0,Financial,7.43,1200
ACC-0656,Ext-Acc-215035,Account,Sender,1.9470599999999998,0.0003,0.0,0.000115,0.1852,False,📄 Single-Source,0,0,1,0,Financial,7.43,1201
ACC-0570,Ext-Acc-316187,Account,Receiver,2.180415,0.0003,0.0,0.000125,0.1843,False,📄 Single-Source,0,0,1,0,Financial,7.43,1202
ACC-0381,Ext-Acc-293311,Account,Sender,1.9,0.0007,0.0,0.000113,0.1756,False,📄 Single-Source,0,0,1,0,Financial,7.43,1203
ACC-0436,Ext-Acc-336505,Account,Receiver,2.048385,0.0003,0.0,0.00012,0.1847,False,📄 Single-Source,0,0,1,0,Financial,7.43,1204
ACC-0740,Ext-Acc-313582,Account,Receiver,0.9602999999999999,0.0003,0.0,9.4e-05,0.1873,False,📄 Single-Source,0,0,1,0,Financial,7.43,1205
ACC-0399,Ext-Acc-263185,Account,Sender,1.831915,0.0007,0.0,0.000107,0.176,False,📄 Single-Source,0,0,1,0,Financial,7.42,1206
ACC-1427,Ext-Acc-238296,Account,Sender,1.9712200000000002,0.0007,0.0,0.000109,0.1759,False,📄 Single-Source,0,0,1,0,Financial,7.42,1207
ACC-1193,Ext-Acc-328195,Account,Receiver,0.8917200000000001,0.0003,0.0,9.3e-05,0.1873,False,📄 Single-Source,0,0,1,0,Financial,7.42,1208
ACC-1258,Ext-Acc-360423,Account,Receiver,0.906285,0.0003,0.0,9.3e-05,0.1873,False,📄 Single-Source,0,0,1,0,Financial,7.42,1209
ACC-1381,Ext-Acc-350889,Account,Receiver,2.1450000000000005,0.0003,0.0,0.000127,0.1836,False,📄 Single-Source,0,0,1,0,Financial,7.42,1210
ACC-0936,Ext-Acc-395156,Account,Receiver,2.1841350000000004,0.0003,0.0,0.000121,0.1842,False,📄 Single-Source,0,0,1,0,Financial,7.42,1211
ACC-1136,Ext-Acc-344989,Account,Receiver,2.082885,0.0003,0.0,0.000122,0.1843,False,📄 Single-Source,0,0,1,0,Financial,7.42,1212
ACC-1183,Ext-Acc-349572,Account,Receiver,0.8187749999999999,0.0003,0.0,9.1e-05,0.1873,False,📄 Single-Source,0,0,1,0,Financial,7.42,1213
ACC-0267,Ext-Acc-251936,Account,Sender,4.97776,0.0007,0.0,0.000182,0.1683,False,📄 Single-Source,0,0,1,0,Financial,7.42,1214
ACC-0466,Ext-Acc-348265,Account,Receiver,0.8550000000000001,0.0003,0.0,9.2e-05,0.1873,False,📄 Single-Source,0,0,1,0,Financial,7.42,1215
ACC-1277,Ext-Acc-399947,Account,Receiver,1.0333199999999998,0.0003,0.0,9.6e-05,0.1869,False,📄 Single-Source,0,0,1,0,Financial,7.42,1216
ACC-0571,Ext-Acc-322380,Account,Receiver,1.6854449999999999,0.0003,0.0,0.000113,0.1852,False,📄 Single-Source,0,0,1,0,Financial,7.42,1217
ACC-0545,Ext-Acc-300947,Account,Receiver,1.1400000000000001,0.0003,0.0,0.0001,0.1864,False,📄 Single-Source,0,0,1,0,Financial,7.42,1218
ACC-0776,Ext-Acc-346391,Account,Receiver,1.1598,0.0003,0.0,9.8e-05,0.1864,False,📄 Single-Source,0,0,1,0,Financial,7.41,1219
ACC-0360,Ext-Acc-212499,Account,Sender,2.283595,0.0007,0.0,0.000123,0.1741,False,📄 Single-Source,0,0,1,0,Financial,7.41,1220
ACC-0346,Ext-Acc-387385,Account,Receiver,0.9130349999999999,0.0003,0.0,9.3e-05,0.1869,False,📄 Single-Source,0,0,1,0,Financial,7.41,1221
ACC-0330,Ext-Acc-367915,Account,Receiver,0.90483,0.0003,0.0,9.3e-05,0.1869,False,📄 Single-Source,0,0,1,0,Financial,7.41,1222
ACC-0490,Ext-Acc-364165,Account,Receiver,0.795,0.0003,0.0,9e-05,0.1873,False,📄 Single-Source,0,0,1,0,Financial,7.41,1223
ACC-0332,Ext-Acc-345625,Account,Receiver,1.864845,0.0003,0.0,0.000116,0.1847,False,📄 Single-Source,0,0,1,0,Financial,7.41,1224
ACC-0462,Ext-Acc-286447,Account,Sender,2.2703699999999998,0.0003,0.0,0.000124,0.1838,False,📄 Single-Source,0,0,1,0,Financial,7.41,1225
ACC-1261,Ext-Acc-322517,Account,Receiver,0.864945,0.0003,0.0,9.2e-05,0.1869,False,📄 Single-Source,0,0,1,0,Financial,7.41,1226
ACC-0345,Ext-Acc-227321,Account,Sender,1.9121199999999998,0.0007,0.0,0.00011,0.1754,False,📄 Single-Source,0,0,1,0,Financial,7.41,1227
ACC-1431,Ext-Acc-357138,Account,Receiver,0.853155,0.0003,0.0,9.2e-05,0.1869,False,📄 Single-Source,0,0,1,0,Financial,7.41,1228
ACC-0756,Ext-Acc-269699,Account,Sender,2.817015,0.0003,0.0,0.000142,0.1819,False,📄 Single-Source,0,0,1,0,Financial,7.41,1229
ACC-0951,Ext-Acc-268184,Account,Sender,2.0944949999999998,0.0003,0.0,0.000126,0.1836,False,📄 Single-Source,0,0,1,0,Financial,7.41,1230
ACC-1008,Ext-Acc-371532,Account,Receiver,1.8999,0.0003,0.0,0.000116,0.1847,False,📄 Single-Source,0,0,1,0,Financial,7.41,1231
ACC-0829,Ext-Acc-269540,Account,Sender,1.795,0.0007,0.0,0.000113,0.1752,False,📄 Single-Source,0,0,1,0,Financial,7.41,1232
ACC-0794,Ext-Acc-317628,Account,Receiver,1.9458449999999998,0.0003,0.0,0.00012,0.1842,False,📄 Single-Source,0,0,1,0,Financial,7.41,1233
ACC-0178,Ext-Acc-293677,Account,Sender,1.96141,0.0007,0.0,0.000107,0.1757,False,📄 Single-Source,0,0,1,0,Financial,7.41,1234
ACC-1227,Ext-Acc-285036,Account,Sender,1.809565,0.0007,0.0,0.000108,0.1758,False,📄 Single-Source,0,0,1,0,Financial,7.41,1235
ACC-0869,Ext-Acc-278023,Account,Sender,0.787695,0.0003,0.0,9e-05,0.1873,False,📄 Single-Source,0,0,1,0,Financial,7.41,1236
ACC-0881,Ext-Acc-322010,Account,Receiver,1.7432999999999998,0.0003,0.0,0.000111,0.1852,False,📄 Single-Source,0,0,1,0,Financial,7.41,1237
ACC-1150,Ext-Acc-297695,Account,Sender,0.795,0.0003,0.0,9e-05,0.1873,False,📄 Single-Source,0,0,1,0,Financial,7.41,1238
ACC-0979,Ext-Acc-218883,Account,Sender,1.86784,0.0007,0.0,0.000109,0.1753,False,📄 Single-Source,0,0,1,0,Financial,7.4,1239
ACC-0660,Ext-Acc-279499,Account,Sender,1.86796,0.0007,0.0,0.000109,0.1752,False,📄 Single-Source,0,0,1,0,Financial,7.4,1240
ACC-0661,Ext-Acc-347128,Account,Receiver,1.25799,0.0003,0.0,0.000102,0.1858,False,📄 Single-Source,0,0,1,0,Financial,7.4,1241
ACC-0382,Ext-Acc-286623,Account,Sender,2.744395,0.0007,0.0,0.000128,0.1734,False,📄 Single-Source,0,0,1,0,Financial,7.4,1242
LOC-0075,Arasu Garden Atm Area,Location,Incident|SocialMention,3.0,0.0007,0.0,0.000125,0.1738,True,🔗 Cross-Verified,1,0,0,12,FIR|SocialMedia,7.4,1243
ACC-1044,Ext-Acc-363077,Account,Receiver,0.8699999999999999,0.0003,0.0,9.1e-05,0.1868,False,📄 Single-Source,0,0,1,0,Financial,7.4,1244
ACC-0168,Ext-Acc-317987,Account,Receiver,0.78,0.0003,0.0,9e-05,0.1869,False,📄 Single-Source,0,0,1,0,Financial,7.4,1245
ACC-1125,Ext-Acc-351976,Account,Receiver,0.8122499999999999,0.0003,0.0,9.1e-05,0.1869,False,📄 Single-Source,0,0,1,0,Financial,7.4,1246
ACC-1048,Ext-Acc-392924,Account,Receiver,1.858935,0.0003,0.0,0.000118,0.1842,False,📄 Single-Source,0,0,1,0,Financial,7.4,1247
ACC-0971,Ext-Acc-337156,Account,Receiver,1.11339,0.0003,0.0,9.8e-05,0.1861,False,📄 Single-Source,0,0,1,0,Financial,7.4,1248
ACC-1158,Ext-Acc-315306,Account,Receiver,1.41018,0.0003,0.0,0.000106,0.1852,False,📄 Single-Source,0,0,1,0,Financial,7.4,1249
ACC-1411,Ext-Acc-327904,Account,Receiver,0.9528300000000001,0.0003,0.0,9.5e-05,0.1864,False,📄 Single-Source,0,0,1,0,Financial,7.4,1250
ACC-0441,Ext-Acc-309872,Account,Receiver,2.1049350000000002,0.0003,0.0,0.00012,0.1838,False,📄 Single-Source,0,0,1,0,Financial,7.4,1251
ACC-1163,Ext-Acc-346849,Account,Receiver,0.821655,0.0003,0.0,9.1e-05,0.1869,False,📄 Single-Source,0,0,1,0,Financial,7.4,1252
ACC-0172,Ext-Acc-342143,Account,Receiver,1.2183000000000002,0.0003,0.0,0.000101,0.1858,False,📄 Single-Source,0,0,1,0,Financial,7.4,1253
ACC-1246,Ext-Acc-347629,Account,Receiver,1.065,0.0003,0.0,9.6e-05,0.1864,False,📄 Single-Source,0,0,1,0,Financial,7.4,1254
ACC-1101,Ext-Acc-337475,Account,Receiver,2.0161350000000002,0.0003,0.0,0.000117,0.1842,False,📄 Single-Source,0,0,1,0,Financial,7.4,1255
ACC-0502,Ext-Acc-225805,Account,Sender,0.875445,0.0003,0.0,9.1e-05,0.1868,False,📄 Single-Source,0,0,1,0,Financial,7.4,1256
VEH-0074,Tn-47-Zz-1041,Vehicle,Motorcycle|SocialMention,3.5,0.0007,0.0,0.000146,0.1714,True,🔗 Cross-Verified,1,0,0,1,FIR|SocialMedia,7.4,1257
ACC-0965,Ext-Acc-286975,Account,Sender,1.9363299999999999,0.0007,0.0002,0.000228,0.1551,False,📄 Single-Source,0,0,1,0,Financial,7.4,1258
ACC-1279,Ext-Acc-200796,Account,Sender,1.8570849999999999,0.0007,0.0,0.000115,0.1744,False,📄 Single-Source,0,0,1,0,Financial,7.39,1259
ACC-1314,Ext-Acc-379295,Account,Receiver,0.8384400000000001,0.0003,0.0,9e-05,0.1868,False,📄 Single-Source,0,0,1,0,Financial,7.39,1260
ACC-0981,Ext-Acc-347603,Account,Receiver,0.79083,0.0003,0.0,8.9e-05,0.1868,False,📄 Single-Source,0,0,1,0,Financial,7.39,1261
ACC-0573,Ext-Acc-388895,Account,Receiver,1.6949999999999998,0.0003,0.0,0.000114,0.1842,False,📄 Single-Source,0,0,1,0,Financial,7.39,1262
ACC-0174,Ext-Acc-251374,Account,Sender,2.266635,0.0003,0.0,0.000124,0.1831,False,📄 Single-Source,0,0,1,0,Financial,7.39,1263
ACC-0700,Ext-Acc-368603,Account,Receiver,1.8900000000000001,0.0003,0.0,0.000114,0.1842,False,📄 Single-Source,0,0,1,0,Financial,7.39,1264
ACC-0668,Ext-Acc-334670,Account,Receiver,0.76173,0.0003,0.0,8.8e-05,0.1868,False,📄 Single-Source,0,0,1,0,Financial,7.39,1265
ACC-0259,Ext-Acc-397079,Account,Receiver,0.7912199999999999,0.0003,0.0,8.9e-05,0.1868,False,📄 Single-Source,0,0,1,0,Financial,7.39,1266
ACC-0329,Ext-Acc-300932,Account,Receiver,0.759255,0.0003,0.0,8.9e-05,0.1869,False,📄 Single-Source,0,0,1,0,Financial,7.39,1267
ACC-1446,Ext-Acc-241894,Account,Sender,0.96,0.0003,0.0,9.3e-05,0.1864,False,📄 Single-Source,0,0,1,0,Financial,7.39,1268
ACC-0521,Ext-Acc-327063,Account,Receiver,0.863715,0.0003,0.0,9.2e-05,0.1864,False,📄 Single-Source,0,0,1,0,Financial,7.39,1269
ACC-0633,Ext-Acc-384984,Account,Receiver,0.783825,0.0003,0.0,8.9e-05,0.1868,False,📄 Single-Source,0,0,1,0,Financial,7.39,1270
ACC-1197,Ext-Acc-362188,Account,Receiver,0.76305,0.0003,0.0,8.8e-05,0.1868,False,📄 Single-Source,0,0,1,0,Financial,7.39,1271
ACC-1216,Ext-Acc-251673,Account,Sender,0.95637,0.0003,0.0,9.3e-05,0.1864,False,📄 Single-Source,0,0,1,0,Financial,7.39,1272
ACC-0445,Ext-Acc-353347,Account,Receiver,1.33011,0.0003,0.0,0.000104,0.1852,False,📄 Single-Source,0,0,1,0,Financial,7.39,1273
ACC-0528,Ext-Acc-389123,Account,Receiver,0.9750000000000001,0.0003,0.0,9.4e-05,0.1864,False,📄 Single-Source,0,0,1,0,Financial,7.39,1274
ACC-1324,Ext-Acc-320958,Account,Receiver,0.93114,0.0003,0.0,9.3e-05,0.1864,False,📄 Single-Source,0,0,1,0,Financial,7.39,1275
ACC-0161,Ext-Acc-268955,Account,Sender,0.8999999999999999,0.0003,0.0,9.3e-05,0.1864,False,📄 Single-Source,0,0,1,0,Financial,7.39,1276
ACC-0180,Ext-Acc-291146,Account,Sender,2.7750000000000004,0.0003,0.0,0.000139,0.1814,False,📄 Single-Source,0,0,1,0,Financial,7.38,1277
ACC-1367,Ext-Acc-395053,Account,Receiver,0.8117399999999999,0.0003,0.0,9.1e-05,0.1864,False,📄 Single-Source,0,0,1,0,Financial,7.38,1278
ACC-0479,Ext-Acc-247400,Account,Sender,1.3649999999999998,0.0003,0.0,0.000106,0.1849,False,📄 Single-Source,0,0,1,0,Financial,7.38,1279
ACC-0800,Ext-Acc-324704,Account,Receiver,0.8890199999999999,0.0003,0.0,9.2e-05,0.1861,False,📄 Single-Source,0,0,1,0,Financial,7.38,1280
VEH-0020,Tn-38-Yy-1022,Vehicle,Motorcycle|SocialMention,3.5,0.0007,0.0,0.000126,0.173,True,🔗 Cross-Verified,2,0,0,3,FIR|SocialMedia,7.38,1281
ACC-0812,Ext-Acc-291097,Account,Sender,1.401615,0.0003,0.0,0.000103,0.1852,False,📄 Single-Source,0,0,1,0,Financial,7.38,1282
ACC-0157,Ext-Acc-370804,Account,Receiver,1.58262,0.0003,0.0,0.00011,0.1843,False,📄 Single-Source,0,0,1,0,Financial,7.38,1283
ACC-0719,Ext-Acc-248382,Account,Sender,3.540715,0.0007,0.0,0.000155,0.1702,False,📄 Single-Source,0,0,1,0,Financial,7.38,1284
ACC-0463,Ext-Acc-274600,Account,Sender,0.96,0.0003,0.0,9.4e-05,0.1861,False,📄 Single-Source,0,0,1,0,Financial,7.38,1285
ACC-0619,Ext-Acc-297144,Account,Sender,2.0272949999999996,0.0003,0.0,0.000119,0.1835,False,📄 Single-Source,0,0,1,0,Financial,7.38,1286
ACC-1075,Ext-Acc-371492,Account,Receiver,1.933005,0.0003,0.0,0.000116,0.1838,False,📄 Single-Source,0,0,1,0,Financial,7.38,1287
ACC-1098,Ext-Acc-335160,Account,Receiver,7.5,0.0003,0.0,0.000252,0.1699,False,📄 Single-Source,0,0,1,0,Financial,7.38,1288
ACC-1424,Ext-Acc-309561,Account,Receiver,0.8649149999999999,0.0003,0.0,9.2e-05,0.1861,False,📄 Single-Source,0,0,1,0,Financial,7.38,1289
ACC-1213,Ext-Acc-352111,Account,Receiver,0.87168,0.0003,0.0,9.1e-05,0.1864,False,📄 Single-Source,0,0,1,0,Financial,7.38,1290
ACC-0907,Ext-Acc-368806,Account,Receiver,7.5,0.0003,0.0,0.000252,0.1699,False,📄 Single-Source,0,0,1,0,Financial,7.38,1291
ACC-0325,Ext-Acc-337152,Account,Receiver,0.906555,0.0003,0.0,9.3e-05,0.1861,False,📄 Single-Source,0,0,1,0,Financial,7.38,1292
ACC-0816,Ext-Acc-221013,Account,Sender,0.870525,0.0003,0.0,9.1e-05,0.1864,False,📄 Single-Source,0,0,1,0,Financial,7.38,1293
ACC-0507,Ext-Acc-386626,Account,Receiver,2.680455,0.0003,0.0,0.000142,0.1809,False,📄 Single-Source,0,0,1,0,Financial,7.37,1294
ACC-1027,Ext-Acc-341254,Account,Receiver,0.94335,0.0003,0.0,9.3e-05,0.1858,False,📄 Single-Source,0,0,1,0,Financial,7.37,1295
VEH-0014,Tn-45-Xx-1036,Vehicle,Scooter|SocialMention,3.5,0.0007,0.0,0.000129,0.1724,True,🔗 Cross-Verified,3,0,0,2,FIR|SocialMedia,7.37,1296
ACC-0605,Ext-Acc-311425,Account,Receiver,0.7992000000000001,0.0003,0.0,9e-05,0.1861,False,📄 Single-Source,0,0,1,0,Financial,7.37,1297
LOC-0052,Mynthan Layout Shopping Complex,Location,Incident|SocialMention,3.0,0.0007,0.0,0.000123,0.1731,True,🔗 Cross-Verified,1,0,0,12,FIR|SocialMedia,7.37,1298
ACC-0410,Ext-Acc-266088,Account,Sender,2.36035,0.0007,0.0,0.000122,0.1732,False,📄 Single-Source,0,0,1,0,Financial,7.37,1299
ACC-1112,Ext-Acc-386466,Account,Receiver,0.9345300000000001,0.0003,0.0,9.3e-05,0.1858,False,📄 Single-Source,0,0,1,0,Financial,7.37,1300
ACC-0964,Ext-Acc-260477,Account,Sender,1.910755,0.0007,0.0,0.000113,0.174,False,📄 Single-Source,0,0,1,0,Financial,7.37,1301
ACC-0906,Ext-Acc-383634,Account,Receiver,0.9595499999999999,0.0003,0.0,9.4e-05,0.1858,False,📄 Single-Source,0,0,1,0,Financial,7.37,1302
ACC-0768,Ext-Acc-222248,Account,Sender,0.78,0.0003,0.0,8.9e-05,0.1864,False,📄 Single-Source,0,0,1,0,Financial,7.37,1303
ACC-0790,Ext-Acc-273463,Account,Sender,1.275,0.0003,0.0,0.0001,0.1852,False,📄 Single-Source,0,0,1,0,Financial,7.37,1304
ACC-0120,Ext-Acc-360889,Account,Receiver,0.96,0.0003,0.0,9.4e-05,0.1858,False,📄 Single-Source,0,0,1,0,Financial,7.37,1305
ACC-0928,Ext-Acc-336592,Account,Receiver,1.0499999999999998,0.0003,0.0,9.6e-05,0.1852,False,📄 Single-Source,0,0,1,0,Financial,7.36,1306
ACC-0486,Ext-Acc-385033,Account,Receiver,0.8250000000000001,0.0003,0.0,8.9e-05,0.186,False,📄 Single-Source,0,0,1,0,Financial,7.36,1307
ACC-1104,Ext-Acc-265281,Account,Sender,1.91677,0.0007,0.0,0.00011,0.1741,False,📄 Single-Source,0,0,1,0,Financial,7.36,1308
ACC-0254,Ext-Acc-317451,Account,Receiver,1.2440099999999998,0.0003,0.0,0.000102,0.1846,False,📄 Single-Source,0,0,1,0,Financial,7.36,1309
ACC-1397,Ext-Acc-352676,Account,Receiver,0.8815649999999999,0.0003,0.0,9e-05,0.186,False,📄 Single-Source,0,0,1,0,Financial,7.36,1310
ACC-0242,Ext-Acc-208200,Account,Sender,0.80592,0.0003,0.0,9e-05,0.1858,False,📄 Single-Source,0,0,1,0,Financial,7.36,1311
ACC-1170,Ext-Acc-306181,Account,Receiver,1.9907849999999998,0.0003,0.0,0.00012,0.1828,False,📄 Single-Source,0,0,1,0,Financial,7.36,1312
ACC-0552,Ext-Acc-345653,Account,Receiver,0.88722,0.0003,0.0,9e-05,0.186,False,📄 Single-Source,0,0,1,0,Financial,7.36,1313
ACC-1348,Ext-Acc-278987,Account,Sender,1.3649999999999998,0.0003,0.0,0.000103,0.1847,False,📄 Single-Source,0,0,1,0,Financial,7.36,1314
ACC-0348,Ext-Acc-281937,Account,Sender,1.395,0.0003,0.0,0.000106,0.1842,False,📄 Single-Source,0,0,1,0,Financial,7.36,1315
ACC-0175,Ext-Acc-269013,Account,Sender,0.8550000000000001,0.0003,0.0,9e-05,0.186,False,📄 Single-Source,0,0,1,0,Financial,7.36,1316
ACC-1111,Ext-Acc-315994,Account,Receiver,0.76083,0.0003,0.0,8.9e-05,0.1861,False,📄 Single-Source,0,0,1,0,Financial,7.36,1317
ACC-0992,Ext-Acc-375215,Account,Receiver,0.8427450000000001,0.0003,0.0,9.1e-05,0.1858,False,📄 Single-Source,0,0,1,0,Financial,7.36,1318
ACC-0112,Ext-Acc-329219,Account,Receiver,0.8381700000000001,0.0003,0.0,9.1e-05,0.1858,False,📄 Single-Source,0,0,1,0,Financial,7.36,1319
ACC-0593,Ext-Acc-213938,Account,Sender,0.791715,0.0003,0.0,9e-05,0.1858,False,📄 Single-Source,0,0,1,0,Financial,7.36,1320
ACC-0588,Ext-Acc-276449,Account,Sender,2.78566,0.0007,0.0,0.000136,0.1716,False,📄 Single-Source,0,0,1,0,Financial,7.36,1321
ACC-0914,Ext-Acc-302247,Account,Receiver,2.48724,0.0003,0.0,0.000137,0.1809,False,📄 Single-Source,0,0,1,0,Financial,7.35,1322
ACC-0777,Ext-Acc-283218,Account,Sender,1.5729,0.0003,0.0,0.000107,0.1838,False,📄 Single-Source,0,0,1,0,Financial,7.35,1323
ACC-1139,Ext-Acc-234166,Account,Sender,0.805485,0.0003,0.0,8.9e-05,0.1857,False,📄 Single-Source,0,0,1,0,Financial,7.35,1324
ACC-0721,Ext-Acc-355372,Account,Receiver,0.8210550000000001,0.0003,0.0,8.9e-05,0.1857,False,📄 Single-Source,0,0,1,0,Financial,7.35,1325
ACC-0163,Ext-Acc-372264,Account,Receiver,0.8684700000000001,0.0003,0.0,9e-05,0.1857,False,📄 Single-Source,0,0,1,0,Financial,7.35,1326
ACC-0316,Ext-Acc-319974,Account,Receiver,0.8352299999999999,0.0003,0.0,8.9e-05,0.1857,False,📄 Single-Source,0,0,1,0,Financial,7.35,1327
ACC-0860,Ext-Acc-353284,Account,Receiver,1.5934800000000002,0.0003,0.0,0.000108,0.1838,False,📄 Single-Source,0,0,1,0,Financial,7.35,1328
ACC-0421,Ext-Acc-398849,Account,Receiver,1.55337,0.0003,0.0,0.000111,0.1836,False,📄 Single-Source,0,0,1,0,Financial,7.35,1329
ACC-0122,Ext-Acc-345870,Account,Receiver,0.915,0.0003,0.0,9.1e-05,0.1852,False,📄 Single-Source,0,0,1,0,Financial,7.34,1330
ACC-1132,Ext-Acc-241312,Account,Sender,2.8,0.0007,0.0,0.000138,0.1708,False,📄 Single-Source,0,0,1,0,Financial,7.34,1331
ACC-1154,Ext-Acc-354778,Account,Receiver,1.215,0.0003,0.0,0.000101,0.1842,False,📄 Single-Source,0,0,1,0,Financial,7.34,1332
ACC-1343,Ext-Acc-399187,Account,Receiver,0.9636,0.0003,0.0,9.2e-05,0.1852,False,📄 Single-Source,0,0,1,0,Financial,7.34,1333
ACC-0295,Ext-Acc-378167,Account,Receiver,0.92628,0.0003,0.0,9.4e-05,0.1849,False,📄 Single-Source,0,0,1,0,Financial,7.34,1334
ACC-0850,Ext-Acc-371886,Account,Receiver,2.519565,0.0003,0.0,0.000132,0.181,False,📄 Single-Source,0,0,1,0,Financial,7.34,1335
ACC-1130,Ext-Acc-355328,Account,Receiver,0.94221,0.0003,0.0,9.2e-05,0.1852,False,📄 Single-Source,0,0,1,0,Financial,7.34,1336
ACC-0514,Ext-Acc-329850,Account,Receiver,0.766905,0.0003,0.0,8.8e-05,0.1857,False,📄 Single-Source,0,0,1,0,Financial,7.34,1337
ACC-0863,Ext-Acc-342488,Account,Receiver,2.345415,0.0003,0.0,0.000133,0.1809,False,📄 Single-Source,0,0,1,0,Financial,7.34,1338
ACC-0132,Ext-Acc-381927,Account,Receiver,1.75287,0.0003,0.0,0.000112,0.1831,False,📄 Single-Source,0,0,1,0,Financial,7.34,1339
ACC-0978,Ext-Acc-217187,Account,Sender,1.8376000000000001,0.0007,0.0,0.000115,0.173,False,📄 Single-Source,0,0,1,0,Financial,7.34,1340
ACC-1014,Ext-Acc-323570,Account,Receiver,0.7784099999999999,0.0003,0.0,8.8e-05,0.1857,False,📄 Single-Source,0,0,1,0,Financial,7.34,1341
ACC-0968,Ext-Acc-329133,Account,Receiver,2.43,0.0003,0.0,0.000133,0.1811,False,📄 Single-Source,0,0,1,0,Financial,7.34,1342
ACC-0755,Ext-Acc-318385,Account,Receiver,0.8548950000000001,0.0003,0.0,9.1e-05,0.1852,False,📄 Single-Source,0,0,1,0,Financial,7.34,1343
ACC-0415,Ext-Acc-365054,Account,Receiver,0.915,0.0003,0.0,9.4e-05,0.1849,False,📄 Single-Source,0,0,1,0,Financial,7.34,1344
ACC-1184,Ext-Acc-210032,Account,Sender,1.836955,0.0007,0.0,0.000109,0.1738,False,📄 Single-Source,0,0,1,0,Financial,7.34,1345
ACC-0461,Ext-Acc-398295,Account,Receiver,0.92046,0.0003,0.0,9.4e-05,0.1849,False,📄 Single-Source,0,0,1,0,Financial,7.34,1346
ACC-0589,Ext-Acc-298683,Account,Sender,1.79395,0.0007,0.0,0.000108,0.1737,False,📄 Single-Source,0,0,1,0,Financial,7.34,1347
ACC-1272,Ext-Acc-368597,Account,Receiver,7.5,0.0003,0.0,0.000336,0.1601,False,📄 Single-Source,0,0,1,0,Financial,7.34,1348
ACC-0151,Ext-Acc-394493,Account,Receiver,1.5128400000000002,0.0003,0.0,0.000106,0.1838,False,📄 Single-Source,0,0,1,0,Financial,7.34,1349
ACC-1268,Ext-Acc-218817,Account,Sender,0.78474,0.0003,0.0,8.8e-05,0.1857,False,📄 Single-Source,0,0,1,0,Financial,7.34,1350
ACC-0977,Ext-Acc-203328,Account,Sender,1.954495,0.0007,0.0,0.000113,0.1731,False,📄 Single-Source,0,0,1,0,Financial,7.33,1351
ACC-0699,Ext-Acc-366400,Account,Receiver,0.879645,0.0003,0.0,9.3e-05,0.1849,False,📄 Single-Source,0,0,1,0,Financial,7.33,1352
VEH-0023,Tn-28-Zz-1077,Vehicle,Auto|SocialMention,3.5,0.0007,0.0,0.000135,0.1708,True,🔗 Cross-Verified,1,0,0,1,FIR|SocialMedia,7.33,1353
ACC-0288,Ext-Acc-238745,Account,Sender,1.931515,0.0007,0.0,0.00012,0.1723,False,📄 Single-Source,0,0,1,0,Financial,7.33,1354
VEH-0067,Tn-39-Xx-1048,Vehicle,Motorcycle|SocialMention,3.5,0.0007,0.0,0.000129,0.1714,True,🔗 Cross-Verified,1,0,0,1,FIR|SocialMedia,7.33,1355
ACC-0974,Ext-Acc-318116,Account,Receiver,0.84039,0.0003,0.0,9.2e-05,0.1849,False,📄 Single-Source,0,0,1,0,Financial,7.33,1356
ACC-1267,Ext-Acc-270614,Account,Sender,0.77883,0.0003,0.0,8.8e-05,0.1852,False,📄 Single-Source,0,0,1,0,Financial,7.33,1357
ACC-0411,Ext-Acc-228574,Account,Sender,0.8754,0.0003,0.0,9.3e-05,0.1849,False,📄 Single-Source,0,0,1,0,Financial,7.33,1358
ACC-0438,Ext-Acc-339720,Account,Receiver,0.8699999999999999,0.0003,0.0,9e-05,0.1852,False,📄 Single-Source,0,0,1,0,Financial,7.33,1359
ACC-1120,Ext-Acc-333879,Account,Receiver,0.8131349999999999,0.0003,0.0,9e-05,0.1852,False,📄 Single-Source,0,0,1,0,Financial,7.33,1360
ACC-0654,Ext-Acc-374113,Account,Receiver,0.765,0.0003,0.0,8.9e-05,0.1852,False,📄 Single-Source,0,0,1,0,Financial,7.33,1361
ACC-0695,Ext-Acc-353609,Account,Receiver,2.003685,0.0003,0.0,0.000121,0.1819,False,📄 Single-Source,0,0,1,0,Financial,7.33,1362
ACC-0575,Ext-Acc-301401,Account,Receiver,0.8825099999999999,0.0003,0.0,9.3e-05,0.1849,False,📄 Single-Source,0,0,1,0,Financial,7.33,1363
ACC-0858,Ext-Acc-273763,Account,Sender,1.93159,0.0007,0.0,0.000113,0.1731,False,📄 Single-Source,0,0,1,0,Financial,7.33,1364
ACC-0990,Ext-Acc-398664,Account,Receiver,0.8470199999999999,0.0003,0.0,8.9e-05,0.1852,False,📄 Single-Source,0,0,1,0,Financial,7.33,1365
ACC-0477,Ext-Acc-387432,Account,Receiver,0.795915,0.0003,0.0,9.1e-05,0.1849,False,📄 Single-Source,0,0,1,0,Financial,7.33,1366
ACC-0618,Ext-Acc-255134,Account,Sender,0.96795,0.0003,0.0,9.5e-05,0.1846,False,📄 Single-Source,0,0,1,0,Financial,7.33,1367
ACC-0888,Ext-Acc-312214,Account,Receiver,0.81,0.0003,0.0,8.8e-05,0.1852,False,📄 Single-Source,0,0,1,0,Financial,7.33,1368
ACC-0620,Ext-Acc-356243,Account,Receiver,1.6580849999999998,0.0003,0.0,0.000112,0.1828,False,📄 Single-Source,0,0,1,0,Financial,7.33,1369
ACC-1186,Ext-Acc-313428,Account,Receiver,0.823995,0.0003,0.0,8.9e-05,0.1852,False,📄 Single-Source,0,0,1,0,Financial,7.33,1370
ACC-0830,Ext-Acc-256373,Account,Sender,0.9404100000000001,0.0003,0.0,9.4e-05,0.1846,False,📄 Single-Source,0,0,1,0,Financial,7.33,1371
ACC-1024,Ext-Acc-327150,Account,Receiver,0.9318299999999999,0.0003,0.0,9.4e-05,0.1846,False,📄 Single-Source,0,0,1,0,Financial,7.33,1372
ACC-0478,Ext-Acc-299059,Account,Sender,2.375575,0.0007,0.0,0.000125,0.1718,False,📄 Single-Source,0,0,1,0,Financial,7.33,1373
ACC-1419,Ext-Acc-213537,Account,Sender,0.841665,0.0003,0.0,8.9e-05,0.1852,False,📄 Single-Source,0,0,1,0,Financial,7.33,1374
ACC-1311,Ext-Acc-307694,Account,Receiver,0.765,0.0003,0.0,8.9e-05,0.1852,False,📄 Single-Source,0,0,1,0,Financial,7.33,1375
ACC-0374,Ext-Acc-200207,Account,Sender,2.7902649999999998,0.0007,0.0,0.00013,0.1712,False,📄 Single-Source,0,0,1,0,Financial,7.33,1376
ACC-1318,Ext-Acc-363343,Account,Receiver,0.7781549999999999,0.0003,0.0,8.9e-05,0.1852,False,📄 Single-Source,0,0,1,0,Financial,7.33,1377
ACC-0492,Ext-Acc-244558,Account,Sender,1.8250000000000002,0.0007,0.0,0.000112,0.1732,False,📄 Single-Source,0,0,1,0,Financial,7.33,1378
ACC-1416,Ext-Acc-337337,Account,Receiver,0.93786,0.0003,0.0,9.4e-05,0.1846,False,📄 Single-Source,0,0,1,0,Financial,7.33,1379
ACC-1430,Ext-Acc-392862,Account,Receiver,1.1668500000000002,0.0003,0.0,0.000101,0.1836,False,📄 Single-Source,0,0,1,0,Financial,7.32,1380
VEH-0073,Tn-47-Yy-1034,Vehicle,SocialMention|Truck,3.5,0.0007,0.0,0.000135,0.1706,True,🔗 Cross-Verified,1,0,0,2,FIR|SocialMedia,7.32,1381
ACC-1092,Ext-Acc-339387,Account,Receiver,0.863535,0.0003,0.0,9.2e-05,0.1846,False,📄 Single-Source,0,0,1,0,Financial,7.32,1382
ACC-1102,Ext-Acc-215988,Account,Sender,1.78,0.0007,0.0,0.000107,0.1733,False,📄 Single-Source,0,0,1,0,Financial,7.32,1383
ACC-0531,Ext-Acc-341676,Account,Receiver,1.240485,0.0003,0.0,9.9e-05,0.1838,False,📄 Single-Source,0,0,1,0,Financial,7.32,1384
ACC-0945,Ext-Acc-372423,Account,Receiver,1.0050000000000001,0.0003,0.0,9.5e-05,0.1843,False,📄 Single-Source,0,0,1,0,Financial,7.32,1385
ACC-1244,Ext-Acc-307798,Account,Receiver,0.860655,0.0003,0.0,9.2e-05,0.1846,False,📄 Single-Source,0,0,1,0,Financial,7.32,1386
ACC-0207,Ext-Acc-304763,Account,Receiver,0.885,0.0003,0.0,9.1e-05,0.1847,False,📄 Single-Source,0,0,1,0,Financial,7.32,1387
ACC-0825,Ext-Acc-311453,Account,Receiver,0.7607999999999999,0.0003,0.0,8.7e-05,0.1852,False,📄 Single-Source,0,0,1,0,Financial,7.32,1388
VEH-0063,Tn-72-Yy-1031,Vehicle,SocialMention|Truck,3.5,0.0007,0.0,0.000135,0.1706,True,🔗 Cross-Verified,1,0,0,2,FIR|SocialMedia,7.32,1389
ACC-0775,Ext-Acc-268035,Account,Sender,0.885,0.0003,0.0,9.3e-05,0.1846,False,📄 Single-Source,0,0,1,0,Financial,7.32,1390
ACC-0901,Ext-Acc-335396,Account,Receiver,0.8683949999999999,0.0003,0.0,9.2e-05,0.1846,False,📄 Single-Source,0,0,1,0,Financial,7.32,1391
ACC-0611,Ext-Acc-356168,Account,Receiver,1.62,0.0003,0.0,0.000111,0.1828,False,📄 Single-Source,0,0,1,0,Financial,7.32,1392
LOC-0069,Neithal Park Highway Junction,Location,Incident|SocialMention,3.0,0.0007,0.0,0.000122,0.1718,True,🔗 Cross-Verified,1,0,0,11,FIR|SocialMedia,7.32,1393
ACC-0365,Ext-Acc-232207,Account,Sender,1.17,0.0003,0.0,9.7e-05,0.1842,False,📄 Single-Source,0,0,1,0,Financial,7.32,1394
ACC-0716,Ext-Acc-291590,Account,Sender,1.817155,0.0007,0.0,0.000117,0.1725,False,📄 Single-Source,0,0,1,0,Financial,7.32,1395
ACC-0173,Ext-Acc-268690,Account,Sender,1.857955,0.0007,0.0,0.000112,0.1728,False,📄 Single-Source,0,0,1,0,Financial,7.32,1396
ACC-0217,Ext-Acc-253511,Account,Sender,0.966225,0.0003,0.0,9.5e-05,0.1842,False,📄 Single-Source,0,0,1,0,Financial,7.32,1397
ACC-0269,Ext-Acc-250911,Account,Sender,0.903105,0.0003,0.0,9.2e-05,0.1847,False,📄 Single-Source,0,0,1,0,Financial,7.32,1398
ACC-0796,Ext-Acc-353364,Account,Receiver,2.21151,0.0003,0.0,0.000127,0.1811,False,📄 Single-Source,0,0,1,0,Financial,7.32,1399
VEH-0072,Tn-01-Xx-1033,Vehicle,Auto|SocialMention,3.5,0.0007,0.0,0.000135,0.1706,True,🔗 Cross-Verified,1,0,0,5,FIR|SocialMedia,7.32,1400
ACC-1214,Ext-Acc-240901,Account,Sender,1.5425250000000001,0.0003,0.0,0.000109,0.1828,False,📄 Single-Source,0,0,1,0,Financial,7.32,1401
ACC-0394,Ext-Acc-391180,Account,Receiver,0.919815,0.0003,0.0,9.3e-05,0.1843,False,📄 Single-Source,0,0,1,0,Financial,7.31,1402
ACC-0162,Ext-Acc-286363,Account,Sender,1.875205,0.0007,0.0,0.000109,0.1729,False,📄 Single-Source,0,0,1,0,Financial,7.31,1403
ACC-0581,Ext-Acc-242157,Account,Sender,1.8029199999999999,0.0007,0.0,0.000116,0.1721,False,📄 Single-Source,0,0,1,0,Financial,7.31,1404
ACC-0548,Ext-Acc-310665,Account,Receiver,7.5,0.0003,0.0,0.000254,0.1678,False,📄 Single-Source,0,0,1,0,Financial,7.31,1405
ACC-0889,Ext-Acc-264681,Account,Sender,1.93639,0.0007,0.0,0.000112,0.1727,False,📄 Single-Source,0,0,1,0,Financial,7.31,1406
ACC-1062,Ext-Acc-373632,Account,Receiver,1.86762,0.0003,0.0,0.000117,0.1819,False,📄 Single-Source,0,0,1,0,Financial,7.31,1407
ACC-0402,Ext-Acc-302151,Account,Receiver,0.9510900000000001,0.0003,0.0,9.3e-05,0.1843,False,📄 Single-Source,0,0,1,0,Financial,7.31,1408
ACC-0680,Ext-Acc-361585,Account,Receiver,0.76587,0.0003,0.0,9e-05,0.1846,False,📄 Single-Source,0,0,1,0,Financial,7.31,1409
ACC-0201,Ext-Acc-344869,Account,Receiver,2.0145150000000003,0.0003,0.0,0.00012,0.1814,False,📄 Single-Source,0,0,1,0,Financial,7.31,1410
ACC-0813,Ext-Acc-366010,Account,Receiver,0.809205,0.0003,0.0,9.1e-05,0.1846,False,📄 Single-Source,0,0,1,0,Financial,7.31,1411
ACC-1260,Ext-Acc-207492,Account,Sender,1.863985,0.0007,0.0,0.000106,0.1731,False,📄 Single-Source,0,0,1,0,Financial,7.31,1412
ACC-1141,Ext-Acc-366517,Account,Receiver,0.945765,0.0003,0.0,9.4e-05,0.1842,False,📄 Single-Source,0,0,1,0,Financial,7.31,1413
ACC-1159,Ext-Acc-318135,Account,Receiver,0.90906,0.0003,0.0,9.3e-05,0.1842,False,📄 Single-Source,0,0,1,0,Financial,7.31,1414
ACC-1329,Ext-Acc-277395,Account,Sender,1.892185,0.0007,0.0001,0.000112,0.1685,False,📄 Single-Source,0,0,1,0,Financial,7.31,1415
ACC-0231,Ext-Acc-259054,Account,Sender,0.92454,0.0003,0.0,9.3e-05,0.1842,False,📄 Single-Source,0,0,1,0,Financial,7.31,1416
ACC-0306,Ext-Acc-393077,Account,Receiver,2.0993250000000003,0.0003,0.0,0.000125,0.1811,False,📄 Single-Source,0,0,1,0,Financial,7.31,1417
ACC-0769,Ext-Acc-200094,Account,Sender,1.91881,0.0007,0.0,0.000118,0.1721,False,📄 Single-Source,0,0,1,0,Financial,7.31,1418
ACC-1135,Ext-Acc-362427,Account,Receiver,2.237685,0.0003,0.0,0.000125,0.181,False,📄 Single-Source,0,0,1,0,Financial,7.31,1419
ACC-1406,Ext-Acc-348769,Account,Receiver,0.9450000000000001,0.0003,0.0,9.3e-05,0.1843,False,📄 Single-Source,0,0,1,0,Financial,7.31,1420
ACC-1178,Ext-Acc-297584,Account,Sender,1.945,0.0007,0.0,0.000118,0.1718,False,📄 Single-Source,0,0,1,0,Financial,7.3,1421
ACC-0841,Ext-Acc-348866,Account,Receiver,0.7629900000000001,0.0003,0.0,8.9e-05,0.1843,False,📄 Single-Source,0,0,1,0,Financial,7.3,1422
ACC-0126,Ext-Acc-213833,Account,Sender,0.79509,0.0003,0.0,9e-05,0.1842,False,📄 Single-Source,0,0,1,0,Financial,7.3,1423
ACC-1126,Ext-Acc-397106,Account,Receiver,7.5,0.0003,0.0,0.000238,0.1692,False,📄 Single-Source,0,0,1,0,Financial,7.3,1424
ACC-0464,Ext-Acc-311690,Account,Receiver,0.852975,0.0003,0.0,9.1e-05,0.1843,False,📄 Single-Source,0,0,1,0,Financial,7.3,1425
ACC-0635,Ext-Acc-325419,Account,Receiver,0.90348,0.0003,0.0,9.1e-05,0.1842,False,📄 Single-Source,0,0,1,0,Financial,7.3,1426
ACC-0852,Ext-Acc-371036,Account,Receiver,7.5,0.0003,0.0,0.000238,0.1692,False,📄 Single-Source,0,0,1,0,Financial,7.3,1427
ACC-1444,Ext-Acc-286166,Account,Sender,0.8540399999999999,0.0003,0.0,9.2e-05,0.1842,False,📄 Single-Source,0,0,1,0,Financial,7.3,1428
ACC-0491,Ext-Acc-396457,Account,Receiver,0.798195,0.0003,0.0,9e-05,0.1843,False,📄 Single-Source,0,0,1,0,Financial,7.3,1429
VEH-0033,Kl-07-Zz-1011,Vehicle,Car|SocialMention,3.5,0.0007,0.0,0.000127,0.1707,True,🔗 Cross-Verified,1,0,0,2,FIR|SocialMedia,7.3,1430
LOC-0077,Kayal Colony Bus Stand Area,Location,Incident|SocialMention,3.0,0.0007,0.0,0.000122,0.1713,True,🔗 Cross-Verified,1,0,0,11,FIR|SocialMedia,7.3,1431
ACC-1003,Ext-Acc-372356,Account,Receiver,2.034945,0.0003,0.0,0.000124,0.1809,False,📄 Single-Source,0,0,1,0,Financial,7.3,1432
ACC-0313,Ext-Acc-320152,Account,Receiver,1.125,0.0003,0.0,9.7e-05,0.1835,False,📄 Single-Source,0,0,1,0,Financial,7.3,1433
ACC-0799,Ext-Acc-333031,Account,Receiver,0.8561400000000001,0.0003,0.0,9.2e-05,0.1842,False,📄 Single-Source,0,0,1,0,Financial,7.3,1434
ACC-1191,Ext-Acc-372199,Account,Receiver,0.87612,0.0003,0.0,9.2e-05,0.1842,False,📄 Single-Source,0,0,1,0,Financial,7.3,1435
ACC-0265,Ext-Acc-318661,Account,Receiver,0.8143799999999999,0.0003,0.0,9e-05,0.1843,False,📄 Single-Source,0,0,1,0,Financial,7.3,1436
ACC-1215,Ext-Acc-210888,Account,Sender,7.5,0.0003,0.0,0.000238,0.1692,False,📄 Single-Source,0,0,1,0,Financial,7.3,1437
ACC-0569,Ext-Acc-367033,Account,Receiver,0.7952100000000001,0.0003,0.0,9e-05,0.1842,False,📄 Single-Source,0,0,1,0,Financial,7.3,1438
ACC-1080,Ext-Acc-261662,Account,Sender,1.17297,0.0003,0.0,9.8e-05,0.1831,False,📄 Single-Source,0,0,1,0,Financial,7.29,1439
ACC-0838,Ext-Acc-321519,Account,Receiver,0.7593,0.0003,0.0,8.9e-05,0.1842,False,📄 Single-Source,0,0,1,0,Financial,7.29,1440
ACC-0513,Ext-Acc-249034,Account,Sender,1.885,0.0007,0.0,0.000109,0.1725,False,📄 Single-Source,0,0,1,0,Financial,7.29,1441
ACC-0512,Ext-Acc-376543,Account,Receiver,0.807375,0.0003,0.0,8.8e-05,0.1842,False,📄 Single-Source,0,0,1,0,Financial,7.29,1442
ACC-0108,Ext-Acc-271511,Account,Sender,0.7677750000000001,0.0003,0.0,8.9e-05,0.1842,False,📄 Single-Source,0,0,1,0,Financial,7.29,1443
VEH-0034,Tn-58-Yy-1085,Vehicle,Scooter|SocialMention,3.5,0.0007,0.0,0.000144,0.1689,True,🔗 Cross-Verified,2,0,0,6,FIR|SocialMedia,7.29,1444
ACC-1038,Ext-Acc-342598,Account,Receiver,1.5444900000000001,0.0003,0.0,0.000109,0.182,False,📄 Single-Source,0,0,1,0,Financial,7.29,1445
ACC-0924,Ext-Acc-339268,Account,Receiver,0.9299999999999999,0.0003,0.0,9.2e-05,0.1838,False,📄 Single-Source,0,0,1,0,Financial,7.29,1446
ACC-0941,Ext-Acc-344555,Account,Receiver,1.2012,0.0003,0.0,9.9e-05,0.1831,False,📄 Single-Source,0,0,1,0,Financial,7.29,1447
ACC-0278,Ext-Acc-388805,Account,Receiver,0.943575,0.0003,0.0,9.5e-05,0.1836,False,📄 Single-Source,0,0,1,0,Financial,7.29,1448
ACC-1298,Ext-Acc-346829,Account,Receiver,1.629555,0.0003,0.0,0.000111,0.182,False,📄 Single-Source,0,0,1,0,Financial,7.29,1449
ACC-0923,Ext-Acc-398740,Account,Receiver,1.08078,0.0003,0.0,9.6e-05,0.1831,False,📄 Single-Source,0,0,1,0,Financial,7.28,1450
ACC-0420,Ext-Acc-275304,Account,Sender,2.11141,0.0007,0.0,0.000115,0.1715,False,📄 Single-Source,0,0,1,0,Financial,7.28,1451
ACC-1021,Ext-Acc-367605,Account,Receiver,0.8897700000000001,0.0003,0.0,9.3e-05,0.1836,False,📄 Single-Source,0,0,1,0,Financial,7.28,1452
ACC-0934,Ext-Acc-266062,Account,Sender,1.96,0.0007,0.0,0.000118,0.1712,False,📄 Single-Source,0,0,1,0,Financial,7.28,1453
ACC-0778,Ext-Acc-362461,Account,Receiver,0.8250000000000001,0.0003,0.0,9.2e-05,0.1836,False,📄 Single-Source,0,0,1,0,Financial,7.28,1454
ACC-1256,Ext-Acc-335922,Account,Receiver,0.96714,0.0003,0.0,9.3e-05,0.1835,False,📄 Single-Source,0,0,1,0,Financial,7.28,1455
ACC-0376,Ext-Acc-368632,Account,Receiver,0.946605,0.0003,0.0,9.2e-05,0.1835,False,📄 Single-Source,0,0,1,0,Financial,7.28,1456
ACC-0834,Ext-Acc-240964,Account,Sender,0.8412299999999999,0.0003,0.0,9.2e-05,0.1836,False,📄 Single-Source,0,0,1,0,Financial,7.28,1457
ACC-0785,Ext-Acc-246748,Account,Sender,1.879135,0.0007,0.0,0.000115,0.1715,False,📄 Single-Source,0,0,1,0,Financial,7.28,1458
ACC-1239,Ext-Acc-374532,Account,Receiver,0.8250000000000001,0.0003,0.0,9.2e-05,0.1836,False,📄 Single-Source,0,0,1,0,Financial,7.28,1459
ACC-0549,Ext-Acc-363198,Account,Receiver,0.81,0.0003,0.0,9.1e-05,0.1836,False,📄 Single-Source,0,0,1,0,Financial,7.28,1460
ACC-0177,Ext-Acc-345820,Account,Receiver,0.8549249999999999,0.0003,0.0,9.2e-05,0.1836,False,📄 Single-Source,0,0,1,0,Financial,7.28,1461
ACC-0671,Ext-Acc-249114,Account,Sender,1.76845,0.0007,0.0,0.000108,0.1722,False,📄 Single-Source,0,0,1,0,Financial,7.28,1462
ACC-0091,Ext-Acc-341245,Account,Receiver,0.9749099999999999,0.0003,0.0,9.3e-05,0.1835,False,📄 Single-Source,0,0,1,0,Financial,7.28,1463
ACC-1403,Ext-Acc-213412,Account,Sender,0.8250000000000001,0.0003,0.0,9.2e-05,0.1836,False,📄 Single-Source,0,0,1,0,Financial,7.28,1464
ACC-0690,Ext-Acc-205027,Account,Sender,0.96429,0.0003,0.0,9.3e-05,0.1835,False,📄 Single-Source,0,0,1,0,Financial,7.28,1465
ACC-1113,Ext-Acc-375527,Account,Receiver,1.8067349999999998,0.0003,0.0,0.000117,0.1811,False,📄 Single-Source,0,0,1,0,Financial,7.28,1466
VEH-0008,Tn-45-Zz-1056,Vehicle,SocialMention|Truck,3.5,0.0007,0.0,0.000137,0.169,True,🔗 Cross-Verified,1,0,0,1,FIR|SocialMedia,7.27,1467
LOC-0070,Kayal Puram Highway Junction,Location,Incident|SocialMention,3.0,0.0007,0.0,0.000123,0.1705,True,🔗 Cross-Verified,1,0,0,14,FIR|SocialMedia,7.27,1468
ACC-1282,Ext-Acc-269019,Account,Sender,0.793695,0.0003,0.0,8.9e-05,0.1835,False,📄 Single-Source,0,0,1,0,Financial,7.27,1469
ACC-1116,Ext-Acc-269522,Account,Sender,1.964095,0.0007,0.0,0.000109,0.1718,False,📄 Single-Source,0,0,1,0,Financial,7.27,1470
ACC-0691,Ext-Acc-200419,Account,Sender,2.127625,0.0007,0.0,0.000115,0.1712,False,📄 Single-Source,0,0,1,0,Financial,7.27,1471
ACC-1223,Ext-Acc-399309,Account,Receiver,7.5,0.0003,0.0,0.000286,0.1635,False,📄 Single-Source,0,0,1,0,Financial,7.27,1472
ACC-1166,Ext-Acc-255304,Account,Sender,0.8314349999999999,0.0003,0.0,8.9e-05,0.1835,False,📄 Single-Source,0,0,1,0,Financial,7.27,1473
ACC-0563,Ext-Acc-269479,Account,Sender,1.4629500000000002,0.0003,0.0,0.000107,0.1819,False,📄 Single-Source,0,0,1,0,Financial,7.27,1474
ACC-1131,Ext-Acc-356069,Account,Receiver,0.96,0.0003,0.0,9.3e-05,0.1831,False,📄 Single-Source,0,0,1,0,Financial,7.27,1475
VEH-0025,Kl-07-Xx-1012,Vehicle,Car|SocialMention,3.5,0.0007,0.0,0.00013,0.1697,True,🔗 Cross-Verified,1,0,0,2,FIR|SocialMedia,7.27,1476
ACC-0090,Ext-Acc-213238,Account,Sender,1.8448,0.0007,0.0,0.000112,0.1716,False,📄 Single-Source,0,0,1,0,Financial,7.27,1477
ACC-0954,Ext-Acc-321527,Account,Receiver,0.7590899999999999,0.0003,0.0,9e-05,0.1836,False,📄 Single-Source,0,0,1,0,Financial,7.27,1478
VEH-0058,Tn-68-Xx-1045,Vehicle,Auto|SocialMention,3.5,0.0007,0.0,0.000139,0.1685,True,🔗 Cross-Verified,1,0,0,4,FIR|SocialMedia,7.26,1479
ACC-0305,Ext-Acc-289995,Account,Sender,2.674195,0.0007,0.0,0.000148,0.1675,False,📄 Single-Source,0,0,1,0,Financial,7.26,1480
ACC-0372,Ext-Acc-380223,Account,Receiver,1.319745,0.0003,0.0,0.000103,0.1819,False,📄 Single-Source,0,0,1,0,Financial,7.26,1481
ACC-1293,Ext-Acc-212705,Account,Sender,2.263135,0.0007,0.0,0.000124,0.17,False,📄 Single-Source,0,0,1,0,Financial,7.26,1482
ACC-0347,Ext-Acc-362294,Account,Receiver,0.9450000000000001,0.0003,0.0,9.4e-05,0.1828,False,📄 Single-Source,0,0,1,0,Financial,7.26,1483
ACC-1057,Ext-Acc-267726,Account,Sender,0.79098,0.0003,0.0,8.9e-05,0.1831,False,📄 Single-Source,0,0,1,0,Financial,7.25,1484
ACC-0255,Ext-Acc-331370,Account,Receiver,0.8802749999999999,0.0003,0.0,9.2e-05,0.1828,False,📄 Single-Source,0,0,1,0,Financial,7.25,1485
ACC-0525,Ext-Acc-251992,Account,Sender,1.92223,0.0007,0.0,0.000113,0.171,False,📄 Single-Source,0,0,1,0,Financial,7.25,1486
ACC-0530,Ext-Acc-374606,Account,Receiver,7.5,0.0003,0.0,0.000258,0.1659,False,📄 Single-Source,0,0,1,0,Financial,7.25,1487
ACC-0784,Ext-Acc-256685,Account,Sender,1.93543,0.0007,0.0,0.000113,0.1708,False,📄 Single-Source,0,0,1,0,Financial,7.25,1488
ACC-1121,Ext-Acc-222457,Account,Sender,0.906285,0.0003,0.0,9.3e-05,0.1828,False,📄 Single-Source,0,0,1,0,Financial,7.25,1489
ACC-1255,Ext-Acc-344813,Account,Receiver,1.5,0.0003,0.0,0.000109,0.1811,False,📄 Single-Source,0,0,1,0,Financial,7.25,1490
ACC-1394,Ext-Acc-339200,Account,Receiver,7.5,0.0003,0.0,0.000258,0.1659,False,📄 Single-Source,0,0,1,0,Financial,7.25,1491
ACC-0882,Ext-Acc-293510,Account,Sender,1.855,0.0007,0.0,0.000111,0.1711,False,📄 Single-Source,0,0,1,0,Financial,7.25,1492
ACC-0724,Ext-Acc-233072,Account,Sender,1.8250000000000002,0.0007,0.0,0.000114,0.1707,False,📄 Single-Source,0,0,1,0,Financial,7.25,1493
ACC-0969,Ext-Acc-327549,Account,Receiver,0.829665,0.0003,0.0,9.1e-05,0.1828,False,📄 Single-Source,0,0,1,0,Financial,7.25,1494
ACC-1195,Ext-Acc-233277,Account,Sender,2.41492,0.0007,0.0,0.000133,0.1689,False,📄 Single-Source,0,0,1,0,Financial,7.25,1495
ACC-1235,Ext-Acc-324371,Account,Receiver,1.154685,0.0003,0.0,9.9e-05,0.182,False,📄 Single-Source,0,0,1,0,Financial,7.25,1496
ACC-0739,Ext-Acc-293685,Account,Sender,1.8554050000000002,0.0007,0.0,0.000108,0.1711,False,📄 Single-Source,0,0,1,0,Financial,7.24,1497
ACC-0199,Ext-Acc-349832,Account,Receiver,1.099155,0.0003,0.0,9.7e-05,0.1819,False,📄 Single-Source,0,0,1,0,Financial,7.24,1498
ACC-0678,Ext-Acc-330115,Account,Receiver,1.4676300000000002,0.0003,0.0,0.000109,0.1809,False,📄 Single-Source,0,0,1,0,Financial,7.24,1499
ACC-1196,Ext-Acc-259609,Account,Sender,7.5,0.0003,0.0,0.000285,0.1627,False,📄 Single-Source,0,0,1,0,Financial,7.24,1500
ACC-1087,Ext-Acc-213531,Account,Sender,1.48872,0.0003,0.0,0.000106,0.181,False,📄 Single-Source,0,0,1,0,Financial,7.24,1501
ACC-0949,Ext-Acc-359795,Account,Receiver,1.5458850000000002,0.0003,0.0,0.000108,0.181,False,📄 Single-Source,0,0,1,0,Financial,7.24,1502
ACC-1388,Ext-Acc-371356,Account,Receiver,0.827025,0.0003,0.0,9e-05,0.1828,False,📄 Single-Source,0,0,1,0,Financial,7.24,1503
ACC-1366,Ext-Acc-331524,Account,Receiver,1.095,0.0003,0.0,9.7e-05,0.182,False,📄 Single-Source,0,0,1,0,Financial,7.24,1504
ACC-0580,Ext-Acc-355876,Account,Receiver,0.9750000000000001,0.0003,0.0,9.4e-05,0.182,False,📄 Single-Source,0,0,1,0,Financial,7.23,1505
ACC-0862,Ext-Acc-217991,Account,Sender,1.88455,0.0007,0.0,0.00011,0.1706,False,📄 Single-Source,0,0,1,0,Financial,7.23,1506
ACC-0614,Ext-Acc-316478,Account,Receiver,1.3649999999999998,0.0003,0.0,0.000103,0.181,False,📄 Single-Source,0,0,1,0,Financial,7.23,1507
ACC-1176,Ext-Acc-379849,Account,Receiver,1.26591,0.0003,0.0,0.000103,0.1811,False,📄 Single-Source,0,0,1,0,Financial,7.23,1508
ACC-0767,Ext-Acc-234757,Account,Sender,1.8699999999999999,0.0007,0.0,0.000115,0.1702,False,📄 Single-Source,0,0,1,0,Financial,7.23,1509
ACC-1437,Ext-Acc-262274,Account,Sender,1.97347,0.0007,0.0,0.00012,0.1696,False,📄 Single-Source,0,0,1,0,Financial,7.23,1510
ACC-1463,Ext-Acc-296308,Account,Sender,0.9747750000000001,0.0003,0.0,9.4e-05,0.182,False,📄 Single-Source,0,0,1,0,Financial,7.23,1511
ACC-0311,Ext-Acc-249146,Account,Sender,0.915,0.0003,0.0,9.3e-05,0.1819,False,📄 Single-Source,0,0,1,0,Financial,7.22,1512
ACC-0183,Ext-Acc-309835,Account,Receiver,0.8835900000000001,0.0003,0.0,9.2e-05,0.182,False,📄 Single-Source,0,0,1,0,Financial,7.22,1513
ACC-0657,Ext-Acc-286175,Account,Sender,0.8755649999999999,0.0003,0.0,9.2e-05,0.1819,False,📄 Single-Source,0,0,1,0,Financial,7.22,1514
ACC-1053,Ext-Acc-315437,Account,Receiver,0.9299999999999999,0.0003,0.0,9.3e-05,0.1819,False,📄 Single-Source,0,0,1,0,Financial,7.22,1515
ACC-1334,Ext-Acc-252244,Account,Sender,1.78204,0.0007,0.0,0.000113,0.17,False,📄 Single-Source,0,0,1,0,Financial,7.22,1516
ACC-1360,Ext-Acc-397391,Account,Receiver,0.896325,0.0003,0.0,9.2e-05,0.1819,False,📄 Single-Source,0,0,1,0,Financial,7.22,1517
ACC-0189,Ext-Acc-331029,Account,Receiver,0.8936550000000001,0.0003,0.0,9.2e-05,0.182,False,📄 Single-Source,0,0,1,0,Financial,7.22,1518
ACC-0101,Ext-Acc-208981,Account,Sender,1.8974950000000002,0.0007,0.0,0.000117,0.1696,False,📄 Single-Source,0,0,1,0,Financial,7.22,1519
ACC-0508,Ext-Acc-241674,Account,Sender,0.908895,0.0003,0.0,9.3e-05,0.182,False,📄 Single-Source,0,0,1,0,Financial,7.22,1520
ACC-0556,Ext-Acc-322049,Account,Receiver,0.8699999999999999,0.0003,0.0,9.2e-05,0.182,False,📄 Single-Source,0,0,1,0,Financial,7.22,1521
ACC-1110,Ext-Acc-332065,Account,Receiver,1.192935,0.0003,0.0,9.9e-05,0.181,False,📄 Single-Source,0,0,1,0,Financial,7.21,1522
ACC-1050,Ext-Acc-363608,Account,Receiver,0.765015,0.0003,0.0,8.9e-05,0.182,False,📄 Single-Source,0,0,1,0,Financial,7.21,1523
ACC-0562,Ext-Acc-339107,Account,Receiver,0.7730999999999999,0.0003,0.0,8.9e-05,0.182,False,📄 Single-Source,0,0,1,0,Financial,7.21,1524
ACC-0303,Ext-Acc-300568,Account,Receiver,0.8638650000000001,0.0003,0.0,9.1e-05,0.1819,False,📄 Single-Source,0,0,1,0,Financial,7.21,1525
ACC-0102,Ext-Acc-326772,Account,Receiver,0.8227650000000001,0.0003,0.0,9e-05,0.1819,False,📄 Single-Source,0,0,1,0,Financial,7.21,1526
ACC-1201,Ext-Acc-374465,Account,Receiver,0.786765,0.0003,0.0,8.9e-05,0.1819,False,📄 Single-Source,0,0,1,0,Financial,7.21,1527
ACC-0866,Ext-Acc-338202,Account,Receiver,0.95163,0.0003,0.0,9.3e-05,0.1814,False,📄 Single-Source,0,0,1,0,Financial,7.2,1528
ACC-0236,Ext-Acc-226326,Account,Sender,0.9380999999999999,0.0003,0.0,9.3e-05,0.1814,False,📄 Single-Source,0,0,1,0,Financial,7.2,1529
VEH-0013,Tn-68-Yy-1058,Vehicle,Motorcycle|SocialMention,4.0,0.0007,0.0,0.000145,0.1662,True,🔗 Cross-Verified,2,0,0,2,FIR|SocialMedia,7.2,1530
VEH-0019,Tn-69-Yy-1061,Vehicle,Bus|SocialMention,4.0,0.0007,0.0,0.000142,0.1665,True,🔗 Cross-Verified,2,0,0,1,FIR|SocialMedia,7.2,1531
ACC-1284,Ext-Acc-286212,Account,Sender,0.8999999999999999,0.0003,0.0,9.2e-05,0.1814,False,📄 Single-Source,0,0,1,0,Financial,7.2,1532
ACC-0714,Ext-Acc-252527,Account,Sender,0.9041699999999999,0.0003,0.0,9.2e-05,0.1814,False,📄 Single-Source,0,0,1,0,Financial,7.2,1533
ACC-0742,Ext-Acc-233725,Account,Sender,1.9,0.0007,0.0,0.000117,0.1693,False,📄 Single-Source,0,0,1,0,Financial,7.2,1534
ACC-0251,Ext-Acc-356260,Account,Receiver,0.9792750000000001,0.0003,0.0,9.4e-05,0.181,False,📄 Single-Source,0,0,1,0,Financial,7.19,1535
ACC-0158,Ext-Acc-259600,Account,Sender,4.5910649999999995,0.0003,0.0,0.000176,0.1725,False,📄 Single-Source,0,0,1,0,Financial,7.19,1536
ACC-0764,Ext-Acc-394964,Account,Receiver,0.81,0.0003,0.0,9e-05,0.1814,False,📄 Single-Source,0,0,1,0,Financial,7.19,1537
ACC-0444,Ext-Acc-339357,Account,Receiver,0.9688950000000001,0.0003,0.0,9.5e-05,0.1809,False,📄 Single-Source,0,0,1,0,Financial,7.19,1538
ACC-0352,Ext-Acc-250789,Account,Sender,1.82707,0.0007,0.0,0.000108,0.1698,False,📄 Single-Source,0,0,1,0,Financial,7.19,1539
ACC-1028,Ext-Acc-201967,Account,Sender,0.87903,0.0003,0.0,9.2e-05,0.1811,False,📄 Single-Source,0,0,1,0,Financial,7.19,1540
ACC-0610,Ext-Acc-235369,Account,Sender,0.7775699999999999,0.0003,0.0,8.9e-05,0.1814,False,📄 Single-Source,0,0,1,0,Financial,7.19,1541
ACC-0393,Ext-Acc-241060,Account,Sender,1.7815,0.0007,0.0,0.000115,0.1691,False,📄 Single-Source,0,0,1,0,Financial,7.19,1542
ACC-0358,Ext-Acc-233303,Account,Sender,1.7660049999999998,0.0007,0.0,0.000109,0.1697,False,📄 Single-Source,0,0,1,0,Financial,7.19,1543
ACC-0403,Ext-Acc-270328,Account,Sender,0.7922850000000001,0.0003,0.0,9e-05,0.1811,False,📄 Single-Source,0,0,1,0,Financial,7.18,1544
ACC-1259,Ext-Acc-382350,Account,Receiver,0.8901300000000001,0.0003,0.0,9.3e-05,0.1809,False,📄 Single-Source,0,0,1,0,Financial,7.18,1545
ACC-1248,Ext-Acc-345678,Account,Receiver,0.795,0.0003,0.0,9.1e-05,0.1809,False,📄 Single-Source,0,0,1,0,Financial,7.18,1546
ACC-1296,Ext-Acc-340699,Account,Receiver,0.8926499999999999,0.0003,0.0,9.1e-05,0.181,False,📄 Single-Source,0,0,1,0,Financial,7.18,1547
ACC-1117,Ext-Acc-374061,Account,Receiver,0.8716200000000001,0.0003,0.0,9.1e-05,0.181,False,📄 Single-Source,0,0,1,0,Financial,7.18,1548
ACC-0946,Ext-Acc-268938,Account,Sender,0.8143500000000001,0.0003,0.0,9.1e-05,0.1811,False,📄 Single-Source,0,0,1,0,Financial,7.18,1549
ACC-1068,Ext-Acc-335133,Account,Receiver,0.8010300000000001,0.0003,0.0,9.1e-05,0.1809,False,📄 Single-Source,0,0,1,0,Financial,7.18,1550
ACC-0585,Ext-Acc-372371,Account,Receiver,0.8886149999999999,0.0003,0.0,9.3e-05,0.1809,False,📄 Single-Source,0,0,1,0,Financial,7.18,1551
ACC-1231,Ext-Acc-260536,Account,Sender,0.8294250000000001,0.0003,0.0,9e-05,0.181,False,📄 Single-Source,0,0,1,0,Financial,7.18,1552
ACC-1386,Ext-Acc-310656,Account,Receiver,0.8243100000000001,0.0003,0.0,9.1e-05,0.1811,False,📄 Single-Source,0,0,1,0,Financial,7.18,1553
ACC-0650,Ext-Acc-326149,Account,Receiver,0.8065200000000001,0.0003,0.0,9e-05,0.1811,False,📄 Single-Source,0,0,1,0,Financial,7.18,1554
ACC-0891,Ext-Acc-364469,Account,Receiver,0.81009,0.0003,0.0,9.1e-05,0.1809,False,📄 Single-Source,0,0,1,0,Financial,7.18,1555
ACC-0130,Ext-Acc-340135,Account,Receiver,0.89352,0.0003,0.0,9.3e-05,0.1809,False,📄 Single-Source,0,0,1,0,Financial,7.18,1556
ACC-1450,Ext-Acc-392573,Account,Receiver,0.8550000000000001,0.0003,0.0,9.2e-05,0.1809,False,📄 Single-Source,0,0,1,0,Financial,7.18,1557
ACC-0292,Ext-Acc-243426,Account,Sender,0.770685,0.0003,0.0,9e-05,0.1811,False,📄 Single-Source,0,0,1,0,Financial,7.18,1558
ACC-0230,Ext-Acc-239226,Account,Sender,0.8903399999999999,0.0003,0.0,9.3e-05,0.1809,False,📄 Single-Source,0,0,1,0,Financial,7.18,1559
ACC-0662,Ext-Acc-380117,Account,Receiver,0.77142,0.0003,0.0,9e-05,0.1811,False,📄 Single-Source,0,0,1,0,Financial,7.18,1560
ACC-0583,Ext-Acc-326476,Account,Receiver,0.795,0.0003,0.0,8.9e-05,0.181,False,📄 Single-Source,0,0,1,0,Financial,7.17,1561
ACC-0322,Ext-Acc-247349,Account,Sender,1.9168749999999999,0.0007,0.0,0.000116,0.1684,False,📄 Single-Source,0,0,1,0,Financial,7.17,1562
ACC-0520,Ext-Acc-309172,Account,Receiver,0.765,0.0003,0.0,9e-05,0.1809,False,📄 Single-Source,0,0,1,0,Financial,7.17,1563
ACC-0815,Ext-Acc-342160,Account,Receiver,0.783,0.0003,0.0,8.9e-05,0.181,False,📄 Single-Source,0,0,1,0,Financial,7.17,1564
ACC-1249,Ext-Acc-243435,Account,Sender,7.5,0.0003,0.0,0.000257,0.1635,False,📄 Single-Source,0,0,1,0,Financial,7.16,1565
ACC-0239,Ext-Acc-245656,Account,Sender,1.8699999999999999,0.0007,0.0,0.000108,0.1688,False,📄 Single-Source,0,0,1,0,Financial,7.15,1566
ACC-1168,Ext-Acc-207386,Account,Sender,1.7799550000000002,0.0007,0.0,0.000109,0.1684,False,📄 Single-Source,0,0,1,0,Financial,7.14,1567
ACC-0846,Ext-Acc-284602,Account,Sender,1.768,0.0007,0.0,0.000108,0.1684,False,📄 Single-Source,0,0,1,0,Financial,7.14,1568
ACC-0685,Ext-Acc-348436,Account,Receiver,7.5,0.0003,0.0,0.000266,0.1609,False,📄 Single-Source,0,0,1,0,Financial,7.1,1569
ACC-0380,Ext-Acc-361000,Account,Receiver,7.5,0.0003,0.0,0.000262,0.1612,False,📄 Single-Source,0,0,1,0,Financial,7.09,1570
ACC-1077,Ext-Acc-359839,Account,Receiver,7.5,0.0003,0.0,0.000247,0.1627,False,📄 Single-Source,0,0,1,0,Financial,7.09,1571
ACC-1262,Ext-Acc-322057,Account,Receiver,7.5,0.0003,0.0,0.000231,0.1635,False,📄 Single-Source,0,0,1,0,Financial,7.06,1572
ACC-0608,Ext-Acc-373505,Account,Receiver,7.5,0.0003,0.0,0.000231,0.1636,False,📄 Single-Source,0,0,1,0,Financial,7.06,1573
ACC-1069,Ext-Acc-246837,Account,Sender,8.5,0.0003,0.0,0.000219,0.1647,False,📄 Single-Source,0,0,1,0,Financial,7.06,1574
LOC-0081,Selvapuram Garden College Road,Location,Incident|SocialMention,2.0,0.0007,0.0,0.000115,0.1651,True,🔗 Cross-Verified,1,0,0,15,FIR|SocialMedia,7.04,1575
ACC-0989,Ext-Acc-361408,Account,Receiver,7.5,0.0003,0.0,0.000273,0.1584,False,📄 Single-Source,0,0,1,0,Financial,7.03,1576
ACC-1063,Ext-Acc-370571,Account,Receiver,7.5,0.0003,0.0,0.000241,0.1615,False,📄 Single-Source,0,0,1,0,Financial,7.02,1577
VEH-0057,Tn-28-Yy-1070,Vehicle,Motorcycle|SocialMention,1.5,0.0003,0.0,9.6e-05,0.176,True,🔗 Cross-Verified,1,0,0,1,FIR|SocialMedia,7.01,1578
ACC-0935,Ext-Acc-251337,Account,Sender,7.5,0.0003,0.0,0.000247,0.1603,False,📄 Single-Source,0,0,1,0,Financial,7.0,1579
ACC-0797,Ext-Acc-396017,Account,Receiver,7.5,0.0003,0.0,0.000247,0.1603,False,📄 Single-Source,0,0,1,0,Financial,7.0,1580
ACC-1320,Ext-Acc-394988,Account,Receiver,7.5,0.0003,0.0,0.000257,0.1591,False,📄 Single-Source,0,0,1,0,Financial,6.99,1581
ACC-0414,Ext-Acc-308601,Account,Receiver,5.745,0.0003,0.0,0.000266,0.1568,False,📄 Single-Source,0,0,1,0,Financial,6.94,1582
ACC-1438,Ext-Acc-306793,Account,Receiver,2.73282,0.0003,0.0,0.000131,0.1695,False,📄 Single-Source,0,0,1,0,Financial,6.9,1583
ACC-1257,Ext-Acc-303466,Account,Receiver,2.031105,0.0003,0.0,0.000114,0.1709,False,📄 Single-Source,0,0,1,0,Financial,6.89,1584
VEH-0059,Tn-30-Xx-1039,Vehicle,Motorcycle|SocialMention,4.0,0.0003,0.0,0.000149,0.167,True,🔗 Cross-Verified,2,0,0,2,FIR|SocialMedia,6.88,1585
ACC-0472,Ext-Acc-364972,Account,Receiver,2.115,0.0003,0.0,0.000121,0.1699,False,📄 Single-Source,0,0,1,0,Financial,6.88,1586
VEH-0077,Tn-57-Yy-1097,Vehicle,Car|SocialMention,2.0,0.0003,0.0,0.000104,0.1715,True,🔗 Cross-Verified,1,0,0,2,FIR|SocialMedia,6.87,1587
VEH-0045,Tn-39-Yy-1091,Vehicle,Auto|SocialMention,2.0,0.0003,0.0,0.000104,0.1715,True,🔗 Cross-Verified,1,0,0,1,FIR|SocialMedia,6.87,1588
VEH-0046,Tn-28-Xx-1063,Vehicle,Scooter,2.0,0.0003,0.0,0.000105,0.1711,False,📄 Single-Source,1,0,0,0,FIR,6.86,1589
VEH-0055,Tn-33-Yy-1094,Vehicle,Motorcycle|SocialMention,2.0,0.0003,0.0,0.000106,0.171,True,🔗 Cross-Verified,1,0,0,3,FIR|SocialMedia,6.86,1590
VEH-0053,Tn-01-Zz-1068,Vehicle,Scooter|SocialMention,2.0,0.0003,0.0,0.000105,0.1711,True,🔗 Cross-Verified,1,0,0,1,FIR|SocialMedia,6.86,1591
VEH-0060,Tn-47-Zz-1095,Vehicle,Car|SocialMention,2.0,0.0003,0.0,0.000106,0.171,True,🔗 Cross-Verified,1,0,0,3,FIR|SocialMedia,6.86,1592
VEH-0052,Tn-72-Yy-1067,Vehicle,Scooter|SocialMention,2.0,0.0003,0.0,0.000105,0.1707,True,🔗 Cross-Verified,1,0,0,2,FIR|SocialMedia,6.85,1593
VEH-0051,Tn-33-Xx-1066,Vehicle,Auto|SocialMention,2.0,0.0003,0.0,0.000105,0.1707,True,🔗 Cross-Verified,1,0,0,2,FIR|SocialMedia,6.85,1594
ACC-0810,Ext-Acc-350449,Account,Receiver,4.649475,0.0003,0.0,0.000215,0.1595,False,📄 Single-Source,0,0,1,0,Financial,6.85,1595
ACC-0895,Ext-Acc-333053,Account,Receiver,2.797575,0.0003,0.0,0.000142,0.1665,False,📄 Single-Source,0,0,1,0,Financial,6.83,1596
ACC-0195,Ext-Acc-368069,Account,Receiver,1.524645,0.0003,0.0,0.000106,0.1699,False,📄 Single-Source,0,0,1,0,Financial,6.82,1597
ACC-0911,Ext-Acc-335823,Account,Receiver,1.7124899999999998,0.0003,0.0,0.000108,0.1692,False,📄 Single-Source,0,0,1,0,Financial,6.8,1598
VEH-0065,Tn-38-Zz-1005,Vehicle,Motorcycle|SocialMention,2.0,0.0003,0.0,0.000102,0.1699,True,🔗 Cross-Verified,1,0,0,2,FIR|SocialMedia,6.8,1599
ACC-0405,Ext-Acc-380024,Account,Receiver,2.940645,0.0003,0.0,0.000153,0.1646,False,📄 Single-Source,0,0,1,0,Financial,6.8,1600
ACC-0692,Ext-Acc-323601,Account,Receiver,2.123655,0.0003,0.0,0.000122,0.1678,False,📄 Single-Source,0,0,1,0,Financial,6.8,1601
VEH-0035,Tn-23-Zz-1086,Vehicle,Motorcycle|SocialMention,2.0,0.0003,0.0,0.000103,0.1694,True,🔗 Cross-Verified,1,0,0,1,FIR|SocialMedia,6.79,1602
ACC-1335,Ext-Acc-334080,Account,Receiver,2.83221,0.0003,0.0,0.000157,0.1639,False,📄 Single-Source,0,0,1,0,Financial,6.79,1603
ACC-0741,Ext-Acc-391692,Account,Receiver,0.766275,0.0003,0.0,8.6e-05,0.1709,False,📄 Single-Source,0,0,1,0,Financial,6.78,1604
ACC-0801,Ext-Acc-323264,Account,Receiver,2.73,0.0003,0.0,0.000154,0.1639,False,📄 Single-Source,0,0,1,0,Financial,6.78,1605
LOC-0080,Mynthan Nagar Apartment Complex,Location,Incident|SocialMention,2.0,0.0003,0.0,0.000104,0.1688,True,🔗 Cross-Verified,1,0,0,9,FIR|SocialMedia,6.77,1606
LOC-0082,Kadal Layout Highway Junction,Location,Incident|SocialMention,2.0,0.0003,0.0,0.000106,0.1687,True,🔗 Cross-Verified,1,0,0,11,FIR|SocialMedia,6.77,1607
ACC-0579,Ext-Acc-332472,Account,Receiver,1.709775,0.0003,0.0,0.000111,0.1678,False,📄 Single-Source,0,0,1,0,Financial,6.76,1608
VEH-0026,Tn-30-Yy-1079,Vehicle,Car|SocialMention,2.0,0.0003,0.0,0.000105,0.1684,True,🔗 Cross-Verified,1,0,0,3,FIR|SocialMedia,6.76,1609
ACC-0884,Ext-Acc-328255,Account,Receiver,1.5537,0.0003,0.0,0.000108,0.1678,False,📄 Single-Source,0,0,1,0,Financial,6.75,1610
ACC-1271,Ext-Acc-339278,Account,Receiver,0.78186,0.0003,0.0,8.8e-05,0.1699,False,📄 Single-Source,0,0,1,0,Financial,6.75,1611
ACC-1387,Ext-Acc-235865,Account,Sender,2.0250000000000004,0.0003,0.0,0.000128,0.1656,False,📄 Single-Source,0,0,1,0,Financial,6.74,1612
ACC-0164,Ext-Acc-329392,Account,Receiver,0.8941950000000001,0.0003,0.0,9e-05,0.1695,False,📄 Single-Source,0,0,1,0,Financial,6.74,1613
ACC-1356,Ext-Acc-369968,Account,Receiver,2.69694,0.0003,0.0,0.000147,0.1635,False,📄 Single-Source,0,0,1,0,Financial,6.74,1614
ACC-0304,Ext-Acc-398097,Account,Receiver,2.20935,0.0003,0.0,0.000132,0.1646,False,📄 Single-Source,0,0,1,0,Financial,6.72,1615
VEH-0062,Tn-68-Yy-1040,Vehicle,Motorcycle|SocialMention,2.0,0.0003,0.0,0.000109,0.167,True,🔗 Cross-Verified,1,0,0,3,FIR|SocialMedia,6.72,1616
VEH-0080,Tn-57-Xx-1042,Vehicle,Motorcycle,2.0,0.0003,0.0,0.000109,0.167,False,📄 Single-Source,1,0,0,0,FIR,6.72,1617
ACC-1099,Ext-Acc-351514,Account,Receiver,2.95206,0.0003,0.0,0.000174,0.1601,False,📄 Single-Source,0,0,1,0,Financial,6.71,1618
ACC-0400,Ext-Acc-384907,Account,Receiver,2.485605,0.0003,0.0,0.00013,0.1646,False,📄 Single-Source,0,0,1,0,Financial,6.71,1619
ACC-0746,Ext-Acc-306695,Account,Receiver,1.74738,0.0003,0.0,0.00012,0.1656,False,📄 Single-Source,0,0,1,0,Financial,6.71,1620
ACC-1066,Ext-Acc-265979,Account,Sender,2.479545,0.0003,0.0,0.000137,0.1636,False,📄 Single-Source,0,0,1,0,Financial,6.7,1621
ACC-1245,Ext-Acc-377085,Account,Receiver,2.445,0.0003,0.0,0.000136,0.1636,False,📄 Single-Source,0,0,1,0,Financial,6.7,1622
VEH-0012,Tn-45-Zz-1062,Vehicle,Bus|SocialMention,2.0,0.0003,0.0,0.000102,0.1672,True,🔗 Cross-Verified,3,0,0,1,FIR|SocialMedia,6.7,1623
ACC-1127,Ext-Acc-393612,Account,Receiver,2.5331099999999998,0.0003,0.0,0.000138,0.1636,False,📄 Single-Source,0,0,1,0,Financial,6.7,1624
VEH-0022,Tn-38-Yy-1028,Vehicle,Car|SocialMention,2.0,0.0003,0.0,0.0001,0.1672,True,🔗 Cross-Verified,2,0,0,2,FIR|SocialMedia,6.69,1625
VEH-0017,Tn-28-Yy-1076,Vehicle,Car|SocialMention,2.0,0.0003,0.0,0.000105,0.1666,True,🔗 Cross-Verified,2,0,0,3,FIR|SocialMedia,6.69,1626
ACC-1332,Ext-Acc-351303,Account,Receiver,2.65947,0.0003,0.0,0.000136,0.1635,False,📄 Single-Source,0,0,1,0,Financial,6.69,1627
ACC-1369,Ext-Acc-384259,Account,Receiver,2.291715,0.0003,0.0,0.000135,0.1635,False,📄 Single-Source,0,0,1,0,Financial,6.69,1628
VEH-0002,Tn-38-Yy-1073,Vehicle,Auto|SocialMention,2.0,0.0003,0.0,0.000105,0.1666,True,🔗 Cross-Verified,1,0,0,1,FIR|SocialMedia,6.69,1629
ACC-1225,Ext-Acc-323863,Account,Receiver,2.415495,0.0003,0.0,0.000135,0.1633,False,📄 Single-Source,0,0,1,0,Financial,6.68,1630
LOC-0031,Iniyan Layout Parking Area,Location,Incident|SocialMention,2.0,0.0003,0.0,0.000104,0.1665,True,🔗 Cross-Verified,1,0,0,6,FIR|SocialMedia,6.68,1631
VEH-0007,Tn-68-Xx-1018,Vehicle,Motorcycle|SocialMention,2.0,0.0003,0.0,0.000104,0.1661,True,🔗 Cross-Verified,1,0,0,3,FIR|SocialMedia,6.67,1632
ACC-0902,Ext-Acc-346299,Account,Receiver,1.9591349999999998,0.0003,0.0,0.000116,0.1648,False,📄 Single-Source,0,0,1,0,Financial,6.67,1633
VEH-0006,Kl-07-Yy-1055,Vehicle,SocialMention|Truck,2.0,0.0003,0.0,0.000104,0.1661,True,🔗 Cross-Verified,1,0,0,2,FIR|SocialMedia,6.67,1634
VEH-0076,Tn-39-Xx-1096,Vehicle,Motorcycle,2.0,0.0003,0.0,0.000105,0.1657,False,📄 Single-Source,1,0,0,0,FIR,6.66,1635
ACC-0655,Ext-Acc-317878,Account,Receiver,1.5836100000000002,0.0003,0.0,0.000108,0.1655,False,📄 Single-Source,0,0,1,0,Financial,6.66,1636
VEH-0079,Tn-30-Yy-1052,Vehicle,Scooter|SocialMention,2.0,0.0003,0.0,0.000105,0.1654,True,🔗 Cross-Verified,1,0,0,2,FIR|SocialMedia,6.65,1637
VEH-0066,Tn-01-Zz-1047,Vehicle,Motorcycle|SocialMention,2.0,0.0003,0.0,0.000105,0.1654,True,🔗 Cross-Verified,1,0,0,2,FIR|SocialMedia,6.65,1638
ACC-0713,Ext-Acc-378766,Account,Receiver,2.16,0.0003,0.0,0.000131,0.1627,False,📄 Single-Source,0,0,1,0,Financial,6.64,1639
ACC-1241,Ext-Acc-289817,Account,Sender,0.85905,0.0003,0.0,9.2e-05,0.1665,False,📄 Single-Source,0,0,1,0,Financial,6.64,1640
ACC-1205,Ext-Acc-301577,Account,Receiver,0.944925,0.0003,0.0,9.2e-05,0.1664,False,📄 Single-Source,0,0,1,0,Financial,6.63,1641
ACC-0148,Ext-Acc-360981,Account,Receiver,1.59,0.0003,0.0,0.000108,0.1646,False,📄 Single-Source,0,0,1,0,Financial,6.63,1642
VEH-0016,Tn-39-Zz-1059,Vehicle,SocialMention|Truck,2.0,0.0003,0.0,0.000118,0.1637,True,🔗 Cross-Verified,1,0,0,2,FIR|SocialMedia,6.63,1643
ACC-1185,Ext-Acc-316310,Account,Receiver,0.9750000000000001,0.0003,0.0,9.3e-05,0.166,False,📄 Single-Source,0,0,1,0,Financial,6.62,1644
ACC-1228,Ext-Acc-349421,Account,Receiver,0.95595,0.0003,0.0,9.7e-05,0.1656,False,📄 Single-Source,0,0,1,0,Financial,6.62,1645
ACC-0406,Ext-Acc-362182,Account,Receiver,0.765,0.0003,0.0,8.7e-05,0.1666,False,📄 Single-Source,0,0,1,0,Financial,6.62,1646
ACC-0246,Ext-Acc-207780,Account,Sender,0.9305249999999999,0.0003,0.0,9.3e-05,0.1659,False,📄 Single-Source,0,0,1,0,Financial,6.62,1647
ACC-1129,Ext-Acc-339596,Account,Receiver,0.7956300000000001,0.0003,0.0,8.9e-05,0.166,False,📄 Single-Source,0,0,1,0,Financial,6.61,1648
VEH-0050,Tn-01-Xx-1093,Vehicle,Motorcycle|SocialMention,1.5,0.0003,0.0,9.8e-05,0.1653,True,🔗 Cross-Verified,1,0,0,3,FIR|SocialMedia,6.61,1649
ACC-0364,Ext-Acc-351662,Account,Receiver,1.12644,0.0003,0.0,0.000104,0.1642,False,📄 Single-Source,0,0,1,0,Financial,6.6,1650
VEH-0036,Tn-39-Yy-1016,Vehicle,SocialMention|Van,2.0,0.0003,0.0,0.000103,0.1644,True,🔗 Cross-Verified,1,0,0,1,FIR|SocialMedia,6.6,1651
VEH-0071,Tn-33-Xx-1009,Vehicle,Motorcycle|SocialMention,1.5,0.0003,0.0,0.0001,0.1647,True,🔗 Cross-Verified,1,0,0,3,FIR|SocialMedia,6.6,1652
VEH-0081,Tn-39-Yy-1043,Vehicle,Motorcycle,1.5,0.0003,0.0,0.0001,0.1647,False,📄 Single-Source,1,0,0,0,FIR,6.6,1653
ACC-0798,Ext-Acc-375235,Account,Receiver,2.57766,0.0003,0.0,0.000138,0.1607,False,📄 Single-Source,0,0,1,0,Financial,6.6,1654
ACC-0919,Ext-Acc-313525,Account,Receiver,0.858435,0.0003,0.0,9e-05,0.1655,False,📄 Single-Source,0,0,1,0,Financial,6.59,1655
ACC-1242,Ext-Acc-357746,Account,Receiver,0.8665050000000001,0.0003,0.0,9.1e-05,0.1653,False,📄 Single-Source,0,0,1,0,Financial,6.59,1656
ACC-0601,Ext-Acc-305987,Account,Receiver,0.8400000000000001,0.0003,0.0,9e-05,0.1655,False,📄 Single-Source,0,0,1,0,Financial,6.59,1657
ACC-0500,Ext-Acc-235956,Account,Sender,1.9695299999999998,0.0003,0.0,0.000116,0.1627,False,📄 Single-Source,0,0,1,0,Financial,6.59,1658
ACC-0791,Ext-Acc-303454,Account,Receiver,1.83606,0.0003,0.0,0.000123,0.162,False,📄 Single-Source,0,0,1,0,Financial,6.59,1659
ACC-0754,Ext-Acc-358437,Account,Receiver,0.8364449999999999,0.0003,0.0,9.1e-05,0.1653,False,📄 Single-Source,0,0,1,0,Financial,6.59,1660
ACC-1015,Ext-Acc-335443,Account,Receiver,2.64018,0.0003,0.0,0.000139,0.1604,False,📄 Single-Source,0,0,1,0,Financial,6.59,1661
ACC-0861,Ext-Acc-319079,Account,Receiver,0.8256600000000001,0.0003,0.0,9e-05,0.1655,False,📄 Single-Source,0,0,1,0,Financial,6.59,1662
ACC-1429,Ext-Acc-356998,Account,Receiver,1.069485,0.0003,0.0,9.6e-05,0.1647,False,📄 Single-Source,0,0,1,0,Financial,6.58,1663
ACC-0204,Ext-Acc-313178,Account,Receiver,0.8927400000000001,0.0003,0.0,9.5e-05,0.1646,False,📄 Single-Source,0,0,1,0,Financial,6.58,1664
ACC-0766,Ext-Acc-399914,Account,Receiver,1.800075,0.0003,0.0,0.000122,0.162,False,📄 Single-Source,0,0,1,0,Financial,6.58,1665
ACC-0853,Ext-Acc-355301,Account,Receiver,1.016565,0.0003,0.0,9.4e-05,0.1647,False,📄 Single-Source,0,0,1,0,Financial,6.58,1666
ACC-1355,Ext-Acc-313422,Account,Receiver,7.5,0.0003,0.0,0.000381,0.1352,False,📄 Single-Source,0,0,1,0,Financial,6.57,1667
ACC-0440,Ext-Acc-237281,Account,Sender,2.34684,0.0003,0.0,0.000143,0.1595,False,📄 Single-Source,0,0,1,0,Financial,6.57,1668
ACC-0156,Ext-Acc-314201,Account,Receiver,0.9097500000000001,0.0003,0.0,9.7e-05,0.1642,False,📄 Single-Source,0,0,1,0,Financial,6.57,1669
ACC-1456,Ext-Acc-383870,Account,Receiver,7.5,0.0003,0.0,0.000381,0.1352,False,📄 Single-Source,0,0,1,0,Financial,6.57,1670
ACC-0386,Ext-Acc-317796,Account,Receiver,2.6102250000000002,0.0003,0.0,0.000146,0.159,False,📄 Single-Source,0,0,1,0,Financial,6.56,1671
ACC-0927,Ext-Acc-376758,Account,Receiver,7.5,0.0003,0.0,0.000378,0.1351,False,📄 Single-Source,0,0,1,0,Financial,6.56,1672
ACC-0939,Ext-Acc-295583,Account,Sender,0.82626,0.0003,0.0,8.9e-05,0.1648,False,📄 Single-Source,0,0,1,0,Financial,6.56,1673
ACC-0127,Ext-Acc-263372,Account,Sender,0.8178300000000001,0.0003,0.0,9.5e-05,0.1642,False,📄 Single-Source,0,0,1,0,Financial,6.56,1674
ACC-0757,Ext-Acc-319949,Account,Receiver,0.91671,0.0003,0.0,9.8e-05,0.1639,False,📄 Single-Source,0,0,1,0,Financial,6.56,1675
ACC-0561,Ext-Acc-329482,Account,Receiver,2.86047,0.0003,0.0,0.00015,0.1586,False,📄 Single-Source,0,0,1,0,Financial,6.56,1676
ACC-0702,Ext-Acc-268482,Account,Sender,0.82881,0.0003,0.0,9.5e-05,0.1639,False,📄 Single-Source,0,0,1,0,Financial,6.55,1677
ACC-0871,Ext-Acc-336630,Account,Receiver,0.83331,0.0003,0.0,9.5e-05,0.1639,False,📄 Single-Source,0,0,1,0,Financial,6.55,1678
ACC-0734,Ext-Acc-399844,Account,Receiver,2.51709,0.0003,0.0,0.000143,0.159,False,📄 Single-Source,0,0,1,0,Financial,6.55,1679
ACC-0728,Ext-Acc-383211,Account,Receiver,0.76194,0.0003,0.0,8.8e-05,0.1646,False,📄 Single-Source,0,0,1,0,Financial,6.55,1680
ACC-1224,Ext-Acc-261334,Account,Sender,2.985,0.0003,0.0,0.000169,0.1561,False,📄 Single-Source,0,0,1,0,Financial,6.54,1681
ACC-0631,Ext-Acc-254171,Account,Sender,0.8749500000000001,0.0003,0.0,9.1e-05,0.1641,False,📄 Single-Source,0,0,1,0,Financial,6.54,1682
ACC-1029,Ext-Acc-246971,Account,Sender,2.73,0.0003,0.0,0.000145,0.1582,False,📄 Single-Source,0,0,1,0,Financial,6.53,1683
ACC-0503,Ext-Acc-307134,Account,Receiver,1.905915,0.0003,0.0,0.000113,0.1615,False,📄 Single-Source,0,0,1,0,Financial,6.53,1684
ACC-1426,Ext-Acc-368186,Account,Receiver,0.774045,0.0003,0.0,8.9e-05,0.1641,False,📄 Single-Source,0,0,1,0,Financial,6.53,1685
ACC-0602,Ext-Acc-316976,Account,Receiver,0.85758,0.0003,0.0,9.4e-05,0.1635,False,📄 Single-Source,0,0,1,0,Financial,6.53,1686
ACC-0555,Ext-Acc-227494,Account,Sender,0.9359099999999999,0.0003,0.0,9.5e-05,0.1634,False,📄 Single-Source,0,0,1,0,Financial,6.53,1687
ACC-0763,Ext-Acc-286267,Account,Sender,0.8108850000000001,0.0003,0.0,9.1e-05,0.1636,False,📄 Single-Source,0,0,1,0,Financial,6.52,1688
ACC-0937,Ext-Acc-269248,Account,Sender,0.8710199999999999,0.0003,0.0,9.3e-05,0.1633,False,📄 Single-Source,0,0,1,0,Financial,6.52,1689
ACC-1091,Ext-Acc-350222,Account,Receiver,0.795,0.0003,0.0,9.2e-05,0.1635,False,📄 Single-Source,0,0,1,0,Financial,6.52,1690
ACC-0469,Ext-Acc-288487,Account,Sender,0.7849949999999999,0.0003,0.0,9.1e-05,0.1636,False,📄 Single-Source,0,0,1,0,Financial,6.52,1691
VEH-0069,Tn-72-Zz-1050,Vehicle,Auto|SocialMention,1.5,0.0003,0.0,9.7e-05,0.1629,True,🔗 Cross-Verified,1,0,0,1,FIR|SocialMedia,6.52,1692
ACC-1357,Ext-Acc-382255,Account,Receiver,0.8292299999999999,0.0003,0.0,9e-05,0.1635,False,📄 Single-Source,0,0,1,0,Financial,6.52,1693
ACC-1308,Ext-Acc-375011,Account,Receiver,0.8244150000000001,0.0003,0.0,9.2e-05,0.1634,False,📄 Single-Source,0,0,1,0,Financial,6.52,1694
ACC-0275,Ext-Acc-385323,Account,Receiver,0.8699999999999999,0.0003,0.0,8.8e-05,0.1635,False,📄 Single-Source,0,0,1,0,Financial,6.51,1695
ACC-1143,Ext-Acc-320207,Account,Receiver,0.910455,0.0003,0.0,9.5e-05,0.1627,False,📄 Single-Source,0,0,1,0,Financial,6.51,1696
ACC-0186,Ext-Acc-337431,Account,Receiver,7.5,0.0003,0.0,0.00038,0.1336,False,📄 Single-Source,0,0,1,0,Financial,6.51,1697
ACC-0481,Ext-Acc-369422,Account,Receiver,0.95454,0.0003,0.0,9.7e-05,0.1627,False,📄 Single-Source,0,0,1,0,Financial,6.51,1698
ACC-0489,Ext-Acc-313792,Account,Receiver,2.395575,0.0003,0.0,0.000131,0.1588,False,📄 Single-Source,0,0,1,0,Financial,6.5,1699
VEH-0070,Tn-68-Zz-1032,Vehicle,Auto|SocialMention,2.0,0.0003,0.0,0.000112,0.1609,True,🔗 Cross-Verified,1,0,0,2,FIR|SocialMedia,6.5,1700
ACC-0586,Ext-Acc-370070,Account,Receiver,2.426415,0.0003,0.0,0.000135,0.1584,False,📄 Single-Source,0,0,1,0,Financial,6.5,1701
ACC-1401,Ext-Acc-329907,Account,Receiver,1.42902,0.0003,0.0,0.000109,0.161,False,📄 Single-Source,0,0,1,0,Financial,6.49,1702
ACC-0837,Ext-Acc-327165,Account,Receiver,0.97098,0.0003,0.0,9.8e-05,0.162,False,📄 Single-Source,0,0,1,0,Financial,6.49,1703
ACC-0694,Ext-Acc-392382,Account,Receiver,7.5,0.0003,0.0,0.000378,0.1332,False,📄 Single-Source,0,0,1,0,Financial,6.48,1704
ACC-0738,Ext-Acc-368126,Account,Receiver,5.21352,0.0003,0.0,0.000341,0.1368,False,📄 Single-Source,0,0,1,0,Financial,6.48,1705
ACC-1435,Ext-Acc-323431,Account,Receiver,0.903105,0.0003,0.0,9.6e-05,0.162,False,📄 Single-Source,0,0,1,0,Financial,6.48,1706
ACC-0331,Ext-Acc-352354,Account,Receiver,0.9015299999999999,0.0003,0.0,9.6e-05,0.162,False,📄 Single-Source,0,0,1,0,Financial,6.48,1707
ACC-0916,Ext-Acc-380425,Account,Receiver,7.5,0.0003,0.0,0.00038,0.1325,False,📄 Single-Source,0,0,1,0,Financial,6.47,1708
ACC-0873,Ext-Acc-358002,Account,Receiver,7.5,0.0003,0.0,0.000379,0.1327,False,📄 Single-Source,0,0,1,0,Financial,6.47,1709
ACC-0781,Ext-Acc-350004,Account,Receiver,0.911565,0.0003,0.0,9.6e-05,0.1617,False,📄 Single-Source,0,0,1,0,Financial,6.47,1710
ACC-0855,Ext-Acc-381295,Account,Receiver,7.5,0.0003,0.0,0.000385,0.1321,False,📄 Single-Source,0,0,1,0,Financial,6.47,1711
ACC-0646,Ext-Acc-340543,Account,Receiver,2.32482,0.0003,0.0,0.000147,0.1561,False,📄 Single-Source,0,0,1,0,Financial,6.46,1712
ACC-0243,Ext-Acc-354477,Account,Receiver,0.795,0.0003,0.0,9e-05,0.162,False,📄 Single-Source,0,0,1,0,Financial,6.46,1713
ACC-1338,Ext-Acc-372776,Account,Receiver,0.853155,0.0003,0.0,9.4e-05,0.1617,False,📄 Single-Source,0,0,1,0,Financial,6.46,1714
ACC-1402,Ext-Acc-378485,Account,Receiver,1.095,0.0003,0.0,9.8e-05,0.1609,False,📄 Single-Source,0,0,1,0,Financial,6.45,1715
ACC-0493,Ext-Acc-337912,Account,Receiver,0.772275,0.0003,0.0,8.6e-05,0.1621,False,📄 Single-Source,0,0,1,0,Financial,6.45,1716
ACC-1052,Ext-Acc-331030,Account,Receiver,7.174424999999999,0.0003,0.0,0.000375,0.1327,False,📄 Single-Source,0,0,1,0,Financial,6.45,1717
ACC-0227,Ext-Acc-312499,Account,Receiver,7.5,0.0003,0.0,0.000377,0.1325,False,📄 Single-Source,0,0,1,0,Financial,6.45,1718
ACC-0511,Ext-Acc-349055,Account,Receiver,0.83658,0.0003,0.0,9e-05,0.1616,False,📄 Single-Source,0,0,1,0,Financial,6.44,1719
ACC-1383,Ext-Acc-310918,Account,Receiver,7.5,0.0003,0.0,0.000379,0.1318,False,📄 Single-Source,0,0,1,0,Financial,6.44,1720
ACC-0390,Ext-Acc-269798,Account,Sender,0.88785,0.0003,0.0,9.2e-05,0.1612,False,📄 Single-Source,0,0,1,0,Financial,6.44,1721
ACC-0967,Ext-Acc-324458,Account,Receiver,0.8699999999999999,0.0003,0.0,9.2e-05,0.1612,False,📄 Single-Source,0,0,1,0,Financial,6.44,1722
ACC-0659,Ext-Acc-350342,Account,Receiver,0.78,0.0003,0.0,8.8e-05,0.1616,False,📄 Single-Source,0,0,1,0,Financial,6.44,1723
ACC-0388,Ext-Acc-375230,Account,Receiver,0.95367,0.0003,0.0,9.6e-05,0.161,False,📄 Single-Source,0,0,1,0,Financial,6.44,1724
ACC-0264,Ext-Acc-323507,Account,Receiver,1.1556,0.0003,0.0,0.0001,0.1604,False,📄 Single-Source,0,0,1,0,Financial,6.44,1725
ACC-0940,Ext-Acc-395784,Account,Receiver,0.92889,0.0003,0.0,9.6e-05,0.1606,False,📄 Single-Source,0,0,1,0,Financial,6.43,1726
ACC-0630,Ext-Acc-348349,Account,Receiver,0.99444,0.0003,0.0,9.6e-05,0.1607,False,📄 Single-Source,0,0,1,0,Financial,6.43,1727
ACC-1376,Ext-Acc-302472,Account,Receiver,7.3500000000000005,0.0003,0.0,0.000383,0.1313,False,📄 Single-Source,0,0,1,0,Financial,6.43,1728
ACC-0519,Ext-Acc-352870,Account,Receiver,2.1532350000000005,0.0003,0.0,0.000141,0.1561,False,📄 Single-Source,0,0,1,0,Financial,6.43,1729
VEH-0038,Tn-30-Xx-1087,Vehicle,Scooter,2.0,0.0003,0.0,0.000106,0.1592,False,📄 Single-Source,1,0,0,0,FIR,6.42,1730
ACC-0432,Ext-Acc-267302,Account,Sender,0.8316300000000001,0.0003,0.0,9.9e-05,0.1601,False,📄 Single-Source,0,0,1,0,Financial,6.42,1731
ACC-0590,Ext-Acc-384877,Account,Receiver,0.8011649999999999,0.0003,0.0,9e-05,0.1609,False,📄 Single-Source,0,0,1,0,Financial,6.42,1732
VEH-0029,Tn-45-Xx-1081,Vehicle,Motorcycle|SocialMention,2.0,0.0003,0.0,0.000109,0.1591,True,🔗 Cross-Verified,1,0,0,3,FIR|SocialMedia,6.42,1733
ACC-0291,Ext-Acc-399997,Account,Receiver,7.5,0.0003,0.0,0.000384,0.1308,False,📄 Single-Source,0,0,1,0,Financial,6.42,1734
ACC-0351,Ext-Acc-366316,Account,Receiver,0.7620899999999999,0.0003,0.0,9e-05,0.161,False,📄 Single-Source,0,0,1,0,Financial,6.42,1735
ACC-1013,Ext-Acc-366433,Account,Receiver,7.5,0.0003,0.0,0.000376,0.1317,False,📄 Single-Source,0,0,1,0,Financial,6.42,1736
ACC-0817,Ext-Acc-346752,Account,Receiver,0.809835,0.0003,0.0,9.1e-05,0.1607,False,📄 Single-Source,0,0,1,0,Financial,6.41,1737
ACC-0819,Ext-Acc-390434,Account,Receiver,0.785355,0.0003,0.0,9.7e-05,0.1601,False,📄 Single-Source,0,0,1,0,Financial,6.41,1738
ACC-0910,Ext-Acc-313614,Account,Receiver,0.8111700000000001,0.0003,0.0,9.2e-05,0.1606,False,📄 Single-Source,0,0,1,0,Financial,6.41,1739
ACC-0439,Ext-Acc-289833,Account,Sender,0.771195,0.0003,0.0,9.7e-05,0.1601,False,📄 Single-Source,0,0,1,0,Financial,6.41,1740
ACC-1385,Ext-Acc-350235,Account,Receiver,1.32273,0.0003,0.0,0.000107,0.1586,False,📄 Single-Source,0,0,1,0,Financial,6.4,1741
ACC-0709,Ext-Acc-320079,Account,Receiver,0.96,0.0003,0.0,9.9e-05,0.1595,False,📄 Single-Source,0,0,1,0,Financial,6.4,1742
ACC-0427,Ext-Acc-364625,Account,Receiver,0.940725,0.0003,0.0,9.9e-05,0.1595,False,📄 Single-Source,0,0,1,0,Financial,6.4,1743
ACC-1237,Ext-Acc-362283,Account,Receiver,0.922605,0.0003,0.0,9.1e-05,0.1603,False,📄 Single-Source,0,0,1,0,Financial,6.4,1744
ACC-1157,Ext-Acc-376284,Account,Receiver,1.3699949999999999,0.0003,0.0,0.000104,0.1591,False,📄 Single-Source,0,0,1,0,Financial,6.4,1745
ACC-1283,Ext-Acc-331471,Account,Receiver,0.9136949999999999,0.0003,0.0,9.1e-05,0.1603,False,📄 Single-Source,0,0,1,0,Financial,6.4,1746
ACC-0147,Ext-Acc-399663,Account,Receiver,7.5,0.0003,0.0,0.000381,0.1304,False,📄 Single-Source,0,0,1,0,Financial,6.39,1747
ACC-0677,Ext-Acc-358328,Account,Receiver,7.5,0.0003,0.0,0.00038,0.1305,False,📄 Single-Source,0,0,1,0,Financial,6.39,1748
ACC-0271,Ext-Acc-309506,Account,Receiver,7.5,0.0003,0.0,0.000376,0.1306,False,📄 Single-Source,0,0,1,0,Financial,6.38,1749
ACC-1067,Ext-Acc-313332,Account,Receiver,0.7779750000000001,0.0003,0.0,9.4e-05,0.1595,False,📄 Single-Source,0,0,1,0,Financial,6.38,1750
ACC-1300,Ext-Acc-331266,Account,Receiver,7.5,0.0003,0.0,0.000385,0.1297,False,📄 Single-Source,0,0,1,0,Financial,6.38,1751
ACC-1181,Ext-Acc-311265,Account,Receiver,7.5,0.0003,0.0,0.000381,0.1301,False,📄 Single-Source,0,0,1,0,Financial,6.38,1752
ACC-0340,Ext-Acc-373922,Account,Receiver,2.19264,0.0003,0.0,0.000125,0.1563,False,📄 Single-Source,0,0,1,0,Financial,6.38,1753
ACC-1363,Ext-Acc-210082,Account,Sender,0.9624900000000001,0.0003,0.0,9.3e-05,0.1594,False,📄 Single-Source,0,0,1,0,Financial,6.37,1754
ACC-0821,Ext-Acc-348492,Account,Receiver,0.83124,0.0003,0.0,9.4e-05,0.159,False,📄 Single-Source,0,0,1,0,Financial,6.36,1755
ACC-1085,Ext-Acc-308655,Account,Receiver,7.5,0.0003,0.0,0.000386,0.129,False,📄 Single-Source,0,0,1,0,Financial,6.36,1756
ACC-1240,Ext-Acc-259058,Account,Sender,0.777255,0.0003,0.0,9.2e-05,0.159,False,📄 Single-Source,0,0,1,0,Financial,6.35,1757
ACC-1393,Ext-Acc-327463,Account,Receiver,0.772575,0.0003,0.0,9.2e-05,0.159,False,📄 Single-Source,0,0,1,0,Financial,6.35,1758
ACC-1041,Ext-Acc-395161,Account,Receiver,0.8999999999999999,0.0003,0.0,9.5e-05,0.1586,False,📄 Single-Source,0,0,1,0,Financial,6.35,1759
ACC-0870,Ext-Acc-390010,Account,Receiver,0.9197700000000001,0.0003,0.0,9.5e-05,0.1582,False,📄 Single-Source,0,0,1,0,Financial,6.34,1760
ACC-0250,Ext-Acc-206021,Account,Sender,0.9750000000000001,0.0003,0.0,9.6e-05,0.1582,False,📄 Single-Source,0,0,1,0,Financial,6.34,1761
ACC-0600,Ext-Acc-321603,Account,Receiver,0.8550000000000001,0.0003,0.0,9.3e-05,0.1586,False,📄 Single-Source,0,0,1,0,Financial,6.34,1762
ACC-0786,Ext-Acc-355290,Account,Receiver,1.1317650000000001,0.0003,0.0,0.000108,0.1568,False,📄 Single-Source,0,0,1,0,Financial,6.33,1763
ACC-0289,Ext-Acc-388063,Account,Receiver,0.7992750000000001,0.0003,0.0,9.1e-05,0.1582,False,📄 Single-Source,0,0,1,0,Financial,6.32,1764
ACC-0307,Ext-Acc-337567,Account,Receiver,0.77274,0.0003,0.0,8.8e-05,0.1582,False,📄 Single-Source,0,0,1,0,Financial,6.31,1765
ACC-1054,Ext-Acc-372276,Account,Receiver,0.93267,0.0003,0.0,0.000101,0.1568,False,📄 Single-Source,0,0,1,0,Financial,6.31,1766
ACC-0628,Ext-Acc-337272,Account,Receiver,4.16418,0.0003,0.0,0.000318,0.1343,False,📄 Single-Source,0,0,1,0,Financial,6.29,1767
VEH-0078,Tn-01-Xx-1051,Vehicle,Scooter|SocialMention,2.0,0.0003,0.0,0.000107,0.1557,True,🔗 Cross-Verified,1,0,0,1,FIR|SocialMedia,6.29,1768
ACC-0480,Ext-Acc-332154,Account,Receiver,0.8279700000000001,0.0003,0.0,9.7e-05,0.1561,False,📄 Single-Source,0,0,1,0,Financial,6.26,1769
ACC-0913,Ext-Acc-269414,Account,Sender,0.8068649999999999,0.0003,0.0,9e-05,0.1563,False,📄 Single-Source,0,0,1,0,Financial,6.24,1770
ACC-1238,Ext-Acc-342909,Account,Receiver,0.82074,0.0003,0.0,8.9e-05,0.1558,False,📄 Single-Source,0,0,1,0,Financial,6.22,1771
ACC-0318,Ext-Acc-325746,Account,Receiver,5.40531,0.0003,0.0,0.000348,0.129,False,📄 Single-Source,0,0,1,0,Financial,6.21,1772
ACC-0211,Ext-Acc-389173,Account,Receiver,5.575425,0.0003,0.0,0.000353,0.1267,False,📄 Single-Source,0,0,1,0,Financial,6.14,1773
ACC-0344,Ext-Acc-393674,Account,Receiver,2.7168,0.0003,0.0,0.00027,0.1348,False,📄 Single-Source,0,0,1,0,Financial,6.13,1774
ACC-1410,Ext-Acc-323638,Account,Receiver,3.2878499999999997,0.0003,0.0,0.000295,0.1317,False,📄 Single-Source,0,0,1,0,Financial,6.11,1775
ACC-1337,Ext-Acc-327864,Account,Receiver,2.678655,0.0003,0.0,0.000268,0.1344,False,📄 Single-Source,0,0,1,0,Financial,6.11,1776
ACC-1035,Ext-Acc-380580,Account,Receiver,2.9067,0.0003,0.0,0.000276,0.1331,False,📄 Single-Source,0,0,1,0,Financial,6.09,1777
ACC-1304,Ext-Acc-356623,Account,Receiver,2.87412,0.0003,0.0,0.000275,0.1331,False,📄 Single-Source,0,0,1,0,Financial,6.08,1778
ACC-1210,Ext-Acc-351259,Account,Receiver,2.944215,0.0003,0.0,0.000279,0.132,False,📄 Single-Source,0,0,1,0,Financial,6.06,1779
ACC-0137,Ext-Acc-300150,Account,Receiver,2.5949999999999998,0.0003,0.0,0.000264,0.1332,False,📄 Single-Source,0,0,1,0,Financial,6.05,1780
ACC-0118,Ext-Acc-360946,Account,Receiver,2.98503,0.0003,0.0,0.000282,0.1312,False,📄 Single-Source,0,0,1,0,Financial,6.04,1781
ACC-0384,Ext-Acc-345123,Account,Receiver,2.982075,0.0003,0.0,0.000281,0.1314,False,📄 Single-Source,0,0,1,0,Financial,6.04,1782
ACC-0893,Ext-Acc-340160,Account,Receiver,2.552175,0.0003,0.0,0.000264,0.1328,False,📄 Single-Source,0,0,1,0,Financial,6.03,1783
ACC-0625,Ext-Acc-385449,Account,Receiver,2.9245799999999997,0.0003,0.0,0.000278,0.1314,False,📄 Single-Source,0,0,1,0,Financial,6.03,1784
ACC-0987,Ext-Acc-364631,Account,Receiver,2.114715,0.0003,0.0,0.00024,0.1346,False,📄 Single-Source,0,0,1,0,Financial,6.01,1785
ACC-0455,Ext-Acc-315381,Account,Receiver,2.759055,0.0003,0.0,0.000275,0.1311,False,📄 Single-Source,0,0,1,0,Financial,6.01,1786
ACC-1174,Ext-Acc-367090,Account,Receiver,1.39725,0.0003,0.0,0.000197,0.1386,False,📄 Single-Source,0,0,1,0,Financial,5.99,1787
ACC-0476,Ext-Acc-317191,Account,Receiver,2.5100100000000003,0.0003,0.0,0.000261,0.1317,False,📄 Single-Source,0,0,1,0,Financial,5.98,1788
ACC-0568,Ext-Acc-378924,Account,Receiver,2.07,0.0003,0.0,0.000238,0.1335,False,📄 Single-Source,0,0,1,0,Financial,5.96,1789
ACC-0533,Ext-Acc-398376,Account,Receiver,2.277615,0.0003,0.0,0.000254,0.132,False,📄 Single-Source,0,0,1,0,Financial,5.96,1790
ACC-0273,Ext-Acc-385089,Account,Receiver,2.3781,0.0003,0.0,0.000255,0.1319,False,📄 Single-Source,0,0,1,0,Financial,5.96,1791
ACC-0443,Ext-Acc-335118,Account,Receiver,2.680485,0.0003,0.0,0.00027,0.1304,False,📄 Single-Source,0,0,1,0,Financial,5.96,1792
ACC-0396,Ext-Acc-342389,Account,Receiver,2.06535,0.0003,0.0,0.00024,0.1335,False,📄 Single-Source,0,0,1,0,Financial,5.96,1793
ACC-0143,Ext-Acc-320232,Account,Receiver,2.017125,0.0003,0.0,0.000239,0.1328,False,📄 Single-Source,0,0,1,0,Financial,5.93,1794
ACC-1265,Ext-Acc-354723,Account,Receiver,2.715,0.0003,0.0,0.000272,0.1291,False,📄 Single-Source,0,0,1,0,Financial,5.92,1795
ACC-0105,Ext-Acc-385717,Account,Receiver,2.152215,0.0003,0.0,0.000245,0.1318,False,📄 Single-Source,0,0,1,0,Financial,5.92,1796
ACC-0413,Ext-Acc-392161,Account,Receiver,2.43156,0.0003,0.0,0.000259,0.1301,False,📄 Single-Source,0,0,1,0,Financial,5.91,1797
ACC-1251,Ext-Acc-376139,Account,Receiver,2.095035,0.0003,0.0,0.00024,0.1318,False,📄 Single-Source,0,0,1,0,Financial,5.9,1798
ACC-0780,Ext-Acc-318389,Account,Receiver,1.9284150000000002,0.0003,0.0,0.000231,0.1323,False,📄 Single-Source,0,0,1,0,Financial,5.88,1799
ACC-1331,Ext-Acc-365235,Account,Receiver,1.6105049999999999,0.0003,0.0,0.000213,0.1341,False,📄 Single-Source,0,0,1,0,Financial,5.88,1800
ACC-0578,Ext-Acc-315570,Account,Receiver,1.476105,0.0003,0.0,0.000203,0.1347,False,📄 Single-Source,0,0,1,0,Financial,5.87,1801
ACC-0310,Ext-Acc-383071,Account,Receiver,1.7475599999999998,0.0003,0.0,0.000222,0.1325,False,📄 Single-Source,0,0,1,0,Financial,5.86,1802
ACC-0370,Ext-Acc-391730,Account,Receiver,1.67265,0.0003,0.0,0.000214,0.1335,False,📄 Single-Source,0,0,1,0,Financial,5.86,1803
ACC-0188,Ext-Acc-341889,Account,Receiver,2.116755,0.0003,0.0,0.000242,0.1305,False,📄 Single-Source,0,0,1,0,Financial,5.86,1804
ACC-1222,Ext-Acc-365888,Account,Receiver,2.06511,0.0003,0.0,0.000242,0.1303,False,📄 Single-Source,0,0,1,0,Financial,5.85,1805
ACC-1328,Ext-Acc-301862,Account,Receiver,1.785,0.0003,0.0,0.000222,0.1323,False,📄 Single-Source,0,0,1,0,Financial,5.85,1806
ACC-0994,Ext-Acc-384267,Account,Receiver,2.34438,0.0003,0.0,0.000255,0.1285,False,📄 Single-Source,0,0,1,0,Financial,5.83,1807
ACC-1452,Ext-Acc-328873,Account,Receiver,1.32,0.0003,0.0,0.000191,0.135,False,📄 Single-Source,0,0,1,0,Financial,5.83,1808
ACC-0321,Ext-Acc-347028,Account,Receiver,1.8900000000000001,0.0003,0.0,0.000229,0.1311,False,📄 Single-Source,0,0,1,0,Financial,5.83,1809
ACC-1326,Ext-Acc-334389,Account,Receiver,2.0867250000000004,0.0003,0.0,0.000244,0.1293,False,📄 Single-Source,0,0,1,0,Financial,5.82,1810
ACC-1288,Ext-Acc-320227,Account,Receiver,1.9499849999999999,0.0003,0.0,0.000233,0.1304,False,📄 Single-Source,0,0,1,0,Financial,5.82,1811
ACC-1400,Ext-Acc-353982,Account,Receiver,2.0443350000000002,0.0003,0.0,0.000237,0.1298,False,📄 Single-Source,0,0,1,0,Financial,5.81,1812
ACC-0300,Ext-Acc-383563,Account,Receiver,1.788375,0.0003,0.0,0.000224,0.131,False,📄 Single-Source,0,0,1,0,Financial,5.81,1813
ACC-1208,Ext-Acc-370657,Account,Receiver,1.573515,0.0003,0.0,0.000209,0.1327,False,📄 Single-Source,0,0,1,0,Financial,5.81,1814
ACC-0560,Ext-Acc-360774,Account,Receiver,2.0572049999999997,0.0003,0.0,0.000242,0.1292,False,📄 Single-Source,0,0,1,0,Financial,5.81,1815
ACC-0554,Ext-Acc-307094,Account,Receiver,2.7741,0.0003,0.0,0.000272,0.1262,False,📄 Single-Source,0,0,1,0,Financial,5.81,1816
ACC-0865,Ext-Acc-318255,Account,Receiver,1.721985,0.0003,0.0,0.000222,0.1311,False,📄 Single-Source,0,0,1,0,Financial,5.8,1817
ACC-0488,Ext-Acc-348887,Account,Receiver,1.455,0.0003,0.0,0.000203,0.133,False,📄 Single-Source,0,0,1,0,Financial,5.8,1818
ACC-0845,Ext-Acc-398521,Account,Receiver,2.57865,0.0003,0.0,0.000265,0.1265,False,📄 Single-Source,0,0,1,0,Financial,5.8,1819
ACC-0682,Ext-Acc-382684,Account,Receiver,2.11254,0.0003,0.0,0.000247,0.128,False,📄 Single-Source,0,0,1,0,Financial,5.78,1820
ACC-0999,Ext-Acc-396466,Account,Receiver,1.818915,0.0003,0.0,0.000228,0.1297,False,📄 Single-Source,0,0,1,0,Financial,5.77,1821
ACC-0392,Ext-Acc-351269,Account,Receiver,1.9257900000000001,0.0003,0.0,0.00023,0.1294,False,📄 Single-Source,0,0,1,0,Financial,5.77,1822
ACC-0673,Ext-Acc-397261,Account,Receiver,2.32788,0.0003,0.0,0.000255,0.1266,False,📄 Single-Source,0,0,1,0,Financial,5.76,1823
ACC-1161,Ext-Acc-323480,Account,Receiver,2.384955,0.0003,0.0,0.000257,0.1263,False,📄 Single-Source,0,0,1,0,Financial,5.76,1824
ACC-0429,Ext-Acc-348916,Account,Receiver,1.995,0.0003,0.0,0.00024,0.1282,False,📄 Single-Source,0,0,1,0,Financial,5.76,1825
ACC-0759,Ext-Acc-352620,Account,Receiver,0.961035,0.0003,0.0,0.000165,0.1355,False,📄 Single-Source,0,0,1,0,Financial,5.75,1826
ACC-0418,Ext-Acc-358360,Account,Receiver,2.175,0.0003,0.0,0.000247,0.1271,False,📄 Single-Source,0,0,1,0,Financial,5.75,1827
ACC-0805,Ext-Acc-371824,Account,Receiver,1.4326349999999999,0.0003,0.0,0.000202,0.1317,False,📄 Single-Source,0,0,1,0,Financial,5.75,1828
ACC-1218,Ext-Acc-353578,Account,Receiver,0.9679199999999999,0.0003,0.0,0.000165,0.1356,False,📄 Single-Source,0,0,1,0,Financial,5.75,1829
ACC-1352,Ext-Acc-325035,Account,Receiver,1.027185,0.0003,0.0,0.00017,0.1346,False,📄 Single-Source,0,0,1,0,Financial,5.74,1830
ACC-1032,Ext-Acc-365989,Account,Receiver,0.9533400000000001,0.0003,0.0,0.000164,0.1352,False,📄 Single-Source,0,0,1,0,Financial,5.73,1831
ACC-0566,Ext-Acc-346152,Account,Receiver,1.364325,0.0003,0.0,0.000197,0.1317,False,📄 Single-Source,0,0,1,0,Financial,5.73,1832
ACC-0689,Ext-Acc-395336,Account,Receiver,0.8399099999999999,0.0003,0.0,0.000155,0.1355,False,📄 Single-Source,0,0,1,0,Financial,5.71,1833
ACC-0339,Ext-Acc-386772,Account,Receiver,1.289835,0.0003,0.0,0.000189,0.1321,False,📄 Single-Source,0,0,1,0,Financial,5.71,1834
ACC-1340,Ext-Acc-399780,Account,Receiver,0.8699999999999999,0.0003,0.0,0.000157,0.135,False,📄 Single-Source,0,0,1,0,Financial,5.7,1835
ACC-1072,Ext-Acc-345485,Account,Receiver,1.995915,0.0003,0.0,0.000236,0.1269,False,📄 Single-Source,0,0,1,0,Financial,5.7,1836
ACC-0216,Ext-Acc-382050,Account,Receiver,1.159365,0.0003,0.0,0.000185,0.1319,False,📄 Single-Source,0,0,1,0,Financial,5.69,1837
ACC-1291,Ext-Acc-352284,Account,Receiver,1.239795,0.0003,0.0,0.000186,0.1318,False,📄 Single-Source,0,0,1,0,Financial,5.69,1838
ACC-1281,Ext-Acc-314633,Account,Receiver,0.9969450000000001,0.0003,0.0,0.000169,0.1335,False,📄 Single-Source,0,0,1,0,Financial,5.69,1839
ACC-0229,Ext-Acc-373860,Account,Receiver,0.9664950000000001,0.0003,0.0,0.000165,0.1339,False,📄 Single-Source,0,0,1,0,Financial,5.69,1840
ACC-0167,Ext-Acc-309120,Account,Receiver,1.095,0.0003,0.0,0.000177,0.1328,False,📄 Single-Source,0,0,1,0,Financial,5.69,1841
ACC-0426,Ext-Acc-326117,Account,Receiver,0.89361,0.0003,0.0,0.00016,0.1341,False,📄 Single-Source,0,0,1,0,Financial,5.68,1842
ACC-0277,Ext-Acc-390055,Account,Receiver,0.974175,0.0003,0.0,0.000166,0.1336,False,📄 Single-Source,0,0,1,0,Financial,5.68,1843
ACC-1433,Ext-Acc-399756,Account,Receiver,0.8528249999999999,0.0003,0.0,0.000156,0.1342,False,📄 Single-Source,0,0,1,0,Financial,5.67,1844
ACC-0642,Ext-Acc-368848,Account,Receiver,1.35,0.0003,0.0,0.000197,0.1299,False,📄 Single-Source,0,0,1,0,Financial,5.66,1845
ACC-0718,Ext-Acc-395731,Account,Receiver,1.256775,0.0003,0.0,0.000189,0.1306,False,📄 Single-Source,0,0,1,0,Financial,5.66,1846
ACC-1421,Ext-Acc-350834,Account,Receiver,0.862665,0.0003,0.0,0.000157,0.1339,False,📄 Single-Source,0,0,1,0,Financial,5.66,1847
ACC-0909,Ext-Acc-398605,Account,Receiver,0.97326,0.0003,0.0,0.000168,0.1327,False,📄 Single-Source,0,0,1,0,Financial,5.66,1848
ACC-0141,Ext-Acc-364923,Account,Receiver,0.9025350000000001,0.0003,0.0,0.00016,0.1336,False,📄 Single-Source,0,0,1,0,Financial,5.66,1849
ACC-0667,Ext-Acc-371146,Account,Receiver,1.126815,0.0003,0.0,0.000178,0.1319,False,📄 Single-Source,0,0,1,0,Financial,5.66,1850
ACC-0362,Ext-Acc-329716,Account,Receiver,1.01997,0.0003,0.0,0.000174,0.1319,False,📄 Single-Source,0,0,1,0,Financial,5.65,1851
ACC-0897,Ext-Acc-398502,Account,Receiver,1.0042650000000002,0.0003,0.0,0.000171,0.1321,False,📄 Single-Source,0,0,1,0,Financial,5.65,1852
ACC-0544,Ext-Acc-364451,Account,Receiver,0.92862,0.0003,0.0,0.000163,0.133,False,📄 Single-Source,0,0,1,0,Financial,5.65,1853
ACC-0616,Ext-Acc-354270,Account,Receiver,0.8908050000000001,0.0003,0.0,0.00016,0.1334,False,📄 Single-Source,0,0,1,0,Financial,5.65,1854
ACC-0245,Ext-Acc-371611,Account,Receiver,0.93837,0.0003,0.0,0.000163,0.1331,False,📄 Single-Source,0,0,1,0,Financial,5.65,1855
ACC-0160,Ext-Acc-303379,Account,Receiver,0.951255,0.0003,0.0,0.000166,0.1327,False,📄 Single-Source,0,0,1,0,Financial,5.65,1856
ACC-0198,Ext-Acc-382478,Account,Receiver,0.918615,0.0003,0.0,0.000164,0.1327,False,📄 Single-Source,0,0,1,0,Financial,5.64,1857
ACC-0726,Ext-Acc-396034,Account,Receiver,1.1400000000000001,0.0003,0.0,0.00018,0.131,False,📄 Single-Source,0,0,1,0,Financial,5.64,1858
ACC-0350,Ext-Acc-302798,Account,Receiver,0.790605,0.0003,0.0,0.000151,0.1341,False,📄 Single-Source,0,0,1,0,Financial,5.64,1859
ACC-0194,Ext-Acc-324881,Account,Receiver,0.8839950000000001,0.0003,0.0,0.000161,0.133,False,📄 Single-Source,0,0,1,0,Financial,5.64,1860
ACC-0356,Ext-Acc-313644,Account,Receiver,0.856185,0.0003,0.0,0.000156,0.1332,False,📄 Single-Source,0,0,1,0,Financial,5.63,1861
ACC-1037,Ext-Acc-308817,Account,Receiver,0.818175,0.0003,0.0,0.000153,0.1335,False,📄 Single-Source,0,0,1,0,Financial,5.63,1862
ACC-1253,Ext-Acc-351657,Account,Receiver,1.5,0.0003,0.0,0.000205,0.1281,False,📄 Single-Source,0,0,1,0,Financial,5.63,1863
ACC-0485,Ext-Acc-369178,Account,Receiver,0.85677,0.0003,0.0,0.000158,0.1331,False,📄 Single-Source,0,0,1,0,Financial,5.63,1864
ACC-0125,Ext-Acc-374177,Account,Receiver,0.86277,0.0003,0.0,0.000158,0.133,False,📄 Single-Source,0,0,1,0,Financial,5.63,1865
ACC-0783,Ext-Acc-329443,Account,Receiver,0.9373349999999999,0.0003,0.0,0.000166,0.132,False,📄 Single-Source,0,0,1,0,Financial,5.62,1866
ACC-1322,Ext-Acc-304426,Account,Receiver,0.83091,0.0003,0.0,0.000155,0.133,False,📄 Single-Source,0,0,1,0,Financial,5.62,1867
ACC-0203,Ext-Acc-390471,Account,Receiver,0.84321,0.0003,0.0,0.000156,0.133,False,📄 Single-Source,0,0,1,0,Financial,5.62,1868
ACC-0670,Ext-Acc-346312,Account,Receiver,0.815175,0.0003,0.0,0.000153,0.1333,False,📄 Single-Source,0,0,1,0,Financial,5.62,1869
ACC-0809,Ext-Acc-324651,Account,Receiver,0.9018750000000001,0.0003,0.0,0.000161,0.1325,False,📄 Single-Source,0,0,1,0,Financial,5.62,1870
ACC-0644,Ext-Acc-346818,Account,Receiver,0.9396000000000001,0.0003,0.0,0.000167,0.1317,False,📄 Single-Source,0,0,1,0,Financial,5.61,1871
ACC-0263,Ext-Acc-393588,Account,Receiver,0.83658,0.0003,0.0,0.000155,0.1329,False,📄 Single-Source,0,0,1,0,Financial,5.61,1872
ACC-0933,Ext-Acc-394776,Account,Receiver,0.9436650000000001,0.0003,0.0,0.000164,0.1319,False,📄 Single-Source,0,0,1,0,Financial,5.61,1873
ACC-0963,Ext-Acc-318185,Account,Receiver,0.86973,0.0003,0.0,0.000159,0.1325,False,📄 Single-Source,0,0,1,0,Financial,5.61,1874
ACC-1345,Ext-Acc-373810,Account,Receiver,1.06704,0.0003,0.0,0.000175,0.1308,False,📄 Single-Source,0,0,1,0,Financial,5.61,1875
ACC-0328,Ext-Acc-319603,Account,Receiver,0.90858,0.0003,0.0,0.000161,0.1319,False,📄 Single-Source,0,0,1,0,Financial,5.6,1876
ACC-0983,Ext-Acc-350123,Account,Receiver,1.377075,0.0003,0.0,0.000197,0.1282,False,📄 Single-Source,0,0,1,0,Financial,5.6,1877
ACC-0833,Ext-Acc-318275,Account,Receiver,0.9713700000000001,0.0003,0.0,0.000171,0.1308,False,📄 Single-Source,0,0,1,0,Financial,5.6,1878
ACC-1234,Ext-Acc-392494,Account,Receiver,0.765,0.0003,0.0,0.000151,0.133,False,📄 Single-Source,0,0,1,0,Financial,5.6,1879
ACC-1392,Ext-Acc-378934,Account,Receiver,0.78747,0.0003,0.0,0.000152,0.1328,False,📄 Single-Source,0,0,1,0,Financial,5.6,1880
ACC-0114,Ext-Acc-315118,Account,Receiver,0.90018,0.0003,0.0,0.000161,0.1318,False,📄 Single-Source,0,0,1,0,Financial,5.6,1881
ACC-1212,Ext-Acc-372307,Account,Receiver,0.786045,0.0003,0.0,0.00015,0.1327,False,📄 Single-Source,0,0,1,0,Financial,5.59,1882
ACC-0153,Ext-Acc-342823,Account,Receiver,0.7899749999999999,0.0003,0.0,0.000151,0.1327,False,📄 Single-Source,0,0,1,0,Financial,5.59,1883
ACC-0788,Ext-Acc-382328,Account,Receiver,0.7638,0.0003,0.0,0.00015,0.1328,False,📄 Single-Source,0,0,1,0,Financial,5.59,1884
ACC-1414,Ext-Acc-388737,Account,Receiver,0.883845,0.0003,0.0,0.000161,0.1316,False,📄 Single-Source,0,0,1,0,Financial,5.59,1885
ACC-1359,Ext-Acc-355477,Account,Receiver,0.8307749999999999,0.0003,0.0,0.000155,0.1323,False,📄 Single-Source,0,0,1,0,Financial,5.59,1886
ACC-1379,Ext-Acc-396883,Account,Receiver,0.78,0.0003,0.0,0.000151,0.1328,False,📄 Single-Source,0,0,1,0,Financial,5.59,1887
ACC-0623,Ext-Acc-315045,Account,Receiver,0.79155,0.0003,0.0,0.000152,0.1324,False,📄 Single-Source,0,0,1,0,Financial,5.58,1888
ACC-0558,Ext-Acc-332112,Account,Receiver,0.877575,0.0003,0.0,0.000158,0.1316,False,📄 Single-Source,0,0,1,0,Financial,5.58,1889
ACC-0248,Ext-Acc-317771,Account,Receiver,1.2081300000000001,0.0003,0.0,0.000184,0.129,False,📄 Single-Source,0,0,1,0,Financial,5.58,1890
ACC-0225,Ext-Acc-312255,Account,Receiver,0.8699999999999999,0.0003,0.0,0.000158,0.1318,False,📄 Single-Source,0,0,1,0,Financial,5.58,1891
ACC-0652,Ext-Acc-355170,Account,Receiver,0.83181,0.0003,0.0,0.000155,0.1317,False,📄 Single-Source,0,0,1,0,Financial,5.57,1892
ACC-0206,Ext-Acc-342096,Account,Receiver,0.9450000000000001,0.0003,0.0,0.000165,0.1307,False,📄 Single-Source,0,0,1,0,Financial,5.57,1893
ACC-1017,Ext-Acc-362539,Account,Receiver,0.7680899999999999,0.0003,0.0,0.000152,0.1317,False,📄 Single-Source,0,0,1,0,Financial,5.56,1894
ACC-0774,Ext-Acc-344204,Account,Receiver,0.8412900000000001,0.0003,0.0,0.000155,0.1313,False,📄 Single-Source,0,0,1,0,Financial,5.55,1895
ACC-1448,Ext-Acc-330732,Account,Receiver,0.9185700000000001,0.0003,0.0,0.000163,0.1304,False,📄 Single-Source,0,0,1,0,Financial,5.55,1896
ACC-0803,Ext-Acc-314126,Account,Receiver,0.885,0.0003,0.0,0.000159,0.1305,False,📄 Single-Source,0,0,1,0,Financial,5.54,1897
ACC-0253,Ext-Acc-355353,Account,Receiver,0.8137650000000001,0.0003,0.0,0.000153,0.1312,False,📄 Single-Source,0,0,1,0,Financial,5.54,1898
ACC-0155,Ext-Acc-373048,Account,Receiver,1.029735,0.0003,0.0,0.000173,0.129,False,📄 Single-Source,0,0,1,0,Financial,5.54,1899
ACC-0483,Ext-Acc-358009,Account,Receiver,0.9556349999999999,0.0003,0.0,0.000166,0.1299,False,📄 Single-Source,0,0,1,0,Financial,5.54,1900
ACC-0367,Ext-Acc-319672,Account,Receiver,0.946515,0.0003,0.0,0.000167,0.1298,False,📄 Single-Source,0,0,1,0,Financial,5.54,1901
ACC-0697,Ext-Acc-398975,Account,Receiver,0.855285,0.0003,0.0,0.000158,0.1303,False,📄 Single-Source,0,0,1,0,Financial,5.53,1902
ACC-1007,Ext-Acc-313853,Account,Receiver,0.79641,0.0003,0.0,0.000155,0.1308,False,📄 Single-Source,0,0,1,0,Financial,5.53,1903
ACC-0510,Ext-Acc-376556,Account,Receiver,0.7774949999999999,0.0003,0.0,0.00015,0.1308,False,📄 Single-Source,0,0,1,0,Financial,5.52,1904
ACC-1060,Ext-Acc-386106,Account,Receiver,0.77736,0.0003,0.0,0.000151,0.1307,False,📄 Single-Source,0,0,1,0,Financial,5.52,1905
ACC-0613,Ext-Acc-396092,Account,Receiver,0.8702099999999999,0.0003,0.0,0.000158,0.1302,False,📄 Single-Source,0,0,1,0,Financial,5.52,1906
ACC-0100,Ext-Acc-307989,Account,Receiver,0.901065,0.0003,0.0,0.000162,0.1289,False,📄 Single-Source,0,0,1,0,Financial,5.49,1907
ACC-0145,Ext-Acc-382155,Account,Receiver,1.116165,0.0003,0.0,0.000179,0.1271,False,📄 Single-Source,0,0,1,0,Financial,5.49,1908
ACC-1295,Ext-Acc-319216,Account,Receiver,1.25412,0.0003,0.0,0.000189,0.126,False,📄 Single-Source,0,0,1,0,Financial,5.48,1909
ACC-0471,Ext-Acc-361799,Account,Receiver,0.8171249999999999,0.0003,0.0,0.000156,0.1292,False,📄 Single-Source,0,0,1,0,Financial,5.48,1910
ACC-0827,Ext-Acc-387154,Account,Receiver,0.9299999999999999,0.0003,0.0,0.000166,0.1282,False,📄 Single-Source,0,0,1,0,Financial,5.48,1911
ACC-0687,Ext-Acc-315720,Account,Receiver,0.8250000000000001,0.0003,0.0,0.000156,0.1292,False,📄 Single-Source,0,0,1,0,Financial,5.48,1912
ACC-0930,Ext-Acc-316617,Account,Receiver,0.929595,0.0003,0.0,0.000163,0.1283,False,📄 Single-Source,0,0,1,0,Financial,5.47,1913
ACC-1010,Ext-Acc-314674,Account,Receiver,0.7630049999999999,0.0003,0.0,0.000149,0.1291,False,📄 Single-Source,0,0,1,0,Financial,5.45,1914
ACC-0880,Ext-Acc-324382,Account,Receiver,0.885,0.0003,0.0,0.000161,0.128,False,📄 Single-Source,0,0,1,0,Financial,5.45,1915
ACC-0876,Ext-Acc-327149,Account,Receiver,0.824865,0.0003,0.0,0.000156,0.1285,False,📄 Single-Source,0,0,1,0,Financial,5.45,1916
ACC-1317,Ext-Acc-311626,Account,Receiver,0.758955,0.0003,0.0,0.000152,0.128,False,📄 Single-Source,0,0,1,0,Financial,5.42,1917
ACC-0220,Ext-Acc-398871,Account,Receiver,0.90603,0.0003,0.0,0.000161,0.1269,False,📄 Single-Source,0,0,1,0,Financial,5.41,1918
ACC-0649,Ext-Acc-373498,Account,Receiver,0.8250000000000001,0.0003,0.0,0.000155,0.1271,False,📄 Single-Source,0,0,1,0,Financial,5.4,1919
ACC-0378,Ext-Acc-342058,Account,Receiver,0.8883000000000001,0.0003,0.0,0.000161,0.1266,False,📄 Single-Source,0,0,1,0,Financial,5.4,1920
ACC-1374,Ext-Acc-325713,Account,Receiver,0.81,0.0003,0.0,0.000156,0.1271,False,📄 Single-Source,0,0,1,0,Financial,5.4,1921
ACC-0235,Ext-Acc-349792,Account,Receiver,0.8397600000000001,0.0003,0.0,0.000159,0.126,False,📄 Single-Source,0,0,1,0,Financial,5.37,1922
ACC-1203,Ext-Acc-318201,Account,Receiver,0.869745,0.0003,0.0,0.000159,0.126,False,📄 Single-Source,0,0,1,0,Financial,5.37,1923
ACC-0966,Ext-Acc-347232,Account,Receiver,0.93633,0.0003,0.0,0.000164,0.1253,False,📄 Single-Source,0,0,1,0,Financial,5.36,1924
ACC-0976,Ext-Acc-380432,Account,Receiver,2.17251,0.0003,0.0,0.000462,0.0003,False,📄 Single-Source,0,0,1,0,Financial,1.8,1925
ACC-1055,Ext-Acc-202367,Account,Sender,0.93054,0.0003,0.0,0.000462,0.0003,False,📄 Single-Source,0,0,1,0,Financial,1.8,1926
ACC-0973,Ext-Acc-356118,Account,Receiver,7.5,0.0003,0.0,0.000462,0.0003,False,📄 Single-Source,0,0,1,0,Financial,1.8,1927
ACC-1043,Ext-Acc-381539,Account,Receiver,0.9015900000000001,0.0003,0.0,0.000462,0.0003,False,📄 Single-Source,0,0,1,0,Financial,1.8,1928
ACC-0449,Ext-Acc-388027,Account,Receiver,2.191095,0.0003,0.0,0.000462,0.0003,False,📄 Single-Source,0,0,1,0,Financial,1.8,1929
ACC-0448,Ext-Acc-207166,Account,Sender,2.191095,0.0003,0.0,0.000462,0.0003,False,📄 Single-Source,0,0,1,0,Financial,1.8,1930
ACC-1042,Ext-Acc-270630,Account,Sender,0.9015900000000001,0.0003,0.0,0.000462,0.0003,False,📄 Single-Source,0,0,1,0,Financial,1.8,1931
ACC-1026,Ext-Acc-397066,Account,Receiver,2.67111,0.0003,0.0,0.000462,0.0003,False,📄 Single-Source,0,0,1,0,Financial,1.8,1932
ACC-1025,Ext-Acc-235910,Account,Sender,2.67111,0.0003,0.0,0.000462,0.0003,False,📄 Single-Source,0,0,1,0,Financial,1.8,1933
ACC-0975,Ext-Acc-241592,Account,Sender,2.17251,0.0003,0.0,0.000462,0.0003,False,📄 Single-Source,0,0,1,0,Financial,1.8,1934
ACC-1056,Ext-Acc-306524,Account,Receiver,0.93054,0.0003,0.0,0.000462,0.0003,False,📄 Single-Source,0,0,1,0,Financial,1.8,1935
ACC-1090,Ext-Acc-355023,Account,Receiver,2.417685,0.0003,0.0,0.000462,0.0003,False,📄 Single-Source,0,0,1,0,Financial,1.8,1936
ACC-0523,Ext-Acc-312521,Account,Receiver,7.5,0.0003,0.0,0.000462,0.0003,False,📄 Single-Source,0,0,1,0,Financial,1.8,1937
ACC-1081,Ext-Acc-279150,Account,Sender,0.79548,0.0003,0.0,0.000462,0.0003,False,📄 Single-Source,0,0,1,0,Financial,1.8,1938
ACC-1148,Ext-Acc-213629,Account,Sender,0.885,0.0003,0.0,0.000462,0.0003,False,📄 Single-Source,0,0,1,0,Financial,1.8,1939
ACC-0223,Ext-Acc-307698,Account,Receiver,1.26729,0.0003,0.0,0.000462,0.0003,False,📄 Single-Source,0,0,1,0,Financial,1.8,1940
ACC-0222,Ext-Acc-271058,Account,Sender,1.26729,0.0003,0.0,0.000462,0.0003,False,📄 Single-Source,0,0,1,0,Financial,1.8,1941
ACC-1147,Ext-Acc-314765,Account,Receiver,2.6872350000000003,0.0003,0.0,0.000462,0.0003,False,📄 Single-Source,0,0,1,0,Financial,1.8,1942
ACC-1146,Ext-Acc-267025,Account,Sender,2.6872350000000003,0.0003,0.0,0.000462,0.0003,False,📄 Single-Source,0,0,1,0,Financial,1.8,1943
ACC-1145,Ext-Acc-320582,Account,Receiver,1.6701300000000001,0.0003,0.0,0.000462,0.0003,False,📄 Single-Source,0,0,1,0,Financial,1.8,1944
ACC-1144,Ext-Acc-229419,Account,Sender,1.6701300000000001,0.0003,0.0,0.000462,0.0003,False,📄 Single-Source,0,0,1,0,Financial,1.8,1945
ACC-0430,Ext-Acc-268898,Account,Sender,1.42314,0.0003,0.0,0.000462,0.0003,False,📄 Single-Source,0,0,1,0,Financial,1.8,1946
ACC-0431,Ext-Acc-393394,Account,Receiver,1.42314,0.0003,0.0,0.000462,0.0003,False,📄 Single-Source,0,0,1,0,Financial,1.8,1947
ACC-1119,Ext-Acc-340290,Account,Receiver,2.1757050000000002,0.0003,0.0,0.000462,0.0003,False,📄 Single-Source,0,0,1,0,Financial,1.8,1948
ACC-1118,Ext-Acc-238293,Account,Sender,2.1757050000000002,0.0003,0.0,0.000462,0.0003,False,📄 Single-Source,0,0,1,0,Financial,1.8,1949
ACC-0324,Ext-Acc-394405,Account,Receiver,2.8585949999999998,0.0003,0.0,0.000462,0.0003,False,📄 Single-Source,0,0,1,0,Financial,1.8,1950
ACC-1094,Ext-Acc-277872,Account,Sender,2.58,0.0003,0.0,0.000462,0.0003,False,📄 Single-Source,0,0,1,0,Financial,1.8,1951
ACC-0209,Ext-Acc-362580,Account,Receiver,0.82158,0.0003,0.0,0.000462,0.0003,False,📄 Single-Source,0,0,1,0,Financial,1.8,1952
ACC-0208,Ext-Acc-224219,Account,Sender,0.82158,0.0003,0.0,0.000462,0.0003,False,📄 Single-Source,0,0,1,0,Financial,1.8,1953
ACC-1089,Ext-Acc-226610,Account,Sender,2.417685,0.0003,0.0,0.000462,0.0003,False,📄 Single-Source,0,0,1,0,Financial,1.8,1954
ACC-1082,Ext-Acc-308803,Account,Receiver,0.79548,0.0003,0.0,0.000462,0.0003,False,📄 Single-Source,0,0,1,0,Financial,1.8,1955
ACC-0972,Ext-Acc-273060,Account,Sender,7.5,0.0003,0.0,0.000462,0.0003,False,📄 Single-Source,0,0,1,0,Financial,1.8,1956
ACC-1440,Ext-Acc-376357,Account,Receiver,0.84714,0.0003,0.0,0.000462,0.0003,False,📄 Single-Source,0,0,1,0,Financial,1.8,1957
ACC-0956,Ext-Acc-378159,Account,Receiver,0.96,0.0003,0.0,0.000462,0.0003,False,📄 Single-Source,0,0,1,0,Financial,1.8,1958
ACC-0955,Ext-Acc-253955,Account,Sender,0.96,0.0003,0.0,0.000462,0.0003,False,📄 Single-Source,0,0,1,0,Financial,1.8,1959
ACC-0748,Ext-Acc-378820,Account,Receiver,2.267265,0.0003,0.0,0.000462,0.0003,False,📄 Single-Source,0,0,1,0,Financial,1.8,1960
ACC-0747,Ext-Acc-232997,Account,Sender,2.267265,0.0003,0.0,0.000462,0.0003,False,📄 Single-Source,0,0,1,0,Financial,1.8,1961
ACC-0868,Ext-Acc-372174,Account,Receiver,0.896955,0.0003,0.0,0.000462,0.0003,False,📄 Single-Source,0,0,1,0,Financial,1.8,1962
ACC-0867,Ext-Acc-259606,Account,Sender,0.896955,0.0003,0.0,0.000462,0.0003,False,📄 Single-Source,0,0,1,0,Financial,1.8,1963
ACC-0592,Ext-Acc-317324,Account,Receiver,0.79254,0.0003,0.0,0.000462,0.0003,False,📄 Single-Source,0,0,1,0,Financial,1.8,1964
ACC-0733,Ext-Acc-372098,Account,Receiver,2.61936,0.0003,0.0,0.000462,0.0003,False,📄 Single-Source,0,0,1,0,Financial,1.8,1965
ACC-0732,Ext-Acc-296267,Account,Sender,2.61936,0.0003,0.0,0.000462,0.0003,False,📄 Single-Source,0,0,1,0,Financial,1.8,1966
ACC-0848,Ext-Acc-375195,Account,Receiver,1.784295,0.0003,0.0,0.000462,0.0003,False,📄 Single-Source,0,0,1,0,Financial,1.8,1967
ACC-0847,Ext-Acc-220896,Account,Sender,1.784295,0.0003,0.0,0.000462,0.0003,False,📄 Single-Source,0,0,1,0,Financial,1.8,1968
ACC-0594,Ext-Acc-281888,Account,Sender,0.880185,0.0003,0.0,0.000462,0.0003,False,📄 Single-Source,0,0,1,0,Financial,1.8,1969
ACC-0595,Ext-Acc-345663,Account,Receiver,0.880185,0.0003,0.0,0.000462,0.0003,False,📄 Single-Source,0,0,1,0,Financial,1.8,1970
ACC-0110,Ext-Acc-353264,Account,Receiver,1.9059,0.0003,0.0,0.000462,0.0003,False,📄 Single-Source,0,0,1,0,Financial,1.8,1971
ACC-0109,Ext-Acc-246357,Account,Sender,1.9059,0.0003,0.0,0.000462,0.0003,False,📄 Single-Source,0,0,1,0,Financial,1.8,1972
ACC-0107,Ext-Acc-321178,Account,Receiver,2.65674,0.0003,0.0,0.000462,0.0003,False,📄 Single-Source,0,0,1,0,Financial,1.8,1973
ACC-0106,Ext-Acc-283507,Account,Sender,2.65674,0.0003,0.0,0.000462,0.0003,False,📄 Single-Source,0,0,1,0,Financial,1.8,1974
ACC-0824,Ext-Acc-343992,Account,Receiver,2.64426,0.0003,0.0,0.000462,0.0003,False,📄 Single-Source,0,0,1,0,Financial,1.8,1975
ACC-0823,Ext-Acc-235426,Account,Sender,2.64426,0.0003,0.0,0.000462,0.0003,False,📄 Single-Source,0,0,1,0,Financial,1.8,1976
ACC-0760,Ext-Acc-276595,Account,Sender,1.76274,0.0003,0.0,0.000462,0.0003,False,📄 Single-Source,0,0,1,0,Financial,1.8,1977
ACC-0761,Ext-Acc-342810,Account,Receiver,1.76274,0.0003,0.0,0.000462,0.0003,False,📄 Single-Source,0,0,1,0,Financial,1.8,1978
ACC-0771,Ext-Acc-204485,Account,Sender,1.6949999999999998,0.0003,0.0,0.000462,0.0003,False,📄 Single-Source,0,0,1,0,Financial,1.8,1979
ACC-0921,Ext-Acc-264166,Account,Sender,6.1499999999999995,0.0003,0.0,0.000462,0.0003,False,📄 Single-Source,0,0,1,0,Financial,1.8,1980
ACC-0943,Ext-Acc-333779,Account,Receiver,6.843465,0.0003,0.0,0.000462,0.0003,False,📄 Single-Source,0,0,1,0,Financial,1.8,1981
ACC-0942,Ext-Acc-225471,Account,Sender,6.843465,0.0003,0.0,0.000462,0.0003,False,📄 Single-Source,0,0,1,0,Financial,1.8,1982
ACC-0150,Ext-Acc-379482,Account,Receiver,2.100375,0.0003,0.0,0.000462,0.0003,False,📄 Single-Source,0,0,1,0,Financial,1.8,1983
ACC-0149,Ext-Acc-297605,Account,Sender,2.100375,0.0003,0.0,0.000462,0.0003,False,📄 Single-Source,0,0,1,0,Financial,1.8,1984
ACC-0424,Ext-Acc-357999,Account,Receiver,2.64159,0.0003,0.0,0.000462,0.0003,False,📄 Single-Source,0,0,1,0,Financial,1.8,1985
ACC-0922,Ext-Acc-328358,Account,Receiver,6.1499999999999995,0.0003,0.0,0.000462,0.0003,False,📄 Single-Source,0,0,1,0,Financial,1.8,1986
ACC-0534,Ext-Acc-291262,Account,Sender,1.69674,0.0003,0.0,0.000462,0.0003,False,📄 Single-Source,0,0,1,0,Financial,1.8,1987
ACC-0535,Ext-Acc-379700,Account,Receiver,1.69674,0.0003,0.0,0.000462,0.0003,False,📄 Single-Source,0,0,1,0,Financial,1.8,1988
ACC-0772,Ext-Acc-350466,Account,Receiver,1.6949999999999998,0.0003,0.0,0.000462,0.0003,False,📄 Single-Source,0,0,1,0,Financial,1.8,1989
ACC-0541,Ext-Acc-295374,Account,Sender,2.329215,0.0003,0.0,0.000462,0.0003,False,📄 Single-Source,0,0,1,0,Financial,1.8,1990
ACC-0542,Ext-Acc-314322,Account,Receiver,2.329215,0.0003,0.0,0.000462,0.0003,False,📄 Single-Source,0,0,1,0,Financial,1.8,1991
ACC-0591,Ext-Acc-284473,Account,Sender,0.79254,0.0003,0.0,0.000462,0.0003,False,📄 Single-Source,0,0,1,0,Financial,1.8,1992
ACC-0134,Ext-Acc-374607,Account,Receiver,0.872685,0.0003,0.0,0.000462,0.0003,False,📄 Single-Source,0,0,1,0,Financial,1.8,1993
ACC-0133,Ext-Acc-277993,Account,Sender,0.872685,0.0003,0.0,0.000462,0.0003,False,📄 Single-Source,0,0,1,0,Financial,1.8,1994
ACC-0792,Ext-Acc-250738,Account,Sender,0.954525,0.0003,0.0,0.000462,0.0003,False,📄 Single-Source,0,0,1,0,Financial,1.8,1995
ACC-0793,Ext-Acc-392634,Account,Receiver,0.954525,0.0003,0.0,0.000462,0.0003,False,📄 Single-Source,0,0,1,0,Financial,1.8,1996
ACC-1149,Ext-Acc-314383,Account,Receiver,0.885,0.0003,0.0,0.000462,0.0003,False,📄 Single-Source,0,0,1,0,Financial,1.8,1997
ACC-1095,Ext-Acc-380963,Account,Receiver,2.58,0.0003,0.0,0.000462,0.0003,False,📄 Single-Source,0,0,1,0,Financial,1.8,1998
ACC-1305,Ext-Acc-288111,Account,Sender,0.87309,0.0003,0.0,0.000462,0.0003,False,📄 Single-Source,0,0,1,0,Financial,1.8,1999
ACC-1229,Ext-Acc-280539,Account,Sender,0.758265,0.0003,0.0,0.000462,0.0003,False,📄 Single-Source,0,0,1,0,Financial,1.8,2000
ACC-1270,Ext-Acc-326946,Account,Receiver,7.5,0.0003,0.0,0.000462,0.0003,False,📄 Single-Source,0,0,1,0,Financial,1.8,2001
ACC-1269,Ext-Acc-229220,Account,Sender,7.5,0.0003,0.0,0.000462,0.0003,False,📄 Single-Source,0,0,1,0,Financial,1.8,2002
ACC-1313,Ext-Acc-374504,Account,Receiver,1.8843750000000001,0.0003,0.0,0.000462,0.0003,False,📄 Single-Source,0,0,1,0,Financial,1.8,2003
ACC-1341,Ext-Acc-205805,Account,Sender,1.5251700000000001,0.0003,0.0,0.000462,0.0003,False,📄 Single-Source,0,0,1,0,Financial,1.8,2004
ACC-1342,Ext-Acc-311799,Account,Receiver,1.5251700000000001,0.0003,0.0,0.000462,0.0003,False,📄 Single-Source,0,0,1,0,Financial,1.8,2005
ACC-1312,Ext-Acc-260302,Account,Sender,1.8843750000000001,0.0003,0.0,0.000462,0.0003,False,📄 Single-Source,0,0,1,0,Financial,1.8,2006
ACC-1306,Ext-Acc-319233,Account,Receiver,0.87309,0.0003,0.0,0.000462,0.0003,False,📄 Single-Source,0,0,1,0,Financial,1.8,2007
ACC-0354,Ext-Acc-392855,Account,Receiver,1.134855,0.0003,0.0,0.000462,0.0003,False,📄 Single-Source,0,0,1,0,Financial,1.8,2008
ACC-0353,Ext-Acc-254519,Account,Sender,1.134855,0.0003,0.0,0.000462,0.0003,False,📄 Single-Source,0,0,1,0,Financial,1.8,2009
ACC-1389,Ext-Acc-221174,Account,Sender,2.6156249999999996,0.0003,0.0,0.000462,0.0003,False,📄 Single-Source,0,0,1,0,Financial,1.8,2010
ACC-1390,Ext-Acc-305066,Account,Receiver,2.6156249999999996,0.0003,0.0,0.000462,0.0003,False,📄 Single-Source,0,0,1,0,Financial,1.8,2011
ACC-0517,Ext-Acc-376015,Account,Receiver,0.9182400000000001,0.0003,0.0,0.000462,0.0003,False,📄 Single-Source,0,0,1,0,Financial,1.8,2012
ACC-0522,Ext-Acc-224044,Account,Sender,7.5,0.0003,0.0,0.000462,0.0003,False,📄 Single-Source,0,0,1,0,Financial,1.8,2013
ACC-1230,Ext-Acc-330496,Account,Receiver,0.758265,0.0003,0.0,0.000462,0.0003,False,📄 Single-Source,0,0,1,0,Financial,1.8,2014
ACC-0516,Ext-Acc-252928,Account,Sender,0.9182400000000001,0.0003,0.0,0.000462,0.0003,False,📄 Single-Source,0,0,1,0,Financial,1.8,2015
ACC-0323,Ext-Acc-254344,Account,Sender,2.8585949999999998,0.0003,0.0,0.000462,0.0003,False,📄 Single-Source,0,0,1,0,Financial,1.8,2016
ACC-1439,Ext-Acc-215769,Account,Sender,0.84714,0.0003,0.0,0.000462,0.0003,False,📄 Single-Source,0,0,1,0,Financial,1.8,2017
ACC-1301,Ext-Acc-244898,Account,Sender,7.5,0.0003,0.0,0.000462,0.0003,False,📄 Single-Source,0,0,1,0,Financial,1.8,2018
ACC-0423,Ext-Acc-297193,Account,Sender,2.64159,0.0003,0.0,0.000462,0.0003,False,📄 Single-Source,0,0,1,0,Financial,1.8,2019
ACC-1302,Ext-Acc-317321,Account,Receiver,7.5,0.0003,0.0,0.000462,0.0003,False,📄 Single-Source,0,0,1,0,Financial,1.8,2020
ACC-1442,Ext-Acc-236903,Account,Sender,1.746795,0.0003,0.0,0.000462,0.0003,False,📄 Single-Source,0,0,1,0,Financial,1.8,2021
ACC-1465,Ext-Acc-388904,Account,Receiver,0.7697100000000001,0.0003,0.0,0.000462,0.0003,False,📄 Single-Source,0,0,1,0,Financial,1.8,2022
ACC-1464,Ext-Acc-248166,Account,Sender,0.7697100000000001,0.0003,0.0,0.000462,0.0003,False,📄 Single-Source,0,0,1,0,Financial,1.8,2023
ACC-1443,Ext-Acc-388403,Account,Receiver,1.746795,0.0003,0.0,0.000462,0.0003,False,📄 Single-Source,0,0,1,0,Financial,1.8,2024
ACC-1187,Ext-Acc-241930,Account,Sender,2.26731,0.0003,0.0,0.000462,0.0003,False,📄 Single-Source,0,0,1,0,Financial,1.8,2025
ACC-1188,Ext-Acc-345954,Account,Receiver,2.26731,0.0003,0.0,0.000462,0.0003,False,📄 Single-Source,0,0,1,0,Financial,1.8,2026
SOC-0439,@User_Thirumal150,SocialHandle,Author,0.0,0.0,0.0,6.9e-05,0.0,False,📄 Single-Source,0,0,0,1,SocialMedia,0.0,2027
SOC-0505,@Temp_Jeeva882,SocialHandle,Author,0.0,0.0,0.0,6.9e-05,0.0,False,📄 Single-Source,0,0,0,1,SocialMedia,0.0,2028
SOC-0506,@Official_Vasanthi311,SocialHandle,Author,0.0,0.0,0.0,6.9e-05,0.0,False,📄 Single-Source,0,0,0,1,SocialMedia,0.0,2029
SOC-0433,@Shadow_Arjun77,SocialHandle,Author,0.0,0.0,0.0,6.9e-05,0.0,False,📄 Single-Source,0,0,0,1,SocialMedia,0.0,2030
SOC-0434,@Only_Uma200,SocialHandle,Author,0.0,0.0,0.0,6.9e-05,0.0,False,📄 Single-Source,0,0,0,1,SocialMedia,0.0,2031
SOC-0504,@The_Vasanth731,SocialHandle,Author,0.0,0.0,0.0,6.9e-05,0.0,False,📄 Single-Source,0,0,0,1,SocialMedia,0.0,2032
SOC-0435,@User_Jagan132,SocialHandle,Author,0.0,0.0,0.0,6.9e-05,0.0,False,📄 Single-Source,0,0,0,1,SocialMedia,0.0,2033
SOC-0436,@Real_Ajith392,SocialHandle,Author,0.0,0.0,0.0,6.9e-05,0.0,False,📄 Single-Source,0,0,0,1,SocialMedia,0.0,2034
SOC-0440,@Xyz_Nithin638,SocialHandle,Author,0.0,0.0,0.0,6.9e-05,0.0,False,📄 Single-Source,0,0,0,1,SocialMedia,0.0,2035
SOC-0503,@Official_Abirami608,SocialHandle,Author,0.0,0.0,0.0,6.9e-05,0.0,False,📄 Single-Source,0,0,0,1,SocialMedia,0.0,2036
SOC-0437,@Shadow_Udhay177,SocialHandle,Author,0.0,0.0,0.0,6.9e-05,0.0,False,📄 Single-Source,0,0,0,1,SocialMedia,0.0,2037
SOC-0502,@Real_Dinesh104,SocialHandle,Author,0.0,0.0,0.0,6.9e-05,0.0,False,📄 Single-Source,0,0,0,1,SocialMedia,0.0,2038
SOC-0508,@Real_Vasanth829,SocialHandle,Author,0.0,0.0,0.0,6.9e-05,0.0,False,📄 Single-Source,0,0,0,1,SocialMedia,0.0,2039
SOC-0441,@Anon_Karthik366,SocialHandle,Author,0.0,0.0,0.0,6.9e-05,0.0,False,📄 Single-Source,0,0,0,1,SocialMedia,0.0,2040
SOC-0438,@Real_Abirami623,SocialHandle,Author,0.0,0.0,0.0,6.9e-05,0.0,False,📄 Single-Source,0,0,0,1,SocialMedia,0.0,2041
SOC-0507,@Dark_Selvam496,SocialHandle,Author,0.0,0.0,0.0,6.9e-05,0.0,False,📄 Single-Source,0,0,0,1,SocialMedia,0.0,2042
SOC-0470,@Anon_Sanjay131,SocialHandle,Author,0.0,0.0,0.0,6.9e-05,0.0,False,📄 Single-Source,0,0,0,1,SocialMedia,0.0,2043
SOC-0509,@The_Gokul734,SocialHandle,Author,0.0,0.0,0.0,6.9e-05,0.0,False,📄 Single-Source,0,0,0,1,SocialMedia,0.0,2044
SOC-0520,@User_Sanjay970,SocialHandle,Author,0.0,0.0,0.0,6.9e-05,0.0,False,📄 Single-Source,0,0,0,1,SocialMedia,0.0,2045
SOC-0529,@The_Hariharan490,SocialHandle,Author,0.0,0.0,0.0,6.9e-05,0.0,False,📄 Single-Source,0,0,0,1,SocialMedia,0.0,2046
SOC-0528,@The_Nithin258,SocialHandle,Author,0.0,0.0,0.0,6.9e-05,0.0,False,📄 Single-Source,0,0,0,1,SocialMedia,0.0,2047
SOC-0527,@Real_Udhay115,SocialHandle,Author,0.0,0.0,0.0,6.9e-05,0.0,False,📄 Single-Source,0,0,0,1,SocialMedia,0.0,2048
SOC-0526,@Anon_Gopal403,SocialHandle,Author,0.0,0.0,0.0,6.9e-05,0.0,False,📄 Single-Source,0,0,0,1,SocialMedia,0.0,2049
SOC-0525,@Real_Vignesh114,SocialHandle,Author,0.0,0.0,0.0,6.9e-05,0.0,False,📄 Single-Source,0,0,0,1,SocialMedia,0.0,2050
SOC-0524,@Shadow_Nithin542,SocialHandle,Author,0.0,0.0,0.0,6.9e-05,0.0,False,📄 Single-Source,0,0,0,1,SocialMedia,0.0,2051
SOC-0523,@Real_Mathan38,SocialHandle,Author,0.0,0.0,0.0,6.9e-05,0.0,False,📄 Single-Source,0,0,0,1,SocialMedia,0.0,2052
SOC-0522,@Only_Nandha352,SocialHandle,Author,0.0,0.0,0.0,6.9e-05,0.0,False,📄 Single-Source,0,0,0,1,SocialMedia,0.0,2053
SOC-0521,@Anon_Murugan380,SocialHandle,Author,0.0,0.0,0.0,6.9e-05,0.0,False,📄 Single-Source,0,0,0,1,SocialMedia,0.0,2054
SOC-0519,@Only_Sathish249,SocialHandle,Author,0.0,0.0,0.0,6.9e-05,0.0,False,📄 Single-Source,0,0,0,1,SocialMedia,0.0,2055
SOC-0510,@Temp_Nithin544,SocialHandle,Author,0.0,0.0,0.0,6.9e-05,0.0,False,📄 Single-Source,0,0,0,1,SocialMedia,0.0,2056
SOC-0518,@User_Vignesh137,SocialHandle,Author,0.0,0.0,0.0,6.9e-05,0.0,False,📄 Single-Source,0,0,0,1,SocialMedia,0.0,2057
SOC-0517,@Real_Jagan816,SocialHandle,Author,0.0,0.0,0.0,6.9e-05,0.0,False,📄 Single-Source,0,0,0,1,SocialMedia,0.0,2058
SOC-0516,@Official_Hariharan780,SocialHandle,Author,0.0,0.0,0.0,6.9e-05,0.0,False,📄 Single-Source,0,0,0,1,SocialMedia,0.0,2059
SOC-0515,@Real_Yuvaraj414,SocialHandle,Author,0.0,0.0,0.0,6.9e-05,0.0,False,📄 Single-Source,0,0,0,1,SocialMedia,0.0,2060
SOC-0501,@Dark_Uma542,SocialHandle,Author,0.0,0.0,0.0,6.9e-05,0.0,False,📄 Single-Source,0,0,0,1,SocialMedia,0.0,2061
SOC-0513,@Official_Dharani591,SocialHandle,Author,0.0,0.0,0.0,6.9e-05,0.0,False,📄 Single-Source,0,0,0,1,SocialMedia,0.0,2062
SOC-0512,@Real_Siva505,SocialHandle,Author,0.0,0.0,0.0,6.9e-05,0.0,False,📄 Single-Source,0,0,0,1,SocialMedia,0.0,2063
SOC-0511,@Temp_Jagan464,SocialHandle,Author,0.0,0.0,0.0,6.9e-05,0.0,False,📄 Single-Source,0,0,0,1,SocialMedia,0.0,2064
SOC-0432,@Shadow_Nandha369,SocialHandle,Author,0.0,0.0,0.0,6.9e-05,0.0,False,📄 Single-Source,0,0,0,1,SocialMedia,0.0,2065
SOC-0514,@Dark_Jagan994,SocialHandle,Author,0.0,0.0,0.0,6.9e-05,0.0,False,📄 Single-Source,0,0,0,1,SocialMedia,0.0,2066
SOC-0444,@User_Revathi77,SocialHandle,Author,0.0,0.0,0.0,6.9e-05,0.0,False,📄 Single-Source,0,0,0,1,SocialMedia,0.0,2067
SOC-0442,@Only_Jeeva141,SocialHandle,Author,0.0,0.0,0.0,6.9e-05,0.0,False,📄 Single-Source,0,0,0,1,SocialMedia,0.0,2068
SOC-0482,@Shadow_Yuvaraj611,SocialHandle,Author,0.0,0.0,0.0,6.9e-05,0.0,False,📄 Single-Source,0,0,0,1,SocialMedia,0.0,2069
SOC-0487,@Anon_Kishore647,SocialHandle,Author,0.0,0.0,0.0,6.9e-05,0.0,False,📄 Single-Source,0,0,0,1,SocialMedia,0.0,2070
SOC-0462,@Temp_Karthik982,SocialHandle,Author,0.0,0.0,0.0,6.9e-05,0.0,False,📄 Single-Source,0,0,0,1,SocialMedia,0.0,2071
SOC-0463,@Dark_Venkat233,SocialHandle,Author,0.0,0.0,0.0,6.9e-05,0.0,False,📄 Single-Source,0,0,0,2,SocialMedia,0.0,2072
SOC-0486,@Only_Sathish741,SocialHandle,Author,0.0,0.0,0.0,6.9e-05,0.0,False,📄 Single-Source,0,0,0,1,SocialMedia,0.0,2073
SOC-0485,@Anon_Nithin492,SocialHandle,Author,0.0,0.0,0.0,6.9e-05,0.0,False,📄 Single-Source,0,0,0,1,SocialMedia,0.0,2074
SOC-0464,@Real_Vasanthi334,SocialHandle,Author,0.0,0.0,0.0,6.9e-05,0.0,False,📄 Single-Source,0,0,0,1,SocialMedia,0.0,2075
SOC-0484,@Xyz_Siva205,SocialHandle,Author,0.0,0.0,0.0,6.9e-05,0.0,False,📄 Single-Source,0,0,0,1,SocialMedia,0.0,2076
SOC-0465,@Real_Senthil557,SocialHandle,Author,0.0,0.0,0.0,6.9e-05,0.0,False,📄 Single-Source,0,0,0,1,SocialMedia,0.0,2077
SOC-0466,@Dark_Bharath907,SocialHandle,Author,0.0,0.0,0.0,6.9e-05,0.0,False,📄 Single-Source,0,0,0,1,SocialMedia,0.0,2078
SOC-0483,@Official_Abirami99,SocialHandle,Author,0.0,0.0,0.0,6.9e-05,0.0,False,📄 Single-Source,0,0,0,1,SocialMedia,0.0,2079
SOC-0467,@Shadow_Jagan474,SocialHandle,Author,0.0,0.0,0.0,6.9e-05,0.0,False,📄 Single-Source,0,0,0,1,SocialMedia,0.0,2080
SOC-0468,@Temp_Arun94,SocialHandle,Author,0.0,0.0,0.0,6.9e-05,0.0,False,📄 Single-Source,0,0,0,1,SocialMedia,0.0,2081
SOC-0481,@Real_Mohan949,SocialHandle,Author,0.0,0.0,0.0,6.9e-05,0.0,False,📄 Single-Source,0,0,0,1,SocialMedia,0.0,2082
SOC-0488,@Xyz_Vignesh234,SocialHandle,Author,0.0,0.0,0.0,6.9e-05,0.0,False,📄 Single-Source,0,0,0,1,SocialMedia,0.0,2083
SOC-0430,@Temp_Udhay549,SocialHandle,Author,0.0,0.0,0.0,6.9e-05,0.0,False,📄 Single-Source,0,0,0,1,SocialMedia,0.0,2084
SOC-0480,@Only_Vignesh998,SocialHandle,Author,0.0,0.0,0.0,6.9e-05,0.0,False,📄 Single-Source,0,0,0,1,SocialMedia,0.0,2085
SOC-0479,@Anon_Balaji653,SocialHandle,Author,0.0,0.0,0.0,6.9e-05,0.0,False,📄 Single-Source,0,0,0,1,SocialMedia,0.0,2086
SOC-0478,@Shadow_Tamilarasan36,SocialHandle,Author,0.0,0.0,0.0,6.9e-05,0.0,False,📄 Single-Source,0,0,0,1,SocialMedia,0.0,2087
SOC-0477,@Official_Jeeva586,SocialHandle,Author,0.0,0.0,0.0,6.9e-05,0.0,False,📄 Single-Source,0,0,0,1,SocialMedia,0.0,2088
SOC-0476,@Anon_Sathish514,SocialHandle,Author,0.0,0.0,0.0,6.9e-05,0.0,False,📄 Single-Source,0,0,0,1,SocialMedia,0.0,2089
SOC-0475,@Shadow_Ezhilan764,SocialHandle,Author,0.0,0.0,0.0,6.9e-05,0.0,False,📄 Single-Source,0,0,0,1,SocialMedia,0.0,2090
SOC-0474,@Anon_Dharani902,SocialHandle,Author,0.0,0.0,0.0,6.9e-05,0.0,False,📄 Single-Source,0,0,0,1,SocialMedia,0.0,2091
SOC-0473,@Real_Bharath107,SocialHandle,Author,0.0,0.0,0.0,6.9e-05,0.0,False,📄 Single-Source,0,0,0,1,SocialMedia,0.0,2092
SOC-0472,@Shadow_Gokul606,SocialHandle,Author,0.0,0.0,0.0,6.9e-05,0.0,False,📄 Single-Source,0,0,0,1,SocialMedia,0.0,2093
SOC-0471,@Official_Murugan754,SocialHandle,Author,0.0,0.0,0.0,6.9e-05,0.0,False,📄 Single-Source,0,0,0,1,SocialMedia,0.0,2094
SOC-0469,@User_Meena980,SocialHandle,Author,0.0,0.0,0.0,6.9e-05,0.0,False,📄 Single-Source,0,0,0,1,SocialMedia,0.0,2095
SOC-0461,@Dark_Mathan928,SocialHandle,Author,0.0,0.0,0.0,6.9e-05,0.0,False,📄 Single-Source,0,0,0,1,SocialMedia,0.0,2096
SOC-0460,@Official_Rakesh671,SocialHandle,Author,0.0,0.0,0.0,6.9e-05,0.0,False,📄 Single-Source,0,0,0,1,SocialMedia,0.0,2097
SOC-0500,@Anon_Elango357,SocialHandle,Author,0.0,0.0,0.0,6.9e-05,0.0,False,📄 Single-Source,0,0,0,1,SocialMedia,0.0,2098
SOC-0451,@Real_Tamilarasan686,SocialHandle,Author,0.0,0.0,0.0,6.9e-05,0.0,False,📄 Single-Source,0,0,0,1,SocialMedia,0.0,2099
SOC-0443,@Real_Madhan29,SocialHandle,Author,0.0,0.0,0.0,6.9e-05,0.0,False,📄 Single-Source,0,0,0,1,SocialMedia,0.0,2100
SOC-0499,@Xyz_Mathan358,SocialHandle,Author,0.0,0.0,0.0,6.9e-05,0.0,False,📄 Single-Source,0,0,0,1,SocialMedia,0.0,2101
SOC-0445,@Anon_Vignesh385,SocialHandle,Author,0.0,0.0,0.0,6.9e-05,0.0,False,📄 Single-Source,0,0,0,1,SocialMedia,0.0,2102
SOC-0498,@Dark_Hariharan466,SocialHandle,Author,0.0,0.0,0.0,6.9e-05,0.0,False,📄 Single-Source,0,0,0,1,SocialMedia,0.0,2103
SOC-0497,@Official_Karthik439,SocialHandle,Author,0.0,0.0,0.0,6.9e-05,0.0,False,📄 Single-Source,0,0,0,1,SocialMedia,0.0,2104
SOC-0446,@Real_Siva789,SocialHandle,Author,0.0,0.0,0.0,6.9e-05,0.0,False,📄 Single-Source,0,0,0,1,SocialMedia,0.0,2105
SOC-0447,@Shadow_Dinesh515,SocialHandle,Author,0.0,0.0,0.0,6.9e-05,0.0,False,📄 Single-Source,0,0,0,1,SocialMedia,0.0,2106
SOC-0448,@Only_Hariharan887,SocialHandle,Author,0.0,0.0,0.0,6.9e-05,0.0,False,📄 Single-Source,0,0,0,1,SocialMedia,0.0,2107
SOC-0449,@Real_Dinesh156,SocialHandle,Author,0.0,0.0,0.0,6.9e-05,0.0,False,📄 Single-Source,0,0,0,1,SocialMedia,0.0,2108
SOC-0496,@Shadow_Dinesh332,SocialHandle,Author,0.0,0.0,0.0,6.9e-05,0.0,False,📄 Single-Source,0,0,0,1,SocialMedia,0.0,2109
SOC-0495,@Dark_Dinesh929,SocialHandle,Author,0.0,0.0,0.0,6.9e-05,0.0,False,📄 Single-Source,0,0,0,1,SocialMedia,0.0,2110
SOC-0450,@Xyz_Sathish295,SocialHandle,Author,0.0,0.0,0.0,6.9e-05,0.0,False,📄 Single-Source,0,0,0,1,SocialMedia,0.0,2111
SOC-0452,@Anon_Nithin46,SocialHandle,Author,0.0,0.0,0.0,6.9e-05,0.0,False,📄 Single-Source,0,0,0,1,SocialMedia,0.0,2112
SOC-0489,@Anon_Senthil828,SocialHandle,Author,0.0,0.0,0.0,6.9e-05,0.0,False,📄 Single-Source,0,0,0,1,SocialMedia,0.0,2113
SOC-0494,@Real_Uma878,SocialHandle,Author,0.0,0.0,0.0,6.9e-05,0.0,False,📄 Single-Source,0,0,0,1,SocialMedia,0.0,2114
SOC-0493,@Shadow_Rajesh170,SocialHandle,Author,0.0,0.0,0.0,6.9e-05,0.0,False,📄 Single-Source,0,0,0,1,SocialMedia,0.0,2115
SOC-0453,@Real_Sathish592,SocialHandle,Author,0.0,0.0,0.0,6.9e-05,0.0,False,📄 Single-Source,0,0,0,1,SocialMedia,0.0,2116
SOC-0454,@Only_Arun263,SocialHandle,Author,0.0,0.0,0.0,6.9e-05,0.0,False,📄 Single-Source,0,0,0,1,SocialMedia,0.0,2117
SOC-0455,@Anon_Sanjay683,SocialHandle,Author,0.0,0.0,0.0,6.9e-05,0.0,False,📄 Single-Source,0,0,0,1,SocialMedia,0.0,2118
SOC-0456,@Temp_Gunasekar409,SocialHandle,Author,0.0,0.0,0.0,6.9e-05,0.0,False,📄 Single-Source,0,0,0,1,SocialMedia,0.0,2119
SOC-0457,@User_Gokul687,SocialHandle,Author,0.0,0.0,0.0,6.9e-05,0.0,False,📄 Single-Source,0,0,0,4,SocialMedia,0.0,2120
SOC-0492,@Anon_Anand995,SocialHandle,Author,0.0,0.0,0.0,6.9e-05,0.0,False,📄 Single-Source,0,0,0,1,SocialMedia,0.0,2121
SOC-0491,@Xyz_Jeeva239,SocialHandle,Author,0.0,0.0,0.0,6.9e-05,0.0,False,📄 Single-Source,0,0,0,1,SocialMedia,0.0,2122
SOC-0458,@Dark_Ajith224,SocialHandle,Author,0.0,0.0,0.0,6.9e-05,0.0,False,📄 Single-Source,0,0,0,1,SocialMedia,0.0,2123
SOC-0459,@Anon_Abirami284,SocialHandle,Author,0.0,0.0,0.0,6.9e-05,0.0,False,📄 Single-Source,0,0,0,1,SocialMedia,0.0,2124
SOC-0490,@Official_Kannan375,SocialHandle,Author,0.0,0.0,0.0,6.9e-05,0.0,False,📄 Single-Source,0,0,0,1,SocialMedia,0.0,2125
SOC-0431,@Shadow_Udhay627,SocialHandle,Author,0.0,0.0,0.0,6.9e-05,0.0,False,📄 Single-Source,0,0,0,1,SocialMedia,0.0,2126
SOC-0407,@The_Jagan768,SocialHandle,Author,0.0,0.0,0.0,6.9e-05,0.0,False,📄 Single-Source,0,0,0,1,SocialMedia,0.0,2127
SOC-0429,@Xyz_Uma129,SocialHandle,Author,0.0,0.0,0.0,6.9e-05,0.0,False,📄 Single-Source,0,0,0,1,SocialMedia,0.0,2128
SOC-0372,@Real_Karthik34,SocialHandle,Author,0.0,0.0,0.0,6.9e-05,0.0,False,📄 Single-Source,0,0,0,1,SocialMedia,0.0,2129
SOC-0346,@User_Rajesh322,SocialHandle,Author,0.0,0.0,0.0,6.9e-05,0.0,False,📄 Single-Source,0,0,0,1,SocialMedia,0.0,2130
SOC-0347,@Anon_Nandha780,SocialHandle,Author,0.0,0.0,0.0,6.9e-05,0.0,False,📄 Single-Source,0,0,0,1,SocialMedia,0.0,2131
SOC-0348,@Anon_Jeeva414,SocialHandle,Author,0.0,0.0,0.0,6.9e-05,0.0,False,📄 Single-Source,0,0,0,1,SocialMedia,0.0,2132
SOC-0349,@Real_Gokul697,SocialHandle,Author,0.0,0.0,0.0,6.9e-05,0.0,False,📄 Single-Source,0,0,0,1,SocialMedia,0.0,2133
SOC-0350,@Temp_Nithin159,SocialHandle,Author,0.0,0.0,0.0,6.9e-05,0.0,False,📄 Single-Source,0,0,0,1,SocialMedia,0.0,2134
SOC-0351,@Official_Hariharan24,SocialHandle,Author,0.0,0.0,0.0,6.9e-05,0.0,False,📄 Single-Source,0,0,0,1,SocialMedia,0.0,2135
SOC-0352,@Real_Senthil29,SocialHandle,Author,0.0,0.0,0.0,6.9e-05,0.0,False,📄 Single-Source,0,0,0,1,SocialMedia,0.0,2136
SOC-0353,@Only_Divya522,SocialHandle,Author,0.0,0.0,0.0,6.9e-05,0.0,False,📄 Single-Source,0,0,0,1,SocialMedia,0.0,2137
SOC-0354,@User_Sanjay365,SocialHandle,Author,0.0,0.0,0.0,6.9e-05,0.0,False,📄 Single-Source,0,0,0,1,SocialMedia,0.0,2138
SOC-0355,@Xyz_Elango981,SocialHandle,Author,0.0,0.0,0.0,6.9e-05,0.0,False,📄 Single-Source,0,0,0,1,SocialMedia,0.0,2139
SOC-0356,@Dark_Eswari256,SocialHandle,Author,0.0,0.0,0.0,6.9e-05,0.0,False,📄 Single-Source,0,0,0,1,SocialMedia,0.0,2140
SOC-0357,@Only_Harish893,SocialHandle,Author,0.0,0.0,0.0,6.9e-05,0.0,False,📄 Single-Source,0,0,0,1,SocialMedia,0.0,2141
SOC-0358,@Real_Vignesh198,SocialHandle,Author,0.0,0.0,0.0,6.9e-05,0.0,False,📄 Single-Source,0,0,0,1,SocialMedia,0.0,2142
SOC-0359,@Real_Selvam104,SocialHandle,Author,0.0,0.0,0.0,6.9e-05,0.0,False,📄 Single-Source,0,0,0,7,SocialMedia,0.0,2143
SOC-0360,@Real_Kannan714,SocialHandle,Author,0.0,0.0,0.0,6.9e-05,0.0,False,📄 Single-Source,0,0,0,1,SocialMedia,0.0,2144
SOC-0361,@Only_Arun241,SocialHandle,Author,0.0,0.0,0.0,6.9e-05,0.0,False,📄 Single-Source,0,0,0,1,SocialMedia,0.0,2145
SOC-0362,@Shadow_Rajesh413,SocialHandle,Author,0.0,0.0,0.0,6.9e-05,0.0,False,📄 Single-Source,0,0,0,1,SocialMedia,0.0,2146
SOC-0363,@Only_Ezhilan541,SocialHandle,Author,0.0,0.0,0.0,6.9e-05,0.0,False,📄 Single-Source,0,0,0,1,SocialMedia,0.0,2147
SOC-0364,@Official_Sathish482,SocialHandle,Author,0.0,0.0,0.0,6.9e-05,0.0,False,📄 Single-Source,0,0,0,1,SocialMedia,0.0,2148
SOC-0365,@Official_Mathan651,SocialHandle,Author,0.0,0.0,0.0,6.9e-05,0.0,False,📄 Single-Source,0,0,0,1,SocialMedia,0.0,2149
SOC-0366,@Temp_Elango913,SocialHandle,Author,0.0,0.0,0.0,6.9e-05,0.0,False,📄 Single-Source,0,0,0,1,SocialMedia,0.0,2150
SOC-0367,@Xyz_Jagan294,SocialHandle,Author,0.0,0.0,0.0,6.9e-05,0.0,False,📄 Single-Source,0,0,0,1,SocialMedia,0.0,2151
SOC-0368,@Anon_Vignesh777,SocialHandle,Author,0.0,0.0,0.0,6.9e-05,0.0,False,📄 Single-Source,0,0,0,1,SocialMedia,0.0,2152
SOC-0369,@Official_Mathan492,SocialHandle,Author,0.0,0.0,0.0,6.9e-05,0.0,False,📄 Single-Source,0,0,0,1,SocialMedia,0.0,2153
SOC-0370,@Temp_Lokesh757,SocialHandle,Author,0.0,0.0,0.0,6.9e-05,0.0,False,📄 Single-Source,0,0,0,1,SocialMedia,0.0,2154
SOC-0345,@Real_Murugan750,SocialHandle,Author,0.0,0.0,0.0,6.9e-05,0.0,False,📄 Single-Source,0,0,0,1,SocialMedia,0.0,2155
SOC-0344,@Real_Hariharan48,SocialHandle,Author,0.0,0.0,0.0,6.9e-05,0.0,False,📄 Single-Source,0,0,0,1,SocialMedia,0.0,2156
SOC-0343,@Xyz_Gunasekar958,SocialHandle,Author,0.0,0.0,0.0,6.9e-05,0.0,False,📄 Single-Source,0,0,0,1,SocialMedia,0.0,2157
SOC-0329,@Real_Eswari462,SocialHandle,Author,0.0,0.0,0.0,6.9e-05,0.0,False,📄 Single-Source,0,0,0,1,SocialMedia,0.0,2158
SOC-0318,@Anon_Janani333,SocialHandle,Author,0.0,0.0,0.0,6.9e-05,0.0,False,📄 Single-Source,0,0,0,1,SocialMedia,0.0,2159
SOC-0319,@Shadow_Vasanthi884,SocialHandle,Author,0.0,0.0,0.0,6.9e-05,0.0,False,📄 Single-Source,0,0,0,1,SocialMedia,0.0,2160
SOC-0320,@Only_Rajesh159,SocialHandle,Author,0.0,0.0,0.0,6.9e-05,0.0,False,📄 Single-Source,0,0,0,1,SocialMedia,0.0,2161
SOC-0321,@Anon_Arun317,SocialHandle,Author,0.0,0.0,0.0,6.9e-05,0.0,False,📄 Single-Source,0,0,0,1,SocialMedia,0.0,2162
SOC-0322,@Anon_Tamilarasan772,SocialHandle,Author,0.0,0.0,0.0,6.9e-05,0.0,False,📄 Single-Source,0,0,0,1,SocialMedia,0.0,2163
SOC-0323,@Temp_Jeeva599,SocialHandle,Author,0.0,0.0,0.0,6.9e-05,0.0,False,📄 Single-Source,0,0,0,1,SocialMedia,0.0,2164
SOC-0324,@Temp_Rajesh303,SocialHandle,Author,0.0,0.0,0.0,6.9e-05,0.0,False,📄 Single-Source,0,0,0,1,SocialMedia,0.0,2165
SOC-0325,@Shadow_Arun678,SocialHandle,Author,0.0,0.0,0.0,6.9e-05,0.0,False,📄 Single-Source,0,0,0,1,SocialMedia,0.0,2166
SOC-0326,@The_Dinesh198,SocialHandle,Author,0.0,0.0,0.0,6.9e-05,0.0,False,📄 Single-Source,0,0,0,1,SocialMedia,0.0,2167
SOC-0327,@Only_Arun851,SocialHandle,Author,0.0,0.0,0.0,6.9e-05,0.0,False,📄 Single-Source,0,0,0,2,SocialMedia,0.0,2168
SOC-0328,@The_Harish615,SocialHandle,Author,0.0,0.0,0.0,6.9e-05,0.0,False,📄 Single-Source,0,0,0,1,SocialMedia,0.0,2169
SOC-0330,@Official_Praveen91,SocialHandle,Author,0.0,0.0,0.0,6.9e-05,0.0,False,📄 Single-Source,0,0,0,1,SocialMedia,0.0,2170
SOC-0342,@Shadow_Nithin934,SocialHandle,Author,0.0,0.0,0.0,6.9e-05,0.0,False,📄 Single-Source,0,0,0,1,SocialMedia,0.0,2171
SOC-0331,@User_Chandran557,SocialHandle,Author,0.0,0.0,0.0,6.9e-05,0.0,False,📄 Single-Source,0,0,0,1,SocialMedia,0.0,2172
SOC-0332,@User_Hariharan282,SocialHandle,Author,0.0,0.0,0.0,6.9e-05,0.0,False,📄 Single-Source,0,0,0,1,SocialMedia,0.0,2173
SOC-0333,@Dark_Gokul799,SocialHandle,Author,0.0,0.0,0.0,6.9e-05,0.0,False,📄 Single-Source,0,0,0,1,SocialMedia,0.0,2174
SOC-0334,@Shadow_Mathan172,SocialHandle,Author,0.0,0.0,0.0,6.9e-05,0.0,False,📄 Single-Source,0,0,0,1,SocialMedia,0.0,2175
SOC-0335,@Only_Abirami19,SocialHandle,Author,0.0,0.0,0.0,6.9e-05,0.0,False,📄 Single-Source,0,0,0,1,SocialMedia,0.0,2176
SOC-0336,@User_Selvam71,SocialHandle,Author,0.0,0.0,0.0,6.9e-05,0.0,False,📄 Single-Source,0,0,0,1,SocialMedia,0.0,2177
SOC-0337,@Anon_Sathish760,SocialHandle,Author,0.0,0.0,0.0,6.9e-05,0.0,False,📄 Single-Source,0,0,0,1,SocialMedia,0.0,2178
SOC-0338,@User_Divya644,SocialHandle,Author,0.0,0.0,0.0,6.9e-05,0.0,False,📄 Single-Source,0,0,0,1,SocialMedia,0.0,2179
SOC-0339,@The_Mohan637,SocialHandle,Author,0.0,0.0,0.0,6.9e-05,0.0,False,📄 Single-Source,0,0,0,1,SocialMedia,0.0,2180
SOC-0340,@Shadow_Madhan823,SocialHandle,Author,0.0,0.0,0.0,6.9e-05,0.0,False,📄 Single-Source,0,0,0,1,SocialMedia,0.0,2181
SOC-0341,@Anon_Kannan729,SocialHandle,Author,0.0,0.0,0.0,6.9e-05,0.0,False,📄 Single-Source,0,0,0,1,SocialMedia,0.0,2182
SOC-0371,@The_Hemanth639,SocialHandle,Author,0.0,0.0,0.0,6.9e-05,0.0,False,📄 Single-Source,0,0,0,1,SocialMedia,0.0,2183
SOC-0373,@User_Abirami665,SocialHandle,Author,0.0,0.0,0.0,6.9e-05,0.0,False,📄 Single-Source,0,0,0,1,SocialMedia,0.0,2184
SOC-0428,@Official_Mohan495,SocialHandle,Author,0.0,0.0,0.0,6.9e-05,0.0,False,📄 Single-Source,0,0,0,1,SocialMedia,0.0,2185
SOC-0374,@Shadow_Kishore359,SocialHandle,Author,0.0,0.0,0.0,6.9e-05,0.0,False,📄 Single-Source,0,0,0,1,SocialMedia,0.0,2186
SOC-0403,@Official_Vasanthi165,SocialHandle,Author,0.0,0.0,0.0,6.9e-05,0.0,False,📄 Single-Source,0,0,0,1,SocialMedia,0.0,2187
SOC-0404,@Dark_Karthik987,SocialHandle,Author,0.0,0.0,0.0,6.9e-05,0.0,False,📄 Single-Source,0,0,0,1,SocialMedia,0.0,2188
SOC-0405,@User_Uma207,SocialHandle,Author,0.0,0.0,0.0,6.9e-05,0.0,False,📄 Single-Source,0,0,0,1,SocialMedia,0.0,2189
SOC-0406,@User_Venkat47,SocialHandle,Author,0.0,0.0,0.0,6.9e-05,0.0,False,📄 Single-Source,0,0,0,1,SocialMedia,0.0,2190
SOC-0531,@Temp_Mohan589,SocialHandle,Author,0.0,0.0,0.0,6.9e-05,0.0,False,📄 Single-Source,0,0,0,1,SocialMedia,0.0,2191
SOC-0408,@The_Sanjay339,SocialHandle,Author,0.0,0.0,0.0,6.9e-05,0.0,False,📄 Single-Source,0,0,0,1,SocialMedia,0.0,2192
SOC-0409,@User_Sanjay910,SocialHandle,Author,0.0,0.0,0.0,6.9e-05,0.0,False,📄 Single-Source,0,0,0,1,SocialMedia,0.0,2193
SOC-0410,@Shadow_Sathish438,SocialHandle,Author,0.0,0.0,0.0,6.9e-05,0.0,False,📄 Single-Source,0,0,0,1,SocialMedia,0.0,2194
SOC-0411,@Official_Sanjay64,SocialHandle,Author,0.0,0.0,0.0,6.9e-05,0.0,False,📄 Single-Source,0,0,0,1,SocialMedia,0.0,2195
SOC-0412,@Only_Nandha455,SocialHandle,Author,0.0,0.0,0.0,6.9e-05,0.0,False,📄 Single-Source,0,0,0,1,SocialMedia,0.0,2196
SOC-0413,@Only_Mohan238,SocialHandle,Author,0.0,0.0,0.0,6.9e-05,0.0,False,📄 Single-Source,0,0,0,5,SocialMedia,0.0,2197
SOC-0414,@Dark_Nithin158,SocialHandle,Author,0.0,0.0,0.0,6.9e-05,0.0,False,📄 Single-Source,0,0,0,1,SocialMedia,0.0,2198
SOC-0415,@Shadow_Babu140,SocialHandle,Author,0.0,0.0,0.0,6.9e-05,0.0,False,📄 Single-Source,0,0,0,1,SocialMedia,0.0,2199
SOC-0416,@Official_Praveen628,SocialHandle,Author,0.0,0.0,0.0,6.9e-05,0.0,False,📄 Single-Source,0,0,0,1,SocialMedia,0.0,2200
SOC-0417,@Only_Udhay615,SocialHandle,Author,0.0,0.0,0.0,6.9e-05,0.0,False,📄 Single-Source,0,0,0,1,SocialMedia,0.0,2201
SOC-0418,@Anon_Nandha839,SocialHandle,Author,0.0,0.0,0.0,6.9e-05,0.0,False,📄 Single-Source,0,0,0,1,SocialMedia,0.0,2202
SOC-0419,@Real_Naveen26,SocialHandle,Author,0.0,0.0,0.0,6.9e-05,0.0,False,📄 Single-Source,0,0,0,1,SocialMedia,0.0,2203
SOC-0420,@Temp_Hariharan565,SocialHandle,Author,0.0,0.0,0.0,6.9e-05,0.0,False,📄 Single-Source,0,0,0,1,SocialMedia,0.0,2204
SOC-0421,@Temp_Balaji902,SocialHandle,Author,0.0,0.0,0.0,6.9e-05,0.0,False,📄 Single-Source,0,0,0,1,SocialMedia,0.0,2205
SOC-0422,@Real_Saravanan202,SocialHandle,Author,0.0,0.0,0.0,6.9e-05,0.0,False,📄 Single-Source,0,0,0,1,SocialMedia,0.0,2206
SOC-0423,@Anon_Mathan765,SocialHandle,Author,0.0,0.0,0.0,6.9e-05,0.0,False,📄 Single-Source,0,0,0,1,SocialMedia,0.0,2207
SOC-0424,@Anon_Vasanth617,SocialHandle,Author,0.0,0.0,0.0,6.9e-05,0.0,False,📄 Single-Source,0,0,0,1,SocialMedia,0.0,2208
SOC-0425,@Xyz_Arun302,SocialHandle,Author,0.0,0.0,0.0,6.9e-05,0.0,False,📄 Single-Source,0,0,0,1,SocialMedia,0.0,2209
SOC-0426,@Official_Anand388,SocialHandle,Author,0.0,0.0,0.0,6.9e-05,0.0,False,📄 Single-Source,0,0,0,1,SocialMedia,0.0,2210
SOC-0427,@Official_Vignesh134,SocialHandle,Author,0.0,0.0,0.0,6.9e-05,0.0,False,📄 Single-Source,0,0,0,1,SocialMedia,0.0,2211
SOC-0402,@Official_Nithin115,SocialHandle,Author,0.0,0.0,0.0,6.9e-05,0.0,False,📄 Single-Source,0,0,0,1,SocialMedia,0.0,2212
SOC-0401,@Real_Divya722,SocialHandle,Author,0.0,0.0,0.0,6.9e-05,0.0,False,📄 Single-Source,0,0,0,1,SocialMedia,0.0,2213
SOC-0400,@Temp_Arun682,SocialHandle,Author,0.0,0.0,0.0,6.9e-05,0.0,False,📄 Single-Source,0,0,0,1,SocialMedia,0.0,2214
SOC-0386,@Anon_Kavitha482,SocialHandle,Author,0.0,0.0,0.0,6.9e-05,0.0,False,📄 Single-Source,0,0,0,1,SocialMedia,0.0,2215
SOC-0375,@The_Sanjay503,SocialHandle,Author,0.0,0.0,0.0,6.9e-05,0.0,False,📄 Single-Source,0,0,0,1,SocialMedia,0.0,2216
SOC-0376,@Dark_Selvam651,SocialHandle,Author,0.0,0.0,0.0,6.9e-05,0.0,False,📄 Single-Source,0,0,0,1,SocialMedia,0.0,2217
SOC-0377,@Only_Sanjay945,SocialHandle,Author,0.0,0.0,0.0,6.9e-05,0.0,False,📄 Single-Source,0,0,0,1,SocialMedia,0.0,2218
SOC-0378,@Official_Arjun804,SocialHandle,Author,0.0,0.0,0.0,6.9e-05,0.0,False,📄 Single-Source,0,0,0,1,SocialMedia,0.0,2219
SOC-0379,@Real_Karthik14,SocialHandle,Author,0.0,0.0,0.0,6.9e-05,0.0,False,📄 Single-Source,0,0,0,1,SocialMedia,0.0,2220
SOC-0380,@User_Mathan601,SocialHandle,Author,0.0,0.0,0.0,6.9e-05,0.0,False,📄 Single-Source,0,0,0,1,SocialMedia,0.0,2221
SOC-0381,@Real_Anand289,SocialHandle,Author,0.0,0.0,0.0,6.9e-05,0.0,False,📄 Single-Source,0,0,0,1,SocialMedia,0.0,2222
SOC-0382,@The_Hariharan975,SocialHandle,Author,0.0,0.0,0.0,6.9e-05,0.0,False,📄 Single-Source,0,0,0,1,SocialMedia,0.0,2223
SOC-0383,@User_Ganesh492,SocialHandle,Author,0.0,0.0,0.0,6.9e-05,0.0,False,📄 Single-Source,0,0,0,1,SocialMedia,0.0,2224
SOC-0384,@Temp_Mathan374,SocialHandle,Author,0.0,0.0,0.0,6.9e-05,0.0,False,📄 Single-Source,0,0,0,1,SocialMedia,0.0,2225
SOC-0385,@Real_Murugan476,SocialHandle,Author,0.0,0.0,0.0,6.9e-05,0.0,False,📄 Single-Source,0,0,0,1,SocialMedia,0.0,2226
SOC-0387,@Official_Pandian555,SocialHandle,Author,0.0,0.0,0.0,6.9e-05,0.0,False,📄 Single-Source,0,0,0,1,SocialMedia,0.0,2227
SOC-0399,@Temp_Naveen798,SocialHandle,Author,0.0,0.0,0.0,6.9e-05,0.0,False,📄 Single-Source,0,0,0,1,SocialMedia,0.0,2228
SOC-0388,@Real_Sathish616,SocialHandle,Author,0.0,0.0,0.0,6.9e-05,0.0,False,📄 Single-Source,0,0,0,1,SocialMedia,0.0,2229
SOC-0389,@Anon_Chandran554,SocialHandle,Author,0.0,0.0,0.0,6.9e-05,0.0,False,📄 Single-Source,0,0,0,1,SocialMedia,0.0,2230
SOC-0390,@Shadow_Siva101,SocialHandle,Author,0.0,0.0,0.0,6.9e-05,0.0,False,📄 Single-Source,0,0,0,1,SocialMedia,0.0,2231
SOC-0391,@Xyz_Karthik850,SocialHandle,Author,0.0,0.0,0.0,6.9e-05,0.0,False,📄 Single-Source,0,0,0,1,SocialMedia,0.0,2232
SOC-0392,@Dark_Chithra455,SocialHandle,Author,0.0,0.0,0.0,6.9e-05,0.0,False,📄 Single-Source,0,0,0,1,SocialMedia,0.0,2233
SOC-0393,@Shadow_Lokesh241,SocialHandle,Author,0.0,0.0,0.0,6.9e-05,0.0,False,📄 Single-Source,0,0,0,1,SocialMedia,0.0,2234
SOC-0394,@User_Madhan591,SocialHandle,Author,0.0,0.0,0.0,6.9e-05,0.0,False,📄 Single-Source,0,0,0,1,SocialMedia,0.0,2235
SOC-0395,@Temp_Karthik100,SocialHandle,Author,0.0,0.0,0.0,6.9e-05,0.0,False,📄 Single-Source,0,0,0,1,SocialMedia,0.0,2236
SOC-0396,@Anon_Gopal474,SocialHandle,Author,0.0,0.0,0.0,6.9e-05,0.0,False,📄 Single-Source,0,0,0,1,SocialMedia,0.0,2237
SOC-0397,@Dark_Dinesh253,SocialHandle,Author,0.0,0.0,0.0,6.9e-05,0.0,False,📄 Single-Source,0,0,0,1,SocialMedia,0.0,2238
SOC-0398,@Temp_Vignesh950,SocialHandle,Author,0.0,0.0,0.0,6.9e-05,0.0,False,📄 Single-Source,0,0,0,1,SocialMedia,0.0,2239
SOC-0530,@Dark_Nithin362,SocialHandle,Author,0.0,0.0,0.0,6.9e-05,0.0,False,📄 Single-Source,0,0,0,1,SocialMedia,0.0,2240
SOC-0594,@Real_Kishore757,SocialHandle,Author,0.0,0.0,0.0,6.9e-05,0.0,False,📄 Single-Source,0,0,0,1,SocialMedia,0.0,2241
SOC-0532,@Shadow_Revathi877,SocialHandle,Author,0.0,0.0,0.0,6.9e-05,0.0,False,📄 Single-Source,0,0,0,1,SocialMedia,0.0,2242
SOC-0709,@Shadow_Mohan285,SocialHandle,Author,0.0,0.0,0.0,6.9e-05,0.0,False,📄 Single-Source,0,0,0,1,SocialMedia,0.0,2243
SOC-0707,@Official_Selvam839,SocialHandle,Author,0.0,0.0,0.0,6.9e-05,0.0,False,📄 Single-Source,0,0,0,1,SocialMedia,0.0,2244
SOC-0706,@Real_Yuvaraj71,SocialHandle,Author,0.0,0.0,0.0,6.9e-05,0.0,False,📄 Single-Source,0,0,0,1,SocialMedia,0.0,2245
SOC-0705,@User_Thirumal250,SocialHandle,Author,0.0,0.0,0.0,6.9e-05,0.0,False,📄 Single-Source,0,0,0,1,SocialMedia,0.0,2246
SOC-0704,@Official_Sathish90,SocialHandle,Author,0.0,0.0,0.0,6.9e-05,0.0,False,📄 Single-Source,0,0,0,1,SocialMedia,0.0,2247
SOC-0703,@Real_Sanjay88,SocialHandle,Author,0.0,0.0,0.0,6.9e-05,0.0,False,📄 Single-Source,0,0,0,1,SocialMedia,0.0,2248
SOC-0702,@Only_Venkat104,SocialHandle,Author,0.0,0.0,0.0,6.9e-05,0.0,False,📄 Single-Source,0,0,0,1,SocialMedia,0.0,2249
SOC-0701,@Dark_Vignesh572,SocialHandle,Author,0.0,0.0,0.0,6.9e-05,0.0,False,📄 Single-Source,0,0,0,1,SocialMedia,0.0,2250
SOC-0700,@Xyz_Jeeva632,SocialHandle,Author,0.0,0.0,0.0,6.9e-05,0.0,False,📄 Single-Source,0,0,0,1,SocialMedia,0.0,2251
SOC-0699,@Shadow_Sanjay82,SocialHandle,Author,0.0,0.0,0.0,6.9e-05,0.0,False,📄 Single-Source,0,0,0,1,SocialMedia,0.0,2252
SOC-0698,@Xyz_Arun724,SocialHandle,Author,0.0,0.0,0.0,6.9e-05,0.0,False,📄 Single-Source,0,0,0,1,SocialMedia,0.0,2253
SOC-0697,@Dark_Revathi730,SocialHandle,Author,0.0,0.0,0.0,6.9e-05,0.0,False,📄 Single-Source,0,0,0,1,SocialMedia,0.0,2254
SOC-0696,@Temp_Kannan931,SocialHandle,Author,0.0,0.0,0.0,6.9e-05,0.0,False,📄 Single-Source,0,0,0,1,SocialMedia,0.0,2255
SOC-0695,@Real_Sanjay358,SocialHandle,Author,0.0,0.0,0.0,6.9e-05,0.0,False,📄 Single-Source,0,0,0,1,SocialMedia,0.0,2256
SOC-0694,@Only_Nithya98,SocialHandle,Author,0.0,0.0,0.0,6.9e-05,0.0,False,📄 Single-Source,0,0,0,1,SocialMedia,0.0,2257
SOC-0693,@Only_Vignesh117,SocialHandle,Author,0.0,0.0,0.0,6.9e-05,0.0,False,📄 Single-Source,0,0,0,1,SocialMedia,0.0,2258
SOC-0692,@Temp_Kavitha642,SocialHandle,Author,0.0,0.0,0.0,6.9e-05,0.0,False,📄 Single-Source,0,0,0,1,SocialMedia,0.0,2259
SOC-0691,@Anon_Gokul395,SocialHandle,Author,0.0,0.0,0.0,6.9e-05,0.0,False,📄 Single-Source,0,0,0,1,SocialMedia,0.0,2260
SOC-0690,@Dark_Arjun535,SocialHandle,Author,0.0,0.0,0.0,6.9e-05,0.0,False,📄 Single-Source,0,0,0,1,SocialMedia,0.0,2261
SOC-0689,@The_Hemanth489,SocialHandle,Author,0.0,0.0,0.0,6.9e-05,0.0,False,📄 Single-Source,0,0,0,1,SocialMedia,0.0,2262
SOC-0688,@User_Hariharan300,SocialHandle,Author,0.0,0.0,0.0,6.9e-05,0.0,False,📄 Single-Source,0,0,0,1,SocialMedia,0.0,2263
SOC-0687,@Real_Arun317,SocialHandle,Author,0.0,0.0,0.0,6.9e-05,0.0,False,📄 Single-Source,0,0,0,1,SocialMedia,0.0,2264
SOC-0686,@Real_Yogesh768,SocialHandle,Author,0.0,0.0,0.0,6.9e-05,0.0,False,📄 Single-Source,0,0,0,1,SocialMedia,0.0,2265
SOC-0685,@Xyz_Ajith481,SocialHandle,Author,0.0,0.0,0.0,6.9e-05,0.0,False,📄 Single-Source,0,0,0,1,SocialMedia,0.0,2266
SOC-0708,@Xyz_Prakash484,SocialHandle,Author,0.0,0.0,0.0,6.9e-05,0.0,False,📄 Single-Source,0,0,0,1,SocialMedia,0.0,2267
SOC-0710,@Anon_Vignesh483,SocialHandle,Author,0.0,0.0,0.0,6.9e-05,0.0,False,📄 Single-Source,0,0,0,1,SocialMedia,0.0,2268
SOC-0683,@Anon_Kannan372,SocialHandle,Author,0.0,0.0,0.0,6.9e-05,0.0,False,📄 Single-Source,0,0,0,1,SocialMedia,0.0,2269
SOC-0711,@Temp_Mohan574,SocialHandle,Author,0.0,0.0,0.0,6.9e-05,0.0,False,📄 Single-Source,0,0,0,1,SocialMedia,0.0,2270
SOC-0733,@User_Abirami454,SocialHandle,Author,0.0,0.0,0.0,6.9e-05,0.0,False,📄 Single-Source,0,0,0,1,SocialMedia,0.0,2271
SOC-0732,@Only_Praveen281,SocialHandle,Author,0.0,0.0,0.0,6.9e-05,0.0,False,📄 Single-Source,0,0,0,1,SocialMedia,0.0,2272
SOC-0731,@Shadow_Karthik204,SocialHandle,Author,0.0,0.0,0.0,6.9e-05,0.0,False,📄 Single-Source,0,0,0,1,SocialMedia,0.0,2273
SOC-0730,@The_Vasanth529,SocialHandle,Author,0.0,0.0,0.0,6.9e-05,0.0,False,📄 Single-Source,0,0,0,1,SocialMedia,0.0,2274
SOC-0729,@Anon_Jeeva920,SocialHandle,Author,0.0,0.0,0.0,6.9e-05,0.0,False,📄 Single-Source,0,0,0,1,SocialMedia,0.0,2275
SOC-0728,@Shadow_Babu218,SocialHandle,Author,0.0,0.0,0.0,6.9e-05,0.0,False,📄 Single-Source,0,0,0,1,SocialMedia,0.0,2276
SOC-0727,@The_Murugan108,SocialHandle,Author,0.0,0.0,0.0,6.9e-05,0.0,False,📄 Single-Source,0,0,0,1,SocialMedia,0.0,2277
SOC-0726,@Official_Sathish179,SocialHandle,Author,0.0,0.0,0.0,6.9e-05,0.0,False,📄 Single-Source,0,0,0,1,SocialMedia,0.0,2278
SOC-0725,@The_Vignesh52,SocialHandle,Author,0.0,0.0,0.0,6.9e-05,0.0,False,📄 Single-Source,0,0,0,1,SocialMedia,0.0,2279
SOC-0724,@Real_Murugan247,SocialHandle,Author,0.0,0.0,0.0,6.9e-05,0.0,False,📄 Single-Source,0,0,0,1,SocialMedia,0.0,2280
SOC-0723,@Real_Jeeva165,SocialHandle,Author,0.0,0.0,0.0,6.9e-05,0.0,False,📄 Single-Source,0,0,0,1,SocialMedia,0.0,2281
SOC-0722,@Real_Naveen766,SocialHandle,Author,0.0,0.0,0.0,6.9e-05,0.0,False,📄 Single-Source,0,0,0,1,SocialMedia,0.0,2282
SOC-0721,@Shadow_Ganesh140,SocialHandle,Author,0.0,0.0,0.0,6.9e-05,0.0,False,📄 Single-Source,0,0,0,1,SocialMedia,0.0,2283
SOC-0720,@Anon_Mohan770,SocialHandle,Author,0.0,0.0,0.0,6.9e-05,0.0,False,📄 Single-Source,0,0,0,1,SocialMedia,0.0,2284
SOC-0719,@Xyz_Dharani260,SocialHandle,Author,0.0,0.0,0.0,6.9e-05,0.0,False,📄 Single-Source,0,0,0,1,SocialMedia,0.0,2285
SOC-0718,@Shadow_Siva91,SocialHandle,Author,0.0,0.0,0.0,6.9e-05,0.0,False,📄 Single-Source,0,0,0,1,SocialMedia,0.0,2286
SOC-0717,@Dark_Jagan561,SocialHandle,Author,0.0,0.0,0.0,6.9e-05,0.0,False,📄 Single-Source,0,0,0,1,SocialMedia,0.0,2287
SOC-0716,@Only_Sathish397,SocialHandle,Author,0.0,0.0,0.0,6.9e-05,0.0,False,📄 Single-Source,0,0,0,1,SocialMedia,0.0,2288
SOC-0715,@User_Thirumal344,SocialHandle,Author,0.0,0.0,0.0,6.9e-05,0.0,False,📄 Single-Source,0,0,0,1,SocialMedia,0.0,2289
SOC-0714,@Xyz_Anand464,SocialHandle,Author,0.0,0.0,0.0,6.9e-05,0.0,False,📄 Single-Source,0,0,0,1,SocialMedia,0.0,2290
SOC-0713,@User_Eswari984,SocialHandle,Author,0.0,0.0,0.0,6.9e-05,0.0,False,📄 Single-Source,0,0,0,1,SocialMedia,0.0,2291
SOC-0316,@User_Harish878,SocialHandle,Author,0.0,0.0,0.0,6.9e-05,0.0,False,📄 Single-Source,0,0,0,1,SocialMedia,0.0,2292
SOC-0712,@Temp_Hariharan681,SocialHandle,Author,0.0,0.0,0.0,6.9e-05,0.0,False,📄 Single-Source,0,0,0,1,SocialMedia,0.0,2293
SOC-0684,@Only_Sathish604,SocialHandle,Author,0.0,0.0,0.0,6.9e-05,0.0,False,📄 Single-Source,0,0,0,1,SocialMedia,0.0,2294
SOC-0682,@Temp_Rakesh152,SocialHandle,Author,0.0,0.0,0.0,6.9e-05,0.0,False,📄 Single-Source,0,0,0,1,SocialMedia,0.0,2295
SOC-0533,@Shadow_Madhan968,SocialHandle,Author,0.0,0.0,0.0,6.9e-05,0.0,False,📄 Single-Source,0,0,0,1,SocialMedia,0.0,2296
SOC-0655,@The_Babu474,SocialHandle,Author,0.0,0.0,0.0,6.9e-05,0.0,False,📄 Single-Source,0,0,0,1,SocialMedia,0.0,2297
SOC-0653,@Anon_Jeeva983,SocialHandle,Author,0.0,0.0,0.0,6.9e-05,0.0,False,📄 Single-Source,0,0,0,1,SocialMedia,0.0,2298
SOC-0652,@Real_Sanjay658,SocialHandle,Author,0.0,0.0,0.0,6.9e-05,0.0,False,📄 Single-Source,0,0,0,1,SocialMedia,0.0,2299
SOC-0651,@Official_Siva728,SocialHandle,Author,0.0,0.0,0.0,6.9e-05,0.0,False,📄 Single-Source,0,0,0,1,SocialMedia,0.0,2300
SOC-0650,@Real_Prakash726,SocialHandle,Author,0.0,0.0,0.0,6.9e-05,0.0,False,📄 Single-Source,0,0,0,1,SocialMedia,0.0,2301
SOC-0649,@The_Sanjay625,SocialHandle,Author,0.0,0.0,0.0,6.9e-05,0.0,False,📄 Single-Source,0,0,0,1,SocialMedia,0.0,2302
SOC-0648,@Dark_Kishore279,SocialHandle,Author,0.0,0.0,0.0,6.9e-05,0.0,False,📄 Single-Source,0,0,0,1,SocialMedia,0.0,2303
SOC-0647,@Real_Jeeva750,SocialHandle,Author,0.0,0.0,0.0,6.9e-05,0.0,False,📄 Single-Source,0,0,0,1,SocialMedia,0.0,2304
SOC-0646,@The_Yuvaraj213,SocialHandle,Author,0.0,0.0,0.0,6.9e-05,0.0,False,📄 Single-Source,0,0,0,1,SocialMedia,0.0,2305
SOC-0645,@Anon_Yuvaraj902,SocialHandle,Author,0.0,0.0,0.0,6.9e-05,0.0,False,📄 Single-Source,0,0,0,1,SocialMedia,0.0,2306
SOC-0644,@Only_Hariharan337,SocialHandle,Author,0.0,0.0,0.0,6.9e-05,0.0,False,📄 Single-Source,0,0,0,1,SocialMedia,0.0,2307
SOC-0643,@Shadow_Elango628,SocialHandle,Author,0.0,0.0,0.0,6.9e-05,0.0,False,📄 Single-Source,0,0,0,1,SocialMedia,0.0,2308
SOC-0642,@Anon_Kavitha489,SocialHandle,Author,0.0,0.0,0.0,6.9e-05,0.0,False,📄 Single-Source,0,0,0,1,SocialMedia,0.0,2309
SOC-0641,@Xyz_Jagan18,SocialHandle,Author,0.0,0.0,0.0,6.9e-05,0.0,False,📄 Single-Source,0,0,0,1,SocialMedia,0.0,2310
SOC-0640,@Temp_Bharathi984,SocialHandle,Author,0.0,0.0,0.0,6.9e-05,0.0,False,📄 Single-Source,0,0,0,1,SocialMedia,0.0,2311
SOC-0639,@The_Nithin972,SocialHandle,Author,0.0,0.0,0.0,6.9e-05,0.0,False,📄 Single-Source,0,0,0,1,SocialMedia,0.0,2312
SOC-0638,@Official_Kumaran175,SocialHandle,Author,0.0,0.0,0.0,6.9e-05,0.0,False,📄 Single-Source,0,0,0,1,SocialMedia,0.0,2313
SOC-0637,@Temp_Hariharan652,SocialHandle,Author,0.0,0.0,0.0,6.9e-05,0.0,False,📄 Single-Source,0,0,0,1,SocialMedia,0.0,2314
SOC-0636,@Anon_Hariharan814,SocialHandle,Author,0.0,0.0,0.0,6.9e-05,0.0,False,📄 Single-Source,0,0,0,1,SocialMedia,0.0,2315
SOC-0635,@Real_Kishore985,SocialHandle,Author,0.0,0.0,0.0,6.9e-05,0.0,False,📄 Single-Source,0,0,0,1,SocialMedia,0.0,2316
SOC-0634,@Real_Prakash524,SocialHandle,Author,0.0,0.0,0.0,6.9e-05,0.0,False,📄 Single-Source,0,0,0,1,SocialMedia,0.0,2317
SOC-0633,@Anon_Anand498,SocialHandle,Author,0.0,0.0,0.0,6.9e-05,0.0,False,📄 Single-Source,0,0,0,1,SocialMedia,0.0,2318
SOC-0632,@The_Ganesh288,SocialHandle,Author,0.0,0.0,0.0,6.9e-05,0.0,False,📄 Single-Source,0,0,0,1,SocialMedia,0.0,2319
SOC-0631,@Anon_Selvam810,SocialHandle,Author,0.0,0.0,0.0,6.9e-05,0.0,False,📄 Single-Source,0,0,0,1,SocialMedia,0.0,2320
SOC-0654,@The_Janani457,SocialHandle,Author,0.0,0.0,0.0,6.9e-05,0.0,False,📄 Single-Source,0,0,0,1,SocialMedia,0.0,2321
SOC-0656,@Official_Gunasekar685,SocialHandle,Author,0.0,0.0,0.0,6.9e-05,0.0,False,📄 Single-Source,0,0,0,1,SocialMedia,0.0,2322
SOC-0681,@Only_Hemanth841,SocialHandle,Author,0.0,0.0,0.0,6.9e-05,0.0,False,📄 Single-Source,0,0,0,1,SocialMedia,0.0,2323
SOC-0657,@Real_Dinesh508,SocialHandle,Author,0.0,0.0,0.0,6.9e-05,0.0,False,📄 Single-Source,0,0,0,1,SocialMedia,0.0,2324
SOC-0680,@Xyz_Prakash168,SocialHandle,Author,0.0,0.0,0.0,6.9e-05,0.0,False,📄 Single-Source,0,0,0,1,SocialMedia,0.0,2325
SOC-0679,@Official_Arun508,SocialHandle,Author,0.0,0.0,0.0,6.9e-05,0.0,False,📄 Single-Source,0,0,0,1,SocialMedia,0.0,2326
SOC-0678,@Official_Sathish122,SocialHandle,Author,0.0,0.0,0.0,6.9e-05,0.0,False,📄 Single-Source,0,0,0,1,SocialMedia,0.0,2327
SOC-0677,@Shadow_Kavitha410,SocialHandle,Author,0.0,0.0,0.0,6.9e-05,0.0,False,📄 Single-Source,0,0,0,1,SocialMedia,0.0,2328
SOC-0676,@Only_Gokul952,SocialHandle,Author,0.0,0.0,0.0,6.9e-05,0.0,False,📄 Single-Source,0,0,0,1,SocialMedia,0.0,2329
SOC-0675,@Official_Hemanth737,SocialHandle,Author,0.0,0.0,0.0,6.9e-05,0.0,False,📄 Single-Source,0,0,0,1,SocialMedia,0.0,2330
SOC-0674,@Official_Mohan833,SocialHandle,Author,0.0,0.0,0.0,6.9e-05,0.0,False,📄 Single-Source,0,0,0,1,SocialMedia,0.0,2331
SOC-0673,@Real_Gopal56,SocialHandle,Author,0.0,0.0,0.0,6.9e-05,0.0,False,📄 Single-Source,0,0,0,1,SocialMedia,0.0,2332
SOC-0672,@The_Naveen332,SocialHandle,Author,0.0,0.0,0.0,6.9e-05,0.0,False,📄 Single-Source,0,0,0,1,SocialMedia,0.0,2333
SOC-0671,@Only_Kumaran365,SocialHandle,Author,0.0,0.0,0.0,6.9e-05,0.0,False,📄 Single-Source,0,0,0,1,SocialMedia,0.0,2334
SOC-0670,@Real_Naveen554,SocialHandle,Author,0.0,0.0,0.0,6.9e-05,0.0,False,📄 Single-Source,0,0,0,1,SocialMedia,0.0,2335
SOC-0669,@Temp_Nithya515,SocialHandle,Author,0.0,0.0,0.0,6.9e-05,0.0,False,📄 Single-Source,0,0,0,1,SocialMedia,0.0,2336
SOC-0668,@Real_Karthik959,SocialHandle,Author,0.0,0.0,0.0,6.9e-05,0.0,False,📄 Single-Source,0,0,0,1,SocialMedia,0.0,2337
SOC-0667,@Temp_Venkat535,SocialHandle,Author,0.0,0.0,0.0,6.9e-05,0.0,False,📄 Single-Source,0,0,0,1,SocialMedia,0.0,2338
SOC-0666,@Xyz_Nithya889,SocialHandle,Author,0.0,0.0,0.0,6.9e-05,0.0,False,📄 Single-Source,0,0,0,1,SocialMedia,0.0,2339
SOC-0665,@Real_Rajesh86,SocialHandle,Author,0.0,0.0,0.0,6.9e-05,0.0,False,📄 Single-Source,0,0,0,1,SocialMedia,0.0,2340
SOC-0664,@Official_Udhay339,SocialHandle,Author,0.0,0.0,0.0,6.9e-05,0.0,False,📄 Single-Source,0,0,0,1,SocialMedia,0.0,2341
SOC-0663,@Shadow_Sanjay970,SocialHandle,Author,0.0,0.0,0.0,6.9e-05,0.0,False,📄 Single-Source,0,0,0,1,SocialMedia,0.0,2342
SOC-0662,@Only_Lokesh600,SocialHandle,Author,0.0,0.0,0.0,6.9e-05,0.0,False,📄 Single-Source,0,0,0,1,SocialMedia,0.0,2343
SOC-0661,@Anon_Mathan181,SocialHandle,Author,0.0,0.0,0.0,6.9e-05,0.0,False,📄 Single-Source,0,0,0,1,SocialMedia,0.0,2344
SOC-0660,@Dark_Mathan620,SocialHandle,Author,0.0,0.0,0.0,6.9e-05,0.0,False,📄 Single-Source,0,0,0,1,SocialMedia,0.0,2345
SOC-0659,@Shadow_Vijay735,SocialHandle,Author,0.0,0.0,0.0,6.9e-05,0.0,False,📄 Single-Source,0,0,0,1,SocialMedia,0.0,2346
SOC-0658,@The_Elango544,SocialHandle,Author,0.0,0.0,0.0,6.9e-05,0.0,False,📄 Single-Source,0,0,0,1,SocialMedia,0.0,2347
SOC-0734,@Shadow_Venkat505,SocialHandle,Author,0.0,0.0,0.0,6.9e-05,0.0,False,📄 Single-Source,0,0,0,1,SocialMedia,0.0,2348
SOC-0735,@Anon_Sanjay312,SocialHandle,Author,0.0,0.0,0.0,6.9e-05,0.0,False,📄 Single-Source,0,0,0,1,SocialMedia,0.0,2349
VEH-0015,Tn-01-Xx-1075,Vehicle,Car|SocialMention,0.0,0.0,0.0,6.9e-05,0.0,True,🔗 Cross-Verified,1,0,0,1,FIR|SocialMedia,0.0,2350
SOC-0559,@Dark_Nandha585,SocialHandle,Author,0.0,0.0,0.0,6.9e-05,0.0,False,📄 Single-Source,0,0,0,1,SocialMedia,0.0,2351
SOC-0561,@Shadow_Udhay723,SocialHandle,Author,0.0,0.0,0.0,6.9e-05,0.0,False,📄 Single-Source,0,0,0,1,SocialMedia,0.0,2352
SOC-0562,@Official_Hariharan629,SocialHandle,Author,0.0,0.0,0.0,6.9e-05,0.0,False,📄 Single-Source,0,0,0,1,SocialMedia,0.0,2353
SOC-0563,@Xyz_Kishore941,SocialHandle,Author,0.0,0.0,0.0,6.9e-05,0.0,False,📄 Single-Source,0,0,0,1,SocialMedia,0.0,2354
SOC-0564,@Real_Dinesh121,SocialHandle,Author,0.0,0.0,0.0,6.9e-05,0.0,False,📄 Single-Source,0,0,0,1,SocialMedia,0.0,2355
SOC-0565,@User_Udhay109,SocialHandle,Author,0.0,0.0,0.0,6.9e-05,0.0,False,📄 Single-Source,0,0,0,1,SocialMedia,0.0,2356
SOC-0566,@Official_Udhay933,SocialHandle,Author,0.0,0.0,0.0,6.9e-05,0.0,False,📄 Single-Source,0,0,0,1,SocialMedia,0.0,2357
SOC-0567,@Real_Mohan360,SocialHandle,Author,0.0,0.0,0.0,6.9e-05,0.0,False,📄 Single-Source,0,0,0,1,SocialMedia,0.0,2358
SOC-0568,@Real_Ezhilan226,SocialHandle,Author,0.0,0.0,0.0,6.9e-05,0.0,False,📄 Single-Source,0,0,0,1,SocialMedia,0.0,2359
SOC-0569,@Shadow_Saravanan332,SocialHandle,Author,0.0,0.0,0.0,6.9e-05,0.0,False,📄 Single-Source,0,0,0,1,SocialMedia,0.0,2360
SOC-0570,@The_Karthik36,SocialHandle,Author,0.0,0.0,0.0,6.9e-05,0.0,False,📄 Single-Source,0,0,0,1,SocialMedia,0.0,2361
SOC-0571,@User_Nithin663,SocialHandle,Author,0.0,0.0,0.0,6.9e-05,0.0,False,📄 Single-Source,0,0,0,1,SocialMedia,0.0,2362
SOC-0572,@Shadow_Kishore448,SocialHandle,Author,0.0,0.0,0.0,6.9e-05,0.0,False,📄 Single-Source,0,0,0,1,SocialMedia,0.0,2363
SOC-0573,@User_Vignesh140,SocialHandle,Author,0.0,0.0,0.0,6.9e-05,0.0,False,📄 Single-Source,0,0,0,1,SocialMedia,0.0,2364
SOC-0574,@Only_Naveen226,SocialHandle,Author,0.0,0.0,0.0,6.9e-05,0.0,False,📄 Single-Source,0,0,0,1,SocialMedia,0.0,2365
SOC-0575,@Official_Praveen691,SocialHandle,Author,0.0,0.0,0.0,6.9e-05,0.0,False,📄 Single-Source,0,0,0,1,SocialMedia,0.0,2366
SOC-0576,@Shadow_Mathan396,SocialHandle,Author,0.0,0.0,0.0,6.9e-05,0.0,False,📄 Single-Source,0,0,0,1,SocialMedia,0.0,2367
SOC-0577,@Official_Karthik73,SocialHandle,Author,0.0,0.0,0.0,6.9e-05,0.0,False,📄 Single-Source,0,0,0,1,SocialMedia,0.0,2368
SOC-0578,@Dark_Lokesh19,SocialHandle,Author,0.0,0.0,0.0,6.9e-05,0.0,False,📄 Single-Source,0,0,0,1,SocialMedia,0.0,2369
SOC-0579,@Anon_Murugan308,SocialHandle,Author,0.0,0.0,0.0,6.9e-05,0.0,False,📄 Single-Source,0,0,0,1,SocialMedia,0.0,2370
SOC-0580,@Official_Nandha844,SocialHandle,Author,0.0,0.0,0.0,6.9e-05,0.0,False,📄 Single-Source,0,0,0,1,SocialMedia,0.0,2371
SOC-0581,@Real_Nandha550,SocialHandle,Author,0.0,0.0,0.0,6.9e-05,0.0,False,📄 Single-Source,0,0,0,1,SocialMedia,0.0,2372
SOC-0582,@Official_Nithin478,SocialHandle,Author,0.0,0.0,0.0,6.9e-05,0.0,False,📄 Single-Source,0,0,0,1,SocialMedia,0.0,2373
SOC-0583,@Shadow_Gopal753,SocialHandle,Author,0.0,0.0,0.0,6.9e-05,0.0,False,📄 Single-Source,0,0,0,1,SocialMedia,0.0,2374
SOC-0560,@Anon_Vasanthi424,SocialHandle,Author,0.0,0.0,0.0,6.9e-05,0.0,False,📄 Single-Source,0,0,0,1,SocialMedia,0.0,2375
SOC-0558,@Real_Hariharan787,SocialHandle,Author,0.0,0.0,0.0,6.9e-05,0.0,False,📄 Single-Source,0,0,0,1,SocialMedia,0.0,2376
VEH-0027,Tn-28-Zz-1080,Vehicle,Auto|SocialMention,0.0,0.0,0.0,6.9e-05,0.0,True,🔗 Cross-Verified,1,0,0,3,FIR|SocialMedia,0.0,2377
SOC-0557,@Real_Dharani187,SocialHandle,Author,0.0,0.0,0.0,6.9e-05,0.0,False,📄 Single-Source,0,0,0,1,SocialMedia,0.0,2378
SOC-0534,@Official_Jagan818,SocialHandle,Author,0.0,0.0,0.0,6.9e-05,0.0,False,📄 Single-Source,0,0,0,1,SocialMedia,0.0,2379
SOC-0535,@Temp_Gopal76,SocialHandle,Author,0.0,0.0,0.0,6.9e-05,0.0,False,📄 Single-Source,0,0,0,1,SocialMedia,0.0,2380
SOC-0536,@Xyz_Vasanthi721,SocialHandle,Author,0.0,0.0,0.0,6.9e-05,0.0,False,📄 Single-Source,0,0,0,1,SocialMedia,0.0,2381
SOC-0537,@Shadow_Anand289,SocialHandle,Author,0.0,0.0,0.0,6.9e-05,0.0,False,📄 Single-Source,0,0,0,1,SocialMedia,0.0,2382
SOC-0538,@Official_Kishore958,SocialHandle,Author,0.0,0.0,0.0,6.9e-05,0.0,False,📄 Single-Source,0,0,0,1,SocialMedia,0.0,2383
SOC-0539,@Dark_Nithin798,SocialHandle,Author,0.0,0.0,0.0,6.9e-05,0.0,False,📄 Single-Source,0,0,0,1,SocialMedia,0.0,2384
SOC-0540,@Anon_Gopal839,SocialHandle,Author,0.0,0.0,0.0,6.9e-05,0.0,False,📄 Single-Source,0,0,0,1,SocialMedia,0.0,2385
SOC-0541,@The_Madhan167,SocialHandle,Author,0.0,0.0,0.0,6.9e-05,0.0,False,📄 Single-Source,0,0,0,1,SocialMedia,0.0,2386
SOC-0542,@Anon_Nithin121,SocialHandle,Author,0.0,0.0,0.0,6.9e-05,0.0,False,📄 Single-Source,0,0,0,1,SocialMedia,0.0,2387
SOC-0543,@Anon_Gokul68,SocialHandle,Author,0.0,0.0,0.0,6.9e-05,0.0,False,📄 Single-Source,0,0,0,1,SocialMedia,0.0,2388
SOC-0544,@Dark_Gokul988,SocialHandle,Author,0.0,0.0,0.0,6.9e-05,0.0,False,📄 Single-Source,0,0,0,1,SocialMedia,0.0,2389
SOC-0545,@Temp_Mathan217,SocialHandle,Author,0.0,0.0,0.0,6.9e-05,0.0,False,📄 Single-Source,0,0,0,1,SocialMedia,0.0,2390
SOC-0546,@Xyz_Gokul346,SocialHandle,Author,0.0,0.0,0.0,6.9e-05,0.0,False,📄 Single-Source,0,0,0,1,SocialMedia,0.0,2391
SOC-0547,@Dark_Yuvaraj637,SocialHandle,Author,0.0,0.0,0.0,6.9e-05,0.0,False,📄 Single-Source,0,0,0,1,SocialMedia,0.0,2392
SOC-0548,@Xyz_Dinesh134,SocialHandle,Author,0.0,0.0,0.0,6.9e-05,0.0,False,📄 Single-Source,0,0,0,1,SocialMedia,0.0,2393
SOC-0549,@The_Anand492,SocialHandle,Author,0.0,0.0,0.0,6.9e-05,0.0,False,📄 Single-Source,0,0,0,1,SocialMedia,0.0,2394
SOC-0550,@Real_Kumaran697,SocialHandle,Author,0.0,0.0,0.0,6.9e-05,0.0,False,📄 Single-Source,0,0,0,1,SocialMedia,0.0,2395
SOC-0551,@Shadow_Lokesh340,SocialHandle,Author,0.0,0.0,0.0,6.9e-05,0.0,False,📄 Single-Source,0,0,0,1,SocialMedia,0.0,2396
SOC-0552,@Temp_Murugan387,SocialHandle,Author,0.0,0.0,0.0,6.9e-05,0.0,False,📄 Single-Source,0,0,0,1,SocialMedia,0.0,2397
SOC-0553,@Dark_Mathan533,SocialHandle,Author,0.0,0.0,0.0,6.9e-05,0.0,False,📄 Single-Source,0,0,0,1,SocialMedia,0.0,2398
SOC-0554,@Only_Sanjay955,SocialHandle,Author,0.0,0.0,0.0,6.9e-05,0.0,False,📄 Single-Source,0,0,0,1,SocialMedia,0.0,2399
SOC-0555,@Official_Madhan778,SocialHandle,Author,0.0,0.0,0.0,6.9e-05,0.0,False,📄 Single-Source,0,0,0,1,SocialMedia,0.0,2400
SOC-0556,@Xyz_Rajesh339,SocialHandle,Author,0.0,0.0,0.0,6.9e-05,0.0,False,📄 Single-Source,0,0,0,1,SocialMedia,0.0,2401
SOC-0584,@The_Ajith977,SocialHandle,Author,0.0,0.0,0.0,6.9e-05,0.0,False,📄 Single-Source,0,0,0,1,SocialMedia,0.0,2402
SOC-0585,@Shadow_Nithin21,SocialHandle,Author,0.0,0.0,0.0,6.9e-05,0.0,False,📄 Single-Source,0,0,0,1,SocialMedia,0.0,2403
SOC-0586,@Temp_Tamilarasan195,SocialHandle,Author,0.0,0.0,0.0,6.9e-05,0.0,False,📄 Single-Source,0,0,0,1,SocialMedia,0.0,2404
SOC-0587,@Only_Sanjay998,SocialHandle,Author,0.0,0.0,0.0,6.9e-05,0.0,False,📄 Single-Source,0,0,0,1,SocialMedia,0.0,2405
SOC-0615,@Shadow_Thirumal68,SocialHandle,Author,0.0,0.0,0.0,6.9e-05,0.0,False,📄 Single-Source,0,0,0,1,SocialMedia,0.0,2406
SOC-0616,@Dark_Lokesh978,SocialHandle,Author,0.0,0.0,0.0,6.9e-05,0.0,False,📄 Single-Source,0,0,0,1,SocialMedia,0.0,2407
SOC-0617,@Temp_Nandha202,SocialHandle,Author,0.0,0.0,0.0,6.9e-05,0.0,False,📄 Single-Source,0,0,0,1,SocialMedia,0.0,2408
SOC-0618,@Dark_Gunasekar31,SocialHandle,Author,0.0,0.0,0.0,6.9e-05,0.0,False,📄 Single-Source,0,0,0,1,SocialMedia,0.0,2409
SOC-0619,@User_Gopal990,SocialHandle,Author,0.0,0.0,0.0,6.9e-05,0.0,False,📄 Single-Source,0,0,0,1,SocialMedia,0.0,2410
SOC-0620,@Official_Arun349,SocialHandle,Author,0.0,0.0,0.0,6.9e-05,0.0,False,📄 Single-Source,0,0,0,1,SocialMedia,0.0,2411
SOC-0621,@Xyz_Senthil917,SocialHandle,Author,0.0,0.0,0.0,6.9e-05,0.0,False,📄 Single-Source,0,0,0,1,SocialMedia,0.0,2412
SOC-0622,@Only_Prakash953,SocialHandle,Author,0.0,0.0,0.0,6.9e-05,0.0,False,📄 Single-Source,0,0,0,1,SocialMedia,0.0,2413
SOC-0623,@Shadow_Nandha88,SocialHandle,Author,0.0,0.0,0.0,6.9e-05,0.0,False,📄 Single-Source,0,0,0,1,SocialMedia,0.0,2414
SOC-0624,@Dark_Abirami163,SocialHandle,Author,0.0,0.0,0.0,6.9e-05,0.0,False,📄 Single-Source,0,0,0,1,SocialMedia,0.0,2415
SOC-0625,@User_Anand892,SocialHandle,Author,0.0,0.0,0.0,6.9e-05,0.0,False,📄 Single-Source,0,0,0,1,SocialMedia,0.0,2416
SOC-0626,@Temp_Madhan447,SocialHandle,Author,0.0,0.0,0.0,6.9e-05,0.0,False,📄 Single-Source,0,0,0,1,SocialMedia,0.0,2417
SOC-0627,@Dark_Suresh626,SocialHandle,Author,0.0,0.0,0.0,6.9e-05,0.0,False,📄 Single-Source,0,0,0,1,SocialMedia,0.0,2418
SOC-0628,@Xyz_Vignesh851,SocialHandle,Author,0.0,0.0,0.0,6.9e-05,0.0,False,📄 Single-Source,0,0,0,1,SocialMedia,0.0,2419
SOC-0629,@Dark_Mohan258,SocialHandle,Author,0.0,0.0,0.0,6.9e-05,0.0,False,📄 Single-Source,0,0,0,1,SocialMedia,0.0,2420
SOC-0630,@Temp_Lokesh85,SocialHandle,Author,0.0,0.0,0.0,6.9e-05,0.0,False,📄 Single-Source,0,0,0,1,SocialMedia,0.0,2421
VEH-0068,Tn-39-Yy-1049,Vehicle,Scooter|SocialMention,0.0,0.0,0.0,6.9e-05,0.0,True,🔗 Cross-Verified,2,0,0,2,FIR|SocialMedia,0.0,2422
VEH-0049,Tn-28-Zz-1092,Vehicle,Auto|SocialMention,0.0,0.0,0.0,6.9e-05,0.0,True,🔗 Cross-Verified,1,0,0,1,FIR|SocialMedia,0.0,2423
VEH-0048,Tn-68-Zz-1065,Vehicle,Scooter|SocialMention,0.0,0.0,0.0,6.9e-05,0.0,True,🔗 Cross-Verified,1,0,0,1,FIR|SocialMedia,0.0,2424
VEH-0044,Tn-33-Xx-1090,Vehicle,Motorcycle|SocialMention,0.0,0.0,0.0,6.9e-05,0.0,True,🔗 Cross-Verified,1,0,0,1,FIR|SocialMedia,0.0,2425
VEH-0042,Tn-69-Zz-1089,Vehicle,Van,0.0,0.0,0.0,6.9e-05,0.0,False,📄 Single-Source,1,0,0,0,FIR,0.0,2426
VEH-0031,Tn-30-Zz-1083,Vehicle,Motorcycle|SocialMention,0.0,0.0,0.0,6.9e-05,0.0,True,🔗 Cross-Verified,1,0,0,2,FIR|SocialMedia,0.0,2427
VEH-0028,Tn-58-Yy-1037,Vehicle,Car|SocialMention,0.0,0.0,0.0,6.9e-05,0.0,True,🔗 Cross-Verified,2,0,0,2,FIR|SocialMedia,0.0,2428
SOC-0614,@Xyz_Sanjay128,SocialHandle,Author,0.0,0.0,0.0,6.9e-05,0.0,False,📄 Single-Source,0,0,0,1,SocialMedia,0.0,2429
SOC-0613,@Xyz_Gopal476,SocialHandle,Author,0.0,0.0,0.0,6.9e-05,0.0,False,📄 Single-Source,0,0,0,1,SocialMedia,0.0,2430
SOC-0612,@Dark_Jeeva585,SocialHandle,Author,0.0,0.0,0.0,6.9e-05,0.0,False,📄 Single-Source,0,0,0,1,SocialMedia,0.0,2431
SOC-0599,@Xyz_Dinesh536,SocialHandle,Author,0.0,0.0,0.0,6.9e-05,0.0,False,📄 Single-Source,0,0,0,1,SocialMedia,0.0,2432
SOC-0588,@Xyz_Thirumal218,SocialHandle,Author,0.0,0.0,0.0,6.9e-05,0.0,False,📄 Single-Source,0,0,0,1,SocialMedia,0.0,2433
SOC-0589,@Dark_Arun398,SocialHandle,Author,0.0,0.0,0.0,6.9e-05,0.0,False,📄 Single-Source,0,0,0,1,SocialMedia,0.0,2434
SOC-0590,@Dark_Praveen984,SocialHandle,Author,0.0,0.0,0.0,6.9e-05,0.0,False,📄 Single-Source,0,0,0,1,SocialMedia,0.0,2435
SOC-0591,@Official_Mohan632,SocialHandle,Author,0.0,0.0,0.0,6.9e-05,0.0,False,📄 Single-Source,0,0,0,1,SocialMedia,0.0,2436
SOC-0592,@Anon_Chithra616,SocialHandle,Author,0.0,0.0,0.0,6.9e-05,0.0,False,📄 Single-Source,0,0,0,1,SocialMedia,0.0,2437
SOC-0593,@Official_Prakash292,SocialHandle,Author,0.0,0.0,0.0,6.9e-05,0.0,False,📄 Single-Source,0,0,0,1,SocialMedia,0.0,2438
SOC-0595,@Xyz_Ganesh964,SocialHandle,Author,0.0,0.0,0.0,6.9e-05,0.0,False,📄 Single-Source,0,0,0,1,SocialMedia,0.0,2439
SOC-0596,@Dark_Elango729,SocialHandle,Author,0.0,0.0,0.0,6.9e-05,0.0,False,📄 Single-Source,0,0,0,1,SocialMedia,0.0,2440
SOC-0597,@Only_Selvam861,SocialHandle,Author,0.0,0.0,0.0,6.9e-05,0.0,False,📄 Single-Source,0,0,0,1,SocialMedia,0.0,2441
SOC-0598,@Shadow_Vasanth315,SocialHandle,Author,0.0,0.0,0.0,6.9e-05,0.0,False,📄 Single-Source,0,0,0,1,SocialMedia,0.0,2442
SOC-0600,@Shadow_Yuvaraj448,SocialHandle,Author,0.0,0.0,0.0,6.9e-05,0.0,False,📄 Single-Source,0,0,0,1,SocialMedia,0.0,2443
SOC-0611,@Dark_Jeeva79,SocialHandle,Author,0.0,0.0,0.0,6.9e-05,0.0,False,📄 Single-Source,0,0,0,1,SocialMedia,0.0,2444
SOC-0601,@Shadow_Elango914,SocialHandle,Author,0.0,0.0,0.0,6.9e-05,0.0,False,📄 Single-Source,0,0,0,1,SocialMedia,0.0,2445
SOC-0602,@Only_Arun981,SocialHandle,Author,0.0,0.0,0.0,6.9e-05,0.0,False,📄 Single-Source,0,0,0,1,SocialMedia,0.0,2446
SOC-0603,@Xyz_Karthik753,SocialHandle,Author,0.0,0.0,0.0,6.9e-05,0.0,False,📄 Single-Source,0,0,0,1,SocialMedia,0.0,2447
SOC-0604,@Only_Hariharan642,SocialHandle,Author,0.0,0.0,0.0,6.9e-05,0.0,False,📄 Single-Source,0,0,0,1,SocialMedia,0.0,2448
SOC-0605,@Xyz_Senthil635,SocialHandle,Author,0.0,0.0,0.0,6.9e-05,0.0,False,📄 Single-Source,0,0,0,1,SocialMedia,0.0,2449
SOC-0606,@Only_Vignesh354,SocialHandle,Author,0.0,0.0,0.0,6.9e-05,0.0,False,📄 Single-Source,0,0,0,1,SocialMedia,0.0,2450
SOC-0607,@Only_Mathan337,SocialHandle,Author,0.0,0.0,0.0,6.9e-05,0.0,False,📄 Single-Source,0,0,0,1,SocialMedia,0.0,2451
SOC-0608,@Dark_Mohan199,SocialHandle,Author,0.0,0.0,0.0,6.9e-05,0.0,False,📄 Single-Source,0,0,0,1,SocialMedia,0.0,2452
SOC-0609,@Temp_Senthil551,SocialHandle,Author,0.0,0.0,0.0,6.9e-05,0.0,False,📄 Single-Source,0,0,0,1,SocialMedia,0.0,2453
SOC-0610,@Only_Ajith556,SocialHandle,Author,0.0,0.0,0.0,6.9e-05,0.0,False,📄 Single-Source,0,0,0,1,SocialMedia,0.0,2454
SOC-0317,@User_Dharani548,SocialHandle,Author,0.0,0.0,0.0,6.9e-05,0.0,False,📄 Single-Source,0,0,0,1,SocialMedia,0.0,2455
MOB-0097,9000000188,Mobile,Mentioned|TextMention,0.0,0.0,0.0,6.9e-05,0.0,True,🔗 Cross-Verified,10,0,0,2,FIR|SocialMedia,0.0,2456
SOC-0315,@The_Rakesh979,SocialHandle,Author,0.0,0.0,0.0,6.9e-05,0.0,False,📄 Single-Source,0,0,0,1,SocialMedia,0.0,2457
MOB-0008,9000000281,Mobile,Mentioned,0.0,0.0,0.0,6.9e-05,0.0,False,📄 Single-Source,4,0,0,0,FIR,0.0,2458
MOB-0021,9000000277,Mobile,Mentioned,0.0,0.0,0.0,6.9e-05,0.0,False,📄 Single-Source,1,0,0,0,FIR,0.0,2459
MOB-0020,9000000002,Mobile,Mentioned|TextMention,0.0,0.0,0.0,6.9e-05,0.0,True,🔗 Cross-Verified,4,0,0,4,FIR|SocialMedia,0.0,2460
MOB-0019,9000000177,Mobile,Mentioned|TextMention,0.0,0.0,0.0,6.9e-05,0.0,True,🔗 Cross-Verified,2,0,0,1,FIR|SocialMedia,0.0,2461
MOB-0018,9000000343,Mobile,Mentioned,0.0,0.0,0.0,6.9e-05,0.0,False,📄 Single-Source,4,0,0,0,FIR,0.0,2462
MOB-0017,9000000156,Mobile,Mentioned,0.0,0.0,0.0,6.9e-05,0.0,False,📄 Single-Source,4,0,0,0,FIR,0.0,2463
MOB-0016,9000000446,Mobile,Mentioned,0.0,0.0,0.0,6.9e-05,0.0,False,📄 Single-Source,7,0,0,0,FIR,0.0,2464
MOB-0015,9000000157,Mobile,Mentioned|TextMention,0.0,0.0,0.0,6.9e-05,0.0,True,🔗 Cross-Verified,2,0,0,3,FIR|SocialMedia,0.0,2465
MOB-0014,9000000044,Mobile,Mentioned|TextMention,0.0,0.0,0.0,6.9e-05,0.0,True,🔗 Cross-Verified,6,0,0,3,FIR|SocialMedia,0.0,2466
MOB-0013,9000000155,Mobile,Mentioned|TextMention,0.0,0.0,0.0,6.9e-05,0.0,True,🔗 Cross-Verified,18,0,0,2,FIR|SocialMedia,0.0,2467
MOB-0012,9000000427,Mobile,Mentioned|TextMention,0.0,0.0,0.0,6.9e-05,0.0,True,🔗 Cross-Verified,7,0,0,3,FIR|SocialMedia,0.0,2468
MOB-0011,9000000004,Mobile,Mentioned|TextMention,0.0,0.0,0.0,6.9e-05,0.0,True,🔗 Cross-Verified,10,0,0,3,FIR|SocialMedia,0.0,2469
MOB-0010,9000000295,Mobile,Mentioned|TextMention,0.0,0.0,0.0,6.9e-05,0.0,True,🔗 Cross-Verified,14,0,0,2,FIR|SocialMedia,0.0,2470
MOB-0009,9000000212,Mobile,Mentioned|TextMention,0.0,0.0,0.0,6.9e-05,0.0,True,🔗 Cross-Verified,16,0,0,2,FIR|SocialMedia,0.0,2471
MOB-0007,9000000120,Mobile,Mentioned,0.0,0.0,0.0,6.9e-05,0.0,False,📄 Single-Source,9,0,0,0,FIR,0.0,2472
SOC-0001,@Temp_Vignesh213,SocialHandle,Author,0.0,0.0,0.0,6.9e-05,0.0,False,📄 Single-Source,0,0,0,1,SocialMedia,0.0,2473
MOB-0006,9000000135,Mobile,Mentioned,0.0,0.0,0.0,6.9e-05,0.0,False,📄 Single-Source,2,0,0,0,FIR,0.0,2474
MOB-0005,9000000245,Mobile,Mentioned|TextMention,0.0,0.0,0.0,6.9e-05,0.0,True,🔗 Cross-Verified,10,0,0,2,FIR|SocialMedia,0.0,2475
MOB-0004,9000000097,Mobile,Mentioned|TextMention,0.0,0.0,0.0,6.9e-05,0.0,True,🔗 Cross-Verified,2,0,0,2,FIR|SocialMedia,0.0,2476
MOB-0003,9000000487,Mobile,Mentioned,0.0,0.0,0.0,6.9e-05,0.0,False,📄 Single-Source,9,0,0,0,FIR,0.0,2477
MOB-0002,9000000196,Mobile,Mentioned|TextMention,0.0,0.0,0.0,6.9e-05,0.0,True,🔗 Cross-Verified,5,0,0,1,FIR|SocialMedia,0.0,2478
MOB-0001,9000000068,Mobile,Mentioned,0.0,0.0,0.0,6.9e-05,0.0,False,📄 Single-Source,3,0,0,0,FIR,0.0,2479
CEL-0008,Tower-Vlr-001,CellTower,Location,0.0,0.0,0.0,6.9e-05,0.0,False,📄 Single-Source,0,361,0,0,CDR,0.0,2480
CEL-0007,Tower-Chn-001,CellTower,Location,0.0,0.0,0.0,6.9e-05,0.0,False,📄 Single-Source,0,389,0,0,CDR,0.0,2481
CEL-0006,Tower-Erd-001,CellTower,Location,0.0,0.0,0.0,6.9e-05,0.0,False,📄 Single-Source,0,354,0,0,CDR,0.0,2482
CEL-0005,Tower-Try-001,CellTower,Location,0.0,0.0,0.0,6.9e-05,0.0,False,📄 Single-Source,0,386,0,0,CDR,0.0,2483
CEL-0004,Tower-Tup-001,CellTower,Location,0.0,0.0,0.0,6.9e-05,0.0,False,📄 Single-Source,0,382,0,0,CDR,0.0,2484
CEL-0003,Tower-Mdu-001,CellTower,Location,0.0,0.0,0.0,6.9e-05,0.0,False,📄 Single-Source,0,381,0,0,CDR,0.0,2485
CEL-0002,Tower-Cbe-001,CellTower,Location,0.0,0.0,0.0,6.9e-05,0.0,False,📄 Single-Source,0,385,0,0,CDR,0.0,2486
MOB-0022,9000000463,Mobile,Mentioned|TextMention,0.0,0.0,0.0,6.9e-05,0.0,True,🔗 Cross-Verified,6,0,0,3,FIR|SocialMedia,0.0,2487
MOB-0023,9000000379,Mobile,Mentioned|TextMention,0.0,0.0,0.0,6.9e-05,0.0,True,🔗 Cross-Verified,13,0,0,2,FIR|SocialMedia,0.0,2488
MOB-0024,9000000158,Mobile,Mentioned,0.0,0.0,0.0,6.9e-05,0.0,False,📄 Single-Source,4,0,0,0,FIR,0.0,2489
MOB-0025,9000000366,Mobile,Mentioned|TextMention,0.0,0.0,0.0,6.9e-05,0.0,True,🔗 Cross-Verified,1,0,0,2,FIR|SocialMedia,0.0,2490
MOB-0052,9000000241,Mobile,Mentioned,0.0,0.0,0.0,6.9e-05,0.0,False,📄 Single-Source,1,0,0,0,FIR,0.0,2491
MOB-0051,9000000382,Mobile,Mentioned|TextMention,0.0,0.0,0.0,6.9e-05,0.0,True,🔗 Cross-Verified,15,0,0,1,FIR|SocialMedia,0.0,2492
MOB-0050,9000000105,Mobile,Mentioned,0.0,0.0,0.0,6.9e-05,0.0,False,📄 Single-Source,13,0,0,0,FIR,0.0,2493
MOB-0049,9000000221,Mobile,Mentioned|TextMention,0.0,0.0,0.0,6.9e-05,0.0,True,🔗 Cross-Verified,5,0,0,1,FIR|SocialMedia,0.0,2494
MOB-0048,9000000088,Mobile,Mentioned|TextMention,0.0,0.0,0.0,6.9e-05,0.0,True,🔗 Cross-Verified,4,0,0,2,FIR|SocialMedia,0.0,2495
MOB-0047,9000000195,Mobile,Mentioned|TextMention,0.0,0.0,0.0,6.9e-05,0.0,True,🔗 Cross-Verified,3,0,0,1,FIR|SocialMedia,0.0,2496
MOB-0046,9000000216,Mobile,Mentioned,0.0,0.0,0.0,6.9e-05,0.0,False,📄 Single-Source,15,0,0,0,FIR,0.0,2497
MOB-0045,9000000113,Mobile,Mentioned|TextMention,0.0,0.0,0.0,6.9e-05,0.0,True,🔗 Cross-Verified,8,0,0,1,FIR|SocialMedia,0.0,2498
MOB-0044,9000000234,Mobile,Mentioned|TextMention,0.0,0.0,0.0,6.9e-05,0.0,True,🔗 Cross-Verified,2,0,0,3,FIR|SocialMedia,0.0,2499
MOB-0043,9000000154,Mobile,Mentioned|TextMention,0.0,0.0,0.0,6.9e-05,0.0,True,🔗 Cross-Verified,8,0,0,2,FIR|SocialMedia,0.0,2500
MOB-0042,9000000328,Mobile,Mentioned,0.0,0.0,0.0,6.9e-05,0.0,False,📄 Single-Source,1,0,0,0,FIR,0.0,2501
MOB-0041,9000000491,Mobile,Mentioned|TextMention,0.0,0.0,0.0,6.9e-05,0.0,True,🔗 Cross-Verified,5,0,0,4,FIR|SocialMedia,0.0,2502
MOB-0040,9000000304,Mobile,Mentioned|TextMention,0.0,0.0,0.0,6.9e-05,0.0,True,🔗 Cross-Verified,3,0,0,5,FIR|SocialMedia,0.0,2503
MOB-0039,9000000165,Mobile,Mentioned|TextMention,0.0,0.0,0.0,6.9e-05,0.0,True,🔗 Cross-Verified,2,0,0,1,FIR|SocialMedia,0.0,2504
MOB-0038,9000000198,Mobile,Mentioned|TextMention,0.0,0.0,0.0,6.9e-05,0.0,True,🔗 Cross-Verified,12,0,0,2,FIR|SocialMedia,0.0,2505
MOB-0037,9000000181,Mobile,Mentioned,0.0,0.0,0.0,6.9e-05,0.0,False,📄 Single-Source,4,0,0,0,FIR,0.0,2506
MOB-0036,9000000267,Mobile,Mentioned,0.0,0.0,0.0,6.9e-05,0.0,False,📄 Single-Source,6,0,0,0,FIR,0.0,2507
MOB-0035,9000000490,Mobile,Mentioned|TextMention,0.0,0.0,0.0,6.9e-05,0.0,True,🔗 Cross-Verified,6,0,0,3,FIR|SocialMedia,0.0,2508
MOB-0034,9000000285,Mobile,Mentioned,0.0,0.0,0.0,6.9e-05,0.0,False,📄 Single-Source,4,0,0,0,FIR,0.0,2509
MOB-0033,9000000363,Mobile,Mentioned|TextMention,0.0,0.0,0.0,6.9e-05,0.0,True,🔗 Cross-Verified,14,0,0,2,FIR|SocialMedia,0.0,2510
MOB-0032,9000000111,Mobile,Mentioned,0.0,0.0,0.0,6.9e-05,0.0,False,📄 Single-Source,2,0,0,0,FIR,0.0,2511
MOB-0031,9000000164,Mobile,Mentioned|TextMention,0.0,0.0,0.0,6.9e-05,0.0,True,🔗 Cross-Verified,2,0,0,4,FIR|SocialMedia,0.0,2512
MOB-0030,9000000464,Mobile,Mentioned|TextMention,0.0,0.0,0.0,6.9e-05,0.0,True,🔗 Cross-Verified,2,0,0,3,FIR|SocialMedia,0.0,2513
MOB-0029,9000000187,Mobile,Mentioned|TextMention,0.0,0.0,0.0,6.9e-05,0.0,True,🔗 Cross-Verified,14,0,0,3,FIR|SocialMedia,0.0,2514
MOB-0028,9000000357,Mobile,Mentioned,0.0,0.0,0.0,6.9e-05,0.0,False,📄 Single-Source,2,0,0,0,FIR,0.0,2515
MOB-0027,9000000410,Mobile,Mentioned,0.0,0.0,0.0,6.9e-05,0.0,False,📄 Single-Source,6,0,0,0,FIR,0.0,2516
MOB-0026,9000000207,Mobile,Mentioned|TextMention,0.0,0.0,0.0,6.9e-05,0.0,True,🔗 Cross-Verified,16,0,0,1,FIR|SocialMedia,0.0,2517
CEL-0001,Tower-Slm-001,CellTower,Location,0.0,0.0,0.0,6.9e-05,0.0,False,📄 Single-Source,0,362,0,0,CDR,0.0,2518
SOC-0002,@Only_Logesh69,SocialHandle,Author,0.0,0.0,0.0,6.9e-05,0.0,False,📄 Single-Source,0,0,0,1,SocialMedia,0.0,2519
SOC-0064,@User_Yuvaraj57,SocialHandle,Author,0.0,0.0,0.0,6.9e-05,0.0,False,📄 Single-Source,0,0,0,1,SocialMedia,0.0,2520
SOC-0048,@Official_Gopal43,SocialHandle,Author,0.0,0.0,0.0,6.9e-05,0.0,False,📄 Single-Source,0,0,0,1,SocialMedia,0.0,2521
SOC-0035,@Anon_Murugan660,SocialHandle,Author,0.0,0.0,0.0,6.9e-05,0.0,False,📄 Single-Source,0,0,0,7,SocialMedia,0.0,2522
SOC-0036,@The_Kishore997,SocialHandle,Author,0.0,0.0,0.0,6.9e-05,0.0,False,📄 Single-Source,0,0,0,1,SocialMedia,0.0,2523
SOC-0037,@Real_Jagan723,SocialHandle,Author,0.0,0.0,0.0,6.9e-05,0.0,False,📄 Single-Source,0,0,0,1,SocialMedia,0.0,2524
SOC-0038,@Real_Logesh166,SocialHandle,Author,0.0,0.0,0.0,6.9e-05,0.0,False,📄 Single-Source,0,0,0,7,SocialMedia,0.0,2525
SOC-0039,@Only_Arun681,SocialHandle,Author,0.0,0.0,0.0,6.9e-05,0.0,False,📄 Single-Source,0,0,0,7,SocialMedia,0.0,2526
SOC-0040,@Real_Jagan295,SocialHandle,Author,0.0,0.0,0.0,6.9e-05,0.0,False,📄 Single-Source,0,0,0,1,SocialMedia,0.0,2527
SOC-0041,@Xyz_Kumaran756,SocialHandle,Author,0.0,0.0,0.0,6.9e-05,0.0,False,📄 Single-Source,0,0,0,6,SocialMedia,0.0,2528
SOC-0042,@Xyz_Murugan267,SocialHandle,Author,0.0,0.0,0.0,6.9e-05,0.0,False,📄 Single-Source,0,0,0,10,SocialMedia,0.0,2529
SOC-0043,@Official_Sanjay323,SocialHandle,Author,0.0,0.0,0.0,6.9e-05,0.0,False,📄 Single-Source,0,0,0,1,SocialMedia,0.0,2530
SOC-0044,@Temp_Mohan788,SocialHandle,Author,0.0,0.0,0.0,6.9e-05,0.0,False,📄 Single-Source,0,0,0,1,SocialMedia,0.0,2531
SOC-0045,@Anon_Gopal461,SocialHandle,Author,0.0,0.0,0.0,6.9e-05,0.0,False,📄 Single-Source,0,0,0,1,SocialMedia,0.0,2532
SOC-0046,@The_Nithin162,SocialHandle,Author,0.0,0.0,0.0,6.9e-05,0.0,False,📄 Single-Source,0,0,0,1,SocialMedia,0.0,2533
SOC-0047,@Only_Mohan650,SocialHandle,Author,0.0,0.0,0.0,6.9e-05,0.0,False,📄 Single-Source,0,0,0,1,SocialMedia,0.0,2534
SOC-0049,@Dark_Jeeva127,SocialHandle,Author,0.0,0.0,0.0,6.9e-05,0.0,False,📄 Single-Source,0,0,0,1,SocialMedia,0.0,2535
SOC-0003,@The_Jagan281,SocialHandle,Author,0.0,0.0,0.0,6.9e-05,0.0,False,📄 Single-Source,0,0,0,1,SocialMedia,0.0,2536
SOC-0050,@Anon_Prakash137,SocialHandle,Author,0.0,0.0,0.0,6.9e-05,0.0,False,📄 Single-Source,0,0,0,1,SocialMedia,0.0,2537
SOC-0051,@Shadow_Vignesh628,SocialHandle,Author,0.0,0.0,0.0,6.9e-05,0.0,False,📄 Single-Source,0,0,0,1,SocialMedia,0.0,2538
SOC-0052,@Official_Nithin195,SocialHandle,Author,0.0,0.0,0.0,6.9e-05,0.0,False,📄 Single-Source,0,0,0,1,SocialMedia,0.0,2539
SOC-0053,@The_Senthil347,SocialHandle,Author,0.0,0.0,0.0,6.9e-05,0.0,False,📄 Single-Source,0,0,0,1,SocialMedia,0.0,2540
SOC-0054,@Xyz_Jeeva439,SocialHandle,Author,0.0,0.0,0.0,6.9e-05,0.0,False,📄 Single-Source,0,0,0,5,SocialMedia,0.0,2541
SOC-0055,@Anon_Anand788,SocialHandle,Author,0.0,0.0,0.0,6.9e-05,0.0,False,📄 Single-Source,0,0,0,1,SocialMedia,0.0,2542
SOC-0056,@Official_Sanjay574,SocialHandle,Author,0.0,0.0,0.0,6.9e-05,0.0,False,📄 Single-Source,0,0,0,1,SocialMedia,0.0,2543
SOC-0057,@Dark_Hariharan864,SocialHandle,Author,0.0,0.0,0.0,6.9e-05,0.0,False,📄 Single-Source,0,0,0,1,SocialMedia,0.0,2544
SOC-0058,@Real_Udhay292,SocialHandle,Author,0.0,0.0,0.0,6.9e-05,0.0,False,📄 Single-Source,0,0,0,1,SocialMedia,0.0,2545
SOC-0059,@The_Udhay467,SocialHandle,Author,0.0,0.0,0.0,6.9e-05,0.0,False,📄 Single-Source,0,0,0,1,SocialMedia,0.0,2546
SOC-0060,@Dark_Vignesh54,SocialHandle,Author,0.0,0.0,0.0,6.9e-05,0.0,False,📄 Single-Source,0,0,0,1,SocialMedia,0.0,2547
SOC-0061,@Real_Mohan905,SocialHandle,Author,0.0,0.0,0.0,6.9e-05,0.0,False,📄 Single-Source,0,0,0,1,SocialMedia,0.0,2548
SOC-0062,@Shadow_Karthik648,SocialHandle,Author,0.0,0.0,0.0,6.9e-05,0.0,False,📄 Single-Source,0,0,0,1,SocialMedia,0.0,2549
SOC-0034,@Anon_Abirami344,SocialHandle,Author,0.0,0.0,0.0,6.9e-05,0.0,False,📄 Single-Source,0,0,0,1,SocialMedia,0.0,2550
SOC-0033,@Dark_Hariharan507,SocialHandle,Author,0.0,0.0,0.0,6.9e-05,0.0,False,📄 Single-Source,0,0,0,1,SocialMedia,0.0,2551
SOC-0032,@Temp_Nandha399,SocialHandle,Author,0.0,0.0,0.0,6.9e-05,0.0,False,📄 Single-Source,0,0,0,1,SocialMedia,0.0,2552
SOC-0031,@Only_Hariharan75,SocialHandle,Author,0.0,0.0,0.0,6.9e-05,0.0,False,📄 Single-Source,0,0,0,1,SocialMedia,0.0,2553
SOC-0004,@Anon_Janani133,SocialHandle,Author,0.0,0.0,0.0,6.9e-05,0.0,False,📄 Single-Source,0,0,0,1,SocialMedia,0.0,2554
SOC-0005,@Anon_Jeeva103,SocialHandle,Author,0.0,0.0,0.0,6.9e-05,0.0,False,📄 Single-Source,0,0,0,9,SocialMedia,0.0,2555
SOC-0006,@Anon_Praveen613,SocialHandle,Author,0.0,0.0,0.0,6.9e-05,0.0,False,📄 Single-Source,0,0,0,9,SocialMedia,0.0,2556
SOC-0007,@Dark_Hemanth430,SocialHandle,Author,0.0,0.0,0.0,6.9e-05,0.0,False,📄 Single-Source,0,0,0,1,SocialMedia,0.0,2557
SOC-0008,@Dark_Anand915,SocialHandle,Author,0.0,0.0,0.0,6.9e-05,0.0,False,📄 Single-Source,0,0,0,10,SocialMedia,0.0,2558
SOC-0009,@The_Yogesh398,SocialHandle,Author,0.0,0.0,0.0,6.9e-05,0.0,False,📄 Single-Source,0,0,0,1,SocialMedia,0.0,2559
SOC-0010,@Real_Rajesh377,SocialHandle,Author,0.0,0.0,0.0,6.9e-05,0.0,False,📄 Single-Source,0,0,0,7,SocialMedia,0.0,2560
SOC-0011,@The_Nithya68,SocialHandle,Author,0.0,0.0,0.0,6.9e-05,0.0,False,📄 Single-Source,0,0,0,1,SocialMedia,0.0,2561
SOC-0012,@Temp_Hariharan418,SocialHandle,Author,0.0,0.0,0.0,6.9e-05,0.0,False,📄 Single-Source,0,0,0,6,SocialMedia,0.0,2562
SOC-0013,@Real_Rakesh633,SocialHandle,Author,0.0,0.0,0.0,6.9e-05,0.0,False,📄 Single-Source,0,0,0,7,SocialMedia,0.0,2563
SOC-0014,@Xyz_Pandian228,SocialHandle,Author,0.0,0.0,0.0,6.9e-05,0.0,False,📄 Single-Source,0,0,0,1,SocialMedia,0.0,2564
SOC-0015,@Temp_Sathish836,SocialHandle,Author,0.0,0.0,0.0,6.9e-05,0.0,False,📄 Single-Source,0,0,0,1,SocialMedia,0.0,2565
SOC-0016,@The_Mohan288,SocialHandle,Author,0.0,0.0,0.0,6.9e-05,0.0,False,📄 Single-Source,0,0,0,1,SocialMedia,0.0,2566
SOC-0017,@The_Jagan483,SocialHandle,Author,0.0,0.0,0.0,6.9e-05,0.0,False,📄 Single-Source,0,0,0,6,SocialMedia,0.0,2567
SOC-0018,@Real_Madhan977,SocialHandle,Author,0.0,0.0,0.0,6.9e-05,0.0,False,📄 Single-Source,0,0,0,1,SocialMedia,0.0,2568
SOC-0019,@Shadow_Ezhilan225,SocialHandle,Author,0.0,0.0,0.0,6.9e-05,0.0,False,📄 Single-Source,0,0,0,1,SocialMedia,0.0,2569
SOC-0020,@The_Babu764,SocialHandle,Author,0.0,0.0,0.0,6.9e-05,0.0,False,📄 Single-Source,0,0,0,1,SocialMedia,0.0,2570
SOC-0021,@Only_Praveen846,SocialHandle,Author,0.0,0.0,0.0,6.9e-05,0.0,False,📄 Single-Source,0,0,0,1,SocialMedia,0.0,2571
SOC-0022,@User_Ganesh40,SocialHandle,Author,0.0,0.0,0.0,6.9e-05,0.0,False,📄 Single-Source,0,0,0,5,SocialMedia,0.0,2572
SOC-0023,@The_Hemanth604,SocialHandle,Author,0.0,0.0,0.0,6.9e-05,0.0,False,📄 Single-Source,0,0,0,1,SocialMedia,0.0,2573
SOC-0024,@Dark_Kishore931,SocialHandle,Author,0.0,0.0,0.0,6.9e-05,0.0,False,📄 Single-Source,0,0,0,1,SocialMedia,0.0,2574
SOC-0025,@Temp_Mohan331,SocialHandle,Author,0.0,0.0,0.0,6.9e-05,0.0,False,📄 Single-Source,0,0,0,1,SocialMedia,0.0,2575
SOC-0026,@The_Mohan206,SocialHandle,Author,0.0,0.0,0.0,6.9e-05,0.0,False,📄 Single-Source,0,0,0,1,SocialMedia,0.0,2576
SOC-0027,@Real_Kumaran300,SocialHandle,Author,0.0,0.0,0.0,6.9e-05,0.0,False,📄 Single-Source,0,0,0,1,SocialMedia,0.0,2577
SOC-0028,@Anon_Naveen559,SocialHandle,Author,0.0,0.0,0.0,6.9e-05,0.0,False,📄 Single-Source,0,0,0,6,SocialMedia,0.0,2578
SOC-0029,@Anon_Lokesh419,SocialHandle,Author,0.0,0.0,0.0,6.9e-05,0.0,False,📄 Single-Source,0,0,0,1,SocialMedia,0.0,2579
SOC-0030,@Anon_Jagan928,SocialHandle,Author,0.0,0.0,0.0,6.9e-05,0.0,False,📄 Single-Source,0,0,0,1,SocialMedia,0.0,2580
MOB-0053,9000000125,Mobile,Mentioned|TextMention,0.0,0.0,0.0,6.9e-05,0.0,True,🔗 Cross-Verified,6,0,0,2,FIR|SocialMedia,0.0,2581
MOB-0054,9000000383,Mobile,Mentioned|TextMention,0.0,0.0,0.0,6.9e-05,0.0,True,🔗 Cross-Verified,1,0,0,3,FIR|SocialMedia,0.0,2582
MOB-0055,9000000407,Mobile,Mentioned|TextMention,0.0,0.0,0.0,6.9e-05,0.0,True,🔗 Cross-Verified,7,0,0,1,FIR|SocialMedia,0.0,2583
MOB-0143,9000000276,Mobile,Mentioned,0.0,0.0,0.0,6.9e-05,0.0,False,📄 Single-Source,1,0,0,0,FIR,0.0,2584
MOB-0130,9000000085,Mobile,Mentioned|TextMention,0.0,0.0,0.0,6.9e-05,0.0,True,🔗 Cross-Verified,1,0,0,1,FIR|SocialMedia,0.0,2585
MOB-0131,9000000233,Mobile,Mentioned|TextMention,0.0,0.0,0.0,6.9e-05,0.0,True,🔗 Cross-Verified,5,0,0,1,FIR|SocialMedia,0.0,2586
MOB-0132,9000000465,Mobile,Mentioned|TextMention,0.0,0.0,0.0,6.9e-05,0.0,True,🔗 Cross-Verified,2,0,0,2,FIR|SocialMedia,0.0,2587
MOB-0133,9000000376,Mobile,Mentioned|TextMention,0.0,0.0,0.0,6.9e-05,0.0,True,🔗 Cross-Verified,3,0,0,2,FIR|SocialMedia,0.0,2588
MOB-0134,9000000038,Mobile,Mentioned|TextMention,0.0,0.0,0.0,6.9e-05,0.0,True,🔗 Cross-Verified,3,0,0,2,FIR|SocialMedia,0.0,2589
MOB-0135,9000000415,Mobile,Mentioned|TextMention,0.0,0.0,0.0,6.9e-05,0.0,True,🔗 Cross-Verified,3,0,0,3,FIR|SocialMedia,0.0,2590
MOB-0136,9000000209,Mobile,Mentioned|TextMention,0.0,0.0,0.0,6.9e-05,0.0,True,🔗 Cross-Verified,2,0,0,2,FIR|SocialMedia,0.0,2591
MOB-0137,9000000084,Mobile,Mentioned|TextMention,0.0,0.0,0.0,6.9e-05,0.0,True,🔗 Cross-Verified,2,0,0,2,FIR|SocialMedia,0.0,2592
MOB-0138,9000000449,Mobile,Mentioned|TextMention,0.0,0.0,0.0,6.9e-05,0.0,True,🔗 Cross-Verified,1,0,0,2,FIR|SocialMedia,0.0,2593
MOB-0139,9000000030,Mobile,Mentioned|TextMention,0.0,0.0,0.0,6.9e-05,0.0,True,🔗 Cross-Verified,1,0,0,1,FIR|SocialMedia,0.0,2594
MOB-0140,9000000458,Mobile,Mentioned|TextMention,0.0,0.0,0.0,6.9e-05,0.0,True,🔗 Cross-Verified,3,0,0,2,FIR|SocialMedia,0.0,2595
MOB-0141,9000000320,Mobile,Mentioned,0.0,0.0,0.0,6.9e-05,0.0,False,📄 Single-Source,2,0,0,0,FIR,0.0,2596
MOB-0142,9000000145,Mobile,Mentioned|TextMention,0.0,0.0,0.0,6.9e-05,0.0,True,🔗 Cross-Verified,3,0,0,1,FIR|SocialMedia,0.0,2597
MOB-0144,9000000459,Mobile,Mentioned,0.0,0.0,0.0,6.9e-05,0.0,False,📄 Single-Source,1,0,0,0,FIR,0.0,2598
MOB-0056,9000000220,Mobile,Mentioned,0.0,0.0,0.0,6.9e-05,0.0,False,📄 Single-Source,3,0,0,0,FIR,0.0,2599
MOB-0145,9000000322,Mobile,Mentioned|TextMention,0.0,0.0,0.0,6.9e-05,0.0,True,🔗 Cross-Verified,1,0,0,2,FIR|SocialMedia,0.0,2600
MOB-0146,9000000095,Mobile,Mentioned|TextMention,0.0,0.0,0.0,6.9e-05,0.0,True,🔗 Cross-Verified,2,0,0,4,FIR|SocialMedia,0.0,2601
MOB-0147,9000000124,Mobile,Mentioned|TextMention,0.0,0.0,0.0,6.9e-05,0.0,True,🔗 Cross-Verified,4,0,0,3,FIR|SocialMedia,0.0,2602
MOB-0148,9000000271,Mobile,Mentioned|TextMention,0.0,0.0,0.0,6.9e-05,0.0,True,🔗 Cross-Verified,2,0,0,1,FIR|SocialMedia,0.0,2603
MOB-0149,9000000477,Mobile,Mentioned|TextMention,0.0,0.0,0.0,6.9e-05,0.0,True,🔗 Cross-Verified,4,0,0,3,FIR|SocialMedia,0.0,2604
MOB-0150,9000000047,Mobile,Mentioned|TextMention,0.0,0.0,0.0,6.9e-05,0.0,True,🔗 Cross-Verified,2,0,0,2,FIR|SocialMedia,0.0,2605
MOB-0151,9000000455,Mobile,Mentioned,0.0,0.0,0.0,6.9e-05,0.0,False,📄 Single-Source,1,0,0,0,FIR,0.0,2606
MOB-0152,9000000486,Mobile,Mentioned|TextMention,0.0,0.0,0.0,6.9e-05,0.0,True,🔗 Cross-Verified,6,0,0,1,FIR|SocialMedia,0.0,2607
MOB-0153,9000000298,Mobile,Mentioned|TextMention,0.0,0.0,0.0,6.9e-05,0.0,True,🔗 Cross-Verified,6,0,0,3,FIR|SocialMedia,0.0,2608
MOB-0154,9000000033,Mobile,Mentioned|TextMention,0.0,0.0,0.0,6.9e-05,0.0,True,🔗 Cross-Verified,2,0,0,2,FIR|SocialMedia,0.0,2609
MOB-0155,9000000013,Mobile,Mentioned|TextMention,0.0,0.0,0.0,6.9e-05,0.0,True,🔗 Cross-Verified,1,0,0,2,FIR|SocialMedia,0.0,2610
MOB-0156,9000000297,Mobile,Mentioned|TextMention,0.0,0.0,0.0,6.9e-05,0.0,True,🔗 Cross-Verified,8,0,0,1,FIR|SocialMedia,0.0,2611
MOB-0157,9000000262,Mobile,Mentioned|TextMention,0.0,0.0,0.0,6.9e-05,0.0,True,🔗 Cross-Verified,6,0,0,2,FIR|SocialMedia,0.0,2612
MOB-0129,9000000005,Mobile,Mentioned|TextMention,0.0,0.0,0.0,6.9e-05,0.0,True,🔗 Cross-Verified,2,0,0,4,FIR|SocialMedia,0.0,2613
MOB-0128,9000000380,Mobile,Mentioned|TextMention,0.0,0.0,0.0,6.9e-05,0.0,True,🔗 Cross-Verified,6,0,0,1,FIR|SocialMedia,0.0,2614
MOB-0127,9000000231,Mobile,Mentioned|TextMention,0.0,0.0,0.0,6.9e-05,0.0,True,🔗 Cross-Verified,3,0,0,2,FIR|SocialMedia,0.0,2615
MOB-0126,9000000439,Mobile,Mentioned|TextMention,0.0,0.0,0.0,6.9e-05,0.0,True,🔗 Cross-Verified,2,0,0,4,FIR|SocialMedia,0.0,2616
MOB-0099,9000000070,Mobile,Mentioned|TextMention,0.0,0.0,0.0,6.9e-05,0.0,True,🔗 Cross-Verified,5,0,0,2,FIR|SocialMedia,0.0,2617
MOB-0100,9000000147,Mobile,Mentioned|TextMention,0.0,0.0,0.0,6.9e-05,0.0,True,🔗 Cross-Verified,8,0,0,1,FIR|SocialMedia,0.0,2618
MOB-0101,9000000318,Mobile,Mentioned|TextMention,0.0,0.0,0.0,6.9e-05,0.0,True,🔗 Cross-Verified,6,0,0,1,FIR|SocialMedia,0.0,2619
MOB-0102,9000000017,Mobile,Mentioned|TextMention,0.0,0.0,0.0,6.9e-05,0.0,True,🔗 Cross-Verified,6,0,0,1,FIR|SocialMedia,0.0,2620
MOB-0103,9000000374,Mobile,Mentioned|TextMention,0.0,0.0,0.0,6.9e-05,0.0,True,🔗 Cross-Verified,4,0,0,2,FIR|SocialMedia,0.0,2621
MOB-0104,9000000042,Mobile,Mentioned|TextMention,0.0,0.0,0.0,6.9e-05,0.0,True,🔗 Cross-Verified,3,0,0,3,FIR|SocialMedia,0.0,2622
MOB-0105,9000000393,Mobile,Mentioned|TextMention,0.0,0.0,0.0,6.9e-05,0.0,True,🔗 Cross-Verified,3,0,0,2,FIR|SocialMedia,0.0,2623
MOB-0106,9000000250,Mobile,Mentioned,0.0,0.0,0.0,6.9e-05,0.0,False,📄 Single-Source,1,0,0,0,FIR,0.0,2624
MOB-0107,9000000354,Mobile,Mentioned,0.0,0.0,0.0,6.9e-05,0.0,False,📄 Single-Source,2,0,0,0,FIR,0.0,2625
MOB-0108,9000000247,Mobile,Mentioned|TextMention,0.0,0.0,0.0,6.9e-05,0.0,True,🔗 Cross-Verified,1,0,0,1,FIR|SocialMedia,0.0,2626
MOB-0109,9000000273,Mobile,Mentioned|TextMention,0.0,0.0,0.0,6.9e-05,0.0,True,🔗 Cross-Verified,3,0,0,1,FIR|SocialMedia,0.0,2627
MOB-0110,9000000384,Mobile,Mentioned|TextMention,0.0,0.0,0.0,6.9e-05,0.0,True,🔗 Cross-Verified,3,0,0,1,FIR|SocialMedia,0.0,2628
MOB-0111,9000000317,Mobile,Mentioned|TextMention,0.0,0.0,0.0,6.9e-05,0.0,True,🔗 Cross-Verified,6,0,0,1,FIR|SocialMedia,0.0,2629
MOB-0112,9000000353,Mobile,Mentioned|TextMention,0.0,0.0,0.0,6.9e-05,0.0,True,🔗 Cross-Verified,1,0,0,1,FIR|SocialMedia,0.0,2630
MOB-0113,9000000305,Mobile,Mentioned|TextMention,0.0,0.0,0.0,6.9e-05,0.0,True,🔗 Cross-Verified,2,0,0,2,FIR|SocialMedia,0.0,2631
MOB-0114,9000000180,Mobile,Mentioned|TextMention,0.0,0.0,0.0,6.9e-05,0.0,True,🔗 Cross-Verified,10,0,0,3,FIR|SocialMedia,0.0,2632
MOB-0115,9000000093,Mobile,Mentioned|TextMention,0.0,0.0,0.0,6.9e-05,0.0,True,🔗 Cross-Verified,6,0,0,3,FIR|SocialMedia,0.0,2633
MOB-0116,9000000146,Mobile,Mentioned|TextMention,0.0,0.0,0.0,6.9e-05,0.0,True,🔗 Cross-Verified,7,0,0,3,FIR|SocialMedia,0.0,2634
MOB-0096,9000000168,Mobile,Mentioned,0.0,0.0,0.0,6.9e-05,0.0,False,📄 Single-Source,2,0,0,0,FIR,0.0,2635
MOB-0118,9000000440,Mobile,Mentioned|TextMention,0.0,0.0,0.0,6.9e-05,0.0,True,🔗 Cross-Verified,5,0,0,1,FIR|SocialMedia,0.0,2636
MOB-0119,9000000071,Mobile,Mentioned|TextMention,0.0,0.0,0.0,6.9e-05,0.0,True,🔗 Cross-Verified,1,0,0,3,FIR|SocialMedia,0.0,2637
MOB-0120,9000000078,Mobile,Mentioned,0.0,0.0,0.0,6.9e-05,0.0,False,📄 Single-Source,1,0,0,0,FIR,0.0,2638
MOB-0121,9000000091,Mobile,Mentioned|TextMention,0.0,0.0,0.0,6.9e-05,0.0,True,🔗 Cross-Verified,12,0,0,1,FIR|SocialMedia,0.0,2639
MOB-0122,9000000045,Mobile,Mentioned|TextMention,0.0,0.0,0.0,6.9e-05,0.0,True,🔗 Cross-Verified,2,0,0,4,FIR|SocialMedia,0.0,2640
MOB-0123,9000000073,Mobile,Mentioned|TextMention,0.0,0.0,0.0,6.9e-05,0.0,True,🔗 Cross-Verified,3,0,0,1,FIR|SocialMedia,0.0,2641
MOB-0124,9000000189,Mobile,Mentioned|TextMention,0.0,0.0,0.0,6.9e-05,0.0,True,🔗 Cross-Verified,8,0,0,3,FIR|SocialMedia,0.0,2642
MOB-0125,9000000166,Mobile,Mentioned|TextMention,0.0,0.0,0.0,6.9e-05,0.0,True,🔗 Cross-Verified,1,0,0,2,FIR|SocialMedia,0.0,2643
MOB-0158,9000000350,Mobile,Mentioned,0.0,0.0,0.0,6.9e-05,0.0,False,📄 Single-Source,4,0,0,0,FIR,0.0,2644
MOB-0159,9000000215,Mobile,Mentioned|TextMention,0.0,0.0,0.0,6.9e-05,0.0,True,🔗 Cross-Verified,4,0,0,3,FIR|SocialMedia,0.0,2645
MOB-0160,9000000451,Mobile,Mentioned|TextMention,0.0,0.0,0.0,6.9e-05,0.0,True,🔗 Cross-Verified,1,0,0,2,FIR|SocialMedia,0.0,2646
MOB-0085,9000000454,Mobile,Mentioned|TextMention,0.0,0.0,0.0,6.9e-05,0.0,True,🔗 Cross-Verified,3,0,0,1,FIR|SocialMedia,0.0,2647
MOB-0083,9000000053,Mobile,Mentioned|TextMention,0.0,0.0,0.0,6.9e-05,0.0,True,🔗 Cross-Verified,3,0,0,1,FIR|SocialMedia,0.0,2648
MOB-0082,9000000333,Mobile,Mentioned|TextMention,0.0,0.0,0.0,6.9e-05,0.0,True,🔗 Cross-Verified,2,0,0,3,FIR|SocialMedia,0.0,2649
MOB-0081,9000000152,Mobile,Mentioned,0.0,0.0,0.0,6.9e-05,0.0,False,📄 Single-Source,1,0,0,0,FIR,0.0,2650
MOB-0080,9000000039,Mobile,Mentioned,0.0,0.0,0.0,6.9e-05,0.0,False,📄 Single-Source,1,0,0,0,FIR,0.0,2651
MOB-0079,9000000133,Mobile,Mentioned,0.0,0.0,0.0,6.9e-05,0.0,False,📄 Single-Source,1,0,0,0,FIR,0.0,2652
MOB-0078,9000000191,Mobile,Mentioned|TextMention,0.0,0.0,0.0,6.9e-05,0.0,True,🔗 Cross-Verified,2,0,0,1,FIR|SocialMedia,0.0,2653
MOB-0077,9000000351,Mobile,Mentioned|TextMention,0.0,0.0,0.0,6.9e-05,0.0,True,🔗 Cross-Verified,2,0,0,1,FIR|SocialMedia,0.0,2654
MOB-0076,9000000284,Mobile,Mentioned,0.0,0.0,0.0,6.9e-05,0.0,False,📄 Single-Source,6,0,0,0,FIR,0.0,2655
MOB-0075,9000000174,Mobile,Mentioned,0.0,0.0,0.0,6.9e-05,0.0,False,📄 Single-Source,1,0,0,0,FIR,0.0,2656
MOB-0074,9000000434,Mobile,Mentioned,0.0,0.0,0.0,6.9e-05,0.0,False,📄 Single-Source,4,0,0,0,FIR,0.0,2657
MOB-0073,9000000256,Mobile,Mentioned|TextMention,0.0,0.0,0.0,6.9e-05,0.0,True,🔗 Cross-Verified,14,0,0,3,FIR|SocialMedia,0.0,2658
MOB-0072,9000000461,Mobile,Mentioned|TextMention,0.0,0.0,0.0,6.9e-05,0.0,True,🔗 Cross-Verified,10,0,0,4,FIR|SocialMedia,0.0,2659
MOB-0071,9000000050,Mobile,Mentioned,0.0,0.0,0.0,6.9e-05,0.0,False,📄 Single-Source,7,0,0,0,FIR,0.0,2660
MOB-0070,9000000115,Mobile,Mentioned|TextMention,0.0,0.0,0.0,6.9e-05,0.0,True,🔗 Cross-Verified,2,0,0,2,FIR|SocialMedia,0.0,2661
MOB-0069,9000000339,Mobile,Mentioned|TextMention,0.0,0.0,0.0,6.9e-05,0.0,True,🔗 Cross-Verified,3,0,0,3,FIR|SocialMedia,0.0,2662
MOB-0068,9000000136,Mobile,Mentioned|TextMention,0.0,0.0,0.0,6.9e-05,0.0,True,🔗 Cross-Verified,6,0,0,2,FIR|SocialMedia,0.0,2663
MOB-0067,9000000469,Mobile,Mentioned,0.0,0.0,0.0,6.9e-05,0.0,False,📄 Single-Source,12,0,0,0,FIR,0.0,2664
MOB-0066,9000000076,Mobile,Mentioned|TextMention,0.0,0.0,0.0,6.9e-05,0.0,True,🔗 Cross-Verified,6,0,0,2,FIR|SocialMedia,0.0,2665
MOB-0065,9000000352,Mobile,Mentioned|TextMention,0.0,0.0,0.0,6.9e-05,0.0,True,🔗 Cross-Verified,16,0,0,3,FIR|SocialMedia,0.0,2666
MOB-0064,9000000064,Mobile,Mentioned|TextMention,0.0,0.0,0.0,6.9e-05,0.0,True,🔗 Cross-Verified,5,0,0,2,FIR|SocialMedia,0.0,2667
MOB-0063,9000000096,Mobile,Mentioned,0.0,0.0,0.0,6.9e-05,0.0,False,📄 Single-Source,8,0,0,0,FIR,0.0,2668
MOB-0062,9000000260,Mobile,Mentioned|TextMention,0.0,0.0,0.0,6.9e-05,0.0,True,🔗 Cross-Verified,6,0,0,1,FIR|SocialMedia,0.0,2669
MOB-0061,9000000289,Mobile,Mentioned|TextMention,0.0,0.0,0.0,6.9e-05,0.0,True,🔗 Cross-Verified,1,0,0,1,FIR|SocialMedia,0.0,2670
MOB-0060,9000000369,Mobile,Mentioned,0.0,0.0,0.0,6.9e-05,0.0,False,📄 Single-Source,7,0,0,0,FIR,0.0,2671
MOB-0059,9000000433,Mobile,Mentioned|TextMention,0.0,0.0,0.0,6.9e-05,0.0,True,🔗 Cross-Verified,5,0,0,3,FIR|SocialMedia,0.0,2672
MOB-0058,9000000225,Mobile,Mentioned|TextMention,0.0,0.0,0.0,6.9e-05,0.0,True,🔗 Cross-Verified,6,0,0,1,FIR|SocialMedia,0.0,2673
MOB-0057,9000000309,Mobile,Mentioned|TextMention,0.0,0.0,0.0,6.9e-05,0.0,True,🔗 Cross-Verified,5,0,0,1,FIR|SocialMedia,0.0,2674
MOB-0084,9000000377,Mobile,Mentioned|TextMention,0.0,0.0,0.0,6.9e-05,0.0,True,🔗 Cross-Verified,2,0,0,1,FIR|SocialMedia,0.0,2675
MOB-0086,9000000054,Mobile,Mentioned,0.0,0.0,0.0,6.9e-05,0.0,False,📄 Single-Source,5,0,0,0,FIR,0.0,2676
MOB-0162,9000000443,Mobile,Mentioned,0.0,0.0,0.0,6.9e-05,0.0,False,📄 Single-Source,1,0,0,0,FIR,0.0,2677
MOB-0087,9000000372,Mobile,Mentioned|TextMention,0.0,0.0,0.0,6.9e-05,0.0,True,🔗 Cross-Verified,9,0,0,2,FIR|SocialMedia,0.0,2678
MOB-0163,9000000306,Mobile,Mentioned|TextMention,0.0,0.0,0.0,6.9e-05,0.0,True,🔗 Cross-Verified,9,0,0,4,FIR|SocialMedia,0.0,2679
MOB-0164,9000000264,Mobile,Mentioned|TextMention,0.0,0.0,0.0,6.9e-05,0.0,True,🔗 Cross-Verified,2,0,0,1,FIR|SocialMedia,0.0,2680
MOB-0165,9000000129,Mobile,Mentioned|TextMention,0.0,0.0,0.0,6.9e-05,0.0,True,🔗 Cross-Verified,4,0,0,1,FIR|SocialMedia,0.0,2681
MOB-0166,9000000280,Mobile,Mentioned,0.0,0.0,0.0,6.9e-05,0.0,False,📄 Single-Source,5,0,0,0,FIR,0.0,2682
MOB-0167,9000000457,Mobile,Mentioned|TextMention,0.0,0.0,0.0,6.9e-05,0.0,True,🔗 Cross-Verified,3,0,0,2,FIR|SocialMedia,0.0,2683
MOB-0168,9000000375,Mobile,Mentioned|TextMention,0.0,0.0,0.0,6.9e-05,0.0,True,🔗 Cross-Verified,1,0,0,2,FIR|SocialMedia,0.0,2684
MOB-0169,9000000364,Mobile,Mentioned,0.0,0.0,0.0,6.9e-05,0.0,False,📄 Single-Source,1,0,0,0,FIR,0.0,2685
MOB-0170,9000000421,Mobile,Mentioned,0.0,0.0,0.0,6.9e-05,0.0,False,📄 Single-Source,1,0,0,0,FIR,0.0,2686
MOB-0171,9000000150,Mobile,Mentioned|TextMention,0.0,0.0,0.0,6.9e-05,0.0,True,🔗 Cross-Verified,1,0,0,3,FIR|SocialMedia,0.0,2687
MOB-0172,9000000109,Mobile,Mentioned,0.0,0.0,0.0,6.9e-05,0.0,False,📄 Single-Source,1,0,0,0,FIR,0.0,2688
MOB-0173,9000000332,Mobile,Mentioned|TextMention,0.0,0.0,0.0,6.9e-05,0.0,True,🔗 Cross-Verified,1,0,0,1,FIR|SocialMedia,0.0,2689
MOB-0174,9000000299.0,Mobile,Callee|Caller|TransactionMobile,0.0,0.0,0.0,6.9e-05,0.0,True,🔗 Cross-Verified,0,13,2,0,CDR|Financial,0.0,2690
MOB-0175,9000000249.0,Mobile,Callee|Caller|TransactionMobile,0.0,0.0,0.0,6.9e-05,0.0,True,🔗 Cross-Verified,0,13,2,0,CDR|Financial,0.0,2691
MOB-0176,9000000423.0,Mobile,Callee|Caller|TransactionMobile,0.0,0.0,0.0,6.9e-05,0.0,True,🔗 Cross-Verified,0,8,3,0,CDR|Financial,0.0,2692
MOB-0177,9000000142.0,Mobile,Callee|Caller|TransactionMobile,0.0,0.0,0.0,6.9e-05,0.0,True,🔗 Cross-Verified,0,10,4,0,CDR|Financial,0.0,2693
MOB-0178,9000000059.0,Mobile,Callee|Caller,0.0,0.0,0.0,6.9e-05,0.0,False,📄 Single-Source,0,12,0,0,CDR,0.0,2694
MOB-0179,9000000287.0,Mobile,Callee|Caller|TransactionMobile,0.0,0.0,0.0,6.9e-05,0.0,True,🔗 Cross-Verified,0,8,4,0,CDR|Financial,0.0,2695
MOB-0180,9000000494.0,Mobile,Callee|Caller|TransactionMobile,0.0,0.0,0.0,6.9e-05,0.0,True,🔗 Cross-Verified,0,3,4,0,CDR|Financial,0.0,2696
MOB-0181,9000000248.0,Mobile,Callee|Caller|TransactionMobile,0.0,0.0,0.0,6.9e-05,0.0,True,🔗 Cross-Verified,0,10,6,0,CDR|Financial,0.0,2697
MOB-0182,9000000283.0,Mobile,Callee|Caller|TransactionMobile,0.0,0.0,0.0,6.9e-05,0.0,True,🔗 Cross-Verified,0,11,6,0,CDR|Financial,0.0,2698
MOB-0183,9000000265.0,Mobile,Callee|Caller|TransactionMobile,0.0,0.0,0.0,6.9e-05,0.0,True,🔗 Cross-Verified,0,9,6,0,CDR|Financial,0.0,2699
MOB-0095,9000000405,Mobile,Mentioned|TextMention,0.0,0.0,0.0,6.9e-05,0.0,True,🔗 Cross-Verified,4,0,0,4,FIR|SocialMedia,0.0,2700
MOB-0094,9000000009,Mobile,Mentioned|TextMention,0.0,0.0,0.0,6.9e-05,0.0,True,🔗 Cross-Verified,2,0,0,3,FIR|SocialMedia,0.0,2701
MOB-0092,9000000403,Mobile,Mentioned|TextMention,0.0,0.0,0.0,6.9e-05,0.0,True,🔗 Cross-Verified,2,0,0,3,FIR|SocialMedia,0.0,2702
MOB-0091,9000000134,Mobile,Mentioned|TextMention,0.0,0.0,0.0,6.9e-05,0.0,True,🔗 Cross-Verified,11,0,0,2,FIR|SocialMedia,0.0,2703
MOB-0089,9000000141,Mobile,Mentioned|TextMention,0.0,0.0,0.0,6.9e-05,0.0,True,🔗 Cross-Verified,4,0,0,1,FIR|SocialMedia,0.0,2704
MOB-0088,9000000282,Mobile,Mentioned|TextMention,0.0,0.0,0.0,6.9e-05,0.0,True,🔗 Cross-Verified,5,0,0,3,FIR|SocialMedia,0.0,2705
SOC-0063,@Temp_Sanjay80,SocialHandle,Author,0.0,0.0,0.0,6.9e-05,0.0,False,📄 Single-Source,0,0,0,1,SocialMedia,0.0,2706
SOC-0065,@The_Abirami189,SocialHandle,Author,0.0,0.0,0.0,6.9e-05,0.0,False,📄 Single-Source,0,0,0,1,SocialMedia,0.0,2707
SOC-0314,@Real_Hemanth401,SocialHandle,Author,0.0,0.0,0.0,6.9e-05,0.0,False,📄 Single-Source,0,0,0,1,SocialMedia,0.0,2708
SOC-0236,@The_Udhay65,SocialHandle,Author,0.0,0.0,0.0,6.9e-05,0.0,False,📄 Single-Source,0,0,0,1,SocialMedia,0.0,2709
SOC-0223,@Official_Gokul402,SocialHandle,Author,0.0,0.0,0.0,6.9e-05,0.0,False,📄 Single-Source,0,0,0,1,SocialMedia,0.0,2710
SOC-0224,@Shadow_Sathish944,SocialHandle,Author,0.0,0.0,0.0,6.9e-05,0.0,False,📄 Single-Source,0,0,0,1,SocialMedia,0.0,2711
SOC-0225,@User_Murugan838,SocialHandle,Author,0.0,0.0,0.0,6.9e-05,0.0,False,📄 Single-Source,0,0,0,1,SocialMedia,0.0,2712
SOC-0226,@Shadow_Rakesh124,SocialHandle,Author,0.0,0.0,0.0,6.9e-05,0.0,False,📄 Single-Source,0,0,0,8,SocialMedia,0.0,2713
SOC-0227,@Temp_Kannan38,SocialHandle,Author,0.0,0.0,0.0,6.9e-05,0.0,False,📄 Single-Source,0,0,0,1,SocialMedia,0.0,2714
SOC-0228,@Shadow_Arjun993,SocialHandle,Author,0.0,0.0,0.0,6.9e-05,0.0,False,📄 Single-Source,0,0,0,1,SocialMedia,0.0,2715
SOC-0229,@Anon_Siva674,SocialHandle,Author,0.0,0.0,0.0,6.9e-05,0.0,False,📄 Single-Source,0,0,0,1,SocialMedia,0.0,2716
SOC-0230,@The_Thirumal191,SocialHandle,Author,0.0,0.0,0.0,6.9e-05,0.0,False,📄 Single-Source,0,0,0,1,SocialMedia,0.0,2717
SOC-0231,@Anon_Bharath21,SocialHandle,Author,0.0,0.0,0.0,6.9e-05,0.0,False,📄 Single-Source,0,0,0,1,SocialMedia,0.0,2718
SOC-0232,@The_Mathan915,SocialHandle,Author,0.0,0.0,0.0,6.9e-05,0.0,False,📄 Single-Source,0,0,0,1,SocialMedia,0.0,2719
SOC-0233,@Official_Madhan30,SocialHandle,Author,0.0,0.0,0.0,6.9e-05,0.0,False,📄 Single-Source,0,0,0,1,SocialMedia,0.0,2720
SOC-0234,@User_Suresh451,SocialHandle,Author,0.0,0.0,0.0,6.9e-05,0.0,False,📄 Single-Source,0,0,0,1,SocialMedia,0.0,2721
SOC-0235,@Xyz_Siva749,SocialHandle,Author,0.0,0.0,0.0,6.9e-05,0.0,False,📄 Single-Source,0,0,0,1,SocialMedia,0.0,2722
SOC-0237,@The_Vasanthi389,SocialHandle,Author,0.0,0.0,0.0,6.9e-05,0.0,False,📄 Single-Source,0,0,0,1,SocialMedia,0.0,2723
SOC-0252,@Shadow_Gunasekar480,SocialHandle,Author,0.0,0.0,0.0,6.9e-05,0.0,False,📄 Single-Source,0,0,0,1,SocialMedia,0.0,2724
SOC-0238,@The_Yogesh780,SocialHandle,Author,0.0,0.0,0.0,6.9e-05,0.0,False,📄 Single-Source,0,0,0,1,SocialMedia,0.0,2725
SOC-0239,@Only_Hemanth696,SocialHandle,Author,0.0,0.0,0.0,6.9e-05,0.0,False,📄 Single-Source,0,0,0,2,SocialMedia,0.0,2726
SOC-0240,@Xyz_Madhan594,SocialHandle,Author,0.0,0.0,0.0,6.9e-05,0.0,False,📄 Single-Source,0,0,0,1,SocialMedia,0.0,2727
SOC-0241,@The_Udhay53,SocialHandle,Author,0.0,0.0,0.0,6.9e-05,0.0,False,📄 Single-Source,0,0,0,1,SocialMedia,0.0,2728
SOC-0242,@Shadow_Mohan887,SocialHandle,Author,0.0,0.0,0.0,6.9e-05,0.0,False,📄 Single-Source,0,0,0,1,SocialMedia,0.0,2729
SOC-0243,@Official_Jagan774,SocialHandle,Author,0.0,0.0,0.0,6.9e-05,0.0,False,📄 Single-Source,0,0,0,4,SocialMedia,0.0,2730
SOC-0244,@User_Karthik415,SocialHandle,Author,0.0,0.0,0.0,6.9e-05,0.0,False,📄 Single-Source,0,0,0,1,SocialMedia,0.0,2731
SOC-0245,@Official_Sathish297,SocialHandle,Author,0.0,0.0,0.0,6.9e-05,0.0,False,📄 Single-Source,0,0,0,1,SocialMedia,0.0,2732
SOC-0246,@Only_Gokul462,SocialHandle,Author,0.0,0.0,0.0,6.9e-05,0.0,False,📄 Single-Source,0,0,0,1,SocialMedia,0.0,2733
SOC-0247,@Dark_Vignesh148,SocialHandle,Author,0.0,0.0,0.0,6.9e-05,0.0,False,📄 Single-Source,0,0,0,1,SocialMedia,0.0,2734
SOC-0248,@Real_Sanjay614,SocialHandle,Author,0.0,0.0,0.0,6.9e-05,0.0,False,📄 Single-Source,0,0,0,10,SocialMedia,0.0,2735
SOC-0249,@Shadow_Naveen510,SocialHandle,Author,0.0,0.0,0.0,6.9e-05,0.0,False,📄 Single-Source,0,0,0,1,SocialMedia,0.0,2736
SOC-0250,@Official_Vijay38,SocialHandle,Author,0.0,0.0,0.0,6.9e-05,0.0,False,📄 Single-Source,0,0,0,1,SocialMedia,0.0,2737
SOC-0222,@Official_Divya296,SocialHandle,Author,0.0,0.0,0.0,6.9e-05,0.0,False,📄 Single-Source,0,0,0,1,SocialMedia,0.0,2738
SOC-0221,@Temp_Dinesh610,SocialHandle,Author,0.0,0.0,0.0,6.9e-05,0.0,False,📄 Single-Source,0,0,0,1,SocialMedia,0.0,2739
SOC-0220,@Shadow_Praveen873,SocialHandle,Author,0.0,0.0,0.0,6.9e-05,0.0,False,📄 Single-Source,0,0,0,5,SocialMedia,0.0,2740
SOC-0219,@Dark_Kannan535,SocialHandle,Author,0.0,0.0,0.0,6.9e-05,0.0,False,📄 Single-Source,0,0,0,1,SocialMedia,0.0,2741
SOC-0192,@Temp_Mathan151,SocialHandle,Author,0.0,0.0,0.0,6.9e-05,0.0,False,📄 Single-Source,0,0,0,1,SocialMedia,0.0,2742
SOC-0193,@Anon_Siva435,SocialHandle,Author,0.0,0.0,0.0,6.9e-05,0.0,False,📄 Single-Source,0,0,0,1,SocialMedia,0.0,2743
SOC-0194,@Official_Gokul905,SocialHandle,Author,0.0,0.0,0.0,6.9e-05,0.0,False,📄 Single-Source,0,0,0,1,SocialMedia,0.0,2744
SOC-0195,@The_Hariharan640,SocialHandle,Author,0.0,0.0,0.0,6.9e-05,0.0,False,📄 Single-Source,0,0,0,1,SocialMedia,0.0,2745
SOC-0196,@User_Mohan706,SocialHandle,Author,0.0,0.0,0.0,6.9e-05,0.0,False,📄 Single-Source,0,0,0,4,SocialMedia,0.0,2746
SOC-0197,@The_Dharani265,SocialHandle,Author,0.0,0.0,0.0,6.9e-05,0.0,False,📄 Single-Source,0,0,0,1,SocialMedia,0.0,2747
SOC-0198,@Anon_Gunasekar87,SocialHandle,Author,0.0,0.0,0.0,6.9e-05,0.0,False,📄 Single-Source,0,0,0,1,SocialMedia,0.0,2748
SOC-0199,@Anon_Vijay660,SocialHandle,Author,0.0,0.0,0.0,6.9e-05,0.0,False,📄 Single-Source,0,0,0,1,SocialMedia,0.0,2749
SOC-0200,@The_Tamilarasan389,SocialHandle,Author,0.0,0.0,0.0,6.9e-05,0.0,False,📄 Single-Source,0,0,0,12,SocialMedia,0.0,2750
SOC-0201,@Real_Vijay11,SocialHandle,Author,0.0,0.0,0.0,6.9e-05,0.0,False,📄 Single-Source,0,0,0,1,SocialMedia,0.0,2751
SOC-0202,@The_Ganesh499,SocialHandle,Author,0.0,0.0,0.0,6.9e-05,0.0,False,📄 Single-Source,0,0,0,1,SocialMedia,0.0,2752
SOC-0203,@The_Udhay80,SocialHandle,Author,0.0,0.0,0.0,6.9e-05,0.0,False,📄 Single-Source,0,0,0,1,SocialMedia,0.0,2753
SOC-0204,@Only_Nithin98,SocialHandle,Author,0.0,0.0,0.0,6.9e-05,0.0,False,📄 Single-Source,0,0,0,1,SocialMedia,0.0,2754
SOC-0205,@Dark_Nithin312,SocialHandle,Author,0.0,0.0,0.0,6.9e-05,0.0,False,📄 Single-Source,0,0,0,1,SocialMedia,0.0,2755
SOC-0206,@Xyz_Pandian920,SocialHandle,Author,0.0,0.0,0.0,6.9e-05,0.0,False,📄 Single-Source,0,0,0,1,SocialMedia,0.0,2756
SOC-0207,@User_Pandian611,SocialHandle,Author,0.0,0.0,0.0,6.9e-05,0.0,False,📄 Single-Source,0,0,0,1,SocialMedia,0.0,2757
SOC-0208,@Dark_Ganesh94,SocialHandle,Author,0.0,0.0,0.0,6.9e-05,0.0,False,📄 Single-Source,0,0,0,1,SocialMedia,0.0,2758
SOC-0209,@Xyz_Hariharan344,SocialHandle,Author,0.0,0.0,0.0,6.9e-05,0.0,False,📄 Single-Source,0,0,0,1,SocialMedia,0.0,2759
SOC-0210,@Shadow_Elango836,SocialHandle,Author,0.0,0.0,0.0,6.9e-05,0.0,False,📄 Single-Source,0,0,0,1,SocialMedia,0.0,2760
SOC-0211,@Only_Uma772,SocialHandle,Author,0.0,0.0,0.0,6.9e-05,0.0,False,📄 Single-Source,0,0,0,10,SocialMedia,0.0,2761
SOC-0212,@Only_Gopal57,SocialHandle,Author,0.0,0.0,0.0,6.9e-05,0.0,False,📄 Single-Source,0,0,0,1,SocialMedia,0.0,2762
SOC-0213,@Real_Karthik908,SocialHandle,Author,0.0,0.0,0.0,6.9e-05,0.0,False,📄 Single-Source,0,0,0,1,SocialMedia,0.0,2763
SOC-0214,@Temp_Dinesh813,SocialHandle,Author,0.0,0.0,0.0,6.9e-05,0.0,False,📄 Single-Source,0,0,0,1,SocialMedia,0.0,2764
SOC-0215,@Anon_Vasanthi775,SocialHandle,Author,0.0,0.0,0.0,6.9e-05,0.0,False,📄 Single-Source,0,0,0,1,SocialMedia,0.0,2765
SOC-0216,@Official_Eswari91,SocialHandle,Author,0.0,0.0,0.0,6.9e-05,0.0,False,📄 Single-Source,0,0,0,6,SocialMedia,0.0,2766
SOC-0217,@Temp_Udhay121,SocialHandle,Author,0.0,0.0,0.0,6.9e-05,0.0,False,📄 Single-Source,0,0,0,1,SocialMedia,0.0,2767
SOC-0218,@Official_Ajith882,SocialHandle,Author,0.0,0.0,0.0,6.9e-05,0.0,False,📄 Single-Source,0,0,0,1,SocialMedia,0.0,2768
SOC-0251,@Anon_Gopal943,SocialHandle,Author,0.0,0.0,0.0,6.9e-05,0.0,False,📄 Single-Source,0,0,0,1,SocialMedia,0.0,2769
SOC-0253,@Official_Nandha710,SocialHandle,Author,0.0,0.0,0.0,6.9e-05,0.0,False,📄 Single-Source,0,0,0,1,SocialMedia,0.0,2770
SOC-0066,@Anon_Gopal932,SocialHandle,Author,0.0,0.0,0.0,6.9e-05,0.0,False,📄 Single-Source,0,0,0,1,SocialMedia,0.0,2771
SOC-0299,@Anon_Uma179,SocialHandle,Author,0.0,0.0,0.0,6.9e-05,0.0,False,📄 Single-Source,0,0,0,1,SocialMedia,0.0,2772
SOC-0286,@User_Nandha943,SocialHandle,Author,0.0,0.0,0.0,6.9e-05,0.0,False,📄 Single-Source,0,0,0,1,SocialMedia,0.0,2773
SOC-0287,@Real_Dinesh181,SocialHandle,Author,0.0,0.0,0.0,6.9e-05,0.0,False,📄 Single-Source,0,0,0,1,SocialMedia,0.0,2774
SOC-0288,@Xyz_Rajesh858,SocialHandle,Author,0.0,0.0,0.0,6.9e-05,0.0,False,📄 Single-Source,0,0,0,1,SocialMedia,0.0,2775
SOC-0289,@Shadow_Vignesh27,SocialHandle,Author,0.0,0.0,0.0,6.9e-05,0.0,False,📄 Single-Source,0,0,0,1,SocialMedia,0.0,2776
SOC-0290,@Dark_Udhay825,SocialHandle,Author,0.0,0.0,0.0,6.9e-05,0.0,False,📄 Single-Source,0,0,0,1,SocialMedia,0.0,2777
SOC-0291,@The_Bharathi174,SocialHandle,Author,0.0,0.0,0.0,6.9e-05,0.0,False,📄 Single-Source,0,0,0,1,SocialMedia,0.0,2778
SOC-0292,@Real_Jagan307,SocialHandle,Author,0.0,0.0,0.0,6.9e-05,0.0,False,📄 Single-Source,0,0,0,1,SocialMedia,0.0,2779
SOC-0293,@Dark_Arun182,SocialHandle,Author,0.0,0.0,0.0,6.9e-05,0.0,False,📄 Single-Source,0,0,0,1,SocialMedia,0.0,2780
SOC-0294,@Official_Kannan508,SocialHandle,Author,0.0,0.0,0.0,6.9e-05,0.0,False,📄 Single-Source,0,0,0,1,SocialMedia,0.0,2781
SOC-0295,@Real_Anand923,SocialHandle,Author,0.0,0.0,0.0,6.9e-05,0.0,False,📄 Single-Source,0,0,0,1,SocialMedia,0.0,2782
SOC-0296,@Anon_Harish679,SocialHandle,Author,0.0,0.0,0.0,6.9e-05,0.0,False,📄 Single-Source,0,0,0,1,SocialMedia,0.0,2783
SOC-0297,@Real_Rakesh730,SocialHandle,Author,0.0,0.0,0.0,6.9e-05,0.0,False,📄 Single-Source,0,0,0,1,SocialMedia,0.0,2784
SOC-0298,@Xyz_Anand267,SocialHandle,Author,0.0,0.0,0.0,6.9e-05,0.0,False,📄 Single-Source,0,0,0,1,SocialMedia,0.0,2785
SOC-0300,@Only_Jeeva434,SocialHandle,Author,0.0,0.0,0.0,6.9e-05,0.0,False,📄 Single-Source,0,0,0,1,SocialMedia,0.0,2786
SOC-0254,@Dark_Hemanth424,SocialHandle,Author,0.0,0.0,0.0,6.9e-05,0.0,False,📄 Single-Source,0,0,0,1,SocialMedia,0.0,2787
SOC-0301,@Dark_Janani623,SocialHandle,Author,0.0,0.0,0.0,6.9e-05,0.0,False,📄 Single-Source,0,0,0,1,SocialMedia,0.0,2788
SOC-0302,@Only_Kumaran860,SocialHandle,Author,0.0,0.0,0.0,6.9e-05,0.0,False,📄 Single-Source,0,0,0,1,SocialMedia,0.0,2789
SOC-0303,@Only_Gokul397,SocialHandle,Author,0.0,0.0,0.0,6.9e-05,0.0,False,📄 Single-Source,0,0,0,1,SocialMedia,0.0,2790
SOC-0304,@Xyz_Vignesh440,SocialHandle,Author,0.0,0.0,0.0,6.9e-05,0.0,False,📄 Single-Source,0,0,0,1,SocialMedia,0.0,2791
SOC-0305,@Dark_Mohan147,SocialHandle,Author,0.0,0.0,0.0,6.9e-05,0.0,False,📄 Single-Source,0,0,0,1,SocialMedia,0.0,2792
SOC-0306,@Dark_Hariharan677,SocialHandle,Author,0.0,0.0,0.0,6.9e-05,0.0,False,📄 Single-Source,0,0,0,1,SocialMedia,0.0,2793
SOC-0307,@The_Suresh389,SocialHandle,Author,0.0,0.0,0.0,6.9e-05,0.0,False,📄 Single-Source,0,0,0,1,SocialMedia,0.0,2794
SOC-0308,@Real_Arun229,SocialHandle,Author,0.0,0.0,0.0,6.9e-05,0.0,False,📄 Single-Source,0,0,0,1,SocialMedia,0.0,2795
SOC-0309,@Anon_Hariharan958,SocialHandle,Author,0.0,0.0,0.0,6.9e-05,0.0,False,📄 Single-Source,0,0,0,1,SocialMedia,0.0,2796
SOC-0310,@Temp_Karthik681,SocialHandle,Author,0.0,0.0,0.0,6.9e-05,0.0,False,📄 Single-Source,0,0,0,1,SocialMedia,0.0,2797
SOC-0311,@Official_Janani209,SocialHandle,Author,0.0,0.0,0.0,6.9e-05,0.0,False,📄 Single-Source,0,0,0,1,SocialMedia,0.0,2798
SOC-0312,@Official_Gokul808,SocialHandle,Author,0.0,0.0,0.0,6.9e-05,0.0,False,📄 Single-Source,0,0,0,1,SocialMedia,0.0,2799
SOC-0313,@Shadow_Kavitha996,SocialHandle,Author,0.0,0.0,0.0,6.9e-05,0.0,False,📄 Single-Source,0,0,0,1,SocialMedia,0.0,2800
SOC-0285,@Only_Mathan936,SocialHandle,Author,0.0,0.0,0.0,6.9e-05,0.0,False,📄 Single-Source,0,0,0,1,SocialMedia,0.0,2801
SOC-0284,@The_Murugan230,SocialHandle,Author,0.0,0.0,0.0,6.9e-05,0.0,False,📄 Single-Source,0,0,0,6,SocialMedia,0.0,2802
SOC-0283,@Only_Nithin943,SocialHandle,Author,0.0,0.0,0.0,6.9e-05,0.0,False,📄 Single-Source,0,0,0,1,SocialMedia,0.0,2803
SOC-0282,@Dark_Logesh406,SocialHandle,Author,0.0,0.0,0.0,6.9e-05,0.0,False,📄 Single-Source,0,0,0,1,SocialMedia,0.0,2804
SOC-0255,@Xyz_Kannan317,SocialHandle,Author,0.0,0.0,0.0,6.9e-05,0.0,False,📄 Single-Source,0,0,0,1,SocialMedia,0.0,2805
SOC-0256,@Shadow_Abirami680,SocialHandle,Author,0.0,0.0,0.0,6.9e-05,0.0,False,📄 Single-Source,0,0,0,1,SocialMedia,0.0,2806
SOC-0257,@Xyz_Rajesh315,SocialHandle,Author,0.0,0.0,0.0,6.9e-05,0.0,False,📄 Single-Source,0,0,0,1,SocialMedia,0.0,2807
SOC-0258,@Real_Abirami509,SocialHandle,Author,0.0,0.0,0.0,6.9e-05,0.0,False,📄 Single-Source,0,0,0,1,SocialMedia,0.0,2808
SOC-0259,@Anon_Sanjay814,SocialHandle,Author,0.0,0.0,0.0,6.9e-05,0.0,False,📄 Single-Source,0,0,0,1,SocialMedia,0.0,2809
SOC-0260,@Xyz_Sanjay620,SocialHandle,Author,0.0,0.0,0.0,6.9e-05,0.0,False,📄 Single-Source,0,0,0,1,SocialMedia,0.0,2810
SOC-0261,@User_Chithra243,SocialHandle,Author,0.0,0.0,0.0,6.9e-05,0.0,False,📄 Single-Source,0,0,0,1,SocialMedia,0.0,2811
SOC-0262,@Xyz_Bharath648,SocialHandle,Author,0.0,0.0,0.0,6.9e-05,0.0,False,📄 Single-Source,0,0,0,1,SocialMedia,0.0,2812
SOC-0263,@Dark_Sanjay90,SocialHandle,Author,0.0,0.0,0.0,6.9e-05,0.0,False,📄 Single-Source,0,0,0,9,SocialMedia,0.0,2813
SOC-0264,@Dark_Uma860,SocialHandle,Author,0.0,0.0,0.0,6.9e-05,0.0,False,📄 Single-Source,0,0,0,1,SocialMedia,0.0,2814
SOC-0265,@Xyz_Karthik216,SocialHandle,Author,0.0,0.0,0.0,6.9e-05,0.0,False,📄 Single-Source,0,0,0,1,SocialMedia,0.0,2815
SOC-0266,@User_Madhan769,SocialHandle,Author,0.0,0.0,0.0,6.9e-05,0.0,False,📄 Single-Source,0,0,0,6,SocialMedia,0.0,2816
SOC-0267,@Anon_Vignesh313,SocialHandle,Author,0.0,0.0,0.0,6.9e-05,0.0,False,📄 Single-Source,0,0,0,1,SocialMedia,0.0,2817
SOC-0268,@User_Tamilarasan19,SocialHandle,Author,0.0,0.0,0.0,6.9e-05,0.0,False,📄 Single-Source,0,0,0,1,SocialMedia,0.0,2818
SOC-0269,@The_Hariharan126,SocialHandle,Author,0.0,0.0,0.0,6.9e-05,0.0,False,📄 Single-Source,0,0,0,1,SocialMedia,0.0,2819
SOC-0270,@The_Yogesh116,SocialHandle,Author,0.0,0.0,0.0,6.9e-05,0.0,False,📄 Single-Source,0,0,0,1,SocialMedia,0.0,2820
SOC-0271,@Anon_Ganesh952,SocialHandle,Author,0.0,0.0,0.0,6.9e-05,0.0,False,📄 Single-Source,0,0,0,1,SocialMedia,0.0,2821
SOC-0272,@Shadow_Meena541,SocialHandle,Author,0.0,0.0,0.0,6.9e-05,0.0,False,📄 Single-Source,0,0,0,1,SocialMedia,0.0,2822
SOC-0273,@Only_Rakesh348,SocialHandle,Author,0.0,0.0,0.0,6.9e-05,0.0,False,📄 Single-Source,0,0,0,1,SocialMedia,0.0,2823
SOC-0274,@Real_Mathan887,SocialHandle,Author,0.0,0.0,0.0,6.9e-05,0.0,False,📄 Single-Source,0,0,0,1,SocialMedia,0.0,2824
SOC-0275,@Real_Karthik820,SocialHandle,Author,0.0,0.0,0.0,6.9e-05,0.0,False,📄 Single-Source,0,0,0,1,SocialMedia,0.0,2825
SOC-0276,@Shadow_Sanjay583,SocialHandle,Author,0.0,0.0,0.0,6.9e-05,0.0,False,📄 Single-Source,0,0,0,1,SocialMedia,0.0,2826
SOC-0277,@Xyz_Dinesh544,SocialHandle,Author,0.0,0.0,0.0,6.9e-05,0.0,False,📄 Single-Source,0,0,0,1,SocialMedia,0.0,2827
SOC-0278,@Real_Nithin962,SocialHandle,Author,0.0,0.0,0.0,6.9e-05,0.0,False,📄 Single-Source,0,0,0,1,SocialMedia,0.0,2828
SOC-0279,@Xyz_Suresh809,SocialHandle,Author,0.0,0.0,0.0,6.9e-05,0.0,False,📄 Single-Source,0,0,0,1,SocialMedia,0.0,2829
SOC-0280,@Dark_Vignesh438,SocialHandle,Author,0.0,0.0,0.0,6.9e-05,0.0,False,📄 Single-Source,0,0,0,1,SocialMedia,0.0,2830
SOC-0281,@Xyz_Hemanth501,SocialHandle,Author,0.0,0.0,0.0,6.9e-05,0.0,False,📄 Single-Source,0,0,0,1,SocialMedia,0.0,2831
SOC-0191,@Temp_Yuvaraj614,SocialHandle,Author,0.0,0.0,0.0,6.9e-05,0.0,False,📄 Single-Source,0,0,0,1,SocialMedia,0.0,2832
SOC-0190,@Anon_Karthik550,SocialHandle,Author,0.0,0.0,0.0,6.9e-05,0.0,False,📄 Single-Source,0,0,0,1,SocialMedia,0.0,2833
SOC-0189,@Dark_Thirumal171,SocialHandle,Author,0.0,0.0,0.0,6.9e-05,0.0,False,📄 Single-Source,0,0,0,5,SocialMedia,0.0,2834
SOC-0111,@Shadow_Kishore239,SocialHandle,Author,0.0,0.0,0.0,6.9e-05,0.0,False,📄 Single-Source,0,0,0,1,SocialMedia,0.0,2835
SOC-0098,@User_Sanjay387,SocialHandle,Author,0.0,0.0,0.0,6.9e-05,0.0,False,📄 Single-Source,0,0,0,1,SocialMedia,0.0,2836
SOC-0099,@Anon_Ezhilan940,SocialHandle,Author,0.0,0.0,0.0,6.9e-05,0.0,False,📄 Single-Source,0,0,0,1,SocialMedia,0.0,2837
SOC-0100,@Real_Vignesh399,SocialHandle,Author,0.0,0.0,0.0,6.9e-05,0.0,False,📄 Single-Source,0,0,0,3,SocialMedia,0.0,2838
SOC-0101,@Shadow_Sanjay391,SocialHandle,Author,0.0,0.0,0.0,6.9e-05,0.0,False,📄 Single-Source,0,0,0,1,SocialMedia,0.0,2839
SOC-0102,@Official_Lokesh268,SocialHandle,Author,0.0,0.0,0.0,6.9e-05,0.0,False,📄 Single-Source,0,0,0,1,SocialMedia,0.0,2840
SOC-0103,@Dark_Mathan142,SocialHandle,Author,0.0,0.0,0.0,6.9e-05,0.0,False,📄 Single-Source,0,0,0,1,SocialMedia,0.0,2841
SOC-0104,@Shadow_Karthik326,SocialHandle,Author,0.0,0.0,0.0,6.9e-05,0.0,False,📄 Single-Source,0,0,0,1,SocialMedia,0.0,2842
SOC-0105,@Temp_Vignesh37,SocialHandle,Author,0.0,0.0,0.0,6.9e-05,0.0,False,📄 Single-Source,0,0,0,6,SocialMedia,0.0,2843
SOC-0106,@The_Arun861,SocialHandle,Author,0.0,0.0,0.0,6.9e-05,0.0,False,📄 Single-Source,0,0,0,1,SocialMedia,0.0,2844
SOC-0107,@Anon_Nandha249,SocialHandle,Author,0.0,0.0,0.0,6.9e-05,0.0,False,📄 Single-Source,0,0,0,1,SocialMedia,0.0,2845
SOC-0108,@Xyz_Rajesh550,SocialHandle,Author,0.0,0.0,0.0,6.9e-05,0.0,False,📄 Single-Source,0,0,0,1,SocialMedia,0.0,2846
SOC-0109,@Real_Mohan738,SocialHandle,Author,0.0,0.0,0.0,6.9e-05,0.0,False,📄 Single-Source,0,0,0,1,SocialMedia,0.0,2847
SOC-0110,@Temp_Sathish280,SocialHandle,Author,0.0,0.0,0.0,6.9e-05,0.0,False,📄 Single-Source,0,0,0,1,SocialMedia,0.0,2848
SOC-0112,@Anon_Uma469,SocialHandle,Author,0.0,0.0,0.0,6.9e-05,0.0,False,📄 Single-Source,0,0,0,1,SocialMedia,0.0,2849
SOC-0188,@Dark_Sanjay620,SocialHandle,Author,0.0,0.0,0.0,6.9e-05,0.0,False,📄 Single-Source,0,0,0,4,SocialMedia,0.0,2850
SOC-0113,@Temp_Bharathi257,SocialHandle,Author,0.0,0.0,0.0,6.9e-05,0.0,False,📄 Single-Source,0,0,0,1,SocialMedia,0.0,2851
SOC-0114,@Xyz_Dinesh379,SocialHandle,Author,0.0,0.0,0.0,6.9e-05,0.0,False,📄 Single-Source,0,0,0,1,SocialMedia,0.0,2852
SOC-0115,@Official_Vasanthi775,SocialHandle,Author,0.0,0.0,0.0,6.9e-05,0.0,False,📄 Single-Source,0,0,0,1,SocialMedia,0.0,2853
SOC-0116,@Anon_Revathi722,SocialHandle,Author,0.0,0.0,0.0,6.9e-05,0.0,False,📄 Single-Source,0,0,0,1,SocialMedia,0.0,2854
SOC-0117,@Shadow_Ezhilan965,SocialHandle,Author,0.0,0.0,0.0,6.9e-05,0.0,False,📄 Single-Source,0,0,0,1,SocialMedia,0.0,2855
SOC-0118,@Anon_Divya718,SocialHandle,Author,0.0,0.0,0.0,6.9e-05,0.0,False,📄 Single-Source,0,0,0,1,SocialMedia,0.0,2856
SOC-0119,@Real_Rakesh91,SocialHandle,Author,0.0,0.0,0.0,6.9e-05,0.0,False,📄 Single-Source,0,0,0,1,SocialMedia,0.0,2857
SOC-0120,@Temp_Thirumal704,SocialHandle,Author,0.0,0.0,0.0,6.9e-05,0.0,False,📄 Single-Source,0,0,0,1,SocialMedia,0.0,2858
SOC-0121,@Shadow_Venkat390,SocialHandle,Author,0.0,0.0,0.0,6.9e-05,0.0,False,📄 Single-Source,0,0,0,1,SocialMedia,0.0,2859
SOC-0122,@The_Babu521,SocialHandle,Author,0.0,0.0,0.0,6.9e-05,0.0,False,📄 Single-Source,0,0,0,1,SocialMedia,0.0,2860
SOC-0123,@The_Yuvaraj738,SocialHandle,Author,0.0,0.0,0.0,6.9e-05,0.0,False,📄 Single-Source,0,0,0,1,SocialMedia,0.0,2861
SOC-0124,@Shadow_Madhan420,SocialHandle,Author,0.0,0.0,0.0,6.9e-05,0.0,False,📄 Single-Source,0,0,0,6,SocialMedia,0.0,2862
SOC-0125,@Xyz_Balaji430,SocialHandle,Author,0.0,0.0,0.0,6.9e-05,0.0,False,📄 Single-Source,0,0,0,1,SocialMedia,0.0,2863
SOC-0097,@The_Arun460,SocialHandle,Author,0.0,0.0,0.0,6.9e-05,0.0,False,📄 Single-Source,0,0,0,1,SocialMedia,0.0,2864
SOC-0096,@User_Sanjay986,SocialHandle,Author,0.0,0.0,0.0,6.9e-05,0.0,False,📄 Single-Source,0,0,0,4,SocialMedia,0.0,2865
SOC-0095,@Dark_Kishore901,SocialHandle,Author,0.0,0.0,0.0,6.9e-05,0.0,False,📄 Single-Source,0,0,0,1,SocialMedia,0.0,2866
SOC-0094,@Only_Senthil151,SocialHandle,Author,0.0,0.0,0.0,6.9e-05,0.0,False,📄 Single-Source,0,0,0,6,SocialMedia,0.0,2867
SOC-0067,@Dark_Jeeva883,SocialHandle,Author,0.0,0.0,0.0,6.9e-05,0.0,False,📄 Single-Source,0,0,0,1,SocialMedia,0.0,2868
SOC-0068,@Dark_Mathan400,SocialHandle,Author,0.0,0.0,0.0,6.9e-05,0.0,False,📄 Single-Source,0,0,0,7,SocialMedia,0.0,2869
SOC-0069,@The_Revathi653,SocialHandle,Author,0.0,0.0,0.0,6.9e-05,0.0,False,📄 Single-Source,0,0,0,1,SocialMedia,0.0,2870
SOC-0070,@Temp_Senthil206,SocialHandle,Author,0.0,0.0,0.0,6.9e-05,0.0,False,📄 Single-Source,0,0,0,8,SocialMedia,0.0,2871
SOC-0071,@Anon_Bharath835,SocialHandle,Author,0.0,0.0,0.0,6.9e-05,0.0,False,📄 Single-Source,0,0,0,1,SocialMedia,0.0,2872
SOC-0072,@User_Abirami280,SocialHandle,Author,0.0,0.0,0.0,6.9e-05,0.0,False,📄 Single-Source,0,0,0,1,SocialMedia,0.0,2873
SOC-0073,@The_Vasanth281,SocialHandle,Author,0.0,0.0,0.0,6.9e-05,0.0,False,📄 Single-Source,0,0,0,6,SocialMedia,0.0,2874
SOC-0074,@Real_Uma702,SocialHandle,Author,0.0,0.0,0.0,6.9e-05,0.0,False,📄 Single-Source,0,0,0,12,SocialMedia,0.0,2875
SOC-0075,@Dark_Harish611,SocialHandle,Author,0.0,0.0,0.0,6.9e-05,0.0,False,📄 Single-Source,0,0,0,1,SocialMedia,0.0,2876
SOC-0076,@Official_Rajesh957,SocialHandle,Author,0.0,0.0,0.0,6.9e-05,0.0,False,📄 Single-Source,0,0,0,7,SocialMedia,0.0,2877
SOC-0077,@Real_Rajesh859,SocialHandle,Author,0.0,0.0,0.0,6.9e-05,0.0,False,📄 Single-Source,0,0,0,1,SocialMedia,0.0,2878
SOC-0078,@The_Hariharan563,SocialHandle,Author,0.0,0.0,0.0,6.9e-05,0.0,False,📄 Single-Source,0,0,0,1,SocialMedia,0.0,2879
SOC-0079,@Official_Revathi63,SocialHandle,Author,0.0,0.0,0.0,6.9e-05,0.0,False,📄 Single-Source,0,0,0,1,SocialMedia,0.0,2880
SOC-0080,@Real_Rakesh226,SocialHandle,Author,0.0,0.0,0.0,6.9e-05,0.0,False,📄 Single-Source,0,0,0,4,SocialMedia,0.0,2881
SOC-0081,@Real_Hariharan512,SocialHandle,Author,0.0,0.0,0.0,6.9e-05,0.0,False,📄 Single-Source,0,0,0,1,SocialMedia,0.0,2882
SOC-0082,@Shadow_Jagan400,SocialHandle,Author,0.0,0.0,0.0,6.9e-05,0.0,False,📄 Single-Source,0,0,0,1,SocialMedia,0.0,2883
SOC-0083,@Dark_Eswari357,SocialHandle,Author,0.0,0.0,0.0,6.9e-05,0.0,False,📄 Single-Source,0,0,0,1,SocialMedia,0.0,2884
SOC-0084,@Real_Ajith103,SocialHandle,Author,0.0,0.0,0.0,6.9e-05,0.0,False,📄 Single-Source,0,0,0,1,SocialMedia,0.0,2885
SOC-0085,@Dark_Sanjay372,SocialHandle,Author,0.0,0.0,0.0,6.9e-05,0.0,False,📄 Single-Source,0,0,0,1,SocialMedia,0.0,2886
SOC-0086,@Anon_Hariharan239,SocialHandle,Author,0.0,0.0,0.0,6.9e-05,0.0,False,📄 Single-Source,0,0,0,1,SocialMedia,0.0,2887
SOC-0087,@Temp_Babu961,SocialHandle,Author,0.0,0.0,0.0,6.9e-05,0.0,False,📄 Single-Source,0,0,0,1,SocialMedia,0.0,2888
SOC-0088,@User_Murugan787,SocialHandle,Author,0.0,0.0,0.0,6.9e-05,0.0,False,📄 Single-Source,0,0,0,5,SocialMedia,0.0,2889
SOC-0089,@Shadow_Sanjay329,SocialHandle,Author,0.0,0.0,0.0,6.9e-05,0.0,False,📄 Single-Source,0,0,0,1,SocialMedia,0.0,2890
SOC-0090,@Only_Vijay248,SocialHandle,Author,0.0,0.0,0.0,6.9e-05,0.0,False,📄 Single-Source,0,0,0,4,SocialMedia,0.0,2891
SOC-0091,@User_Arun219,SocialHandle,Author,0.0,0.0,0.0,6.9e-05,0.0,False,📄 Single-Source,0,0,0,1,SocialMedia,0.0,2892
SOC-0092,@The_Revathi399,SocialHandle,Author,0.0,0.0,0.0,6.9e-05,0.0,False,📄 Single-Source,0,0,0,1,SocialMedia,0.0,2893
SOC-0093,@Shadow_Anand599,SocialHandle,Author,0.0,0.0,0.0,6.9e-05,0.0,False,📄 Single-Source,0,0,0,1,SocialMedia,0.0,2894
SOC-0126,@Dark_Sanjay358,SocialHandle,Author,0.0,0.0,0.0,6.9e-05,0.0,False,📄 Single-Source,0,0,0,6,SocialMedia,0.0,2895
SOC-0127,@User_Ezhilan93,SocialHandle,Author,0.0,0.0,0.0,6.9e-05,0.0,False,📄 Single-Source,0,0,0,1,SocialMedia,0.0,2896
SOC-0128,@Official_Sanjay667,SocialHandle,Author,0.0,0.0,0.0,6.9e-05,0.0,False,📄 Single-Source,0,0,0,1,SocialMedia,0.0,2897
SOC-0159,@Anon_Thirumal946,SocialHandle,Author,0.0,0.0,0.0,6.9e-05,0.0,False,📄 Single-Source,0,0,0,1,SocialMedia,0.0,2898
SOC-0161,@Only_Gopal969,SocialHandle,Author,0.0,0.0,0.0,6.9e-05,0.0,False,📄 Single-Source,0,0,0,1,SocialMedia,0.0,2899
SOC-0162,@Dark_Nandha487,SocialHandle,Author,0.0,0.0,0.0,6.9e-05,0.0,False,📄 Single-Source,0,0,0,1,SocialMedia,0.0,2900
SOC-0163,@Only_Elango389,SocialHandle,Author,0.0,0.0,0.0,6.9e-05,0.0,False,📄 Single-Source,0,0,0,1,SocialMedia,0.0,2901
SOC-0164,@Official_Madhan166,SocialHandle,Author,0.0,0.0,0.0,6.9e-05,0.0,False,📄 Single-Source,0,0,0,1,SocialMedia,0.0,2902
MOB-0098,9000000429,Mobile,Mentioned,0.0,0.0,0.0,6.9e-05,0.0,False,📄 Single-Source,4,0,0,0,FIR,0.0,2903
SOC-0166,@User_Anand792,SocialHandle,Author,0.0,0.0,0.0,6.9e-05,0.0,False,📄 Single-Source,0,0,0,1,SocialMedia,0.0,2904
SOC-0167,@Temp_Yogesh663,SocialHandle,Author,0.0,0.0,0.0,6.9e-05,0.0,False,📄 Single-Source,0,0,0,1,SocialMedia,0.0,2905
SOC-0168,@Only_Naveen644,SocialHandle,Author,0.0,0.0,0.0,6.9e-05,0.0,False,📄 Single-Source,0,0,0,1,SocialMedia,0.0,2906
SOC-0169,@User_Arun729,SocialHandle,Author,0.0,0.0,0.0,6.9e-05,0.0,False,📄 Single-Source,0,0,0,1,SocialMedia,0.0,2907
SOC-0170,@Official_Ajith57,SocialHandle,Author,0.0,0.0,0.0,6.9e-05,0.0,False,📄 Single-Source,0,0,0,1,SocialMedia,0.0,2908
SOC-0171,@Real_Abirami316,SocialHandle,Author,0.0,0.0,0.0,6.9e-05,0.0,False,📄 Single-Source,0,0,0,1,SocialMedia,0.0,2909
SOC-0172,@User_Sathish110,SocialHandle,Author,0.0,0.0,0.0,6.9e-05,0.0,False,📄 Single-Source,0,0,0,1,SocialMedia,0.0,2910
SOC-0173,@Anon_Venkat243,SocialHandle,Author,0.0,0.0,0.0,6.9e-05,0.0,False,📄 Single-Source,0,0,0,1,SocialMedia,0.0,2911
SOC-0174,@Official_Dinesh167,SocialHandle,Author,0.0,0.0,0.0,6.9e-05,0.0,False,📄 Single-Source,0,0,0,1,SocialMedia,0.0,2912
SOC-0175,@Shadow_Nithin789,SocialHandle,Author,0.0,0.0,0.0,6.9e-05,0.0,False,📄 Single-Source,0,0,0,1,SocialMedia,0.0,2913
SOC-0176,@Temp_Jagan543,SocialHandle,Author,0.0,0.0,0.0,6.9e-05,0.0,False,📄 Single-Source,0,0,0,1,SocialMedia,0.0,2914
SOC-0177,@Official_Mohan859,SocialHandle,Author,0.0,0.0,0.0,6.9e-05,0.0,False,📄 Single-Source,0,0,0,6,SocialMedia,0.0,2915
SOC-0178,@Real_Vasanth148,SocialHandle,Author,0.0,0.0,0.0,6.9e-05,0.0,False,📄 Single-Source,0,0,0,1,SocialMedia,0.0,2916
SOC-0179,@Official_Udhay338,SocialHandle,Author,0.0,0.0,0.0,6.9e-05,0.0,False,📄 Single-Source,0,0,0,1,SocialMedia,0.0,2917
SOC-0180,@Shadow_Jagan395,SocialHandle,Author,0.0,0.0,0.0,6.9e-05,0.0,False,📄 Single-Source,0,0,0,1,SocialMedia,0.0,2918
SOC-0181,@Only_Ajith458,SocialHandle,Author,0.0,0.0,0.0,6.9e-05,0.0,False,📄 Single-Source,0,0,0,1,SocialMedia,0.0,2919
SOC-0182,@Dark_Ganesh85,SocialHandle,Author,0.0,0.0,0.0,6.9e-05,0.0,False,📄 Single-Source,0,0,0,1,SocialMedia,0.0,2920
SOC-0183,@Xyz_Senthil618,SocialHandle,Author,0.0,0.0,0.0,6.9e-05,0.0,False,📄 Single-Source,0,0,0,1,SocialMedia,0.0,2921
SOC-0184,@Shadow_Karthik998,SocialHandle,Author,0.0,0.0,0.0,6.9e-05,0.0,False,📄 Single-Source,0,0,0,1,SocialMedia,0.0,2922
SOC-0185,@Anon_Praveen393,SocialHandle,Author,0.0,0.0,0.0,6.9e-05,0.0,False,📄 Single-Source,0,0,0,1,SocialMedia,0.0,2923
SOC-0186,@Anon_Tamilarasan749,SocialHandle,Author,0.0,0.0,0.0,6.9e-05,0.0,False,📄 Single-Source,0,0,0,1,SocialMedia,0.0,2924
SOC-0187,@Only_Ezhilan538,SocialHandle,Author,0.0,0.0,0.0,6.9e-05,0.0,False,📄 Single-Source,0,0,0,1,SocialMedia,0.0,2925
SOC-0160,@Real_Ezhilan202,SocialHandle,Author,0.0,0.0,0.0,6.9e-05,0.0,False,📄 Single-Source,0,0,0,1,SocialMedia,0.0,2926
SOC-0158,@Xyz_Rajesh336,SocialHandle,Author,0.0,0.0,0.0,6.9e-05,0.0,False,📄 Single-Source,0,0,0,1,SocialMedia,0.0,2927
SOC-0129,@Anon_Suresh218,SocialHandle,Author,0.0,0.0,0.0,6.9e-05,0.0,False,📄 Single-Source,0,0,0,1,SocialMedia,0.0,2928
SOC-0157,@Only_Karthik433,SocialHandle,Author,0.0,0.0,0.0,6.9e-05,0.0,False,📄 Single-Source,0,0,0,1,SocialMedia,0.0,2929
SOC-0130,@Only_Elango487,SocialHandle,Author,0.0,0.0,0.0,6.9e-05,0.0,False,📄 Single-Source,0,0,0,1,SocialMedia,0.0,2930
SOC-0131,@User_Anand102,SocialHandle,Author,0.0,0.0,0.0,6.9e-05,0.0,False,📄 Single-Source,0,0,0,1,SocialMedia,0.0,2931
SOC-0132,@Official_Gopal559,SocialHandle,Author,0.0,0.0,0.0,6.9e-05,0.0,False,📄 Single-Source,0,0,0,1,SocialMedia,0.0,2932
SOC-0133,@The_Jeeva109,SocialHandle,Author,0.0,0.0,0.0,6.9e-05,0.0,False,📄 Single-Source,0,0,0,1,SocialMedia,0.0,2933
SOC-0134,@User_Ezhilan49,SocialHandle,Author,0.0,0.0,0.0,6.9e-05,0.0,False,📄 Single-Source,0,0,0,1,SocialMedia,0.0,2934
SOC-0135,@The_Elango412,SocialHandle,Author,0.0,0.0,0.0,6.9e-05,0.0,False,📄 Single-Source,0,0,0,1,SocialMedia,0.0,2935
SOC-0136,@Anon_Yuvaraj845,SocialHandle,Author,0.0,0.0,0.0,6.9e-05,0.0,False,📄 Single-Source,0,0,0,1,SocialMedia,0.0,2936
SOC-0137,@User_Eswari607,SocialHandle,Author,0.0,0.0,0.0,6.9e-05,0.0,False,📄 Single-Source,0,0,0,1,SocialMedia,0.0,2937
SOC-0138,@Only_Madhan29,SocialHandle,Author,0.0,0.0,0.0,6.9e-05,0.0,False,📄 Single-Source,0,0,0,1,SocialMedia,0.0,2938
SOC-0139,@Only_Janani584,SocialHandle,Author,0.0,0.0,0.0,6.9e-05,0.0,False,📄 Single-Source,0,0,0,1,SocialMedia,0.0,2939
SOC-0140,@Temp_Karthik505,SocialHandle,Author,0.0,0.0,0.0,6.9e-05,0.0,False,📄 Single-Source,0,0,0,1,SocialMedia,0.0,2940
SOC-0141,@Xyz_Kavitha966,SocialHandle,Author,0.0,0.0,0.0,6.9e-05,0.0,False,📄 Single-Source,0,0,0,1,SocialMedia,0.0,2941
SOC-0142,@Real_Nithin433,SocialHandle,Author,0.0,0.0,0.0,6.9e-05,0.0,False,📄 Single-Source,0,0,0,1,SocialMedia,0.0,2942
SOC-0143,@Official_Babu338,SocialHandle,Author,0.0,0.0,0.0,6.9e-05,0.0,False,📄 Single-Source,0,0,0,1,SocialMedia,0.0,2943
SOC-0144,@User_Vignesh866,SocialHandle,Author,0.0,0.0,0.0,6.9e-05,0.0,False,📄 Single-Source,0,0,0,1,SocialMedia,0.0,2944
SOC-0145,@The_Mohan758,SocialHandle,Author,0.0,0.0,0.0,6.9e-05,0.0,False,📄 Single-Source,0,0,0,1,SocialMedia,0.0,2945
SOC-0146,@Dark_Chithra537,SocialHandle,Author,0.0,0.0,0.0,6.9e-05,0.0,False,📄 Single-Source,0,0,0,1,SocialMedia,0.0,2946
SOC-0147,@Official_Murugan173,SocialHandle,Author,0.0,0.0,0.0,6.9e-05,0.0,False,📄 Single-Source,0,0,0,1,SocialMedia,0.0,2947
SOC-0148,@Only_Murugan706,SocialHandle,Author,0.0,0.0,0.0,6.9e-05,0.0,False,📄 Single-Source,0,0,0,1,SocialMedia,0.0,2948
SOC-0149,@Real_Udhay930,SocialHandle,Author,0.0,0.0,0.0,6.9e-05,0.0,False,📄 Single-Source,0,0,0,1,SocialMedia,0.0,2949
SOC-0150,@User_Logesh415,SocialHandle,Author,0.0,0.0,0.0,6.9e-05,0.0,False,📄 Single-Source,0,0,0,1,SocialMedia,0.0,2950
SOC-0151,@Real_Yogesh966,SocialHandle,Author,0.0,0.0,0.0,6.9e-05,0.0,False,📄 Single-Source,0,0,0,1,SocialMedia,0.0,2951
SOC-0152,@The_Harish679,SocialHandle,Author,0.0,0.0,0.0,6.9e-05,0.0,False,📄 Single-Source,0,0,0,1,SocialMedia,0.0,2952
SOC-0153,@Anon_Yuvaraj699,SocialHandle,Author,0.0,0.0,0.0,6.9e-05,0.0,False,📄 Single-Source,0,0,0,1,SocialMedia,0.0,2953
SOC-0154,@Xyz_Kishore778,SocialHandle,Author,0.0,0.0,0.0,6.9e-05,0.0,False,📄 Single-Source,0,0,0,7,SocialMedia,0.0,2954
SOC-0155,@Temp_Mathan698,SocialHandle,Author,0.0,0.0,0.0,6.9e-05,0.0,False,📄 Single-Source,0,0,0,1,SocialMedia,0.0,2955
SOC-0156,@The_Arun525,SocialHandle,Author,0.0,0.0,0.0,6.9e-05,0.0,False,📄 Single-Source,0,0,0,1,SocialMedia,0.0,2956
SOC-0165,@Anon_Udhay182,SocialHandle,Author,0.0,0.0,0.0,6.9e-05,0.0,False,📄 Single-Source,0,0,0,1,SocialMedia,0.0,2957
