Canonical_ID,Entity_Type,Entity_Value,Mobile,Sources,Source_Count,FIR_Count,CDR_Count,Fin_Count,Soc_Count,First_Seen,Last_Seen,Roles,Cross_Verified,Fusion_Badge,Is_CrossVerified,Risk_Hint
ACC-0001,Account,Syn-Acc-100055,,FIR|Financial,2,6,0,63,0,01-07-2026,27-07-2025,Financial|Receiver|Sender,True,🔗 Cross-Verified,True,Confirmed across sources
ACC-0002,Account,Syn-Acc-100070,,FIR|Financial,2,3,0,11,0,03-04-2025,25-01-2025,Financial|Receiver|Sender,True,🔗 Cross-Verified,True,Confirmed across sources
ACC-0003,Account,Syn-Acc-100069,,FIR|Financial,2,4,0,67,0,09-04-2025,27-03-2025,Financial|Receiver|Sender,True,🔗 Cross-Verified,True,Confirmed across sources
ACC-0004,Account,Syn-Acc-100024,,FIR|Financial,2,3,0,12,0,11-07-2025,24-08-2025,Financial|Receiver|Sender,True,🔗 Cross-Verified,True,Confirmed across sources
ACC-0005,Account,Syn-Acc-100071,,FIR|Financial,2,2,0,59,0,03-06-2025,28-03-2025,Financial|Receiver|Sender,True,🔗 Cross-Verified,True,Confirmed across sources
ACC-0006,Account,Syn-Acc-100072,,FIR|Financial,2,1,0,61,0,07-04-2025,2026-09-09,Financial|Receiver|Sender,True,🔗 Cross-Verified,True,Confirmed across sources
ACC-0007,Account,Syn-Acc-100051,,FIR|Financial,2,7,0,55,0,09-04-2025,29-08-2026,Financial|Receiver|Sender,True,🔗 Cross-Verified,True,Confirmed across sources
ACC-0008,Account,Syn-Acc-100073,,FIR|Financial,2,1,0,12,0,15-04-2025,2026-09-09,Financial|Receiver|Sender,True,🔗 Cross-Verified,True,Confirmed across sources
ACC-0009,Account,Syn-Acc-100063,,FIR|Financial,2,1,0,17,0,2025-01-04,27-04-2025,Financial|Receiver|Sender,True,🔗 Cross-Verified,True,Confirmed across sources
ACC-0010,Account,Syn-Acc-100074,,FIR|Financial,2,1,0,17,0,19-05-2025,2026-06-19,Financial|Receiver|Sender,True,🔗 Cross-Verified,True,Confirmed across sources
ACC-0011,Account,Syn-Acc-100075,,FIR|Financial,2,1,0,12,0,2025-01-12,23-05-2025,Financial|Receiver|Sender,True,🔗 Cross-Verified,True,Confirmed across sources
ACC-0012,Account,Syn-Acc-100053,,FIR|Financial,2,1,0,62,0,18-06-2025,2026-09-13,Financial|Receiver|Sender,True,🔗 Cross-Verified,True,Confirmed across sources
ACC-0013,Account,Syn-Acc-100011,,FIR|Financial,2,2,0,8,0,19-06-2025,29-06-2025,Financial|Receiver|Sender,True,🔗 Cross-Verified,True,Confirmed across sources
ACC-0014,Account,Syn-Acc-100003,,FIR|Financial,2,2,0,54,0,02-07-2025,2026-09-08,Financial|Receiver|Sender,True,🔗 Cross-Verified,True,Confirmed across sources
ACC-0015,Account,Syn-Acc-100076,,FIR|Financial,2,2,0,69,0,01-07-2025,26-08-2025,Financial|Receiver|Sender,True,🔗 Cross-Verified,True,Confirmed across sources
ACC-0016,Account,Syn-Acc-100026,,FIR|Financial,2,1,0,82,0,07-07-2025,2026-09-13,Financial|Receiver|Sender,True,🔗 Cross-Verified,True,Confirmed across sources
ACC-0017,Account,Syn-Acc-100001,,FIR|Financial,2,2,0,10,0,10-07-2025,2026-05-06,Financial|Receiver|Sender,True,🔗 Cross-Verified,True,Confirmed across sources
ACC-0018,Account,Syn-Acc-100018,,FIR|Financial,2,3,0,6,0,05-07-2025,2026-08-26,Financial|Receiver|Sender,True,🔗 Cross-Verified,True,Confirmed across sources
ACC-0019,Account,Syn-Acc-100025,,FIR|Financial,2,1,0,20,0,07-07-2025,2026-09-13,Financial|Receiver|Sender,True,🔗 Cross-Verified,True,Confirmed across sources
ACC-0020,Account,Syn-Acc-100077,,FIR|Financial,2,1,0,66,0,19-07-2025,2026-08-29,Financial|Receiver|Sender,True,🔗 Cross-Verified,True,Confirmed across sources
ACC-0021,Account,Syn-Acc-100027,,FIR|Financial,2,1,0,73,0,18-07-2025,2026-09-07,Financial|Receiver|Sender,True,🔗 Cross-Verified,True,Confirmed across sources
ACC-0022,Account,Syn-Acc-100054,,FIR|Financial,2,1,0,79,0,2025-01-24,24-07-2025,Financial|Receiver|Sender,True,🔗 Cross-Verified,True,Confirmed across sources
ACC-0023,Account,Syn-Acc-100052,,FIR|Financial,2,2,0,13,0,12-11-2025,27-07-2025,Financial|Receiver|Sender,True,🔗 Cross-Verified,True,Confirmed across sources
ACC-0024,Account,Syn-Acc-100078,,FIR|Financial,2,1,0,63,0,2025-01-07,28-07-2025,Financial|Receiver|Sender,True,🔗 Cross-Verified,True,Confirmed across sources
ACC-0025,Account,Syn-Acc-100056,,FIR|Financial,2,1,0,13,0,2025-02-19,31-07-2025,Financial|Receiver|Sender,True,🔗 Cross-Verified,True,Confirmed across sources
ACC-0026,Account,Syn-Acc-100046,,FIR|Financial,2,1,0,13,0,2025-02-02,27-07-2025,Financial|Receiver|Sender,True,🔗 Cross-Verified,True,Confirmed across sources
ACC-0027,Account,Syn-Acc-100047,,FIR|Financial,2,1,0,61,0,01-08-2025,2026-09-10,Financial|Receiver|Sender,True,🔗 Cross-Verified,True,Confirmed across sources
ACC-0028,Account,Syn-Acc-100079,,FIR|Financial,2,1,0,14,0,2025-01-04,30-07-2025,Financial|Receiver|Sender,True,🔗 Cross-Verified,True,Confirmed across sources
ACC-0029,Account,Syn-Acc-100035,,FIR|Financial,2,1,0,11,0,02-08-2025,2026-07-09,Financial|Receiver|Sender,True,🔗 Cross-Verified,True,Confirmed across sources
ACC-0030,Account,Syn-Acc-100064,,FIR|Financial,2,1,0,12,0,16-08-2025,2026-09-11,Financial|Receiver|Sender,True,🔗 Cross-Verified,True,Confirmed across sources
ACC-0031,Account,Syn-Acc-100080,,FIR|Financial,2,1,0,61,0,2025-01-06,25-08-2025,Financial|Receiver|Sender,True,🔗 Cross-Verified,True,Confirmed across sources
ACC-0032,Account,Syn-Acc-100048,,FIR|Financial,2,2,0,12,0,12-08-2026,2026-06-23,Financial|Receiver|Sender,True,🔗 Cross-Verified,True,Confirmed across sources
ACC-0033,Account,Syn-Acc-100081,,FIR|Financial,2,2,0,16,0,2025-02-21,28-08-2025,Financial|Receiver|Sender,True,🔗 Cross-Verified,True,Confirmed across sources
ACC-0034,Account,Syn-Acc-100013,,FIR|Financial,2,1,0,12,0,03-09-2025,2026-07-30,Financial|Receiver|Sender,True,🔗 Cross-Verified,True,Confirmed across sources
ACC-0035,Account,Syn-Acc-100033,,FIR|Financial,2,2,0,74,0,08-09-2025,22-01-2026,Financial|Receiver|Sender,True,🔗 Cross-Verified,True,Confirmed across sources
ACC-0036,Account,Syn-Acc-100017,,FIR|Financial,2,1,0,9,0,18-09-2025,2026-07-02,Financial|Receiver|Sender,True,🔗 Cross-Verified,True,Confirmed across sources
ACC-0037,Account,Syn-Acc-100082,,FIR|Financial,2,1,0,14,0,16-09-2025,2026-06-16,Financial|Receiver|Sender,True,🔗 Cross-Verified,True,Confirmed across sources
ACC-0038,Account,Syn-Acc-100002,,FIR|Financial,2,1,0,61,0,13-09-2025,2026-09-10,Financial|Receiver|Sender,True,🔗 Cross-Verified,True,Confirmed across sources
ACC-0039,Account,Syn-Acc-100014,,FIR|Financial,2,1,0,9,0,2025-01-19,28-09-2025,Financial|Receiver|Sender,True,🔗 Cross-Verified,True,Confirmed across sources
ACC-0040,Account,Syn-Acc-100057,,FIR|Financial,2,2,0,64,0,02-10-2025,2026-09-11,Financial|Receiver|Sender,True,🔗 Cross-Verified,True,Confirmed across sources
ACC-0041,Account,Syn-Acc-100032,,FIR|Financial,2,3,0,11,0,03-10-2025,2026-07-05,Financial|Receiver|Sender,True,🔗 Cross-Verified,True,Confirmed across sources
ACC-0042,Account,Syn-Acc-100034,,FIR|Financial,2,1,0,18,0,07-10-2025,2026-08-01,Financial|Receiver|Sender,True,🔗 Cross-Verified,True,Confirmed across sources
ACC-0043,Account,Syn-Acc-100058,,FIR|Financial,2,1,0,11,0,05-10-2025,2026-06-30,Financial|Receiver|Sender,True,🔗 Cross-Verified,True,Confirmed across sources
ACC-0044,Account,Syn-Acc-100012,,FIR|Financial,2,1,0,11,0,12-10-2025,2026-07-15,Financial|Receiver|Sender,True,🔗 Cross-Verified,True,Confirmed across sources
ACC-0045,Account,Syn-Acc-100016,,FIR|Financial,2,2,0,62,0,07-11-2025,2026-08-10,Financial|Receiver|Sender,True,🔗 Cross-Verified,True,Confirmed across sources
ACC-0046,Account,Syn-Acc-100083,,FIR|Financial,2,1,0,8,0,12-11-2025,2026-05-30,Financial|Receiver|Sender,True,🔗 Cross-Verified,True,Confirmed across sources
ACC-0047,Account,Syn-Acc-100084,,FIR|Financial,2,2,0,62,0,19-11-2025,21-03-2026,Financial|Receiver|Sender,True,🔗 Cross-Verified,True,Confirmed across sources
ACC-0048,Account,Syn-Acc-100085,,FIR|Financial,2,1,0,10,0,2025-01-10,22-11-2025,Financial|Receiver|Sender,True,🔗 Cross-Verified,True,Confirmed across sources
ACC-0049,Account,Syn-Acc-100065,,FIR|Financial,2,1,0,65,0,2025-01-10,22-12-2025,Financial|Receiver|Sender,True,🔗 Cross-Verified,True,Confirmed across sources
ACC-0050,Account,Syn-Acc-100086,,FIR|Financial,2,1,0,10,0,03-01-2026,2026-09-05,Financial|Receiver|Sender,True,🔗 Cross-Verified,True,Confirmed across sources
ACC-0051,Account,Syn-Acc-100059,,FIR|Financial,2,1,0,65,0,09-01-2026,2026-09-12,Financial|Receiver|Sender,True,🔗 Cross-Verified,True,Confirmed across sources
ACC-0052,Account,Syn-Acc-100021,,FIR|Financial,2,4,0,16,0,08-01-2026,2026-08-24,Financial|Receiver|Sender,True,🔗 Cross-Verified,True,Confirmed across sources
ACC-0053,Account,Syn-Acc-100020,,FIR|Financial,2,2,0,66,0,09-02-2026,26-01-2026,Financial|Receiver|Sender,True,🔗 Cross-Verified,True,Confirmed across sources
ACC-0054,Account,Syn-Acc-100087,,FIR|Financial,2,1,0,11,0,12-02-2026,2026-06-06,Financial|Receiver|Sender,True,🔗 Cross-Verified,True,Confirmed across sources
ACC-0055,Account,Syn-Acc-100045,,FIR|Financial,2,1,0,8,0,2025-07-15,23-03-2026,Financial|Receiver|Sender,True,🔗 Cross-Verified,True,Confirmed across sources
ACC-0056,Account,Syn-Acc-100007,,FIR|Financial,2,2,0,15,0,08-07-2026,2026-06-24,Financial|Receiver|Sender,True,🔗 Cross-Verified,True,Confirmed across sources
ACC-0057,Account,Syn-Acc-100041,,FIR|Financial,2,4,0,14,0,10-04-2026,27-05-2026,Financial|Receiver|Sender,True,🔗 Cross-Verified,True,Confirmed across sources
ACC-0058,Account,Syn-Acc-100005,,FIR|Financial,2,3,0,17,0,09-04-2026,25-06-2026,Financial|Receiver|Sender,True,🔗 Cross-Verified,True,Confirmed across sources
ACC-0059,Account,Syn-Acc-100037,,FIR|Financial,2,2,0,5,0,08-04-2026,2026-08-14,Financial|Receiver|Sender,True,🔗 Cross-Verified,True,Confirmed across sources
ACC-0060,Account,Syn-Acc-100040,,FIR|Financial,2,1,0,11,0,13-04-2026,2026-09-08,Financial|Receiver|Sender,True,🔗 Cross-Verified,True,Confirmed across sources
ACC-0061,Account,Syn-Acc-100038,,FIR|Financial,2,1,0,8,0,11-04-2026,2026-05-17,Financial|Receiver|Sender,True,🔗 Cross-Verified,True,Confirmed across sources
ACC-0062,Account,Syn-Acc-100060,,FIR|Financial,2,1,0,18,0,20-04-2026,2026-07-09,Financial|Receiver|Sender,True,🔗 Cross-Verified,True,Confirmed across sources
ACC-0063,Account,Syn-Acc-100088,,FIR|Financial,2,1,0,15,0,2025-04-02,24-04-2026,Financial|Receiver|Sender,True,🔗 Cross-Verified,True,Confirmed across sources
ACC-0064,Account,Syn-Acc-100068,,FIR|Financial,2,1,0,58,0,2025-01-06,27-04-2026,Financial|Receiver|Sender,True,🔗 Cross-Verified,True,Confirmed across sources
ACC-0065,Account,Syn-Acc-100061,,FIR|Financial,2,1,0,11,0,2025-03-26,29-04-2026,Financial|Receiver|Sender,True,🔗 Cross-Verified,True,Confirmed across sources
ACC-0066,Account,Syn-Acc-100006,,FIR|Financial,2,1,0,58,0,2025-01-15,30-04-2026,Financial|Receiver|Sender,True,🔗 Cross-Verified,True,Confirmed across sources
ACC-0067,Account,Syn-Acc-100044,,FIR|Financial,2,2,0,8,0,16-06-2026,30-04-2026,Financial|Receiver|Sender,True,🔗 Cross-Verified,True,Confirmed across sources
ACC-0068,Account,Syn-Acc-100066,,FIR|Financial,2,1,0,16,0,13-05-2026,2026-08-12,Financial|Receiver|Sender,True,🔗 Cross-Verified,True,Confirmed across sources
ACC-0069,Account,Syn-Acc-100049,,FIR|Financial,2,1,0,11,0,17-05-2026,2026-07-03,Financial|Receiver|Sender,True,🔗 Cross-Verified,True,Confirmed across sources
ACC-0070,Account,Syn-Acc-100062,,FIR|Financial,2,2,0,16,0,12-09-2026,2026-09-08,Financial|Receiver|Sender,True,🔗 Cross-Verified,True,Confirmed across sources
ACC-0071,Account,Syn-Acc-100090,,FIR|Financial,2,1,0,9,0,2025-01-08,27-05-2026,Financial|Receiver|Sender,True,🔗 Cross-Verified,True,Confirmed across sources
ACC-0072,Account,Syn-Acc-100089,,FIR|Financial,2,1,0,65,0,2025-01-09,23-05-2026,Financial|Receiver|Sender,True,🔗 Cross-Verified,True,Confirmed across sources
ACC-0073,Account,Syn-Acc-100029,,FIR|Financial,2,1,0,11,0,08-06-2026,2026-09-05,Financial|Receiver|Sender,True,🔗 Cross-Verified,True,Confirmed across sources
ACC-0074,Account,Syn-Acc-100091,,FIR|Financial,2,1,0,14,0,07-06-2026,2026-04-05,Financial|Receiver|Sender,True,🔗 Cross-Verified,True,Confirmed across sources
ACC-0075,Account,Syn-Acc-100092,,FIR|Financial,2,1,0,12,0,16-06-2026,2026-08-15,Financial|Receiver|Sender,True,🔗 Cross-Verified,True,Confirmed across sources
ACC-0076,Account,Syn-Acc-100050,,FIR|Financial,2,1,0,14,0,2025-03-02,26-06-2026,Financial|Receiver|Sender,True,🔗 Cross-Verified,True,Confirmed across sources
ACC-0077,Account,Syn-Acc-100067,,FIR|Financial,2,1,0,16,0,2025-01-30,30-06-2026,Financial|Receiver|Sender,True,🔗 Cross-Verified,True,Confirmed across sources
ACC-0078,Account,Syn-Acc-100093,,FIR|Financial,2,1,0,15,0,04-07-2026,2026-07-27,Financial|Receiver|Sender,True,🔗 Cross-Verified,True,Confirmed across sources
ACC-0079,Account,Syn-Acc-100094,,FIR|Financial,2,1,0,12,0,06-07-2026,2026-06-19,Financial|Receiver|Sender,True,🔗 Cross-Verified,True,Confirmed across sources
ACC-0080,Account,Syn-Acc-100008,,FIR|Financial,2,1,0,52,0,2025-01-20,29-06-2026,Financial|Receiver|Sender,True,🔗 Cross-Verified,True,Confirmed across sources
ACC-0081,Account,Syn-Acc-100095,,FIR|Financial,2,1,0,15,0,16-07-2026,2026-06-29,Financial|Receiver|Sender,True,🔗 Cross-Verified,True,Confirmed across sources
ACC-0082,Account,Syn-Acc-100043,,FIR|Financial,2,1,0,59,0,2025-01-08,29-07-2026,Financial|Receiver|Sender,True,🔗 Cross-Verified,True,Confirmed across sources
ACC-0083,Account,Syn-Acc-100096,,FIR|Financial,2,1,0,12,0,08-08-2026,2026-08-09,Financial|Receiver|Sender,True,🔗 Cross-Verified,True,Confirmed across sources
ACC-0084,Account,Syn-Acc-100039,,FIR|Financial,2,2,0,11,0,20-08-2026,22-08-2026,Financial|Receiver|Sender,True,🔗 Cross-Verified,True,Confirmed across sources
ACC-0085,Account,Syn-Acc-100097,,FIR|Financial,2,1,0,9,0,2025-04-02,23-08-2026,Financial|Receiver|Sender,True,🔗 Cross-Verified,True,Confirmed across sources
ACC-0086,Account,Syn-Acc-100098,,FIR|Financial,2,1,0,61,0,2025-01-03,26-08-2026,Financial|Receiver|Sender,True,🔗 Cross-Verified,True,Confirmed across sources
ACC-0087,Account,Syn-Acc-100099,,FIR|Financial,2,1,0,71,0,2025-01-02,27-08-2026,Financial|Receiver|Sender,True,🔗 Cross-Verified,True,Confirmed across sources
ACC-0088,Account,Ext-Acc-244597,9000000330.0,Financial,1,0,0,1,0,2025-09-25,2025-09-25,Sender,False,📄 Single-Source,False,No flags
ACC-0089,Account,Ext-Acc-310328,9000000128.0,Financial,1,0,0,1,0,2026-07-02,2026-07-02,Receiver,False,📄 Single-Source,False,No flags
ACC-0090,Account,Ext-Acc-213238,9000000436.0,Financial,1,0,0,1,0,2025-07-27,2025-07-27,Sender,False,📄 Single-Source,False,No flags
ACC-0091,Account,Ext-Acc-341245,9000000393.0,Financial,1,0,0,1,0,2025-12-23,2025-12-23,Receiver,False,📄 Single-Source,False,No flags
ACC-0092,Account,Ext-Acc-352350,,Financial,1,0,0,1,0,2025-03-12,2025-03-12,Receiver,False,📄 Single-Source,False,No flags
ACC-0093,Account,Ext-Acc-255333,9000000422.0,Financial,1,0,0,1,0,2025-01-09,2025-01-09,Sender,False,📄 Single-Source,False,No flags
ACC-0094,Account,Ext-Acc-244587,9000000033.0,Financial,1,0,0,1,0,2026-01-24,2026-01-24,Sender,False,📄 Single-Source,False,No flags
ACC-0095,Account,Ext-Acc-210322,9000000144.0,Financial,1,0,0,1,0,2026-01-05,2026-01-05,Sender,False,📄 Single-Source,False,No flags
ACC-0096,Account,Ext-Acc-274847,9000000245.0,Financial,1,0,0,1,0,2025-12-01,2025-12-01,Sender,False,📄 Single-Source,False,No flags
ACC-0097,Account,Ext-Acc-209880,9000000425.0,Financial,1,0,0,1,0,2025-03-14,2025-03-14,Sender,False,📄 Single-Source,False,No flags
ACC-0098,Account,Ext-Acc-221579,9000000291.0,Financial,1,0,0,1,0,2026-06-26,2026-06-26,Sender,False,📄 Single-Source,False,No flags
ACC-0099,Account,Ext-Acc-275914,9000000145.0,Financial,1,0,0,1,0,2026-02-17,2026-02-17,Sender,False,📄 Single-Source,False,No flags
ACC-0100,Account,Ext-Acc-307989,9000000145.0,Financial,1,0,0,1,0,2026-02-17,2026-02-17,Receiver,False,📄 Single-Source,False,No flags
ACC-0101,Account,Ext-Acc-208981,9000000363.0,Financial,1,0,0,1,0,2026-04-07,2026-04-07,Sender,False,📄 Single-Source,False,No flags
ACC-0102,Account,Ext-Acc-326772,9000000189.0,Financial,1,0,0,1,0,2026-06-06,2026-06-06,Receiver,False,📄 Single-Source,False,No flags
ACC-0103,Account,Ext-Acc-213104,9000000081.0,Financial,1,0,0,1,0,2025-07-09,2025-07-09,Sender,False,📄 Single-Source,False,No flags
ACC-0104,Account,Ext-Acc-280173,9000000033.0,Financial,1,0,0,1,0,2025-03-22,2025-03-22,Sender,False,📄 Single-Source,False,No flags
ACC-0105,Account,Ext-Acc-385717,9000000033.0,Financial,1,0,0,1,0,2025-03-22,2025-03-22,Receiver,False,📄 Single-Source,False,No flags
ACC-0106,Account,Ext-Acc-283507,,Financial,1,0,0,1,0,2025-03-28,2025-03-28,Sender,False,📄 Single-Source,False,No flags
ACC-0107,Account,Ext-Acc-321178,,Financial,1,0,0,1,0,2025-03-28,2025-03-28,Receiver,False,📄 Single-Source,False,No flags
ACC-0108,Account,Ext-Acc-271511,,Financial,1,0,0,1,0,2026-09-11,2026-09-11,Sender,False,📄 Single-Source,False,No flags
ACC-0109,Account,Ext-Acc-246357,,Financial,1,0,0,1,0,2026-09-14,2026-09-14,Sender,False,📄 Single-Source,False,No flags
ACC-0110,Account,Ext-Acc-353264,,Financial,1,0,0,1,0,2026-09-14,2026-09-14,Receiver,False,📄 Single-Source,False,No flags
ACC-0111,Account,Ext-Acc-353964,9000000025.0,Financial,1,0,0,1,0,2025-05-04,2025-05-04,Receiver,False,📄 Single-Source,False,No flags
ACC-0112,Account,Ext-Acc-329219,9000000145.0,Financial,1,0,0,1,0,2025-02-23,2025-02-23,Receiver,False,📄 Single-Source,False,No flags
ACC-0113,Account,Ext-Acc-243404,9000000352.0,Financial,1,0,0,1,0,2025-07-26,2025-07-26,Sender,False,📄 Single-Source,False,No flags
ACC-0114,Account,Ext-Acc-315118,9000000352.0,Financial,1,0,0,1,0,2025-07-26,2025-07-26,Receiver,False,📄 Single-Source,False,No flags
ACC-0115,Account,Ext-Acc-241114,9000000004.0,Financial,1,0,0,1,0,2026-07-05,2026-07-05,Sender,False,📄 Single-Source,False,No flags
ACC-0116,Account,Ext-Acc-287900,9000000130.0,Financial,1,0,0,1,0,2025-04-07,2025-04-07,Sender,False,📄 Single-Source,False,No flags
ACC-0117,Account,Ext-Acc-279516,9000000269.0,Financial,1,0,0,1,0,2026-09-11,2026-09-11,Sender,False,📄 Single-Source,False,No flags
ACC-0118,Account,Ext-Acc-360946,9000000269.0,Financial,1,0,0,1,0,2026-09-11,2026-09-11,Receiver,False,📄 Single-Source,False,No flags
ACC-0119,Account,Ext-Acc-281167,9000000201.0,Financial,1,0,0,1,0,2025-04-25,2025-04-25,Sender,False,📄 Single-Source,False,No flags
ACC-0120,Account,Ext-Acc-360889,9000000232.0,Financial,1,0,0,1,0,2025-04-14,2025-04-14,Receiver,False,📄 Single-Source,False,No flags
ACC-0121,Account,Ext-Acc-254921,9000000162.0,Financial,1,0,0,1,0,2025-12-05,2025-12-05,Sender,False,📄 Single-Source,False,No flags
ACC-0122,Account,Ext-Acc-345870,9000000095.0,Financial,1,0,0,1,0,2025-01-25,2025-01-25,Receiver,False,📄 Single-Source,False,No flags
ACC-0123,Account,Ext-Acc-360952,,Financial,1,0,0,1,0,2026-08-04,2026-08-04,Receiver,False,📄 Single-Source,False,No flags
ACC-0124,Account,Ext-Acc-278697,9000000486.0,Financial,1,0,0,1,0,2025-02-23,2025-02-23,Sender,False,📄 Single-Source,False,No flags
ACC-0125,Account,Ext-Acc-374177,9000000486.0,Financial,1,0,0,1,0,2025-02-23,2025-02-23,Receiver,False,📄 Single-Source,False,No flags
ACC-0126,Account,Ext-Acc-213833,,Financial,1,0,0,1,0,2026-07-24,2026-07-24,Sender,False,📄 Single-Source,False,No flags
ACC-0127,Account,Ext-Acc-263372,,Financial,1,0,0,1,0,2025-03-09,2025-03-09,Sender,False,📄 Single-Source,False,No flags
ACC-0128,Account,Ext-Acc-274691,9000000367.0,Financial,1,0,0,1,0,2025-10-03,2025-10-03,Sender,False,📄 Single-Source,False,No flags
ACC-0129,Account,Ext-Acc-272848,9000000166.0,Financial,1,0,0,1,0,2025-07-06,2025-07-06,Sender,False,📄 Single-Source,False,No flags
ACC-0130,Account,Ext-Acc-340135,9000000403.0,Financial,1,0,0,1,0,2025-11-27,2025-11-27,Receiver,False,📄 Single-Source,False,No flags
ACC-0131,Account,Ext-Acc-238829,9000000090.0,Financial,1,0,0,1,0,2025-02-12,2025-02-12,Sender,False,📄 Single-Source,False,No flags
ACC-0132,Account,Ext-Acc-381927,9000000282.0,Financial,1,0,0,1,0,2026-02-27,2026-02-27,Receiver,False,📄 Single-Source,False,No flags
ACC-0133,Account,Ext-Acc-277993,,Financial,1,0,0,1,0,2026-06-28,2026-06-28,Sender,False,📄 Single-Source,False,No flags
ACC-0134,Account,Ext-Acc-374607,,Financial,1,0,0,1,0,2026-06-28,2026-06-28,Receiver,False,📄 Single-Source,False,No flags
ACC-0135,Account,Ext-Acc-243228,9000000155.0,Financial,1,0,0,1,0,2025-12-20,2025-12-20,Sender,False,📄 Single-Source,False,No flags
ACC-0136,Account,Ext-Acc-252976,9000000326.0,Financial,1,0,0,1,0,2026-02-07,2026-02-07,Sender,False,📄 Single-Source,False,No flags
ACC-0137,Account,Ext-Acc-300150,9000000326.0,Financial,1,0,0,1,0,2026-02-07,2026-02-07,Receiver,False,📄 Single-Source,False,No flags
ACC-0138,Account,Ext-Acc-231946,9000000355.0,Financial,1,0,0,1,0,2025-08-03,2025-08-03,Sender,False,📄 Single-Source,False,No flags
ACC-0139,Account,Ext-Acc-374946,9000000473.0,Financial,1,0,0,1,0,2026-08-02,2026-08-02,Receiver,False,📄 Single-Source,False,No flags
ACC-0140,Account,Ext-Acc-285461,9000000489.0,Financial,1,0,0,1,0,2025-03-19,2025-03-19,Sender,False,📄 Single-Source,False,No flags
ACC-0141,Account,Ext-Acc-364923,9000000489.0,Financial,1,0,0,1,0,2025-03-19,2025-03-19,Receiver,False,📄 Single-Source,False,No flags
ACC-0142,Account,Ext-Acc-253736,9000000235.0,Financial,1,0,0,1,0,2026-06-23,2026-06-23,Sender,False,📄 Single-Source,False,No flags
ACC-0143,Account,Ext-Acc-320232,9000000235.0,Financial,1,0,0,1,0,2026-06-23,2026-06-23,Receiver,False,📄 Single-Source,False,No flags
ACC-0144,Account,Ext-Acc-249808,9000000019.0,Financial,1,0,0,1,0,2025-07-02,2025-07-02,Sender,False,📄 Single-Source,False,No flags
ACC-0145,Account,Ext-Acc-382155,9000000019.0,Financial,1,0,0,1,0,2025-07-02,2025-07-02,Receiver,False,📄 Single-Source,False,No flags
ACC-0146,Account,Ext-Acc-256881,9000000005.0,Financial,1,0,0,1,0,2025-08-21,2025-08-21,Sender,False,📄 Single-Source,False,No flags
ACC-0147,Account,Ext-Acc-399663,9000000005.0,Financial,1,0,0,1,0,2025-08-21,2025-08-21,Receiver,False,📄 Single-Source,False,No flags
ACC-0148,Account,Ext-Acc-360981,9000000225.0,Financial,1,0,0,1,0,2025-09-26,2025-09-26,Receiver,False,📄 Single-Source,False,No flags
ACC-0149,Account,Ext-Acc-297605,,Financial,1,0,0,1,0,2025-06-28,2025-06-28,Sender,False,📄 Single-Source,False,No flags
ACC-0150,Account,Ext-Acc-379482,,Financial,1,0,0,1,0,2025-06-28,2025-06-28,Receiver,False,📄 Single-Source,False,No flags
ACC-0151,Account,Ext-Acc-394493,9000000385.0,Financial,1,0,0,1,0,2026-05-03,2026-05-03,Receiver,False,📄 Single-Source,False,No flags
ACC-0152,Account,Ext-Acc-211813,9000000295.0,Financial,1,0,0,1,0,2025-10-12,2025-10-12,Sender,False,📄 Single-Source,False,No flags
ACC-0153,Account,Ext-Acc-342823,9000000295.0,Financial,1,0,0,1,0,2025-10-12,2025-10-12,Receiver,False,📄 Single-Source,False,No flags
ACC-0154,Account,Ext-Acc-252089,9000000047.0,Financial,1,0,0,1,0,2025-04-06,2025-04-06,Sender,False,📄 Single-Source,False,No flags
ACC-0155,Account,Ext-Acc-373048,9000000047.0,Financial,1,0,0,1,0,2025-04-06,2025-04-06,Receiver,False,📄 Single-Source,False,No flags
ACC-0156,Account,Ext-Acc-314201,,Financial,1,0,0,1,0,2026-03-13,2026-03-13,Receiver,False,📄 Single-Source,False,No flags
ACC-0157,Account,Ext-Acc-370804,,Financial,1,0,0,1,0,2026-05-24,2026-05-24,Receiver,False,📄 Single-Source,False,No flags
ACC-0158,Account,Ext-Acc-259600,,Financial,1,0,0,1,0,2025-07-09,2025-07-09,Sender,False,📄 Single-Source,False,No flags
ACC-0159,Account,Ext-Acc-214408,9000000252.0,Financial,1,0,0,1,0,2025-09-09,2025-09-09,Sender,False,📄 Single-Source,False,No flags
ACC-0160,Account,Ext-Acc-303379,9000000252.0,Financial,1,0,0,1,0,2025-09-09,2025-09-09,Receiver,False,📄 Single-Source,False,No flags
ACC-0161,Account,Ext-Acc-268955,,Financial,1,0,0,1,0,2026-01-27,2026-01-27,Sender,False,📄 Single-Source,False,No flags
ACC-0162,Account,Ext-Acc-286363,9000000442.0,Financial,1,0,0,1,0,2025-11-28,2025-11-28,Sender,False,📄 Single-Source,False,No flags
ACC-0163,Account,Ext-Acc-372264,,Financial,1,0,0,1,0,2025-11-18,2025-11-18,Receiver,False,📄 Single-Source,False,No flags
ACC-0164,Account,Ext-Acc-329392,9000000093.0,Financial,1,0,0,1,0,2026-08-16,2026-08-16,Receiver,False,📄 Single-Source,False,No flags
ACC-0165,Account,Ext-Acc-281490,9000000088.0,Financial,1,0,0,1,0,2025-01-23,2025-01-23,Sender,False,📄 Single-Source,False,No flags
ACC-0166,Account,Ext-Acc-274228,9000000199.0,Financial,1,0,0,1,0,2026-02-17,2026-02-17,Sender,False,📄 Single-Source,False,No flags
ACC-0167,Account,Ext-Acc-309120,9000000199.0,Financial,1,0,0,1,0,2026-02-17,2026-02-17,Receiver,False,📄 Single-Source,False,No flags
ACC-0168,Account,Ext-Acc-317987,9000000458.0,Financial,1,0,0,1,0,2026-08-04,2026-08-04,Receiver,False,📄 Single-Source,False,No flags
ACC-0169,Account,Ext-Acc-309447,9000000420.0,Financial,1,0,0,1,0,2025-03-02,2025-03-02,Receiver,False,📄 Single-Source,False,No flags
ACC-0170,Account,Ext-Acc-229041,9000000177.0,Financial,1,0,0,1,0,2026-08-26,2026-08-26,Sender,False,📄 Single-Source,False,No flags
ACC-0171,Account,Ext-Acc-284278,9000000319.0,Financial,1,0,0,1,0,2025-12-31,2025-12-31,Sender,False,📄 Single-Source,False,No flags
ACC-0172,Account,Ext-Acc-342143,9000000193.0,Financial,1,0,0,1,0,2025-09-24,2025-09-24,Receiver,False,📄 Single-Source,False,No flags
ACC-0173,Account,Ext-Acc-268690,9000000470.0,Financial,1,0,0,1,0,2026-06-12,2026-06-12,Sender,False,📄 Single-Source,False,No flags
ACC-0174,Account,Ext-Acc-251374,,Financial,1,0,0,1,0,2026-06-05,2026-06-05,Sender,False,📄 Single-Source,False,No flags
ACC-0175,Account,Ext-Acc-269013,,Financial,1,0,0,1,0,2025-05-21,2025-05-21,Sender,False,📄 Single-Source,False,No flags
ACC-0176,Account,Ext-Acc-358222,,Financial,1,0,0,1,0,2025-07-05,2025-07-05,Receiver,False,📄 Single-Source,False,No flags
ACC-0177,Account,Ext-Acc-345820,,Financial,1,0,0,1,0,2025-07-03,2025-07-03,Receiver,False,📄 Single-Source,False,No flags
ACC-0178,Account,Ext-Acc-293677,9000000119.0,Financial,1,0,0,1,0,2025-04-18,2025-04-18,Sender,False,📄 Single-Source,False,No flags
ACC-0179,Account,Ext-Acc-378215,9000000317.0,Financial,1,0,0,1,0,2025-08-15,2025-08-15,Receiver,False,📄 Single-Source,False,No flags
ACC-0180,Account,Ext-Acc-291146,,Financial,1,0,0,1,0,2025-06-06,2025-06-06,Sender,False,📄 Single-Source,False,No flags
ACC-0181,Account,Ext-Acc-250678,9000000191.0,Financial,1,0,0,1,0,2025-03-06,2025-03-06,Sender,False,📄 Single-Source,False,No flags
ACC-0182,Account,Ext-Acc-340173,9000000317.0,Financial,1,0,0,1,0,2025-10-01,2025-10-01,Receiver,False,📄 Single-Source,False,No flags
ACC-0183,Account,Ext-Acc-309835,,Financial,1,0,0,1,0,2026-06-12,2026-06-12,Receiver,False,📄 Single-Source,False,No flags
ACC-0184,Account,Ext-Acc-257432,9000000296.0,Financial,1,0,0,1,0,2025-01-26,2025-01-26,Sender,False,📄 Single-Source,False,No flags
ACC-0185,Account,Ext-Acc-228124,9000000110.0,Financial,1,0,0,1,0,2025-02-27,2025-02-27,Sender,False,📄 Single-Source,False,No flags
ACC-0186,Account,Ext-Acc-337431,9000000110.0,Financial,1,0,0,1,0,2025-02-27,2025-02-27,Receiver,False,📄 Single-Source,False,No flags
ACC-0187,Account,Ext-Acc-289381,9000000430.0,Financial,1,0,0,1,0,2025-05-03,2025-05-03,Sender,False,📄 Single-Source,False,No flags
ACC-0188,Account,Ext-Acc-341889,9000000430.0,Financial,1,0,0,1,0,2025-05-03,2025-05-03,Receiver,False,📄 Single-Source,False,No flags
ACC-0189,Account,Ext-Acc-331029,9000000465.0,Financial,1,0,0,1,0,2025-12-30,2025-12-30,Receiver,False,📄 Single-Source,False,No flags
ACC-0190,Account,Ext-Acc-268903,9000000359.0,Financial,1,0,0,1,0,2025-12-16,2025-12-16,Sender,False,📄 Single-Source,False,No flags
ACC-0191,Account,Ext-Acc-272260,9000000030.0,Financial,1,0,0,1,0,2025-04-07,2025-04-07,Sender,False,📄 Single-Source,False,No flags
ACC-0192,Account,Ext-Acc-254602,9000000091.0,Financial,1,0,0,1,0,2026-06-17,2026-06-17,Sender,False,📄 Single-Source,False,No flags
ACC-0193,Account,Ext-Acc-275718,9000000419.0,Financial,1,0,0,1,0,2025-08-28,2025-08-28,Sender,False,📄 Single-Source,False,No flags
ACC-0194,Account,Ext-Acc-324881,9000000419.0,Financial,1,0,0,1,0,2025-08-28,2025-08-28,Receiver,False,📄 Single-Source,False,No flags
ACC-0195,Account,Ext-Acc-368069,9000000243.0,Financial,1,0,0,1,0,2026-04-22,2026-04-22,Receiver,False,📄 Single-Source,False,No flags
ACC-0196,Account,Ext-Acc-277820,9000000241.0,Financial,1,0,0,1,0,2025-01-13,2025-01-13,Sender,False,📄 Single-Source,False,No flags
ACC-0197,Account,Ext-Acc-295069,9000000252.0,Financial,1,0,0,1,0,2026-08-26,2026-08-26,Sender,False,📄 Single-Source,False,No flags
ACC-0198,Account,Ext-Acc-382478,9000000252.0,Financial,1,0,0,1,0,2026-08-26,2026-08-26,Receiver,False,📄 Single-Source,False,No flags
ACC-0199,Account,Ext-Acc-349832,9000000385.0,Financial,1,0,0,1,0,2026-06-29,2026-06-29,Receiver,False,📄 Single-Source,False,No flags
ACC-0200,Account,Ext-Acc-253788,9000000186.0,Financial,1,0,0,1,0,2026-02-07,2026-02-07,Sender,False,📄 Single-Source,False,No flags
ACC-0201,Account,Ext-Acc-344869,9000000313.0,Financial,1,0,0,1,0,2025-05-30,2025-05-30,Receiver,False,📄 Single-Source,False,No flags
ACC-0202,Account,Ext-Acc-237880,9000000420.0,Financial,1,0,0,1,0,2026-09-10,2026-09-10,Sender,False,📄 Single-Source,False,No flags
ACC-0203,Account,Ext-Acc-390471,9000000420.0,Financial,1,0,0,1,0,2026-09-10,2026-09-10,Receiver,False,📄 Single-Source,False,No flags
ACC-0204,Account,Ext-Acc-313178,9000000201.0,Financial,1,0,0,1,0,2025-05-03,2025-05-03,Receiver,False,📄 Single-Source,False,No flags
ACC-0205,Account,Ext-Acc-299078,9000000025.0,Financial,1,0,0,1,0,2026-03-22,2026-03-22,Sender,False,📄 Single-Source,False,No flags
ACC-0206,Account,Ext-Acc-342096,9000000025.0,Financial,1,0,0,1,0,2026-03-22,2026-03-22,Receiver,False,📄 Single-Source,False,No flags
ACC-0207,Account,Ext-Acc-304763,,Financial,1,0,0,1,0,2026-08-05,2026-08-05,Receiver,False,📄 Single-Source,False,No flags
ACC-0208,Account,Ext-Acc-224219,,Financial,1,0,0,1,0,2025-12-13,2025-12-13,Sender,False,📄 Single-Source,False,No flags
ACC-0209,Account,Ext-Acc-362580,,Financial,1,0,0,1,0,2025-12-13,2025-12-13,Receiver,False,📄 Single-Source,False,No flags
ACC-0210,Account,Ext-Acc-228627,9000000196.0,Financial,1,0,0,1,0,2026-02-15,2026-02-15,Sender,False,📄 Single-Source,False,No flags
ACC-0211,Account,Ext-Acc-389173,9000000196.0,Financial,1,0,0,1,0,2026-02-15,2026-02-15,Receiver,False,📄 Single-Source,False,No flags
ACC-0212,Account,Ext-Acc-350132,,Financial,1,0,0,1,0,2026-06-15,2026-06-15,Receiver,False,📄 Single-Source,False,No flags
ACC-0213,Account,Ext-Acc-232441,9000000154.0,Financial,1,0,0,1,0,2026-05-28,2026-05-28,Sender,False,📄 Single-Source,False,No flags
ACC-0214,Account,Ext-Acc-341799,9000000265.0,Financial,1,0,0,1,0,2025-04-22,2025-04-22,Receiver,False,📄 Single-Source,False,No flags
ACC-0215,Account,Ext-Acc-296365,9000000337.0,Financial,1,0,0,1,0,2026-05-15,2026-05-15,Sender,False,📄 Single-Source,False,No flags
ACC-0216,Account,Ext-Acc-382050,9000000337.0,Financial,1,0,0,1,0,2026-05-15,2026-05-15,Receiver,False,📄 Single-Source,False,No flags
ACC-0217,Account,Ext-Acc-253511,,Financial,1,0,0,1,0,2026-07-04,2026-07-04,Sender,False,📄 Single-Source,False,No flags
ACC-0218,Account,Ext-Acc-273044,9000000105.0,Financial,1,0,0,1,0,2025-10-16,2025-10-16,Sender,False,📄 Single-Source,False,No flags
ACC-0219,Account,Ext-Acc-215376,9000000221.0,Financial,1,0,0,1,0,2025-11-05,2025-11-05,Sender,False,📄 Single-Source,False,No flags
ACC-0220,Account,Ext-Acc-398871,9000000221.0,Financial,1,0,0,1,0,2025-11-05,2025-11-05,Receiver,False,📄 Single-Source,False,No flags
ACC-0221,Account,Ext-Acc-289764,9000000188.0,Financial,1,0,0,1,0,2026-07-24,2026-07-24,Sender,False,📄 Single-Source,False,No flags
ACC-0222,Account,Ext-Acc-271058,,Financial,1,0,0,1,0,2026-06-04,2026-06-04,Sender,False,📄 Single-Source,False,No flags
ACC-0223,Account,Ext-Acc-307698,,Financial,1,0,0,1,0,2026-06-04,2026-06-04,Receiver,False,📄 Single-Source,False,No flags
ACC-0224,Account,Ext-Acc-285182,9000000352.0,Financial,1,0,0,1,0,2025-01-08,2025-01-08,Sender,False,📄 Single-Source,False,No flags
ACC-0225,Account,Ext-Acc-312255,9000000352.0,Financial,1,0,0,1,0,2025-01-08,2025-01-08,Receiver,False,📄 Single-Source,False,No flags
ACC-0226,Account,Ext-Acc-274167,9000000046.0,Financial,1,0,0,1,0,2026-06-22,2026-06-22,Sender,False,📄 Single-Source,False,No flags
ACC-0227,Account,Ext-Acc-312499,9000000046.0,Financial,1,0,0,1,0,2026-06-22,2026-06-22,Receiver,False,📄 Single-Source,False,No flags
ACC-0228,Account,Ext-Acc-236749,9000000442.0,Financial,1,0,0,1,0,2025-06-10,2025-06-10,Sender,False,📄 Single-Source,False,No flags
ACC-0229,Account,Ext-Acc-373860,9000000442.0,Financial,1,0,0,1,0,2025-06-10,2025-06-10,Receiver,False,📄 Single-Source,False,No flags
ACC-0230,Account,Ext-Acc-239226,,Financial,1,0,0,1,0,2026-08-10,2026-08-10,Sender,False,📄 Single-Source,False,No flags
ACC-0231,Account,Ext-Acc-259054,,Financial,1,0,0,1,0,2025-10-23,2025-10-23,Sender,False,📄 Single-Source,False,No flags
ACC-0232,Account,Ext-Acc-210752,9000000289.0,Financial,1,0,0,1,0,2025-03-24,2025-03-24,Sender,False,📄 Single-Source,False,No flags
ACC-0233,Account,Ext-Acc-201617,9000000024.0,Financial,1,0,0,1,0,2025-05-12,2025-05-12,Sender,False,📄 Single-Source,False,No flags
ACC-0234,Account,Ext-Acc-243544,9000000097.0,Financial,1,0,0,1,0,2026-05-21,2026-05-21,Sender,False,📄 Single-Source,False,No flags
ACC-0235,Account,Ext-Acc-349792,9000000097.0,Financial,1,0,0,1,0,2026-05-21,2026-05-21,Receiver,False,📄 Single-Source,False,No flags
ACC-0236,Account,Ext-Acc-226326,,Financial,1,0,0,1,0,2026-01-17,2026-01-17,Sender,False,📄 Single-Source,False,No flags
ACC-0237,Account,Ext-Acc-218242,9000000063.0,Financial,1,0,0,1,0,2026-04-10,2026-04-10,Sender,False,📄 Single-Source,False,No flags
ACC-0238,Account,Ext-Acc-290663,9000000002.0,Financial,1,0,0,1,0,2025-07-12,2025-07-12,Sender,False,📄 Single-Source,False,No flags
ACC-0239,Account,Ext-Acc-245656,9000000457.0,Financial,1,0,0,1,0,2026-07-15,2026-07-15,Sender,False,📄 Single-Source,False,No flags
ACC-0240,Account,Ext-Acc-215084,9000000104.0,Financial,1,0,0,1,0,2026-03-05,2026-03-05,Sender,False,📄 Single-Source,False,No flags
ACC-0241,Account,Ext-Acc-351849,9000000137.0,Financial,1,0,0,1,0,2025-11-30,2025-11-30,Receiver,False,📄 Single-Source,False,No flags
ACC-0242,Account,Ext-Acc-208200,,Financial,1,0,0,1,0,2025-07-23,2025-07-23,Sender,False,📄 Single-Source,False,No flags
ACC-0243,Account,Ext-Acc-354477,9000000319.0,Financial,1,0,0,1,0,2025-01-24,2025-01-24,Receiver,False,📄 Single-Source,False,No flags
ACC-0244,Account,Ext-Acc-299615,9000000069.0,Financial,1,0,0,1,0,2026-08-07,2026-08-07,Sender,False,📄 Single-Source,False,No flags
ACC-0245,Account,Ext-Acc-371611,9000000069.0,Financial,1,0,0,1,0,2026-08-07,2026-08-07,Receiver,False,📄 Single-Source,False,No flags
ACC-0246,Account,Ext-Acc-207780,,Financial,1,0,0,1,0,2026-03-21,2026-03-21,Sender,False,📄 Single-Source,False,No flags
ACC-0247,Account,Ext-Acc-289037,9000000103.0,Financial,1,0,0,1,0,2026-05-25,2026-05-25,Sender,False,📄 Single-Source,False,No flags
ACC-0248,Account,Ext-Acc-317771,9000000103.0,Financial,1,0,0,1,0,2026-05-25,2026-05-25,Receiver,False,📄 Single-Source,False,No flags
ACC-0249,Account,Ext-Acc-252129,9000000425.0,Financial,1,0,0,1,0,2026-03-02,2026-03-02,Sender,False,📄 Single-Source,False,No flags
ACC-0250,Account,Ext-Acc-206021,,Financial,1,0,0,1,0,2025-12-21,2025-12-21,Sender,False,📄 Single-Source,False,No flags
ACC-0251,Account,Ext-Acc-356260,9000000343.0,Financial,1,0,0,1,0,2025-03-02,2025-03-02,Receiver,False,📄 Single-Source,False,No flags
ACC-0252,Account,Ext-Acc-215806,9000000302.0,Financial,1,0,0,1,0,2026-07-22,2026-07-22,Sender,False,📄 Single-Source,False,No flags
ACC-0253,Account,Ext-Acc-355353,9000000302.0,Financial,1,0,0,1,0,2026-07-22,2026-07-22,Receiver,False,📄 Single-Source,False,No flags
ACC-0254,Account,Ext-Acc-317451,9000000385.0,Financial,1,0,0,1,0,2025-01-07,2025-01-07,Receiver,False,📄 Single-Source,False,No flags
ACC-0255,Account,Ext-Acc-331370,,Financial,1,0,0,1,0,2025-02-25,2025-02-25,Receiver,False,📄 Single-Source,False,No flags
ACC-0256,Account,Ext-Acc-217299,9000000273.0,Financial,1,0,0,1,0,2026-08-22,2026-08-22,Sender,False,📄 Single-Source,False,No flags
ACC-0257,Account,Ext-Acc-252163,9000000012.0,Financial,1,0,0,1,0,2026-05-13,2026-05-13,Sender,False,📄 Single-Source,False,No flags
ACC-0258,Account,Ext-Acc-370305,9000000465.0,Financial,1,0,0,1,0,2025-12-06,2025-12-06,Receiver,False,📄 Single-Source,False,No flags
ACC-0259,Account,Ext-Acc-397079,,Financial,1,0,0,1,0,2025-05-08,2025-05-08,Receiver,False,📄 Single-Source,False,No flags
ACC-0260,Account,Ext-Acc-233980,,Financial,1,0,0,1,0,2025-01-23,2025-01-23,Sender,False,📄 Single-Source,False,No flags
ACC-0261,Account,Ext-Acc-215117,,Financial,1,0,0,1,0,2025-10-10,2025-10-10,Sender,False,📄 Single-Source,False,No flags
ACC-0262,Account,Ext-Acc-272465,9000000462.0,Financial,1,0,0,1,0,2026-07-14,2026-07-14,Sender,False,📄 Single-Source,False,No flags
ACC-0263,Account,Ext-Acc-393588,9000000462.0,Financial,1,0,0,1,0,2026-07-14,2026-07-14,Receiver,False,📄 Single-Source,False,No flags
ACC-0264,Account,Ext-Acc-323507,,Financial,1,0,0,1,0,2025-02-23,2025-02-23,Receiver,False,📄 Single-Source,False,No flags
ACC-0265,Account,Ext-Acc-318661,9000000061.0,Financial,1,0,0,1,0,2026-02-08,2026-02-08,Receiver,False,📄 Single-Source,False,No flags
ACC-0266,Account,Ext-Acc-241688,9000000321.0,Financial,1,0,0,1,0,2025-05-01,2025-05-01,Sender,False,📄 Single-Source,False,No flags
ACC-0267,Account,Ext-Acc-251936,9000000111.0,Financial,1,0,0,1,0,2025-12-18,2025-12-18,Sender,False,📄 Single-Source,False,No flags
ACC-0268,Account,Ext-Acc-293502,9000000367.0,Financial,1,0,0,1,0,2025-07-30,2025-07-30,Sender,False,📄 Single-Source,False,No flags
ACC-0269,Account,Ext-Acc-250911,,Financial,1,0,0,1,0,2026-07-28,2026-07-28,Sender,False,📄 Single-Source,False,No flags
ACC-0270,Account,Ext-Acc-268982,9000000141.0,Financial,1,0,0,1,0,2025-09-19,2025-09-19,Sender,False,📄 Single-Source,False,No flags
ACC-0271,Account,Ext-Acc-309506,9000000141.0,Financial,1,0,0,1,0,2025-09-19,2025-09-19,Receiver,False,📄 Single-Source,False,No flags
ACC-0272,Account,Ext-Acc-283789,9000000384.0,Financial,1,0,0,1,0,2026-04-03,2026-04-03,Sender,False,📄 Single-Source,False,No flags
ACC-0273,Account,Ext-Acc-385089,9000000384.0,Financial,1,0,0,1,0,2026-04-03,2026-04-03,Receiver,False,📄 Single-Source,False,No flags
ACC-0274,Account,Ext-Acc-375082,,Financial,1,0,0,1,0,2026-04-13,2026-04-13,Receiver,False,📄 Single-Source,False,No flags
ACC-0275,Account,Ext-Acc-385323,9000000342.0,Financial,1,0,0,1,0,2025-01-26,2025-01-26,Receiver,False,📄 Single-Source,False,No flags
ACC-0276,Account,Ext-Acc-254870,9000000110.0,Financial,1,0,0,1,0,2025-08-21,2025-08-21,Sender,False,📄 Single-Source,False,No flags
ACC-0277,Account,Ext-Acc-390055,9000000110.0,Financial,1,0,0,1,0,2025-08-21,2025-08-21,Receiver,False,📄 Single-Source,False,No flags
ACC-0278,Account,Ext-Acc-388805,,Financial,1,0,0,1,0,2025-05-10,2025-05-10,Receiver,False,📄 Single-Source,False,No flags
ACC-0279,Account,Ext-Acc-257067,9000000445.0,Financial,1,0,0,1,0,2025-02-22,2025-02-22,Sender,False,📄 Single-Source,False,No flags
ACC-0280,Account,Ext-Acc-352654,,Financial,1,0,0,1,0,2025-02-08,2025-02-08,Receiver,False,📄 Single-Source,False,No flags
ACC-0281,Account,Ext-Acc-389764,,Financial,1,0,0,1,0,2026-08-01,2026-08-01,Receiver,False,📄 Single-Source,False,No flags
ACC-0282,Account,Ext-Acc-266207,9000000304.0,Financial,1,0,0,1,0,2025-05-18,2025-05-18,Sender,False,📄 Single-Source,False,No flags
ACC-0283,Account,Ext-Acc-290289,9000000390.0,Financial,1,0,0,1,0,2025-06-21,2025-06-21,Sender,False,📄 Single-Source,False,No flags
ACC-0284,Account,Ext-Acc-267276,9000000436.0,Financial,1,0,0,1,0,2026-04-12,2026-04-12,Sender,False,📄 Single-Source,False,No flags
ACC-0285,Account,Ext-Acc-236094,9000000474.0,Financial,1,0,0,1,0,2026-02-09,2026-02-09,Sender,False,📄 Single-Source,False,No flags
ACC-0286,Account,Ext-Acc-249051,9000000102.0,Financial,1,0,0,1,0,2025-08-03,2025-08-03,Sender,False,📄 Single-Source,False,No flags
ACC-0287,Account,Ext-Acc-285389,9000000351.0,Financial,1,0,0,1,0,2026-04-12,2026-04-12,Sender,False,📄 Single-Source,False,No flags
ACC-0288,Account,Ext-Acc-238745,9000000022.0,Financial,1,0,0,1,0,2025-05-28,2025-05-28,Sender,False,📄 Single-Source,False,No flags
ACC-0289,Account,Ext-Acc-388063,9000000365.0,Financial,1,0,0,1,0,2026-03-10,2026-03-10,Receiver,False,📄 Single-Source,False,No flags
ACC-0290,Account,Ext-Acc-295051,9000000289.0,Financial,1,0,0,1,0,2025-06-22,2025-06-22,Sender,False,📄 Single-Source,False,No flags
ACC-0291,Account,Ext-Acc-399997,9000000289.0,Financial,1,0,0,1,0,2025-06-22,2025-06-22,Receiver,False,📄 Single-Source,False,No flags
ACC-0292,Account,Ext-Acc-243426,,Financial,1,0,0,1,0,2026-03-30,2026-03-30,Sender,False,📄 Single-Source,False,No flags
ACC-0293,Account,Ext-Acc-369446,9000000260.0,Financial,1,0,0,1,0,2025-06-05,2025-06-05,Receiver,False,📄 Single-Source,False,No flags
ACC-0294,Account,Ext-Acc-216961,9000000447.0,Financial,1,0,0,1,0,2026-02-19,2026-02-19,Sender,False,📄 Single-Source,False,No flags
ACC-0295,Account,Ext-Acc-378167,9000000362.0,Financial,1,0,0,1,0,2025-09-24,2025-09-24,Receiver,False,📄 Single-Source,False,No flags
ACC-0296,Account,Ext-Acc-252873,9000000060.0,Financial,1,0,0,1,0,2025-05-12,2025-05-12,Sender,False,📄 Single-Source,False,No flags
ACC-0297,Account,Ext-Acc-301620,9000000384.0,Financial,1,0,0,1,0,2026-06-05,2026-06-05,Receiver,False,📄 Single-Source,False,No flags
ACC-0298,Account,Ext-Acc-221679,9000000482.0,Financial,1,0,0,1,0,2026-03-04,2026-03-04,Sender,False,📄 Single-Source,False,No flags
ACC-0299,Account,Ext-Acc-279194,9000000347.0,Financial,1,0,0,1,0,2025-12-21,2025-12-21,Sender,False,📄 Single-Source,False,No flags
ACC-0300,Account,Ext-Acc-383563,9000000347.0,Financial,1,0,0,1,0,2025-12-21,2025-12-21,Receiver,False,📄 Single-Source,False,No flags
ACC-0301,Account,Ext-Acc-243512,9000000386.0,Financial,1,0,0,1,0,2026-08-13,2026-08-13,Sender,False,📄 Single-Source,False,No flags
ACC-0302,Account,Ext-Acc-238270,9000000176.0,Financial,1,0,0,1,0,2026-07-11,2026-07-11,Sender,False,📄 Single-Source,False,No flags
ACC-0303,Account,Ext-Acc-300568,,Financial,1,0,0,1,0,2026-01-11,2026-01-11,Receiver,False,📄 Single-Source,False,No flags
ACC-0304,Account,Ext-Acc-398097,9000000006.0,Financial,1,0,0,1,0,2026-03-06,2026-03-06,Receiver,False,📄 Single-Source,False,No flags
ACC-0305,Account,Ext-Acc-289995,9000000259.0,Financial,1,0,0,1,0,2026-06-24,2026-06-24,Sender,False,📄 Single-Source,False,No flags
ACC-0306,Account,Ext-Acc-393077,9000000387.0,Financial,1,0,0,1,0,2025-11-25,2025-11-25,Receiver,False,📄 Single-Source,False,No flags
ACC-0307,Account,Ext-Acc-337567,,Financial,1,0,0,1,0,2025-08-18,2025-08-18,Receiver,False,📄 Single-Source,False,No flags
ACC-0308,Account,Ext-Acc-350797,9000000050.0,Financial,1,0,0,1,0,2025-02-11,2025-02-11,Receiver,False,📄 Single-Source,False,No flags
ACC-0309,Account,Ext-Acc-258073,9000000422.0,Financial,1,0,0,1,0,2025-05-31,2025-05-31,Sender,False,📄 Single-Source,False,No flags
ACC-0310,Account,Ext-Acc-383071,9000000422.0,Financial,1,0,0,1,0,2025-05-31,2025-05-31,Receiver,False,📄 Single-Source,False,No flags
ACC-0311,Account,Ext-Acc-249146,,Financial,1,0,0,1,0,2026-02-04,2026-02-04,Sender,False,📄 Single-Source,False,No flags
ACC-0312,Account,Ext-Acc-269888,,Financial,1,0,0,1,0,2025-06-09,2025-06-09,Sender,False,📄 Single-Source,False,No flags
ACC-0313,Account,Ext-Acc-320152,,Financial,1,0,0,1,0,2025-02-12,2025-02-12,Receiver,False,📄 Single-Source,False,No flags
ACC-0314,Account,Ext-Acc-253429,9000000108.0,Financial,1,0,0,1,0,2025-01-05,2025-01-05,Sender,False,📄 Single-Source,False,No flags
ACC-0315,Account,Ext-Acc-209514,9000000234.0,Financial,1,0,0,1,0,2025-12-06,2025-12-06,Sender,False,📄 Single-Source,False,No flags
ACC-0316,Account,Ext-Acc-319974,9000000022.0,Financial,1,0,0,1,0,2025-05-11,2025-05-11,Receiver,False,📄 Single-Source,False,No flags
ACC-0317,Account,Ext-Acc-218350,9000000195.0,Financial,1,0,0,1,0,2025-01-15,2025-01-15,Sender,False,📄 Single-Source,False,No flags
ACC-0318,Account,Ext-Acc-325746,9000000195.0,Financial,1,0,0,1,0,2025-01-15,2025-01-15,Receiver,False,📄 Single-Source,False,No flags
ACC-0319,Account,Ext-Acc-372298,9000000083.0,Financial,1,0,0,1,0,2026-08-26,2026-08-26,Receiver,False,📄 Single-Source,False,No flags
ACC-0320,Account,Ext-Acc-296458,9000000390.0,Financial,1,0,0,1,0,2025-10-14,2025-10-14,Sender,False,📄 Single-Source,False,No flags
ACC-0321,Account,Ext-Acc-347028,9000000390.0,Financial,1,0,0,1,0,2025-10-14,2025-10-14,Receiver,False,📄 Single-Source,False,No flags
ACC-0322,Account,Ext-Acc-247349,9000000319.0,Financial,1,0,0,1,0,2026-07-01,2026-07-01,Sender,False,📄 Single-Source,False,No flags
ACC-0323,Account,Ext-Acc-254344,,Financial,1,0,0,1,0,2025-05-06,2025-05-06,Sender,False,📄 Single-Source,False,No flags
ACC-0324,Account,Ext-Acc-394405,,Financial,1,0,0,1,0,2025-05-06,2025-05-06,Receiver,False,📄 Single-Source,False,No flags
ACC-0325,Account,Ext-Acc-337152,9000000456.0,Financial,1,0,0,1,0,2026-01-10,2026-01-10,Receiver,False,📄 Single-Source,False,No flags
ACC-0326,Account,Ext-Acc-223839,9000000103.0,Financial,1,0,0,1,0,2025-02-23,2025-02-23,Sender,False,📄 Single-Source,False,No flags
ACC-0327,Account,Ext-Acc-266107,9000000350.0,Financial,1,0,0,1,0,2026-09-01,2026-09-01,Sender,False,📄 Single-Source,False,No flags
ACC-0328,Account,Ext-Acc-319603,9000000350.0,Financial,1,0,0,1,0,2026-09-01,2026-09-01,Receiver,False,📄 Single-Source,False,No flags
ACC-0329,Account,Ext-Acc-300932,9000000033.0,Financial,1,0,0,1,0,2025-06-09,2025-06-09,Receiver,False,📄 Single-Source,False,No flags
ACC-0330,Account,Ext-Acc-367915,9000000345.0,Financial,1,0,0,1,0,2026-06-27,2026-06-27,Receiver,False,📄 Single-Source,False,No flags
ACC-0331,Account,Ext-Acc-352354,,Financial,1,0,0,1,0,2025-01-12,2025-01-12,Receiver,False,📄 Single-Source,False,No flags
ACC-0332,Account,Ext-Acc-345625,,Financial,1,0,0,1,0,2025-06-01,2025-06-01,Receiver,False,📄 Single-Source,False,No flags
ACC-0333,Account,Ext-Acc-299283,9000000461.0,Financial,1,0,0,1,0,2025-04-01,2025-04-01,Sender,False,📄 Single-Source,False,No flags
ACC-0334,Account,Ext-Acc-367699,9000000045.0,Financial,1,0,0,1,0,2025-03-14,2025-03-14,Receiver,False,📄 Single-Source,False,No flags
ACC-0335,Account,Ext-Acc-246665,,Financial,1,0,0,1,0,2026-08-17,2026-08-17,Sender,False,📄 Single-Source,False,No flags
ACC-0336,Account,Ext-Acc-336009,9000000454.0,Financial,1,0,0,1,0,2025-06-22,2025-06-22,Receiver,False,📄 Single-Source,False,No flags
ACC-0337,Account,Ext-Acc-326077,9000000372.0,Financial,1,0,0,1,0,2025-08-10,2025-08-10,Receiver,False,📄 Single-Source,False,No flags
ACC-0338,Account,Ext-Acc-216389,9000000147.0,Financial,1,0,0,1,0,2025-11-05,2025-11-05,Sender,False,📄 Single-Source,False,No flags
ACC-0339,Account,Ext-Acc-386772,9000000147.0,Financial,1,0,0,1,0,2025-11-05,2025-11-05,Receiver,False,📄 Single-Source,False,No flags
ACC-0340,Account,Ext-Acc-373922,9000000168.0,Financial,1,0,0,1,0,2026-01-10,2026-01-10,Receiver,False,📄 Single-Source,False,No flags
ACC-0341,Account,Ext-Acc-278250,9000000177.0,Financial,1,0,0,1,0,2025-07-14,2025-07-14,Sender,False,📄 Single-Source,False,No flags
ACC-0342,Account,Ext-Acc-319148,,Financial,1,0,0,1,0,2025-05-22,2025-05-22,Receiver,False,📄 Single-Source,False,No flags
ACC-0343,Account,Ext-Acc-215985,9000000172.0,Financial,1,0,0,1,0,2025-01-27,2025-01-27,Sender,False,📄 Single-Source,False,No flags
ACC-0344,Account,Ext-Acc-393674,9000000172.0,Financial,1,0,0,1,0,2025-01-27,2025-01-27,Receiver,False,📄 Single-Source,False,No flags
ACC-0345,Account,Ext-Acc-227321,9000000382.0,Financial,1,0,0,1,0,2026-08-02,2026-08-02,Sender,False,📄 Single-Source,False,No flags
ACC-0346,Account,Ext-Acc-387385,,Financial,1,0,0,1,0,2025-01-12,2025-01-12,Receiver,False,📄 Single-Source,False,No flags
ACC-0347,Account,Ext-Acc-362294,9000000185.0,Financial,1,0,0,1,0,2025-05-03,2025-05-03,Receiver,False,📄 Single-Source,False,No flags
ACC-0348,Account,Ext-Acc-281937,,Financial,1,0,0,1,0,2025-06-30,2025-06-30,Sender,False,📄 Single-Source,False,No flags
ACC-0349,Account,Ext-Acc-257503,9000000232.0,Financial,1,0,0,1,0,2025-01-31,2025-01-31,Sender,False,📄 Single-Source,False,No flags
ACC-0350,Account,Ext-Acc-302798,9000000232.0,Financial,1,0,0,1,0,2025-01-31,2025-01-31,Receiver,False,📄 Single-Source,False,No flags
ACC-0351,Account,Ext-Acc-366316,9000000108.0,Financial,1,0,0,1,0,2025-10-10,2025-10-10,Receiver,False,📄 Single-Source,False,No flags
ACC-0352,Account,Ext-Acc-250789,9000000157.0,Financial,1,0,0,1,0,2026-05-13,2026-05-13,Sender,False,📄 Single-Source,False,No flags
ACC-0353,Account,Ext-Acc-254519,,Financial,1,0,0,1,0,2025-08-25,2025-08-25,Sender,False,📄 Single-Source,False,No flags
ACC-0354,Account,Ext-Acc-392855,,Financial,1,0,0,1,0,2025-08-25,2025-08-25,Receiver,False,📄 Single-Source,False,No flags
ACC-0355,Account,Ext-Acc-292084,9000000242.0,Financial,1,0,0,1,0,2026-05-26,2026-05-26,Sender,False,📄 Single-Source,False,No flags
ACC-0356,Account,Ext-Acc-313644,9000000242.0,Financial,1,0,0,1,0,2026-05-26,2026-05-26,Receiver,False,📄 Single-Source,False,No flags
ACC-0357,Account,Ext-Acc-241307,9000000196.0,Financial,1,0,0,1,0,2026-07-18,2026-07-18,Sender,False,📄 Single-Source,False,No flags
ACC-0358,Account,Ext-Acc-233303,9000000163.0,Financial,1,0,0,1,0,2026-04-08,2026-04-08,Sender,False,📄 Single-Source,False,No flags
ACC-0359,Account,Ext-Acc-302844,9000000040.0,Financial,1,0,0,1,0,2026-03-07,2026-03-07,Receiver,False,📄 Single-Source,False,No flags
ACC-0360,Account,Ext-Acc-212499,9000000352.0,Financial,1,0,0,1,0,2026-08-22,2026-08-22,Sender,False,📄 Single-Source,False,No flags
ACC-0361,Account,Ext-Acc-215799,9000000337.0,Financial,1,0,0,1,0,2026-05-07,2026-05-07,Sender,False,📄 Single-Source,False,No flags
ACC-0362,Account,Ext-Acc-329716,9000000337.0,Financial,1,0,0,1,0,2026-05-07,2026-05-07,Receiver,False,📄 Single-Source,False,No flags
ACC-0363,Account,Ext-Acc-380213,9000000444.0,Financial,1,0,0,1,0,2025-06-29,2025-06-29,Receiver,False,📄 Single-Source,False,No flags
ACC-0364,Account,Ext-Acc-351662,,Financial,1,0,0,1,0,2025-12-17,2025-12-17,Receiver,False,📄 Single-Source,False,No flags
ACC-0365,Account,Ext-Acc-232207,,Financial,1,0,0,1,0,2025-12-08,2025-12-08,Sender,False,📄 Single-Source,False,No flags
ACC-0366,Account,Ext-Acc-274120,9000000248.0,Financial,1,0,0,1,0,2025-11-22,2025-11-22,Sender,False,📄 Single-Source,False,No flags
ACC-0367,Account,Ext-Acc-319672,9000000248.0,Financial,1,0,0,1,0,2025-11-22,2025-11-22,Receiver,False,📄 Single-Source,False,No flags
ACC-0368,Account,Ext-Acc-204813,9000000453.0,Financial,1,0,0,1,0,2025-02-08,2025-02-08,Sender,False,📄 Single-Source,False,No flags
ACC-0369,Account,Ext-Acc-280096,9000000187.0,Financial,1,0,0,1,0,2026-08-06,2026-08-06,Sender,False,📄 Single-Source,False,No flags
ACC-0370,Account,Ext-Acc-391730,9000000187.0,Financial,1,0,0,1,0,2026-08-06,2026-08-06,Receiver,False,📄 Single-Source,False,No flags
ACC-0371,Account,Ext-Acc-242312,9000000319.0,Financial,1,0,0,1,0,2026-01-01,2026-01-01,Sender,False,📄 Single-Source,False,No flags
ACC-0372,Account,Ext-Acc-380223,,Financial,1,0,0,1,0,2026-06-19,2026-06-19,Receiver,False,📄 Single-Source,False,No flags
ACC-0373,Account,Ext-Acc-234034,9000000331.0,Financial,1,0,0,1,0,2026-07-21,2026-07-21,Sender,False,📄 Single-Source,False,No flags
ACC-0374,Account,Ext-Acc-200207,9000000304.0,Financial,1,0,0,1,0,2025-11-19,2025-11-19,Sender,False,📄 Single-Source,False,No flags
ACC-0375,Account,Ext-Acc-227831,,Financial,1,0,0,1,0,2026-03-04,2026-03-04,Sender,False,📄 Single-Source,False,No flags
ACC-0376,Account,Ext-Acc-368632,,Financial,1,0,0,1,0,2026-02-05,2026-02-05,Receiver,False,📄 Single-Source,False,No flags
ACC-0377,Account,Ext-Acc-283735,9000000053.0,Financial,1,0,0,1,0,2025-12-09,2025-12-09,Sender,False,📄 Single-Source,False,No flags
ACC-0378,Account,Ext-Acc-342058,9000000053.0,Financial,1,0,0,1,0,2025-12-09,2025-12-09,Receiver,False,📄 Single-Source,False,No flags
ACC-0379,Account,Ext-Acc-280781,9000000376.0,Financial,1,0,0,1,0,2026-08-11,2026-08-11,Sender,False,📄 Single-Source,False,No flags
ACC-0380,Account,Ext-Acc-361000,,Financial,1,0,0,1,0,2026-04-25,2026-04-25,Receiver,False,📄 Single-Source,False,No flags
ACC-0381,Account,Ext-Acc-293311,9000000332.0,Financial,1,0,0,1,0,2025-12-12,2025-12-12,Sender,False,📄 Single-Source,False,No flags
ACC-0382,Account,Ext-Acc-286623,9000000371.0,Financial,1,0,0,1,0,2025-09-03,2025-09-03,Sender,False,📄 Single-Source,False,No flags
ACC-0383,Account,Ext-Acc-256980,9000000460.0,Financial,1,0,0,1,0,2025-04-10,2025-04-10,Sender,False,📄 Single-Source,False,No flags
ACC-0384,Account,Ext-Acc-345123,9000000460.0,Financial,1,0,0,1,0,2025-04-10,2025-04-10,Receiver,False,📄 Single-Source,False,No flags
ACC-0385,Account,Ext-Acc-314378,9000000442.0,Financial,1,0,0,1,0,2026-04-04,2026-04-04,Receiver,False,📄 Single-Source,False,No flags
ACC-0386,Account,Ext-Acc-317796,,Financial,1,0,0,1,0,2026-09-05,2026-09-05,Receiver,False,📄 Single-Source,False,No flags
ACC-0387,Account,Ext-Acc-311592,9000000347.0,Financial,1,0,0,1,0,2026-02-23,2026-02-23,Receiver,False,📄 Single-Source,False,No flags
ACC-0388,Account,Ext-Acc-375230,9000000367.0,Financial,1,0,0,1,0,2025-05-11,2025-05-11,Receiver,False,📄 Single-Source,False,No flags
ACC-0389,Account,Ext-Acc-236418,9000000306.0,Financial,1,0,0,1,0,2025-05-16,2025-05-16,Sender,False,📄 Single-Source,False,No flags
ACC-0390,Account,Ext-Acc-269798,,Financial,1,0,0,1,0,2025-01-10,2025-01-10,Sender,False,📄 Single-Source,False,No flags
ACC-0391,Account,Ext-Acc-233468,9000000010.0,Financial,1,0,0,1,0,2026-04-03,2026-04-03,Sender,False,📄 Single-Source,False,No flags
ACC-0392,Account,Ext-Acc-351269,9000000010.0,Financial,1,0,0,1,0,2026-04-03,2026-04-03,Receiver,False,📄 Single-Source,False,No flags
ACC-0393,Account,Ext-Acc-241060,9000000269.0,Financial,1,0,0,1,0,2026-06-17,2026-06-17,Sender,False,📄 Single-Source,False,No flags
ACC-0394,Account,Ext-Acc-391180,,Financial,1,0,0,1,0,2026-05-12,2026-05-12,Receiver,False,📄 Single-Source,False,No flags
ACC-0395,Account,Ext-Acc-287500,9000000274.0,Financial,1,0,0,1,0,2025-10-25,2025-10-25,Sender,False,📄 Single-Source,False,No flags
ACC-0396,Account,Ext-Acc-342389,9000000274.0,Financial,1,0,0,1,0,2025-10-25,2025-10-25,Receiver,False,📄 Single-Source,False,No flags
ACC-0397,Account,Ext-Acc-234690,9000000064.0,Financial,1,0,0,1,0,2026-01-18,2026-01-18,Sender,False,📄 Single-Source,False,No flags
ACC-0398,Account,Ext-Acc-375319,9000000208.0,Financial,1,0,0,1,0,2025-11-10,2025-11-10,Receiver,False,📄 Single-Source,False,No flags
ACC-0399,Account,Ext-Acc-263185,9000000063.0,Financial,1,0,0,1,0,2026-05-07,2026-05-07,Sender,False,📄 Single-Source,False,No flags
ACC-0400,Account,Ext-Acc-384907,,Financial,1,0,0,1,0,2025-08-21,2025-08-21,Receiver,False,📄 Single-Source,False,No flags
ACC-0401,Account,Ext-Acc-263766,9000000108.0,Financial,1,0,0,1,0,2026-04-06,2026-04-06,Sender,False,📄 Single-Source,False,No flags
ACC-0402,Account,Ext-Acc-302151,9000000298.0,Financial,1,0,0,1,0,2025-11-11,2025-11-11,Receiver,False,📄 Single-Source,False,No flags
ACC-0403,Account,Ext-Acc-270328,,Financial,1,0,0,1,0,2025-01-15,2025-01-15,Sender,False,📄 Single-Source,False,No flags
ACC-0404,Account,Ext-Acc-228910,9000000097.0,Financial,1,0,0,1,0,2026-06-16,2026-06-16,Sender,False,📄 Single-Source,False,No flags
ACC-0405,Account,Ext-Acc-380024,,Financial,1,0,0,1,0,2025-03-10,2025-03-10,Receiver,False,📄 Single-Source,False,No flags
ACC-0406,Account,Ext-Acc-362182,9000000202.0,Financial,1,0,0,1,0,2025-10-10,2025-10-10,Receiver,False,📄 Single-Source,False,No flags
ACC-0407,Account,Ext-Acc-307818,9000000415.0,Financial,1,0,0,1,0,2025-05-13,2025-05-13,Receiver,False,📄 Single-Source,False,No flags
ACC-0408,Account,Ext-Acc-222273,9000000120.0,Financial,1,0,0,1,0,2025-06-18,2025-06-18,Sender,False,📄 Single-Source,False,No flags
ACC-0409,Account,Ext-Acc-232329,,Financial,1,0,0,1,0,2025-01-04,2025-01-04,Sender,False,📄 Single-Source,False,No flags
ACC-0410,Account,Ext-Acc-266088,9000000486.0,Financial,1,0,0,1,0,2025-07-06,2025-07-06,Sender,False,📄 Single-Source,False,No flags
ACC-0411,Account,Ext-Acc-228574,,Financial,1,0,0,1,0,2025-05-06,2025-05-06,Sender,False,📄 Single-Source,False,No flags
ACC-0412,Account,Ext-Acc-260786,9000000247.0,Financial,1,0,0,1,0,2026-07-01,2026-07-01,Sender,False,📄 Single-Source,False,No flags
ACC-0413,Account,Ext-Acc-392161,9000000247.0,Financial,1,0,0,1,0,2026-07-01,2026-07-01,Receiver,False,📄 Single-Source,False,No flags
ACC-0414,Account,Ext-Acc-308601,,Financial,1,0,0,1,0,2025-05-19,2025-05-19,Receiver,False,📄 Single-Source,False,No flags
ACC-0415,Account,Ext-Acc-365054,9000000103.0,Financial,1,0,0,1,0,2025-11-20,2025-11-20,Receiver,False,📄 Single-Source,False,No flags
ACC-0416,Account,Ext-Acc-202815,9000000177.0,Financial,1,0,0,1,0,2025-11-16,2025-11-16,Sender,False,📄 Single-Source,False,No flags
ACC-0417,Account,Ext-Acc-269489,9000000019.0,Financial,1,0,0,1,0,2025-07-21,2025-07-21,Sender,False,📄 Single-Source,False,No flags
ACC-0418,Account,Ext-Acc-358360,9000000019.0,Financial,1,0,0,1,0,2025-07-21,2025-07-21,Receiver,False,📄 Single-Source,False,No flags
ACC-0419,Account,Ext-Acc-381085,,Financial,1,0,0,1,0,2025-05-17,2025-05-17,Receiver,False,📄 Single-Source,False,No flags
ACC-0420,Account,Ext-Acc-275304,9000000056.0,Financial,1,0,0,1,0,2025-09-25,2025-09-25,Sender,False,📄 Single-Source,False,No flags
ACC-0421,Account,Ext-Acc-398849,9000000183.0,Financial,1,0,0,1,0,2026-07-20,2026-07-20,Receiver,False,📄 Single-Source,False,No flags
ACC-0422,Account,Ext-Acc-287394,9000000248.0,Financial,1,0,0,1,0,2025-09-25,2025-09-25,Sender,False,📄 Single-Source,False,No flags
ACC-0423,Account,Ext-Acc-297193,,Financial,1,0,0,1,0,2025-11-18,2025-11-18,Sender,False,📄 Single-Source,False,No flags
ACC-0424,Account,Ext-Acc-357999,,Financial,1,0,0,1,0,2025-11-18,2025-11-18,Receiver,False,📄 Single-Source,False,No flags
ACC-0425,Account,Ext-Acc-298991,9000000232.0,Financial,1,0,0,1,0,2025-08-23,2025-08-23,Sender,False,📄 Single-Source,False,No flags
ACC-0426,Account,Ext-Acc-326117,9000000232.0,Financial,1,0,0,1,0,2025-08-23,2025-08-23,Receiver,False,📄 Single-Source,False,No flags
ACC-0427,Account,Ext-Acc-364625,9000000209.0,Financial,1,0,0,1,0,2026-01-09,2026-01-09,Receiver,False,📄 Single-Source,False,No flags
ACC-0428,Account,Ext-Acc-290996,9000000071.0,Financial,1,0,0,1,0,2025-02-15,2025-02-15,Sender,False,📄 Single-Source,False,No flags
ACC-0429,Account,Ext-Acc-348916,9000000071.0,Financial,1,0,0,1,0,2025-02-15,2025-02-15,Receiver,False,📄 Single-Source,False,No flags
ACC-0430,Account,Ext-Acc-268898,,Financial,1,0,0,1,0,2025-03-01,2025-03-01,Sender,False,📄 Single-Source,False,No flags
ACC-0431,Account,Ext-Acc-393394,,Financial,1,0,0,1,0,2025-03-01,2025-03-01,Receiver,False,📄 Single-Source,False,No flags
ACC-0432,Account,Ext-Acc-267302,,Financial,1,0,0,1,0,2026-08-10,2026-08-10,Sender,False,📄 Single-Source,False,No flags
ACC-0433,Account,Ext-Acc-301832,9000000121.0,Financial,1,0,0,1,0,2026-08-09,2026-08-09,Receiver,False,📄 Single-Source,False,No flags
ACC-0434,Account,Ext-Acc-262221,9000000128.0,Financial,1,0,0,1,0,2025-10-22,2025-10-22,Sender,False,📄 Single-Source,False,No flags
ACC-0435,Account,Ext-Acc-258190,9000000486.0,Financial,1,0,0,1,0,2026-01-05,2026-01-05,Sender,False,📄 Single-Source,False,No flags
ACC-0436,Account,Ext-Acc-336505,9000000130.0,Financial,1,0,0,1,0,2026-05-16,2026-05-16,Receiver,False,📄 Single-Source,False,No flags
ACC-0437,Account,Ext-Acc-267032,9000000347.0,Financial,1,0,0,1,0,2025-04-15,2025-04-15,Sender,False,📄 Single-Source,False,No flags
ACC-0438,Account,Ext-Acc-339720,9000000241.0,Financial,1,0,0,1,0,2026-07-10,2026-07-10,Receiver,False,📄 Single-Source,False,No flags
ACC-0439,Account,Ext-Acc-289833,,Financial,1,0,0,1,0,2026-01-20,2026-01-20,Sender,False,📄 Single-Source,False,No flags
ACC-0440,Account,Ext-Acc-237281,,Financial,1,0,0,1,0,2026-03-30,2026-03-30,Sender,False,📄 Single-Source,False,No flags
ACC-0441,Account,Ext-Acc-309872,9000000125.0,Financial,1,0,0,1,0,2025-08-19,2025-08-19,Receiver,False,📄 Single-Source,False,No flags
ACC-0442,Account,Ext-Acc-297282,9000000129.0,Financial,1,0,0,1,0,2026-07-19,2026-07-19,Sender,False,📄 Single-Source,False,No flags
ACC-0443,Account,Ext-Acc-335118,9000000129.0,Financial,1,0,0,1,0,2026-07-19,2026-07-19,Receiver,False,📄 Single-Source,False,No flags
ACC-0444,Account,Ext-Acc-339357,9000000265.0,Financial,1,0,0,1,0,2025-02-20,2025-02-20,Receiver,False,📄 Single-Source,False,No flags
ACC-0445,Account,Ext-Acc-353347,9000000040.0,Financial,1,0,0,1,0,2026-07-17,2026-07-17,Receiver,False,📄 Single-Source,False,No flags
ACC-0446,Account,Ext-Acc-255426,9000000034.0,Financial,1,0,0,1,0,2026-04-03,2026-04-03,Sender,False,📄 Single-Source,False,No flags
ACC-0447,Account,Ext-Acc-336403,9000000228.0,Financial,1,0,0,1,0,2025-10-13,2025-10-13,Receiver,False,📄 Single-Source,False,No flags
ACC-0448,Account,Ext-Acc-207166,,Financial,1,0,0,1,0,2026-06-29,2026-06-29,Sender,False,📄 Single-Source,False,No flags
ACC-0449,Account,Ext-Acc-388027,,Financial,1,0,0,1,0,2026-06-29,2026-06-29,Receiver,False,📄 Single-Source,False,No flags
ACC-0450,Account,Ext-Acc-350917,9000000051.0,Financial,1,0,0,1,0,2026-08-11,2026-08-11,Receiver,False,📄 Single-Source,False,No flags
ACC-0451,Account,Ext-Acc-284466,9000000251.0,Financial,1,0,0,1,0,2025-11-17,2025-11-17,Sender,False,📄 Single-Source,False,No flags
ACC-0452,Account,Ext-Acc-217499,9000000065.0,Financial,1,0,0,1,0,2025-10-13,2025-10-13,Sender,False,📄 Single-Source,False,No flags
ACC-0453,Account,Ext-Acc-284817,9000000093.0,Financial,1,0,0,1,0,2025-05-12,2025-05-12,Sender,False,📄 Single-Source,False,No flags
ACC-0454,Account,Ext-Acc-222298,9000000314.0,Financial,1,0,0,1,0,2026-01-19,2026-01-19,Sender,False,📄 Single-Source,False,No flags
ACC-0455,Account,Ext-Acc-315381,9000000314.0,Financial,1,0,0,1,0,2026-01-19,2026-01-19,Receiver,False,📄 Single-Source,False,No flags
ACC-0456,Account,Ext-Acc-234891,9000000331.0,Financial,1,0,0,1,0,2025-08-08,2025-08-08,Sender,False,📄 Single-Source,False,No flags
ACC-0457,Account,Ext-Acc-203771,9000000305.0,Financial,1,0,0,1,0,2026-05-18,2026-05-18,Sender,False,📄 Single-Source,False,No flags
ACC-0458,Account,Ext-Acc-290835,9000000143.0,Financial,1,0,0,1,0,2025-03-16,2025-03-16,Sender,False,📄 Single-Source,False,No flags
ACC-0459,Account,Ext-Acc-219826,9000000342.0,Financial,1,0,0,1,0,2025-06-28,2025-06-28,Sender,False,📄 Single-Source,False,No flags
ACC-0460,Account,Ext-Acc-305346,,Financial,1,0,0,1,0,2026-01-18,2026-01-18,Receiver,False,📄 Single-Source,False,No flags
ACC-0461,Account,Ext-Acc-398295,9000000040.0,Financial,1,0,0,1,0,2026-03-30,2026-03-30,Receiver,False,📄 Single-Source,False,No flags
ACC-0462,Account,Ext-Acc-286447,,Financial,1,0,0,1,0,2026-05-25,2026-05-25,Sender,False,📄 Single-Source,False,No flags
ACC-0463,Account,Ext-Acc-274600,,Financial,1,0,0,1,0,2025-02-24,2025-02-24,Sender,False,📄 Single-Source,False,No flags
ACC-0464,Account,Ext-Acc-311690,,Financial,1,0,0,1,0,2025-08-10,2025-08-10,Receiver,False,📄 Single-Source,False,No flags
ACC-0465,Account,Ext-Acc-340645,9000000248.0,Financial,1,0,0,1,0,2025-10-13,2025-10-13,Receiver,False,📄 Single-Source,False,No flags
ACC-0466,Account,Ext-Acc-348265,,Financial,1,0,0,1,0,2026-02-03,2026-02-03,Receiver,False,📄 Single-Source,False,No flags
ACC-0467,Account,Ext-Acc-264922,9000000297.0,Financial,1,0,0,1,0,2026-01-06,2026-01-06,Sender,False,📄 Single-Source,False,No flags
ACC-0468,Account,Ext-Acc-268562,9000000234.0,Financial,1,0,0,1,0,2025-11-27,2025-11-27,Sender,False,📄 Single-Source,False,No flags
ACC-0469,Account,Ext-Acc-288487,,Financial,1,0,0,1,0,2026-06-25,2026-06-25,Sender,False,📄 Single-Source,False,No flags
ACC-0470,Account,Ext-Acc-258361,9000000429.0,Financial,1,0,0,1,0,2026-03-19,2026-03-19,Sender,False,📄 Single-Source,False,No flags
ACC-0471,Account,Ext-Acc-361799,9000000429.0,Financial,1,0,0,1,0,2026-03-19,2026-03-19,Receiver,False,📄 Single-Source,False,No flags
ACC-0472,Account,Ext-Acc-364972,9000000028.0,Financial,1,0,0,1,0,2025-11-07,2025-11-07,Receiver,False,📄 Single-Source,False,No flags
ACC-0473,Account,Ext-Acc-263950,,Financial,1,0,0,1,0,2026-05-19,2026-05-19,Sender,False,📄 Single-Source,False,No flags
ACC-0474,Account,Ext-Acc-245451,9000000256.0,Financial,1,0,0,1,0,2025-06-30,2025-06-30,Sender,False,📄 Single-Source,False,No flags
ACC-0475,Account,Ext-Acc-293742,9000000365.0,Financial,1,0,0,1,0,2026-06-07,2026-06-07,Sender,False,📄 Single-Source,False,No flags
ACC-0476,Account,Ext-Acc-317191,9000000365.0,Financial,1,0,0,1,0,2026-06-07,2026-06-07,Receiver,False,📄 Single-Source,False,No flags
ACC-0477,Account,Ext-Acc-387432,,Financial,1,0,0,1,0,2025-03-20,2025-03-20,Receiver,False,📄 Single-Source,False,No flags
ACC-0478,Account,Ext-Acc-299059,9000000016.0,Financial,1,0,0,1,0,2025-02-02,2025-02-02,Sender,False,📄 Single-Source,False,No flags
ACC-0479,Account,Ext-Acc-247400,,Financial,1,0,0,1,0,2025-10-10,2025-10-10,Sender,False,📄 Single-Source,False,No flags
ACC-0480,Account,Ext-Acc-332154,9000000207.0,Financial,1,0,0,1,0,2025-03-08,2025-03-08,Receiver,False,📄 Single-Source,False,No flags
ACC-0481,Account,Ext-Acc-369422,,Financial,1,0,0,1,0,2025-11-14,2025-11-14,Receiver,False,📄 Single-Source,False,No flags
ACC-0482,Account,Ext-Acc-247418,9000000161.0,Financial,1,0,0,1,0,2025-02-24,2025-02-24,Sender,False,📄 Single-Source,False,No flags
ACC-0483,Account,Ext-Acc-358009,9000000161.0,Financial,1,0,0,1,0,2025-02-24,2025-02-24,Receiver,False,📄 Single-Source,False,No flags
ACC-0484,Account,Ext-Acc-201035,9000000185.0,Financial,1,0,0,1,0,2025-06-09,2025-06-09,Sender,False,📄 Single-Source,False,No flags
ACC-0485,Account,Ext-Acc-369178,9000000185.0,Financial,1,0,0,1,0,2025-06-09,2025-06-09,Receiver,False,📄 Single-Source,False,No flags
ACC-0486,Account,Ext-Acc-385033,9000000188.0,Financial,1,0,0,1,0,2026-02-22,2026-02-22,Receiver,False,📄 Single-Source,False,No flags
ACC-0487,Account,Ext-Acc-214475,9000000420.0,Financial,1,0,0,1,0,2026-05-21,2026-05-21,Sender,False,📄 Single-Source,False,No flags
ACC-0488,Account,Ext-Acc-348887,9000000420.0,Financial,1,0,0,1,0,2026-05-21,2026-05-21,Receiver,False,📄 Single-Source,False,No flags
ACC-0489,Account,Ext-Acc-313792,,Financial,1,0,0,1,0,2025-04-24,2025-04-24,Receiver,False,📄 Single-Source,False,No flags
ACC-0490,Account,Ext-Acc-364165,9000000164.0,Financial,1,0,0,1,0,2025-04-09,2025-04-09,Receiver,False,📄 Single-Source,False,No flags
ACC-0491,Account,Ext-Acc-396457,,Financial,1,0,0,1,0,2026-03-21,2026-03-21,Receiver,False,📄 Single-Source,False,No flags
ACC-0492,Account,Ext-Acc-244558,9000000401.0,Financial,1,0,0,1,0,2025-03-19,2025-03-19,Sender,False,📄 Single-Source,False,No flags
ACC-0493,Account,Ext-Acc-337912,9000000351.0,Financial,1,0,0,1,0,2026-01-10,2026-01-10,Receiver,False,📄 Single-Source,False,No flags
ACC-0494,Account,Ext-Acc-282864,9000000374.0,Financial,1,0,0,1,0,2025-08-22,2025-08-22,Sender,False,📄 Single-Source,False,No flags
ACC-0495,Account,Ext-Acc-256618,9000000186.0,Financial,1,0,0,1,0,2026-08-08,2026-08-08,Sender,False,📄 Single-Source,False,No flags
ACC-0496,Account,Ext-Acc-243051,9000000322.0,Financial,1,0,0,1,0,2025-01-08,2025-01-08,Sender,False,📄 Single-Source,False,No flags
ACC-0497,Account,Ext-Acc-270533,,Financial,1,0,0,1,0,2025-10-02,2025-10-02,Sender,False,📄 Single-Source,False,No flags
ACC-0498,Account,Ext-Acc-216353,9000000262.0,Financial,1,0,0,1,0,2026-06-13,2026-06-13,Sender,False,📄 Single-Source,False,No flags
ACC-0499,Account,Ext-Acc-304822,,Financial,1,0,0,1,0,2025-01-06,2025-01-06,Receiver,False,📄 Single-Source,False,No flags
ACC-0500,Account,Ext-Acc-235956,,Financial,1,0,0,1,0,2025-12-19,2025-12-19,Sender,False,📄 Single-Source,False,No flags
ACC-0501,Account,Ext-Acc-285200,9000000414.0,Financial,1,0,0,1,0,2026-02-07,2026-02-07,Sender,False,📄 Single-Source,False,No flags
ACC-0502,Account,Ext-Acc-225805,,Financial,1,0,0,1,0,2025-01-19,2025-01-19,Sender,False,📄 Single-Source,False,No flags
ACC-0503,Account,Ext-Acc-307134,9000000172.0,Financial,1,0,0,1,0,2026-08-26,2026-08-26,Receiver,False,📄 Single-Source,False,No flags
ACC-0504,Account,Ext-Acc-304370,,Financial,1,0,0,1,0,2025-04-10,2025-04-10,Receiver,False,📄 Single-Source,False,No flags
ACC-0505,Account,Ext-Acc-373303,9000000299.0,Financial,1,0,0,1,0,2026-08-08,2026-08-08,Receiver,False,📄 Single-Source,False,No flags
ACC-0506,Account,Ext-Acc-346890,9000000467.0,Financial,1,0,0,1,0,2025-12-31,2025-12-31,Receiver,False,📄 Single-Source,False,No flags
ACC-0507,Account,Ext-Acc-386626,9000000164.0,Financial,1,0,0,1,0,2025-02-20,2025-02-20,Receiver,False,📄 Single-Source,False,No flags
ACC-0508,Account,Ext-Acc-241674,,Financial,1,0,0,1,0,2026-02-20,2026-02-20,Sender,False,📄 Single-Source,False,No flags
ACC-0509,Account,Ext-Acc-216575,9000000002.0,Financial,1,0,0,1,0,2026-09-07,2026-09-07,Sender,False,📄 Single-Source,False,No flags
ACC-0510,Account,Ext-Acc-376556,9000000002.0,Financial,1,0,0,1,0,2026-09-07,2026-09-07,Receiver,False,📄 Single-Source,False,No flags
ACC-0511,Account,Ext-Acc-349055,9000000381.0,Financial,1,0,0,1,0,2026-02-13,2026-02-13,Receiver,False,📄 Single-Source,False,No flags
ACC-0512,Account,Ext-Acc-376543,9000000225.0,Financial,1,0,0,1,0,2025-07-02,2025-07-02,Receiver,False,📄 Single-Source,False,No flags
ACC-0513,Account,Ext-Acc-249034,9000000492.0,Financial,1,0,0,1,0,2026-03-30,2026-03-30,Sender,False,📄 Single-Source,False,No flags
ACC-0514,Account,Ext-Acc-329850,9000000202.0,Financial,1,0,0,1,0,2025-09-17,2025-09-17,Receiver,False,📄 Single-Source,False,No flags
ACC-0515,Account,Ext-Acc-235974,,Financial,1,0,0,1,0,2025-07-22,2025-07-22,Sender,False,📄 Single-Source,False,No flags
ACC-0516,Account,Ext-Acc-252928,,Financial,1,0,0,1,0,2026-08-15,2026-08-15,Sender,False,📄 Single-Source,False,No flags
ACC-0517,Account,Ext-Acc-376015,,Financial,1,0,0,1,0,2026-08-15,2026-08-15,Receiver,False,📄 Single-Source,False,No flags
ACC-0518,Account,Ext-Acc-227470,9000000306.0,Financial,1,0,0,1,0,2026-07-28,2026-07-28,Sender,False,📄 Single-Source,False,No flags
ACC-0519,Account,Ext-Acc-352870,,Financial,1,0,0,1,0,2025-01-19,2025-01-19,Receiver,False,📄 Single-Source,False,No flags
ACC-0520,Account,Ext-Acc-309172,9000000241.0,Financial,1,0,0,1,0,2025-11-16,2025-11-16,Receiver,False,📄 Single-Source,False,No flags
ACC-0521,Account,Ext-Acc-327063,9000000126.0,Financial,1,0,0,1,0,2026-06-01,2026-06-01,Receiver,False,📄 Single-Source,False,No flags
ACC-0522,Account,Ext-Acc-224044,,Financial,1,0,0,1,0,2025-05-03,2025-05-03,Sender,False,📄 Single-Source,False,No flags
ACC-0523,Account,Ext-Acc-312521,,Financial,1,0,0,1,0,2025-05-03,2025-05-03,Receiver,False,📄 Single-Source,False,No flags
ACC-0524,Account,Ext-Acc-394687,,Financial,1,0,0,1,0,2026-03-06,2026-03-06,Receiver,False,📄 Single-Source,False,No flags
ACC-0525,Account,Ext-Acc-251992,9000000122.0,Financial,1,0,0,1,0,2026-01-12,2026-01-12,Sender,False,📄 Single-Source,False,No flags
ACC-0526,Account,Ext-Acc-220119,,Financial,1,0,0,1,0,2026-06-26,2026-06-26,Sender,False,📄 Single-Source,False,No flags
ACC-0527,Account,Ext-Acc-213473,9000000238.0,Financial,1,0,0,1,0,2025-06-06,2025-06-06,Sender,False,📄 Single-Source,False,No flags
ACC-0528,Account,Ext-Acc-389123,9000000330.0,Financial,1,0,0,1,0,2026-05-31,2026-05-31,Receiver,False,📄 Single-Source,False,No flags
ACC-0529,Account,Ext-Acc-242294,9000000193.0,Financial,1,0,0,1,0,2025-06-16,2025-06-16,Sender,False,📄 Single-Source,False,No flags
ACC-0530,Account,Ext-Acc-374606,9000000070.0,Financial,1,0,0,1,0,2026-05-06,2026-05-06,Receiver,False,📄 Single-Source,False,No flags
ACC-0531,Account,Ext-Acc-341676,9000000372.0,Financial,1,0,0,1,0,2026-04-18,2026-04-18,Receiver,False,📄 Single-Source,False,No flags
ACC-0532,Account,Ext-Acc-284940,9000000222.0,Financial,1,0,0,1,0,2025-06-09,2025-06-09,Sender,False,📄 Single-Source,False,No flags
ACC-0533,Account,Ext-Acc-398376,9000000222.0,Financial,1,0,0,1,0,2025-06-09,2025-06-09,Receiver,False,📄 Single-Source,False,No flags
ACC-0534,Account,Ext-Acc-291262,,Financial,1,0,0,1,0,2025-01-05,2025-01-05,Sender,False,📄 Single-Source,False,No flags
ACC-0535,Account,Ext-Acc-379700,,Financial,1,0,0,1,0,2025-01-05,2025-01-05,Receiver,False,📄 Single-Source,False,No flags
ACC-0536,Account,Ext-Acc-206829,9000000444.0,Financial,1,0,0,1,0,2026-09-10,2026-09-10,Sender,False,📄 Single-Source,False,No flags
ACC-0537,Account,Ext-Acc-349054,9000000135.0,Financial,1,0,0,1,0,2025-10-17,2025-10-17,Receiver,False,📄 Single-Source,False,No flags
ACC-0538,Account,Ext-Acc-216315,9000000062.0,Financial,1,0,0,1,0,2026-08-07,2026-08-07,Sender,False,📄 Single-Source,False,No flags
ACC-0539,Account,Ext-Acc-285315,9000000222.0,Financial,1,0,0,1,0,2026-07-03,2026-07-03,Sender,False,📄 Single-Source,False,No flags
ACC-0540,Account,Ext-Acc-210531,9000000473.0,Financial,1,0,0,1,0,2026-01-24,2026-01-24,Sender,False,📄 Single-Source,False,No flags
ACC-0541,Account,Ext-Acc-295374,,Financial,1,0,0,1,0,2025-07-28,2025-07-28,Sender,False,📄 Single-Source,False,No flags
ACC-0542,Account,Ext-Acc-314322,,Financial,1,0,0,1,0,2025-07-28,2025-07-28,Receiver,False,📄 Single-Source,False,No flags
ACC-0543,Account,Ext-Acc-200841,9000000064.0,Financial,1,0,0,1,0,2025-11-20,2025-11-20,Sender,False,📄 Single-Source,False,No flags
ACC-0544,Account,Ext-Acc-364451,9000000064.0,Financial,1,0,0,1,0,2025-11-20,2025-11-20,Receiver,False,📄 Single-Source,False,No flags
ACC-0545,Account,Ext-Acc-300947,9000000074.0,Financial,1,0,0,1,0,2026-02-10,2026-02-10,Receiver,False,📄 Single-Source,False,No flags
ACC-0546,Account,Ext-Acc-213130,9000000226.0,Financial,1,0,0,1,0,2025-04-06,2025-04-06,Sender,False,📄 Single-Source,False,No flags
ACC-0547,Account,Ext-Acc-262285,,Financial,1,0,0,1,0,2025-10-07,2025-10-07,Sender,False,📄 Single-Source,False,No flags
ACC-0548,Account,Ext-Acc-310665,9000000233.0,Financial,1,0,0,1,0,2026-06-28,2026-06-28,Receiver,False,📄 Single-Source,False,No flags
ACC-0549,Account,Ext-Acc-363198,9000000375.0,Financial,1,0,0,1,0,2026-05-28,2026-05-28,Receiver,False,📄 Single-Source,False,No flags
ACC-0550,Account,Ext-Acc-236747,9000000323.0,Financial,1,0,0,1,0,2026-02-20,2026-02-20,Sender,False,📄 Single-Source,False,No flags
ACC-0551,Account,Ext-Acc-391803,9000000306.0,Financial,1,0,0,1,0,2026-01-14,2026-01-14,Receiver,False,📄 Single-Source,False,No flags
ACC-0552,Account,Ext-Acc-345653,9000000122.0,Financial,1,0,0,1,0,2025-08-08,2025-08-08,Receiver,False,📄 Single-Source,False,No flags
ACC-0553,Account,Ext-Acc-276072,9000000115.0,Financial,1,0,0,1,0,2026-03-25,2026-03-25,Sender,False,📄 Single-Source,False,No flags
ACC-0554,Account,Ext-Acc-307094,9000000115.0,Financial,1,0,0,1,0,2026-03-25,2026-03-25,Receiver,False,📄 Single-Source,False,No flags
ACC-0555,Account,Ext-Acc-227494,,Financial,1,0,0,1,0,2025-03-21,2025-03-21,Sender,False,📄 Single-Source,False,No flags
ACC-0556,Account,Ext-Acc-322049,,Financial,1,0,0,1,0,2025-02-10,2025-02-10,Receiver,False,📄 Single-Source,False,No flags
ACC-0557,Account,Ext-Acc-282178,9000000036.0,Financial,1,0,0,1,0,2026-04-09,2026-04-09,Sender,False,📄 Single-Source,False,No flags
ACC-0558,Account,Ext-Acc-332112,9000000036.0,Financial,1,0,0,1,0,2026-04-09,2026-04-09,Receiver,False,📄 Single-Source,False,No flags
ACC-0559,Account,Ext-Acc-287914,9000000259.0,Financial,1,0,0,1,0,2025-12-12,2025-12-12,Sender,False,📄 Single-Source,False,No flags
ACC-0560,Account,Ext-Acc-360774,9000000259.0,Financial,1,0,0,1,0,2025-12-12,2025-12-12,Receiver,False,📄 Single-Source,False,No flags
ACC-0561,Account,Ext-Acc-329482,,Financial,1,0,0,1,0,2026-08-02,2026-08-02,Receiver,False,📄 Single-Source,False,No flags
ACC-0562,Account,Ext-Acc-339107,9000000226.0,Financial,1,0,0,1,0,2026-09-10,2026-09-10,Receiver,False,📄 Single-Source,False,No flags
ACC-0563,Account,Ext-Acc-269479,,Financial,1,0,0,1,0,2025-06-11,2025-06-11,Sender,False,📄 Single-Source,False,No flags
ACC-0564,Account,Ext-Acc-200697,9000000490.0,Financial,1,0,0,1,0,2025-03-10,2025-03-10,Sender,False,📄 Single-Source,False,No flags
ACC-0565,Account,Ext-Acc-268506,9000000001.0,Financial,1,0,0,1,0,2025-02-04,2025-02-04,Sender,False,📄 Single-Source,False,No flags
ACC-0566,Account,Ext-Acc-346152,9000000001.0,Financial,1,0,0,1,0,2025-02-04,2025-02-04,Receiver,False,📄 Single-Source,False,No flags
ACC-0567,Account,Ext-Acc-228208,9000000023.0,Financial,1,0,0,1,0,2026-04-29,2026-04-29,Sender,False,📄 Single-Source,False,No flags
ACC-0568,Account,Ext-Acc-378924,9000000023.0,Financial,1,0,0,1,0,2026-04-29,2026-04-29,Receiver,False,📄 Single-Source,False,No flags
ACC-0569,Account,Ext-Acc-367033,9000000278.0,Financial,1,0,0,1,0,2026-09-04,2026-09-04,Receiver,False,📄 Single-Source,False,No flags
ACC-0570,Account,Ext-Acc-316187,9000000226.0,Financial,1,0,0,1,0,2026-01-16,2026-01-16,Receiver,False,📄 Single-Source,False,No flags
ACC-0571,Account,Ext-Acc-322380,,Financial,1,0,0,1,0,2026-07-30,2026-07-30,Receiver,False,📄 Single-Source,False,No flags
ACC-0572,Account,Ext-Acc-252776,9000000282.0,Financial,1,0,0,1,0,2025-04-21,2025-04-21,Sender,False,📄 Single-Source,False,No flags
ACC-0573,Account,Ext-Acc-388895,9000000102.0,Financial,1,0,0,1,0,2025-10-02,2025-10-02,Receiver,False,📄 Single-Source,False,No flags
ACC-0574,Account,Ext-Acc-229984,9000000238.0,Financial,1,0,0,1,0,2026-05-08,2026-05-08,Sender,False,📄 Single-Source,False,No flags
ACC-0575,Account,Ext-Acc-301401,9000000256.0,Financial,1,0,0,1,0,2025-04-16,2025-04-16,Receiver,False,📄 Single-Source,False,No flags
ACC-0576,Account,Ext-Acc-253145,9000000234.0,Financial,1,0,0,1,0,2026-08-06,2026-08-06,Sender,False,📄 Single-Source,False,No flags
ACC-0577,Account,Ext-Acc-287194,9000000160.0,Financial,1,0,0,1,0,2026-08-17,2026-08-17,Sender,False,📄 Single-Source,False,No flags
ACC-0578,Account,Ext-Acc-315570,9000000160.0,Financial,1,0,0,1,0,2026-08-17,2026-08-17,Receiver,False,📄 Single-Source,False,No flags
ACC-0579,Account,Ext-Acc-332472,,Financial,1,0,0,1,0,2026-08-19,2026-08-19,Receiver,False,📄 Single-Source,False,No flags
ACC-0580,Account,Ext-Acc-355876,9000000461.0,Financial,1,0,0,1,0,2025-11-13,2025-11-13,Receiver,False,📄 Single-Source,False,No flags
ACC-0581,Account,Ext-Acc-242157,9000000183.0,Financial,1,0,0,1,0,2026-01-17,2026-01-17,Sender,False,📄 Single-Source,False,No flags
ACC-0582,Account,Ext-Acc-289517,9000000041.0,Financial,1,0,0,1,0,2026-04-03,2026-04-03,Sender,False,📄 Single-Source,False,No flags
ACC-0583,Account,Ext-Acc-326476,,Financial,1,0,0,1,0,2026-03-04,2026-03-04,Receiver,False,📄 Single-Source,False,No flags
ACC-0584,Account,Ext-Acc-258783,9000000319.0,Financial,1,0,0,1,0,2026-01-27,2026-01-27,Sender,False,📄 Single-Source,False,No flags
ACC-0585,Account,Ext-Acc-372371,9000000134.0,Financial,1,0,0,1,0,2025-01-31,2025-01-31,Receiver,False,📄 Single-Source,False,No flags
ACC-0586,Account,Ext-Acc-370070,9000000127.0,Financial,1,0,0,1,0,2026-07-02,2026-07-02,Receiver,False,📄 Single-Source,False,No flags
ACC-0587,Account,Ext-Acc-238652,9000000154.0,Financial,1,0,0,1,0,2025-08-06,2025-08-06,Sender,False,📄 Single-Source,False,No flags
ACC-0588,Account,Ext-Acc-276449,9000000195.0,Financial,1,0,0,1,0,2025-06-21,2025-06-21,Sender,False,📄 Single-Source,False,No flags
ACC-0589,Account,Ext-Acc-298683,9000000494.0,Financial,1,0,0,1,0,2025-03-14,2025-03-14,Sender,False,📄 Single-Source,False,No flags
ACC-0590,Account,Ext-Acc-384877,9000000401.0,Financial,1,0,0,1,0,2026-06-18,2026-06-18,Receiver,False,📄 Single-Source,False,No flags
ACC-0591,Account,Ext-Acc-284473,,Financial,1,0,0,1,0,2026-04-11,2026-04-11,Sender,False,📄 Single-Source,False,No flags
ACC-0592,Account,Ext-Acc-317324,,Financial,1,0,0,1,0,2026-04-11,2026-04-11,Receiver,False,📄 Single-Source,False,No flags
ACC-0593,Account,Ext-Acc-213938,,Financial,1,0,0,1,0,2026-03-14,2026-03-14,Sender,False,📄 Single-Source,False,No flags
ACC-0594,Account,Ext-Acc-281888,,Financial,1,0,0,1,0,2025-07-26,2025-07-26,Sender,False,📄 Single-Source,False,No flags
ACC-0595,Account,Ext-Acc-345663,,Financial,1,0,0,1,0,2025-07-26,2025-07-26,Receiver,False,📄 Single-Source,False,No flags
ACC-0596,Account,Ext-Acc-219213,9000000134.0,Financial,1,0,0,1,0,2025-03-29,2025-03-29,Sender,False,📄 Single-Source,False,No flags
ACC-0597,Account,Ext-Acc-214438,,Financial,1,0,0,1,0,2025-12-24,2025-12-24,Sender,False,📄 Single-Source,False,No flags
ACC-0598,Account,Ext-Acc-231784,9000000225.0,Financial,1,0,0,1,0,2025-10-21,2025-10-21,Sender,False,📄 Single-Source,False,No flags
ACC-0599,Account,Ext-Acc-209669,9000000118.0,Financial,1,0,0,1,0,2025-03-01,2025-03-01,Sender,False,📄 Single-Source,False,No flags
ACC-0600,Account,Ext-Acc-321603,9000000191.0,Financial,1,0,0,1,0,2025-03-26,2025-03-26,Receiver,False,📄 Single-Source,False,No flags
ACC-0601,Account,Ext-Acc-305987,,Financial,1,0,0,1,0,2025-10-05,2025-10-05,Receiver,False,📄 Single-Source,False,No flags
ACC-0602,Account,Ext-Acc-316976,9000000053.0,Financial,1,0,0,1,0,2026-01-27,2026-01-27,Receiver,False,📄 Single-Source,False,No flags
ACC-0603,Account,Ext-Acc-285749,9000000407.0,Financial,1,0,0,1,0,2025-04-12,2025-04-12,Sender,False,📄 Single-Source,False,No flags
ACC-0604,Account,Ext-Acc-250807,,Financial,1,0,0,1,0,2026-01-22,2026-01-22,Sender,False,📄 Single-Source,False,No flags
ACC-0605,Account,Ext-Acc-311425,9000000303.0,Financial,1,0,0,1,0,2025-05-06,2025-05-06,Receiver,False,📄 Single-Source,False,No flags
ACC-0606,Account,Ext-Acc-260390,9000000303.0,Financial,1,0,0,1,0,2025-04-07,2025-04-07,Sender,False,📄 Single-Source,False,No flags
ACC-0607,Account,Ext-Acc-316906,9000000287.0,Financial,1,0,0,1,0,2026-06-14,2026-06-14,Receiver,False,📄 Single-Source,False,No flags
ACC-0608,Account,Ext-Acc-373505,,Financial,1,0,0,1,0,2026-03-19,2026-03-19,Receiver,False,📄 Single-Source,False,No flags
ACC-0609,Account,Ext-Acc-226145,9000000025.0,Financial,1,0,0,1,0,2026-01-05,2026-01-05,Sender,False,📄 Single-Source,False,No flags
ACC-0610,Account,Ext-Acc-235369,,Financial,1,0,0,1,0,2026-07-08,2026-07-08,Sender,False,📄 Single-Source,False,No flags
ACC-0611,Account,Ext-Acc-356168,9000000384.0,Financial,1,0,0,1,0,2025-11-22,2025-11-22,Receiver,False,📄 Single-Source,False,No flags
ACC-0612,Account,Ext-Acc-297365,9000000345.0,Financial,1,0,0,1,0,2026-01-23,2026-01-23,Sender,False,📄 Single-Source,False,No flags
ACC-0613,Account,Ext-Acc-396092,9000000345.0,Financial,1,0,0,1,0,2026-01-23,2026-01-23,Receiver,False,📄 Single-Source,False,No flags
ACC-0614,Account,Ext-Acc-316478,9000000029.0,Financial,1,0,0,1,0,2026-08-03,2026-08-03,Receiver,False,📄 Single-Source,False,No flags
ACC-0615,Account,Ext-Acc-285054,9000000011.0,Financial,1,0,0,1,0,2026-08-18,2026-08-18,Sender,False,📄 Single-Source,False,No flags
ACC-0616,Account,Ext-Acc-354270,9000000011.0,Financial,1,0,0,1,0,2026-08-18,2026-08-18,Receiver,False,📄 Single-Source,False,No flags
ACC-0617,Account,Ext-Acc-213606,9000000175.0,Financial,1,0,0,1,0,2026-02-28,2026-02-28,Sender,False,📄 Single-Source,False,No flags
ACC-0618,Account,Ext-Acc-255134,,Financial,1,0,0,1,0,2025-04-07,2025-04-07,Sender,False,📄 Single-Source,False,No flags
ACC-0619,Account,Ext-Acc-297144,,Financial,1,0,0,1,0,2025-07-25,2025-07-25,Sender,False,📄 Single-Source,False,No flags
ACC-0620,Account,Ext-Acc-356243,9000000142.0,Financial,1,0,0,1,0,2025-09-05,2025-09-05,Receiver,False,📄 Single-Source,False,No flags
ACC-0621,Account,Ext-Acc-245453,9000000380.0,Financial,1,0,0,1,0,2025-04-05,2025-04-05,Sender,False,📄 Single-Source,False,No flags
ACC-0622,Account,Ext-Acc-228351,9000000055.0,Financial,1,0,0,1,0,2026-07-20,2026-07-20,Sender,False,📄 Single-Source,False,No flags
ACC-0623,Account,Ext-Acc-315045,9000000055.0,Financial,1,0,0,1,0,2026-07-20,2026-07-20,Receiver,False,📄 Single-Source,False,No flags
ACC-0624,Account,Ext-Acc-245685,9000000327.0,Financial,1,0,0,1,0,2025-11-07,2025-11-07,Sender,False,📄 Single-Source,False,No flags
ACC-0625,Account,Ext-Acc-385449,9000000327.0,Financial,1,0,0,1,0,2025-11-07,2025-11-07,Receiver,False,📄 Single-Source,False,No flags
ACC-0626,Account,Ext-Acc-294030,9000000248.0,Financial,1,0,0,1,0,2025-06-09,2025-06-09,Sender,False,📄 Single-Source,False,No flags
ACC-0627,Account,Ext-Acc-200609,9000000154.0,Financial,1,0,0,1,0,2026-02-14,2026-02-14,Sender,False,📄 Single-Source,False,No flags
ACC-0628,Account,Ext-Acc-337272,9000000154.0,Financial,1,0,0,1,0,2026-02-14,2026-02-14,Receiver,False,📄 Single-Source,False,No flags
ACC-0629,Account,Ext-Acc-315913,9000000155.0,Financial,1,0,0,1,0,2025-02-07,2025-02-07,Receiver,False,📄 Single-Source,False,No flags
ACC-0630,Account,Ext-Acc-348349,,Financial,1,0,0,1,0,2025-02-10,2025-02-10,Receiver,False,📄 Single-Source,False,No flags
ACC-0631,Account,Ext-Acc-254171,,Financial,1,0,0,1,0,2025-08-06,2025-08-06,Sender,False,📄 Single-Source,False,No flags
ACC-0632,Account,Ext-Acc-266127,,Financial,1,0,0,1,0,2026-02-03,2026-02-03,Sender,False,📄 Single-Source,False,No flags
ACC-0633,Account,Ext-Acc-384984,,Financial,1,0,0,1,0,2025-07-06,2025-07-06,Receiver,False,📄 Single-Source,False,No flags
ACC-0634,Account,Ext-Acc-259328,9000000347.0,Financial,1,0,0,1,0,2026-01-26,2026-01-26,Sender,False,📄 Single-Source,False,No flags
ACC-0635,Account,Ext-Acc-325419,9000000136.0,Financial,1,0,0,1,0,2026-04-17,2026-04-17,Receiver,False,📄 Single-Source,False,No flags
ACC-0636,Account,Ext-Acc-228780,9000000332.0,Financial,1,0,0,1,0,2025-06-25,2025-06-25,Sender,False,📄 Single-Source,False,No flags
ACC-0637,Account,Ext-Acc-290660,9000000175.0,Financial,1,0,0,1,0,2025-08-12,2025-08-12,Sender,False,📄 Single-Source,False,No flags
ACC-0638,Account,Ext-Acc-290169,9000000328.0,Financial,1,0,0,1,0,2025-01-10,2025-01-10,Sender,False,📄 Single-Source,False,No flags
ACC-0639,Account,Ext-Acc-222377,9000000154.0,Financial,1,0,0,1,0,2025-07-12,2025-07-12,Sender,False,📄 Single-Source,False,No flags
ACC-0640,Account,Ext-Acc-301275,9000000154.0,Financial,1,0,0,2,0,2025-07-12,2025-09-10,Receiver,False,📄 Single-Source,False,No flags
ACC-0641,Account,Ext-Acc-238097,9000000304.0,Financial,1,0,0,1,0,2026-07-26,2026-07-26,Sender,False,📄 Single-Source,False,No flags
ACC-0642,Account,Ext-Acc-368848,9000000304.0,Financial,1,0,0,1,0,2026-07-26,2026-07-26,Receiver,False,📄 Single-Source,False,No flags
ACC-0643,Account,Ext-Acc-286424,9000000168.0,Financial,1,0,0,1,0,2025-12-01,2025-12-01,Sender,False,📄 Single-Source,False,No flags
ACC-0644,Account,Ext-Acc-346818,9000000168.0,Financial,1,0,0,1,0,2025-12-01,2025-12-01,Receiver,False,📄 Single-Source,False,No flags
ACC-0645,Account,Ext-Acc-249516,9000000371.0,Financial,1,0,0,1,0,2026-02-14,2026-02-14,Sender,False,📄 Single-Source,False,No flags
ACC-0646,Account,Ext-Acc-340543,,Financial,1,0,0,1,0,2025-04-06,2025-04-06,Receiver,False,📄 Single-Source,False,No flags
ACC-0647,Account,Ext-Acc-245481,9000000222.0,Financial,1,0,0,1,0,2026-02-11,2026-02-11,Sender,False,📄 Single-Source,False,No flags
ACC-0648,Account,Ext-Acc-265797,9000000325.0,Financial,1,0,0,1,0,2026-07-24,2026-07-24,Sender,False,📄 Single-Source,False,No flags
ACC-0649,Account,Ext-Acc-373498,9000000325.0,Financial,1,0,0,1,0,2026-07-24,2026-07-24,Receiver,False,📄 Single-Source,False,No flags
ACC-0650,Account,Ext-Acc-326149,9000000247.0,Financial,1,0,0,1,0,2025-03-08,2025-03-08,Receiver,False,📄 Single-Source,False,No flags
ACC-0651,Account,Ext-Acc-203463,9000000200.0,Financial,1,0,0,1,0,2026-03-27,2026-03-27,Sender,False,📄 Single-Source,False,No flags
ACC-0652,Account,Ext-Acc-355170,9000000200.0,Financial,1,0,0,1,0,2026-03-27,2026-03-27,Receiver,False,📄 Single-Source,False,No flags
ACC-0653,Account,Ext-Acc-238449,,Financial,1,0,0,1,0,2026-02-07,2026-02-07,Sender,False,📄 Single-Source,False,No flags
ACC-0654,Account,Ext-Acc-374113,9000000366.0,Financial,1,0,0,1,0,2026-03-31,2026-03-31,Receiver,False,📄 Single-Source,False,No flags
ACC-0655,Account,Ext-Acc-317878,,Financial,1,0,0,1,0,2025-08-30,2025-08-30,Receiver,False,📄 Single-Source,False,No flags
ACC-0656,Account,Ext-Acc-215035,,Financial,1,0,0,1,0,2026-01-03,2026-01-03,Sender,False,📄 Single-Source,False,No flags
ACC-0657,Account,Ext-Acc-286175,,Financial,1,0,0,1,0,2026-06-03,2026-06-03,Sender,False,📄 Single-Source,False,No flags
ACC-0658,Account,Ext-Acc-258258,9000000175.0,Financial,1,0,0,1,0,2025-01-08,2025-01-08,Sender,False,📄 Single-Source,False,No flags
ACC-0659,Account,Ext-Acc-350342,9000000091.0,Financial,1,0,0,1,0,2025-07-14,2025-07-14,Receiver,False,📄 Single-Source,False,No flags
ACC-0660,Account,Ext-Acc-279499,9000000099.0,Financial,1,0,0,1,0,2026-05-11,2026-05-11,Sender,False,📄 Single-Source,False,No flags
ACC-0661,Account,Ext-Acc-347128,9000000105.0,Financial,1,0,0,1,0,2026-06-15,2026-06-15,Receiver,False,📄 Single-Source,False,No flags
ACC-0662,Account,Ext-Acc-380117,9000000287.0,Financial,1,0,0,1,0,2025-03-28,2025-03-28,Receiver,False,📄 Single-Source,False,No flags
ACC-0663,Account,Ext-Acc-307784,9000000091.0,Financial,1,0,0,1,0,2026-05-31,2026-05-31,Receiver,False,📄 Single-Source,False,No flags
ACC-0664,Account,Ext-Acc-204634,9000000038.0,Financial,1,0,0,1,0,2026-01-07,2026-01-07,Sender,False,📄 Single-Source,False,No flags
ACC-0665,Account,Ext-Acc-331217,9000000447.0,Financial,1,0,0,1,0,2026-08-08,2026-08-08,Receiver,False,📄 Single-Source,False,No flags
ACC-0666,Account,Ext-Acc-211211,9000000298.0,Financial,1,0,0,1,0,2025-10-08,2025-10-08,Sender,False,📄 Single-Source,False,No flags
ACC-0667,Account,Ext-Acc-371146,9000000298.0,Financial,1,0,0,1,0,2025-10-08,2025-10-08,Receiver,False,📄 Single-Source,False,No flags
ACC-0668,Account,Ext-Acc-334670,,Financial,1,0,0,1,0,2025-12-29,2025-12-29,Receiver,False,📄 Single-Source,False,No flags
ACC-0669,Account,Ext-Acc-202112,9000000372.0,Financial,1,0,0,1,0,2025-03-02,2025-03-02,Sender,False,📄 Single-Source,False,No flags
ACC-0670,Account,Ext-Acc-346312,9000000372.0,Financial,1,0,0,1,0,2025-03-02,2025-03-02,Receiver,False,📄 Single-Source,False,No flags
ACC-0671,Account,Ext-Acc-249114,9000000436.0,Financial,1,0,0,1,0,2025-04-27,2025-04-27,Sender,False,📄 Single-Source,False,No flags
ACC-0672,Account,Ext-Acc-266951,9000000053.0,Financial,1,0,0,1,0,2025-10-22,2025-10-22,Sender,False,📄 Single-Source,False,No flags
ACC-0673,Account,Ext-Acc-397261,9000000053.0,Financial,1,0,0,1,0,2025-10-22,2025-10-22,Receiver,False,📄 Single-Source,False,No flags
ACC-0674,Account,Ext-Acc-285093,9000000004.0,Financial,1,0,0,1,0,2026-05-05,2026-05-05,Sender,False,📄 Single-Source,False,No flags
ACC-0675,Account,Ext-Acc-279574,9000000430.0,Financial,1,0,0,1,0,2025-07-09,2025-07-09,Sender,False,📄 Single-Source,False,No flags
ACC-0676,Account,Ext-Acc-215127,9000000430.0,Financial,1,0,0,1,0,2026-03-12,2026-03-12,Sender,False,📄 Single-Source,False,No flags
ACC-0677,Account,Ext-Acc-358328,9000000430.0,Financial,1,0,0,1,0,2026-03-12,2026-03-12,Receiver,False,📄 Single-Source,False,No flags
ACC-0678,Account,Ext-Acc-330115,9000000222.0,Financial,1,0,0,1,0,2025-07-10,2025-07-10,Receiver,False,📄 Single-Source,False,No flags
ACC-0679,Account,Ext-Acc-244770,,Financial,1,0,0,1,0,2026-08-24,2026-08-24,Sender,False,📄 Single-Source,False,No flags
ACC-0680,Account,Ext-Acc-361585,,Financial,1,0,0,1,0,2025-01-19,2025-01-19,Receiver,False,📄 Single-Source,False,No flags
ACC-0681,Account,Ext-Acc-258837,9000000109.0,Financial,1,0,0,1,0,2026-06-28,2026-06-28,Sender,False,📄 Single-Source,False,No flags
ACC-0682,Account,Ext-Acc-382684,9000000109.0,Financial,1,0,0,1,0,2026-06-28,2026-06-28,Receiver,False,📄 Single-Source,False,No flags
ACC-0683,Account,Ext-Acc-256431,9000000083.0,Financial,1,0,0,1,0,2025-08-12,2025-08-12,Sender,False,📄 Single-Source,False,No flags
ACC-0684,Account,Ext-Acc-298758,9000000032.0,Financial,1,0,0,1,0,2026-08-10,2026-08-10,Sender,False,📄 Single-Source,False,No flags
ACC-0685,Account,Ext-Acc-348436,9000000199.0,Financial,1,0,0,1,0,2025-12-12,2025-12-12,Receiver,False,📄 Single-Source,False,No flags
ACC-0686,Account,Ext-Acc-293880,9000000259.0,Financial,1,0,0,1,0,2025-04-17,2025-04-17,Sender,False,📄 Single-Source,False,No flags
ACC-0687,Account,Ext-Acc-315720,9000000259.0,Financial,1,0,0,1,0,2025-04-17,2025-04-17,Receiver,False,📄 Single-Source,False,No flags
ACC-0688,Account,Ext-Acc-297553,9000000091.0,Financial,1,0,0,1,0,2026-05-05,2026-05-05,Sender,False,📄 Single-Source,False,No flags
ACC-0689,Account,Ext-Acc-395336,9000000091.0,Financial,1,0,0,1,0,2026-05-05,2026-05-05,Receiver,False,📄 Single-Source,False,No flags
ACC-0690,Account,Ext-Acc-205027,,Financial,1,0,0,1,0,2026-05-02,2026-05-02,Sender,False,📄 Single-Source,False,No flags
ACC-0691,Account,Ext-Acc-200419,9000000146.0,Financial,1,0,0,1,0,2025-07-24,2025-07-24,Sender,False,📄 Single-Source,False,No flags
ACC-0692,Account,Ext-Acc-323601,9000000394.0,Financial,1,0,0,1,0,2026-01-16,2026-01-16,Receiver,False,📄 Single-Source,False,No flags
ACC-0693,Account,Ext-Acc-245557,9000000482.0,Financial,1,0,0,1,0,2026-01-15,2026-01-15,Sender,False,📄 Single-Source,False,No flags
ACC-0694,Account,Ext-Acc-392382,9000000482.0,Financial,1,0,0,1,0,2026-01-15,2026-01-15,Receiver,False,📄 Single-Source,False,No flags
ACC-0695,Account,Ext-Acc-353609,,Financial,1,0,0,1,0,2025-11-16,2025-11-16,Receiver,False,📄 Single-Source,False,No flags
ACC-0696,Account,Ext-Acc-204728,9000000387.0,Financial,1,0,0,1,0,2025-02-02,2025-02-02,Sender,False,📄 Single-Source,False,No flags
ACC-0697,Account,Ext-Acc-398975,9000000387.0,Financial,1,0,0,1,0,2025-02-02,2025-02-02,Receiver,False,📄 Single-Source,False,No flags
ACC-0698,Account,Ext-Acc-296028,9000000228.0,Financial,1,0,0,1,0,2026-04-02,2026-04-02,Sender,False,📄 Single-Source,False,No flags
ACC-0699,Account,Ext-Acc-366400,9000000198.0,Financial,1,0,0,1,0,2025-10-17,2025-10-17,Receiver,False,📄 Single-Source,False,No flags
ACC-0700,Account,Ext-Acc-368603,9000000162.0,Financial,1,0,0,1,0,2026-01-19,2026-01-19,Receiver,False,📄 Single-Source,False,No flags
ACC-0701,Account,Ext-Acc-296084,9000000081.0,Financial,1,0,0,1,0,2026-02-08,2026-02-08,Sender,False,📄 Single-Source,False,No flags
ACC-0702,Account,Ext-Acc-268482,,Financial,1,0,0,1,0,2025-06-08,2025-06-08,Sender,False,📄 Single-Source,False,No flags
ACC-0703,Account,Ext-Acc-200734,9000000273.0,Financial,1,0,0,1,0,2026-05-01,2026-05-01,Sender,False,📄 Single-Source,False,No flags
ACC-0704,Account,Ext-Acc-245214,9000000368.0,Financial,1,0,0,1,0,2025-08-26,2025-08-26,Sender,False,📄 Single-Source,False,No flags
ACC-0705,Account,Ext-Acc-279269,,Financial,1,0,0,1,0,2025-01-03,2025-01-03,Sender,False,📄 Single-Source,False,No flags
ACC-0706,Account,Ext-Acc-293237,9000000453.0,Financial,1,0,0,1,0,2026-03-10,2026-03-10,Sender,False,📄 Single-Source,False,No flags
ACC-0707,Account,Ext-Acc-287823,9000000058.0,Financial,1,0,0,1,0,2025-05-20,2025-05-20,Sender,False,📄 Single-Source,False,No flags
ACC-0708,Account,Ext-Acc-303988,9000000107.0,Financial,1,0,0,1,0,2026-01-16,2026-01-16,Receiver,False,📄 Single-Source,False,No flags
ACC-0709,Account,Ext-Acc-320079,9000000171.0,Financial,1,0,0,1,0,2025-11-22,2025-11-22,Receiver,False,📄 Single-Source,False,No flags
ACC-0710,Account,Ext-Acc-340341,9000000458.0,Financial,1,0,0,1,0,2026-07-28,2026-07-28,Receiver,False,📄 Single-Source,False,No flags
ACC-0711,Account,Ext-Acc-322344,,Financial,1,0,0,1,0,2026-03-18,2026-03-18,Receiver,False,📄 Single-Source,False,No flags
ACC-0712,Account,Ext-Acc-227190,9000000245.0,Financial,1,0,0,1,0,2026-08-24,2026-08-24,Sender,False,📄 Single-Source,False,No flags
ACC-0713,Account,Ext-Acc-378766,9000000104.0,Financial,1,0,0,1,0,2025-07-01,2025-07-01,Receiver,False,📄 Single-Source,False,No flags
ACC-0714,Account,Ext-Acc-252527,,Financial,1,0,0,1,0,2026-02-12,2026-02-12,Sender,False,📄 Single-Source,False,No flags
ACC-0715,Account,Ext-Acc-311848,9000000399.0,Financial,1,0,0,1,0,2025-05-09,2025-05-09,Receiver,False,📄 Single-Source,False,No flags
ACC-0716,Account,Ext-Acc-291590,9000000127.0,Financial,1,0,0,1,0,2025-03-16,2025-03-16,Sender,False,📄 Single-Source,False,No flags
ACC-0717,Account,Ext-Acc-237118,9000000436.0,Financial,1,0,0,1,0,2026-06-05,2026-06-05,Sender,False,📄 Single-Source,False,No flags
ACC-0718,Account,Ext-Acc-395731,9000000436.0,Financial,1,0,0,1,0,2026-06-05,2026-06-05,Receiver,False,📄 Single-Source,False,No flags
ACC-0719,Account,Ext-Acc-248382,9000000362.0,Financial,1,0,0,1,0,2026-05-17,2026-05-17,Sender,False,📄 Single-Source,False,No flags
ACC-0720,Account,Ext-Acc-345388,9000000126.0,Financial,1,0,0,1,0,2025-01-10,2025-01-10,Receiver,False,📄 Single-Source,False,No flags
ACC-0721,Account,Ext-Acc-355372,,Financial,1,0,0,1,0,2025-04-01,2025-04-01,Receiver,False,📄 Single-Source,False,No flags
ACC-0722,Account,Ext-Acc-293326,9000000008.0,Financial,1,0,0,1,0,2025-10-25,2025-10-25,Sender,False,📄 Single-Source,False,No flags
ACC-0723,Account,Ext-Acc-292741,9000000062.0,Financial,1,0,0,1,0,2025-12-27,2025-12-27,Sender,False,📄 Single-Source,False,No flags
ACC-0724,Account,Ext-Acc-233072,9000000452.0,Financial,1,0,0,1,0,2025-10-05,2025-10-05,Sender,False,📄 Single-Source,False,No flags
ACC-0725,Account,Ext-Acc-231994,9000000171.0,Financial,1,0,0,1,0,2025-10-17,2025-10-17,Sender,False,📄 Single-Source,False,No flags
ACC-0726,Account,Ext-Acc-396034,9000000171.0,Financial,1,0,0,1,0,2025-10-17,2025-10-17,Receiver,False,📄 Single-Source,False,No flags
ACC-0727,Account,Ext-Acc-274828,9000000007.0,Financial,1,0,0,1,0,2025-02-07,2025-02-07,Sender,False,📄 Single-Source,False,No flags
ACC-0728,Account,Ext-Acc-383211,9000000442.0,Financial,1,0,0,1,0,2025-06-21,2025-06-21,Receiver,False,📄 Single-Source,False,No flags
ACC-0729,Account,Ext-Acc-277059,9000000098.0,Financial,1,0,0,1,0,2025-09-22,2025-09-22,Sender,False,📄 Single-Source,False,No flags
ACC-0730,Account,Ext-Acc-227608,9000000359.0,Financial,1,0,0,1,0,2025-03-03,2025-03-03,Sender,False,📄 Single-Source,False,No flags
ACC-0731,Account,Ext-Acc-317261,,Financial,1,0,0,1,0,2025-06-19,2025-06-19,Receiver,False,📄 Single-Source,False,No flags
ACC-0732,Account,Ext-Acc-296267,,Financial,1,0,0,1,0,2025-08-05,2025-08-05,Sender,False,📄 Single-Source,False,No flags
ACC-0733,Account,Ext-Acc-372098,,Financial,1,0,0,1,0,2025-08-05,2025-08-05,Receiver,False,📄 Single-Source,False,No flags
ACC-0734,Account,Ext-Acc-399844,,Financial,1,0,0,1,0,2025-11-10,2025-11-10,Receiver,False,📄 Single-Source,False,No flags
ACC-0735,Account,Ext-Acc-258911,9000000121.0,Financial,1,0,0,1,0,2025-12-27,2025-12-27,Sender,False,📄 Single-Source,False,No flags
ACC-0736,Account,Ext-Acc-231367,9000000217.0,Financial,1,0,0,1,0,2025-01-24,2025-01-24,Sender,False,📄 Single-Source,False,No flags
ACC-0737,Account,Ext-Acc-289394,9000000228.0,Financial,1,0,0,1,0,2025-07-21,2025-07-21,Sender,False,📄 Single-Source,False,No flags
ACC-0738,Account,Ext-Acc-368126,9000000228.0,Financial,1,0,0,1,0,2025-07-21,2025-07-21,Receiver,False,📄 Single-Source,False,No flags
ACC-0739,Account,Ext-Acc-293685,9000000375.0,Financial,1,0,0,1,0,2026-07-18,2026-07-18,Sender,False,📄 Single-Source,False,No flags
ACC-0740,Account,Ext-Acc-313582,9000000003.0,Financial,1,0,0,1,0,2026-09-07,2026-09-07,Receiver,False,📄 Single-Source,False,No flags
ACC-0741,Account,Ext-Acc-391692,9000000022.0,Financial,1,0,0,1,0,2025-04-25,2025-04-25,Receiver,False,📄 Single-Source,False,No flags
ACC-0742,Account,Ext-Acc-233725,9000000414.0,Financial,1,0,0,1,0,2025-10-10,2025-10-10,Sender,False,📄 Single-Source,False,No flags
ACC-0743,Account,Ext-Acc-384390,9000000337.0,Financial,1,0,0,1,0,2025-10-21,2025-10-21,Receiver,False,📄 Single-Source,False,No flags
ACC-0744,Account,Ext-Acc-368697,9000000235.0,Financial,1,0,0,1,0,2025-11-06,2025-11-06,Receiver,False,📄 Single-Source,False,No flags
ACC-0745,Account,Ext-Acc-297158,9000000060.0,Financial,1,0,0,1,0,2025-07-18,2025-07-18,Sender,False,📄 Single-Source,False,No flags
ACC-0746,Account,Ext-Acc-306695,9000000251.0,Financial,1,0,0,1,0,2025-12-10,2025-12-10,Receiver,False,📄 Single-Source,False,No flags
ACC-0747,Account,Ext-Acc-232997,,Financial,1,0,0,1,0,2026-02-04,2026-02-04,Sender,False,📄 Single-Source,False,No flags
ACC-0748,Account,Ext-Acc-378820,,Financial,1,0,0,1,0,2026-02-04,2026-02-04,Receiver,False,📄 Single-Source,False,No flags
ACC-0749,Account,Ext-Acc-388208,,Financial,1,0,0,1,0,2026-06-18,2026-06-18,Receiver,False,📄 Single-Source,False,No flags
ACC-0750,Account,Ext-Acc-227946,9000000182.0,Financial,1,0,0,1,0,2026-04-19,2026-04-19,Sender,False,📄 Single-Source,False,No flags
ACC-0751,Account,Ext-Acc-220701,9000000287.0,Financial,1,0,0,1,0,2025-11-20,2025-11-20,Sender,False,📄 Single-Source,False,No flags
ACC-0752,Account,Ext-Acc-239795,9000000118.0,Financial,1,0,0,1,0,2025-11-27,2025-11-27,Sender,False,📄 Single-Source,False,No flags
ACC-0753,Account,Ext-Acc-277717,9000000251.0,Financial,1,0,0,1,0,2026-04-17,2026-04-17,Sender,False,📄 Single-Source,False,No flags
ACC-0754,Account,Ext-Acc-358437,9000000010.0,Financial,1,0,0,1,0,2025-12-24,2025-12-24,Receiver,False,📄 Single-Source,False,No flags
ACC-0755,Account,Ext-Acc-318385,,Financial,1,0,0,1,0,2026-09-12,2026-09-12,Receiver,False,📄 Single-Source,False,No flags
ACC-0756,Account,Ext-Acc-269699,,Financial,1,0,0,1,0,2025-05-29,2025-05-29,Sender,False,📄 Single-Source,False,No flags
ACC-0757,Account,Ext-Acc-319949,,Financial,1,0,0,1,0,2025-12-19,2025-12-19,Receiver,False,📄 Single-Source,False,No flags
ACC-0758,Account,Ext-Acc-256675,9000000216.0,Financial,1,0,0,1,0,2025-01-07,2025-01-07,Sender,False,📄 Single-Source,False,No flags
ACC-0759,Account,Ext-Acc-352620,9000000216.0,Financial,1,0,0,1,0,2025-01-07,2025-01-07,Receiver,False,📄 Single-Source,False,No flags
ACC-0760,Account,Ext-Acc-276595,,Financial,1,0,0,1,0,2026-03-23,2026-03-23,Sender,False,📄 Single-Source,False,No flags
ACC-0761,Account,Ext-Acc-342810,,Financial,1,0,0,1,0,2026-03-23,2026-03-23,Receiver,False,📄 Single-Source,False,No flags
ACC-0762,Account,Ext-Acc-220002,9000000138.0,Financial,1,0,0,1,0,2025-01-31,2025-01-31,Sender,False,📄 Single-Source,False,No flags
ACC-0763,Account,Ext-Acc-286267,,Financial,1,0,0,1,0,2025-01-22,2025-01-22,Sender,False,📄 Single-Source,False,No flags
ACC-0764,Account,Ext-Acc-394964,9000000100.0,Financial,1,0,0,1,0,2026-01-15,2026-01-15,Receiver,False,📄 Single-Source,False,No flags
ACC-0765,Account,Ext-Acc-247167,9000000088.0,Financial,1,0,0,1,0,2025-11-07,2025-11-07,Sender,False,📄 Single-Source,False,No flags
ACC-0766,Account,Ext-Acc-399914,9000000207.0,Financial,1,0,0,1,0,2026-05-29,2026-05-29,Receiver,False,📄 Single-Source,False,No flags
ACC-0767,Account,Ext-Acc-234757,9000000065.0,Financial,1,0,0,1,0,2025-04-23,2025-04-23,Sender,False,📄 Single-Source,False,No flags
ACC-0768,Account,Ext-Acc-222248,,Financial,1,0,0,1,0,2026-01-05,2026-01-05,Sender,False,📄 Single-Source,False,No flags
ACC-0769,Account,Ext-Acc-200094,9000000215.0,Financial,1,0,0,1,0,2026-04-22,2026-04-22,Sender,False,📄 Single-Source,False,No flags
ACC-0770,Account,Ext-Acc-274873,9000000221.0,Financial,1,0,0,1,0,2026-08-01,2026-08-01,Sender,False,📄 Single-Source,False,No flags
ACC-0771,Account,Ext-Acc-204485,,Financial,1,0,0,1,0,2026-05-08,2026-05-08,Sender,False,📄 Single-Source,False,No flags
ACC-0772,Account,Ext-Acc-350466,,Financial,1,0,0,1,0,2026-05-08,2026-05-08,Receiver,False,📄 Single-Source,False,No flags
ACC-0773,Account,Ext-Acc-267435,9000000388.0,Financial,1,0,0,1,0,2026-01-14,2026-01-14,Sender,False,📄 Single-Source,False,No flags
ACC-0774,Account,Ext-Acc-344204,9000000388.0,Financial,1,0,0,1,0,2026-01-14,2026-01-14,Receiver,False,📄 Single-Source,False,No flags
ACC-0775,Account,Ext-Acc-268035,,Financial,1,0,0,1,0,2025-06-26,2025-06-26,Sender,False,📄 Single-Source,False,No flags
ACC-0776,Account,Ext-Acc-346391,9000000268.0,Financial,1,0,0,1,0,2025-10-09,2025-10-09,Receiver,False,📄 Single-Source,False,No flags
ACC-0777,Account,Ext-Acc-283218,,Financial,1,0,0,1,0,2026-04-19,2026-04-19,Sender,False,📄 Single-Source,False,No flags
ACC-0778,Account,Ext-Acc-362461,9000000283.0,Financial,1,0,0,1,0,2025-07-15,2025-07-15,Receiver,False,📄 Single-Source,False,No flags
ACC-0779,Account,Ext-Acc-207762,9000000205.0,Financial,1,0,0,1,0,2025-05-04,2025-05-04,Sender,False,📄 Single-Source,False,No flags
ACC-0780,Account,Ext-Acc-318389,9000000205.0,Financial,1,0,0,1,0,2025-05-04,2025-05-04,Receiver,False,📄 Single-Source,False,No flags
ACC-0781,Account,Ext-Acc-350004,,Financial,1,0,0,1,0,2026-03-31,2026-03-31,Receiver,False,📄 Single-Source,False,No flags
ACC-0782,Account,Ext-Acc-263871,9000000222.0,Financial,1,0,0,1,0,2026-04-11,2026-04-11,Sender,False,📄 Single-Source,False,No flags
ACC-0783,Account,Ext-Acc-329443,9000000222.0,Financial,1,0,0,1,0,2026-04-11,2026-04-11,Receiver,False,📄 Single-Source,False,No flags
ACC-0784,Account,Ext-Acc-256685,9000000363.0,Financial,1,0,0,1,0,2025-07-15,2025-07-15,Sender,False,📄 Single-Source,False,No flags
ACC-0785,Account,Ext-Acc-246748,9000000085.0,Financial,1,0,0,1,0,2025-12-03,2025-12-03,Sender,False,📄 Single-Source,False,No flags
ACC-0786,Account,Ext-Acc-355290,,Financial,1,0,0,1,0,2026-09-05,2026-09-05,Receiver,False,📄 Single-Source,False,No flags
ACC-0787,Account,Ext-Acc-204885,9000000235.0,Financial,1,0,0,1,0,2025-05-21,2025-05-21,Sender,False,📄 Single-Source,False,No flags
ACC-0788,Account,Ext-Acc-382328,9000000235.0,Financial,1,0,0,1,0,2025-05-21,2025-05-21,Receiver,False,📄 Single-Source,False,No flags
ACC-0789,Account,Ext-Acc-243747,9000000213.0,Financial,1,0,0,1,0,2025-03-20,2025-03-20,Sender,False,📄 Single-Source,False,No flags
ACC-0790,Account,Ext-Acc-273463,,Financial,1,0,0,1,0,2025-03-12,2025-03-12,Sender,False,📄 Single-Source,False,No flags
ACC-0791,Account,Ext-Acc-303454,9000000007.0,Financial,1,0,0,1,0,2025-06-25,2025-06-25,Receiver,False,📄 Single-Source,False,No flags
ACC-0792,Account,Ext-Acc-250738,,Financial,1,0,0,1,0,2025-10-15,2025-10-15,Sender,False,📄 Single-Source,False,No flags
ACC-0793,Account,Ext-Acc-392634,,Financial,1,0,0,1,0,2025-10-15,2025-10-15,Receiver,False,📄 Single-Source,False,No flags
ACC-0794,Account,Ext-Acc-317628,9000000355.0,Financial,1,0,0,1,0,2026-03-26,2026-03-26,Receiver,False,📄 Single-Source,False,No flags
ACC-0795,Account,Ext-Acc-295389,9000000004.0,Financial,1,0,0,1,0,2025-06-17,2025-06-17,Sender,False,📄 Single-Source,False,No flags
ACC-0796,Account,Ext-Acc-353364,9000000318.0,Financial,1,0,0,1,0,2026-04-19,2026-04-19,Receiver,False,📄 Single-Source,False,No flags
ACC-0797,Account,Ext-Acc-396017,9000000381.0,Financial,1,0,0,1,0,2025-05-20,2025-05-20,Receiver,False,📄 Single-Source,False,No flags
ACC-0798,Account,Ext-Acc-375235,,Financial,1,0,0,1,0,2026-01-04,2026-01-04,Receiver,False,📄 Single-Source,False,No flags
ACC-0799,Account,Ext-Acc-333031,9000000031.0,Financial,1,0,0,1,0,2025-09-30,2025-09-30,Receiver,False,📄 Single-Source,False,No flags
ACC-0800,Account,Ext-Acc-324704,,Financial,1,0,0,1,0,2025-09-26,2025-09-26,Receiver,False,📄 Single-Source,False,No flags
ACC-0801,Account,Ext-Acc-323264,,Financial,1,0,0,1,0,2025-01-31,2025-01-31,Receiver,False,📄 Single-Source,False,No flags
ACC-0802,Account,Ext-Acc-240850,9000000182.0,Financial,1,0,0,1,0,2025-03-19,2025-03-19,Sender,False,📄 Single-Source,False,No flags
ACC-0803,Account,Ext-Acc-314126,9000000182.0,Financial,1,0,0,1,0,2025-03-19,2025-03-19,Receiver,False,📄 Single-Source,False,No flags
ACC-0804,Account,Ext-Acc-259594,9000000001.0,Financial,1,0,0,1,0,2025-02-20,2025-02-20,Sender,False,📄 Single-Source,False,No flags
ACC-0805,Account,Ext-Acc-371824,9000000001.0,Financial,1,0,0,1,0,2025-02-20,2025-02-20,Receiver,False,📄 Single-Source,False,No flags
ACC-0806,Account,Ext-Acc-264325,9000000074.0,Financial,1,0,0,1,0,2026-05-28,2026-05-28,Sender,False,📄 Single-Source,False,No flags
ACC-0807,Account,Ext-Acc-255878,9000000019.0,Financial,1,0,0,1,0,2026-04-19,2026-04-19,Sender,False,📄 Single-Source,False,No flags
ACC-0808,Account,Ext-Acc-269147,9000000213.0,Financial,1,0,0,1,0,2026-03-20,2026-03-20,Sender,False,📄 Single-Source,False,No flags
ACC-0809,Account,Ext-Acc-324651,9000000213.0,Financial,1,0,0,1,0,2026-03-20,2026-03-20,Receiver,False,📄 Single-Source,False,No flags
ACC-0810,Account,Ext-Acc-350449,9000000337.0,Financial,1,0,0,1,0,2026-06-16,2026-06-16,Receiver,False,📄 Single-Source,False,No flags
ACC-0811,Account,Ext-Acc-349431,9000000071.0,Financial,1,0,0,1,0,2025-07-16,2025-07-16,Receiver,False,📄 Single-Source,False,No flags
ACC-0812,Account,Ext-Acc-291097,,Financial,1,0,0,1,0,2025-11-03,2025-11-03,Sender,False,📄 Single-Source,False,No flags
ACC-0813,Account,Ext-Acc-366010,9000000012.0,Financial,1,0,0,1,0,2025-02-03,2025-02-03,Receiver,False,📄 Single-Source,False,No flags
ACC-0814,Account,Ext-Acc-378860,9000000272.0,Financial,1,0,0,1,0,2025-09-04,2025-09-04,Receiver,False,📄 Single-Source,False,No flags
ACC-0815,Account,Ext-Acc-342160,9000000150.0,Financial,1,0,0,1,0,2025-01-05,2025-01-05,Receiver,False,📄 Single-Source,False,No flags
ACC-0816,Account,Ext-Acc-221013,,Financial,1,0,0,1,0,2026-02-25,2026-02-25,Sender,False,📄 Single-Source,False,No flags
ACC-0817,Account,Ext-Acc-346752,9000000189.0,Financial,1,0,0,1,0,2025-02-21,2025-02-21,Receiver,False,📄 Single-Source,False,No flags
ACC-0818,Account,Ext-Acc-258538,9000000307.0,Financial,1,0,0,1,0,2025-04-29,2025-04-29,Sender,False,📄 Single-Source,False,No flags
ACC-0819,Account,Ext-Acc-390434,9000000032.0,Financial,1,0,0,1,0,2025-04-24,2025-04-24,Receiver,False,📄 Single-Source,False,No flags
ACC-0820,Account,Ext-Acc-261972,9000000095.0,Financial,1,0,0,1,0,2026-03-31,2026-03-31,Sender,False,📄 Single-Source,False,No flags
ACC-0821,Account,Ext-Acc-348492,,Financial,1,0,0,1,0,2025-04-27,2025-04-27,Receiver,False,📄 Single-Source,False,No flags
ACC-0822,Account,Ext-Acc-286074,9000000129.0,Financial,1,0,0,1,0,2026-03-22,2026-03-22,Sender,False,📄 Single-Source,False,No flags
ACC-0823,Account,Ext-Acc-235426,,Financial,1,0,0,1,0,2025-09-23,2025-09-23,Sender,False,📄 Single-Source,False,No flags
ACC-0824,Account,Ext-Acc-343992,,Financial,1,0,0,1,0,2025-09-23,2025-09-23,Receiver,False,📄 Single-Source,False,No flags
ACC-0825,Account,Ext-Acc-311453,9000000146.0,Financial,1,0,0,1,0,2025-09-22,2025-09-22,Receiver,False,📄 Single-Source,False,No flags
ACC-0826,Account,Ext-Acc-282706,9000000366.0,Financial,1,0,0,1,0,2026-08-03,2026-08-03,Sender,False,📄 Single-Source,False,No flags
ACC-0827,Account,Ext-Acc-387154,9000000366.0,Financial,1,0,0,1,0,2026-08-03,2026-08-03,Receiver,False,📄 Single-Source,False,No flags
ACC-0828,Account,Ext-Acc-329847,9000000104.0,Financial,1,0,0,1,0,2026-01-29,2026-01-29,Receiver,False,📄 Single-Source,False,No flags
ACC-0829,Account,Ext-Acc-269540,9000000274.0,Financial,1,0,0,1,0,2025-02-18,2025-02-18,Sender,False,📄 Single-Source,False,No flags
ACC-0830,Account,Ext-Acc-256373,,Financial,1,0,0,1,0,2025-09-05,2025-09-05,Sender,False,📄 Single-Source,False,No flags
ACC-0831,Account,Ext-Acc-229899,9000000132.0,Financial,1,0,0,1,0,2026-09-11,2026-09-11,Sender,False,📄 Single-Source,False,No flags
ACC-0832,Account,Ext-Acc-254997,9000000234.0,Financial,1,0,0,1,0,2025-11-07,2025-11-07,Sender,False,📄 Single-Source,False,No flags
ACC-0833,Account,Ext-Acc-318275,9000000234.0,Financial,1,0,0,1,0,2025-11-07,2025-11-07,Receiver,False,📄 Single-Source,False,No flags
ACC-0834,Account,Ext-Acc-240964,,Financial,1,0,0,1,0,2025-09-15,2025-09-15,Sender,False,📄 Single-Source,False,No flags
ACC-0835,Account,Ext-Acc-379873,9000000172.0,Financial,1,0,0,1,0,2025-01-16,2025-01-16,Receiver,False,📄 Single-Source,False,No flags
ACC-0836,Account,Ext-Acc-384651,9000000086.0,Financial,1,0,0,1,0,2026-07-24,2026-07-24,Receiver,False,📄 Single-Source,False,No flags
ACC-0837,Account,Ext-Acc-327165,9000000431.0,Financial,1,0,0,1,0,2025-07-05,2025-07-05,Receiver,False,📄 Single-Source,False,No flags
ACC-0838,Account,Ext-Acc-321519,9000000322.0,Financial,1,0,0,1,0,2026-08-02,2026-08-02,Receiver,False,📄 Single-Source,False,No flags
ACC-0839,Account,Ext-Acc-247308,9000000007.0,Financial,1,0,0,1,0,2026-02-01,2026-02-01,Sender,False,📄 Single-Source,False,No flags
ACC-0840,Account,Ext-Acc-204089,,Financial,1,0,0,1,0,2026-07-21,2026-07-21,Sender,False,📄 Single-Source,False,No flags
ACC-0841,Account,Ext-Acc-348866,9000000287.0,Financial,1,0,0,1,0,2025-01-28,2025-01-28,Receiver,False,📄 Single-Source,False,No flags
ACC-0842,Account,Ext-Acc-226825,9000000489.0,Financial,1,0,0,1,0,2025-03-29,2025-03-29,Sender,False,📄 Single-Source,False,No flags
ACC-0843,Account,Ext-Acc-285220,9000000168.0,Financial,1,0,0,1,0,2026-07-10,2026-07-10,Sender,False,📄 Single-Source,False,No flags
ACC-0844,Account,Ext-Acc-219350,9000000084.0,Financial,1,0,0,1,0,2025-12-02,2025-12-02,Sender,False,📄 Single-Source,False,No flags
ACC-0845,Account,Ext-Acc-398521,9000000084.0,Financial,1,0,0,1,0,2025-12-02,2025-12-02,Receiver,False,📄 Single-Source,False,No flags
ACC-0846,Account,Ext-Acc-284602,9000000056.0,Financial,1,0,0,1,0,2026-05-01,2026-05-01,Sender,False,📄 Single-Source,False,No flags
ACC-0847,Account,Ext-Acc-220896,,Financial,1,0,0,1,0,2025-11-04,2025-11-04,Sender,False,📄 Single-Source,False,No flags
ACC-0848,Account,Ext-Acc-375195,,Financial,1,0,0,1,0,2025-11-04,2025-11-04,Receiver,False,📄 Single-Source,False,No flags
ACC-0849,Account,Ext-Acc-271302,9000000328.0,Financial,1,0,0,1,0,2026-07-29,2026-07-29,Sender,False,📄 Single-Source,False,No flags
ACC-0850,Account,Ext-Acc-371886,9000000033.0,Financial,1,0,0,1,0,2025-09-30,2025-09-30,Receiver,False,📄 Single-Source,False,No flags
ACC-0851,Account,Ext-Acc-324684,,Financial,1,0,0,1,0,2026-01-20,2026-01-20,Receiver,False,📄 Single-Source,False,No flags
ACC-0852,Account,Ext-Acc-371036,9000000258.0,Financial,1,0,0,1,0,2025-01-25,2025-01-25,Receiver,False,📄 Single-Source,False,No flags
ACC-0853,Account,Ext-Acc-355301,9000000283.0,Financial,1,0,0,1,0,2025-08-22,2025-08-22,Receiver,False,📄 Single-Source,False,No flags
ACC-0854,Account,Ext-Acc-255404,9000000291.0,Financial,1,0,0,1,0,2025-01-22,2025-01-22,Sender,False,📄 Single-Source,False,No flags
ACC-0855,Account,Ext-Acc-381295,9000000291.0,Financial,1,0,0,1,0,2025-01-22,2025-01-22,Receiver,False,📄 Single-Source,False,No flags
ACC-0856,Account,Ext-Acc-259139,9000000175.0,Financial,1,0,0,1,0,2025-01-22,2025-01-22,Sender,False,📄 Single-Source,False,No flags
ACC-0857,Account,Ext-Acc-205750,9000000024.0,Financial,1,0,0,1,0,2025-12-12,2025-12-12,Sender,False,📄 Single-Source,False,No flags
ACC-0858,Account,Ext-Acc-273763,9000000033.0,Financial,1,0,0,1,0,2026-06-23,2026-06-23,Sender,False,📄 Single-Source,False,No flags
ACC-0859,Account,Ext-Acc-253266,9000000228.0,Financial,1,0,0,1,0,2026-07-19,2026-07-19,Sender,False,📄 Single-Source,False,No flags
ACC-0860,Account,Ext-Acc-353284,9000000264.0,Financial,1,0,0,1,0,2026-02-09,2026-02-09,Receiver,False,📄 Single-Source,False,No flags
ACC-0861,Account,Ext-Acc-319079,,Financial,1,0,0,1,0,2025-12-27,2025-12-27,Receiver,False,📄 Single-Source,False,No flags
ACC-0862,Account,Ext-Acc-217991,9000000448.0,Financial,1,0,0,1,0,2025-02-18,2025-02-18,Sender,False,📄 Single-Source,False,No flags
ACC-0863,Account,Ext-Acc-342488,9000000456.0,Financial,1,0,0,1,0,2025-05-30,2025-05-30,Receiver,False,📄 Single-Source,False,No flags
ACC-0864,Account,Ext-Acc-224687,9000000314.0,Financial,1,0,0,1,0,2025-10-08,2025-10-08,Sender,False,📄 Single-Source,False,No flags
ACC-0865,Account,Ext-Acc-318255,9000000314.0,Financial,1,0,0,1,0,2025-10-08,2025-10-08,Receiver,False,📄 Single-Source,False,No flags
ACC-0866,Account,Ext-Acc-338202,,Financial,1,0,0,1,0,2025-09-20,2025-09-20,Receiver,False,📄 Single-Source,False,No flags
ACC-0867,Account,Ext-Acc-259606,,Financial,1,0,0,1,0,2025-07-26,2025-07-26,Sender,False,📄 Single-Source,False,No flags
ACC-0868,Account,Ext-Acc-372174,,Financial,1,0,0,1,0,2025-07-26,2025-07-26,Receiver,False,📄 Single-Source,False,No flags
ACC-0869,Account,Ext-Acc-278023,,Financial,1,0,0,1,0,2025-02-12,2025-02-12,Sender,False,📄 Single-Source,False,No flags
ACC-0870,Account,Ext-Acc-390010,9000000407.0,Financial,1,0,0,1,0,2025-01-08,2025-01-08,Receiver,False,📄 Single-Source,False,No flags
ACC-0871,Account,Ext-Acc-336630,9000000142.0,Financial,1,0,0,1,0,2026-04-11,2026-04-11,Receiver,False,📄 Single-Source,False,No flags
ACC-0872,Account,Ext-Acc-253547,9000000295.0,Financial,1,0,0,1,0,2025-10-23,2025-10-23,Sender,False,📄 Single-Source,False,No flags
ACC-0873,Account,Ext-Acc-358002,9000000295.0,Financial,1,0,0,1,0,2025-10-23,2025-10-23,Receiver,False,📄 Single-Source,False,No flags
ACC-0874,Account,Ext-Acc-264424,9000000401.0,Financial,1,0,0,1,0,2025-12-10,2025-12-10,Sender,False,📄 Single-Source,False,No flags
ACC-0875,Account,Ext-Acc-222070,9000000305.0,Financial,1,0,0,1,0,2025-08-14,2025-08-14,Sender,False,📄 Single-Source,False,No flags
ACC-0876,Account,Ext-Acc-327149,9000000305.0,Financial,1,0,0,1,0,2025-08-14,2025-08-14,Receiver,False,📄 Single-Source,False,No flags
ACC-0877,Account,Ext-Acc-273834,9000000067.0,Financial,1,0,0,1,0,2025-10-07,2025-10-07,Sender,False,📄 Single-Source,False,No flags
ACC-0878,Account,Ext-Acc-247785,9000000023.0,Financial,1,0,0,1,0,2025-02-08,2025-02-08,Sender,False,📄 Single-Source,False,No flags
ACC-0879,Account,Ext-Acc-236505,9000000013.0,Financial,1,0,0,1,0,2025-03-13,2025-03-13,Sender,False,📄 Single-Source,False,No flags
ACC-0880,Account,Ext-Acc-324382,9000000013.0,Financial,1,0,0,1,0,2025-03-13,2025-03-13,Receiver,False,📄 Single-Source,False,No flags
ACC-0881,Account,Ext-Acc-322010,,Financial,1,0,0,1,0,2025-03-01,2025-03-01,Receiver,False,📄 Single-Source,False,No flags
ACC-0882,Account,Ext-Acc-293510,9000000062.0,Financial,1,0,0,1,0,2025-08-12,2025-08-12,Sender,False,📄 Single-Source,False,No flags
ACC-0883,Account,Ext-Acc-272130,9000000332.0,Financial,1,0,0,1,0,2026-04-16,2026-04-16,Sender,False,📄 Single-Source,False,No flags
ACC-0884,Account,Ext-Acc-328255,9000000163.0,Financial,1,0,0,1,0,2026-04-04,2026-04-04,Receiver,False,📄 Single-Source,False,No flags
ACC-0885,Account,Ext-Acc-213275,9000000339.0,Financial,1,0,0,1,0,2025-03-02,2025-03-02,Sender,False,📄 Single-Source,False,No flags
ACC-0886,Account,Ext-Acc-262843,9000000387.0,Financial,1,0,0,1,0,2025-04-24,2025-04-24,Sender,False,📄 Single-Source,False,No flags
ACC-0887,Account,Ext-Acc-374232,9000000385.0,Financial,1,0,0,1,0,2025-10-21,2025-10-21,Receiver,False,📄 Single-Source,False,No flags
ACC-0888,Account,Ext-Acc-312214,,Financial,1,0,0,1,0,2025-08-24,2025-08-24,Receiver,False,📄 Single-Source,False,No flags
ACC-0889,Account,Ext-Acc-264681,9000000122.0,Financial,1,0,0,1,0,2025-12-31,2025-12-31,Sender,False,📄 Single-Source,False,No flags
ACC-0890,Account,Ext-Acc-232602,9000000457.0,Financial,1,0,0,1,0,2025-11-07,2025-11-07,Sender,False,📄 Single-Source,False,No flags
ACC-0891,Account,Ext-Acc-364469,9000000030.0,Financial,1,0,0,1,0,2025-07-02,2025-07-02,Receiver,False,📄 Single-Source,False,No flags
ACC-0892,Account,Ext-Acc-247022,9000000006.0,Financial,1,0,0,1,0,2025-07-02,2025-07-02,Sender,False,📄 Single-Source,False,No flags
ACC-0893,Account,Ext-Acc-340160,9000000006.0,Financial,1,0,0,1,0,2025-07-02,2025-07-02,Receiver,False,📄 Single-Source,False,No flags
ACC-0894,Account,Ext-Acc-257060,9000000303.0,Financial,1,0,0,1,0,2025-06-12,2025-06-12,Sender,False,📄 Single-Source,False,No flags
ACC-0895,Account,Ext-Acc-333053,9000000379.0,Financial,1,0,0,1,0,2025-11-05,2025-11-05,Receiver,False,📄 Single-Source,False,No flags
ACC-0896,Account,Ext-Acc-255358,9000000291.0,Financial,1,0,0,1,0,2025-05-08,2025-05-08,Sender,False,📄 Single-Source,False,No flags
ACC-0897,Account,Ext-Acc-398502,9000000291.0,Financial,1,0,0,1,0,2025-05-08,2025-05-08,Receiver,False,📄 Single-Source,False,No flags
ACC-0898,Account,Ext-Acc-308231,9000000189.0,Financial,1,0,0,1,0,2026-04-18,2026-04-18,Receiver,False,📄 Single-Source,False,No flags
ACC-0899,Account,Ext-Acc-370157,,Financial,1,0,0,1,0,2026-07-24,2026-07-24,Receiver,False,📄 Single-Source,False,No flags
ACC-0900,Account,Ext-Acc-302711,9000000207.0,Financial,1,0,0,1,0,2026-05-26,2026-05-26,Receiver,False,📄 Single-Source,False,No flags
ACC-0901,Account,Ext-Acc-335396,9000000374.0,Financial,1,0,0,1,0,2026-01-24,2026-01-24,Receiver,False,📄 Single-Source,False,No flags
ACC-0902,Account,Ext-Acc-346299,,Financial,1,0,0,1,0,2026-04-27,2026-04-27,Receiver,False,📄 Single-Source,False,No flags
ACC-0903,Account,Ext-Acc-370098,,Financial,1,0,0,1,0,2025-01-24,2025-01-24,Receiver,False,📄 Single-Source,False,No flags
ACC-0904,Account,Ext-Acc-252751,,Financial,1,0,0,1,0,2026-08-02,2026-08-02,Sender,False,📄 Single-Source,False,No flags
ACC-0905,Account,Ext-Acc-260749,9000000435.0,Financial,1,0,0,1,0,2026-01-03,2026-01-03,Sender,False,📄 Single-Source,False,No flags
ACC-0906,Account,Ext-Acc-383634,9000000457.0,Financial,1,0,0,1,0,2025-01-31,2025-01-31,Receiver,False,📄 Single-Source,False,No flags
ACC-0907,Account,Ext-Acc-368806,9000000309.0,Financial,1,0,0,1,0,2025-07-25,2025-07-25,Receiver,False,📄 Single-Source,False,No flags
ACC-0908,Account,Ext-Acc-213164,9000000252.0,Financial,1,0,0,1,0,2026-05-27,2026-05-27,Sender,False,📄 Single-Source,False,No flags
ACC-0909,Account,Ext-Acc-398605,9000000252.0,Financial,1,0,0,1,0,2026-05-27,2026-05-27,Receiver,False,📄 Single-Source,False,No flags
ACC-0910,Account,Ext-Acc-313614,9000000422.0,Financial,1,0,0,1,0,2025-04-09,2025-04-09,Receiver,False,📄 Single-Source,False,No flags
ACC-0911,Account,Ext-Acc-335823,9000000028.0,Financial,1,0,0,1,0,2025-07-04,2025-07-04,Receiver,False,📄 Single-Source,False,No flags
ACC-0912,Account,Ext-Acc-219125,9000000382.0,Financial,1,0,0,1,0,2026-01-15,2026-01-15,Sender,False,📄 Single-Source,False,No flags
ACC-0913,Account,Ext-Acc-269414,,Financial,1,0,0,1,0,2025-08-03,2025-08-03,Sender,False,📄 Single-Source,False,No flags
ACC-0914,Account,Ext-Acc-302247,9000000075.0,Financial,1,0,0,1,0,2026-03-05,2026-03-05,Receiver,False,📄 Single-Source,False,No flags
ACC-0915,Account,Ext-Acc-287614,9000000095.0,Financial,1,0,0,1,0,2026-02-15,2026-02-15,Sender,False,📄 Single-Source,False,No flags
ACC-0916,Account,Ext-Acc-380425,9000000095.0,Financial,1,0,0,1,0,2026-02-15,2026-02-15,Receiver,False,📄 Single-Source,False,No flags
ACC-0917,Account,Ext-Acc-272597,9000000295.0,Financial,1,0,0,1,0,2026-08-17,2026-08-17,Sender,False,📄 Single-Source,False,No flags
ACC-0918,Account,Ext-Acc-278849,9000000261.0,Financial,1,0,0,1,0,2025-09-19,2025-09-19,Sender,False,📄 Single-Source,False,No flags
ACC-0919,Account,Ext-Acc-313525,9000000091.0,Financial,1,0,0,1,0,2025-06-09,2025-06-09,Receiver,False,📄 Single-Source,False,No flags
ACC-0920,Account,Ext-Acc-271901,9000000094.0,Financial,1,0,0,1,0,2025-01-10,2025-01-10,Sender,False,📄 Single-Source,False,No flags
ACC-0921,Account,Ext-Acc-264166,,Financial,1,0,0,1,0,2026-03-29,2026-03-29,Sender,False,📄 Single-Source,False,No flags
ACC-0922,Account,Ext-Acc-328358,,Financial,1,0,0,1,0,2026-03-29,2026-03-29,Receiver,False,📄 Single-Source,False,No flags
ACC-0923,Account,Ext-Acc-398740,9000000319.0,Financial,1,0,0,1,0,2026-05-03,2026-05-03,Receiver,False,📄 Single-Source,False,No flags
ACC-0924,Account,Ext-Acc-339268,9000000027.0,Financial,1,0,0,1,0,2025-05-04,2025-05-04,Receiver,False,📄 Single-Source,False,No flags
ACC-0925,Account,Ext-Acc-255096,9000000074.0,Financial,1,0,0,1,0,2026-06-28,2026-06-28,Sender,False,📄 Single-Source,False,No flags
ACC-0926,Account,Ext-Acc-277553,9000000007.0,Financial,1,0,0,1,0,2026-04-07,2026-04-07,Sender,False,📄 Single-Source,False,No flags
ACC-0927,Account,Ext-Acc-376758,9000000007.0,Financial,1,0,0,1,0,2026-04-07,2026-04-07,Receiver,False,📄 Single-Source,False,No flags
ACC-0928,Account,Ext-Acc-336592,,Financial,1,0,0,1,0,2025-08-18,2025-08-18,Receiver,False,📄 Single-Source,False,No flags
ACC-0929,Account,Ext-Acc-215118,9000000165.0,Financial,1,0,0,1,0,2025-03-29,2025-03-29,Sender,False,📄 Single-Source,False,No flags
ACC-0930,Account,Ext-Acc-316617,9000000165.0,Financial,1,0,0,1,0,2025-03-29,2025-03-29,Receiver,False,📄 Single-Source,False,No flags
ACC-0931,Account,Ext-Acc-217723,9000000091.0,Financial,1,0,0,1,0,2026-01-30,2026-01-30,Sender,False,📄 Single-Source,False,No flags
ACC-0932,Account,Ext-Acc-287147,9000000384.0,Financial,1,0,0,1,0,2026-05-10,2026-05-10,Sender,False,📄 Single-Source,False,No flags
ACC-0933,Account,Ext-Acc-394776,9000000384.0,Financial,1,0,0,1,0,2026-05-10,2026-05-10,Receiver,False,📄 Single-Source,False,No flags
ACC-0934,Account,Ext-Acc-266062,9000000019.0,Financial,1,0,0,1,0,2026-06-03,2026-06-03,Sender,False,📄 Single-Source,False,No flags
ACC-0935,Account,Ext-Acc-251337,,Financial,1,0,0,1,0,2026-05-01,2026-05-01,Sender,False,📄 Single-Source,False,No flags
ACC-0936,Account,Ext-Acc-395156,9000000363.0,Financial,1,0,0,1,0,2025-05-04,2025-05-04,Receiver,False,📄 Single-Source,False,No flags
ACC-0937,Account,Ext-Acc-269248,,Financial,1,0,0,1,0,2025-10-31,2025-10-31,Sender,False,📄 Single-Source,False,No flags
ACC-0938,Account,Ext-Acc-399307,9000000089.0,Financial,1,0,0,1,0,2025-06-27,2025-06-27,Receiver,False,📄 Single-Source,False,No flags
ACC-0939,Account,Ext-Acc-295583,,Financial,1,0,0,1,0,2026-02-03,2026-02-03,Sender,False,📄 Single-Source,False,No flags
ACC-0940,Account,Ext-Acc-395784,9000000127.0,Financial,1,0,0,1,0,2025-05-19,2025-05-19,Receiver,False,📄 Single-Source,False,No flags
ACC-0941,Account,Ext-Acc-344555,9000000007.0,Financial,1,0,0,1,0,2025-08-15,2025-08-15,Receiver,False,📄 Single-Source,False,No flags
ACC-0942,Account,Ext-Acc-225471,,Financial,1,0,0,1,0,2025-06-22,2025-06-22,Sender,False,📄 Single-Source,False,No flags
ACC-0943,Account,Ext-Acc-333779,,Financial,1,0,0,1,0,2025-06-22,2025-06-22,Receiver,False,📄 Single-Source,False,No flags
ACC-0944,Account,Ext-Acc-304555,,Financial,1,0,0,1,0,2026-01-28,2026-01-28,Receiver,False,📄 Single-Source,False,No flags
ACC-0945,Account,Ext-Acc-372423,,Financial,1,0,0,1,0,2025-05-24,2025-05-24,Receiver,False,📄 Single-Source,False,No flags
ACC-0946,Account,Ext-Acc-268938,,Financial,1,0,0,1,0,2026-01-06,2026-01-06,Sender,False,📄 Single-Source,False,No flags
ACC-0947,Account,Ext-Acc-295777,9000000073.0,Financial,1,0,0,1,0,2026-08-28,2026-08-28,Sender,False,📄 Single-Source,False,No flags
ACC-0948,Account,Ext-Acc-217890,9000000070.0,Financial,1,0,0,1,0,2026-06-03,2026-06-03,Sender,False,📄 Single-Source,False,No flags
ACC-0949,Account,Ext-Acc-359795,9000000260.0,Financial,1,0,0,1,0,2025-10-12,2025-10-12,Receiver,False,📄 Single-Source,False,No flags
ACC-0950,Account,Ext-Acc-256344,9000000068.0,Financial,1,0,0,1,0,2026-03-10,2026-03-10,Sender,False,📄 Single-Source,False,No flags
ACC-0951,Account,Ext-Acc-268184,,Financial,1,0,0,1,0,2025-09-25,2025-09-25,Sender,False,📄 Single-Source,False,No flags
ACC-0952,Account,Ext-Acc-274221,9000000399.0,Financial,1,0,0,1,0,2026-08-16,2026-08-16,Sender,False,📄 Single-Source,False,No flags
ACC-0953,Account,Ext-Acc-241116,9000000409.0,Financial,1,0,0,1,0,2025-11-06,2025-11-06,Sender,False,📄 Single-Source,False,No flags
ACC-0954,Account,Ext-Acc-321527,9000000160.0,Financial,1,0,0,1,0,2026-02-04,2026-02-04,Receiver,False,📄 Single-Source,False,No flags
ACC-0955,Account,Ext-Acc-253955,,Financial,1,0,0,1,0,2026-01-18,2026-01-18,Sender,False,📄 Single-Source,False,No flags
ACC-0956,Account,Ext-Acc-378159,,Financial,1,0,0,1,0,2026-01-18,2026-01-18,Receiver,False,📄 Single-Source,False,No flags
ACC-0957,Account,Ext-Acc-221098,9000000273.0,Financial,1,0,0,1,0,2026-02-11,2026-02-11,Sender,False,📄 Single-Source,False,No flags
ACC-0958,Account,Ext-Acc-341182,9000000444.0,Financial,1,0,0,1,0,2025-11-08,2025-11-08,Receiver,False,📄 Single-Source,False,No flags
ACC-0959,Account,Ext-Acc-210301,9000000381.0,Financial,1,0,0,1,0,2026-06-05,2026-06-05,Sender,False,📄 Single-Source,False,No flags
ACC-0960,Account,Ext-Acc-356512,,Financial,1,0,0,1,0,2026-06-14,2026-06-14,Receiver,False,📄 Single-Source,False,No flags
ACC-0961,Account,Ext-Acc-286449,9000000091.0,Financial,1,0,0,1,0,2025-11-11,2025-11-11,Sender,False,📄 Single-Source,False,No flags
ACC-0962,Account,Ext-Acc-209535,9000000422.0,Financial,1,0,0,1,0,2025-01-31,2025-01-31,Sender,False,📄 Single-Source,False,No flags
ACC-0963,Account,Ext-Acc-318185,9000000422.0,Financial,1,0,0,1,0,2025-01-31,2025-01-31,Receiver,False,📄 Single-Source,False,No flags
ACC-0964,Account,Ext-Acc-260477,9000000012.0,Financial,1,0,0,1,0,2025-12-06,2025-12-06,Sender,False,📄 Single-Source,False,No flags
ACC-0965,Account,Ext-Acc-286975,9000000009.0,Financial,1,0,0,1,0,2026-06-17,2026-06-17,Sender,False,📄 Single-Source,False,No flags
ACC-0966,Account,Ext-Acc-347232,9000000009.0,Financial,1,0,0,1,0,2026-06-17,2026-06-17,Receiver,False,📄 Single-Source,False,No flags
ACC-0967,Account,Ext-Acc-324458,9000000126.0,Financial,1,0,0,1,0,2025-09-24,2025-09-24,Receiver,False,📄 Single-Source,False,No flags
ACC-0968,Account,Ext-Acc-329133,9000000210.0,Financial,1,0,0,1,0,2026-01-27,2026-01-27,Receiver,False,📄 Single-Source,False,No flags
ACC-0969,Account,Ext-Acc-327549,9000000007.0,Financial,1,0,0,1,0,2025-09-11,2025-09-11,Receiver,False,📄 Single-Source,False,No flags
ACC-0970,Account,Ext-Acc-254982,9000000200.0,Financial,1,0,0,1,0,2025-09-04,2025-09-04,Sender,False,📄 Single-Source,False,No flags
ACC-0971,Account,Ext-Acc-337156,9000000144.0,Financial,1,0,0,1,0,2025-05-18,2025-05-18,Receiver,False,📄 Single-Source,False,No flags
ACC-0972,Account,Ext-Acc-273060,,Financial,1,0,0,1,0,2026-01-29,2026-01-29,Sender,False,📄 Single-Source,False,No flags
ACC-0973,Account,Ext-Acc-356118,,Financial,1,0,0,1,0,2026-01-29,2026-01-29,Receiver,False,📄 Single-Source,False,No flags
ACC-0974,Account,Ext-Acc-318116,9000000031.0,Financial,1,0,0,1,0,2026-06-04,2026-06-04,Receiver,False,📄 Single-Source,False,No flags
ACC-0975,Account,Ext-Acc-241592,,Financial,1,0,0,1,0,2025-04-03,2025-04-03,Sender,False,📄 Single-Source,False,No flags
ACC-0976,Account,Ext-Acc-380432,,Financial,1,0,0,1,0,2025-04-03,2025-04-03,Receiver,False,📄 Single-Source,False,No flags
ACC-0977,Account,Ext-Acc-203328,9000000142.0,Financial,1,0,0,1,0,2026-05-12,2026-05-12,Sender,False,📄 Single-Source,False,No flags
ACC-0978,Account,Ext-Acc-217187,9000000386.0,Financial,1,0,0,1,0,2025-02-23,2025-02-23,Sender,False,📄 Single-Source,False,No flags
ACC-0979,Account,Ext-Acc-218883,9000000467.0,Financial,1,0,0,1,0,2026-09-05,2026-09-05,Sender,False,📄 Single-Source,False,No flags
ACC-0980,Account,Ext-Acc-296606,9000000429.0,Financial,1,0,0,1,0,2026-04-30,2026-04-30,Sender,False,📄 Single-Source,False,No flags
ACC-0981,Account,Ext-Acc-347603,9000000185.0,Financial,1,0,0,1,0,2026-03-20,2026-03-20,Receiver,False,📄 Single-Source,False,No flags
ACC-0982,Account,Ext-Acc-287789,9000000495.0,Financial,1,0,0,1,0,2026-03-03,2026-03-03,Sender,False,📄 Single-Source,False,No flags
ACC-0983,Account,Ext-Acc-350123,9000000495.0,Financial,1,0,0,1,0,2026-03-03,2026-03-03,Receiver,False,📄 Single-Source,False,No flags
ACC-0984,Account,Ext-Acc-325994,,Financial,1,0,0,1,0,2026-05-25,2026-05-25,Receiver,False,📄 Single-Source,False,No flags
ACC-0985,Account,Ext-Acc-328062,9000000066.0,Financial,1,0,0,1,0,2026-09-13,2026-09-13,Receiver,False,📄 Single-Source,False,No flags
ACC-0986,Account,Ext-Acc-260689,9000000382.0,Financial,1,0,0,1,0,2025-01-16,2025-01-16,Sender,False,📄 Single-Source,False,No flags
ACC-0987,Account,Ext-Acc-364631,9000000382.0,Financial,1,0,0,1,0,2025-01-16,2025-01-16,Receiver,False,📄 Single-Source,False,No flags
ACC-0988,Account,Ext-Acc-265289,9000000040.0,Financial,1,0,0,1,0,2026-03-29,2026-03-29,Sender,False,📄 Single-Source,False,No flags
ACC-0989,Account,Ext-Acc-361408,9000000431.0,Financial,1,0,0,1,0,2026-01-16,2026-01-16,Receiver,False,📄 Single-Source,False,No flags
ACC-0990,Account,Ext-Acc-398664,9000000193.0,Financial,1,0,0,1,0,2026-09-07,2026-09-07,Receiver,False,📄 Single-Source,False,No flags
ACC-0991,Account,Ext-Acc-287470,9000000134.0,Financial,1,0,0,1,0,2026-08-07,2026-08-07,Sender,False,📄 Single-Source,False,No flags
ACC-0992,Account,Ext-Acc-375215,,Financial,1,0,0,1,0,2025-05-07,2025-05-07,Receiver,False,📄 Single-Source,False,No flags
ACC-0993,Account,Ext-Acc-202993,9000000102.0,Financial,1,0,0,1,0,2025-03-13,2025-03-13,Sender,False,📄 Single-Source,False,No flags
ACC-0994,Account,Ext-Acc-384267,9000000102.0,Financial,1,0,0,1,0,2025-03-13,2025-03-13,Receiver,False,📄 Single-Source,False,No flags
ACC-0995,Account,Ext-Acc-267027,9000000326.0,Financial,1,0,0,1,0,2025-03-06,2025-03-06,Sender,False,📄 Single-Source,False,No flags
ACC-0996,Account,Ext-Acc-288268,9000000045.0,Financial,1,0,0,1,0,2026-04-25,2026-04-25,Sender,False,📄 Single-Source,False,No flags
ACC-0997,Account,Ext-Acc-368287,9000000431.0,Financial,1,0,0,1,0,2025-03-11,2025-03-11,Receiver,False,📄 Single-Source,False,No flags
ACC-0998,Account,Ext-Acc-208653,9000000070.0,Financial,1,0,0,1,0,2026-03-18,2026-03-18,Sender,False,📄 Single-Source,False,No flags
ACC-0999,Account,Ext-Acc-396466,9000000070.0,Financial,1,0,0,1,0,2026-03-18,2026-03-18,Receiver,False,📄 Single-Source,False,No flags
ACC-1000,Account,Ext-Acc-353154,9000000076.0,Financial,1,0,0,1,0,2026-09-04,2026-09-04,Receiver,False,📄 Single-Source,False,No flags
ACC-1001,Account,Ext-Acc-245617,9000000208.0,Financial,1,0,0,1,0,2025-04-17,2025-04-17,Sender,False,📄 Single-Source,False,No flags
ACC-1002,Account,Ext-Acc-267394,9000000323.0,Financial,1,0,0,1,0,2025-03-19,2025-03-19,Sender,False,📄 Single-Source,False,No flags
ACC-1003,Account,Ext-Acc-372356,9000000085.0,Financial,1,0,0,1,0,2025-09-02,2025-09-02,Receiver,False,📄 Single-Source,False,No flags
ACC-1004,Account,Ext-Acc-354339,9000000425.0,Financial,1,0,0,1,0,2025-10-24,2025-10-24,Receiver,False,📄 Single-Source,False,No flags
ACC-1005,Account,Ext-Acc-308781,9000000245.0,Financial,1,0,0,1,0,2026-05-28,2026-05-28,Receiver,False,📄 Single-Source,False,No flags
ACC-1006,Account,Ext-Acc-270851,9000000234.0,Financial,1,0,0,1,0,2026-05-28,2026-05-28,Sender,False,📄 Single-Source,False,No flags
ACC-1007,Account,Ext-Acc-313853,9000000234.0,Financial,1,0,0,1,0,2026-05-28,2026-05-28,Receiver,False,📄 Single-Source,False,No flags
ACC-1008,Account,Ext-Acc-371532,9000000475.0,Financial,1,0,0,1,0,2026-06-30,2026-06-30,Receiver,False,📄 Single-Source,False,No flags
ACC-1009,Account,Ext-Acc-258796,9000000346.0,Financial,1,0,0,1,0,2026-02-22,2026-02-22,Sender,False,📄 Single-Source,False,No flags
ACC-1010,Account,Ext-Acc-314674,9000000346.0,Financial,1,0,0,1,0,2026-02-22,2026-02-22,Receiver,False,📄 Single-Source,False,No flags
ACC-1011,Account,Ext-Acc-371646,9000000394.0,Financial,1,0,0,1,0,2025-05-05,2025-05-05,Receiver,False,📄 Single-Source,False,No flags
ACC-1012,Account,Ext-Acc-274853,9000000363.0,Financial,1,0,0,1,0,2025-01-20,2025-01-20,Sender,False,📄 Single-Source,False,No flags
ACC-1013,Account,Ext-Acc-366433,9000000363.0,Financial,1,0,0,1,0,2025-01-20,2025-01-20,Receiver,False,📄 Single-Source,False,No flags
ACC-1014,Account,Ext-Acc-323570,,Financial,1,0,0,1,0,2025-11-10,2025-11-10,Receiver,False,📄 Single-Source,False,No flags
ACC-1015,Account,Ext-Acc-335443,9000000210.0,Financial,1,0,0,1,0,2026-01-28,2026-01-28,Receiver,False,📄 Single-Source,False,No flags
ACC-1016,Account,Ext-Acc-287854,9000000168.0,Financial,1,0,0,1,0,2025-06-28,2025-06-28,Sender,False,📄 Single-Source,False,No flags
ACC-1017,Account,Ext-Acc-362539,9000000168.0,Financial,1,0,0,1,0,2025-06-28,2025-06-28,Receiver,False,📄 Single-Source,False,No flags
ACC-1018,Account,Ext-Acc-260324,,Financial,1,0,0,1,0,2025-02-05,2025-02-05,Sender,False,📄 Single-Source,False,No flags
ACC-1019,Account,Ext-Acc-249324,9000000098.0,Financial,1,0,0,1,0,2026-02-02,2026-02-02,Sender,False,📄 Single-Source,False,No flags
ACC-1020,Account,Ext-Acc-278602,9000000484.0,Financial,1,0,0,1,0,2025-06-15,2025-06-15,Sender,False,📄 Single-Source,False,No flags
ACC-1021,Account,Ext-Acc-367605,9000000476.0,Financial,1,0,0,1,0,2026-03-01,2026-03-01,Receiver,False,📄 Single-Source,False,No flags
ACC-1022,Account,Ext-Acc-211835,9000000371.0,Financial,1,0,0,1,0,2026-04-22,2026-04-22,Sender,False,📄 Single-Source,False,No flags
ACC-1023,Account,Ext-Acc-247358,9000000487.0,Financial,1,0,0,1,0,2025-03-03,2025-03-03,Sender,False,📄 Single-Source,False,No flags
ACC-1024,Account,Ext-Acc-327150,9000000379.0,Financial,1,0,0,1,0,2025-03-19,2025-03-19,Receiver,False,📄 Single-Source,False,No flags
ACC-1025,Account,Ext-Acc-235910,,Financial,1,0,0,1,0,2025-02-08,2025-02-08,Sender,False,📄 Single-Source,False,No flags
ACC-1026,Account,Ext-Acc-397066,,Financial,1,0,0,1,0,2025-02-08,2025-02-08,Receiver,False,📄 Single-Source,False,No flags
ACC-1027,Account,Ext-Acc-341254,9000000289.0,Financial,1,0,0,1,0,2026-02-22,2026-02-22,Receiver,False,📄 Single-Source,False,No flags
ACC-1028,Account,Ext-Acc-201967,,Financial,1,0,0,1,0,2025-04-10,2025-04-10,Sender,False,📄 Single-Source,False,No flags
ACC-1029,Account,Ext-Acc-246971,,Financial,1,0,0,1,0,2026-07-12,2026-07-12,Sender,False,📄 Single-Source,False,No flags
ACC-1030,Account,Ext-Acc-298639,9000000297.0,Financial,1,0,0,1,0,2025-07-25,2025-07-25,Sender,False,📄 Single-Source,False,No flags
ACC-1031,Account,Ext-Acc-291057,9000000093.0,Financial,1,0,0,1,0,2025-07-28,2025-07-28,Sender,False,📄 Single-Source,False,No flags
ACC-1032,Account,Ext-Acc-365989,9000000093.0,Financial,1,0,0,1,0,2025-07-28,2025-07-28,Receiver,False,📄 Single-Source,False,No flags
ACC-1033,Account,Ext-Acc-344373,,Financial,1,0,0,1,0,2025-03-28,2025-03-28,Receiver,False,📄 Single-Source,False,No flags
ACC-1034,Account,Ext-Acc-237416,9000000445.0,Financial,1,0,0,1,0,2026-04-28,2026-04-28,Sender,False,📄 Single-Source,False,No flags
ACC-1035,Account,Ext-Acc-380580,9000000445.0,Financial,1,0,0,1,0,2026-04-28,2026-04-28,Receiver,False,📄 Single-Source,False,No flags
ACC-1036,Account,Ext-Acc-207966,9000000086.0,Financial,1,0,0,1,0,2025-07-18,2025-07-18,Sender,False,📄 Single-Source,False,No flags
ACC-1037,Account,Ext-Acc-308817,9000000086.0,Financial,1,0,0,1,0,2025-07-18,2025-07-18,Receiver,False,📄 Single-Source,False,No flags
ACC-1038,Account,Ext-Acc-342598,,Financial,1,0,0,1,0,2025-06-28,2025-06-28,Receiver,False,📄 Single-Source,False,No flags
ACC-1039,Account,Ext-Acc-297033,9000000193.0,Financial,1,0,0,1,0,2025-02-22,2025-02-22,Sender,False,📄 Single-Source,False,No flags
ACC-1040,Account,Ext-Acc-234295,9000000296.0,Financial,1,0,0,1,0,2026-01-05,2026-01-05,Sender,False,📄 Single-Source,False,No flags
ACC-1041,Account,Ext-Acc-395161,,Financial,1,0,0,1,0,2026-02-21,2026-02-21,Receiver,False,📄 Single-Source,False,No flags
ACC-1042,Account,Ext-Acc-270630,,Financial,1,0,0,1,0,2026-08-27,2026-08-27,Sender,False,📄 Single-Source,False,No flags
ACC-1043,Account,Ext-Acc-381539,,Financial,1,0,0,1,0,2026-08-27,2026-08-27,Receiver,False,📄 Single-Source,False,No flags
ACC-1044,Account,Ext-Acc-363077,9000000036.0,Financial,1,0,0,1,0,2025-12-16,2025-12-16,Receiver,False,📄 Single-Source,False,No flags
ACC-1045,Account,Ext-Acc-278409,9000000296.0,Financial,1,0,0,1,0,2026-03-09,2026-03-09,Sender,False,📄 Single-Source,False,No flags
ACC-1046,Account,Ext-Acc-293282,9000000208.0,Financial,1,0,0,1,0,2025-05-24,2025-05-24,Sender,False,📄 Single-Source,False,No flags
ACC-1047,Account,Ext-Acc-297280,9000000441.0,Financial,1,0,0,1,0,2025-12-03,2025-12-03,Sender,False,📄 Single-Source,False,No flags
ACC-1048,Account,Ext-Acc-392924,9000000251.0,Financial,1,0,0,1,0,2025-01-02,2025-01-02,Receiver,False,📄 Single-Source,False,No flags
ACC-1049,Account,Ext-Acc-277526,9000000122.0,Financial,1,0,0,1,0,2026-08-14,2026-08-14,Sender,False,📄 Single-Source,False,No flags
ACC-1050,Account,Ext-Acc-363608,9000000199.0,Financial,1,0,0,1,0,2026-04-05,2026-04-05,Receiver,False,📄 Single-Source,False,No flags
ACC-1051,Account,Ext-Acc-203063,9000000470.0,Financial,1,0,0,1,0,2026-06-29,2026-06-29,Sender,False,📄 Single-Source,False,No flags
ACC-1052,Account,Ext-Acc-331030,9000000470.0,Financial,1,0,0,1,0,2026-06-29,2026-06-29,Receiver,False,📄 Single-Source,False,No flags
ACC-1053,Account,Ext-Acc-315437,9000000131.0,Financial,1,0,0,1,0,2026-08-04,2026-08-04,Receiver,False,📄 Single-Source,False,No flags
ACC-1054,Account,Ext-Acc-372276,9000000042.0,Financial,1,0,0,1,0,2025-04-18,2025-04-18,Receiver,False,📄 Single-Source,False,No flags
ACC-1055,Account,Ext-Acc-202367,,Financial,1,0,0,1,0,2025-11-15,2025-11-15,Sender,False,📄 Single-Source,False,No flags
ACC-1056,Account,Ext-Acc-306524,,Financial,1,0,0,1,0,2025-11-15,2025-11-15,Receiver,False,📄 Single-Source,False,No flags
ACC-1057,Account,Ext-Acc-267726,,Financial,1,0,0,1,0,2025-02-26,2025-02-26,Sender,False,📄 Single-Source,False,No flags
ACC-1058,Account,Ext-Acc-248908,9000000061.0,Financial,1,0,0,1,0,2025-02-15,2025-02-15,Sender,False,📄 Single-Source,False,No flags
ACC-1059,Account,Ext-Acc-214314,9000000385.0,Financial,1,0,0,1,0,2025-02-03,2025-02-03,Sender,False,📄 Single-Source,False,No flags
ACC-1060,Account,Ext-Acc-386106,9000000385.0,Financial,1,0,0,1,0,2025-02-03,2025-02-03,Receiver,False,📄 Single-Source,False,No flags
ACC-1061,Account,Ext-Acc-217847,9000000226.0,Financial,1,0,0,1,0,2025-01-04,2025-01-04,Sender,False,📄 Single-Source,False,No flags
ACC-1062,Account,Ext-Acc-373632,9000000265.0,Financial,1,0,0,1,0,2025-04-20,2025-04-20,Receiver,False,📄 Single-Source,False,No flags
ACC-1063,Account,Ext-Acc-370571,9000000012.0,Financial,1,0,0,1,0,2025-01-28,2025-01-28,Receiver,False,📄 Single-Source,False,No flags
ACC-1064,Account,Ext-Acc-287030,9000000337.0,Financial,1,0,0,1,0,2026-09-01,2026-09-01,Sender,False,📄 Single-Source,False,No flags
ACC-1065,Account,Ext-Acc-371522,,Financial,1,0,0,1,0,2026-03-02,2026-03-02,Receiver,False,📄 Single-Source,False,No flags
ACC-1066,Account,Ext-Acc-265979,,Financial,1,0,0,1,0,2026-09-12,2026-09-12,Sender,False,📄 Single-Source,False,No flags
ACC-1067,Account,Ext-Acc-313332,,Financial,1,0,0,1,0,2025-12-26,2025-12-26,Receiver,False,📄 Single-Source,False,No flags
ACC-1068,Account,Ext-Acc-335133,9000000081.0,Financial,1,0,0,1,0,2025-03-06,2025-03-06,Receiver,False,📄 Single-Source,False,No flags
ACC-1069,Account,Ext-Acc-246837,9000000162.0,Financial,1,0,0,1,0,2025-02-09,2025-02-09,Sender,False,📄 Single-Source,False,No flags
ACC-1070,Account,Ext-Acc-307801,9000000162.0,Financial,1,0,0,1,0,2025-02-09,2025-02-09,Receiver,False,📄 Single-Source,False,No flags
ACC-1071,Account,Ext-Acc-223998,9000000221.0,Financial,1,0,0,1,0,2026-04-25,2026-04-25,Sender,False,📄 Single-Source,False,No flags
ACC-1072,Account,Ext-Acc-345485,9000000221.0,Financial,1,0,0,1,0,2026-04-25,2026-04-25,Receiver,False,📄 Single-Source,False,No flags
ACC-1073,Account,Ext-Acc-264528,9000000114.0,Financial,1,0,0,1,0,2025-10-02,2025-10-02,Sender,False,📄 Single-Source,False,No flags
ACC-1074,Account,Ext-Acc-208619,9000000212.0,Financial,1,0,0,1,0,2026-08-24,2026-08-24,Sender,False,📄 Single-Source,False,No flags
ACC-1075,Account,Ext-Acc-371492,9000000046.0,Financial,1,0,0,1,0,2026-06-17,2026-06-17,Receiver,False,📄 Single-Source,False,No flags
ACC-1076,Account,Ext-Acc-241039,9000000234.0,Financial,1,0,0,1,0,2026-03-29,2026-03-29,Sender,False,📄 Single-Source,False,No flags
ACC-1077,Account,Ext-Acc-359839,9000000280.0,Financial,1,0,0,1,0,2026-02-26,2026-02-26,Receiver,False,📄 Single-Source,False,No flags
ACC-1078,Account,Ext-Acc-322052,9000000062.0,Financial,1,0,0,1,0,2026-02-12,2026-02-12,Receiver,False,📄 Single-Source,False,No flags
ACC-1079,Account,Ext-Acc-365946,,Financial,1,0,0,1,0,2025-03-05,2025-03-05,Receiver,False,📄 Single-Source,False,No flags
ACC-1080,Account,Ext-Acc-261662,,Financial,1,0,0,1,0,2026-08-24,2026-08-24,Sender,False,📄 Single-Source,False,No flags
ACC-1081,Account,Ext-Acc-279150,,Financial,1,0,0,1,0,2026-03-28,2026-03-28,Sender,False,📄 Single-Source,False,No flags
ACC-1082,Account,Ext-Acc-308803,,Financial,1,0,0,1,0,2026-03-28,2026-03-28,Receiver,False,📄 Single-Source,False,No flags
ACC-1083,Account,Ext-Acc-329968,9000000134.0,Financial,1,0,0,1,0,2025-08-04,2025-08-04,Receiver,False,📄 Single-Source,False,No flags
ACC-1084,Account,Ext-Acc-268799,9000000047.0,Financial,1,0,0,1,0,2026-07-06,2026-07-06,Sender,False,📄 Single-Source,False,No flags
ACC-1085,Account,Ext-Acc-308655,9000000047.0,Financial,1,0,0,1,0,2026-07-06,2026-07-06,Receiver,False,📄 Single-Source,False,No flags
ACC-1086,Account,Ext-Acc-296309,9000000081.0,Financial,1,0,0,1,0,2025-06-20,2025-06-20,Sender,False,📄 Single-Source,False,No flags
ACC-1087,Account,Ext-Acc-213531,,Financial,1,0,0,1,0,2025-11-21,2025-11-21,Sender,False,📄 Single-Source,False,No flags
ACC-1088,Account,Ext-Acc-385427,9000000065.0,Financial,1,0,0,1,0,2026-06-17,2026-06-17,Receiver,False,📄 Single-Source,False,No flags
ACC-1089,Account,Ext-Acc-226610,,Financial,1,0,0,1,0,2025-10-14,2025-10-14,Sender,False,📄 Single-Source,False,No flags
ACC-1090,Account,Ext-Acc-355023,,Financial,1,0,0,1,0,2025-10-14,2025-10-14,Receiver,False,📄 Single-Source,False,No flags
ACC-1091,Account,Ext-Acc-350222,9000000274.0,Financial,1,0,0,1,0,2026-02-02,2026-02-02,Receiver,False,📄 Single-Source,False,No flags
ACC-1092,Account,Ext-Acc-339387,9000000362.0,Financial,1,0,0,1,0,2025-06-02,2025-06-02,Receiver,False,📄 Single-Source,False,No flags
ACC-1093,Account,Ext-Acc-296841,9000000032.0,Financial,1,0,0,1,0,2026-02-04,2026-02-04,Sender,False,📄 Single-Source,False,No flags
ACC-1094,Account,Ext-Acc-277872,,Financial,1,0,0,1,0,2025-07-06,2025-07-06,Sender,False,📄 Single-Source,False,No flags
ACC-1095,Account,Ext-Acc-380963,,Financial,1,0,0,1,0,2025-07-06,2025-07-06,Receiver,False,📄 Single-Source,False,No flags
ACC-1096,Account,Ext-Acc-334559,,Financial,1,0,0,1,0,2026-07-14,2026-07-14,Receiver,False,📄 Single-Source,False,No flags
ACC-1097,Account,Ext-Acc-247798,9000000169.0,Financial,1,0,0,1,0,2026-06-20,2026-06-20,Sender,False,📄 Single-Source,False,No flags
ACC-1098,Account,Ext-Acc-335160,,Financial,1,0,0,1,0,2025-06-04,2025-06-04,Receiver,False,📄 Single-Source,False,No flags
ACC-1099,Account,Ext-Acc-351514,9000000094.0,Financial,1,0,0,1,0,2025-02-19,2025-02-19,Receiver,False,📄 Single-Source,False,No flags
ACC-1100,Account,Ext-Acc-323818,9000000366.0,Financial,1,0,0,1,0,2025-08-03,2025-08-03,Receiver,False,📄 Single-Source,False,No flags
ACC-1101,Account,Ext-Acc-337475,9000000141.0,Financial,1,0,0,1,0,2026-03-30,2026-03-30,Receiver,False,📄 Single-Source,False,No flags
ACC-1102,Account,Ext-Acc-215988,9000000431.0,Financial,1,0,0,1,0,2026-07-21,2026-07-21,Sender,False,📄 Single-Source,False,No flags
ACC-1103,Account,Ext-Acc-386237,9000000351.0,Financial,1,0,0,1,0,2026-01-28,2026-01-28,Receiver,False,📄 Single-Source,False,No flags
ACC-1104,Account,Ext-Acc-265281,9000000456.0,Financial,1,0,0,1,0,2026-06-10,2026-06-10,Sender,False,📄 Single-Source,False,No flags
ACC-1105,Account,Ext-Acc-219344,9000000208.0,Financial,1,0,0,1,0,2025-11-12,2025-11-12,Sender,False,📄 Single-Source,False,No flags
ACC-1106,Account,Ext-Acc-382483,,Financial,1,0,0,1,0,2025-02-18,2025-02-18,Receiver,False,📄 Single-Source,False,No flags
ACC-1107,Account,Ext-Acc-205980,9000000086.0,Financial,1,0,0,1,0,2025-05-25,2025-05-25,Sender,False,📄 Single-Source,False,No flags
ACC-1108,Account,Ext-Acc-361543,9000000228.0,Financial,1,0,0,1,0,2025-02-05,2025-02-05,Receiver,False,📄 Single-Source,False,No flags
ACC-1109,Account,Ext-Acc-392548,,Financial,1,0,0,1,0,2026-05-05,2026-05-05,Receiver,False,📄 Single-Source,False,No flags
ACC-1110,Account,Ext-Acc-332065,9000000482.0,Financial,1,0,0,1,0,2026-06-16,2026-06-16,Receiver,False,📄 Single-Source,False,No flags
ACC-1111,Account,Ext-Acc-315994,,Financial,1,0,0,1,0,2025-02-25,2025-02-25,Receiver,False,📄 Single-Source,False,No flags
ACC-1112,Account,Ext-Acc-386466,,Financial,1,0,0,1,0,2025-03-02,2025-03-02,Receiver,False,📄 Single-Source,False,No flags
ACC-1113,Account,Ext-Acc-375527,9000000494.0,Financial,1,0,0,1,0,2025-12-17,2025-12-17,Receiver,False,📄 Single-Source,False,No flags
ACC-1114,Account,Ext-Acc-274917,9000000280.0,Financial,1,0,0,1,0,2026-05-18,2026-05-18,Sender,False,📄 Single-Source,False,No flags
ACC-1115,Account,Ext-Acc-330320,9000000057.0,Financial,1,0,0,1,0,2026-05-22,2026-05-22,Receiver,False,📄 Single-Source,False,No flags
ACC-1116,Account,Ext-Acc-269522,9000000240.0,Financial,1,0,0,1,0,2025-06-11,2025-06-11,Sender,False,📄 Single-Source,False,No flags
ACC-1117,Account,Ext-Acc-374061,9000000318.0,Financial,1,0,0,1,0,2025-03-27,2025-03-27,Receiver,False,📄 Single-Source,False,No flags
ACC-1118,Account,Ext-Acc-238293,,Financial,1,0,0,1,0,2025-11-04,2025-11-04,Sender,False,📄 Single-Source,False,No flags
ACC-1119,Account,Ext-Acc-340290,,Financial,1,0,0,1,0,2025-11-04,2025-11-04,Receiver,False,📄 Single-Source,False,No flags
ACC-1120,Account,Ext-Acc-333879,9000000454.0,Financial,1,0,0,1,0,2025-07-29,2025-07-29,Receiver,False,📄 Single-Source,False,No flags
ACC-1121,Account,Ext-Acc-222457,,Financial,1,0,0,1,0,2026-07-16,2026-07-16,Sender,False,📄 Single-Source,False,No flags
ACC-1122,Account,Ext-Acc-262774,9000000066.0,Financial,1,0,0,1,0,2025-11-17,2025-11-17,Sender,False,📄 Single-Source,False,No flags
ACC-1123,Account,Ext-Acc-213977,9000000210.0,Financial,1,0,0,1,0,2025-10-04,2025-10-04,Sender,False,📄 Single-Source,False,No flags
ACC-1124,Account,Ext-Acc-372794,,Financial,1,0,0,1,0,2026-04-19,2026-04-19,Receiver,False,📄 Single-Source,False,No flags
ACC-1125,Account,Ext-Acc-351976,9000000314.0,Financial,1,0,0,1,0,2026-03-04,2026-03-04,Receiver,False,📄 Single-Source,False,No flags
ACC-1126,Account,Ext-Acc-397106,9000000283.0,Financial,1,0,0,1,0,2025-08-16,2025-08-16,Receiver,False,📄 Single-Source,False,No flags
ACC-1127,Account,Ext-Acc-393612,9000000060.0,Financial,1,0,0,1,0,2026-02-24,2026-02-24,Receiver,False,📄 Single-Source,False,No flags
ACC-1128,Account,Ext-Acc-218463,9000000291.0,Financial,1,0,0,1,0,2026-05-23,2026-05-23,Sender,False,📄 Single-Source,False,No flags
ACC-1129,Account,Ext-Acc-339596,,Financial,1,0,0,1,0,2026-09-09,2026-09-09,Receiver,False,📄 Single-Source,False,No flags
ACC-1130,Account,Ext-Acc-355328,9000000127.0,Financial,1,0,0,1,0,2026-08-09,2026-08-09,Receiver,False,📄 Single-Source,False,No flags
ACC-1131,Account,Ext-Acc-356069,,Financial,1,0,0,1,0,2025-11-28,2025-11-28,Receiver,False,📄 Single-Source,False,No flags
ACC-1132,Account,Ext-Acc-241312,9000000322.0,Financial,1,0,0,1,0,2025-05-15,2025-05-15,Sender,False,📄 Single-Source,False,No flags
ACC-1133,Account,Ext-Acc-222364,9000000195.0,Financial,1,0,0,1,0,2026-02-24,2026-02-24,Sender,False,📄 Single-Source,False,No flags
ACC-1134,Account,Ext-Acc-202147,9000000265.0,Financial,1,0,0,1,0,2025-10-17,2025-10-17,Sender,False,📄 Single-Source,False,No flags
ACC-1135,Account,Ext-Acc-362427,9000000242.0,Financial,1,0,0,1,0,2025-11-18,2025-11-18,Receiver,False,📄 Single-Source,False,No flags
ACC-1136,Account,Ext-Acc-344989,,Financial,1,0,0,1,0,2026-01-29,2026-01-29,Receiver,False,📄 Single-Source,False,No flags
ACC-1137,Account,Ext-Acc-306553,9000000187.0,Financial,1,0,0,1,0,2025-02-08,2025-02-08,Receiver,False,📄 Single-Source,False,No flags
ACC-1138,Account,Ext-Acc-298099,9000000011.0,Financial,1,0,0,1,0,2025-04-27,2025-04-27,Sender,False,📄 Single-Source,False,No flags
ACC-1139,Account,Ext-Acc-234166,,Financial,1,0,0,1,0,2025-01-02,2025-01-02,Sender,False,📄 Single-Source,False,No flags
ACC-1140,Account,Ext-Acc-302427,9000000132.0,Financial,1,0,0,1,0,2026-03-27,2026-03-27,Receiver,False,📄 Single-Source,False,No flags
ACC-1141,Account,Ext-Acc-366517,9000000236.0,Financial,1,0,0,1,0,2025-05-28,2025-05-28,Receiver,False,📄 Single-Source,False,No flags
ACC-1142,Account,Ext-Acc-320966,9000000405.0,Financial,1,0,0,1,0,2025-07-28,2025-07-28,Receiver,False,📄 Single-Source,False,No flags
ACC-1143,Account,Ext-Acc-320207,9000000065.0,Financial,1,0,0,1,0,2026-05-31,2026-05-31,Receiver,False,📄 Single-Source,False,No flags
ACC-1144,Account,Ext-Acc-229419,,Financial,1,0,0,1,0,2025-03-15,2025-03-15,Sender,False,📄 Single-Source,False,No flags
ACC-1145,Account,Ext-Acc-320582,,Financial,1,0,0,1,0,2025-03-15,2025-03-15,Receiver,False,📄 Single-Source,False,No flags
ACC-1146,Account,Ext-Acc-267025,,Financial,1,0,0,1,0,2026-02-21,2026-02-21,Sender,False,📄 Single-Source,False,No flags
ACC-1147,Account,Ext-Acc-314765,,Financial,1,0,0,1,0,2026-02-21,2026-02-21,Receiver,False,📄 Single-Source,False,No flags
ACC-1148,Account,Ext-Acc-213629,,Financial,1,0,0,1,0,2025-08-29,2025-08-29,Sender,False,📄 Single-Source,False,No flags
ACC-1149,Account,Ext-Acc-314383,,Financial,1,0,0,1,0,2025-08-29,2025-08-29,Receiver,False,📄 Single-Source,False,No flags
ACC-1150,Account,Ext-Acc-297695,,Financial,1,0,0,1,0,2025-04-20,2025-04-20,Sender,False,📄 Single-Source,False,No flags
ACC-1151,Account,Ext-Acc-214669,9000000404.0,Financial,1,0,0,1,0,2026-04-07,2026-04-07,Sender,False,📄 Single-Source,False,No flags
ACC-1152,Account,Ext-Acc-302608,9000000487.0,Financial,1,0,0,1,0,2026-07-27,2026-07-27,Receiver,False,📄 Single-Source,False,No flags
ACC-1153,Account,Ext-Acc-270679,9000000268.0,Financial,1,0,0,1,0,2025-09-11,2025-09-11,Sender,False,📄 Single-Source,False,No flags
ACC-1154,Account,Ext-Acc-354778,9000000042.0,Financial,1,0,0,1,0,2025-11-06,2025-11-06,Receiver,False,📄 Single-Source,False,No flags
ACC-1155,Account,Ext-Acc-229771,,Financial,1,0,0,1,0,2025-10-27,2025-10-27,Sender,False,📄 Single-Source,False,No flags
ACC-1156,Account,Ext-Acc-229334,9000000055.0,Financial,1,0,0,1,0,2025-09-10,2025-09-10,Sender,False,📄 Single-Source,False,No flags
ACC-1157,Account,Ext-Acc-376284,,Financial,1,0,0,1,0,2025-07-26,2025-07-26,Receiver,False,📄 Single-Source,False,No flags
ACC-1158,Account,Ext-Acc-315306,9000000063.0,Financial,1,0,0,1,0,2026-04-06,2026-04-06,Receiver,False,📄 Single-Source,False,No flags
ACC-1159,Account,Ext-Acc-318135,9000000083.0,Financial,1,0,0,1,0,2026-03-16,2026-03-16,Receiver,False,📄 Single-Source,False,No flags
ACC-1160,Account,Ext-Acc-202369,9000000056.0,Financial,1,0,0,1,0,2026-08-22,2026-08-22,Sender,False,📄 Single-Source,False,No flags
ACC-1161,Account,Ext-Acc-323480,9000000056.0,Financial,1,0,0,1,0,2026-08-22,2026-08-22,Receiver,False,📄 Single-Source,False,No flags
ACC-1162,Account,Ext-Acc-343238,9000000033.0,Financial,1,0,0,1,0,2026-07-27,2026-07-27,Receiver,False,📄 Single-Source,False,No flags
ACC-1163,Account,Ext-Acc-346849,,Financial,1,0,0,1,0,2025-05-29,2025-05-29,Receiver,False,📄 Single-Source,False,No flags
ACC-1164,Account,Ext-Acc-256622,9000000114.0,Financial,1,0,0,1,0,2026-02-17,2026-02-17,Sender,False,📄 Single-Source,False,No flags
ACC-1165,Account,Ext-Acc-256063,9000000330.0,Financial,1,0,0,1,0,2025-07-15,2025-07-15,Sender,False,📄 Single-Source,False,No flags
ACC-1166,Account,Ext-Acc-255304,,Financial,1,0,0,1,0,2025-10-21,2025-10-21,Sender,False,📄 Single-Source,False,No flags
ACC-1167,Account,Ext-Acc-230377,9000000002.0,Financial,1,0,0,1,0,2026-07-20,2026-07-20,Sender,False,📄 Single-Source,False,No flags
ACC-1168,Account,Ext-Acc-207386,9000000068.0,Financial,1,0,0,1,0,2025-02-22,2025-02-22,Sender,False,📄 Single-Source,False,No flags
ACC-1169,Account,Ext-Acc-345387,9000000262.0,Financial,1,0,0,1,0,2026-01-26,2026-01-26,Receiver,False,📄 Single-Source,False,No flags
ACC-1170,Account,Ext-Acc-306181,9000000003.0,Financial,1,0,0,1,0,2025-08-27,2025-08-27,Receiver,False,📄 Single-Source,False,No flags
ACC-1171,Account,Ext-Acc-395977,9000000040.0,Financial,1,0,0,1,0,2026-03-27,2026-03-27,Receiver,False,📄 Single-Source,False,No flags
ACC-1172,Account,Ext-Acc-279040,9000000138.0,Financial,1,0,0,1,0,2026-02-16,2026-02-16,Sender,False,📄 Single-Source,False,No flags
ACC-1173,Account,Ext-Acc-263259,9000000134.0,Financial,1,0,0,1,0,2026-06-17,2026-06-17,Sender,False,📄 Single-Source,False,No flags
ACC-1174,Account,Ext-Acc-367090,9000000134.0,Financial,1,0,0,1,0,2026-06-17,2026-06-17,Receiver,False,📄 Single-Source,False,No flags
ACC-1175,Account,Ext-Acc-364261,9000000369.0,Financial,1,0,0,1,0,2025-04-09,2025-04-09,Receiver,False,📄 Single-Source,False,No flags
ACC-1176,Account,Ext-Acc-379849,9000000068.0,Financial,1,0,0,1,0,2025-08-21,2025-08-21,Receiver,False,📄 Single-Source,False,No flags
ACC-1177,Account,Ext-Acc-370617,9000000188.0,Financial,1,0,0,1,0,2025-01-18,2025-01-18,Receiver,False,📄 Single-Source,False,No flags
ACC-1178,Account,Ext-Acc-297584,9000000047.0,Financial,1,0,0,1,0,2026-06-04,2026-06-04,Sender,False,📄 Single-Source,False,No flags
ACC-1179,Account,Ext-Acc-205539,9000000379.0,Financial,1,0,0,1,0,2026-07-12,2026-07-12,Sender,False,📄 Single-Source,False,No flags
ACC-1180,Account,Ext-Acc-259029,9000000394.0,Financial,1,0,0,1,0,2026-03-31,2026-03-31,Sender,False,📄 Single-Source,False,No flags
ACC-1181,Account,Ext-Acc-311265,9000000394.0,Financial,1,0,0,1,0,2026-03-31,2026-03-31,Receiver,False,📄 Single-Source,False,No flags
ACC-1182,Account,Ext-Acc-215163,9000000440.0,Financial,1,0,0,1,0,2026-01-30,2026-01-30,Sender,False,📄 Single-Source,False,No flags
ACC-1183,Account,Ext-Acc-349572,9000000023.0,Financial,1,0,0,1,0,2026-02-09,2026-02-09,Receiver,False,📄 Single-Source,False,No flags
ACC-1184,Account,Ext-Acc-210032,9000000408.0,Financial,1,0,0,1,0,2025-06-09,2025-06-09,Sender,False,📄 Single-Source,False,No flags
ACC-1185,Account,Ext-Acc-316310,9000000291.0,Financial,1,0,0,1,0,2025-06-16,2025-06-16,Receiver,False,📄 Single-Source,False,No flags
ACC-1186,Account,Ext-Acc-313428,9000000100.0,Financial,1,0,0,1,0,2026-02-15,2026-02-15,Receiver,False,📄 Single-Source,False,No flags
ACC-1187,Account,Ext-Acc-241930,,Financial,1,0,0,1,0,2025-12-19,2025-12-19,Sender,False,📄 Single-Source,False,No flags
ACC-1188,Account,Ext-Acc-345954,,Financial,1,0,0,1,0,2025-12-19,2025-12-19,Receiver,False,📄 Single-Source,False,No flags
ACC-1189,Account,Ext-Acc-204602,9000000060.0,Financial,1,0,0,1,0,2025-06-09,2025-06-09,Sender,False,📄 Single-Source,False,No flags
ACC-1190,Account,Ext-Acc-203039,9000000027.0,Financial,1,0,0,1,0,2025-07-23,2025-07-23,Sender,False,📄 Single-Source,False,No flags
ACC-1191,Account,Ext-Acc-372199,,Financial,1,0,0,1,0,2025-08-29,2025-08-29,Receiver,False,📄 Single-Source,False,No flags
ACC-1192,Account,Ext-Acc-218894,9000000492.0,Financial,1,0,0,1,0,2025-03-19,2025-03-19,Sender,False,📄 Single-Source,False,No flags
ACC-1193,Account,Ext-Acc-328195,9000000216.0,Financial,1,0,0,1,0,2026-06-24,2026-06-24,Receiver,False,📄 Single-Source,False,No flags
ACC-1194,Account,Ext-Acc-230991,9000000031.0,Financial,1,0,0,1,0,2026-02-27,2026-02-27,Sender,False,📄 Single-Source,False,No flags
ACC-1195,Account,Ext-Acc-233277,9000000138.0,Financial,1,0,0,1,0,2025-03-28,2025-03-28,Sender,False,📄 Single-Source,False,No flags
ACC-1196,Account,Ext-Acc-259609,,Financial,1,0,0,1,0,2025-08-23,2025-08-23,Sender,False,📄 Single-Source,False,No flags
ACC-1197,Account,Ext-Acc-362188,9000000317.0,Financial,1,0,0,1,0,2025-05-22,2025-05-22,Receiver,False,📄 Single-Source,False,No flags
ACC-1198,Account,Ext-Acc-254214,9000000274.0,Financial,1,0,0,1,0,2025-04-09,2025-04-09,Sender,False,📄 Single-Source,False,No flags
ACC-1199,Account,Ext-Acc-217121,9000000327.0,Financial,1,0,0,1,0,2026-07-22,2026-07-22,Sender,False,📄 Single-Source,False,No flags
ACC-1200,Account,Ext-Acc-236516,9000000144.0,Financial,1,0,0,1,0,2025-04-02,2025-04-02,Sender,False,📄 Single-Source,False,No flags
ACC-1201,Account,Ext-Acc-374465,9000000376.0,Financial,1,0,0,1,0,2025-01-03,2025-01-03,Receiver,False,📄 Single-Source,False,No flags
ACC-1202,Account,Ext-Acc-219958,9000000383.0,Financial,1,0,0,1,0,2026-03-29,2026-03-29,Sender,False,📄 Single-Source,False,No flags
ACC-1203,Account,Ext-Acc-318201,9000000383.0,Financial,1,0,0,1,0,2026-03-29,2026-03-29,Receiver,False,📄 Single-Source,False,No flags
ACC-1204,Account,Ext-Acc-377265,,Financial,1,0,0,1,0,2025-03-17,2025-03-17,Receiver,False,📄 Single-Source,False,No flags
ACC-1205,Account,Ext-Acc-301577,9000000097.0,Financial,1,0,0,1,0,2025-11-17,2025-11-17,Receiver,False,📄 Single-Source,False,No flags
ACC-1206,Account,Ext-Acc-279588,9000000460.0,Financial,1,0,0,1,0,2025-04-26,2025-04-26,Sender,False,📄 Single-Source,False,No flags
ACC-1207,Account,Ext-Acc-218255,9000000367.0,Financial,1,0,0,1,0,2026-05-22,2026-05-22,Sender,False,📄 Single-Source,False,No flags
ACC-1208,Account,Ext-Acc-370657,9000000367.0,Financial,1,0,0,1,0,2026-05-22,2026-05-22,Receiver,False,📄 Single-Source,False,No flags
ACC-1209,Account,Ext-Acc-219567,9000000037.0,Financial,1,0,0,1,0,2026-01-21,2026-01-21,Sender,False,📄 Single-Source,False,No flags
ACC-1210,Account,Ext-Acc-351259,9000000037.0,Financial,1,0,0,1,0,2026-01-21,2026-01-21,Receiver,False,📄 Single-Source,False,No flags
ACC-1211,Account,Ext-Acc-273402,9000000470.0,Financial,1,0,0,1,0,2025-02-23,2025-02-23,Sender,False,📄 Single-Source,False,No flags
ACC-1212,Account,Ext-Acc-372307,9000000470.0,Financial,1,0,0,1,0,2025-02-23,2025-02-23,Receiver,False,📄 Single-Source,False,No flags
ACC-1213,Account,Ext-Acc-352111,9000000124.0,Financial,1,0,0,1,0,2025-06-20,2025-06-20,Receiver,False,📄 Single-Source,False,No flags
ACC-1214,Account,Ext-Acc-240901,,Financial,1,0,0,1,0,2025-11-22,2025-11-22,Sender,False,📄 Single-Source,False,No flags
ACC-1215,Account,Ext-Acc-210888,,Financial,1,0,0,1,0,2026-06-12,2026-06-12,Sender,False,📄 Single-Source,False,No flags
ACC-1216,Account,Ext-Acc-251673,,Financial,1,0,0,1,0,2025-09-30,2025-09-30,Sender,False,📄 Single-Source,False,No flags
ACC-1217,Account,Ext-Acc-281448,9000000245.0,Financial,1,0,0,1,0,2026-09-06,2026-09-06,Sender,False,📄 Single-Source,False,No flags
ACC-1218,Account,Ext-Acc-353578,9000000245.0,Financial,1,0,0,1,0,2026-09-06,2026-09-06,Receiver,False,📄 Single-Source,False,No flags
ACC-1219,Account,Ext-Acc-275783,9000000163.0,Financial,1,0,0,1,0,2025-08-24,2025-08-24,Sender,False,📄 Single-Source,False,No flags
ACC-1220,Account,Ext-Acc-227456,9000000171.0,Financial,1,0,0,1,0,2025-03-27,2025-03-27,Sender,False,📄 Single-Source,False,No flags
ACC-1221,Account,Ext-Acc-265594,9000000332.0,Financial,1,0,0,1,0,2025-11-23,2025-11-23,Sender,False,📄 Single-Source,False,No flags
ACC-1222,Account,Ext-Acc-365888,9000000332.0,Financial,1,0,0,1,0,2025-11-23,2025-11-23,Receiver,False,📄 Single-Source,False,No flags
ACC-1223,Account,Ext-Acc-399309,9000000252.0,Financial,1,0,0,1,0,2025-10-03,2025-10-03,Receiver,False,📄 Single-Source,False,No flags
ACC-1224,Account,Ext-Acc-261334,,Financial,1,0,0,1,0,2026-04-24,2026-04-24,Sender,False,📄 Single-Source,False,No flags
ACC-1225,Account,Ext-Acc-323863,9000000463.0,Financial,1,0,0,1,0,2025-12-28,2025-12-28,Receiver,False,📄 Single-Source,False,No flags
ACC-1226,Account,Ext-Acc-218617,9000000429.0,Financial,1,0,0,1,0,2025-10-29,2025-10-29,Sender,False,📄 Single-Source,False,No flags
ACC-1227,Account,Ext-Acc-285036,9000000022.0,Financial,1,0,0,1,0,2026-06-24,2026-06-24,Sender,False,📄 Single-Source,False,No flags
ACC-1228,Account,Ext-Acc-349421,9000000021.0,Financial,1,0,0,1,0,2025-10-29,2025-10-29,Receiver,False,📄 Single-Source,False,No flags
ACC-1229,Account,Ext-Acc-280539,,Financial,1,0,0,1,0,2025-04-03,2025-04-03,Sender,False,📄 Single-Source,False,No flags
ACC-1230,Account,Ext-Acc-330496,,Financial,1,0,0,1,0,2025-04-03,2025-04-03,Receiver,False,📄 Single-Source,False,No flags
ACC-1231,Account,Ext-Acc-260536,,Financial,1,0,0,1,0,2026-07-28,2026-07-28,Sender,False,📄 Single-Source,False,No flags
ACC-1232,Account,Ext-Acc-298649,9000000258.0,Financial,1,0,0,1,0,2025-06-27,2025-06-27,Sender,False,📄 Single-Source,False,No flags
ACC-1233,Account,Ext-Acc-265962,9000000419.0,Financial,1,0,0,1,0,2025-05-15,2025-05-15,Sender,False,📄 Single-Source,False,No flags
ACC-1234,Account,Ext-Acc-392494,9000000419.0,Financial,1,0,0,1,0,2025-05-15,2025-05-15,Receiver,False,📄 Single-Source,False,No flags
ACC-1235,Account,Ext-Acc-324371,9000000248.0,Financial,1,0,0,1,0,2025-11-29,2025-11-29,Receiver,False,📄 Single-Source,False,No flags
ACC-1236,Account,Ext-Acc-218850,9000000071.0,Financial,1,0,0,1,0,2026-03-03,2026-03-03,Sender,False,📄 Single-Source,False,No flags
ACC-1237,Account,Ext-Acc-362283,9000000157.0,Financial,1,0,0,1,0,2026-09-12,2026-09-12,Receiver,False,📄 Single-Source,False,No flags
ACC-1238,Account,Ext-Acc-342909,9000000097.0,Financial,1,0,0,1,0,2025-09-02,2025-09-02,Receiver,False,📄 Single-Source,False,No flags
ACC-1239,Account,Ext-Acc-374532,9000000462.0,Financial,1,0,0,1,0,2025-11-05,2025-11-05,Receiver,False,📄 Single-Source,False,No flags
ACC-1240,Account,Ext-Acc-259058,,Financial,1,0,0,1,0,2025-05-31,2025-05-31,Sender,False,📄 Single-Source,False,No flags
ACC-1241,Account,Ext-Acc-289817,,Financial,1,0,0,1,0,2025-05-23,2025-05-23,Sender,False,📄 Single-Source,False,No flags
ACC-1242,Account,Ext-Acc-357746,9000000022.0,Financial,1,0,0,1,0,2025-07-07,2025-07-07,Receiver,False,📄 Single-Source,False,No flags
ACC-1243,Account,Ext-Acc-334093,9000000278.0,Financial,1,0,0,1,0,2026-03-04,2026-03-04,Receiver,False,📄 Single-Source,False,No flags
ACC-1244,Account,Ext-Acc-307798,,Financial,1,0,0,1,0,2026-05-17,2026-05-17,Receiver,False,📄 Single-Source,False,No flags
ACC-1245,Account,Ext-Acc-377085,9000000029.0,Financial,1,0,0,1,0,2026-07-16,2026-07-16,Receiver,False,📄 Single-Source,False,No flags
ACC-1246,Account,Ext-Acc-347629,9000000474.0,Financial,1,0,0,1,0,2026-02-28,2026-02-28,Receiver,False,📄 Single-Source,False,No flags
ACC-1247,Account,Ext-Acc-277990,9000000209.0,Financial,1,0,0,1,0,2025-07-05,2025-07-05,Sender,False,📄 Single-Source,False,No flags
ACC-1248,Account,Ext-Acc-345678,9000000032.0,Financial,1,0,0,1,0,2025-05-11,2025-05-11,Receiver,False,📄 Single-Source,False,No flags
ACC-1249,Account,Ext-Acc-243435,,Financial,1,0,0,1,0,2025-08-09,2025-08-09,Sender,False,📄 Single-Source,False,No flags
ACC-1250,Account,Ext-Acc-229627,9000000021.0,Financial,1,0,0,1,0,2025-06-11,2025-06-11,Sender,False,📄 Single-Source,False,No flags
ACC-1251,Account,Ext-Acc-376139,9000000021.0,Financial,1,0,0,1,0,2025-06-11,2025-06-11,Receiver,False,📄 Single-Source,False,No flags
ACC-1252,Account,Ext-Acc-238606,9000000004.0,Financial,1,0,0,1,0,2026-02-22,2026-02-22,Sender,False,📄 Single-Source,False,No flags
ACC-1253,Account,Ext-Acc-351657,9000000004.0,Financial,1,0,0,1,0,2026-02-22,2026-02-22,Receiver,False,📄 Single-Source,False,No flags
ACC-1254,Account,Ext-Acc-335319,,Financial,1,0,0,1,0,2025-12-12,2025-12-12,Receiver,False,📄 Single-Source,False,No flags
ACC-1255,Account,Ext-Acc-344813,9000000251.0,Financial,1,0,0,1,0,2025-12-13,2025-12-13,Receiver,False,📄 Single-Source,False,No flags
ACC-1256,Account,Ext-Acc-335922,9000000001.0,Financial,1,0,0,1,0,2025-11-06,2025-11-06,Receiver,False,📄 Single-Source,False,No flags
ACC-1257,Account,Ext-Acc-303466,9000000002.0,Financial,1,0,0,1,0,2025-04-17,2025-04-17,Receiver,False,📄 Single-Source,False,No flags
ACC-1258,Account,Ext-Acc-360423,,Financial,1,0,0,1,0,2025-10-18,2025-10-18,Receiver,False,📄 Single-Source,False,No flags
ACC-1259,Account,Ext-Acc-382350,9000000008.0,Financial,1,0,0,1,0,2026-04-04,2026-04-04,Receiver,False,📄 Single-Source,False,No flags
ACC-1260,Account,Ext-Acc-207492,9000000318.0,Financial,1,0,0,1,0,2026-02-08,2026-02-08,Sender,False,📄 Single-Source,False,No flags
ACC-1261,Account,Ext-Acc-322517,9000000193.0,Financial,1,0,0,1,0,2026-01-07,2026-01-07,Receiver,False,📄 Single-Source,False,No flags
ACC-1262,Account,Ext-Acc-322057,9000000066.0,Financial,1,0,0,1,0,2025-09-05,2025-09-05,Receiver,False,📄 Single-Source,False,No flags
ACC-1263,Account,Ext-Acc-384688,9000000260.0,Financial,1,0,0,1,0,2025-07-10,2025-07-10,Receiver,False,📄 Single-Source,False,No flags
ACC-1264,Account,Ext-Acc-279362,9000000045.0,Financial,1,0,0,1,0,2025-11-15,2025-11-15,Sender,False,📄 Single-Source,False,No flags
ACC-1265,Account,Ext-Acc-354723,9000000045.0,Financial,1,0,0,1,0,2025-11-15,2025-11-15,Receiver,False,📄 Single-Source,False,No flags
ACC-1266,Account,Ext-Acc-247357,9000000301.0,Financial,1,0,0,1,0,2025-06-29,2025-06-29,Sender,False,📄 Single-Source,False,No flags
ACC-1267,Account,Ext-Acc-270614,,Financial,1,0,0,1,0,2025-06-22,2025-06-22,Sender,False,📄 Single-Source,False,No flags
ACC-1268,Account,Ext-Acc-218817,,Financial,1,0,0,1,0,2026-08-05,2026-08-05,Sender,False,📄 Single-Source,False,No flags
ACC-1269,Account,Ext-Acc-229220,,Financial,1,0,0,1,0,2025-01-10,2025-01-10,Sender,False,📄 Single-Source,False,No flags
ACC-1270,Account,Ext-Acc-326946,,Financial,1,0,0,1,0,2025-01-10,2025-01-10,Receiver,False,📄 Single-Source,False,No flags
ACC-1271,Account,Ext-Acc-339278,9000000099.0,Financial,1,0,0,1,0,2025-08-03,2025-08-03,Receiver,False,📄 Single-Source,False,No flags
ACC-1272,Account,Ext-Acc-368597,,Financial,1,0,0,1,0,2026-06-22,2026-06-22,Receiver,False,📄 Single-Source,False,No flags
ACC-1273,Account,Ext-Acc-252970,9000000414.0,Financial,1,0,0,1,0,2026-06-24,2026-06-24,Sender,False,📄 Single-Source,False,No flags
ACC-1274,Account,Ext-Acc-347623,9000000098.0,Financial,1,0,0,1,0,2025-01-29,2025-01-29,Receiver,False,📄 Single-Source,False,No flags
ACC-1275,Account,Ext-Acc-255132,9000000107.0,Financial,1,0,0,1,0,2026-08-22,2026-08-22,Sender,False,📄 Single-Source,False,No flags
ACC-1276,Account,Ext-Acc-291025,9000000194.0,Financial,1,0,0,1,0,2026-02-28,2026-02-28,Sender,False,📄 Single-Source,False,No flags
ACC-1277,Account,Ext-Acc-399947,9000000145.0,Financial,1,0,0,1,0,2026-03-27,2026-03-27,Receiver,False,📄 Single-Source,False,No flags
ACC-1278,Account,Ext-Acc-220937,9000000338.0,Financial,1,0,0,1,0,2026-08-24,2026-08-24,Sender,False,📄 Single-Source,False,No flags
ACC-1279,Account,Ext-Acc-200796,9000000413.0,Financial,1,0,0,1,0,2025-05-03,2025-05-03,Sender,False,📄 Single-Source,False,No flags
ACC-1280,Account,Ext-Acc-261067,9000000022.0,Financial,1,0,0,1,0,2025-10-20,2025-10-20,Sender,False,📄 Single-Source,False,No flags
ACC-1281,Account,Ext-Acc-314633,9000000022.0,Financial,1,0,0,1,0,2025-10-20,2025-10-20,Receiver,False,📄 Single-Source,False,No flags
ACC-1282,Account,Ext-Acc-269019,,Financial,1,0,0,1,0,2026-05-28,2026-05-28,Sender,False,📄 Single-Source,False,No flags
ACC-1283,Account,Ext-Acc-331471,9000000140.0,Financial,1,0,0,1,0,2025-05-17,2025-05-17,Receiver,False,📄 Single-Source,False,No flags
ACC-1284,Account,Ext-Acc-286212,,Financial,1,0,0,1,0,2025-03-11,2025-03-11,Sender,False,📄 Single-Source,False,No flags
ACC-1285,Account,Ext-Acc-290401,,Financial,1,0,0,1,0,2025-03-03,2025-03-03,Sender,False,📄 Single-Source,False,No flags
ACC-1286,Account,Ext-Acc-253444,9000000354.0,Financial,1,0,0,1,0,2026-06-02,2026-06-02,Sender,False,📄 Single-Source,False,No flags
ACC-1287,Account,Ext-Acc-278750,9000000439.0,Financial,1,0,0,1,0,2026-08-07,2026-08-07,Sender,False,📄 Single-Source,False,No flags
ACC-1288,Account,Ext-Acc-320227,9000000439.0,Financial,1,0,0,1,0,2026-08-07,2026-08-07,Receiver,False,📄 Single-Source,False,No flags
ACC-1289,Account,Ext-Acc-212536,9000000119.0,Financial,1,0,0,1,0,2025-04-08,2025-04-08,Sender,False,📄 Single-Source,False,No flags
ACC-1290,Account,Ext-Acc-286274,9000000490.0,Financial,1,0,0,1,0,2025-08-25,2025-08-25,Sender,False,📄 Single-Source,False,No flags
ACC-1291,Account,Ext-Acc-352284,9000000490.0,Financial,1,0,0,1,0,2025-08-25,2025-08-25,Receiver,False,📄 Single-Source,False,No flags
ACC-1292,Account,Ext-Acc-273927,9000000069.0,Financial,1,0,0,1,0,2026-05-09,2026-05-09,Sender,False,📄 Single-Source,False,No flags
ACC-1293,Account,Ext-Acc-212705,9000000465.0,Financial,1,0,0,1,0,2025-09-29,2025-09-29,Sender,False,📄 Single-Source,False,No flags
ACC-1294,Account,Ext-Acc-223506,9000000217.0,Financial,1,0,0,1,0,2026-02-05,2026-02-05,Sender,False,📄 Single-Source,False,No flags
ACC-1295,Account,Ext-Acc-319216,9000000217.0,Financial,1,0,0,1,0,2026-02-05,2026-02-05,Receiver,False,📄 Single-Source,False,No flags
ACC-1296,Account,Ext-Acc-340699,9000000353.0,Financial,1,0,0,1,0,2026-08-29,2026-08-29,Receiver,False,📄 Single-Source,False,No flags
ACC-1297,Account,Ext-Acc-341315,9000000436.0,Financial,1,0,0,1,0,2026-01-01,2026-01-01,Receiver,False,📄 Single-Source,False,No flags
ACC-1298,Account,Ext-Acc-346829,9000000317.0,Financial,1,0,0,1,0,2026-04-06,2026-04-06,Receiver,False,📄 Single-Source,False,No flags
ACC-1299,Account,Ext-Acc-296785,9000000070.0,Financial,1,0,0,1,0,2026-06-16,2026-06-16,Sender,False,📄 Single-Source,False,No flags
ACC-1300,Account,Ext-Acc-331266,9000000070.0,Financial,1,0,0,1,0,2026-06-16,2026-06-16,Receiver,False,📄 Single-Source,False,No flags
ACC-1301,Account,Ext-Acc-244898,,Financial,1,0,0,1,0,2025-08-22,2025-08-22,Sender,False,📄 Single-Source,False,No flags
ACC-1302,Account,Ext-Acc-317321,,Financial,1,0,0,1,0,2025-08-22,2025-08-22,Receiver,False,📄 Single-Source,False,No flags
ACC-1303,Account,Ext-Acc-207002,9000000371.0,Financial,1,0,0,1,0,2025-02-03,2025-02-03,Sender,False,📄 Single-Source,False,No flags
ACC-1304,Account,Ext-Acc-356623,9000000371.0,Financial,1,0,0,1,0,2025-02-03,2025-02-03,Receiver,False,📄 Single-Source,False,No flags
ACC-1305,Account,Ext-Acc-288111,,Financial,1,0,0,1,0,2026-01-05,2026-01-05,Sender,False,📄 Single-Source,False,No flags
ACC-1306,Account,Ext-Acc-319233,,Financial,1,0,0,1,0,2026-01-05,2026-01-05,Receiver,False,📄 Single-Source,False,No flags
ACC-1307,Account,Ext-Acc-238832,,Financial,1,0,0,1,0,2026-08-24,2026-08-24,Sender,False,📄 Single-Source,False,No flags
ACC-1308,Account,Ext-Acc-375011,,Financial,1,0,0,1,0,2026-09-08,2026-09-08,Receiver,False,📄 Single-Source,False,No flags
ACC-1309,Account,Ext-Acc-358775,9000000038.0,Financial,1,0,0,1,0,2025-09-14,2025-09-14,Receiver,False,📄 Single-Source,False,No flags
ACC-1310,Account,Ext-Acc-248623,9000000495.0,Financial,1,0,0,1,0,2025-01-07,2025-01-07,Sender,False,📄 Single-Source,False,No flags
ACC-1311,Account,Ext-Acc-307694,9000000031.0,Financial,1,0,0,1,0,2025-04-16,2025-04-16,Receiver,False,📄 Single-Source,False,No flags
ACC-1312,Account,Ext-Acc-260302,,Financial,1,0,0,1,0,2026-03-23,2026-03-23,Sender,False,📄 Single-Source,False,No flags
ACC-1313,Account,Ext-Acc-374504,,Financial,1,0,0,1,0,2026-03-23,2026-03-23,Receiver,False,📄 Single-Source,False,No flags
ACC-1314,Account,Ext-Acc-379295,9000000016.0,Financial,1,0,0,1,0,2025-03-12,2025-03-12,Receiver,False,📄 Single-Source,False,No flags
ACC-1315,Account,Ext-Acc-283522,9000000491.0,Financial,1,0,0,1,0,2026-03-28,2026-03-28,Sender,False,📄 Single-Source,False,No flags
ACC-1316,Account,Ext-Acc-262134,9000000353.0,Financial,1,0,0,1,0,2025-03-19,2025-03-19,Sender,False,📄 Single-Source,False,No flags
ACC-1317,Account,Ext-Acc-311626,9000000353.0,Financial,1,0,0,1,0,2025-03-19,2025-03-19,Receiver,False,📄 Single-Source,False,No flags
ACC-1318,Account,Ext-Acc-363343,9000000160.0,Financial,1,0,0,1,0,2025-07-28,2025-07-28,Receiver,False,📄 Single-Source,False,No flags
ACC-1319,Account,Ext-Acc-381570,,Financial,1,0,0,1,0,2025-01-03,2025-01-03,Receiver,False,📄 Single-Source,False,No flags
ACC-1320,Account,Ext-Acc-394988,9000000264.0,Financial,1,0,0,1,0,2025-12-29,2025-12-29,Receiver,False,📄 Single-Source,False,No flags
ACC-1321,Account,Ext-Acc-266352,9000000431.0,Financial,1,0,0,1,0,2025-01-22,2025-01-22,Sender,False,📄 Single-Source,False,No flags
ACC-1322,Account,Ext-Acc-304426,9000000431.0,Financial,1,0,0,1,0,2025-01-22,2025-01-22,Receiver,False,📄 Single-Source,False,No flags
ACC-1323,Account,Ext-Acc-295410,9000000093.0,Financial,1,0,0,1,0,2026-08-13,2026-08-13,Sender,False,📄 Single-Source,False,No flags
ACC-1324,Account,Ext-Acc-320958,,Financial,1,0,0,1,0,2026-01-30,2026-01-30,Receiver,False,📄 Single-Source,False,No flags
ACC-1325,Account,Ext-Acc-252892,9000000177.0,Financial,1,0,0,1,0,2025-07-27,2025-07-27,Sender,False,📄 Single-Source,False,No flags
ACC-1326,Account,Ext-Acc-334389,9000000177.0,Financial,1,0,0,1,0,2025-07-27,2025-07-27,Receiver,False,📄 Single-Source,False,No flags
ACC-1327,Account,Ext-Acc-241286,9000000297.0,Financial,1,0,0,1,0,2025-11-20,2025-11-20,Sender,False,📄 Single-Source,False,No flags
ACC-1328,Account,Ext-Acc-301862,9000000297.0,Financial,1,0,0,1,0,2025-11-20,2025-11-20,Receiver,False,📄 Single-Source,False,No flags
ACC-1329,Account,Ext-Acc-277395,9000000377.0,Financial,1,0,0,1,0,2026-02-19,2026-02-19,Sender,False,📄 Single-Source,False,No flags
ACC-1330,Account,Ext-Acc-292169,9000000413.0,Financial,1,0,0,1,0,2026-07-10,2026-07-10,Sender,False,📄 Single-Source,False,No flags
ACC-1331,Account,Ext-Acc-365235,9000000413.0,Financial,1,0,0,1,0,2026-07-10,2026-07-10,Receiver,False,📄 Single-Source,False,No flags
ACC-1332,Account,Ext-Acc-351303,9000000491.0,Financial,1,0,0,1,0,2026-04-30,2026-04-30,Receiver,False,📄 Single-Source,False,No flags
ACC-1333,Account,Ext-Acc-270985,,Financial,1,0,0,1,0,2025-04-03,2025-04-03,Sender,False,📄 Single-Source,False,No flags
ACC-1334,Account,Ext-Acc-252244,9000000319.0,Financial,1,0,0,1,0,2025-05-14,2025-05-14,Sender,False,📄 Single-Source,False,No flags
ACC-1335,Account,Ext-Acc-334080,,Financial,1,0,0,1,0,2025-01-04,2025-01-04,Receiver,False,📄 Single-Source,False,No flags
ACC-1336,Account,Ext-Acc-236435,9000000126.0,Financial,1,0,0,1,0,2026-04-17,2026-04-17,Sender,False,📄 Single-Source,False,No flags
ACC-1337,Account,Ext-Acc-327864,9000000126.0,Financial,1,0,0,1,0,2026-04-17,2026-04-17,Receiver,False,📄 Single-Source,False,No flags
ACC-1338,Account,Ext-Acc-372776,9000000038.0,Financial,1,0,0,1,0,2026-02-14,2026-02-14,Receiver,False,📄 Single-Source,False,No flags
ACC-1339,Account,Ext-Acc-276608,9000000399.0,Financial,1,0,0,1,0,2026-07-12,2026-07-12,Sender,False,📄 Single-Source,False,No flags
ACC-1340,Account,Ext-Acc-399780,9000000399.0,Financial,1,0,0,1,0,2026-07-12,2026-07-12,Receiver,False,📄 Single-Source,False,No flags
ACC-1341,Account,Ext-Acc-205805,,Financial,1,0,0,1,0,2025-08-06,2025-08-06,Sender,False,📄 Single-Source,False,No flags
ACC-1342,Account,Ext-Acc-311799,,Financial,1,0,0,1,0,2025-08-06,2025-08-06,Receiver,False,📄 Single-Source,False,No flags
ACC-1343,Account,Ext-Acc-399187,9000000098.0,Financial,1,0,0,1,0,2026-02-06,2026-02-06,Receiver,False,📄 Single-Source,False,No flags
ACC-1344,Account,Ext-Acc-247423,9000000401.0,Financial,1,0,0,1,0,2025-04-29,2025-04-29,Sender,False,📄 Single-Source,False,No flags
ACC-1345,Account,Ext-Acc-373810,9000000401.0,Financial,1,0,0,1,0,2025-04-29,2025-04-29,Receiver,False,📄 Single-Source,False,No flags
ACC-1346,Account,Ext-Acc-215603,9000000085.0,Financial,1,0,0,1,0,2026-06-12,2026-06-12,Sender,False,📄 Single-Source,False,No flags
ACC-1347,Account,Ext-Acc-293646,9000000209.0,Financial,1,0,0,1,0,2025-12-13,2025-12-13,Sender,False,📄 Single-Source,False,No flags
ACC-1348,Account,Ext-Acc-278987,,Financial,1,0,0,1,0,2026-03-17,2026-03-17,Sender,False,📄 Single-Source,False,No flags
ACC-1349,Account,Ext-Acc-299931,9000000367.0,Financial,1,0,0,1,0,2025-11-09,2025-11-09,Sender,False,📄 Single-Source,False,No flags
ACC-1350,Account,Ext-Acc-286684,9000000262.0,Financial,1,0,0,1,0,2026-01-17,2026-01-17,Sender,False,📄 Single-Source,False,No flags
ACC-1351,Account,Ext-Acc-229528,9000000027.0,Financial,1,0,0,1,0,2025-12-10,2025-12-10,Sender,False,📄 Single-Source,False,No flags
ACC-1352,Account,Ext-Acc-325035,9000000027.0,Financial,1,0,0,1,0,2025-12-10,2025-12-10,Receiver,False,📄 Single-Source,False,No flags
ACC-1353,Account,Ext-Acc-228576,9000000376.0,Financial,1,0,0,1,0,2025-01-26,2025-01-26,Sender,False,📄 Single-Source,False,No flags
ACC-1354,Account,Ext-Acc-285380,9000000098.0,Financial,1,0,0,1,0,2025-02-08,2025-02-08,Sender,False,📄 Single-Source,False,No flags
ACC-1355,Account,Ext-Acc-313422,9000000098.0,Financial,1,0,0,1,0,2025-02-08,2025-02-08,Receiver,False,📄 Single-Source,False,No flags
ACC-1356,Account,Ext-Acc-369968,9000000347.0,Financial,1,0,0,1,0,2025-12-16,2025-12-16,Receiver,False,📄 Single-Source,False,No flags
ACC-1357,Account,Ext-Acc-382255,,Financial,1,0,0,1,0,2026-01-03,2026-01-03,Receiver,False,📄 Single-Source,False,No flags
ACC-1358,Account,Ext-Acc-230395,9000000127.0,Financial,1,0,0,1,0,2025-02-21,2025-02-21,Sender,False,📄 Single-Source,False,No flags
ACC-1359,Account,Ext-Acc-355477,9000000127.0,Financial,1,0,0,1,0,2025-02-21,2025-02-21,Receiver,False,📄 Single-Source,False,No flags
ACC-1360,Account,Ext-Acc-397391,9000000169.0,Financial,1,0,0,1,0,2025-09-15,2025-09-15,Receiver,False,📄 Single-Source,False,No flags
ACC-1361,Account,Ext-Acc-229723,9000000004.0,Financial,1,0,0,1,0,2025-09-27,2025-09-27,Sender,False,📄 Single-Source,False,No flags
ACC-1362,Account,Ext-Acc-275012,9000000194.0,Financial,1,0,0,1,0,2026-04-19,2026-04-19,Sender,False,📄 Single-Source,False,No flags
ACC-1363,Account,Ext-Acc-210082,,Financial,1,0,0,1,0,2025-03-18,2025-03-18,Sender,False,📄 Single-Source,False,No flags
ACC-1364,Account,Ext-Acc-287509,9000000297.0,Financial,1,0,0,1,0,2025-12-16,2025-12-16,Sender,False,📄 Single-Source,False,No flags
ACC-1365,Account,Ext-Acc-270256,,Financial,1,0,0,1,0,2025-04-28,2025-04-28,Sender,False,📄 Single-Source,False,No flags
ACC-1366,Account,Ext-Acc-331524,9000000294.0,Financial,1,0,0,1,0,2025-04-10,2025-04-10,Receiver,False,📄 Single-Source,False,No flags
ACC-1367,Account,Ext-Acc-395053,9000000154.0,Financial,1,0,0,1,0,2026-01-15,2026-01-15,Receiver,False,📄 Single-Source,False,No flags
ACC-1368,Account,Ext-Acc-247250,9000000297.0,Financial,1,0,0,1,0,2025-10-26,2025-10-26,Sender,False,📄 Single-Source,False,No flags
ACC-1369,Account,Ext-Acc-384259,9000000425.0,Financial,1,0,0,1,0,2026-08-12,2026-08-12,Receiver,False,📄 Single-Source,False,No flags
ACC-1370,Account,Ext-Acc-244993,,Financial,1,0,0,1,0,2026-06-15,2026-06-15,Sender,False,📄 Single-Source,False,No flags
ACC-1371,Account,Ext-Acc-270243,9000000055.0,Financial,1,0,0,1,0,2025-02-20,2025-02-20,Sender,False,📄 Single-Source,False,No flags
ACC-1372,Account,Ext-Acc-301937,9000000337.0,Financial,1,0,0,1,0,2026-04-23,2026-04-23,Receiver,False,📄 Single-Source,False,No flags
ACC-1373,Account,Ext-Acc-223488,9000000328.0,Financial,1,0,0,1,0,2025-05-24,2025-05-24,Sender,False,📄 Single-Source,False,No flags
ACC-1374,Account,Ext-Acc-325713,9000000328.0,Financial,1,0,0,1,0,2025-05-24,2025-05-24,Receiver,False,📄 Single-Source,False,No flags
ACC-1375,Account,Ext-Acc-243927,9000000012.0,Financial,1,0,0,1,0,2026-07-30,2026-07-30,Sender,False,📄 Single-Source,False,No flags
ACC-1376,Account,Ext-Acc-302472,9000000012.0,Financial,1,0,0,1,0,2026-07-30,2026-07-30,Receiver,False,📄 Single-Source,False,No flags
ACC-1377,Account,Ext-Acc-336421,9000000011.0,Financial,1,0,0,1,0,2026-04-02,2026-04-02,Receiver,False,📄 Single-Source,False,No flags
ACC-1378,Account,Ext-Acc-212531,9000000006.0,Financial,1,0,0,1,0,2025-06-11,2025-06-11,Sender,False,📄 Single-Source,False,No flags
ACC-1379,Account,Ext-Acc-396883,9000000006.0,Financial,1,0,0,1,0,2025-06-11,2025-06-11,Receiver,False,📄 Single-Source,False,No flags
ACC-1380,Account,Ext-Acc-244310,9000000031.0,Financial,1,0,0,1,0,2026-08-18,2026-08-18,Sender,False,📄 Single-Source,False,No flags
ACC-1381,Account,Ext-Acc-350889,9000000338.0,Financial,1,0,0,1,0,2026-01-04,2026-01-04,Receiver,False,📄 Single-Source,False,No flags
ACC-1382,Account,Ext-Acc-288317,9000000021.0,Financial,1,0,0,1,0,2026-06-24,2026-06-24,Sender,False,📄 Single-Source,False,No flags
ACC-1383,Account,Ext-Acc-310918,9000000021.0,Financial,1,0,0,1,0,2026-06-24,2026-06-24,Receiver,False,📄 Single-Source,False,No flags
ACC-1384,Account,Ext-Acc-382946,,Financial,1,0,0,1,0,2025-11-11,2025-11-11,Receiver,False,📄 Single-Source,False,No flags
ACC-1385,Account,Ext-Acc-350235,9000000422.0,Financial,1,0,0,1,0,2025-12-17,2025-12-17,Receiver,False,📄 Single-Source,False,No flags
ACC-1386,Account,Ext-Acc-310656,,Financial,1,0,0,1,0,2026-06-02,2026-06-02,Receiver,False,📄 Single-Source,False,No flags
ACC-1387,Account,Ext-Acc-235865,,Financial,1,0,0,1,0,2025-02-18,2025-02-18,Sender,False,📄 Single-Source,False,No flags
ACC-1388,Account,Ext-Acc-371356,9000000333.0,Financial,1,0,0,1,0,2026-07-06,2026-07-06,Receiver,False,📄 Single-Source,False,No flags
ACC-1389,Account,Ext-Acc-221174,,Financial,1,0,0,1,0,2025-04-03,2025-04-03,Sender,False,📄 Single-Source,False,No flags
ACC-1390,Account,Ext-Acc-305066,,Financial,1,0,0,1,0,2025-04-03,2025-04-03,Receiver,False,📄 Single-Source,False,No flags
ACC-1391,Account,Ext-Acc-209483,9000000235.0,Financial,1,0,0,1,0,2026-08-21,2026-08-21,Sender,False,📄 Single-Source,False,No flags
ACC-1392,Account,Ext-Acc-378934,9000000235.0,Financial,1,0,0,1,0,2026-08-21,2026-08-21,Receiver,False,📄 Single-Source,False,No flags
ACC-1393,Account,Ext-Acc-327463,9000000205.0,Financial,1,0,0,1,0,2026-03-16,2026-03-16,Receiver,False,📄 Single-Source,False,No flags
ACC-1394,Account,Ext-Acc-339200,,Financial,1,0,0,1,0,2026-04-17,2026-04-17,Receiver,False,📄 Single-Source,False,No flags
ACC-1395,Account,Ext-Acc-248300,,Financial,1,0,0,1,0,2025-03-03,2025-03-03,Sender,False,📄 Single-Source,False,No flags
ACC-1396,Account,Ext-Acc-249669,9000000041.0,Financial,1,0,0,1,0,2025-08-09,2025-08-09,Sender,False,📄 Single-Source,False,No flags
ACC-1397,Account,Ext-Acc-352676,9000000465.0,Financial,1,0,0,1,0,2025-04-24,2025-04-24,Receiver,False,📄 Single-Source,False,No flags
ACC-1398,Account,Ext-Acc-349554,,Financial,1,0,0,1,0,2025-07-22,2025-07-22,Receiver,False,📄 Single-Source,False,No flags
ACC-1399,Account,Ext-Acc-200449,9000000380.0,Financial,1,0,0,1,0,2026-08-14,2026-08-14,Sender,False,📄 Single-Source,False,No flags
ACC-1400,Account,Ext-Acc-353982,9000000380.0,Financial,1,0,0,1,0,2026-08-14,2026-08-14,Receiver,False,📄 Single-Source,False,No flags
ACC-1401,Account,Ext-Acc-329907,9000000213.0,Financial,1,0,0,1,0,2025-09-27,2025-09-27,Receiver,False,📄 Single-Source,False,No flags
ACC-1402,Account,Ext-Acc-378485,,Financial,1,0,0,1,0,2026-02-24,2026-02-24,Receiver,False,📄 Single-Source,False,No flags
ACC-1403,Account,Ext-Acc-213412,,Financial,1,0,0,1,0,2025-09-16,2025-09-16,Sender,False,📄 Single-Source,False,No flags
ACC-1404,Account,Ext-Acc-229264,,Financial,1,0,0,1,0,2025-01-20,2025-01-20,Sender,False,📄 Single-Source,False,No flags
ACC-1405,Account,Ext-Acc-287508,9000000447.0,Financial,1,0,0,1,0,2025-07-06,2025-07-06,Sender,False,📄 Single-Source,False,No flags
ACC-1406,Account,Ext-Acc-348769,9000000484.0,Financial,1,0,0,1,0,2026-08-13,2026-08-13,Receiver,False,📄 Single-Source,False,No flags
ACC-1407,Account,Ext-Acc-347092,9000000092.0,Financial,1,0,0,1,0,2025-02-21,2025-02-21,Receiver,False,📄 Single-Source,False,No flags
ACC-1408,Account,Ext-Acc-248661,9000000138.0,Financial,1,0,0,1,0,2025-06-22,2025-06-22,Sender,False,📄 Single-Source,False,No flags
ACC-1409,Account,Ext-Acc-265391,9000000001.0,Financial,1,0,0,1,0,2026-06-09,2026-06-09,Sender,False,📄 Single-Source,False,No flags
ACC-1410,Account,Ext-Acc-323638,9000000001.0,Financial,1,0,0,1,0,2026-06-09,2026-06-09,Receiver,False,📄 Single-Source,False,No flags
ACC-1411,Account,Ext-Acc-327904,9000000022.0,Financial,1,0,0,1,0,2026-04-11,2026-04-11,Receiver,False,📄 Single-Source,False,No flags
ACC-1412,Account,Ext-Acc-218258,,Financial,1,0,0,1,0,2025-11-01,2025-11-01,Sender,False,📄 Single-Source,False,No flags
ACC-1413,Account,Ext-Acc-249358,9000000296.0,Financial,1,0,0,1,0,2025-10-02,2025-10-02,Sender,False,📄 Single-Source,False,No flags
ACC-1414,Account,Ext-Acc-388737,9000000296.0,Financial,1,0,0,1,0,2025-10-02,2025-10-02,Receiver,False,📄 Single-Source,False,No flags
ACC-1415,Account,Ext-Acc-218694,,Financial,1,0,0,1,0,2025-07-02,2025-07-02,Sender,False,📄 Single-Source,False,No flags
ACC-1416,Account,Ext-Acc-337337,9000000350.0,Financial,1,0,0,1,0,2025-07-10,2025-07-10,Receiver,False,📄 Single-Source,False,No flags
ACC-1417,Account,Ext-Acc-310522,9000000359.0,Financial,1,0,0,1,0,2026-07-07,2026-07-07,Receiver,False,📄 Single-Source,False,No flags
ACC-1418,Account,Ext-Acc-209587,9000000391.0,Financial,1,0,0,1,0,2025-10-23,2025-10-23,Sender,False,📄 Single-Source,False,No flags
ACC-1419,Account,Ext-Acc-213537,,Financial,1,0,0,1,0,2025-09-22,2025-09-22,Sender,False,📄 Single-Source,False,No flags
ACC-1420,Account,Ext-Acc-287464,9000000294.0,Financial,1,0,0,1,0,2025-05-23,2025-05-23,Sender,False,📄 Single-Source,False,No flags
ACC-1421,Account,Ext-Acc-350834,9000000294.0,Financial,1,0,0,1,0,2025-05-23,2025-05-23,Receiver,False,📄 Single-Source,False,No flags
ACC-1422,Account,Ext-Acc-234102,9000000495.0,Financial,1,0,0,1,0,2026-03-25,2026-03-25,Sender,False,📄 Single-Source,False,No flags
ACC-1423,Account,Ext-Acc-298394,9000000066.0,Financial,1,0,0,1,0,2026-06-30,2026-06-30,Sender,False,📄 Single-Source,False,No flags
ACC-1424,Account,Ext-Acc-309561,,Financial,1,0,0,1,0,2026-05-26,2026-05-26,Receiver,False,📄 Single-Source,False,No flags
ACC-1425,Account,Ext-Acc-390887,9000000098.0,Financial,1,0,0,1,0,2026-07-12,2026-07-12,Receiver,False,📄 Single-Source,False,No flags
ACC-1426,Account,Ext-Acc-368186,9000000354.0,Financial,1,0,0,1,0,2026-09-09,2026-09-09,Receiver,False,📄 Single-Source,False,No flags
ACC-1427,Account,Ext-Acc-238296,9000000198.0,Financial,1,0,0,1,0,2025-06-08,2025-06-08,Sender,False,📄 Single-Source,False,No flags
ACC-1428,Account,Ext-Acc-321808,9000000390.0,Financial,1,0,0,1,0,2026-07-29,2026-07-29,Receiver,False,📄 Single-Source,False,No flags
ACC-1429,Account,Ext-Acc-356998,9000000375.0,Financial,1,0,0,1,0,2025-10-15,2025-10-15,Receiver,False,📄 Single-Source,False,No flags
ACC-1430,Account,Ext-Acc-392862,9000000187.0,Financial,1,0,0,1,0,2026-02-11,2026-02-11,Receiver,False,📄 Single-Source,False,No flags
ACC-1431,Account,Ext-Acc-357138,,Financial,1,0,0,1,0,2026-09-13,2026-09-13,Receiver,False,📄 Single-Source,False,No flags
ACC-1432,Account,Ext-Acc-275825,9000000226.0,Financial,1,0,0,1,0,2025-04-21,2025-04-21,Sender,False,📄 Single-Source,False,No flags
ACC-1433,Account,Ext-Acc-399756,9000000226.0,Financial,1,0,0,1,0,2025-04-21,2025-04-21,Receiver,False,📄 Single-Source,False,No flags
ACC-1434,Account,Ext-Acc-370703,9000000050.0,Financial,1,0,0,1,0,2026-04-15,2026-04-15,Receiver,False,📄 Single-Source,False,No flags
ACC-1435,Account,Ext-Acc-323431,9000000138.0,Financial,1,0,0,1,0,2026-05-18,2026-05-18,Receiver,False,📄 Single-Source,False,No flags
ACC-1436,Account,Ext-Acc-201003,9000000375.0,Financial,1,0,0,1,0,2025-12-21,2025-12-21,Sender,False,📄 Single-Source,False,No flags
ACC-1437,Account,Ext-Acc-262274,9000000071.0,Financial,1,0,0,1,0,2025-08-16,2025-08-16,Sender,False,📄 Single-Source,False,No flags
ACC-1438,Account,Ext-Acc-306793,,Financial,1,0,0,1,0,2025-03-14,2025-03-14,Receiver,False,📄 Single-Source,False,No flags
ACC-1439,Account,Ext-Acc-215769,,Financial,1,0,0,1,0,2025-12-04,2025-12-04,Sender,False,📄 Single-Source,False,No flags
ACC-1440,Account,Ext-Acc-376357,,Financial,1,0,0,1,0,2025-12-04,2025-12-04,Receiver,False,📄 Single-Source,False,No flags
ACC-1441,Account,Ext-Acc-253309,9000000262.0,Financial,1,0,0,1,0,2025-08-12,2025-08-12,Sender,False,📄 Single-Source,False,No flags
ACC-1442,Account,Ext-Acc-236903,,Financial,1,0,0,1,0,2026-04-30,2026-04-30,Sender,False,📄 Single-Source,False,No flags
ACC-1443,Account,Ext-Acc-388403,,Financial,1,0,0,1,0,2026-04-30,2026-04-30,Receiver,False,📄 Single-Source,False,No flags
ACC-1444,Account,Ext-Acc-286166,,Financial,1,0,0,1,0,2025-07-24,2025-07-24,Sender,False,📄 Single-Source,False,No flags
ACC-1445,Account,Ext-Acc-390335,9000000218.0,Financial,1,0,0,1,0,2025-10-31,2025-10-31,Receiver,False,📄 Single-Source,False,No flags
ACC-1446,Account,Ext-Acc-241894,,Financial,1,0,0,1,0,2025-03-30,2025-03-30,Sender,False,📄 Single-Source,False,No flags
ACC-1447,Account,Ext-Acc-291235,9000000129.0,Financial,1,0,0,1,0,2025-10-24,2025-10-24,Sender,False,📄 Single-Source,False,No flags
ACC-1448,Account,Ext-Acc-330732,9000000129.0,Financial,1,0,0,1,0,2025-10-24,2025-10-24,Receiver,False,📄 Single-Source,False,No flags
ACC-1449,Account,Ext-Acc-377245,9000000208.0,Financial,1,0,0,1,0,2025-12-11,2025-12-11,Receiver,False,📄 Single-Source,False,No flags
ACC-1450,Account,Ext-Acc-392573,9000000063.0,Financial,1,0,0,1,0,2026-08-22,2026-08-22,Receiver,False,📄 Single-Source,False,No flags
ACC-1451,Account,Ext-Acc-245545,9000000340.0,Financial,1,0,0,1,0,2025-09-28,2025-09-28,Sender,False,📄 Single-Source,False,No flags
ACC-1452,Account,Ext-Acc-328873,9000000340.0,Financial,1,0,0,1,0,2025-09-28,2025-09-28,Receiver,False,📄 Single-Source,False,No flags
ACC-1453,Account,Ext-Acc-232048,9000000066.0,Financial,1,0,0,1,0,2025-08-14,2025-08-14,Sender,False,📄 Single-Source,False,No flags
ACC-1454,Account,Ext-Acc-266727,9000000222.0,Financial,1,0,0,1,0,2025-07-03,2025-07-03,Sender,False,📄 Single-Source,False,No flags
ACC-1455,Account,Ext-Acc-251971,9000000098.0,Financial,1,0,0,1,0,2025-05-23,2025-05-23,Sender,False,📄 Single-Source,False,No flags
ACC-1456,Account,Ext-Acc-383870,9000000098.0,Financial,1,0,0,1,0,2025-05-23,2025-05-23,Receiver,False,📄 Single-Source,False,No flags
ACC-1457,Account,Ext-Acc-267486,9000000135.0,Financial,1,0,0,1,0,2025-09-10,2025-09-10,Sender,False,📄 Single-Source,False,No flags
ACC-1458,Account,Ext-Acc-279848,9000000321.0,Financial,1,0,0,1,0,2025-09-23,2025-09-23,Sender,False,📄 Single-Source,False,No flags
ACC-1459,Account,Ext-Acc-249831,9000000385.0,Financial,1,0,0,1,0,2025-02-26,2025-02-26,Sender,False,📄 Single-Source,False,No flags
ACC-1460,Account,Ext-Acc-243209,9000000376.0,Financial,1,0,0,1,0,2025-10-01,2025-10-01,Sender,False,📄 Single-Source,False,No flags
ACC-1461,Account,Ext-Acc-368889,9000000494.0,Financial,1,0,0,1,0,2025-02-03,2025-02-03,Receiver,False,📄 Single-Source,False,No flags
ACC-1462,Account,Ext-Acc-334298,9000000420.0,Financial,1,0,0,1,0,2025-04-18,2025-04-18,Receiver,False,📄 Single-Source,False,No flags
ACC-1463,Account,Ext-Acc-296308,,Financial,1,0,0,1,0,2025-03-13,2025-03-13,Sender,False,📄 Single-Source,False,No flags
ACC-1464,Account,Ext-Acc-248166,,Financial,1,0,0,1,0,2026-02-26,2026-02-26,Sender,False,📄 Single-Source,False,No flags
ACC-1465,Account,Ext-Acc-388904,,Financial,1,0,0,1,0,2026-02-26,2026-02-26,Receiver,False,📄 Single-Source,False,No flags
ACC-1466,Account,Ext-Acc-346291,9000000210.0,Financial,1,0,0,1,0,2025-11-20,2025-11-20,Receiver,False,📄 Single-Source,False,No flags
CEL-0001,CellTower,Tower-Slm-001,,CDR,1,0,362,0,0,2025-01-04,2026-08-01,Location,False,📄 Single-Source,False,No flags
CEL-0002,CellTower,Tower-Cbe-001,,CDR,1,0,385,0,0,2025-01-02,2026-08-01,Location,False,📄 Single-Source,False,No flags
CEL-0003,CellTower,Tower-Mdu-001,,CDR,1,0,381,0,0,2025-01-01,2026-08-01,Location,False,📄 Single-Source,False,No flags
CEL-0004,CellTower,Tower-Tup-001,,CDR,1,0,382,0,0,2025-01-03,2026-08-02,Location,False,📄 Single-Source,False,No flags
CEL-0005,CellTower,Tower-Try-001,,CDR,1,0,386,0,0,2025-01-02,2026-08-01,Location,False,📄 Single-Source,False,No flags
CEL-0006,CellTower,Tower-Erd-001,,CDR,1,0,354,0,0,2025-01-01,2026-08-02,Location,False,📄 Single-Source,False,No flags
CEL-0007,CellTower,Tower-Chn-001,,CDR,1,0,389,0,0,2025-01-02,2026-07-28,Location,False,📄 Single-Source,False,No flags
CEL-0008,CellTower,Tower-Vlr-001,,CDR,1,0,361,0,0,2025-01-02,2026-08-02,Location,False,📄 Single-Source,False,No flags
LOC-0001,Location,Sindhu Puram Industrial Area,,FIR|SocialMedia,2,3,0,0,12,02-01-2025,30-03-2025,Incident|SocialMention,True,🔗 Cross-Verified,True,Confirmed across sources; Social media mention
LOC-0002,Location,Roja Park Main Street,,FIR|SocialMedia,2,32,0,0,10,01-04-2026,29-12-2025,Incident|SocialMention,True,🔗 Cross-Verified,True,Confirmed across sources; Social media mention
LOC-0003,Location,Amudham Garden Market Road,,FIR|SocialMedia,2,5,0,0,8,04-02-2026,31-01-2026,Incident|SocialMention,True,🔗 Cross-Verified,True,Confirmed across sources; Social media mention
LOC-0004,Location,Sevvanthi Park Shopping Complex,,FIR|SocialMedia,2,11,0,0,13,04-10-2025,28-10-2025,Incident|SocialMention,True,🔗 Cross-Verified,True,Confirmed across sources; Social media mention
LOC-0005,Location,Palar Park Industrial Area,,FIR|SocialMedia,2,5,0,0,12,09-01-2025,26-02-2026,Incident|SocialMention,True,🔗 Cross-Verified,True,Confirmed across sources; Social media mention
LOC-0006,Location,Nallur Park Main Street,,FIR|SocialMedia,2,16,0,0,12,01-05-2026,31-05-2026,Incident|SocialMention,True,🔗 Cross-Verified,True,Confirmed across sources; Social media mention
LOC-0007,Location,Mullai Park Shopping Complex,,FIR|SocialMedia,2,7,0,0,14,03-01-2026,26-08-2026,Incident|SocialMention,True,🔗 Cross-Verified,True,Confirmed across sources; Social media mention
LOC-0008,Location,Kalai Layout Parking Area,,FIR|SocialMedia,2,3,0,0,18,15-01-2025,24-09-2025,Incident|SocialMention,True,🔗 Cross-Verified,True,Confirmed across sources; Social media mention
LOC-0009,Location,Amudham Puram Apartment Complex,,FIR|SocialMedia,2,1,0,0,10,17-01-2025,2026-08-18,Incident|SocialMention,True,🔗 Cross-Verified,True,Confirmed across sources; Social media mention
LOC-0010,Location,Mullai Puram Parking Area,,FIR|SocialMedia,2,7,0,0,10,01-03-2025,24-03-2025,Incident|SocialMention,True,🔗 Cross-Verified,True,Confirmed across sources; Social media mention
LOC-0011,Location,Kalai Park Main Street,,FIR|SocialMedia,2,7,0,0,13,03-07-2025,28-03-2025,Incident|SocialMention,True,🔗 Cross-Verified,True,Confirmed across sources; Social media mention
LOC-0012,Location,Nallur Garden Residential Colony,,FIR|SocialMedia,2,16,0,0,14,03-01-2026,31-07-2026,Incident|SocialMention,True,🔗 Cross-Verified,True,Confirmed across sources; Social media mention
LOC-0013,Location,Nallur Colony College Road,,FIR|SocialMedia,2,5,0,0,8,01-09-2026,29-12-2025,Incident|SocialMention,True,🔗 Cross-Verified,True,Confirmed across sources; Social media mention
LOC-0014,Location,Amudham Nagar Main Street,,FIR|SocialMedia,2,7,0,0,13,03-04-2026,30-03-2025,Incident|SocialMention,True,🔗 Cross-Verified,True,Confirmed across sources; Social media mention
LOC-0015,Location,Kalai Nagar College Road,,FIR|SocialMedia,2,2,0,0,12,03-06-2025,2026-09-14,Incident|SocialMention,True,🔗 Cross-Verified,True,Confirmed across sources; Social media mention
LOC-0016,Location,Sindhu Garden Residential Colony,,FIR|SocialMedia,2,27,0,0,12,05-08-2025,31-07-2025,Incident|SocialMention,True,🔗 Cross-Verified,True,Confirmed across sources; Social media mention
LOC-0017,Location,Arasu Nagar Residential Colony,,FIR|SocialMedia,2,3,0,0,12,14-02-2025,27-01-2026,Incident|SocialMention,True,🔗 Cross-Verified,True,Confirmed across sources; Social media mention
LOC-0018,Location,Sevvanthi Layout Residential Colony,,FIR|SocialMedia,2,1,0,0,8,13-02-2025,2026-08-23,Incident|SocialMention,True,🔗 Cross-Verified,True,Confirmed across sources; Social media mention
LOC-0019,Location,Ezhil Garden Shopping Complex,,FIR|SocialMedia,2,11,0,0,14,01-06-2026,27-07-2025,Incident|SocialMention,True,🔗 Cross-Verified,True,Confirmed across sources; Social media mention
LOC-0020,Location,Roja Layout Industrial Area,,FIR|SocialMedia,2,3,0,0,18,03-04-2025,27-04-2025,Incident|SocialMention,True,🔗 Cross-Verified,True,Confirmed across sources; Social media mention
LOC-0021,Location,Mullai Colony Shopping Complex,,FIR|SocialMedia,2,21,0,0,10,02-10-2025,31-03-2025,Incident|SocialMention,True,🔗 Cross-Verified,True,Confirmed across sources; Social media mention
LOC-0022,Location,Kalai Colony Apartment Complex,,FIR|SocialMedia,2,11,0,0,12,08-09-2026,29-07-2026,Incident|SocialMention,True,🔗 Cross-Verified,True,Confirmed across sources; Social media mention
LOC-0023,Location,Vaigai Park Parking Area,,FIR|SocialMedia,2,6,0,0,10,07-05-2026,27-04-2026,Incident|SocialMention,True,🔗 Cross-Verified,True,Confirmed across sources; Social media mention
LOC-0024,Location,Anbu Layout Bus Stand Area,,FIR|SocialMedia,2,3,0,0,19,10-07-2025,30-04-2025,Incident|SocialMention,True,🔗 Cross-Verified,True,Confirmed across sources; Social media mention
LOC-0025,Location,Kalai Puram Apartment Complex,,FIR|SocialMedia,2,11,0,0,14,06-06-2025,28-08-2025,Incident|SocialMention,True,🔗 Cross-Verified,True,Confirmed across sources; Social media mention
LOC-0026,Location,Nila Nagar Bus Stand Area,,FIR|SocialMedia,2,5,0,0,15,08-06-2025,23-02-2026,Incident|SocialMention,True,🔗 Cross-Verified,True,Confirmed across sources; Social media mention
LOC-0027,Location,Nila Garden Bus Stand Area,,FIR|SocialMedia,2,3,0,0,10,2025-01-10,22-03-2025,Incident|SocialMention,True,🔗 Cross-Verified,True,Confirmed across sources; Social media mention
LOC-0028,Location,Roja Colony Residential Colony,,FIR|SocialMedia,2,5,0,0,12,04-03-2026,27-03-2025,Incident|SocialMention,True,🔗 Cross-Verified,True,Confirmed across sources; Social media mention
LOC-0029,Location,Kadal Nagar Bus Stand Area,,FIR|SocialMedia,2,9,0,0,11,02-08-2025,30-03-2025,Incident|SocialMention,True,🔗 Cross-Verified,True,Confirmed across sources; Social media mention
LOC-0030,Location,Anbu Park Main Street,,FIR|SocialMedia,2,10,0,0,9,01-07-2026,28-03-2025,Incident|SocialMention,True,🔗 Cross-Verified,True,Confirmed across sources; Social media mention
LOC-0031,Location,Iniyan Layout Parking Area,,FIR|SocialMedia,2,1,0,0,6,04-04-2025,2026-08-08,Incident|SocialMention,True,🔗 Cross-Verified,True,Confirmed across sources; Social media mention
LOC-0032,Location,Sindhu Colony College Road,,FIR|SocialMedia,2,9,0,0,8,03-04-2025,28-05-2025,Incident|SocialMention,True,🔗 Cross-Verified,True,Confirmed across sources; Social media mention
LOC-0033,Location,Thendral Nagar Atm Area,,FIR|SocialMedia,2,2,0,0,11,07-04-2025,29-10-2025,Incident|SocialMention,True,🔗 Cross-Verified,True,Confirmed across sources; Social media mention
LOC-0034,Location,Senthil Garden Main Street,,FIR|SocialMedia,2,14,0,0,12,02-11-2025,30-07-2025,Incident|SocialMention,True,🔗 Cross-Verified,True,Confirmed across sources; Social media mention
LOC-0035,Location,Vennila Park Shopping Complex,,FIR|SocialMedia,2,3,0,0,11,15-04-2025,22-10-2025,Incident|SocialMention,True,🔗 Cross-Verified,True,Confirmed across sources; Social media mention
LOC-0036,Location,Vaigai Nagar College Road,,FIR|SocialMedia,2,2,0,0,10,08-10-2025,22-04-2025,Incident|SocialMention,True,🔗 Cross-Verified,True,Confirmed across sources; Social media mention
LOC-0037,Location,Sevvanthi Colony Bus Stand Area,,FIR|SocialMedia,2,7,0,0,10,02-06-2026,26-07-2026,Incident|SocialMention,True,🔗 Cross-Verified,True,Confirmed across sources; Social media mention
LOC-0038,Location,Nallur Puram Market Road,,FIR|SocialMedia,2,4,0,0,13,02-05-2025,30-09-2025,Incident|SocialMention,True,🔗 Cross-Verified,True,Confirmed across sources; Social media mention
LOC-0039,Location,Kurinji Puram Railway Station Road,,FIR|SocialMedia,2,6,0,0,8,02-05-2026,24-05-2025,Incident|SocialMention,True,🔗 Cross-Verified,True,Confirmed across sources; Social media mention
LOC-0040,Location,Sevvanthi Puram Industrial Area,,FIR|SocialMedia,2,3,0,0,10,10-08-2025,2026-06-25,Incident|SocialMention,True,🔗 Cross-Verified,True,Confirmed across sources; Social media mention
LOC-0041,Location,Selvapuram Puram Main Street,,FIR|SocialMedia,2,17,0,0,13,01-05-2026,29-08-2025,Incident|SocialMention,True,🔗 Cross-Verified,True,Confirmed across sources; Social media mention
LOC-0042,Location,Oviya Colony Railway Station Road,,FIR|SocialMedia,2,6,0,0,15,07-03-2026,2026-07-30,Incident|SocialMention,True,🔗 Cross-Verified,True,Confirmed across sources; Social media mention
LOC-0043,Location,Roja Nagar Residential Colony,,FIR|SocialMedia,2,11,0,0,7,02-08-2025,25-08-2025,Incident|SocialMention,True,🔗 Cross-Verified,True,Confirmed across sources; Social media mention
LOC-0044,Location,Vennila Puram Shopping Complex,,FIR|SocialMedia,2,7,0,0,11,09-06-2025,28-09-2025,Incident|SocialMention,True,🔗 Cross-Verified,True,Confirmed across sources; Social media mention
LOC-0045,Location,Mangai Colony Railway Station Road,,FIR|SocialMedia,2,2,0,0,13,14-06-2025,2026-08-17,Incident|SocialMention,True,🔗 Cross-Verified,True,Confirmed across sources; Social media mention
LOC-0046,Location,Nila Puram Main Street,,FIR|SocialMedia,2,4,0,0,23,17-06-2025,31-08-2025,Incident|SocialMention,True,🔗 Cross-Verified,True,Confirmed across sources; Social media mention
LOC-0047,Location,Mynthan Colony Main Street,,FIR|SocialMedia,2,18,0,0,8,03-12-2025,27-08-2025,Incident|SocialMention,True,🔗 Cross-Verified,True,Confirmed across sources; Social media mention
LOC-0048,Location,Poongodi Layout Residential Colony,,FIR|SocialMedia,2,12,0,0,19,01-07-2025,22-09-2025,Incident|SocialMention,True,🔗 Cross-Verified,True,Confirmed across sources; Social media mention
LOC-0049,Location,Kaveri Park Bus Stand Area,,FIR|SocialMedia,2,4,0,0,11,07-07-2025,25-08-2025,Incident|SocialMention,True,🔗 Cross-Verified,True,Confirmed across sources; Social media mention
LOC-0050,Location,Amudham Layout Residential Colony,,FIR|SocialMedia,2,6,0,0,14,12-02-2026,29-10-2025,Incident|SocialMention,True,🔗 Cross-Verified,True,Confirmed across sources; Social media mention
LOC-0051,Location,Kaveri Nagar Apartment Complex,,FIR|SocialMedia,2,2,0,0,18,03-10-2025,2026-07-02,Incident|SocialMention,True,🔗 Cross-Verified,True,Confirmed across sources; Social media mention
LOC-0052,Location,Mynthan Layout Shopping Complex,,FIR|SocialMedia,2,1,0,0,12,20-07-2025,2026-06-28,Incident|SocialMention,True,🔗 Cross-Verified,True,Confirmed across sources; Social media mention
LOC-0053,Location,Iniyan Puram College Road,,FIR|SocialMedia,2,7,0,0,19,02-07-2026,27-07-2025,Incident|SocialMention,True,🔗 Cross-Verified,True,Confirmed across sources; Social media mention
LOC-0054,Location,Vaigai Layout Market Road,,FIR|SocialMedia,2,15,0,0,15,01-11-2025,29-11-2025,Incident|SocialMention,True,🔗 Cross-Verified,True,Confirmed across sources; Social media mention
LOC-0055,Location,Sevvanthi Garden College Road,,FIR|SocialMedia,2,1,0,0,11,05-08-2025,2026-02-20,Incident|SocialMention,True,🔗 Cross-Verified,True,Confirmed across sources; Social media mention
LOC-0056,Location,Nila Park Industrial Area,,FIR|SocialMedia,2,3,0,0,10,2025-03-03,25-08-2025,Incident|SocialMention,True,🔗 Cross-Verified,True,Confirmed across sources; Social media mention
LOC-0057,Location,Palar Layout Market Road,,FIR|SocialMedia,2,3,0,0,13,12-01-2026,26-12-2025,Incident|SocialMention,True,🔗 Cross-Verified,True,Confirmed across sources; Social media mention
LOC-0058,Location,Neithal Colony Residential Colony,,FIR|SocialMedia,2,2,0,0,13,2025-01-06,30-08-2025,Incident|SocialMention,True,🔗 Cross-Verified,True,Confirmed across sources; Social media mention
LOC-0059,Location,Anbu Colony Highway Junction,,FIR|SocialMedia,2,2,0,0,18,06-09-2025,2026-08-19,Incident|SocialMention,True,🔗 Cross-Verified,True,Confirmed across sources; Social media mention
LOC-0060,Location,Ponni Nagar College Road,,FIR|SocialMedia,2,3,0,0,13,08-09-2025,23-12-2025,Incident|SocialMention,True,🔗 Cross-Verified,True,Confirmed across sources; Social media mention
LOC-0061,Location,Mangai Puram Railway Station Road,,FIR|SocialMedia,2,2,0,0,16,11-09-2025,22-09-2025,Incident|SocialMention,True,🔗 Cross-Verified,True,Confirmed across sources; Social media mention
LOC-0062,Location,Nallur Nagar Main Street,,FIR|SocialMedia,2,8,0,0,13,08-07-2026,25-06-2026,Incident|SocialMention,True,🔗 Cross-Verified,True,Confirmed across sources; Social media mention
LOC-0063,Location,Vetri Colony Industrial Area,,FIR|SocialMedia,2,4,0,0,9,04-12-2025,25-11-2025,Incident|SocialMention,True,🔗 Cross-Verified,True,Confirmed across sources; Social media mention
LOC-0064,Location,Alli Park Shopping Complex,,FIR|SocialMedia,2,4,0,0,10,05-11-2025,27-10-2025,Incident|SocialMention,True,🔗 Cross-Verified,True,Confirmed across sources; Social media mention
LOC-0065,Location,Oviya Puram Parking Area,,FIR|SocialMedia,2,1,0,0,12,02-10-2025,2026-09-10,Incident|SocialMention,True,🔗 Cross-Verified,True,Confirmed across sources; Social media mention
LOC-0066,Location,Iniyan Colony Apartment Complex,,FIR|SocialMedia,2,4,0,0,10,04-09-2026,30-05-2026,Incident|SocialMention,True,🔗 Cross-Verified,True,Confirmed across sources; Social media mention
LOC-0067,Location,Vetri Layout Industrial Area,,FIR|SocialMedia,2,8,0,0,9,08-01-2026,26-06-2026,Incident|SocialMention,True,🔗 Cross-Verified,True,Confirmed across sources; Social media mention
LOC-0068,Location,Tamarai Garden Parking Area,,FIR|SocialMedia,2,3,0,0,11,2025-02-09,27-10-2025,Incident|SocialMention,True,🔗 Cross-Verified,True,Confirmed across sources; Social media mention
LOC-0069,Location,Neithal Park Highway Junction,,FIR|SocialMedia,2,1,0,0,11,12-11-2025,2026-05-20,Incident|SocialMention,True,🔗 Cross-Verified,True,Confirmed across sources; Social media mention
LOC-0070,Location,Kayal Puram Highway Junction,,FIR|SocialMedia,2,1,0,0,14,03-12-2025,2026-09-01,Incident|SocialMention,True,🔗 Cross-Verified,True,Confirmed across sources; Social media mention
LOC-0071,Location,Alli Colony College Road,,FIR|SocialMedia,2,8,0,0,8,08-04-2026,26-12-2025,Incident|SocialMention,True,🔗 Cross-Verified,True,Confirmed across sources; Social media mention
LOC-0072,Location,Neithal Garden Apartment Complex,,FIR|SocialMedia,2,3,0,0,7,01-01-2026,29-08-2026,Incident|SocialMention,True,🔗 Cross-Verified,True,Confirmed across sources; Social media mention
LOC-0073,Location,Anbu Puram Apartment Complex,,FIR|SocialMedia,2,3,0,0,2,07-01-2026,2026-03-10,Incident|SocialMention,True,🔗 Cross-Verified,True,Confirmed across sources; Social media mention
LOC-0074,Location,Amudham Park Railway Station Road,,FIR|SocialMedia,2,3,0,0,13,04-07-2026,30-12-2025,Incident|SocialMention,True,🔗 Cross-Verified,True,Confirmed across sources; Social media mention
LOC-0075,Location,Arasu Garden Atm Area,,FIR|SocialMedia,2,1,0,0,12,03-02-2026,2026-07-12,Incident|SocialMention,True,🔗 Cross-Verified,True,Confirmed across sources; Social media mention
LOC-0076,Location,Vetri Nagar Shopping Complex,,FIR|SocialMedia,2,4,0,0,15,01-04-2026,27-05-2026,Incident|SocialMention,True,🔗 Cross-Verified,True,Confirmed across sources; Social media mention
LOC-0077,Location,Kayal Colony Bus Stand Area,,FIR|SocialMedia,2,1,0,0,11,2025-02-04,26-03-2026,Incident|SocialMention,True,🔗 Cross-Verified,True,Confirmed across sources; Social media mention
LOC-0078,Location,Anbu Garden Apartment Complex,,FIR|SocialMedia,2,2,0,0,15,02-07-2026,2026-07-14,Incident|SocialMention,True,🔗 Cross-Verified,True,Confirmed across sources; Social media mention
LOC-0079,Location,Mangai Layout Shopping Complex,,FIR|SocialMedia,2,2,0,0,13,04-05-2026,23-08-2026,Incident|SocialMention,True,🔗 Cross-Verified,True,Confirmed across sources; Social media mention
LOC-0080,Location,Mynthan Nagar Apartment Complex,,FIR|SocialMedia,2,1,0,0,9,16-06-2026,2026-06-16,Incident|SocialMention,True,🔗 Cross-Verified,True,Confirmed across sources; Social media mention
LOC-0081,Location,Selvapuram Garden College Road,,FIR|SocialMedia,2,1,0,0,15,04-07-2026,2026-09-12,Incident|SocialMention,True,🔗 Cross-Verified,True,Confirmed across sources; Social media mention
LOC-0082,Location,Kadal Layout Highway Junction,,FIR|SocialMedia,2,1,0,0,11,16-07-2026,2026-09-07,Incident|SocialMention,True,🔗 Cross-Verified,True,Confirmed across sources; Social media mention
LOC-0083,Location,Mathi Layout Apartment Complex,,FIR|SocialMedia,2,1,0,0,14,09-09-2026,2026-08-01,Incident|SocialMention,True,🔗 Cross-Verified,True,Confirmed across sources; Social media mention
MOB-0001,Mobile,9000000068,9000000068.0,FIR,1,3,0,0,0,02-01-2025,26-08-2026,Mentioned,False,📄 Single-Source,False,No flags
MOB-0002,Mobile,9000000196,9000000196.0,FIR|SocialMedia,2,5,0,0,1,05-01-2025,24-08-2025,Mentioned|TextMention,True,🔗 Cross-Verified,True,Confirmed across sources; Social media mention
MOB-0003,Mobile,9000000487,9000000487.0,FIR,1,9,0,0,0,05-01-2025,27-10-2025,Mentioned,False,📄 Single-Source,False,No flags
MOB-0004,Mobile,9000000097,9000000097.0,FIR|SocialMedia,2,2,0,0,2,04-07-2026,2026-03-13,Mentioned|TextMention,True,🔗 Cross-Verified,True,Confirmed across sources; Social media mention
MOB-0005,Mobile,9000000245,9000000245.0,FIR|SocialMedia,2,10,0,0,2,03-01-2026,26-08-2026,Mentioned|TextMention,True,🔗 Cross-Verified,True,Confirmed across sources; Social media mention
MOB-0006,Mobile,9000000135,9000000135.0,FIR,1,2,0,0,0,07-07-2025,10-01-2025,Mentioned,False,📄 Single-Source,False,No flags
MOB-0007,Mobile,9000000120,9000000120.0,FIR,1,9,0,0,0,02-08-2025,29-12-2025,Mentioned,False,📄 Single-Source,False,No flags
MOB-0008,Mobile,9000000281,9000000281.0,FIR,1,4,0,0,0,07-01-2026,14-08-2025,Mentioned,False,📄 Single-Source,False,No flags
MOB-0009,Mobile,9000000212,9000000212.0,FIR|SocialMedia,2,16,0,0,2,02-07-2026,29-10-2025,Mentioned|TextMention,True,🔗 Cross-Verified,True,Confirmed across sources; Social media mention
MOB-0010,Mobile,9000000295,9000000295.0,FIR|SocialMedia,2,14,0,0,2,05-10-2025,25-11-2025,Mentioned|TextMention,True,🔗 Cross-Verified,True,Confirmed across sources; Social media mention
MOB-0011,Mobile,9000000004,9000000004.0,FIR|SocialMedia,2,10,0,0,3,10-05-2026,25-08-2025,Mentioned|TextMention,True,🔗 Cross-Verified,True,Confirmed across sources; Social media mention
MOB-0012,Mobile,9000000427,9000000427.0,FIR|SocialMedia,2,7,0,0,3,01-03-2025,27-04-2025,Mentioned|TextMention,True,🔗 Cross-Verified,True,Confirmed across sources; Social media mention
MOB-0013,Mobile,9000000155,9000000155.0,FIR|SocialMedia,2,18,0,0,2,01-05-2026,27-08-2025,Mentioned|TextMention,True,🔗 Cross-Verified,True,Confirmed across sources; Social media mention
MOB-0014,Mobile,9000000044,9000000044.0,FIR|SocialMedia,2,6,0,0,3,10-08-2025,25-01-2025,Mentioned|TextMention,True,🔗 Cross-Verified,True,Confirmed across sources; Social media mention
MOB-0015,Mobile,9000000157,9000000157.0,FIR|SocialMedia,2,2,0,0,3,18-10-2025,28-01-2025,Mentioned|TextMention,True,🔗 Cross-Verified,True,Confirmed across sources; Social media mention
MOB-0016,Mobile,9000000446,9000000446.0,FIR,1,7,0,0,0,05-12-2025,30-07-2025,Mentioned,False,📄 Single-Source,False,No flags
MOB-0017,Mobile,9000000156,9000000156.0,FIR,1,4,0,0,0,06-06-2025,24-04-2026,Mentioned,False,📄 Single-Source,False,No flags
MOB-0018,Mobile,9000000343,9000000343.0,FIR,1,4,0,0,0,04-02-2025,25-06-2025,Mentioned,False,📄 Single-Source,False,No flags
MOB-0019,Mobile,9000000177,9000000177.0,FIR|SocialMedia,2,2,0,0,1,04-02-2025,2026-08-27,Mentioned|TextMention,True,🔗 Cross-Verified,True,Confirmed across sources; Social media mention
MOB-0020,Mobile,9000000002,9000000002.0,FIR|SocialMedia,2,4,0,0,4,05-02-2025,29-08-2025,Mentioned|TextMention,True,🔗 Cross-Verified,True,Confirmed across sources; Social media mention
MOB-0021,Mobile,9000000277,9000000277.0,FIR,1,1,0,0,0,05-02-2025,05-02-2025,Mentioned,False,📄 Single-Source,False,No flags
MOB-0022,Mobile,9000000463,9000000463.0,FIR|SocialMedia,2,6,0,0,3,06-02-2025,28-08-2025,Mentioned|TextMention,True,🔗 Cross-Verified,True,Confirmed across sources; Social media mention
MOB-0023,Mobile,9000000379,9000000379.0,FIR|SocialMedia,2,13,0,0,2,02-11-2025,29-12-2025,Mentioned|TextMention,True,🔗 Cross-Verified,True,Confirmed across sources; Social media mention
MOB-0024,Mobile,9000000158,9000000158.0,FIR,1,4,0,0,0,04-07-2026,27-03-2025,Mentioned,False,📄 Single-Source,False,No flags
MOB-0025,Mobile,9000000366,9000000366.0,FIR|SocialMedia,2,1,0,0,2,14-02-2025,2025-05-05,Mentioned|TextMention,True,🔗 Cross-Verified,True,Confirmed across sources; Social media mention
MOB-0026,Mobile,9000000207,9000000207.0,FIR|SocialMedia,2,16,0,0,1,05-07-2025,29-07-2026,Mentioned|TextMention,True,🔗 Cross-Verified,True,Confirmed across sources; Social media mention
MOB-0027,Mobile,9000000410,9000000410.0,FIR,1,6,0,0,0,03-04-2025,28-08-2025,Mentioned,False,📄 Single-Source,False,No flags
MOB-0028,Mobile,9000000357,9000000357.0,FIR,1,2,0,0,0,12-04-2026,20-02-2025,Mentioned,False,📄 Single-Source,False,No flags
MOB-0029,Mobile,9000000187,9000000187.0,FIR|SocialMedia,2,14,0,0,3,04-05-2026,28-10-2025,Mentioned|TextMention,True,🔗 Cross-Verified,True,Confirmed across sources; Social media mention
MOB-0030,Mobile,9000000464,9000000464.0,FIR|SocialMedia,2,2,0,0,3,18-04-2025,2026-09-10,Mentioned|TextMention,True,🔗 Cross-Verified,True,Confirmed across sources; Social media mention
MOB-0031,Mobile,9000000164,9000000164.0,FIR|SocialMedia,2,2,0,0,4,01-03-2025,26-02-2025,Mentioned|TextMention,True,🔗 Cross-Verified,True,Confirmed across sources; Social media mention
MOB-0032,Mobile,9000000111,9000000111.0,FIR,1,2,0,0,0,24-03-2025,26-02-2025,Mentioned,False,📄 Single-Source,False,No flags
MOB-0033,Mobile,9000000363,9000000363.0,FIR|SocialMedia,2,14,0,0,2,02-05-2026,30-05-2026,Mentioned|TextMention,True,🔗 Cross-Verified,True,Confirmed across sources; Social media mention
MOB-0034,Mobile,9000000285,9000000285.0,FIR,1,4,0,0,0,10-02-2026,28-10-2025,Mentioned,False,📄 Single-Source,False,No flags
MOB-0035,Mobile,9000000490,9000000490.0,FIR|SocialMedia,2,6,0,0,3,2025-12-19,30-09-2025,Mentioned|TextMention,True,🔗 Cross-Verified,True,Confirmed across sources; Social media mention
MOB-0036,Mobile,9000000267,9000000267.0,FIR,1,6,0,0,0,08-06-2025,27-02-2025,Mentioned,False,📄 Single-Source,False,No flags
MOB-0037,Mobile,9000000181,9000000181.0,FIR,1,4,0,0,0,01-03-2025,28-06-2025,Mentioned,False,📄 Single-Source,False,No flags
MOB-0038,Mobile,9000000198,9000000198.0,FIR|SocialMedia,2,12,0,0,2,01-05-2026,29-04-2026,Mentioned|TextMention,True,🔗 Cross-Verified,True,Confirmed across sources; Social media mention
MOB-0039,Mobile,9000000165,9000000165.0,FIR|SocialMedia,2,2,0,0,1,13-03-2025,23-05-2026,Mentioned|TextMention,True,🔗 Cross-Verified,True,Confirmed across sources; Social media mention
MOB-0040,Mobile,9000000304,9000000304.0,FIR|SocialMedia,2,3,0,0,5,06-08-2025,22-10-2025,Mentioned|TextMention,True,🔗 Cross-Verified,True,Confirmed across sources; Social media mention
MOB-0041,Mobile,9000000491,9000000491.0,FIR|SocialMedia,2,5,0,0,4,06-12-2025,26-12-2025,Mentioned|TextMention,True,🔗 Cross-Verified,True,Confirmed across sources; Social media mention
MOB-0042,Mobile,9000000328,9000000328.0,FIR,1,1,0,0,0,17-03-2025,17-03-2025,Mentioned,False,📄 Single-Source,False,No flags
MOB-0043,Mobile,9000000154,9000000154.0,FIR|SocialMedia,2,8,0,0,2,05-07-2025,27-07-2025,Mentioned|TextMention,True,🔗 Cross-Verified,True,Confirmed across sources; Social media mention
MOB-0044,Mobile,9000000234,9000000234.0,FIR|SocialMedia,2,2,0,0,3,03-04-2025,2026-09-03,Mentioned|TextMention,True,🔗 Cross-Verified,True,Confirmed across sources; Social media mention
MOB-0045,Mobile,9000000113,9000000113.0,FIR|SocialMedia,2,8,0,0,1,03-10-2025,24-08-2025,Mentioned|TextMention,True,🔗 Cross-Verified,True,Confirmed across sources; Social media mention
MOB-0046,Mobile,9000000216,9000000216.0,FIR,1,15,0,0,0,03-02-2026,25-08-2026,Mentioned,False,📄 Single-Source,False,No flags
MOB-0047,Mobile,9000000195,9000000195.0,FIR|SocialMedia,2,3,0,0,1,11-09-2025,22-03-2025,Mentioned|TextMention,True,🔗 Cross-Verified,True,Confirmed across sources; Social media mention
MOB-0048,Mobile,9000000088,9000000088.0,FIR|SocialMedia,2,4,0,0,2,08-06-2025,26-03-2026,Mentioned|TextMention,True,🔗 Cross-Verified,True,Confirmed across sources; Social media mention
MOB-0049,Mobile,9000000221,9000000221.0,FIR|SocialMedia,2,5,0,0,1,03-07-2025,27-03-2025,Mentioned|TextMention,True,🔗 Cross-Verified,True,Confirmed across sources; Social media mention
MOB-0050,Mobile,9000000105,9000000105.0,FIR,1,13,0,0,0,01-07-2025,31-08-2025,Mentioned,False,📄 Single-Source,False,No flags
MOB-0051,Mobile,9000000382,9000000382.0,FIR|SocialMedia,2,15,0,0,1,02-12-2025,30-04-2026,Mentioned|TextMention,True,🔗 Cross-Verified,True,Confirmed across sources; Social media mention
MOB-0052,Mobile,9000000241,9000000241.0,FIR,1,1,0,0,0,30-03-2025,30-03-2025,Mentioned,False,📄 Single-Source,False,No flags
MOB-0053,Mobile,9000000125,9000000125.0,FIR|SocialMedia,2,6,0,0,2,03-04-2025,30-03-2025,Mentioned|TextMention,True,🔗 Cross-Verified,True,Confirmed across sources; Social media mention
MOB-0054,Mobile,9000000383,9000000383.0,FIR|SocialMedia,2,1,0,0,3,2025-06-08,28-03-2025,Mentioned|TextMention,True,🔗 Cross-Verified,True,Confirmed across sources; Social media mention
MOB-0055,Mobile,9000000407,9000000407.0,FIR|SocialMedia,2,7,0,0,1,08-05-2025,31-03-2025,Mentioned|TextMention,True,🔗 Cross-Verified,True,Confirmed across sources; Social media mention
MOB-0056,Mobile,9000000220,9000000220.0,FIR,1,3,0,0,0,04-04-2025,23-10-2025,Mentioned,False,📄 Single-Source,False,No flags
MOB-0057,Mobile,9000000309,9000000309.0,FIR|SocialMedia,2,5,0,0,1,07-04-2025,28-10-2025,Mentioned|TextMention,True,🔗 Cross-Verified,True,Confirmed across sources; Social media mention
MOB-0058,Mobile,9000000225,9000000225.0,FIR|SocialMedia,2,6,0,0,1,05-07-2026,29-05-2026,Mentioned|TextMention,True,🔗 Cross-Verified,True,Confirmed across sources; Social media mention
MOB-0059,Mobile,9000000433,9000000433.0,FIR|SocialMedia,2,5,0,0,3,09-04-2025,30-08-2025,Mentioned|TextMention,True,🔗 Cross-Verified,True,Confirmed across sources; Social media mention
MOB-0060,Mobile,9000000369,9000000369.0,FIR,1,7,0,0,0,11-04-2025,28-08-2025,Mentioned,False,📄 Single-Source,False,No flags
MOB-0061,Mobile,9000000289,9000000289.0,FIR|SocialMedia,2,1,0,0,1,11-04-2025,2025-03-01,Mentioned|TextMention,True,🔗 Cross-Verified,True,Confirmed across sources; Social media mention
MOB-0062,Mobile,9000000260,9000000260.0,FIR|SocialMedia,2,6,0,0,1,05-08-2025,23-05-2025,Mentioned|TextMention,True,🔗 Cross-Verified,True,Confirmed across sources; Social media mention
MOB-0063,Mobile,9000000096,9000000096.0,FIR,1,8,0,0,0,05-09-2025,27-04-2025,Mentioned,False,📄 Single-Source,False,No flags
MOB-0064,Mobile,9000000064,9000000064.0,FIR|SocialMedia,2,5,0,0,2,01-09-2026,31-01-2026,Mentioned|TextMention,True,🔗 Cross-Verified,True,Confirmed across sources; Social media mention
MOB-0065,Mobile,9000000352,9000000352.0,FIR|SocialMedia,2,16,0,0,3,06-06-2025,30-04-2026,Mentioned|TextMention,True,🔗 Cross-Verified,True,Confirmed across sources; Social media mention
MOB-0066,Mobile,9000000076,9000000076.0,FIR|SocialMedia,2,6,0,0,2,01-05-2026,27-10-2025,Mentioned|TextMention,True,🔗 Cross-Verified,True,Confirmed across sources; Social media mention
MOB-0067,Mobile,9000000469,9000000469.0,FIR,1,12,0,0,0,04-03-2026,27-04-2025,Mentioned,False,📄 Single-Source,False,No flags
MOB-0068,Mobile,9000000136,9000000136.0,FIR|SocialMedia,2,6,0,0,2,01-05-2026,30-04-2025,Mentioned|TextMention,True,🔗 Cross-Verified,True,Confirmed across sources; Social media mention
MOB-0069,Mobile,9000000339,9000000339.0,FIR|SocialMedia,2,3,0,0,3,03-09-2025,30-04-2025,Mentioned|TextMention,True,🔗 Cross-Verified,True,Confirmed across sources; Social media mention
MOB-0070,Mobile,9000000115,9000000115.0,FIR|SocialMedia,2,2,0,0,2,02-05-2025,2025-12-22,Mentioned|TextMention,True,🔗 Cross-Verified,True,Confirmed across sources; Social media mention
MOB-0071,Mobile,9000000050,9000000050.0,FIR,1,7,0,0,0,07-06-2026,19-05-2025,Mentioned,False,📄 Single-Source,False,No flags
MOB-0072,Mobile,9000000461,9000000461.0,FIR|SocialMedia,2,10,0,0,4,02-08-2025,26-06-2025,Mentioned|TextMention,True,🔗 Cross-Verified,True,Confirmed across sources; Social media mention
MOB-0073,Mobile,9000000256,9000000256.0,FIR|SocialMedia,2,14,0,0,3,01-04-2026,28-08-2025,Mentioned|TextMention,True,🔗 Cross-Verified,True,Confirmed across sources; Social media mention
MOB-0074,Mobile,9000000434,9000000434.0,FIR,1,4,0,0,0,10-08-2025,18-09-2025,Mentioned,False,📄 Single-Source,False,No flags
MOB-0075,Mobile,9000000174,9000000174.0,FIR,1,1,0,0,0,15-05-2025,15-05-2025,Mentioned,False,📄 Single-Source,False,No flags
MOB-0076,Mobile,9000000284,9000000284.0,FIR,1,6,0,0,0,07-01-2026,31-01-2026,Mentioned,False,📄 Single-Source,False,No flags
MOB-0077,Mobile,9000000351,9000000351.0,FIR|SocialMedia,2,2,0,0,1,14-08-2025,2026-02-02,Mentioned|TextMention,True,🔗 Cross-Verified,True,Confirmed across sources; Social media mention
MOB-0078,Mobile,9000000191,9000000191.0,FIR|SocialMedia,2,2,0,0,1,17-06-2025,2025-10-16,Mentioned|TextMention,True,🔗 Cross-Verified,True,Confirmed across sources; Social media mention
MOB-0079,Mobile,9000000133,9000000133.0,FIR,1,1,0,0,0,20-05-2025,20-05-2025,Mentioned,False,📄 Single-Source,False,No flags
MOB-0080,Mobile,9000000039,9000000039.0,FIR,1,1,0,0,0,21-05-2025,21-05-2025,Mentioned,False,📄 Single-Source,False,No flags
MOB-0081,Mobile,9000000152,9000000152.0,FIR,1,1,0,0,0,21-05-2025,21-05-2025,Mentioned,False,📄 Single-Source,False,No flags
MOB-0082,Mobile,9000000333,9000000333.0,FIR|SocialMedia,2,2,0,0,3,2025-01-21,24-05-2026,Mentioned|TextMention,True,🔗 Cross-Verified,True,Confirmed across sources; Social media mention
MOB-0083,Mobile,9000000053,9000000053.0,FIR|SocialMedia,2,3,0,0,1,12-08-2025,2026-01-11,Mentioned|TextMention,True,🔗 Cross-Verified,True,Confirmed across sources; Social media mention
MOB-0084,Mobile,9000000377,9000000377.0,FIR|SocialMedia,2,2,0,0,1,09-06-2025,21-10-2025,Mentioned|TextMention,True,🔗 Cross-Verified,True,Confirmed across sources; Social media mention
MOB-0085,Mobile,9000000454,9000000454.0,FIR|SocialMedia,2,3,0,0,1,07-08-2025,2026-02-03,Mentioned|TextMention,True,🔗 Cross-Verified,True,Confirmed across sources; Social media mention
MOB-0086,Mobile,9000000054,9000000054.0,FIR,1,5,0,0,0,09-06-2025,28-09-2025,Mentioned,False,📄 Single-Source,False,No flags
MOB-0087,Mobile,9000000372,9000000372.0,FIR|SocialMedia,2,9,0,0,2,03-09-2025,31-07-2025,Mentioned|TextMention,True,🔗 Cross-Verified,True,Confirmed across sources; Social media mention
MOB-0088,Mobile,9000000282,9000000282.0,FIR|SocialMedia,2,5,0,0,3,02-10-2025,23-10-2025,Mentioned|TextMention,True,🔗 Cross-Verified,True,Confirmed across sources; Social media mention
MOB-0089,Mobile,9000000141,9000000141.0,FIR|SocialMedia,2,4,0,0,1,12-09-2025,31-08-2025,Mentioned|TextMention,True,🔗 Cross-Verified,True,Confirmed across sources; Social media mention
MOB-0090,Mobile,9000000312,9000000312.0,FIR,1,9,0,0,0,03-04-2026,31-07-2025,Mentioned,False,📄 Single-Source,False,No flags
MOB-0091,Mobile,9000000134,9000000134.0,FIR|SocialMedia,2,11,0,0,2,07-11-2025,28-07-2025,Mentioned|TextMention,True,🔗 Cross-Verified,True,Confirmed across sources; Social media mention
MOB-0092,Mobile,9000000403,9000000403.0,FIR|SocialMedia,2,2,0,0,3,02-08-2025,2026-08-23,Mentioned|TextMention,True,🔗 Cross-Verified,True,Confirmed across sources; Social media mention
MOB-0093,Mobile,9000000167,9000000167.0,FIR,1,8,0,0,0,01-06-2026,28-06-2025,Mentioned,False,📄 Single-Source,False,No flags
MOB-0094,Mobile,9000000009,9000000009.0,FIR|SocialMedia,2,2,0,0,3,20-07-2025,28-06-2025,Mentioned|TextMention,True,🔗 Cross-Verified,True,Confirmed across sources; Social media mention
MOB-0095,Mobile,9000000405,9000000405.0,FIR|SocialMedia,2,4,0,0,4,02-07-2025,2026-08-09,Mentioned|TextMention,True,🔗 Cross-Verified,True,Confirmed across sources; Social media mention
MOB-0096,Mobile,9000000168,9000000168.0,FIR,1,2,0,0,0,01-07-2025,27-05-2026,Mentioned,False,📄 Single-Source,False,No flags
MOB-0097,Mobile,9000000188,9000000188.0,FIR|SocialMedia,2,10,0,0,2,05-09-2025,26-09-2025,Mentioned|TextMention,True,🔗 Cross-Verified,True,Confirmed across sources; Social media mention
MOB-0098,Mobile,9000000429,9000000429.0,FIR,1,4,0,0,0,08-09-2025,27-07-2025,Mentioned,False,📄 Single-Source,False,No flags
MOB-0099,Mobile,9000000070,9000000070.0,FIR|SocialMedia,2,5,0,0,2,05-02-2026,30-12-2025,Mentioned|TextMention,True,🔗 Cross-Verified,True,Confirmed across sources; Social media mention
MOB-0100,Mobile,9000000147,9000000147.0,FIR|SocialMedia,2,8,0,0,1,03-10-2025,25-08-2025,Mentioned|TextMention,True,🔗 Cross-Verified,True,Confirmed across sources; Social media mention
MOB-0101,Mobile,9000000318,9000000318.0,FIR|SocialMedia,2,6,0,0,1,02-08-2025,30-12-2025,Mentioned|TextMention,True,🔗 Cross-Verified,True,Confirmed across sources; Social media mention
MOB-0102,Mobile,9000000017,9000000017.0,FIR|SocialMedia,2,6,0,0,1,02-10-2025,27-07-2025,Mentioned|TextMention,True,🔗 Cross-Verified,True,Confirmed across sources; Social media mention
MOB-0103,Mobile,9000000374,9000000374.0,FIR|SocialMedia,2,4,0,0,2,01-08-2025,27-07-2025,Mentioned|TextMention,True,🔗 Cross-Verified,True,Confirmed across sources; Social media mention
MOB-0104,Mobile,9000000042,9000000042.0,FIR|SocialMedia,2,3,0,0,3,18-12-2025,30-07-2025,Mentioned|TextMention,True,🔗 Cross-Verified,True,Confirmed across sources; Social media mention
MOB-0105,Mobile,9000000393,9000000393.0,FIR|SocialMedia,2,3,0,0,2,2026-01-04,30-07-2025,Mentioned|TextMention,True,🔗 Cross-Verified,True,Confirmed across sources; Social media mention
MOB-0106,Mobile,9000000250,9000000250.0,FIR,1,1,0,0,0,05-08-2025,05-08-2025,Mentioned,False,📄 Single-Source,False,No flags
MOB-0107,Mobile,9000000354,9000000354.0,FIR,1,2,0,0,0,10-08-2025,26-12-2025,Mentioned,False,📄 Single-Source,False,No flags
MOB-0108,Mobile,9000000247,9000000247.0,FIR|SocialMedia,2,1,0,0,1,16-08-2025,2025-09-20,Mentioned|TextMention,True,🔗 Cross-Verified,True,Confirmed across sources; Social media mention
MOB-0109,Mobile,9000000273,9000000273.0,FIR|SocialMedia,2,3,0,0,1,19-08-2025,29-11-2025,Mentioned|TextMention,True,🔗 Cross-Verified,True,Confirmed across sources; Social media mention
MOB-0110,Mobile,9000000384,9000000384.0,FIR|SocialMedia,2,3,0,0,1,10-02-2026,22-08-2025,Mentioned|TextMention,True,🔗 Cross-Verified,True,Confirmed across sources; Social media mention
MOB-0111,Mobile,9000000317,9000000317.0,FIR|SocialMedia,2,6,0,0,1,06-04-2026,21-03-2026,Mentioned|TextMention,True,🔗 Cross-Verified,True,Confirmed across sources; Social media mention
MOB-0112,Mobile,9000000353,9000000353.0,FIR|SocialMedia,2,1,0,0,1,2025-09-28,26-08-2025,Mentioned|TextMention,True,🔗 Cross-Verified,True,Confirmed across sources; Social media mention
MOB-0113,Mobile,9000000305,9000000305.0,FIR|SocialMedia,2,2,0,0,2,02-09-2025,26-11-2025,Mentioned|TextMention,True,🔗 Cross-Verified,True,Confirmed across sources; Social media mention
MOB-0114,Mobile,9000000180,9000000180.0,FIR|SocialMedia,2,10,0,0,3,02-07-2026,29-06-2026,Mentioned|TextMention,True,🔗 Cross-Verified,True,Confirmed across sources; Social media mention
MOB-0115,Mobile,9000000093,9000000093.0,FIR|SocialMedia,2,6,0,0,3,06-09-2025,28-07-2026,Mentioned|TextMention,True,🔗 Cross-Verified,True,Confirmed across sources; Social media mention
MOB-0116,Mobile,9000000146,9000000146.0,FIR|SocialMedia,2,7,0,0,3,03-10-2025,22-09-2025,Mentioned|TextMention,True,🔗 Cross-Verified,True,Confirmed across sources; Social media mention
MOB-0117,Mobile,9000000035,9000000035.0,FIR,1,7,0,0,0,01-07-2026,29-12-2025,Mentioned,False,📄 Single-Source,False,No flags
MOB-0118,Mobile,9000000440,9000000440.0,FIR|SocialMedia,2,5,0,0,1,07-01-2026,22-12-2025,Mentioned|TextMention,True,🔗 Cross-Verified,True,Confirmed across sources; Social media mention
MOB-0119,Mobile,9000000071,9000000071.0,FIR|SocialMedia,2,1,0,0,3,18-09-2025,2026-01-04,Mentioned|TextMention,True,🔗 Cross-Verified,True,Confirmed across sources; Social media mention
MOB-0120,Mobile,9000000078,9000000078.0,FIR,1,1,0,0,0,22-09-2025,22-09-2025,Mentioned,False,📄 Single-Source,False,No flags
MOB-0121,Mobile,9000000091,9000000091.0,FIR|SocialMedia,2,12,0,0,1,01-04-2026,29-08-2026,Mentioned|TextMention,True,🔗 Cross-Verified,True,Confirmed across sources; Social media mention
MOB-0122,Mobile,9000000045,9000000045.0,FIR|SocialMedia,2,2,0,0,4,04-10-2025,28-10-2025,Mentioned|TextMention,True,🔗 Cross-Verified,True,Confirmed across sources; Social media mention
MOB-0123,Mobile,9000000073,9000000073.0,FIR|SocialMedia,2,3,0,0,1,04-10-2025,31-07-2026,Mentioned|TextMention,True,🔗 Cross-Verified,True,Confirmed across sources; Social media mention
MOB-0124,Mobile,9000000189,9000000189.0,FIR|SocialMedia,2,8,0,0,3,12-10-2025,30-11-2025,Mentioned|TextMention,True,🔗 Cross-Verified,True,Confirmed across sources; Social media mention
MOB-0125,Mobile,9000000166,9000000166.0,FIR|SocialMedia,2,1,0,0,2,18-10-2025,2026-05-28,Mentioned|TextMention,True,🔗 Cross-Verified,True,Confirmed across sources; Social media mention
MOB-0126,Mobile,9000000439,9000000439.0,FIR|SocialMedia,2,2,0,0,4,18-10-2025,23-08-2026,Mentioned|TextMention,True,🔗 Cross-Verified,True,Confirmed across sources; Social media mention
MOB-0127,Mobile,9000000231,9000000231.0,FIR|SocialMedia,2,3,0,0,2,2025-05-14,27-02-2026,Mentioned|TextMention,True,🔗 Cross-Verified,True,Confirmed across sources; Social media mention
MOB-0128,Mobile,9000000380,9000000380.0,FIR|SocialMedia,2,6,0,0,1,02-11-2025,27-10-2025,Mentioned|TextMention,True,🔗 Cross-Verified,True,Confirmed across sources; Social media mention
MOB-0129,Mobile,9000000005,9000000005.0,FIR|SocialMedia,2,2,0,0,4,17-11-2025,2026-06-17,Mentioned|TextMention,True,🔗 Cross-Verified,True,Confirmed across sources; Social media mention
MOB-0130,Mobile,9000000085,9000000085.0,FIR|SocialMedia,2,1,0,0,1,2025-06-25,25-10-2025,Mentioned|TextMention,True,🔗 Cross-Verified,True,Confirmed across sources; Social media mention
MOB-0131,Mobile,9000000233,9000000233.0,FIR|SocialMedia,2,5,0,0,1,01-04-2026,28-10-2025,Mentioned|TextMention,True,🔗 Cross-Verified,True,Confirmed across sources; Social media mention
MOB-0132,Mobile,9000000465,9000000465.0,FIR|SocialMedia,2,2,0,0,2,03-12-2025,2025-12-18,Mentioned|TextMention,True,🔗 Cross-Verified,True,Confirmed across sources; Social media mention
MOB-0133,Mobile,9000000376,9000000376.0,FIR|SocialMedia,2,3,0,0,2,12-11-2025,29-12-2025,Mentioned|TextMention,True,🔗 Cross-Verified,True,Confirmed across sources; Social media mention
MOB-0134,Mobile,9000000038,9000000038.0,FIR|SocialMedia,2,3,0,0,2,13-01-2026,2026-01-10,Mentioned|TextMention,True,🔗 Cross-Verified,True,Confirmed across sources; Social media mention
MOB-0135,Mobile,9000000415,9000000415.0,FIR|SocialMedia,2,3,0,0,3,17-11-2025,27-01-2026,Mentioned|TextMention,True,🔗 Cross-Verified,True,Confirmed across sources; Social media mention
MOB-0136,Mobile,9000000209,9000000209.0,FIR|SocialMedia,2,2,0,0,2,07-06-2026,2026-01-02,Mentioned|TextMention,True,🔗 Cross-Verified,True,Confirmed across sources; Social media mention
MOB-0137,Mobile,9000000084,9000000084.0,FIR|SocialMedia,2,2,0,0,2,2025-01-10,26-08-2026,Mentioned|TextMention,True,🔗 Cross-Verified,True,Confirmed across sources; Social media mention
MOB-0138,Mobile,9000000449,9000000449.0,FIR|SocialMedia,2,1,0,0,2,03-12-2025,2026-08-18,Mentioned|TextMention,True,🔗 Cross-Verified,True,Confirmed across sources; Social media mention
MOB-0139,Mobile,9000000030,9000000030.0,FIR|SocialMedia,2,1,0,0,1,03-12-2025,2026-04-30,Mentioned|TextMention,True,🔗 Cross-Verified,True,Confirmed across sources; Social media mention
MOB-0140,Mobile,9000000458,9000000458.0,FIR|SocialMedia,2,3,0,0,2,01-01-2026,2026-09-10,Mentioned|TextMention,True,🔗 Cross-Verified,True,Confirmed across sources; Social media mention
MOB-0141,Mobile,9000000320,9000000320.0,FIR,1,2,0,0,0,23-02-2026,23-12-2025,Mentioned,False,📄 Single-Source,False,No flags
MOB-0142,Mobile,9000000145,9000000145.0,FIR|SocialMedia,2,3,0,0,1,01-09-2026,23-12-2025,Mentioned|TextMention,True,🔗 Cross-Verified,True,Confirmed across sources; Social media mention
MOB-0143,Mobile,9000000276,9000000276.0,FIR,1,1,0,0,0,29-12-2025,29-12-2025,Mentioned,False,📄 Single-Source,False,No flags
MOB-0144,Mobile,9000000459,9000000459.0,FIR,1,1,0,0,0,29-12-2025,29-12-2025,Mentioned,False,📄 Single-Source,False,No flags
MOB-0145,Mobile,9000000322,9000000322.0,FIR|SocialMedia,2,1,0,0,2,01-01-2026,2026-08-18,Mentioned|TextMention,True,🔗 Cross-Verified,True,Confirmed across sources; Social media mention
MOB-0146,Mobile,9000000095,9000000095.0,FIR|SocialMedia,2,2,0,0,4,05-01-2026,2026-09-01,Mentioned|TextMention,True,🔗 Cross-Verified,True,Confirmed across sources; Social media mention
MOB-0147,Mobile,9000000124,9000000124.0,FIR|SocialMedia,2,4,0,0,3,04-02-2026,21-03-2026,Mentioned|TextMention,True,🔗 Cross-Verified,True,Confirmed across sources; Social media mention
MOB-0148,Mobile,9000000271,9000000271.0,FIR|SocialMedia,2,2,0,0,1,10-02-2026,27-05-2026,Mentioned|TextMention,True,🔗 Cross-Verified,True,Confirmed across sources; Social media mention
MOB-0149,Mobile,9000000477,9000000477.0,FIR|SocialMedia,2,4,0,0,3,02-06-2026,26-07-2026,Mentioned|TextMention,True,🔗 Cross-Verified,True,Confirmed across sources; Social media mention
MOB-0150,Mobile,9000000047,9000000047.0,FIR|SocialMedia,2,2,0,0,2,07-05-2026,23-02-2026,Mentioned|TextMention,True,🔗 Cross-Verified,True,Confirmed across sources; Social media mention
MOB-0151,Mobile,9000000455,9000000455.0,FIR,1,1,0,0,0,24-02-2026,24-02-2026,Mentioned,False,📄 Single-Source,False,No flags
MOB-0152,Mobile,9000000486,9000000486.0,FIR|SocialMedia,2,6,0,0,1,04-07-2026,29-08-2026,Mentioned|TextMention,True,🔗 Cross-Verified,True,Confirmed across sources; Social media mention
MOB-0153,Mobile,9000000298,9000000298.0,FIR|SocialMedia,2,6,0,0,3,05-08-2026,25-07-2026,Mentioned|TextMention,True,🔗 Cross-Verified,True,Confirmed across sources; Social media mention
MOB-0154,Mobile,9000000033,9000000033.0,FIR|SocialMedia,2,2,0,0,2,05-07-2026,2026-03-22,Mentioned|TextMention,True,🔗 Cross-Verified,True,Confirmed across sources; Social media mention
MOB-0155,Mobile,9000000013,9000000013.0,FIR|SocialMedia,2,1,0,0,2,2025-02-13,21-03-2026,Mentioned|TextMention,True,🔗 Cross-Verified,True,Confirmed across sources; Social media mention
MOB-0156,Mobile,9000000297,9000000297.0,FIR|SocialMedia,2,8,0,0,1,10-04-2026,29-07-2026,Mentioned|TextMention,True,🔗 Cross-Verified,True,Confirmed across sources; Social media mention
MOB-0157,Mobile,9000000262,9000000262.0,FIR|SocialMedia,2,6,0,0,2,09-04-2026,25-06-2026,Mentioned|TextMention,True,🔗 Cross-Verified,True,Confirmed across sources; Social media mention
MOB-0158,Mobile,9000000350,9000000350.0,FIR,1,4,0,0,0,10-05-2026,31-05-2026,Mentioned,False,📄 Single-Source,False,No flags
MOB-0159,Mobile,9000000215,9000000215.0,FIR|SocialMedia,2,4,0,0,3,02-05-2026,26-06-2026,Mentioned|TextMention,True,🔗 Cross-Verified,True,Confirmed across sources; Social media mention
MOB-0160,Mobile,9000000451,9000000451.0,FIR|SocialMedia,2,1,0,0,2,05-04-2026,2025-11-17,Mentioned|TextMention,True,🔗 Cross-Verified,True,Confirmed across sources; Social media mention
MOB-0161,Mobile,9000000480,9000000480.0,FIR,1,1,0,0,0,06-04-2026,06-04-2026,Mentioned,False,📄 Single-Source,False,No flags
MOB-0162,Mobile,9000000443,9000000443.0,FIR,1,1,0,0,0,08-04-2026,08-04-2026,Mentioned,False,📄 Single-Source,False,No flags
MOB-0163,Mobile,9000000306,9000000306.0,FIR|SocialMedia,2,9,0,0,4,08-04-2026,30-06-2026,Mentioned|TextMention,True,🔗 Cross-Verified,True,Confirmed across sources; Social media mention
MOB-0164,Mobile,9000000264,9000000264.0,FIR|SocialMedia,2,2,0,0,1,18-08-2026,27-03-2026,Mentioned|TextMention,True,🔗 Cross-Verified,True,Confirmed across sources; Social media mention
MOB-0165,Mobile,9000000129,9000000129.0,FIR|SocialMedia,2,4,0,0,1,12-04-2026,30-04-2026,Mentioned|TextMention,True,🔗 Cross-Verified,True,Confirmed across sources; Social media mention
MOB-0166,Mobile,9000000280,9000000280.0,FIR,1,5,0,0,0,03-05-2026,24-04-2026,Mentioned,False,📄 Single-Source,False,No flags
MOB-0167,Mobile,9000000457,9000000457.0,FIR|SocialMedia,2,3,0,0,2,17-06-2026,27-05-2026,Mentioned|TextMention,True,🔗 Cross-Verified,True,Confirmed across sources; Social media mention
MOB-0168,Mobile,9000000375,9000000375.0,FIR|SocialMedia,2,1,0,0,2,19-06-2026,2025-09-15,Mentioned|TextMention,True,🔗 Cross-Verified,True,Confirmed across sources; Social media mention
MOB-0169,Mobile,9000000364,9000000364.0,FIR,1,1,0,0,0,04-07-2026,04-07-2026,Mentioned,False,📄 Single-Source,False,No flags
MOB-0170,Mobile,9000000421,9000000421.0,FIR,1,1,0,0,0,05-07-2026,05-07-2026,Mentioned,False,📄 Single-Source,False,No flags
MOB-0171,Mobile,9000000150,9000000150.0,FIR|SocialMedia,2,1,0,0,3,02-07-2026,2026-06-23,Mentioned|TextMention,True,🔗 Cross-Verified,True,Confirmed across sources; Social media mention
MOB-0172,Mobile,9000000109,9000000109.0,FIR,1,1,0,0,0,23-08-2026,23-08-2026,Mentioned,False,📄 Single-Source,False,No flags
MOB-0173,Mobile,9000000332,9000000332.0,FIR|SocialMedia,2,1,0,0,1,2025-08-25,25-08-2026,Mentioned|TextMention,True,🔗 Cross-Verified,True,Confirmed across sources; Social media mention
MOB-0174,Mobile,9000000299.0,9000000299.0,CDR|Financial,2,0,13,2,0,2025-02-20,2026-08-08,Callee|Caller|TransactionMobile,True,🔗 Cross-Verified,True,Confirmed across sources; CDR + Financial overlap
MOB-0175,Mobile,9000000249.0,9000000249.0,CDR|Financial,2,0,13,2,0,2025-04-19,2026-07-03,Callee|Caller|TransactionMobile,True,🔗 Cross-Verified,True,Confirmed across sources; CDR + Financial overlap
MOB-0176,Mobile,9000000423.0,9000000423.0,CDR|Financial,2,0,8,3,0,2025-04-11,2026-06-20,Callee|Caller|TransactionMobile,True,🔗 Cross-Verified,True,Confirmed across sources; CDR + Financial overlap
MOB-0177,Mobile,9000000142.0,9000000142.0,CDR|Financial,2,0,10,4,0,2025-04-21,2026-05-12,Callee|Caller|TransactionMobile,True,🔗 Cross-Verified,True,Confirmed across sources; CDR + Financial overlap
MOB-0178,Mobile,9000000059.0,9000000059.0,CDR,1,0,12,0,0,2025-01-02,2026-06-07,Callee|Caller,False,📄 Single-Source,False,No flags
MOB-0179,Mobile,9000000287.0,9000000287.0,CDR|Financial,2,0,8,4,0,2025-01-02,2026-06-14,Callee|Caller|TransactionMobile,True,🔗 Cross-Verified,True,Confirmed across sources; CDR + Financial overlap
MOB-0180,Mobile,9000000494.0,9000000494.0,CDR|Financial,2,0,3,4,0,2025-02-03,2026-07-04,Callee|Caller|TransactionMobile,True,🔗 Cross-Verified,True,Confirmed across sources; CDR + Financial overlap
MOB-0181,Mobile,9000000248.0,9000000248.0,CDR|Financial,2,0,10,6,0,2025-01-08,2026-02-12,Callee|Caller|TransactionMobile,True,🔗 Cross-Verified,True,Confirmed across sources; CDR + Financial overlap
MOB-0182,Mobile,9000000283.0,9000000283.0,CDR|Financial,2,0,11,6,0,2025-01-31,2026-07-01,Callee|Caller|TransactionMobile,True,🔗 Cross-Verified,True,Confirmed across sources; CDR + Financial overlap
MOB-0183,Mobile,9000000265.0,9000000265.0,CDR|Financial,2,0,9,6,0,2025-01-23,2026-09-06,Callee|Caller|TransactionMobile,True,🔗 Cross-Verified,True,Confirmed across sources; CDR + Financial overlap
PER-0001,Person,Lavanya Ammal,9000000175.0,CDR|FIR|Financial,3,34,20,4,0,01-04-2026,31-07-2026,Callee|Caller|Complainant|Mentioned|TransactionMobile|Victim,True,🔗 Triple-Verified,True,Confirmed across sources; CDR + Financial overlap
PER-0002,Person,Inban Selvam,9000000182.0,CDR|FIR|Financial,3,8,17,4,0,02-01-2025,2026-07-11,Callee|Caller|Complainant|Mentioned|TransactionMobile|Victim,True,🔗 Triple-Verified,True,Confirmed across sources; CDR + Financial overlap
PER-0003,Person,Dinesh Prakash,9000000068.0,CDR|FIR|Financial,3,3,7,4,0,02-01-2025,26-08-2026,Associate|Callee|Caller|Suspect|TransactionMobile,True,🔗 Triple-Verified,True,Named as suspect; Confirmed across sources; CDR + Financial overlap
PER-0004,Person,Thirumal Babu,9000000321.0,CDR|FIR|Financial,3,9,24,5,0,05-01-2025,21-12-2025,Callee|Caller|Complainant|Mentioned|TransactionMobile|Victim,True,🔗 Triple-Verified,True,Confirmed across sources; CDR + Financial overlap
PER-0005,Person,Vignesh Subramani,9000000487.0,CDR|FIR|Financial|SocialMedia,4,9,10,5,3,05-01-2025,27-10-2025,Callee|Caller|SocialMention|Suspect|TransactionMobile,True,🔗 Quad-Verified,True,Named as suspect; Confirmed across sources; CDR + Financial overlap; Social media mention
PER-0006,Person,Meena Sekar,9000000196.0,CDR|FIR|Financial|SocialMedia,4,6,7,3,3,05-01-2025,28-05-2025,Associate|Callee|Caller|SocialMention|TransactionMobile|Witness,True,🔗 Quad-Verified,True,Confirmed across sources; CDR + Financial overlap; Social media mention
PER-0007,Person,Babu Rajan,9000000365.0,CDR|FIR|Financial,3,12,14,3,0,07-01-2025,27-07-2025,Callee|Caller|Complainant|Mentioned|TransactionMobile|Victim|Witness,True,🔗 Triple-Verified,True,Confirmed across sources; CDR + Financial overlap
PER-0008,Person,Lokesh Karuppasamy,9000000097.0,CDR|FIR|Financial|SocialMedia,4,2,10,5,4,04-07-2026,2026-06-16,Associate|Callee|Caller|SocialMention|TransactionMobile,True,🔗 Quad-Verified,True,Confirmed across sources; CDR + Financial overlap; Social media mention
PER-0009,Person,Deviga Murugan,9000000058.0,CDR|FIR|Financial,3,14,20,2,0,05-07-2026,30-04-2025,Callee|Caller|Complainant|Mentioned|TransactionMobile|Victim,True,🔗 Triple-Verified,True,Confirmed across sources; CDR + Financial overlap
PER-0010,Person,Vasanth Gopal,9000000245.0,CDR|FIR|Financial|SocialMedia,4,10,9,7,3,03-01-2026,26-08-2026,Associate|Callee|Caller|SocialMention|Suspect|TransactionMobile,True,🔗 Quad-Verified,True,Named as suspect; Confirmed across sources; CDR + Financial overlap; Social media mention
PER-0011,Person,Meena Ammal,9000000431.0,CDR|FIR|Financial,3,6,22,6,0,10-01-2025,21-01-2026,Callee|Caller|Complainant|Mentioned|TransactionMobile|Victim,True,🔗 Triple-Verified,True,Confirmed across sources; CDR + Financial overlap
PER-0012,Person,Thirumal Palanisamy,9000000135.0,CDR|FIR|Financial|SocialMedia,4,2,10,4,1,07-07-2025,2026-09-05,Callee|Caller|SocialMention|Suspect|TransactionMobile,True,🔗 Quad-Verified,True,Named as suspect; Confirmed across sources; CDR + Financial overlap; Social media mention
PER-0013,Person,Ramya Bai,9000000232.0,CDR|FIR|Financial,3,34,15,3,0,01-01-2026,28-07-2025,Callee|Caller|Complainant|Mentioned|TransactionMobile|Victim|Witness,True,🔗 Triple-Verified,True,Confirmed across sources; CDR + Financial overlap
PER-0014,Person,Ajith Velan,9000000022.0,CDR|FIR|Financial,3,4,17,7,0,10-01-2025,22-03-2025,Callee|Caller|Complainant|TransactionMobile|Victim,True,🔗 Triple-Verified,True,Confirmed across sources; CDR + Financial overlap
PER-0015,Person,Dinesh Subramani,9000000212.0,CDR|FIR|Financial|SocialMedia,4,17,6,3,5,02-07-2026,29-10-2025,Associate|Callee|Caller|SocialMention|Suspect|TransactionMobile|Witness,True,🔗 Quad-Verified,True,Named as suspect; Confirmed across sources; CDR + Financial overlap; Social media mention
PER-0016,Person,Sanjay Mani,9000000120.0,CDR|FIR|Financial,3,9,13,2,0,02-08-2025,29-12-2025,Associate|Callee|Caller|TransactionMobile,True,🔗 Triple-Verified,True,Confirmed across sources; CDR + Financial overlap
PER-0017,Person,Tamilarasan Velan,9000000281.0,CDR|FIR,2,4,15,0,0,07-01-2026,2026-07-03,Callee|Caller|Witness,True,🔗 Cross-Verified,True,Confirmed across sources
PER-0018,Person,Hemanth Murugan,9000000301.0,CDR|FIR|Financial,3,12,16,2,0,15-01-2025,22-02-2025,Callee|Caller|Complainant|Mentioned|TransactionMobile|Victim,True,🔗 Triple-Verified,True,Confirmed across sources; CDR + Financial overlap
PER-0019,Person,Madhan Palanisamy,9000000295.0,CDR|FIR|Financial|SocialMedia,4,14,5,7,3,05-10-2025,25-11-2025,Associate|Callee|Caller|SocialMention|Suspect|TransactionMobile|Witness,True,🔗 Quad-Verified,True,Named as suspect; Confirmed across sources; CDR + Financial overlap; Social media mention
PER-0020,Person,Yogesh Raj,9000000359.0,CDR|FIR|Financial,3,15,22,4,0,03-04-2025,2026-07-07,Callee|Caller|Complainant|Mentioned|TransactionMobile|Victim,True,🔗 Triple-Verified,True,Confirmed across sources; CDR + Financial overlap
PER-0021,Person,Vidhya Krishnan,9000000069.0,CDR|FIR|Financial,3,7,22,4,0,02-03-2026,26-06-2025,Callee|Caller|Complainant|Mentioned|TransactionMobile|Victim,True,🔗 Triple-Verified,True,Confirmed across sources; CDR + Financial overlap
PER-0022,Person,Pandian Thangaraj,9000000427.0,CDR|FIR|Financial|SocialMedia,4,6,13,3,5,01-03-2025,27-04-2025,Callee|Caller|SocialMention|Suspect|TransactionMobile,True,🔗 Quad-Verified,True,Named as suspect; Confirmed across sources; CDR + Financial overlap; Social media mention
PER-0023,Person,Ganesh Shankar,9000000155.0,CDR|FIR|Financial|SocialMedia,4,18,8,4,5,01-05-2026,27-08-2025,Associate|Callee|Caller|SocialMention|Suspect|TransactionMobile|Witness,True,🔗 Quad-Verified,True,Named as suspect; Confirmed across sources; CDR + Financial overlap; Social media mention
PER-0024,Person,Nithin Velan,9000000004.0,CDR|FIR|Financial|SocialMedia,4,10,7,5,3,10-05-2026,25-08-2025,Associate|Callee|Caller|SocialMention|Suspect|TransactionMobile|Witness,True,🔗 Quad-Verified,True,Named as suspect; Confirmed across sources; CDR + Financial overlap; Social media mention
PER-0025,Person,Bhuvana Bai,9000000344.0,CDR|FIR|Financial,3,8,18,2,0,01-07-2026,25-01-2025,Callee|Caller|Complainant|Mentioned|TransactionMobile|Victim,True,🔗 Triple-Verified,True,Confirmed across sources; CDR + Financial overlap
PER-0026,Person,Hariharan Subramani,9000000044.0,CDR|FIR|Financial|SocialMedia,4,6,10,1,3,10-08-2025,25-01-2025,Associate|Callee|Caller|SocialMention|Suspect|TransactionMobile,True,🔗 Quad-Verified,True,Named as suspect; Confirmed across sources; CDR + Financial overlap; Social media mention
PER-0027,Person,Sanjay Raj,9000000083.0,CDR|FIR|Financial,3,48,12,7,0,01-04-2026,29-08-2025,Callee|Caller|Complainant|Mentioned|TransactionMobile|Victim,True,🔗 Triple-Verified,True,Confirmed across sources; CDR + Financial overlap
PER-0028,Person,Selvam Rajan,9000000157.0,CDR|FIR|Financial|SocialMedia,4,2,9,3,5,18-10-2025,28-01-2025,Callee|Caller|SocialMention|Suspect|TransactionMobile,True,🔗 Quad-Verified,True,Named as suspect; Confirmed across sources; CDR + Financial overlap; Social media mention
PER-0029,Person,Praveen Balan,9000000446.0,CDR|FIR,2,8,7,0,0,05-12-2025,30-07-2025,Callee|Caller|Witness,True,🔗 Cross-Verified,True,Confirmed across sources
PER-0030,Person,Praveen Natarajan,9000000041.0,CDR|FIR|Financial,3,16,15,3,0,04-12-2025,26-08-2026,Callee|Caller|Complainant|Mentioned|TransactionMobile|Victim|Witness,True,🔗 Triple-Verified,True,Confirmed across sources; CDR + Financial overlap
PER-0031,Person,Prakash Palanisamy,9000000156.0,CDR|FIR|Financial|SocialMedia,4,4,7,2,3,06-06-2025,24-04-2026,Associate|Callee|Caller|SocialMention|Suspect|TransactionMobile,True,🔗 Quad-Verified,True,Named as suspect; Confirmed across sources; CDR + Financial overlap; Social media mention
PER-0032,Person,Arun Prakash,9000000194.0,CDR|FIR|Financial,3,34,16,4,0,02-11-2025,31-01-2026,Callee|Caller|Complainant|Mentioned|TransactionMobile|Victim,True,🔗 Triple-Verified,True,Confirmed across sources; CDR + Financial overlap
PER-0033,Person,Vignesh Natarajan,9000000177.0,CDR|FIR|Financial|SocialMedia,4,2,6,8,5,04-02-2025,2026-08-27,Callee|Caller|SocialMention|Suspect|TransactionMobile,True,🔗 Quad-Verified,True,Named as suspect; Confirmed across sources; CDR + Financial overlap; Social media mention
PER-0034,Person,Mathan Chandran,9000000343.0,CDR|FIR|Financial|SocialMedia,4,4,9,3,1,04-02-2025,25-06-2025,Associate|Callee|Caller|SocialMention|TransactionMobile,True,🔗 Quad-Verified,True,Confirmed across sources; CDR + Financial overlap; Social media mention
PER-0035,Person,Nandhini Sekar,9000000014.0,CDR|FIR|Financial,3,8,19,2,0,05-02-2025,2026-08-02,Callee|Caller|Complainant|Mentioned|TransactionMobile|Victim,True,🔗 Triple-Verified,True,Confirmed across sources; CDR + Financial overlap
PER-0036,Person,Senthil Rajan,9000000019.0,CDR|FIR|Financial,3,9,15,4,0,05-02-2025,26-12-2025,Callee|Caller|Complainant|Mentioned|TransactionMobile|Victim,True,🔗 Triple-Verified,True,Confirmed across sources; CDR + Financial overlap
PER-0037,Person,Elango Balan,9000000036.0,CDR|FIR|Financial,3,8,20,4,0,05-02-2025,24-06-2026,Callee|Caller|Complainant|Mentioned|TransactionMobile|Victim,True,🔗 Triple-Verified,True,Confirmed across sources; CDR + Financial overlap
PER-0038,Person,Naveen Balan,9000000277.0,CDR|FIR,2,1,8,0,0,05-02-2025,2026-07-07,Callee|Caller|Victim,True,🔗 Cross-Verified,True,Confirmed across sources
PER-0039,Person,Jeeva Natarajan,9000000002.0,CDR|FIR|Financial|SocialMedia,4,4,11,5,5,05-02-2025,29-08-2025,Associate|Callee|Caller|SocialMention|Suspect|TransactionMobile,True,🔗 Quad-Verified,True,Named as suspect; Confirmed across sources; CDR + Financial overlap; Social media mention
PER-0040,Person,Deepa Selvam,9000000413.0,CDR|FIR|Financial,3,6,21,8,0,01-03-2025,2026-07-30,Callee|Caller|Complainant|Mentioned|TransactionMobile|Victim,True,🔗 Triple-Verified,True,Confirmed across sources; CDR + Financial overlap
PER-0041,Person,Hariharan Palanisamy,9000000463.0,CDR|FIR|Financial|SocialMedia,4,6,8,2,3,06-02-2025,28-08-2025,Callee|Caller|SocialMention|Suspect|TransactionMobile,True,🔗 Quad-Verified,True,Named as suspect; Confirmed across sources; CDR + Financial overlap; Social media mention
PER-0042,Person,Rakesh Anand,9000000340.0,CDR|FIR|Financial,3,20,27,2,0,05-07-2026,26-01-2025,Callee|Caller|Complainant|Mentioned|TransactionMobile|Victim,True,🔗 Triple-Verified,True,Confirmed across sources; CDR + Financial overlap
PER-0043,Person,Arun Babu,9000000379.0,CDR|FIR|Financial|SocialMedia,4,13,6,6,3,02-11-2025,29-12-2025,Associate|Callee|Caller|SocialMention|Suspect|TransactionMobile|Witness,True,🔗 Quad-Verified,True,Named as suspect; Confirmed across sources; CDR + Financial overlap; Social media mention
PER-0044,Person,Yuvaraj Palanisamy,9000000158.0,CDR|FIR,2,4,7,0,0,04-07-2026,27-03-2025,Callee|Caller|Victim|Witness,True,🔗 Cross-Verified,True,Confirmed across sources
PER-0045,Person,Elango Ramasamy,9000000445.0,CDR|FIR|Financial,3,6,22,5,0,02-12-2025,30-07-2025,Callee|Caller|Complainant|Mentioned|TransactionMobile|Victim,True,🔗 Triple-Verified,True,Confirmed across sources; CDR + Financial overlap
PER-0046,Person,Lokesh Balan,9000000366.0,CDR|FIR|Financial|SocialMedia,4,1,8,5,6,14-02-2025,2026-08-03,Associate|Callee|Caller|SocialMention|TransactionMobile,True,🔗 Quad-Verified,True,Confirmed across sources; CDR + Financial overlap; Social media mention
PER-0047,Person,Uma Raj,9000000089.0,CDR|FIR|Financial,3,30,13,3,0,01-07-2025,30-12-2025,Callee|Caller|Complainant|Mentioned|TransactionMobile|Victim,True,🔗 Triple-Verified,True,Confirmed across sources; CDR + Financial overlap
PER-0048,Person,Murugan Sundaram,9000000207.0,CDR|FIR|Financial|SocialMedia,4,16,4,5,1,05-07-2025,29-07-2026,Associate|Callee|Caller|SocialMention|Suspect|TransactionMobile|Witness,True,🔗 Quad-Verified,True,Named as suspect; Confirmed across sources; CDR + Financial overlap; Social media mention
PER-0049,Person,Madhan Kumar,9000000410.0,CDR|FIR,2,7,10,0,0,03-04-2025,28-08-2025,Callee|Caller|Victim|Witness,True,🔗 Cross-Verified,True,Confirmed across sources
PER-0050,Person,Sudha Kannan,9000000349.0,CDR|FIR|Financial,3,3,21,1,0,20-02-2025,2026-04-27,Callee|Caller|Complainant|Mentioned|TransactionMobile|Victim,True,🔗 Triple-Verified,True,Confirmed across sources; CDR + Financial overlap
PER-0051,Person,Mohan Kumar,9000000464.0,CDR|FIR|Financial|SocialMedia,4,2,7,1,8,18-04-2025,2026-09-10,Callee|Caller|SocialMention|Suspect|TransactionMobile,True,🔗 Quad-Verified,True,Named as suspect; Confirmed across sources; CDR + Financial overlap; Social media mention
PER-0052,Person,Mathan Raman,9000000187.0,CDR|FIR|Financial|SocialMedia,4,14,9,4,4,04-05-2026,28-10-2025,Associate|Callee|Caller|SocialMention|Suspect|TransactionMobile,True,🔗 Quad-Verified,True,Named as suspect; Confirmed across sources; CDR + Financial overlap; Social media mention
PER-0053,Person,Janani Krishnan,9000000357.0,CDR|FIR,2,2,11,0,0,12-04-2026,2026-03-17,Callee|Caller|Witness,True,🔗 Cross-Verified,True,Confirmed across sources
PER-0054,Person,Vasanth Chandran,9000000408.0,CDR|FIR|Financial,3,19,16,3,0,12-04-2025,28-07-2026,Callee|Caller|Complainant|Mentioned|TransactionMobile|Victim|Witness,True,🔗 Triple-Verified,True,Confirmed across sources; CDR + Financial overlap
PER-0055,Person,Arun Natarajan,9000000473.0,CDR|FIR|Financial,3,5,20,5,0,18-10-2025,26-02-2025,Callee|Caller|Complainant|Mentioned|TransactionMobile|Victim,True,🔗 Triple-Verified,True,Confirmed across sources; CDR + Financial overlap
PER-0056,Person,Bharath Prakash,9000000118.0,CDR|FIR|Financial,3,10,15,4,0,20-01-2026,26-02-2026,Callee|Caller|Complainant|Mentioned|TransactionMobile|Victim,True,🔗 Triple-Verified,True,Confirmed across sources; CDR + Financial overlap
PER-0057,Person,Abirami Krishnan,9000000111.0,CDR|FIR|Financial|SocialMedia,4,2,7,2,1,2025-01-17,26-02-2025,Callee|Caller|SocialMention|Suspect|TransactionMobile,True,🔗 Quad-Verified,True,Named as suspect; Confirmed across sources; CDR + Financial overlap; Social media mention
PER-0058,Person,Revathi Ammal,9000000164.0,CDR|FIR|Financial|SocialMedia,4,2,10,5,6,01-03-2025,26-02-2025,Associate|Callee|Caller|SocialMention|TransactionMobile,True,🔗 Quad-Verified,True,Confirmed across sources; CDR + Financial overlap; Social media mention
PER-0059,Person,Suresh Pandian,9000000074.0,CDR|FIR|Financial,3,3,18,5,0,2025-03-02,28-02-2025,Callee|Caller|Complainant|Mentioned|TransactionMobile|Victim,True,🔗 Triple-Verified,True,Confirmed across sources; CDR + Financial overlap
PER-0060,Person,Madhan Babu,9000000490.0,CDR|FIR|Financial|SocialMedia,4,5,14,3,4,2025-03-10,30-09-2025,Callee|Caller|SocialMention|Suspect|TransactionMobile,True,🔗 Quad-Verified,True,Named as suspect; Confirmed across sources; CDR + Financial overlap; Social media mention
PER-0061,Person,Dinesh Balan,9000000363.0,CDR|FIR|Financial|SocialMedia,4,14,8,6,4,02-05-2026,30-05-2026,Associate|Callee|Caller|SocialMention|TransactionMobile,True,🔗 Quad-Verified,True,Confirmed across sources; CDR + Financial overlap; Social media mention
PER-0062,Person,Pandian Balan,9000000285.0,CDR|FIR,2,4,15,0,0,10-02-2026,28-10-2025,Callee|Caller|Witness,True,🔗 Cross-Verified,True,Confirmed across sources
PER-0063,Person,Anitha Raman,9000000267.0,CDR|FIR,2,8,12,0,0,05-11-2025,27-10-2025,Callee|Caller|Witness,True,🔗 Cross-Verified,True,Confirmed across sources
PER-0064,Person,Ezhilan Palanisamy,9000000181.0,CDR|FIR,2,4,11,0,0,01-03-2025,28-06-2025,Callee|Caller|Witness,True,🔗 Cross-Verified,True,Confirmed across sources
PER-0065,Person,Deepak Gopal,9000000484.0,CDR|FIR|Financial,3,6,24,4,0,05-03-2025,31-01-2026,Callee|Caller|Complainant|Mentioned|TransactionMobile|Victim,True,🔗 Triple-Verified,True,Confirmed across sources; CDR + Financial overlap
PER-0066,Person,Sudha Sekar,9000000169.0,CDR|FIR|Financial,3,2,18,5,0,11-03-2025,2026-07-30,Callee|Caller|Complainant|TransactionMobile|Victim,True,🔗 Triple-Verified,True,Confirmed across sources; CDR + Financial overlap
PER-0067,Person,Logesh Karuppasamy,9000000198.0,CDR|FIR|Financial|SocialMedia,4,12,12,4,7,01-05-2026,29-04-2026,Associate|Callee|Caller|SocialMention|Suspect|TransactionMobile,True,🔗 Quad-Verified,True,Named as suspect; Confirmed across sources; CDR + Financial overlap; Social media mention
PER-0068,Person,Jagan Gopal,9000000108.0,CDR|FIR|Financial,3,8,25,5,0,03-10-2025,21-03-2026,Callee|Caller|Complainant|Mentioned|TransactionMobile|Victim,True,🔗 Triple-Verified,True,Confirmed across sources; CDR + Financial overlap
PER-0069,Person,Jagan Anand,9000000165.0,CDR|FIR|Financial|SocialMedia,4,2,10,1,5,13-03-2025,23-05-2026,Callee|Caller|SocialMention|Suspect|TransactionMobile,True,🔗 Quad-Verified,True,Named as suspect; Confirmed across sources; CDR + Financial overlap; Social media mention
PER-0070,Person,Arun Muthu,9000000304.0,CDR|FIR|Financial|SocialMedia,4,3,11,6,5,06-08-2025,22-10-2025,Associate|Callee|Caller|SocialMention|TransactionMobile,True,🔗 Quad-Verified,True,Confirmed across sources; CDR + Financial overlap; Social media mention
PER-0071,Person,Nithin Thangaraj,9000000252.0,CDR|FIR|Financial,3,13,20,7,0,07-08-2025,22-11-2025,Callee|Caller|Complainant|Mentioned|TransactionMobile|Victim|Witness,True,🔗 Triple-Verified,True,Confirmed across sources; CDR + Financial overlap
PER-0072,Person,Buvaneswari Kannan,9000000331.0,CDR|FIR|Financial,3,8,16,4,0,13-03-2025,30-05-2026,Callee|Caller|Complainant|Mentioned|TransactionMobile|Victim,True,🔗 Triple-Verified,True,Confirmed across sources; CDR + Financial overlap
PER-0073,Person,Gokul Sundaram,9000000491.0,CDR|FIR|Financial|SocialMedia,4,5,13,7,8,06-12-2025,26-12-2025,Associate|Callee|Caller|SocialMention|Suspect|TransactionMobile,True,🔗 Quad-Verified,True,Named as suspect; Confirmed across sources; CDR + Financial overlap; Social media mention
PER-0074,Person,Padmini Raj,9000000032.0,CDR|FIR|Financial,3,34,21,8,0,05-01-2026,30-04-2025,Callee|Caller|Complainant|Mentioned|TransactionMobile|Victim|Witness,True,🔗 Triple-Verified,True,Confirmed across sources; CDR + Financial overlap
PER-0075,Person,Hariharan Raj,9000000328.0,CDR|FIR|Financial|SocialMedia,4,1,7,6,1,17-03-2025,2026-07-29,Callee|Caller|SocialMention|Suspect|TransactionMobile,True,🔗 Quad-Verified,True,Named as suspect; Confirmed across sources; CDR + Financial overlap; Social media mention
PER-0076,Person,Hariharan Babu,9000000154.0,CDR|FIR|Financial|SocialMedia,4,8,12,6,4,05-07-2025,27-07-2025,Associate|Callee|Caller|SocialMention|Suspect|TransactionMobile,True,🔗 Quad-Verified,True,Named as suspect; Confirmed across sources; CDR + Financial overlap; Social media mention
PER-0077,Person,Anand Arumugam,9000000296.0,CDR|FIR|Financial,3,5,17,7,0,04-07-2026,2026-07-20,Callee|Caller|Complainant|Mentioned|TransactionMobile|Victim,True,🔗 Triple-Verified,True,Confirmed across sources; CDR + Financial overlap
PER-0078,Person,Gokul Muthu,9000000234.0,CDR|FIR|Financial|SocialMedia,4,2,11,10,4,03-04-2025,2026-09-03,Callee|Caller|SocialMention|Suspect|TransactionMobile,True,🔗 Quad-Verified,True,Named as suspect; Confirmed across sources; CDR + Financial overlap; Social media mention
PER-0079,Person,Jothi Bai,9000000471.0,CDR|FIR,2,3,17,0,0,18-03-2025,2026-07-26,Callee|Caller|Complainant|Mentioned|Victim,True,🔗 Cross-Verified,True,Confirmed across sources
PER-0080,Person,Nandha Karuppasamy,9000000113.0,CDR|FIR|SocialMedia,3,8,14,0,3,03-10-2025,24-08-2025,Associate|Callee|Caller|SocialMention|Suspect,True,🔗 Triple-Verified,True,Named as suspect; Confirmed across sources; Social media mention
PER-0081,Person,Dinesh Nathan,9000000420.0,CDR|FIR|Financial,3,8,17,5,0,13-11-2025,21-03-2026,Callee|Caller|Complainant|Mentioned|TransactionMobile|Victim,True,🔗 Triple-Verified,True,Confirmed across sources; CDR + Financial overlap
PER-0082,Person,Rajeshwari Rani,9000000291.0,CDR|FIR|Financial,3,4,20,7,0,09-09-2026,2026-07-17,Callee|Caller|Complainant|Mentioned|TransactionMobile|Victim,True,🔗 Triple-Verified,True,Confirmed across sources; CDR + Financial overlap
PER-0083,Person,Babu Selvam,9000000442.0,CDR|FIR|Financial,3,27,14,5,0,04-05-2026,27-07-2025,Callee|Caller|Complainant|Mentioned|TransactionMobile|Victim,True,🔗 Triple-Verified,True,Confirmed across sources; CDR + Financial overlap
PER-0084,Person,Gokul Gopal,9000000195.0,CDR|FIR|Financial|SocialMedia,4,3,5,4,4,11-09-2025,22-03-2025,Callee|Caller|SocialMention|Suspect|TransactionMobile,True,🔗 Quad-Verified,True,Named as suspect; Confirmed across sources; CDR + Financial overlap; Social media mention
PER-0085,Person,Madhan Murugan,9000000216.0,CDR|FIR|Financial|SocialMedia,4,16,12,3,1,03-02-2026,25-08-2026,Associate|Callee|Caller|SocialMention|Suspect|TransactionMobile|Witness,True,🔗 Quad-Verified,True,Named as suspect; Confirmed across sources; CDR + Financial overlap; Social media mention
PER-0086,Person,Prakash Chandran,9000000086.0,CDR|FIR|Financial,3,2,28,5,0,2025-01-22,24-03-2025,Callee|Caller|Complainant|TransactionMobile|Victim,True,🔗 Triple-Verified,True,Confirmed across sources; CDR + Financial overlap
PER-0087,Person,Anand Krishnan,9000000088.0,CDR|FIR|Financial|SocialMedia,4,4,9,3,6,08-06-2025,26-03-2026,Callee|Caller|SocialMention|Suspect|TransactionMobile,True,🔗 Quad-Verified,True,Named as suspect; Confirmed across sources; CDR + Financial overlap; Social media mention
PER-0088,Person,Naveen Natarajan,9000000057.0,CDR|FIR|Financial,3,9,18,3,0,2025-02-18,27-03-2025,Callee|Caller|Complainant|Mentioned|TransactionMobile|Victim,True,🔗 Triple-Verified,True,Confirmed across sources; CDR + Financial overlap
PER-0089,Person,Praveen Sekar,9000000221.0,CDR|FIR|Financial|SocialMedia,4,5,8,3,4,03-07-2025,27-03-2025,Associate|Callee|Caller|SocialMention|Suspect|TransactionMobile,True,🔗 Quad-Verified,True,Named as suspect; Confirmed across sources; CDR + Financial overlap; Social media mention
PER-0090,Person,Anand Natarajan,9000000327.0,CDR|FIR|Financial,3,6,23,4,0,07-06-2026,28-03-2025,Callee|Caller|Complainant|Mentioned|TransactionMobile|Victim,True,🔗 Triple-Verified,True,Confirmed across sources; CDR + Financial overlap
PER-0091,Person,Vignesh Balan,9000000105.0,CDR|FIR|Financial|SocialMedia,4,13,10,3,1,01-07-2025,31-08-2025,Associate|Callee|Caller|SocialMention|Suspect|TransactionMobile|Witness,True,🔗 Quad-Verified,True,Named as suspect; Confirmed across sources; CDR + Financial overlap; Social media mention
PER-0092,Person,Babu Thangaraj,9000000025.0,CDR|FIR|Financial,3,3,22,4,0,2025-01-23,30-03-2025,Callee|Caller|Complainant|Mentioned|TransactionMobile|Victim,True,🔗 Triple-Verified,True,Confirmed across sources; CDR + Financial overlap
PER-0093,Person,Vasanth Mani,9000000382.0,CDR|FIR|Financial|SocialMedia,4,15,10,3,2,02-12-2025,30-04-2026,Associate|Callee|Caller|SocialMention|Suspect|TransactionMobile|Witness,True,🔗 Quad-Verified,True,Named as suspect; Confirmed across sources; CDR + Financial overlap; Social media mention
PER-0094,Person,Bharathi Ammal,9000000228.0,CDR|FIR|Financial,3,12,25,7,0,04-02-2026,30-03-2025,Callee|Caller|Complainant|Mentioned|TransactionMobile|Victim,True,🔗 Triple-Verified,True,Confirmed across sources; CDR + Financial overlap
PER-0095,Person,Udhay Anand,9000000125.0,CDR|FIR|Financial|SocialMedia,4,6,7,2,3,03-04-2025,30-03-2025,Callee|Caller|SocialMention|Suspect|TransactionMobile,True,🔗 Quad-Verified,True,Named as suspect; Confirmed across sources; CDR + Financial overlap; Social media mention
PER-0096,Person,Udhay Shankar,9000000241.0,CDR|FIR|Financial|SocialMedia,4,1,12,6,2,2025-01-13,30-03-2025,Associate|Callee|Caller|SocialMention|TransactionMobile,True,🔗 Quad-Verified,True,Confirmed across sources; CDR + Financial overlap; Social media mention
PER-0097,Person,Rajesh Mani,9000000409.0,CDR|FIR|Financial,3,17,20,2,0,07-05-2026,28-03-2025,Callee|Caller|Complainant|Mentioned|TransactionMobile|Victim,True,🔗 Triple-Verified,True,Confirmed across sources; CDR + Financial overlap
PER-0098,Person,Karthik Nathan,9000000383.0,CDR|FIR|Financial|SocialMedia,4,1,10,1,4,2025-01-15,28-03-2025,Callee|Caller|SocialMention|Suspect|TransactionMobile,True,🔗 Quad-Verified,True,Named as suspect; Confirmed across sources; CDR + Financial overlap; Social media mention
PER-0099,Person,Kavitha Selvam,9000000099.0,CDR|FIR|Financial,3,10,18,3,0,08-06-2026,31-03-2025,Callee|Caller|Complainant|Mentioned|TransactionMobile|Victim|Witness,True,🔗 Triple-Verified,True,Confirmed across sources; CDR + Financial overlap
PER-0100,Person,Balaji Karuppasamy,9000000407.0,CDR|FIR|Financial|SocialMedia,4,6,14,3,3,08-05-2025,31-03-2025,Callee|Caller|SocialMention|Suspect|TransactionMobile,True,🔗 Quad-Verified,True,Named as suspect; Confirmed across sources; CDR + Financial overlap; Social media mention
PER-0101,Person,Abirami Sekar,9000000186.0,CDR|FIR|Financial,3,26,21,2,0,01-06-2026,30-04-2025,Callee|Caller|Complainant|Mentioned|TransactionMobile|Victim|Witness,True,🔗 Triple-Verified,True,Confirmed across sources; CDR + Financial overlap
PER-0102,Person,Malathi Kumari,9000000092.0,CDR|FIR|Financial,3,8,17,4,0,04-04-2025,2026-07-23,Callee|Caller|Complainant|Mentioned|TransactionMobile|Victim,True,🔗 Triple-Verified,True,Confirmed across sources; CDR + Financial overlap
PER-0103,Person,Udhay Pandian,9000000220.0,CDR|FIR,2,3,11,0,0,04-04-2025,23-10-2025,Callee|Caller|Witness,True,🔗 Cross-Verified,True,Confirmed across sources
PER-0104,Person,Padmini Sri,9000000119.0,CDR|FIR|Financial,3,18,25,3,0,01-05-2026,27-08-2026,Callee|Caller|Complainant|Mentioned|TransactionMobile|Victim|Witness,True,🔗 Triple-Verified,True,Confirmed across sources; CDR + Financial overlap
PER-0105,Person,Yogesh Arumugam,9000000029.0,CDR|FIR|Financial,3,6,25,4,0,06-04-2025,27-08-2025,Callee|Caller|Complainant|Mentioned|TransactionMobile|Victim,True,🔗 Triple-Verified,True,Confirmed across sources; CDR + Financial overlap
PER-0106,Person,Elango Krishnan,9000000081.0,CDR|FIR|Financial,3,16,25,6,0,03-08-2025,29-04-2026,Callee|Caller|Complainant|Mentioned|TransactionMobile|Victim|Witness,True,🔗 Triple-Verified,True,Confirmed across sources; CDR + Financial overlap
PER-0107,Person,Mathan Arumugam,9000000138.0,CDR|FIR|Financial,3,2,10,6,0,07-04-2025,2026-06-04,Callee|Caller|Complainant|TransactionMobile|Victim,True,🔗 Triple-Verified,True,Confirmed across sources; CDR + Financial overlap
PER-0108,Person,Murugan Karuppasamy,9000000309.0,CDR|FIR|Financial|SocialMedia,4,5,9,3,3,07-04-2025,28-10-2025,Callee|Caller|SocialMention|Suspect|TransactionMobile,True,🔗 Quad-Verified,True,Named as suspect; Confirmed across sources; CDR + Financial overlap; Social media mention
PER-0109,Person,Ajith Murugan,9000000225.0,CDR|FIR|Financial|SocialMedia,4,6,13,3,4,05-07-2026,29-05-2026,Associate|Callee|Caller|SocialMention|TransactionMobile,True,🔗 Quad-Verified,True,Confirmed across sources; CDR + Financial overlap; Social media mention
PER-0110,Person,Harish Babu,9000000422.0,CDR|FIR|Financial,3,15,20,6,0,01-11-2025,28-05-2025,Callee|Caller|Complainant|Mentioned|TransactionMobile|Victim|Witness,True,🔗 Triple-Verified,True,Confirmed across sources; CDR + Financial overlap
PER-0111,Person,Dharani Rajan,9000000248.0,FIR,1,1,0,0,0,09-04-2025,09-04-2025,Complainant,False,📄 Single-Source,False,No flags
PER-0112,Person,Eswari Raj,9000000433.0,CDR|FIR|Financial|SocialMedia,4,5,6,1,3,09-04-2025,30-08-2025,Callee|Caller|SocialMention|Suspect|TransactionMobile,True,🔗 Quad-Verified,True,Named as suspect; Confirmed across sources; CDR + Financial overlap; Social media mention
PER-0113,Person,Jagan Raman,9000000369.0,CDR|FIR|Financial|SocialMedia,4,6,9,3,1,11-04-2025,28-08-2025,Callee|Caller|SocialMention|Suspect|TransactionMobile,True,🔗 Quad-Verified,True,Named as suspect; Confirmed across sources; CDR + Financial overlap; Social media mention
PER-0114,Person,Elango Selvam,9000000289.0,CDR|FIR|Financial|SocialMedia,4,1,10,7,4,11-04-2025,2026-06-12,Associate|Callee|Caller|SocialMention|TransactionMobile,True,🔗 Quad-Verified,True,Confirmed across sources; CDR + Financial overlap; Social media mention
PER-0115,Person,Nithin Balan,9000000470.0,CDR|FIR|Financial,3,19,18,5,0,07-03-2026,25-08-2025,Callee|Caller|Complainant|Mentioned|TransactionMobile|Victim,True,🔗 Triple-Verified,True,Confirmed across sources; CDR + Financial overlap
PER-0116,Person,Latha Sekar,9000000043.0,CDR|FIR|Financial,3,7,15,2,0,04-12-2025,24-04-2026,Callee|Caller|Complainant|Mentioned|TransactionMobile|Victim,True,🔗 Triple-Verified,True,Confirmed across sources; CDR + Financial overlap
PER-0117,Person,Tamilarasan Muthu,9000000260.0,CDR|FIR|Financial|SocialMedia,4,6,10,6,3,05-08-2025,23-05-2025,Callee|Caller|SocialMention|Suspect|TransactionMobile,True,🔗 Quad-Verified,True,Named as suspect; Confirmed across sources; CDR + Financial overlap; Social media mention
PER-0118,Person,Dharani Prakash,9000000213.0,CDR|FIR|Financial,3,10,15,5,0,09-04-2025,29-08-2026,Callee|Caller|Complainant|Mentioned|TransactionMobile|Victim,True,🔗 Triple-Verified,True,Confirmed across sources; CDR + Financial overlap
PER-0119,Person,Amudha Kannan,9000000066.0,CDR|FIR|Financial,3,14,22,8,0,08-09-2026,26-08-2026,Callee|Caller|Complainant|Mentioned|TransactionMobile|Victim|Witness,True,🔗 Triple-Verified,True,Confirmed across sources; CDR + Financial overlap
PER-0120,Person,Vidhya Devi,9000000062.0,CDR|FIR|Financial,3,8,19,5,0,08-01-2026,2026-08-07,Callee|Caller|Complainant|Mentioned|TransactionMobile|Victim,True,🔗 Triple-Verified,True,Confirmed across sources; CDR + Financial overlap
PER-0121,Person,Chandran Krishnan,9000000031.0,CDR|FIR|Financial,3,21,21,7,0,04-07-2026,30-11-2025,Callee|Caller|Complainant|Mentioned|TransactionMobile|Victim|Witness,True,🔗 Triple-Verified,True,Confirmed across sources; CDR + Financial overlap
PER-0122,Person,Abirami Sri,9000000096.0,CDR|FIR,2,8,9,0,0,05-09-2025,27-04-2025,Callee|Caller|Victim|Witness,True,🔗 Cross-Verified,True,Confirmed across sources
PER-0123,Person,Karthik Pandian,9000000137.0,CDR|FIR|Financial,3,13,28,2,0,02-10-2025,2026-08-01,Callee|Caller|Complainant|Mentioned|TransactionMobile|Victim,True,🔗 Triple-Verified,True,Confirmed across sources; CDR + Financial overlap
PER-0124,Person,Chandran Subramani,9000000064.0,CDR|FIR|Financial|SocialMedia,4,5,9,6,4,01-09-2026,31-01-2026,Callee|Caller|SocialMention|Suspect|TransactionMobile,True,🔗 Quad-Verified,True,Named as suspect; Confirmed across sources; CDR + Financial overlap; Social media mention
PER-0125,Person,Saranya Murugan,9000000193.0,CDR|FIR|Financial,3,11,27,10,0,15-12-2025,25-04-2025,Callee|Caller|Complainant|Mentioned|TransactionMobile|Victim,True,🔗 Triple-Verified,True,Confirmed across sources; CDR + Financial overlap
PER-0126,Person,Mythili Selvi,9000000244.0,CDR|FIR|Financial,3,5,19,2,0,2025-01-07,27-05-2026,Callee|Caller|Complainant|Mentioned|TransactionMobile|Victim,True,🔗 Triple-Verified,True,Confirmed across sources; CDR + Financial overlap
PER-0127,Person,Udhay Muthu,9000000352.0,CDR|FIR|Financial|SocialMedia,4,16,7,5,7,06-06-2025,30-04-2026,Associate|Callee|Caller|SocialMention|TransactionMobile,True,🔗 Quad-Verified,True,Confirmed across sources; CDR + Financial overlap; Social media mention
PER-0128,Person,Durga Bai,9000000388.0,CDR|FIR|Financial,3,8,18,2,0,14-01-2026,28-08-2025,Callee|Caller|Complainant|Mentioned|TransactionMobile|Victim,True,🔗 Triple-Verified,True,Confirmed across sources; CDR + Financial overlap
PER-0129,Person,Kishore Babu,9000000076.0,CDR|FIR|Financial|SocialMedia,4,6,16,3,3,01-05-2026,27-10-2025,Associate|Callee|Caller|SocialMention|Suspect|TransactionMobile,True,🔗 Quad-Verified,True,Named as suspect; Confirmed across sources; CDR + Financial overlap; Social media mention
PER-0130,Person,Ramesh Pandian,9000000469.0,CDR|FIR,2,12,6,0,0,04-03-2026,27-04-2025,Callee|Caller|Witness,True,🔗 Cross-Verified,True,Confirmed across sources
PER-0131,Person,Chithra Raj,9000000303.0,CDR|FIR|Financial,3,6,15,3,0,19-06-2026,30-04-2025,Callee|Caller|Complainant|Mentioned|TransactionMobile|Victim,True,🔗 Triple-Verified,True,Confirmed across sources; CDR + Financial overlap
PER-0132,Person,Arjun Shankar,9000000136.0,CDR|FIR|Financial|SocialMedia,4,6,7,2,5,01-05-2026,30-04-2025,Callee|Caller|SocialMention|Suspect|TransactionMobile,True,🔗 Quad-Verified,True,Named as suspect; Confirmed across sources; CDR + Financial overlap; Social media mention
PER-0133,Person,Jagan Velan,9000000339.0,CDR|FIR|Financial|SocialMedia,4,3,6,2,8,03-09-2025,30-04-2025,Associate|Callee|Caller|SocialMention|TransactionMobile,True,🔗 Quad-Verified,True,Confirmed across sources; CDR + Financial overlap; Social media mention
PER-0134,Person,Deepa Kumari,9000000272.0,CDR|FIR|Financial,3,3,26,4,0,02-05-2025,2026-07-11,Callee|Caller|Complainant|Mentioned|TransactionMobile|Victim,True,🔗 Triple-Verified,True,Confirmed across sources; CDR + Financial overlap
PER-0135,Person,Vasanthi Bai,9000000115.0,CDR|FIR|Financial|SocialMedia,4,2,11,2,4,02-05-2025,2026-05-08,Callee|Caller|SocialMention|Suspect|TransactionMobile,True,🔗 Quad-Verified,True,Named as suspect; Confirmed across sources; CDR + Financial overlap; Social media mention
PER-0136,Person,Durga Raman,9000000103.0,CDR|FIR|Financial,3,9,18,3,0,02-05-2026,2026-07-18,Callee|Caller|Complainant|Mentioned|TransactionMobile|Victim,True,🔗 Triple-Verified,True,Confirmed across sources; CDR + Financial overlap
PER-0137,Person,Gunasekar Anand,9000000050.0,CDR|FIR|Financial,3,7,14,3,0,07-06-2026,2026-06-03,Associate|Callee|Caller|Suspect|TransactionMobile,True,🔗 Triple-Verified,True,Named as suspect; Confirmed across sources; CDR + Financial overlap
PER-0138,Person,Abirami Kannan,9000000249.0,FIR,1,2,0,0,0,08-05-2025,08-05-2025,Complainant|Mentioned,False,📄 Single-Source,False,No flags
PER-0139,Person,Logesh Palanisamy,9000000171.0,CDR|FIR|Financial,3,7,17,5,0,08-05-2025,26-09-2025,Callee|Caller|Complainant|Mentioned|TransactionMobile|Victim,True,🔗 Triple-Verified,True,Confirmed across sources; CDR + Financial overlap
PER-0140,Person,Sangeetha Bai,9000000261.0,CDR|FIR|Financial,3,9,21,2,0,10-05-2025,26-08-2026,Callee|Caller|Complainant|Mentioned|TransactionMobile|Victim,True,🔗 Triple-Verified,True,Confirmed across sources; CDR + Financial overlap
PER-0141,Person,Senthil Krishnan,9000000461.0,CDR|FIR|Financial|SocialMedia,4,10,13,3,6,02-08-2025,26-06-2025,Callee|Caller|SocialMention|Suspect|TransactionMobile,True,🔗 Quad-Verified,True,Named as suspect; Confirmed across sources; CDR + Financial overlap; Social media mention
PER-0142,Person,Siva Muthu,9000000256.0,CDR|FIR|Financial|SocialMedia,4,14,12,2,3,01-04-2026,28-08-2025,Associate|Callee|Caller|SocialMention|TransactionMobile,True,🔗 Quad-Verified,True,Confirmed across sources; CDR + Financial overlap; Social media mention
PER-0143,Person,Yuvaraj Selvam,9000000434.0,CDR|FIR,2,5,8,0,0,10-08-2025,2026-02-01,Callee|Caller|Witness,True,🔗 Cross-Verified,True,Confirmed across sources
PER-0144,Person,Padmini Bai,9000000447.0,CDR|FIR|Financial,3,10,20,6,0,02-12-2025,27-05-2026,Callee|Caller|Complainant|Mentioned|TransactionMobile|Victim,True,🔗 Triple-Verified,True,Confirmed across sources; CDR + Financial overlap
PER-0145,Person,Tamilselvi Devi,9000000452.0,CDR|FIR|Financial,3,17,19,2,0,05-06-2025,2026-07-19,Callee|Caller|Complainant|Mentioned|TransactionMobile|Victim,True,🔗 Triple-Verified,True,Confirmed across sources; CDR + Financial overlap
PER-0146,Person,Siva Sekar,9000000284.0,CDR|FIR,2,6,8,0,0,07-01-2026,31-01-2026,Callee|Caller|Witness,True,🔗 Cross-Verified,True,Confirmed across sources
PER-0147,Person,Kumaran Prakash,9000000476.0,CDR|FIR|Financial,3,7,25,3,0,17-07-2025,30-05-2026,Callee|Caller|Complainant|Mentioned|TransactionMobile|Victim,True,🔗 Triple-Verified,True,Confirmed across sources; CDR + Financial overlap
PER-0148,Person,Kishore Selvam,9000000323.0,CDR|FIR|Financial,3,15,21,3,0,03-10-2025,26-08-2025,Callee|Caller|Complainant|Mentioned|TransactionMobile|Victim|Witness,True,🔗 Triple-Verified,True,Confirmed across sources; CDR + Financial overlap
PER-0149,Person,Deviga Devi,9000000460.0,CDR|FIR|Financial,3,5,20,4,0,08-04-2026,2026-08-01,Callee|Caller|Complainant|Mentioned|TransactionMobile|Victim,True,🔗 Triple-Verified,True,Confirmed across sources; CDR + Financial overlap
PER-0150,Person,Pavithra Kannan,9000000453.0,CDR|FIR|Financial,3,3,23,4,0,19-05-2025,2026-07-26,Callee|Caller|Complainant|Mentioned|TransactionMobile|Victim,True,🔗 Triple-Verified,True,Confirmed across sources; CDR + Financial overlap
PER-0151,Person,Dharani Gopal,9000000072.0,CDR|FIR|Financial,3,6,25,1,0,06-07-2026,2026-07-17,Callee|Caller|Complainant|Mentioned|TransactionMobile|Victim,True,🔗 Triple-Verified,True,Confirmed across sources; CDR + Financial overlap
PER-0152,Person,Pavithra Bai,9000000006.0,CDR|FIR|Financial,3,14,16,5,0,05-10-2025,29-08-2025,Callee|Caller|Complainant|Mentioned|TransactionMobile|Victim|Witness,True,🔗 Triple-Verified,True,Confirmed across sources; CDR + Financial overlap
PER-0153,Person,Sathish Kumar,9000000268.0,CDR|FIR|Financial,3,6,16,5,0,19-05-2025,28-09-2025,Callee|Caller|Complainant|Mentioned|TransactionMobile|Victim,True,🔗 Triple-Verified,True,Confirmed across sources; CDR + Financial overlap
PER-0154,Person,Bharathi Raj,9000000191.0,CDR|FIR|Financial|SocialMedia,4,2,10,5,2,17-06-2025,2026-09-11,Callee|Caller|SocialMention|Suspect|TransactionMobile,True,🔗 Quad-Verified,True,Named as suspect; Confirmed across sources; CDR + Financial overlap; Social media mention
PER-0155,Person,Hariharan Ramasamy,9000000133.0,CDR|FIR,2,1,11,0,0,20-05-2025,2026-07-07,Callee|Caller|Victim,True,🔗 Cross-Verified,True,Confirmed across sources
PER-0156,Person,Kumaran Anand,9000000039.0,CDR|FIR,2,1,18,0,0,2025-04-09,21-05-2025,Callee|Caller|Victim,True,🔗 Cross-Verified,True,Confirmed across sources
PER-0157,Person,Ganesh Natarajan,9000000055.0,CDR|FIR|Financial,3,5,23,5,0,19-07-2025,21-05-2025,Callee|Caller|Complainant|Mentioned|TransactionMobile|Victim,True,🔗 Triple-Verified,True,Confirmed across sources; CDR + Financial overlap
PER-0158,Person,Divya Kumari,9000000152.0,CDR|FIR,2,1,7,0,0,2025-02-27,21-05-2025,Callee|Caller|Victim,True,🔗 Cross-Verified,True,Confirmed across sources
PER-0159,Person,Divya Murugan,9000000333.0,CDR|FIR|Financial|SocialMedia,4,2,7,3,3,2025-01-21,24-05-2026,Associate|Callee|Caller|SocialMention|TransactionMobile,True,🔗 Quad-Verified,True,Confirmed across sources; CDR + Financial overlap; Social media mention
PER-0160,Person,Mohan Natarajan,9000000391.0,CDR|FIR|Financial,3,2,18,1,0,2025-01-31,22-05-2025,Callee|Caller|Complainant|TransactionMobile|Victim,True,🔗 Triple-Verified,True,Confirmed across sources; CDR + Financial overlap
PER-0161,Person,Rajeshwari Ammal,9000000242.0,CDR|FIR|Financial,3,17,19,4,0,10-03-2026,22-03-2026,Callee|Caller|Complainant|Mentioned|TransactionMobile|Victim,True,🔗 Triple-Verified,True,Confirmed across sources; CDR + Financial overlap
PER-0162,Person,Karthik Thangaraj,9000000053.0,CDR|FIR|Financial|SocialMedia,4,3,5,4,3,12-08-2025,2026-04-26,Callee|Caller|SocialMention|Suspect|TransactionMobile,True,🔗 Quad-Verified,True,Named as suspect; Confirmed across sources; CDR + Financial overlap; Social media mention
PER-0163,Person,Rakesh Krishnan,9000000381.0,CDR|FIR|Financial,3,7,22,7,0,12-05-2026,23-05-2025,Callee|Caller|Complainant|Mentioned|TransactionMobile|Victim,True,🔗 Triple-Verified,True,Confirmed across sources; CDR + Financial overlap
PER-0164,Person,Malathi Selvi,9000000386.0,CDR|FIR|Financial,3,5,15,3,0,03-06-2025,2026-08-13,Callee|Caller|Complainant|Mentioned|TransactionMobile|Victim,True,🔗 Triple-Verified,True,Confirmed across sources; CDR + Financial overlap
PER-0165,Person,Rajesh Rajan,9000000302.0,CDR|FIR|Financial,3,15,18,2,0,03-06-2025,2026-07-22,Callee|Caller|Complainant|Mentioned|TransactionMobile|Victim|Witness,True,🔗 Triple-Verified,True,Confirmed across sources; CDR + Financial overlap
PER-0166,Person,Yogesh Balan,9000000338.0,CDR|FIR|Financial,3,3,24,5,0,05-06-2025,2026-08-24,Callee|Caller|Complainant|Mentioned|TransactionMobile|Victim,True,🔗 Triple-Verified,True,Confirmed across sources; CDR + Financial overlap
PER-0167,Person,Saravanan Selvam,9000000441.0,CDR|FIR|Financial,3,2,16,4,0,08-06-2025,2026-06-13,Callee|Caller|Complainant|TransactionMobile|Victim,True,🔗 Triple-Verified,True,Confirmed across sources; CDR + Financial overlap
PER-0168,Person,Mohan Gopal,9000000456.0,CDR|FIR|Financial,3,4,23,3,0,09-06-2025,2026-07-12,Callee|Caller|Complainant|Mentioned|TransactionMobile|Victim,True,🔗 Triple-Verified,True,Confirmed across sources; CDR + Financial overlap
PER-0169,Person,Anitha Raj,9000000399.0,CDR|FIR|Financial,3,16,24,4,0,01-09-2026,24-08-2025,Callee|Caller|Complainant|Mentioned|TransactionMobile|Victim,True,🔗 Triple-Verified,True,Confirmed across sources; CDR + Financial overlap
PER-0170,Person,Janani Devi,9000000454.0,CDR|FIR|Financial|SocialMedia,4,3,10,3,3,07-08-2025,2026-05-14,Callee|Caller|SocialMention|Suspect|TransactionMobile,True,🔗 Quad-Verified,True,Named as suspect; Confirmed across sources; CDR + Financial overlap; Social media mention
PER-0171,Person,Arun Selvam,9000000377.0,CDR|FIR|Financial|SocialMedia,4,2,9,4,2,09-06-2025,21-10-2025,Associate|Callee|Caller|SocialMention|TransactionMobile,True,🔗 Quad-Verified,True,Confirmed across sources; CDR + Financial overlap; Social media mention
PER-0172,Person,Arjun Pandian,9000000330.0,CDR|FIR|Financial,3,11,20,5,0,09-06-2025,25-08-2026,Callee|Caller|Complainant|Mentioned|TransactionMobile|Victim,True,🔗 Triple-Verified,True,Confirmed across sources; CDR + Financial overlap
PER-0173,Person,Manoj Karuppasamy,9000000054.0,CDR|FIR,2,5,13,0,0,09-06-2025,28-09-2025,Callee|Caller|Witness,True,🔗 Cross-Verified,True,Confirmed across sources
PER-0174,Person,Vasanth Raman,9000000051.0,CDR|FIR|Financial,3,7,27,2,0,08-06-2026,24-02-2026,Callee|Caller|Complainant|Mentioned|TransactionMobile|Victim,True,🔗 Triple-Verified,True,Confirmed across sources; CDR + Financial overlap
PER-0175,Person,Sathish Sundaram,9000000372.0,CDR|FIR|Financial|SocialMedia,4,8,5,3,3,03-09-2025,31-07-2025,Callee|Caller|SocialMention|Suspect|TransactionMobile,True,🔗 Quad-Verified,True,Named as suspect; Confirmed across sources; CDR + Financial overlap; Social media mention
PER-0176,Person,Jagan Shankar,9000000161.0,CDR|FIR|Financial,3,3,19,2,0,14-06-2025,2026-07-27,Callee|Caller|Complainant|Mentioned|TransactionMobile|Victim,True,🔗 Triple-Verified,True,Confirmed across sources; CDR + Financial overlap
PER-0177,Person,Inban Balan,9000000367.0,CDR|FIR|Financial,3,11,21,7,0,02-07-2026,28-10-2025,Callee|Caller|Complainant|Mentioned|TransactionMobile|Victim,True,🔗 Triple-Verified,True,Confirmed across sources; CDR + Financial overlap
PER-0178,Person,Saravanan Anand,9000000282.0,CDR|FIR|Financial|SocialMedia,4,4,9,4,5,02-10-2025,23-10-2025,Callee|Caller|SocialMention|Suspect|TransactionMobile,True,🔗 Quad-Verified,True,Named as suspect; Confirmed across sources; CDR + Financial overlap; Social media mention
PER-0179,Person,Jagan Arumugam,9000000008.0,CDR|FIR|Financial,3,8,24,5,0,04-09-2025,2026-07-27,Callee|Caller|Complainant|Mentioned|TransactionMobile|Victim,True,🔗 Triple-Verified,True,Confirmed across sources; CDR + Financial overlap
PER-0180,Person,Sangeetha Sri,9000000007.0,CDR|FIR|Financial,3,5,29,8,0,17-06-2025,23-02-2026,Callee|Caller|Complainant|Mentioned|TransactionMobile|Victim,True,🔗 Triple-Verified,True,Confirmed across sources; CDR + Financial overlap
PER-0181,Person,Abirami Raj,9000000141.0,CDR|FIR|Financial|SocialMedia,4,4,8,3,2,12-09-2025,31-08-2025,Callee|Caller|SocialMention|Suspect|TransactionMobile,True,🔗 Quad-Verified,True,Named as suspect; Confirmed across sources; CDR + Financial overlap; Social media mention
PER-0182,Person,Saravanan Sundaram,9000000258.0,CDR|FIR|Financial,3,3,22,8,0,18-06-2025,2026-07-26,Callee|Caller|Complainant|Mentioned|TransactionMobile|Victim,True,🔗 Triple-Verified,True,Confirmed across sources; CDR + Financial overlap
PER-0183,Person,Venkat Palanisamy,9000000134.0,CDR|FIR|Financial|SocialMedia,4,11,16,10,3,07-11-2025,28-07-2025,Associate|Callee|Caller|SocialMention|Suspect|TransactionMobile,True,🔗 Quad-Verified,True,Named as suspect; Confirmed across sources; CDR + Financial overlap; Social media mention
PER-0184,Person,Prakash Muthu,,CDR|FIR|SocialMedia,3,10,9,0,3,03-04-2026,31-07-2025,Associate|Callee|Caller|SocialMention|Suspect|Witness,True,🔗 Triple-Verified,True,Named as suspect; Confirmed across sources; Social media mention
PER-0185,Person,Jagan Sekar,9000000355.0,CDR|FIR|Financial,3,9,21,3,0,18-03-2026,2026-08-02,Callee|Caller|Complainant|Mentioned|TransactionMobile|Victim,True,🔗 Triple-Verified,True,Confirmed across sources; CDR + Financial overlap
PER-0186,Person,Gopal Muthu,9000000403.0,CDR|FIR|Financial|SocialMedia,4,2,9,1,4,02-08-2025,2026-08-23,Associate|Callee|Caller|SocialMention|TransactionMobile,True,🔗 Quad-Verified,True,Confirmed across sources; CDR + Financial overlap; Social media mention
PER-0187,Person,Tamilarasan Palanisamy,9000000023.0,CDR|FIR|Financial,3,14,21,4,0,01-11-2025,25-06-2025,Callee|Caller|Complainant|Mentioned|TransactionMobile|Victim,True,🔗 Triple-Verified,True,Confirmed across sources; CDR + Financial overlap
PER-0188,Person,Meena Bai,9000000300.0,CDR|FIR|Financial,3,8,17,5,0,14-03-2026,26-03-2026,Callee|Caller|Complainant|Mentioned|TransactionMobile|Victim,True,🔗 Triple-Verified,True,Confirmed across sources; CDR + Financial overlap
PER-0189,Person,Deepak Subramani,9000000011.0,CDR|FIR|Financial,3,6,23,7,0,17-07-2025,26-06-2026,Callee|Caller|Complainant|Mentioned|TransactionMobile|Victim,True,🔗 Triple-Verified,True,Confirmed across sources; CDR + Financial overlap
PER-0190,Person,Dharani Thangaraj,9000000307.0,CDR|FIR|Financial,3,8,21,1,0,19-06-2026,29-10-2025,Callee|Caller|Complainant|Mentioned|TransactionMobile|Victim,True,🔗 Triple-Verified,True,Confirmed across sources; CDR + Financial overlap
PER-0191,Person,Rajesh Krishnan,,CDR|FIR,2,10,11,0,0,01-06-2026,28-06-2025,Callee|Caller|Victim|Witness,True,🔗 Cross-Verified,True,Confirmed across sources
PER-0192,Person,Dinesh Raj,9000000061.0,CDR|FIR|Financial,3,5,21,3,0,18-08-2025,28-06-2025,Callee|Caller|Complainant|Mentioned|TransactionMobile|Victim,True,🔗 Triple-Verified,True,Confirmed across sources; CDR + Financial overlap
PER-0193,Person,Vignesh Thangaraj,9000000009.0,CDR|FIR|Financial|SocialMedia,4,2,10,1,6,20-07-2025,28-06-2025,Callee|Caller|SocialMention|Suspect|TransactionMobile,True,🔗 Quad-Verified,True,Named as suspect; Confirmed across sources; CDR + Financial overlap; Social media mention
PER-0194,Person,Rakesh Gopal,9000000405.0,CDR|FIR|Financial|SocialMedia,4,4,8,4,6,02-07-2025,2026-08-09,Callee|Caller|SocialMention|Suspect|TransactionMobile,True,🔗 Quad-Verified,True,Named as suspect; Confirmed across sources; CDR + Financial overlap; Social media mention
PER-0195,Person,Vidhya Ammal,9000000144.0,CDR|FIR|Financial,3,3,27,3,0,2025-02-08,29-06-2025,Callee|Caller|Complainant|Mentioned|TransactionMobile|Victim,True,🔗 Triple-Verified,True,Confirmed across sources; CDR + Financial overlap
PER-0196,Person,Kannan Thangaraj,9000000206.0,CDR|FIR,2,9,20,0,0,03-12-2025,27-07-2025,Callee|Caller|Complainant|Mentioned|Victim,True,🔗 Cross-Verified,True,Confirmed across sources
PER-0197,Person,Thirumal Sekar,9000000046.0,CDR|FIR|Financial,3,4,25,2,0,05-07-2025,2026-07-16,Callee|Caller|Complainant|Mentioned|TransactionMobile|Victim,True,🔗 Triple-Verified,True,Confirmed across sources; CDR + Financial overlap
PER-0198,Person,Mohan Sekar,9000000168.0,CDR|FIR|Financial|SocialMedia,4,2,5,8,1,01-07-2025,27-05-2026,Callee|Caller|SocialMention|Suspect|TransactionMobile,True,🔗 Quad-Verified,True,Named as suspect; Confirmed across sources; CDR + Financial overlap; Social media mention
PER-0199,Person,Sudha Rani,9000000265.0,FIR,1,2,0,0,0,07-07-2025,07-07-2025,Complainant|Mentioned,False,📄 Single-Source,False,No flags
PER-0200,Person,Dharani Shankar,9000000003.0,CDR|FIR|Financial,3,8,16,4,0,07-07-2025,25-10-2025,Callee|Caller|Complainant|Mentioned|TransactionMobile|Victim,True,🔗 Triple-Verified,True,Confirmed across sources; CDR + Financial overlap
PER-0201,Person,Praveen Kumar,9000000122.0,CDR|FIR|Financial,3,7,13,4,0,05-08-2025,2026-08-14,Callee|Caller|Complainant|Mentioned|TransactionMobile|Victim,True,🔗 Triple-Verified,True,Confirmed across sources; CDR + Financial overlap
PER-0202,Person,Saravanan Palanisamy,9000000235.0,CDR|FIR|Financial,3,5,26,4,0,10-07-2025,2026-08-21,Callee|Caller|Complainant|Mentioned|TransactionMobile|Victim,True,🔗 Triple-Verified,True,Confirmed across sources; CDR + Financial overlap
PER-0203,Person,Karthik Velan,9000000188.0,CDR|FIR|Financial|SocialMedia,4,10,7,4,2,05-09-2025,26-09-2025,Associate|Callee|Caller|SocialMention|Suspect|TransactionMobile,True,🔗 Quad-Verified,True,Named as suspect; Confirmed across sources; CDR + Financial overlap; Social media mention
PER-0204,Person,Keerthana Sri,9000000319.0,CDR|FIR|Financial,3,6,10,7,0,11-07-2025,2026-07-01,Callee|Caller|Complainant|Mentioned|TransactionMobile|Victim,True,🔗 Triple-Verified,True,Confirmed across sources; CDR + Financial overlap
PER-0205,Person,Ajith Sekar,9000000063.0,CDR|FIR|Financial,3,6,18,5,0,12-07-2025,2026-08-22,Callee|Caller|Complainant|Mentioned|TransactionMobile|Victim,True,🔗 Triple-Verified,True,Confirmed across sources; CDR + Financial overlap
PER-0206,Person,Mathan Velan,9000000147.0,CDR|FIR|Financial|SocialMedia,4,8,7,2,2,03-10-2025,25-08-2025,Callee|Caller|SocialMention|Suspect|TransactionMobile,True,🔗 Quad-Verified,True,Named as suspect; Confirmed across sources; CDR + Financial overlap; Social media mention
PER-0207,Person,Murugan Babu,9000000070.0,CDR|FIR|Financial|SocialMedia,4,5,11,7,5,05-02-2026,30-12-2025,Associate|Callee|Caller|SocialMention|TransactionMobile,True,🔗 Quad-Verified,True,Confirmed across sources; CDR + Financial overlap; Social media mention
PER-0208,Person,Arun Thangaraj,9000000483.0,CDR|FIR|Financial,3,8,19,2,0,03-07-2025,2026-06-06,Callee|Caller|Complainant|Mentioned|TransactionMobile|Victim,True,🔗 Triple-Verified,True,Confirmed across sources; CDR + Financial overlap
PER-0209,Person,Kishore Murugan,9000000326.0,CDR|FIR|Financial,3,7,23,4,0,05-02-2026,2026-07-21,Callee|Caller|Complainant|Mentioned|TransactionMobile|Victim,True,🔗 Triple-Verified,True,Confirmed across sources; CDR + Financial overlap
PER-0210,Person,Harish Mani,9000000132.0,CDR|FIR|Financial,3,9,13,5,0,02-03-2026,2026-09-11,Callee|Caller|Complainant|Mentioned|TransactionMobile|Victim|Witness,True,🔗 Triple-Verified,True,Confirmed across sources; CDR + Financial overlap
PER-0211,Person,Nithya Selvi,9000000334.0,CDR|FIR,2,1,9,0,0,17-07-2025,2026-06-02,Callee|Caller|Victim,True,🔗 Cross-Verified,True,Confirmed across sources
PER-0212,Person,Rajesh Karuppasamy,9000000318.0,CDR|FIR|Financial|SocialMedia,4,6,7,4,3,02-08-2025,30-12-2025,Callee|Caller|SocialMention|Suspect|TransactionMobile,True,🔗 Quad-Verified,True,Named as suspect; Confirmed across sources; CDR + Financial overlap; Social media mention
PER-0213,Person,Hariharan Prakash,9000000017.0,CDR|FIR|Financial|SocialMedia,4,5,9,2,5,02-10-2025,2026-08-27,Callee|Caller|SocialMention|Suspect|TransactionMobile,True,🔗 Quad-Verified,True,Named as suspect; Confirmed across sources; CDR + Financial overlap; Social media mention
PER-0214,Person,Dharani Anand,9000000114.0,CDR|FIR|Financial,3,17,10,4,0,03-12-2025,29-05-2026,Callee|Caller|Complainant|Mentioned|TransactionMobile|Victim|Witness,True,🔗 Triple-Verified,True,Confirmed across sources; CDR + Financial overlap
PER-0215,Person,Arjun Karuppasamy,9000000172.0,CDR|FIR|Financial,3,6,25,4,0,2025-01-16,25-08-2025,Callee|Caller|Complainant|Mentioned|TransactionMobile|Victim,True,🔗 Triple-Verified,True,Confirmed across sources; CDR + Financial overlap
PER-0216,Person,Kalaiselvi Raman,9000000010.0,CDR|FIR|Financial,3,8,19,3,0,01-05-2026,26-06-2026,Callee|Caller|Complainant|Mentioned|TransactionMobile|Victim,True,🔗 Triple-Verified,True,Confirmed across sources; CDR + Financial overlap
PER-0217,Person,Sathish Subramani,9000000429.0,CDR|FIR|Financial|SocialMedia,4,3,5,4,3,08-09-2025,27-07-2025,Associate|Callee|Caller|SocialMention|Suspect|TransactionMobile,True,🔗 Quad-Verified,True,Named as suspect; Confirmed across sources; CDR + Financial overlap; Social media mention
PER-0218,Person,Arun Mani,9000000012.0,CDR|FIR|Financial,3,3,10,7,0,2025-01-28,28-07-2025,Callee|Caller|Complainant|Mentioned|TransactionMobile|Victim,True,🔗 Triple-Verified,True,Confirmed across sources; CDR + Financial overlap
PER-0219,Person,Kishore Krishnan,9000000246.0,CDR|FIR,2,3,16,0,0,2025-01-30,31-07-2025,Callee|Caller|Complainant|Mentioned|Victim,True,🔗 Cross-Verified,True,Confirmed across sources
PER-0220,Person,Vijay Rajan,9000000160.0,CDR|FIR|Financial,3,2,28,4,0,2025-01-10,27-07-2025,Callee|Caller|Complainant|TransactionMobile|Victim,True,🔗 Triple-Verified,True,Confirmed across sources; CDR + Financial overlap
PER-0221,Person,Nithin Murugan,9000000374.0,CDR|FIR|Financial|SocialMedia,4,4,9,4,4,01-08-2025,27-07-2025,Callee|Caller|SocialMention|Suspect|TransactionMobile,True,🔗 Quad-Verified,True,Named as suspect; Confirmed across sources; CDR + Financial overlap; Social media mention
PER-0222,Person,Anand Chandran,9000000060.0,CDR|FIR|Financial,3,12,13,6,0,01-08-2025,29-07-2026,Callee|Caller|Complainant|Mentioned|TransactionMobile|Victim,True,🔗 Triple-Verified,True,Confirmed across sources; CDR + Financial overlap
PER-0223,Person,Gunasekar Murugan,9000000210.0,CDR|FIR|Financial,3,12,24,8,0,02-08-2025,30-04-2026,Callee|Caller|Complainant|Mentioned|TransactionMobile|Victim,True,🔗 Triple-Verified,True,Confirmed across sources; CDR + Financial overlap
PER-0224,Person,Jothi Selvi,9000000436.0,CDR|FIR|Financial,3,5,20,6,0,02-08-2025,24-09-2025,Callee|Caller|Complainant|Mentioned|TransactionMobile|Victim,True,🔗 Triple-Verified,True,Confirmed across sources; CDR + Financial overlap
PER-0225,Person,Lakshmi Krishnan,9000000075.0,CDR|FIR|Financial,3,3,22,4,0,02-08-2025,2026-08-01,Callee|Caller|Complainant|Mentioned|TransactionMobile|Victim,True,🔗 Triple-Verified,True,Confirmed across sources; CDR + Financial overlap
PER-0226,Person,Buvaneswari Sri,9000000294.0,CDR|FIR|Financial,3,11,23,3,0,02-08-2025,29-10-2025,Callee|Caller|Complainant|Mentioned|TransactionMobile|Victim|Witness,True,🔗 Triple-Verified,True,Confirmed across sources; CDR + Financial overlap
PER-0227,Person,Ezhilan Ramasamy,9000000042.0,CDR|FIR|Financial|SocialMedia,4,3,10,3,5,18-12-2025,30-07-2025,Callee|Caller|SocialMention|Suspect|TransactionMobile,True,🔗 Quad-Verified,True,Named as suspect; Confirmed across sources; CDR + Financial overlap; Social media mention
PER-0228,Person,Nandha Natarajan,9000000393.0,CDR|FIR|Financial|SocialMedia,4,3,7,4,2,2025-01-01,30-07-2025,Associate|Callee|Caller|SocialMention|TransactionMobile,True,🔗 Quad-Verified,True,Confirmed across sources; CDR + Financial overlap; Social media mention
PER-0229,Person,Kannan Muthu,9000000430.0,CDR|FIR|Financial,3,6,16,4,0,02-08-2025,25-07-2026,Callee|Caller|Complainant|Mentioned|TransactionMobile|Victim,True,🔗 Triple-Verified,True,Confirmed across sources; CDR + Financial overlap
PER-0230,Person,Eswari Selvam,9000000250.0,CDR|FIR,2,1,8,0,0,05-08-2025,2026-07-22,Callee|Caller|Victim,True,🔗 Cross-Verified,True,Confirmed across sources
PER-0231,Person,Indhu Murugan,9000000163.0,CDR|FIR|Financial,3,3,17,4,0,06-08-2025,2026-07-15,Callee|Caller|Complainant|Mentioned|TransactionMobile|Victim,True,🔗 Triple-Verified,True,Confirmed across sources; CDR + Financial overlap
PER-0232,Person,Yogesh Raman,9000000183.0,CDR|FIR|Financial,3,3,18,5,0,07-08-2025,2026-07-21,Callee|Caller|Complainant|Mentioned|TransactionMobile|Victim,True,🔗 Triple-Verified,True,Confirmed across sources; CDR + Financial overlap
PER-0233,Person,Sanjay Prakash,9000000462.0,CDR|FIR|Financial,3,3,24,4,0,10-08-2025,2026-07-14,Callee|Caller|Complainant|Mentioned|TransactionMobile|Victim,True,🔗 Triple-Verified,True,Confirmed across sources; CDR + Financial overlap
PER-0234,Person,Siva Velan,9000000435.0,CDR|FIR|Financial,3,6,26,1,0,10-08-2025,2026-07-20,Callee|Caller|Complainant|Mentioned|TransactionMobile|Victim,True,🔗 Triple-Verified,True,Confirmed across sources; CDR + Financial overlap
PER-0235,Person,Nithin Subramani,9000000354.0,CDR|FIR|Financial|SocialMedia,4,2,10,3,1,10-08-2025,26-12-2025,Callee|Caller|SocialMention|Suspect|TransactionMobile,True,🔗 Quad-Verified,True,Named as suspect; Confirmed across sources; CDR + Financial overlap; Social media mention
PER-0236,Person,Durga Sekar,9000000467.0,CDR|FIR|Financial,3,6,20,5,0,12-08-2025,2026-09-05,Callee|Caller|Complainant|Mentioned|TransactionMobile|Victim,True,🔗 Triple-Verified,True,Confirmed across sources; CDR + Financial overlap
PER-0237,Person,Saravanan Murugan,9000000269.0,CDR|FIR|Financial,3,6,16,5,0,03-12-2025,2026-09-11,Callee|Caller|Complainant|Mentioned|TransactionMobile|Victim,True,🔗 Triple-Verified,True,Confirmed across sources; CDR + Financial overlap
PER-0238,Person,Nithya Murugan,9000000423.0,FIR,1,2,0,0,0,12-08-2025,12-08-2025,Complainant|Mentioned,False,📄 Single-Source,False,No flags
PER-0239,Person,Sathish Palanisamy,9000000238.0,CDR|FIR|Financial,3,6,21,2,0,14-08-2025,30-11-2025,Callee|Caller|Complainant|Mentioned|TransactionMobile|Victim,True,🔗 Triple-Verified,True,Confirmed across sources; CDR + Financial overlap
PER-0240,Person,Elango Prakash,9000000351.0,CDR|FIR|Financial|SocialMedia,4,1,9,6,2,14-08-2025,2026-07-03,Callee|Caller|SocialMention|Suspect|TransactionMobile,True,🔗 Quad-Verified,True,Named as suspect; Confirmed across sources; CDR + Financial overlap; Social media mention
PER-0241,Person,Malathi Ammal,9000000345.0,CDR|FIR|Financial,3,6,17,3,0,07-05-2026,2026-06-27,Callee|Caller|Complainant|Mentioned|TransactionMobile|Victim,True,🔗 Triple-Verified,True,Confirmed across sources; CDR + Financial overlap
PER-0242,Person,Ganesh Selvam,9000000247.0,CDR|FIR|Financial|SocialMedia,4,1,11,5,4,16-08-2025,2026-07-01,Callee|Caller|SocialMention|Suspect|TransactionMobile,True,🔗 Quad-Verified,True,Named as suspect; Confirmed across sources; CDR + Financial overlap; Social media mention
PER-0243,Person,Bharath Selvam,9000000273.0,CDR|FIR|Financial|SocialMedia,4,3,11,4,3,19-08-2025,29-11-2025,Callee|Caller|SocialMention|Suspect|TransactionMobile,True,🔗 Quad-Verified,True,Named as suspect; Confirmed across sources; CDR + Financial overlap; Social media mention
PER-0244,Person,Thirumal Velan,9000000384.0,CDR|FIR|Financial|SocialMedia,4,3,11,5,2,10-02-2026,22-08-2025,Callee|Caller|SocialMention|Suspect|TransactionMobile,True,🔗 Quad-Verified,True,Named as suspect; Confirmed across sources; CDR + Financial overlap; Social media mention
PER-0245,Person,Senthil Prakash,9000000067.0,CDR|FIR|Financial,3,6,23,3,0,2025-01-04,26-12-2025,Callee|Caller|Complainant|Mentioned|TransactionMobile|Victim,True,🔗 Triple-Verified,True,Confirmed across sources; CDR + Financial overlap
PER-0246,Person,Kishore Pandian,9000000200.0,CDR|FIR|Financial,3,6,23,3,0,2025-01-12,25-08-2025,Callee|Caller|Complainant|Mentioned|TransactionMobile|Victim,True,🔗 Triple-Verified,True,Confirmed across sources; CDR + Financial overlap
PER-0247,Person,Elango Shankar,9000000317.0,CDR|FIR|Financial|SocialMedia,4,6,6,7,3,06-04-2026,21-03-2026,Associate|Callee|Caller|SocialMention|Suspect|TransactionMobile,True,🔗 Quad-Verified,True,Named as suspect; Confirmed across sources; CDR + Financial overlap; Social media mention
PER-0248,Person,Gokul Karuppasamy,9000000346.0,CDR|FIR|Financial,3,3,19,2,0,2025-01-13,26-08-2025,Callee|Caller|Complainant|Mentioned|TransactionMobile|Victim,True,🔗 Triple-Verified,True,Confirmed across sources; CDR + Financial overlap
PER-0249,Person,Vasanthi Selvam,9000000353.0,CDR|FIR|Financial|SocialMedia,4,1,8,3,2,2025-02-25,26-08-2025,Associate|Callee|Caller|SocialMention|TransactionMobile,True,🔗 Quad-Verified,True,Confirmed across sources; CDR + Financial overlap; Social media mention
PER-0250,Person,Vasanthi Kannan,9000000288.0,CDR|FIR|Financial,3,4,14,1,0,11-09-2025,28-08-2025,Callee|Caller|Complainant|Mentioned|TransactionMobile|Victim,True,🔗 Triple-Verified,True,Confirmed across sources; CDR + Financial overlap
PER-0251,Person,Kishore Velan,9000000140.0,CDR|FIR|Financial,3,6,20,4,0,03-01-2026,30-08-2025,Callee|Caller|Complainant|Mentioned|TransactionMobile|Victim,True,🔗 Triple-Verified,True,Confirmed across sources; CDR + Financial overlap
PER-0252,Person,Kalaiselvi Sri,9000000192.0,CDR|FIR|Financial,3,2,23,3,0,2025-01-21,31-08-2025,Callee|Caller|Complainant|TransactionMobile|Victim,True,🔗 Triple-Verified,True,Confirmed across sources; CDR + Financial overlap
PER-0253,Person,Harish Murugan,9000000180.0,CDR|FIR|SocialMedia,3,10,15,0,6,02-07-2026,29-06-2026,Associate|Callee|Caller|SocialMention|Suspect,True,🔗 Triple-Verified,True,Named as suspect; Confirmed across sources; Social media mention
PER-0254,Person,Tamilarasan Selvam,9000000305.0,CDR|FIR|Financial|SocialMedia,4,3,8,3,3,02-09-2025,26-11-2025,Associate|Callee|Caller|SocialMention|TransactionMobile|Witness,True,🔗 Quad-Verified,True,Confirmed across sources; CDR + Financial overlap; Social media mention
PER-0255,Person,Kalaiselvi Devi,9000000121.0,CDR|FIR|Financial,3,3,23,4,0,03-09-2025,2026-09-12,Callee|Caller|Complainant|Mentioned|TransactionMobile|Victim,True,🔗 Triple-Verified,True,Confirmed across sources; CDR + Financial overlap
PER-0256,Person,Bharathi Raman,9000000104.0,CDR|FIR|Financial,3,3,21,4,0,05-09-2025,27-01-2026,Callee|Caller|Complainant|Mentioned|TransactionMobile|Victim,True,🔗 Triple-Verified,True,Confirmed across sources; CDR + Financial overlap
PER-0257,Person,Geetha Kumari,9000000202.0,CDR|FIR|Financial,3,12,25,2,0,06-09-2025,23-05-2026,Callee|Caller|Complainant|Mentioned|TransactionMobile|Victim,True,🔗 Triple-Verified,True,Confirmed across sources; CDR + Financial overlap
PER-0258,Person,Anand Palanisamy,9000000093.0,CDR|FIR|Financial|SocialMedia,4,6,14,8,3,06-09-2025,28-07-2026,Associate|Callee|Caller|SocialMention|Suspect|TransactionMobile,True,🔗 Quad-Verified,True,Named as suspect; Confirmed across sources; CDR + Financial overlap; Social media mention
PER-0259,Person,Chithra Kannan,9000000146.0,CDR|FIR|Financial|SocialMedia,4,7,5,6,3,03-10-2025,22-09-2025,Callee|Caller|SocialMention|Suspect|TransactionMobile,True,🔗 Quad-Verified,True,Named as suspect; Confirmed across sources; CDR + Financial overlap; Social media mention
PER-0260,Person,Bharath Babu,9000000482.0,CDR|FIR|Financial,3,5,20,5,0,04-07-2026,2026-07-03,Callee|Caller|Complainant|Mentioned|TransactionMobile|Victim,True,🔗 Triple-Verified,True,Confirmed across sources; CDR + Financial overlap
PER-0261,Person,Nithya Rani,,CDR|FIR,2,8,10,0,0,01-07-2026,29-12-2025,Callee|Caller|Victim|Witness,True,🔗 Cross-Verified,True,Confirmed across sources
PER-0262,Person,Praveen Anand,9000000419.0,CDR|FIR|Financial,3,3,17,7,0,09-09-2025,2026-06-19,Callee|Caller|Complainant|Mentioned|TransactionMobile|Victim,True,🔗 Triple-Verified,True,Confirmed across sources; CDR + Financial overlap
PER-0263,Person,Naveen Mani,9000000021.0,CDR|FIR|Financial,3,6,19,5,0,10-09-2025,2026-07-16,Callee|Caller|Complainant|Mentioned|TransactionMobile|Victim,True,🔗 Triple-Verified,True,Confirmed across sources; CDR + Financial overlap
PER-0264,Person,Gayathri Raman,9000000100.0,CDR|FIR|Financial,3,6,17,3,0,12-09-2025,2026-07-01,Callee|Caller|Complainant|Mentioned|TransactionMobile|Victim,True,🔗 Triple-Verified,True,Confirmed across sources; CDR + Financial overlap
PER-0265,Person,Harini Sri,9000000444.0,CDR|FIR|Financial,3,3,21,4,0,16-09-2025,2026-09-10,Callee|Caller|Complainant|Mentioned|TransactionMobile|Victim,True,🔗 Triple-Verified,True,Confirmed across sources; CDR + Financial overlap
PER-0266,Person,Bharath Gopal,9000000314.0,CDR|FIR|Financial,3,6,18,5,0,05-11-2025,2026-08-01,Callee|Caller|Complainant|Mentioned|TransactionMobile|Victim,True,🔗 Triple-Verified,True,Confirmed across sources; CDR + Financial overlap
PER-0267,Person,Siva Selvam,9000000440.0,CDR|FIR|Financial|SocialMedia,4,5,10,4,4,07-01-2026,22-12-2025,Associate|Callee|Caller|SocialMention|TransactionMobile,True,🔗 Quad-Verified,True,Confirmed across sources; CDR + Financial overlap; Social media mention
PER-0268,Person,Jeeva Rajan,9000000071.0,CDR|FIR|Financial|SocialMedia,4,1,9,6,6,18-09-2025,2026-03-22,Associate|Callee|Caller|SocialMention|TransactionMobile,True,🔗 Quad-Verified,True,Confirmed across sources; CDR + Financial overlap; Social media mention
PER-0269,Person,Selvam Natarajan,9000000001.0,CDR|FIR|Financial,3,6,19,6,0,11-04-2026,2026-08-01,Callee|Caller|Complainant|Mentioned|TransactionMobile|Victim,True,🔗 Triple-Verified,True,Confirmed across sources; CDR + Financial overlap
PER-0270,Person,Ravi Gopal,9000000098.0,CDR|FIR|Financial,3,6,18,9,0,10-04-2026,2026-07-22,Callee|Caller|Complainant|Mentioned|TransactionMobile|Victim,True,🔗 Triple-Verified,True,Confirmed across sources; CDR + Financial overlap
PER-0271,Person,Kumaran Subramani,9000000078.0,CDR|FIR,2,1,14,0,0,2025-04-20,22-09-2025,Callee|Caller|Victim,True,🔗 Cross-Verified,True,Confirmed across sources
PER-0272,Person,Divya Devi,9000000287.0,FIR,1,2,0,0,0,26-09-2025,26-09-2025,Complainant|Mentioned,False,📄 Single-Source,False,No flags
PER-0273,Person,Lakshmi Raman,9000000082.0,CDR|FIR|Financial,3,6,18,1,0,17-11-2025,27-09-2025,Callee|Caller|Complainant|Mentioned|TransactionMobile|Victim,True,🔗 Triple-Verified,True,Confirmed across sources; CDR + Financial overlap
PER-0274,Person,Tamilarasan Karuppasamy,9000000425.0,CDR|FIR|Financial,3,6,20,4,0,16-06-2026,30-09-2025,Callee|Caller|Complainant|Mentioned|TransactionMobile|Victim,True,🔗 Triple-Verified,True,Confirmed across sources; CDR + Financial overlap
PER-0275,Person,Harish Selvam,9000000205.0,CDR|FIR|Financial,3,6,15,4,0,16-03-2026,30-09-2025,Callee|Caller|Complainant|Mentioned|TransactionMobile|Victim,True,🔗 Triple-Verified,True,Confirmed across sources; CDR + Financial overlap
PER-0276,Person,Harish Subramani,9000000398.0,CDR|FIR|Financial,3,6,15,1,0,03-10-2025,21-01-2026,Callee|Caller|Complainant|Mentioned|TransactionMobile|Victim,True,🔗 Triple-Verified,True,Confirmed across sources; CDR + Financial overlap
PER-0277,Person,Karthik Rajan,9000000091.0,CDR|FIR|Financial|SocialMedia,4,12,10,11,2,01-04-2026,29-08-2026,Associate|Callee|Caller|SocialMention|Suspect|TransactionMobile|Witness,True,🔗 Quad-Verified,True,Named as suspect; Confirmed across sources; CDR + Financial overlap; Social media mention
PER-0278,Person,Lavanya Raj,9000000127.0,CDR|FIR|Financial,3,6,21,6,0,04-10-2025,2026-08-09,Callee|Caller|Complainant|Mentioned|TransactionMobile|Victim,True,🔗 Triple-Verified,True,Confirmed across sources; CDR + Financial overlap
PER-0279,Person,Rakesh Muthu,9000000045.0,CDR|FIR|Financial|SocialMedia,4,1,9,4,7,04-10-2025,2026-07-30,Callee|Caller|SocialMention|Suspect|TransactionMobile,True,🔗 Quad-Verified,True,Named as suspect; Confirmed across sources; CDR + Financial overlap; Social media mention
PER-0280,Person,Sanjay Gopal,9000000073.0,CDR|FIR|Financial|SocialMedia,4,3,8,3,3,04-10-2025,31-07-2026,Callee|Caller|SocialMention|Suspect|TransactionMobile,True,🔗 Quad-Verified,True,Named as suspect; Confirmed across sources; CDR + Financial overlap; Social media mention
PER-0281,Person,Ganesh Subramani,9000000240.0,CDR|FIR|Financial,3,6,20,3,0,03-10-2025,2026-07-09,Callee|Caller|Complainant|Mentioned|TransactionMobile|Victim,True,🔗 Triple-Verified,True,Confirmed across sources; CDR + Financial overlap
PER-0282,Person,Yuvaraj Anand,9000000102.0,CDR|FIR|Financial,3,3,14,4,0,10-10-2025,2026-06-05,Callee|Caller|Complainant|Mentioned|TransactionMobile|Victim,True,🔗 Triple-Verified,True,Confirmed across sources; CDR + Financial overlap
PER-0283,Person,Nandhini Selvi,9000000239.0,CDR|FIR,2,12,22,0,0,05-10-2025,27-04-2026,Callee|Caller|Complainant|Mentioned|Victim,True,🔗 Cross-Verified,True,Confirmed across sources
PER-0284,Person,Kishore Arumugam,9000000189.0,CDR|FIR|Financial|SocialMedia,4,8,13,5,6,12-10-2025,30-11-2025,Callee|Caller|SocialMention|Suspect|TransactionMobile,True,🔗 Quad-Verified,True,Named as suspect; Confirmed across sources; CDR + Financial overlap; Social media mention
PER-0285,Person,Saravanan Gopal,9000000094.0,CDR|FIR|Financial,3,6,18,2,0,10-10-2025,2026-07-02,Callee|Caller|Complainant|Mentioned|TransactionMobile|Victim,True,🔗 Triple-Verified,True,Confirmed across sources; CDR + Financial overlap
PER-0286,Person,Gopal Gopal,9000000034.0,CDR|FIR|Financial,3,5,19,2,0,01-11-2025,2026-06-12,Callee|Caller|Complainant|Mentioned|TransactionMobile|Victim,True,🔗 Triple-Verified,True,Confirmed across sources; CDR + Financial overlap
PER-0287,Person,Venkat Prakash,9000000439.0,CDR|FIR|Financial|SocialMedia,4,2,8,4,10,18-10-2025,23-08-2026,Callee|Caller|SocialMention|Suspect|TransactionMobile,True,🔗 Quad-Verified,True,Named as suspect; Confirmed across sources; CDR + Financial overlap; Social media mention
PER-0288,Person,Kumaran Murugan,9000000166.0,CDR|FIR|Financial|SocialMedia,4,1,8,5,6,18-10-2025,2026-06-30,Associate|Callee|Caller|SocialMention|TransactionMobile,True,🔗 Quad-Verified,True,Confirmed across sources; CDR + Financial overlap; Social media mention
PER-0289,Person,Bhuvana Raman,9000000251.0,CDR|FIR|Financial,3,6,19,6,0,2025-01-02,29-11-2025,Callee|Caller|Complainant|Mentioned|TransactionMobile|Victim,True,🔗 Triple-Verified,True,Confirmed across sources; CDR + Financial overlap
PER-0290,Person,Latha Murugan,9000000037.0,CDR|FIR|Financial,3,6,19,4,0,20-12-2025,22-10-2025,Callee|Caller|Complainant|Mentioned|TransactionMobile|Victim,True,🔗 Triple-Verified,True,Confirmed across sources; CDR + Financial overlap
PER-0291,Person,Mythili Murugan,9000000278.0,CDR|FIR|Financial,3,4,23,3,0,07-07-2026,21-10-2025,Callee|Caller|Complainant|Mentioned|TransactionMobile|Victim,True,🔗 Triple-Verified,True,Confirmed across sources; CDR + Financial overlap
PER-0292,Person,Ezhilan Sundaram,,CDR|FIR|Financial,3,7,22,4,0,04-02-2025,27-01-2026,Callee|Caller|Complainant|Mentioned|TransactionMobile|Victim|Witness,True,🔗 Triple-Verified,True,Confirmed across sources; CDR + Financial overlap
PER-0293,Person,Babu Balan,9000000231.0,CDR|FIR|Financial|SocialMedia,4,3,11,4,3,2025-02-12,27-02-2026,Associate|Callee|Caller|SocialMention|TransactionMobile,True,🔗 Quad-Verified,True,Confirmed across sources; CDR + Financial overlap; Social media mention
PER-0294,Person,Chithra Ammal,9000000016.0,CDR|FIR|Financial,3,4,17,3,0,07-02-2026,27-10-2025,Callee|Caller|Complainant|Mentioned|TransactionMobile|Victim,True,🔗 Triple-Verified,True,Confirmed across sources; CDR + Financial overlap
PER-0295,Person,Gopal Karuppasamy,9000000390.0,CDR|FIR|Financial,3,3,21,5,0,2025-01-08,27-10-2025,Callee|Caller|Complainant|Mentioned|TransactionMobile|Victim,True,🔗 Triple-Verified,True,Confirmed across sources; CDR + Financial overlap
PER-0296,Person,Praveen Raman,9000000201.0,CDR|FIR|Financial,3,3,19,2,0,2025-01-20,27-10-2025,Callee|Caller|Complainant|Mentioned|TransactionMobile|Victim,True,🔗 Triple-Verified,True,Confirmed across sources; CDR + Financial overlap
PER-0297,Person,Karthik Balan,9000000380.0,CDR|FIR|Financial|SocialMedia,4,6,8,3,4,02-11-2025,27-10-2025,Callee|Caller|SocialMention|Suspect|TransactionMobile,True,🔗 Quad-Verified,True,Named as suspect; Confirmed across sources; CDR + Financial overlap; Social media mention
PER-0298,Person,Suresh Selvam,9000000005.0,CDR|FIR|Financial|SocialMedia,4,2,14,4,5,17-11-2025,2026-07-19,Associate|Callee|Caller|SocialMention|TransactionMobile,True,🔗 Quad-Verified,True,Confirmed across sources; CDR + Financial overlap; Social media mention
PER-0299,Person,Hemanth Raj,9000000085.0,CDR|FIR|Financial|SocialMedia,4,1,10,5,5,2025-01-17,25-10-2025,Callee|Caller|SocialMention|Suspect|TransactionMobile,True,🔗 Quad-Verified,True,Named as suspect; Confirmed across sources; CDR + Financial overlap; Social media mention
PER-0300,Person,Logesh Subramani,9000000233.0,CDR|FIR|Financial|SocialMedia,4,5,5,6,5,01-04-2026,28-10-2025,Callee|Caller|SocialMention|Suspect|TransactionMobile,True,🔗 Quad-Verified,True,Named as suspect; Confirmed across sources; CDR + Financial overlap; Social media mention
PER-0301,Person,Venkat Pandian,9000000236.0,CDR|FIR|Financial,3,5,26,2,0,07-11-2025,21-07-2026,Callee|Caller|Complainant|Mentioned|TransactionMobile|Victim,True,🔗 Triple-Verified,True,Confirmed across sources; CDR + Financial overlap
PER-0302,Person,Buvaneswari Murugan,9000000259.0,CDR|FIR|Financial,3,3,14,4,0,07-11-2025,2026-07-26,Callee|Caller|Complainant|Mentioned|TransactionMobile|Victim,True,🔗 Triple-Verified,True,Confirmed across sources; CDR + Financial overlap
PER-0303,Person,Yogesh Gopal,9000000376.0,CDR|FIR|Financial|SocialMedia,4,3,8,7,3,12-11-2025,29-12-2025,Callee|Caller|SocialMention|Suspect|TransactionMobile,True,🔗 Quad-Verified,True,Named as suspect; Confirmed across sources; CDR + Financial overlap; Social media mention
PER-0304,Person,Uma Bai,9000000465.0,CDR|FIR|Financial|SocialMedia,4,2,5,5,3,03-12-2025,2026-04-04,Associate|Callee|Caller|SocialMention|TransactionMobile|Witness,True,🔗 Quad-Verified,True,Confirmed across sources; CDR + Financial overlap; Social media mention
PER-0305,Person,Sudha Bai,9000000394.0,CDR|FIR|Financial,3,3,16,4,0,12-11-2025,2026-07-25,Callee|Caller|Complainant|Mentioned|TransactionMobile|Victim,True,🔗 Triple-Verified,True,Confirmed across sources; CDR + Financial overlap
PER-0306,Person,Dharani Selvam,9000000038.0,CDR|FIR|Financial|SocialMedia,4,3,13,5,3,13-01-2026,2026-06-10,Callee|Caller|SocialMention|Suspect|TransactionMobile,True,🔗 Quad-Verified,True,Named as suspect; Confirmed across sources; CDR + Financial overlap; Social media mention
PER-0307,Person,Deviga Krishnan,9000000040.0,CDR|FIR|Financial,3,7,23,8,0,03-04-2026,23-12-2025,Callee|Caller|Complainant|Mentioned|TransactionMobile|Victim,True,🔗 Triple-Verified,True,Confirmed across sources; CDR + Financial overlap
PER-0308,Person,Kannan Shankar,9000000415.0,CDR|FIR|Financial|SocialMedia,4,3,9,2,5,17-11-2025,27-01-2026,Callee|Caller|SocialMention|Suspect|TransactionMobile,True,🔗 Quad-Verified,True,Named as suspect; Confirmed across sources; CDR + Financial overlap; Social media mention
PER-0309,Person,Sathish Ramasamy,9000000209.0,CDR|FIR|Financial|SocialMedia,4,2,8,4,3,07-06-2026,2026-05-17,Callee|Caller|SocialMention|Suspect|TransactionMobile,True,🔗 Quad-Verified,True,Named as suspect; Confirmed across sources; CDR + Financial overlap; Social media mention
PER-0310,Person,Mathan Balan,9000000084.0,CDR|FIR|Financial|SocialMedia,4,2,7,3,4,2025-01-10,26-08-2026,Callee|Caller|SocialMention|Suspect|TransactionMobile,True,🔗 Quad-Verified,True,Named as suspect; Confirmed across sources; CDR + Financial overlap; Social media mention
PER-0311,Person,Meena Krishnan,9000000474.0,CDR|FIR|Financial,3,3,23,4,0,2025-01-06,25-11-2025,Callee|Caller|Complainant|Mentioned|TransactionMobile|Victim,True,🔗 Triple-Verified,True,Confirmed across sources; CDR + Financial overlap
PER-0312,Person,Deepa Devi,9000000056.0,CDR|FIR|Financial,3,2,14,4,0,02-12-2025,2026-09-11,Callee|Caller|Complainant|TransactionMobile|Victim,True,🔗 Triple-Verified,True,Confirmed across sources; CDR + Financial overlap
PER-0313,Person,Ezhilan Rajan,9000000449.0,CDR|FIR|Financial|SocialMedia,4,1,10,1,4,03-12-2025,2026-08-18,Callee|Caller|SocialMention|Suspect|TransactionMobile,True,🔗 Quad-Verified,True,Named as suspect; Confirmed across sources; CDR + Financial overlap; Social media mention
PER-0314,Person,Gopal Natarajan,9000000030.0,CDR|FIR|Financial|SocialMedia,4,1,9,3,2,03-12-2025,2026-08-01,Callee|Caller|SocialMention|Suspect|TransactionMobile,True,🔗 Quad-Verified,True,Named as suspect; Confirmed across sources; CDR + Financial overlap; Social media mention
PER-0315,Person,Chithra Raman,9000000126.0,CDR|FIR|Financial,3,4,21,7,0,04-12-2025,2026-08-21,Callee|Caller|Complainant|Mentioned|TransactionMobile|Victim,True,🔗 Triple-Verified,True,Confirmed across sources; CDR + Financial overlap
PER-0316,Person,Mohan Ramasamy,9000000458.0,CDR|FIR|Financial|SocialMedia,4,3,7,5,3,01-01-2026,2026-09-10,Callee|Caller|SocialMention|Suspect|TransactionMobile,True,🔗 Quad-Verified,True,Named as suspect; Confirmed across sources; CDR + Financial overlap; Social media mention
PER-0317,Person,Chithra Devi,9000000176.0,CDR|FIR|Financial,3,6,24,4,0,04-12-2025,22-01-2026,Callee|Caller|Complainant|Mentioned|TransactionMobile|Victim,True,🔗 Triple-Verified,True,Confirmed across sources; CDR + Financial overlap
PER-0318,Person,Harish Anand,9000000208.0,CDR|FIR|Financial,3,3,16,5,0,16-12-2025,2026-06-15,Callee|Caller|Complainant|Mentioned|TransactionMobile|Victim,True,🔗 Triple-Verified,True,Confirmed across sources; CDR + Financial overlap
PER-0319,Person,Babu Murugan,9000000226.0,CDR|FIR|Financial,3,6,21,5,0,2025-01-04,26-06-2026,Callee|Caller|Complainant|Mentioned|TransactionMobile|Victim,True,🔗 Triple-Verified,True,Confirmed across sources; CDR + Financial overlap
PER-0320,Person,Kavitha Devi,9000000412.0,CDR|FIR|Financial,3,3,18,1,0,2025-01-03,21-12-2025,Callee|Caller|Complainant|Mentioned|TransactionMobile|Victim,True,🔗 Triple-Verified,True,Confirmed across sources; CDR + Financial overlap
PER-0321,Person,Revathi Raman,9000000145.0,CDR|FIR|Financial|SocialMedia,4,3,6,5,5,01-09-2026,23-12-2025,Associate|Callee|Caller|SocialMention|TransactionMobile,True,🔗 Quad-Verified,True,Confirmed across sources; CDR + Financial overlap; Social media mention
PER-0322,Person,Kishore Muthu,9000000320.0,CDR|FIR,2,2,11,0,0,2025-02-27,23-12-2025,Callee|Caller|Witness,True,🔗 Cross-Verified,True,Confirmed across sources
PER-0323,Person,Meena Murugan,9000000190.0,CDR|FIR,2,1,6,0,0,2025-02-19,23-12-2025,Callee|Caller|Victim,True,🔗 Cross-Verified,True,Confirmed across sources
PER-0324,Person,Malathi Devi,9000000485.0,CDR|FIR|Financial,3,3,16,2,0,2025-01-14,22-12-2025,Callee|Caller|Complainant|Mentioned|TransactionMobile|Victim,True,🔗 Triple-Verified,True,Confirmed across sources; CDR + Financial overlap
PER-0325,Person,Rajeshwari Devi,9000000299.0,FIR,1,2,0,0,0,29-12-2025,29-12-2025,Complainant|Mentioned,False,📄 Single-Source,False,No flags
PER-0326,Person,Gopal Balan,9000000276.0,CDR|FIR,2,1,17,0,0,2025-01-12,29-12-2025,Callee|Caller|Victim,True,🔗 Cross-Verified,True,Confirmed across sources
PER-0327,Person,Abirami Bai,9000000059.0,FIR,1,2,0,0,0,29-12-2025,29-12-2025,Complainant|Mentioned,False,📄 Single-Source,False,No flags
PER-0328,Person,Latha Selvi,9000000459.0,CDR|FIR,2,1,10,0,0,2025-02-25,29-12-2025,Callee|Caller|Victim,True,🔗 Cross-Verified,True,Confirmed across sources
PER-0329,Person,Nandha Muthu,9000000322.0,CDR|FIR|Financial|SocialMedia,4,1,8,5,7,01-01-2026,2026-08-18,Associate|Callee|Caller|SocialMention|TransactionMobile,True,🔗 Quad-Verified,True,Confirmed across sources; CDR + Financial overlap; Social media mention
PER-0330,Person,Indhu Sri,9000000243.0,CDR|FIR|Financial,3,9,19,5,0,02-06-2026,23-12-2025,Callee|Caller|Complainant|Mentioned|TransactionMobile|Victim,True,🔗 Triple-Verified,True,Confirmed across sources; CDR + Financial overlap
PER-0331,Person,Sanjay Velan,9000000095.0,CDR|FIR|Financial|SocialMedia,4,2,9,7,4,05-01-2026,2026-09-01,Callee|Caller|SocialMention|Suspect|TransactionMobile,True,🔗 Quad-Verified,True,Named as suspect; Confirmed across sources; CDR + Financial overlap; Social media mention
PER-0332,Person,Vasanthi Ammal,9000000479.0,CDR|FIR|Financial,3,6,17,4,0,08-01-2026,25-08-2026,Callee|Caller|Complainant|Mentioned|TransactionMobile|Victim,True,🔗 Triple-Verified,True,Confirmed across sources; CDR + Financial overlap
PER-0333,Person,Kishore Chandran,9000000159.0,CDR|FIR|Financial,3,2,19,3,0,10-01-2026,2026-07-21,Callee|Caller|Complainant|TransactionMobile|Victim,True,🔗 Triple-Verified,True,Confirmed across sources; CDR + Financial overlap
PER-0334,Person,Latha Ammal,9000000347.0,CDR|FIR|Financial,3,3,22,5,0,17-01-2026,2026-07-31,Callee|Caller|Complainant|Mentioned|TransactionMobile|Victim,True,🔗 Triple-Verified,True,Confirmed across sources; CDR + Financial overlap
PER-0335,Person,Jeeva Krishnan,9000000414.0,CDR|FIR|Financial,3,3,15,4,0,2025-01-14,21-01-2026,Callee|Caller|Complainant|Mentioned|TransactionMobile|Victim,True,🔗 Triple-Verified,True,Confirmed across sources; CDR + Financial overlap
PER-0336,Person,Inban Palanisamy,9000000342.0,CDR|FIR|Financial,3,3,17,2,0,03-02-2026,2026-07-16,Callee|Caller|Complainant|Mentioned|TransactionMobile|Victim,True,🔗 Triple-Verified,True,Confirmed across sources; CDR + Financial overlap
PER-0337,Person,Jeeva Muthu,9000000124.0,CDR|FIR|Financial|SocialMedia,4,4,11,3,5,04-02-2026,21-03-2026,Associate|Callee|Caller|SocialMention|TransactionMobile,True,🔗 Quad-Verified,True,Confirmed across sources; CDR + Financial overlap; Social media mention
PER-0338,Person,Madhan Rajan,9000000143.0,CDR|FIR|Financial,3,6,23,3,0,09-02-2026,24-05-2026,Callee|Caller|Complainant|Mentioned|TransactionMobile|Victim,True,🔗 Triple-Verified,True,Confirmed across sources; CDR + Financial overlap
PER-0339,Person,Revathi Bai,9000000313.0,CDR|FIR|Financial,3,6,20,2,0,08-03-2026,2026-07-31,Callee|Caller|Complainant|Mentioned|TransactionMobile|Victim,True,🔗 Triple-Verified,True,Confirmed across sources; CDR + Financial overlap
PER-0340,Person,Vignesh Babu,9000000271.0,CDR|FIR|Financial|SocialMedia,4,2,9,1,2,10-02-2026,27-05-2026,Associate|Callee|Caller|SocialMention|TransactionMobile,True,🔗 Quad-Verified,True,Confirmed across sources; CDR + Financial overlap; Social media mention
PER-0341,Person,Madhan Nathan,9000000337.0,CDR|FIR|Financial,3,3,14,9,0,12-02-2026,2026-09-01,Callee|Caller|Complainant|Mentioned|TransactionMobile|Victim,True,🔗 Triple-Verified,True,Confirmed across sources; CDR + Financial overlap
PER-0342,Person,Manoj Sekar,9000000489.0,CDR|FIR|Financial,3,3,28,4,0,14-02-2026,2026-07-26,Callee|Caller|Complainant|Mentioned|TransactionMobile|Victim,True,🔗 Triple-Verified,True,Confirmed across sources; CDR + Financial overlap
PER-0343,Person,Malathi Murugan,9000000027.0,CDR|FIR|Financial,3,13,26,5,0,08-08-2026,29-04-2026,Callee|Caller|Complainant|Mentioned|TransactionMobile|Victim|Witness,True,🔗 Triple-Verified,True,Confirmed across sources; CDR + Financial overlap
PER-0344,Person,Malathi Bai,9000000495.0,CDR|FIR|Financial,3,3,21,3,0,16-02-2026,2026-07-15,Callee|Caller|Complainant|Mentioned|TransactionMobile|Victim,True,🔗 Triple-Verified,True,Confirmed across sources; CDR + Financial overlap
PER-0345,Person,Sanjay Anand,9000000477.0,CDR|FIR|Financial|SocialMedia,4,4,10,1,4,02-06-2026,26-07-2026,Callee|Caller|SocialMention|Suspect|TransactionMobile,True,🔗 Quad-Verified,True,Named as suspect; Confirmed across sources; CDR + Financial overlap; Social media mention
PER-0346,Person,Inban Pandian,9000000385.0,CDR|FIR|Financial,3,2,15,7,0,2025-01-07,22-02-2026,Callee|Caller|Complainant|TransactionMobile|Victim,True,🔗 Triple-Verified,True,Confirmed across sources; CDR + Financial overlap
PER-0347,Person,Bharath Balan,9000000047.0,CDR|FIR|Financial|SocialMedia,4,2,7,5,4,07-05-2026,23-02-2026,Callee|Caller|SocialMention|Suspect|TransactionMobile,True,🔗 Quad-Verified,True,Named as suspect; Confirmed across sources; CDR + Financial overlap; Social media mention
PER-0348,Person,Arun Raj,9000000455.0,CDR|FIR,2,1,7,0,0,2025-01-04,24-02-2026,Callee|Caller|Victim,True,🔗 Cross-Verified,True,Confirmed across sources
PER-0349,Person,Padmini Rani,9000000028.0,CDR|FIR|Financial,3,3,24,2,0,2025-01-14,27-02-2026,Callee|Caller|Complainant|Mentioned|TransactionMobile|Victim,True,🔗 Triple-Verified,True,Confirmed across sources; CDR + Financial overlap
PER-0350,Person,Priya Raman,9000000378.0,CDR|FIR|Financial,3,3,22,2,0,04-03-2026,2026-07-30,Callee|Caller|Complainant|Mentioned|TransactionMobile|Victim,True,🔗 Triple-Verified,True,Confirmed across sources; CDR + Financial overlap
PER-0351,Person,Rajesh Chandran,9000000486.0,CDR|FIR|Financial|SocialMedia,4,6,11,5,2,04-07-2026,29-08-2026,Callee|Caller|SocialMention|Suspect|TransactionMobile,True,🔗 Quad-Verified,True,Named as suspect; Confirmed across sources; CDR + Financial overlap; Social media mention
PER-0352,Person,Yuvaraj Natarajan,9000000298.0,CDR|FIR|Financial|SocialMedia,4,6,11,3,4,05-08-2026,25-07-2026,Callee|Caller|SocialMention|Suspect|TransactionMobile,True,🔗 Quad-Verified,True,Named as suspect; Confirmed across sources; CDR + Financial overlap; Social media mention
PER-0353,Person,Divya Sekar,9000000371.0,CDR|FIR|Financial,3,14,24,5,0,01-05-2026,30-06-2026,Callee|Caller|Complainant|Mentioned|TransactionMobile|Victim,True,🔗 Triple-Verified,True,Confirmed across sources; CDR + Financial overlap
PER-0354,Person,Naveen Krishnan,9000000013.0,CDR|FIR|Financial|SocialMedia,4,1,12,2,3,2025-01-31,21-03-2026,Associate|Callee|Caller|SocialMention|TransactionMobile,True,🔗 Quad-Verified,True,Confirmed across sources; CDR + Financial overlap; Social media mention
PER-0355,Person,Ajith Nathan,9000000297.0,CDR|FIR|Financial|SocialMedia,4,7,4,5,3,10-04-2026,29-07-2026,Callee|SocialMention|Suspect|TransactionMobile,True,🔗 Quad-Verified,True,Named as suspect; Confirmed across sources; CDR + Financial overlap; Social media mention
PER-0356,Person,Senthil Natarajan,9000000262.0,CDR|FIR|Financial|SocialMedia,4,5,4,6,4,09-04-2026,25-06-2026,Callee|Caller|SocialMention|Suspect|TransactionMobile,True,🔗 Quad-Verified,True,Named as suspect; Confirmed across sources; CDR + Financial overlap; Social media mention
PER-0357,Person,Vijay Raman,9000000350.0,CDR|FIR|Financial|SocialMedia,4,4,11,4,3,10-05-2026,31-05-2026,Callee|Caller|SocialMention|Suspect|TransactionMobile,True,🔗 Quad-Verified,True,Named as suspect; Confirmed across sources; CDR + Financial overlap; Social media mention
PER-0358,Person,Venkat Kumar,9000000274.0,CDR|FIR|Financial,3,5,19,6,0,12-05-2026,24-03-2026,Callee|Caller|Complainant|Mentioned|TransactionMobile|Victim,True,🔗 Triple-Verified,True,Confirmed across sources; CDR + Financial overlap
PER-0359,Person,Suresh Thangaraj,9000000494.0,FIR,1,2,0,0,0,03-04-2026,03-04-2026,Complainant|Mentioned,False,📄 Single-Source,False,No flags
PER-0360,Person,Sanjay Palanisamy,9000000215.0,CDR|FIR|Financial|SocialMedia,4,4,11,2,5,02-05-2026,26-06-2026,Callee|Caller|SocialMention|Suspect|TransactionMobile,True,🔗 Quad-Verified,True,Named as suspect; Confirmed across sources; CDR + Financial overlap; Social media mention
PER-0361,Person,Abirami Rani,9000000451.0,CDR|FIR|Financial|SocialMedia,4,1,11,5,4,05-04-2026,2026-07-23,Associate|Callee|Caller|SocialMention|TransactionMobile,True,🔗 Quad-Verified,True,Confirmed across sources; CDR + Financial overlap; Social media mention
PER-0362,Person,Indhu Rani,,CDR|FIR,2,2,13,0,0,06-04-2026,2026-07-18,Callee|Caller|Witness,True,🔗 Cross-Verified,True,Confirmed across sources
PER-0363,Person,Gunasekar Prakash,9000000443.0,CDR|FIR,2,1,12,0,0,08-04-2026,2026-06-08,Callee|Caller|Victim,True,🔗 Cross-Verified,True,Confirmed across sources
PER-0364,Person,Janani Sekar,9000000401.0,CDR|FIR|Financial,3,2,24,4,0,08-04-2026,2026-07-29,Callee|Caller|Complainant|TransactionMobile|Victim,True,🔗 Triple-Verified,True,Confirmed across sources; CDR + Financial overlap
PER-0365,Person,Karthik Shankar,9000000306.0,CDR|FIR|Financial|SocialMedia,4,9,10,7,4,08-04-2026,30-06-2026,Callee|Caller|SocialMention|Suspect|TransactionMobile,True,🔗 Quad-Verified,True,Named as suspect; Confirmed across sources; CDR + Financial overlap; Social media mention
PER-0366,Person,Deepak Muthu,9000000404.0,CDR|FIR|Financial,3,3,21,2,0,09-04-2026,2026-07-22,Callee|Caller|Complainant|Mentioned|TransactionMobile|Victim,True,🔗 Triple-Verified,True,Confirmed across sources; CDR + Financial overlap
PER-0367,Person,Yogesh Sekar,9000000101.0,CDR|FIR|Financial,3,3,22,2,0,08-04-2026,2026-06-25,Callee|Caller|Complainant|Mentioned|TransactionMobile|Victim,True,🔗 Triple-Verified,True,Confirmed across sources; CDR + Financial overlap
PER-0368,Person,Gokul Babu,9000000090.0,CDR|FIR|Financial,3,2,28,3,0,2025-02-12,27-03-2026,Callee|Caller|Complainant|TransactionMobile|Victim,True,🔗 Triple-Verified,True,Confirmed across sources; CDR + Financial overlap
PER-0369,Person,Hemanth Arumugam,9000000264.0,CDR|FIR|Financial|SocialMedia,4,2,8,3,2,18-08-2026,27-03-2026,Callee|Caller|SocialMention|Suspect|TransactionMobile,True,🔗 Quad-Verified,True,Named as suspect; Confirmed across sources; CDR + Financial overlap; Social media mention
PER-0370,Person,Kavitha Sri,9000000129.0,CDR|FIR|Financial|SocialMedia,4,4,14,5,1,12-04-2026,30-04-2026,Associate|Callee|Caller|SocialMention|TransactionMobile,True,🔗 Quad-Verified,True,Confirmed across sources; CDR + Financial overlap; Social media mention
PER-0371,Person,Bhuvana Kannan,9000000362.0,CDR|FIR|Financial,3,2,12,5,0,12-04-2026,2026-05-17,Callee|Caller|Complainant|TransactionMobile|Victim,True,🔗 Triple-Verified,True,Confirmed across sources; CDR + Financial overlap
PER-0372,Person,Amudha Sri,9000000218.0,CDR|FIR|Financial,3,6,19,1,0,12-06-2026,2026-08-02,Callee|Caller|Complainant|Mentioned|TransactionMobile|Victim,True,🔗 Triple-Verified,True,Confirmed across sources; CDR + Financial overlap
PER-0373,Person,Anand Muthu,9000000280.0,CDR|FIR|Financial|SocialMedia,4,3,12,4,2,03-05-2026,24-04-2026,Associate|Callee|Caller|SocialMention|Suspect|TransactionMobile,True,🔗 Quad-Verified,True,Named as suspect; Confirmed across sources; CDR + Financial overlap; Social media mention
PER-0374,Person,Lokesh Murugan,9000000325.0,CDR|FIR|Financial,3,3,20,1,0,2025-01-08,24-04-2026,Callee|Caller|Complainant|Mentioned|TransactionMobile|Victim,True,🔗 Triple-Verified,True,Confirmed across sources; CDR + Financial overlap
PER-0375,Person,Inban Babu,9000000448.0,CDR|FIR|Financial,3,3,17,2,0,2025-02-18,30-04-2026,Callee|Caller|Complainant|Mentioned|TransactionMobile|Victim,True,🔗 Triple-Verified,True,Confirmed across sources; CDR + Financial overlap
PER-0376,Person,Harish Pandian,9000000199.0,CDR|FIR|Financial,3,3,15,7,0,09-05-2026,2026-08-20,Callee|Caller|Complainant|Mentioned|TransactionMobile|Victim,True,🔗 Triple-Verified,True,Confirmed across sources; CDR + Financial overlap
PER-0377,Person,Selvam Babu,9000000065.0,CDR|FIR|Financial,3,3,16,6,0,10-05-2026,2026-06-17,Callee|Caller|Complainant|Mentioned|TransactionMobile|Victim,True,🔗 Triple-Verified,True,Confirmed across sources; CDR + Financial overlap
PER-0378,Person,Senthil Raman,9000000308.0,CDR|FIR|Financial,3,3,18,5,0,17-05-2026,2026-08-28,Callee|Caller|Complainant|Mentioned|TransactionMobile|Victim,True,🔗 Triple-Verified,True,Confirmed across sources; CDR + Financial overlap
PER-0379,Person,Gopal Mani,9000000457.0,CDR|FIR|Financial|SocialMedia,4,3,11,5,2,17-06-2026,27-05-2026,Callee|Caller|SocialMention|Suspect|TransactionMobile,True,🔗 Quad-Verified,True,Named as suspect; Confirmed across sources; CDR + Financial overlap; Social media mention
PER-0380,Person,Eswari Sri,9000000024.0,CDR|FIR|Financial,3,6,20,2,0,18-08-2026,27-05-2026,Callee|Caller|Complainant|Mentioned|TransactionMobile|Victim,True,🔗 Triple-Verified,True,Confirmed across sources; CDR + Financial overlap
PER-0381,Person,Priya Selvi,9000000128.0,CDR|FIR|Financial,3,3,17,2,0,2025-01-03,31-05-2026,Callee|Caller|Complainant|Mentioned|TransactionMobile|Victim,True,🔗 Triple-Verified,True,Confirmed across sources; CDR + Financial overlap
PER-0382,Person,Gayathri Krishnan,9000000387.0,CDR|FIR|Financial,3,3,17,4,0,11-06-2026,2026-06-30,Callee|Caller|Complainant|Mentioned|TransactionMobile|Victim,True,🔗 Triple-Verified,True,Confirmed across sources; CDR + Financial overlap
PER-0383,Person,Jothi Murugan,9000000142.0,FIR,1,2,0,0,0,16-06-2026,16-06-2026,Complainant|Mentioned,False,📄 Single-Source,False,No flags
PER-0384,Person,Naveen Muthu,9000000375.0,CDR|FIR|Financial|SocialMedia,4,1,11,4,6,19-06-2026,2026-07-18,Associate|Callee|Caller|SocialMention|TransactionMobile,True,🔗 Quad-Verified,True,Confirmed across sources; CDR + Financial overlap; Social media mention
PER-0385,Person,Praveen Muthu,9000000222.0,CDR|FIR|Financial,3,3,16,10,0,2025-02-15,25-06-2026,Callee|Caller|Complainant|Mentioned|TransactionMobile|Victim,True,🔗 Triple-Verified,True,Confirmed across sources; CDR + Financial overlap
PER-0386,Person,Bharathi Sri,9000000283.0,FIR,1,2,0,0,0,04-07-2026,04-07-2026,Complainant|Mentioned,False,📄 Single-Source,False,No flags
PER-0387,Person,Nandhini Kumari,9000000364.0,CDR|FIR,2,1,3,0,0,04-07-2026,2026-05-25,Callee|Caller|Victim,True,🔗 Cross-Verified,True,Confirmed across sources
PER-0388,Person,Jothi Selvam,9000000421.0,CDR|FIR,2,1,11,0,0,05-07-2026,2026-07-27,Callee|Caller|Victim,True,🔗 Cross-Verified,True,Confirmed across sources
PER-0389,Person,Babu Krishnan,9000000033.0,CDR|FIR|Financial|SocialMedia,4,1,15,8,2,05-07-2026,2026-07-31,Callee|Caller|SocialMention|Suspect|TransactionMobile,True,🔗 Quad-Verified,True,Named as suspect; Confirmed across sources; CDR + Financial overlap; Social media mention
PER-0390,Person,Vidhya Sri,9000000130.0,CDR|FIR|Financial,3,3,18,3,0,02-07-2026,2026-06-27,Callee|Caller|Complainant|Mentioned|TransactionMobile|Victim,True,🔗 Triple-Verified,True,Confirmed across sources; CDR + Financial overlap
PER-0391,Person,Mohan Velan,9000000150.0,CDR|FIR|Financial|SocialMedia,4,1,4,1,4,02-07-2026,2026-07-24,Associate|Callee|Caller|SocialMention|TransactionMobile,True,🔗 Quad-Verified,True,Confirmed across sources; CDR + Financial overlap; Social media mention
PER-0392,Person,Buvaneswari Devi,9000000492.0,CDR|FIR|Financial,3,3,15,2,0,08-07-2026,2026-07-28,Callee|Caller|Complainant|Mentioned|TransactionMobile|Victim,True,🔗 Triple-Verified,True,Confirmed across sources; CDR + Financial overlap
PER-0393,Person,Vidhya Bai,9000000217.0,CDR|FIR|Financial,3,2,17,2,0,2025-01-05,26-07-2026,Callee|Caller|Complainant|TransactionMobile|Victim,True,🔗 Triple-Verified,True,Confirmed across sources; CDR + Financial overlap
PER-0394,Person,Hemanth Nathan,9000000110.0,CDR|FIR|Financial,3,3,25,4,0,2025-01-25,26-07-2026,Callee|Caller|Complainant|Mentioned|TransactionMobile|Victim,True,🔗 Triple-Verified,True,Confirmed across sources; CDR + Financial overlap
PER-0395,Person,Udhay Ramasamy,9000000368.0,CDR|FIR|Financial,3,3,21,2,0,05-08-2026,2026-07-13,Callee|Caller|Complainant|Mentioned|TransactionMobile|Victim,True,🔗 Triple-Verified,True,Confirmed across sources; CDR + Financial overlap
PER-0396,Person,Nithya Devi,9000000109.0,CDR|FIR|Financial,3,1,9,4,0,2025-04-11,23-08-2026,Associate|Callee|Caller|TransactionMobile,True,🔗 Triple-Verified,True,Confirmed across sources; CDR + Financial overlap
PER-0397,Person,Buvaneswari Rani,9000000107.0,CDR|FIR|Financial,3,3,19,2,0,2025-01-02,22-08-2026,Callee|Caller|Complainant|Mentioned|TransactionMobile|Victim,True,🔗 Triple-Verified,True,Confirmed across sources; CDR + Financial overlap
PER-0398,Person,Sanjay Shankar,9000000332.0,CDR|FIR|Financial|SocialMedia,4,1,11,7,4,2025-02-01,25-08-2026,Callee|Caller|SocialMention|Suspect|TransactionMobile,True,🔗 Quad-Verified,True,Named as suspect; Confirmed across sources; CDR + Financial overlap; Social media mention
PER-0399,Person,Praveen Shankar,9000000131.0,CDR|FIR|Financial,3,3,12,4,0,04-09-2026,2026-08-04,Callee|Caller|Complainant|Mentioned|TransactionMobile|Victim,True,🔗 Triple-Verified,True,Confirmed across sources; CDR + Financial overlap
PER-0400,Person,Hemanth Krishnan,9000000185.0,CDR|FIR|Financial,3,3,19,6,0,01-09-2026,2026-08-17,Callee|Caller|Complainant|Mentioned|TransactionMobile|Victim,True,🔗 Triple-Verified,True,Confirmed across sources; CDR + Financial overlap
PER-0401,Person,Harini Selvam,9000000475.0,CDR|FIR|Financial,3,3,21,1,0,09-09-2026,2026-06-30,Callee|Caller|Complainant|Mentioned|TransactionMobile|Victim,True,🔗 Triple-Verified,True,Confirmed across sources; CDR + Financial overlap
SOC-0001,SocialHandle,@Temp_Vignesh213,,SocialMedia,1,0,0,0,1,2026-08-16,2026-08-16,Author,False,📄 Single-Source,False,Social media mention
SOC-0002,SocialHandle,@Only_Logesh69,,SocialMedia,1,0,0,0,1,2026-03-17,2026-03-17,Author,False,📄 Single-Source,False,Social media mention
SOC-0003,SocialHandle,@The_Jagan281,,SocialMedia,1,0,0,0,1,2026-04-17,2026-04-17,Author,False,📄 Single-Source,False,Social media mention
SOC-0004,SocialHandle,@Anon_Janani133,,SocialMedia,1,0,0,0,1,2025-02-19,2025-02-19,Author,False,📄 Single-Source,False,Social media mention
SOC-0005,SocialHandle,@Anon_Jeeva103,,SocialMedia,1,0,0,0,9,2025-02-01,2026-08-08,Author,False,📄 Single-Source,False,Social media mention
SOC-0006,SocialHandle,@Anon_Praveen613,,SocialMedia,1,0,0,0,9,2025-03-30,2026-05-22,Author,False,📄 Single-Source,False,Social media mention
SOC-0007,SocialHandle,@Dark_Hemanth430,,SocialMedia,1,0,0,0,1,2026-07-21,2026-07-21,Author,False,📄 Single-Source,False,Social media mention
SOC-0008,SocialHandle,@Dark_Anand915,,SocialMedia,1,0,0,0,10,2025-01-31,2026-07-18,Author,False,📄 Single-Source,False,Social media mention
SOC-0009,SocialHandle,@The_Yogesh398,,SocialMedia,1,0,0,0,1,2025-10-31,2025-10-31,Author,False,📄 Single-Source,False,Social media mention
SOC-0010,SocialHandle,@Real_Rajesh377,,SocialMedia,1,0,0,0,7,2025-03-21,2026-08-11,Author,False,📄 Single-Source,False,Social media mention
SOC-0011,SocialHandle,@The_Nithya68,,SocialMedia,1,0,0,0,1,2025-03-04,2025-03-04,Author,False,📄 Single-Source,False,Social media mention
SOC-0012,SocialHandle,@Temp_Hariharan418,,SocialMedia,1,0,0,0,6,2025-03-05,2026-08-05,Author,False,📄 Single-Source,False,Social media mention
SOC-0013,SocialHandle,@Real_Rakesh633,,SocialMedia,1,0,0,0,7,2025-11-26,2026-06-13,Author,False,📄 Single-Source,False,Social media mention
SOC-0014,SocialHandle,@Xyz_Pandian228,,SocialMedia,1,0,0,0,1,2025-04-13,2025-04-13,Author,False,📄 Single-Source,False,Social media mention
SOC-0015,SocialHandle,@Temp_Sathish836,,SocialMedia,1,0,0,0,1,2025-01-07,2025-01-07,Author,False,📄 Single-Source,False,Social media mention
SOC-0016,SocialHandle,@The_Mohan288,,SocialMedia,1,0,0,0,1,2025-06-13,2025-06-13,Author,False,📄 Single-Source,False,Social media mention
SOC-0017,SocialHandle,@The_Jagan483,,SocialMedia,1,0,0,0,6,2025-02-04,2026-09-12,Author,False,📄 Single-Source,False,Social media mention
SOC-0018,SocialHandle,@Real_Madhan977,,SocialMedia,1,0,0,0,1,2025-04-26,2025-04-26,Author,False,📄 Single-Source,False,Social media mention
SOC-0019,SocialHandle,@Shadow_Ezhilan225,,SocialMedia,1,0,0,0,1,2026-06-03,2026-06-03,Author,False,📄 Single-Source,False,Social media mention
SOC-0020,SocialHandle,@The_Babu764,,SocialMedia,1,0,0,0,1,2026-08-31,2026-08-31,Author,False,📄 Single-Source,False,Social media mention
SOC-0021,SocialHandle,@Only_Praveen846,,SocialMedia,1,0,0,0,1,2025-09-29,2025-09-29,Author,False,📄 Single-Source,False,Social media mention
SOC-0022,SocialHandle,@User_Ganesh40,,SocialMedia,1,0,0,0,5,2025-02-18,2025-12-18,Author,False,📄 Single-Source,False,Social media mention
SOC-0023,SocialHandle,@The_Hemanth604,,SocialMedia,1,0,0,0,1,2025-07-26,2025-07-26,Author,False,📄 Single-Source,False,Social media mention
SOC-0024,SocialHandle,@Dark_Kishore931,,SocialMedia,1,0,0,0,1,2025-07-17,2025-07-17,Author,False,📄 Single-Source,False,Social media mention
SOC-0025,SocialHandle,@Temp_Mohan331,,SocialMedia,1,0,0,0,1,2025-04-07,2025-04-07,Author,False,📄 Single-Source,False,Social media mention
SOC-0026,SocialHandle,@The_Mohan206,,SocialMedia,1,0,0,0,1,2025-10-22,2025-10-22,Author,False,📄 Single-Source,False,Social media mention
SOC-0027,SocialHandle,@Real_Kumaran300,,SocialMedia,1,0,0,0,1,2026-05-07,2026-05-07,Author,False,📄 Single-Source,False,Social media mention
SOC-0028,SocialHandle,@Anon_Naveen559,,SocialMedia,1,0,0,0,6,2025-02-16,2026-04-20,Author,False,📄 Single-Source,False,Social media mention
SOC-0029,SocialHandle,@Anon_Lokesh419,,SocialMedia,1,0,0,0,1,2026-05-25,2026-05-25,Author,False,📄 Single-Source,False,Social media mention
SOC-0030,SocialHandle,@Anon_Jagan928,,SocialMedia,1,0,0,0,1,2026-01-04,2026-01-04,Author,False,📄 Single-Source,False,Social media mention
SOC-0031,SocialHandle,@Only_Hariharan75,,SocialMedia,1,0,0,0,1,2025-09-15,2025-09-15,Author,False,📄 Single-Source,False,Social media mention
SOC-0032,SocialHandle,@Temp_Nandha399,,SocialMedia,1,0,0,0,1,2025-10-01,2025-10-01,Author,False,📄 Single-Source,False,Social media mention
SOC-0033,SocialHandle,@Dark_Hariharan507,,SocialMedia,1,0,0,0,1,2025-09-19,2025-09-19,Author,False,📄 Single-Source,False,Social media mention
SOC-0034,SocialHandle,@Anon_Abirami344,,SocialMedia,1,0,0,0,1,2025-10-22,2025-10-22,Author,False,📄 Single-Source,False,Social media mention
SOC-0035,SocialHandle,@Anon_Murugan660,,SocialMedia,1,0,0,0,7,2025-02-23,2026-09-01,Author,False,📄 Single-Source,False,Social media mention
SOC-0036,SocialHandle,@The_Kishore997,,SocialMedia,1,0,0,0,1,2026-03-26,2026-03-26,Author,False,📄 Single-Source,False,Social media mention
SOC-0037,SocialHandle,@Real_Jagan723,,SocialMedia,1,0,0,0,1,2026-06-16,2026-06-16,Author,False,📄 Single-Source,False,Social media mention
SOC-0038,SocialHandle,@Real_Logesh166,,SocialMedia,1,0,0,0,7,2025-05-14,2026-04-18,Author,False,📄 Single-Source,False,Social media mention
SOC-0039,SocialHandle,@Only_Arun681,,SocialMedia,1,0,0,0,7,2025-04-02,2026-03-30,Author,False,📄 Single-Source,False,Social media mention
SOC-0040,SocialHandle,@Real_Jagan295,,SocialMedia,1,0,0,0,1,2025-07-09,2025-07-09,Author,False,📄 Single-Source,False,Social media mention
SOC-0041,SocialHandle,@Xyz_Kumaran756,,SocialMedia,1,0,0,0,6,2025-04-26,2026-09-05,Author,False,📄 Single-Source,False,Social media mention
SOC-0042,SocialHandle,@Xyz_Murugan267,,SocialMedia,1,0,0,0,10,2025-01-02,2026-06-16,Author,False,📄 Single-Source,False,Social media mention
SOC-0043,SocialHandle,@Official_Sanjay323,,SocialMedia,1,0,0,0,1,2025-04-04,2025-04-04,Author,False,📄 Single-Source,False,Social media mention
SOC-0044,SocialHandle,@Temp_Mohan788,,SocialMedia,1,0,0,0,1,2025-08-08,2025-08-08,Author,False,📄 Single-Source,False,Social media mention
SOC-0045,SocialHandle,@Anon_Gopal461,,SocialMedia,1,0,0,0,1,2025-02-09,2025-02-09,Author,False,📄 Single-Source,False,Social media mention
SOC-0046,SocialHandle,@The_Nithin162,,SocialMedia,1,0,0,0,1,2025-08-24,2025-08-24,Author,False,📄 Single-Source,False,Social media mention
SOC-0047,SocialHandle,@Only_Mohan650,,SocialMedia,1,0,0,0,1,2026-05-28,2026-05-28,Author,False,📄 Single-Source,False,Social media mention
SOC-0048,SocialHandle,@Official_Gopal43,,SocialMedia,1,0,0,0,1,2026-07-04,2026-07-04,Author,False,📄 Single-Source,False,Social media mention
SOC-0049,SocialHandle,@Dark_Jeeva127,,SocialMedia,1,0,0,0,1,2026-05-19,2026-05-19,Author,False,📄 Single-Source,False,Social media mention
SOC-0050,SocialHandle,@Anon_Prakash137,,SocialMedia,1,0,0,0,1,2025-08-25,2025-08-25,Author,False,📄 Single-Source,False,Social media mention
SOC-0051,SocialHandle,@Shadow_Vignesh628,,SocialMedia,1,0,0,0,1,2025-03-12,2025-03-12,Author,False,📄 Single-Source,False,Social media mention
SOC-0052,SocialHandle,@Official_Nithin195,,SocialMedia,1,0,0,0,1,2025-12-05,2025-12-05,Author,False,📄 Single-Source,False,Social media mention
SOC-0053,SocialHandle,@The_Senthil347,,SocialMedia,1,0,0,0,1,2026-01-20,2026-01-20,Author,False,📄 Single-Source,False,Social media mention
SOC-0054,SocialHandle,@Xyz_Jeeva439,,SocialMedia,1,0,0,0,5,2025-03-18,2026-07-30,Author,False,📄 Single-Source,False,Social media mention
SOC-0055,SocialHandle,@Anon_Anand788,,SocialMedia,1,0,0,0,1,2025-07-27,2025-07-27,Author,False,📄 Single-Source,False,Social media mention
SOC-0056,SocialHandle,@Official_Sanjay574,,SocialMedia,1,0,0,0,1,2025-11-13,2025-11-13,Author,False,📄 Single-Source,False,Social media mention
SOC-0057,SocialHandle,@Dark_Hariharan864,,SocialMedia,1,0,0,0,1,2026-01-02,2026-01-02,Author,False,📄 Single-Source,False,Social media mention
SOC-0058,SocialHandle,@Real_Udhay292,,SocialMedia,1,0,0,0,1,2025-11-19,2025-11-19,Author,False,📄 Single-Source,False,Social media mention
SOC-0059,SocialHandle,@The_Udhay467,,SocialMedia,1,0,0,0,1,2025-09-26,2025-09-26,Author,False,📄 Single-Source,False,Social media mention
SOC-0060,SocialHandle,@Dark_Vignesh54,,SocialMedia,1,0,0,0,1,2026-01-03,2026-01-03,Author,False,📄 Single-Source,False,Social media mention
SOC-0061,SocialHandle,@Real_Mohan905,,SocialMedia,1,0,0,0,1,2025-03-19,2025-03-19,Author,False,📄 Single-Source,False,Social media mention
SOC-0062,SocialHandle,@Shadow_Karthik648,,SocialMedia,1,0,0,0,1,2026-05-20,2026-05-20,Author,False,📄 Single-Source,False,Social media mention
SOC-0063,SocialHandle,@Temp_Sanjay80,,SocialMedia,1,0,0,0,1,2026-06-16,2026-06-16,Author,False,📄 Single-Source,False,Social media mention
SOC-0064,SocialHandle,@User_Yuvaraj57,,SocialMedia,1,0,0,0,1,2025-02-13,2025-02-13,Author,False,📄 Single-Source,False,Social media mention
SOC-0065,SocialHandle,@The_Abirami189,,SocialMedia,1,0,0,0,1,2025-10-25,2025-10-25,Author,False,📄 Single-Source,False,Social media mention
SOC-0066,SocialHandle,@Anon_Gopal932,,SocialMedia,1,0,0,0,1,2026-03-01,2026-03-01,Author,False,📄 Single-Source,False,Social media mention
SOC-0067,SocialHandle,@Dark_Jeeva883,,SocialMedia,1,0,0,0,1,2025-07-04,2025-07-04,Author,False,📄 Single-Source,False,Social media mention
SOC-0068,SocialHandle,@Dark_Mathan400,,SocialMedia,1,0,0,0,7,2025-02-08,2026-07-12,Author,False,📄 Single-Source,False,Social media mention
SOC-0069,SocialHandle,@The_Revathi653,,SocialMedia,1,0,0,0,1,2026-05-03,2026-05-03,Author,False,📄 Single-Source,False,Social media mention
SOC-0070,SocialHandle,@Temp_Senthil206,,SocialMedia,1,0,0,0,8,2025-03-03,2026-04-30,Author,False,📄 Single-Source,False,Social media mention
SOC-0071,SocialHandle,@Anon_Bharath835,,SocialMedia,1,0,0,0,1,2025-09-21,2025-09-21,Author,False,📄 Single-Source,False,Social media mention
SOC-0072,SocialHandle,@User_Abirami280,,SocialMedia,1,0,0,0,1,2025-12-20,2025-12-20,Author,False,📄 Single-Source,False,Social media mention
SOC-0073,SocialHandle,@The_Vasanth281,,SocialMedia,1,0,0,0,6,2025-04-17,2026-04-22,Author,False,📄 Single-Source,False,Social media mention
SOC-0074,SocialHandle,@Real_Uma702,,SocialMedia,1,0,0,0,12,2025-02-26,2026-05-29,Author,False,📄 Single-Source,False,Social media mention
SOC-0075,SocialHandle,@Dark_Harish611,,SocialMedia,1,0,0,0,1,2025-05-01,2025-05-01,Author,False,📄 Single-Source,False,Social media mention
SOC-0076,SocialHandle,@Official_Rajesh957,,SocialMedia,1,0,0,0,7,2025-02-03,2026-04-03,Author,False,📄 Single-Source,False,Social media mention
SOC-0077,SocialHandle,@Real_Rajesh859,,SocialMedia,1,0,0,0,1,2025-06-10,2025-06-10,Author,False,📄 Single-Source,False,Social media mention
SOC-0078,SocialHandle,@The_Hariharan563,,SocialMedia,1,0,0,0,1,2025-05-16,2025-05-16,Author,False,📄 Single-Source,False,Social media mention
SOC-0079,SocialHandle,@Official_Revathi63,,SocialMedia,1,0,0,0,1,2025-11-23,2025-11-23,Author,False,📄 Single-Source,False,Social media mention
SOC-0080,SocialHandle,@Real_Rakesh226,,SocialMedia,1,0,0,0,4,2025-02-26,2026-08-28,Author,False,📄 Single-Source,False,Social media mention
SOC-0081,SocialHandle,@Real_Hariharan512,,SocialMedia,1,0,0,0,1,2025-12-11,2025-12-11,Author,False,📄 Single-Source,False,Social media mention
SOC-0082,SocialHandle,@Shadow_Jagan400,,SocialMedia,1,0,0,0,1,2026-02-17,2026-02-17,Author,False,📄 Single-Source,False,Social media mention
SOC-0083,SocialHandle,@Dark_Eswari357,,SocialMedia,1,0,0,0,1,2025-11-06,2025-11-06,Author,False,📄 Single-Source,False,Social media mention
SOC-0084,SocialHandle,@Real_Ajith103,,SocialMedia,1,0,0,0,1,2025-03-14,2025-03-14,Author,False,📄 Single-Source,False,Social media mention
SOC-0085,SocialHandle,@Dark_Sanjay372,,SocialMedia,1,0,0,0,1,2026-08-06,2026-08-06,Author,False,📄 Single-Source,False,Social media mention
SOC-0086,SocialHandle,@Anon_Hariharan239,,SocialMedia,1,0,0,0,1,2025-09-29,2025-09-29,Author,False,📄 Single-Source,False,Social media mention
SOC-0087,SocialHandle,@Temp_Babu961,,SocialMedia,1,0,0,0,1,2026-06-23,2026-06-23,Author,False,📄 Single-Source,False,Social media mention
SOC-0088,SocialHandle,@User_Murugan787,,SocialMedia,1,0,0,0,5,2025-02-13,2026-08-18,Author,False,📄 Single-Source,False,Social media mention
SOC-0089,SocialHandle,@Shadow_Sanjay329,,SocialMedia,1,0,0,0,1,2026-08-27,2026-08-27,Author,False,📄 Single-Source,False,Social media mention
SOC-0090,SocialHandle,@Only_Vijay248,,SocialMedia,1,0,0,0,4,2025-01-13,2026-07-22,Author,False,📄 Single-Source,False,Social media mention
SOC-0091,SocialHandle,@User_Arun219,,SocialMedia,1,0,0,0,1,2025-06-14,2025-06-14,Author,False,📄 Single-Source,False,Social media mention
SOC-0092,SocialHandle,@The_Revathi399,,SocialMedia,1,0,0,0,1,2025-06-28,2025-06-28,Author,False,📄 Single-Source,False,Social media mention
SOC-0093,SocialHandle,@Shadow_Anand599,,SocialMedia,1,0,0,0,1,2025-11-11,2025-11-11,Author,False,📄 Single-Source,False,Social media mention
SOC-0094,SocialHandle,@Only_Senthil151,,SocialMedia,1,0,0,0,6,2025-05-31,2026-09-01,Author,False,📄 Single-Source,False,Social media mention
SOC-0095,SocialHandle,@Dark_Kishore901,,SocialMedia,1,0,0,0,1,2025-09-21,2025-09-21,Author,False,📄 Single-Source,False,Social media mention
SOC-0096,SocialHandle,@User_Sanjay986,,SocialMedia,1,0,0,0,4,2025-06-06,2026-07-19,Author,False,📄 Single-Source,False,Social media mention
SOC-0097,SocialHandle,@The_Arun460,,SocialMedia,1,0,0,0,1,2025-12-10,2025-12-10,Author,False,📄 Single-Source,False,Social media mention
SOC-0098,SocialHandle,@User_Sanjay387,,SocialMedia,1,0,0,0,1,2025-03-01,2025-03-01,Author,False,📄 Single-Source,False,Social media mention
SOC-0099,SocialHandle,@Anon_Ezhilan940,,SocialMedia,1,0,0,0,1,2026-05-22,2026-05-22,Author,False,📄 Single-Source,False,Social media mention
SOC-0100,SocialHandle,@Real_Vignesh399,,SocialMedia,1,0,0,0,3,2025-03-07,2026-05-14,Author,False,📄 Single-Source,False,Social media mention
SOC-0101,SocialHandle,@Shadow_Sanjay391,,SocialMedia,1,0,0,0,1,2025-10-28,2025-10-28,Author,False,📄 Single-Source,False,Social media mention
SOC-0102,SocialHandle,@Official_Lokesh268,,SocialMedia,1,0,0,0,1,2026-05-25,2026-05-25,Author,False,📄 Single-Source,False,Social media mention
SOC-0103,SocialHandle,@Dark_Mathan142,,SocialMedia,1,0,0,0,1,2025-03-07,2025-03-07,Author,False,📄 Single-Source,False,Social media mention
SOC-0104,SocialHandle,@Shadow_Karthik326,,SocialMedia,1,0,0,0,1,2025-06-16,2025-06-16,Author,False,📄 Single-Source,False,Social media mention
SOC-0105,SocialHandle,@Temp_Vignesh37,,SocialMedia,1,0,0,0,6,2025-07-06,2026-06-17,Author,False,📄 Single-Source,False,Social media mention
SOC-0106,SocialHandle,@The_Arun861,,SocialMedia,1,0,0,0,1,2026-05-01,2026-05-01,Author,False,📄 Single-Source,False,Social media mention
SOC-0107,SocialHandle,@Anon_Nandha249,,SocialMedia,1,0,0,0,1,2025-08-29,2025-08-29,Author,False,📄 Single-Source,False,Social media mention
SOC-0108,SocialHandle,@Xyz_Rajesh550,,SocialMedia,1,0,0,0,1,2025-05-06,2025-05-06,Author,False,📄 Single-Source,False,Social media mention
SOC-0109,SocialHandle,@Real_Mohan738,,SocialMedia,1,0,0,0,1,2025-04-07,2025-04-07,Author,False,📄 Single-Source,False,Social media mention
SOC-0110,SocialHandle,@Temp_Sathish280,,SocialMedia,1,0,0,0,1,2025-09-29,2025-09-29,Author,False,📄 Single-Source,False,Social media mention
SOC-0111,SocialHandle,@Shadow_Kishore239,,SocialMedia,1,0,0,0,1,2025-03-18,2025-03-18,Author,False,📄 Single-Source,False,Social media mention
SOC-0112,SocialHandle,@Anon_Uma469,,SocialMedia,1,0,0,0,1,2025-03-03,2025-03-03,Author,False,📄 Single-Source,False,Social media mention
SOC-0113,SocialHandle,@Temp_Bharathi257,,SocialMedia,1,0,0,0,1,2025-08-15,2025-08-15,Author,False,📄 Single-Source,False,Social media mention
SOC-0114,SocialHandle,@Xyz_Dinesh379,,SocialMedia,1,0,0,0,1,2026-02-13,2026-02-13,Author,False,📄 Single-Source,False,Social media mention
SOC-0115,SocialHandle,@Official_Vasanthi775,,SocialMedia,1,0,0,0,1,2026-09-05,2026-09-05,Author,False,📄 Single-Source,False,Social media mention
SOC-0116,SocialHandle,@Anon_Revathi722,,SocialMedia,1,0,0,0,1,2025-05-22,2025-05-22,Author,False,📄 Single-Source,False,Social media mention
SOC-0117,SocialHandle,@Shadow_Ezhilan965,,SocialMedia,1,0,0,0,1,2025-11-06,2025-11-06,Author,False,📄 Single-Source,False,Social media mention
SOC-0118,SocialHandle,@Anon_Divya718,,SocialMedia,1,0,0,0,1,2026-09-12,2026-09-12,Author,False,📄 Single-Source,False,Social media mention
SOC-0119,SocialHandle,@Real_Rakesh91,,SocialMedia,1,0,0,0,1,2025-08-18,2025-08-18,Author,False,📄 Single-Source,False,Social media mention
SOC-0120,SocialHandle,@Temp_Thirumal704,,SocialMedia,1,0,0,0,1,2025-01-28,2025-01-28,Author,False,📄 Single-Source,False,Social media mention
SOC-0121,SocialHandle,@Shadow_Venkat390,,SocialMedia,1,0,0,0,1,2025-03-01,2025-03-01,Author,False,📄 Single-Source,False,Social media mention
SOC-0122,SocialHandle,@The_Babu521,,SocialMedia,1,0,0,0,1,2026-03-13,2026-03-13,Author,False,📄 Single-Source,False,Social media mention
SOC-0123,SocialHandle,@The_Yuvaraj738,,SocialMedia,1,0,0,0,1,2026-06-28,2026-06-28,Author,False,📄 Single-Source,False,Social media mention
SOC-0124,SocialHandle,@Shadow_Madhan420,,SocialMedia,1,0,0,0,6,2025-11-20,2026-07-26,Author,False,📄 Single-Source,False,Social media mention
SOC-0125,SocialHandle,@Xyz_Balaji430,,SocialMedia,1,0,0,0,1,2026-03-23,2026-03-23,Author,False,📄 Single-Source,False,Social media mention
SOC-0126,SocialHandle,@Dark_Sanjay358,,SocialMedia,1,0,0,0,6,2025-01-01,2026-07-05,Author,False,📄 Single-Source,False,Social media mention
SOC-0127,SocialHandle,@User_Ezhilan93,,SocialMedia,1,0,0,0,1,2026-05-14,2026-05-14,Author,False,📄 Single-Source,False,Social media mention
SOC-0128,SocialHandle,@Official_Sanjay667,,SocialMedia,1,0,0,0,1,2026-01-11,2026-01-11,Author,False,📄 Single-Source,False,Social media mention
SOC-0129,SocialHandle,@Anon_Suresh218,,SocialMedia,1,0,0,0,1,2025-04-22,2025-04-22,Author,False,📄 Single-Source,False,Social media mention
SOC-0130,SocialHandle,@Only_Elango487,,SocialMedia,1,0,0,0,1,2025-12-16,2025-12-16,Author,False,📄 Single-Source,False,Social media mention
SOC-0131,SocialHandle,@User_Anand102,,SocialMedia,1,0,0,0,1,2026-01-28,2026-01-28,Author,False,📄 Single-Source,False,Social media mention
SOC-0132,SocialHandle,@Official_Gopal559,,SocialMedia,1,0,0,0,1,2025-03-25,2025-03-25,Author,False,📄 Single-Source,False,Social media mention
SOC-0133,SocialHandle,@The_Jeeva109,,SocialMedia,1,0,0,0,1,2026-09-10,2026-09-10,Author,False,📄 Single-Source,False,Social media mention
SOC-0134,SocialHandle,@User_Ezhilan49,,SocialMedia,1,0,0,0,1,2025-09-16,2025-09-16,Author,False,📄 Single-Source,False,Social media mention
SOC-0135,SocialHandle,@The_Elango412,,SocialMedia,1,0,0,0,1,2026-07-29,2026-07-29,Author,False,📄 Single-Source,False,Social media mention
SOC-0136,SocialHandle,@Anon_Yuvaraj845,,SocialMedia,1,0,0,0,1,2025-09-15,2025-09-15,Author,False,📄 Single-Source,False,Social media mention
SOC-0137,SocialHandle,@User_Eswari607,,SocialMedia,1,0,0,0,1,2026-02-12,2026-02-12,Author,False,📄 Single-Source,False,Social media mention
SOC-0138,SocialHandle,@Only_Madhan29,,SocialMedia,1,0,0,0,1,2025-11-22,2025-11-22,Author,False,📄 Single-Source,False,Social media mention
SOC-0139,SocialHandle,@Only_Janani584,,SocialMedia,1,0,0,0,1,2026-05-30,2026-05-30,Author,False,📄 Single-Source,False,Social media mention
SOC-0140,SocialHandle,@Temp_Karthik505,,SocialMedia,1,0,0,0,1,2025-07-11,2025-07-11,Author,False,📄 Single-Source,False,Social media mention
SOC-0141,SocialHandle,@Xyz_Kavitha966,,SocialMedia,1,0,0,0,1,2026-07-15,2026-07-15,Author,False,📄 Single-Source,False,Social media mention
SOC-0142,SocialHandle,@Real_Nithin433,,SocialMedia,1,0,0,0,1,2026-01-02,2026-01-02,Author,False,📄 Single-Source,False,Social media mention
SOC-0143,SocialHandle,@Official_Babu338,,SocialMedia,1,0,0,0,1,2025-02-15,2025-02-15,Author,False,📄 Single-Source,False,Social media mention
SOC-0144,SocialHandle,@User_Vignesh866,,SocialMedia,1,0,0,0,1,2026-01-20,2026-01-20,Author,False,📄 Single-Source,False,Social media mention
SOC-0145,SocialHandle,@The_Mohan758,,SocialMedia,1,0,0,0,1,2025-07-19,2025-07-19,Author,False,📄 Single-Source,False,Social media mention
SOC-0146,SocialHandle,@Dark_Chithra537,,SocialMedia,1,0,0,0,1,2025-11-08,2025-11-08,Author,False,📄 Single-Source,False,Social media mention
SOC-0147,SocialHandle,@Official_Murugan173,,SocialMedia,1,0,0,0,1,2026-01-26,2026-01-26,Author,False,📄 Single-Source,False,Social media mention
SOC-0148,SocialHandle,@Only_Murugan706,,SocialMedia,1,0,0,0,1,2026-09-04,2026-09-04,Author,False,📄 Single-Source,False,Social media mention
SOC-0149,SocialHandle,@Real_Udhay930,,SocialMedia,1,0,0,0,1,2025-02-13,2025-02-13,Author,False,📄 Single-Source,False,Social media mention
SOC-0150,SocialHandle,@User_Logesh415,,SocialMedia,1,0,0,0,1,2025-01-03,2025-01-03,Author,False,📄 Single-Source,False,Social media mention
SOC-0151,SocialHandle,@Real_Yogesh966,,SocialMedia,1,0,0,0,1,2025-08-11,2025-08-11,Author,False,📄 Single-Source,False,Social media mention
SOC-0152,SocialHandle,@The_Harish679,,SocialMedia,1,0,0,0,1,2025-04-03,2025-04-03,Author,False,📄 Single-Source,False,Social media mention
SOC-0153,SocialHandle,@Anon_Yuvaraj699,,SocialMedia,1,0,0,0,1,2025-11-26,2025-11-26,Author,False,📄 Single-Source,False,Social media mention
SOC-0154,SocialHandle,@Xyz_Kishore778,,SocialMedia,1,0,0,0,7,2025-01-26,2026-03-08,Author,False,📄 Single-Source,False,Social media mention
SOC-0155,SocialHandle,@Temp_Mathan698,,SocialMedia,1,0,0,0,1,2025-02-07,2025-02-07,Author,False,📄 Single-Source,False,Social media mention
SOC-0156,SocialHandle,@The_Arun525,,SocialMedia,1,0,0,0,1,2025-07-01,2025-07-01,Author,False,📄 Single-Source,False,Social media mention
SOC-0157,SocialHandle,@Only_Karthik433,,SocialMedia,1,0,0,0,1,2025-02-17,2025-02-17,Author,False,📄 Single-Source,False,Social media mention
SOC-0158,SocialHandle,@Xyz_Rajesh336,,SocialMedia,1,0,0,0,1,2025-11-14,2025-11-14,Author,False,📄 Single-Source,False,Social media mention
SOC-0159,SocialHandle,@Anon_Thirumal946,,SocialMedia,1,0,0,0,1,2025-11-17,2025-11-17,Author,False,📄 Single-Source,False,Social media mention
SOC-0160,SocialHandle,@Real_Ezhilan202,,SocialMedia,1,0,0,0,1,2026-04-02,2026-04-02,Author,False,📄 Single-Source,False,Social media mention
SOC-0161,SocialHandle,@Only_Gopal969,,SocialMedia,1,0,0,0,1,2026-07-30,2026-07-30,Author,False,📄 Single-Source,False,Social media mention
SOC-0162,SocialHandle,@Dark_Nandha487,,SocialMedia,1,0,0,0,1,2025-10-07,2025-10-07,Author,False,📄 Single-Source,False,Social media mention
SOC-0163,SocialHandle,@Only_Elango389,,SocialMedia,1,0,0,0,1,2025-02-05,2025-02-05,Author,False,📄 Single-Source,False,Social media mention
SOC-0164,SocialHandle,@Official_Madhan166,,SocialMedia,1,0,0,0,1,2025-06-28,2025-06-28,Author,False,📄 Single-Source,False,Social media mention
SOC-0165,SocialHandle,@Anon_Udhay182,,SocialMedia,1,0,0,0,1,2025-10-01,2025-10-01,Author,False,📄 Single-Source,False,Social media mention
SOC-0166,SocialHandle,@User_Anand792,,SocialMedia,1,0,0,0,1,2025-04-17,2025-04-17,Author,False,📄 Single-Source,False,Social media mention
SOC-0167,SocialHandle,@Temp_Yogesh663,,SocialMedia,1,0,0,0,1,2026-04-24,2026-04-24,Author,False,📄 Single-Source,False,Social media mention
SOC-0168,SocialHandle,@Only_Naveen644,,SocialMedia,1,0,0,0,1,2025-10-03,2025-10-03,Author,False,📄 Single-Source,False,Social media mention
SOC-0169,SocialHandle,@User_Arun729,,SocialMedia,1,0,0,0,1,2026-01-24,2026-01-24,Author,False,📄 Single-Source,False,Social media mention
SOC-0170,SocialHandle,@Official_Ajith57,,SocialMedia,1,0,0,0,1,2026-06-16,2026-06-16,Author,False,📄 Single-Source,False,Social media mention
SOC-0171,SocialHandle,@Real_Abirami316,,SocialMedia,1,0,0,0,1,2025-07-06,2025-07-06,Author,False,📄 Single-Source,False,Social media mention
SOC-0172,SocialHandle,@User_Sathish110,,SocialMedia,1,0,0,0,1,2025-03-01,2025-03-01,Author,False,📄 Single-Source,False,Social media mention
SOC-0173,SocialHandle,@Anon_Venkat243,,SocialMedia,1,0,0,0,1,2025-10-19,2025-10-19,Author,False,📄 Single-Source,False,Social media mention
SOC-0174,SocialHandle,@Official_Dinesh167,,SocialMedia,1,0,0,0,1,2026-09-01,2026-09-01,Author,False,📄 Single-Source,False,Social media mention
SOC-0175,SocialHandle,@Shadow_Nithin789,,SocialMedia,1,0,0,0,1,2025-04-13,2025-04-13,Author,False,📄 Single-Source,False,Social media mention
SOC-0176,SocialHandle,@Temp_Jagan543,,SocialMedia,1,0,0,0,1,2025-10-23,2025-10-23,Author,False,📄 Single-Source,False,Social media mention
SOC-0177,SocialHandle,@Official_Mohan859,,SocialMedia,1,0,0,0,6,2025-02-08,2026-08-10,Author,False,📄 Single-Source,False,Social media mention
SOC-0178,SocialHandle,@Real_Vasanth148,,SocialMedia,1,0,0,0,1,2025-11-04,2025-11-04,Author,False,📄 Single-Source,False,Social media mention
SOC-0179,SocialHandle,@Official_Udhay338,,SocialMedia,1,0,0,0,1,2026-06-25,2026-06-25,Author,False,📄 Single-Source,False,Social media mention
SOC-0180,SocialHandle,@Shadow_Jagan395,,SocialMedia,1,0,0,0,1,2026-09-03,2026-09-03,Author,False,📄 Single-Source,False,Social media mention
SOC-0181,SocialHandle,@Only_Ajith458,,SocialMedia,1,0,0,0,1,2026-06-23,2026-06-23,Author,False,📄 Single-Source,False,Social media mention
SOC-0182,SocialHandle,@Dark_Ganesh85,,SocialMedia,1,0,0,0,1,2026-04-10,2026-04-10,Author,False,📄 Single-Source,False,Social media mention
SOC-0183,SocialHandle,@Xyz_Senthil618,,SocialMedia,1,0,0,0,1,2025-03-08,2025-03-08,Author,False,📄 Single-Source,False,Social media mention
SOC-0184,SocialHandle,@Shadow_Karthik998,,SocialMedia,1,0,0,0,1,2025-03-24,2025-03-24,Author,False,📄 Single-Source,False,Social media mention
SOC-0185,SocialHandle,@Anon_Praveen393,,SocialMedia,1,0,0,0,1,2026-08-23,2026-08-23,Author,False,📄 Single-Source,False,Social media mention
SOC-0186,SocialHandle,@Anon_Tamilarasan749,,SocialMedia,1,0,0,0,1,2025-09-05,2025-09-05,Author,False,📄 Single-Source,False,Social media mention
SOC-0187,SocialHandle,@Only_Ezhilan538,,SocialMedia,1,0,0,0,1,2025-05-05,2025-05-05,Author,False,📄 Single-Source,False,Social media mention
SOC-0188,SocialHandle,@Dark_Sanjay620,,SocialMedia,1,0,0,0,4,2025-01-10,2026-09-10,Author,False,📄 Single-Source,False,Social media mention
SOC-0189,SocialHandle,@Dark_Thirumal171,,SocialMedia,1,0,0,0,5,2025-02-14,2026-09-11,Author,False,📄 Single-Source,False,Social media mention
SOC-0190,SocialHandle,@Anon_Karthik550,,SocialMedia,1,0,0,0,1,2025-09-01,2025-09-01,Author,False,📄 Single-Source,False,Social media mention
SOC-0191,SocialHandle,@Temp_Yuvaraj614,,SocialMedia,1,0,0,0,1,2025-04-15,2025-04-15,Author,False,📄 Single-Source,False,Social media mention
SOC-0192,SocialHandle,@Temp_Mathan151,,SocialMedia,1,0,0,0,1,2025-11-25,2025-11-25,Author,False,📄 Single-Source,False,Social media mention
SOC-0193,SocialHandle,@Anon_Siva435,,SocialMedia,1,0,0,0,1,2025-12-11,2025-12-11,Author,False,📄 Single-Source,False,Social media mention
SOC-0194,SocialHandle,@Official_Gokul905,,SocialMedia,1,0,0,0,1,2025-12-16,2025-12-16,Author,False,📄 Single-Source,False,Social media mention
SOC-0195,SocialHandle,@The_Hariharan640,,SocialMedia,1,0,0,0,1,2025-06-10,2025-06-10,Author,False,📄 Single-Source,False,Social media mention
SOC-0196,SocialHandle,@User_Mohan706,,SocialMedia,1,0,0,0,4,2025-09-26,2026-03-21,Author,False,📄 Single-Source,False,Social media mention
SOC-0197,SocialHandle,@The_Dharani265,,SocialMedia,1,0,0,0,1,2025-09-08,2025-09-08,Author,False,📄 Single-Source,False,Social media mention
SOC-0198,SocialHandle,@Anon_Gunasekar87,,SocialMedia,1,0,0,0,1,2026-08-21,2026-08-21,Author,False,📄 Single-Source,False,Social media mention
SOC-0199,SocialHandle,@Anon_Vijay660,,SocialMedia,1,0,0,0,1,2025-10-06,2025-10-06,Author,False,📄 Single-Source,False,Social media mention
SOC-0200,SocialHandle,@The_Tamilarasan389,,SocialMedia,1,0,0,0,12,2025-02-01,2026-07-31,Author,False,📄 Single-Source,False,Social media mention
SOC-0201,SocialHandle,@Real_Vijay11,,SocialMedia,1,0,0,0,1,2025-03-02,2025-03-02,Author,False,📄 Single-Source,False,Social media mention
SOC-0202,SocialHandle,@The_Ganesh499,,SocialMedia,1,0,0,0,1,2025-10-25,2025-10-25,Author,False,📄 Single-Source,False,Social media mention
SOC-0203,SocialHandle,@The_Udhay80,,SocialMedia,1,0,0,0,1,2025-01-07,2025-01-07,Author,False,📄 Single-Source,False,Social media mention
SOC-0204,SocialHandle,@Only_Nithin98,,SocialMedia,1,0,0,0,1,2025-04-19,2025-04-19,Author,False,📄 Single-Source,False,Social media mention
SOC-0205,SocialHandle,@Dark_Nithin312,,SocialMedia,1,0,0,0,1,2026-09-01,2026-09-01,Author,False,📄 Single-Source,False,Social media mention
SOC-0206,SocialHandle,@Xyz_Pandian920,,SocialMedia,1,0,0,0,1,2025-10-08,2025-10-08,Author,False,📄 Single-Source,False,Social media mention
SOC-0207,SocialHandle,@User_Pandian611,,SocialMedia,1,0,0,0,1,2025-07-23,2025-07-23,Author,False,📄 Single-Source,False,Social media mention
SOC-0208,SocialHandle,@Dark_Ganesh94,,SocialMedia,1,0,0,0,1,2026-02-22,2026-02-22,Author,False,📄 Single-Source,False,Social media mention
SOC-0209,SocialHandle,@Xyz_Hariharan344,,SocialMedia,1,0,0,0,1,2026-05-08,2026-05-08,Author,False,📄 Single-Source,False,Social media mention
SOC-0210,SocialHandle,@Shadow_Elango836,,SocialMedia,1,0,0,0,1,2026-02-11,2026-02-11,Author,False,📄 Single-Source,False,Social media mention
SOC-0211,SocialHandle,@Only_Uma772,,SocialMedia,1,0,0,0,10,2025-04-24,2026-06-23,Author,False,📄 Single-Source,False,Social media mention
SOC-0212,SocialHandle,@Only_Gopal57,,SocialMedia,1,0,0,0,1,2025-10-25,2025-10-25,Author,False,📄 Single-Source,False,Social media mention
SOC-0213,SocialHandle,@Real_Karthik908,,SocialMedia,1,0,0,0,1,2025-08-08,2025-08-08,Author,False,📄 Single-Source,False,Social media mention
SOC-0214,SocialHandle,@Temp_Dinesh813,,SocialMedia,1,0,0,0,1,2026-04-29,2026-04-29,Author,False,📄 Single-Source,False,Social media mention
SOC-0215,SocialHandle,@Anon_Vasanthi775,,SocialMedia,1,0,0,0,1,2025-03-16,2025-03-16,Author,False,📄 Single-Source,False,Social media mention
SOC-0216,SocialHandle,@Official_Eswari91,,SocialMedia,1,0,0,0,6,2025-03-14,2026-08-08,Author,False,📄 Single-Source,False,Social media mention
SOC-0217,SocialHandle,@Temp_Udhay121,,SocialMedia,1,0,0,0,1,2025-05-08,2025-05-08,Author,False,📄 Single-Source,False,Social media mention
SOC-0218,SocialHandle,@Official_Ajith882,,SocialMedia,1,0,0,0,1,2025-05-03,2025-05-03,Author,False,📄 Single-Source,False,Social media mention
SOC-0219,SocialHandle,@Dark_Kannan535,,SocialMedia,1,0,0,0,1,2025-08-21,2025-08-21,Author,False,📄 Single-Source,False,Social media mention
SOC-0220,SocialHandle,@Shadow_Praveen873,,SocialMedia,1,0,0,0,5,2026-01-06,2026-09-09,Author,False,📄 Single-Source,False,Social media mention
SOC-0221,SocialHandle,@Temp_Dinesh610,,SocialMedia,1,0,0,0,1,2025-02-28,2025-02-28,Author,False,📄 Single-Source,False,Social media mention
SOC-0222,SocialHandle,@Official_Divya296,,SocialMedia,1,0,0,0,1,2025-04-26,2025-04-26,Author,False,📄 Single-Source,False,Social media mention
SOC-0223,SocialHandle,@Official_Gokul402,,SocialMedia,1,0,0,0,1,2025-06-04,2025-06-04,Author,False,📄 Single-Source,False,Social media mention
SOC-0224,SocialHandle,@Shadow_Sathish944,,SocialMedia,1,0,0,0,1,2025-09-07,2025-09-07,Author,False,📄 Single-Source,False,Social media mention
SOC-0225,SocialHandle,@User_Murugan838,,SocialMedia,1,0,0,0,1,2026-02-16,2026-02-16,Author,False,📄 Single-Source,False,Social media mention
SOC-0226,SocialHandle,@Shadow_Rakesh124,,SocialMedia,1,0,0,0,8,2025-02-22,2026-08-16,Author,False,📄 Single-Source,False,Social media mention
SOC-0227,SocialHandle,@Temp_Kannan38,,SocialMedia,1,0,0,0,1,2025-10-01,2025-10-01,Author,False,📄 Single-Source,False,Social media mention
SOC-0228,SocialHandle,@Shadow_Arjun993,,SocialMedia,1,0,0,0,1,2026-07-02,2026-07-02,Author,False,📄 Single-Source,False,Social media mention
SOC-0229,SocialHandle,@Anon_Siva674,,SocialMedia,1,0,0,0,1,2026-07-04,2026-07-04,Author,False,📄 Single-Source,False,Social media mention
SOC-0230,SocialHandle,@The_Thirumal191,,SocialMedia,1,0,0,0,1,2026-06-30,2026-06-30,Author,False,📄 Single-Source,False,Social media mention
SOC-0231,SocialHandle,@Anon_Bharath21,,SocialMedia,1,0,0,0,1,2025-07-13,2025-07-13,Author,False,📄 Single-Source,False,Social media mention
SOC-0232,SocialHandle,@The_Mathan915,,SocialMedia,1,0,0,0,1,2025-10-22,2025-10-22,Author,False,📄 Single-Source,False,Social media mention
SOC-0233,SocialHandle,@Official_Madhan30,,SocialMedia,1,0,0,0,1,2025-03-23,2025-03-23,Author,False,📄 Single-Source,False,Social media mention
SOC-0234,SocialHandle,@User_Suresh451,,SocialMedia,1,0,0,0,1,2025-05-09,2025-05-09,Author,False,📄 Single-Source,False,Social media mention
SOC-0235,SocialHandle,@Xyz_Siva749,,SocialMedia,1,0,0,0,1,2026-02-24,2026-02-24,Author,False,📄 Single-Source,False,Social media mention
SOC-0236,SocialHandle,@The_Udhay65,,SocialMedia,1,0,0,0,1,2025-11-29,2025-11-29,Author,False,📄 Single-Source,False,Social media mention
SOC-0237,SocialHandle,@The_Vasanthi389,,SocialMedia,1,0,0,0,1,2025-10-14,2025-10-14,Author,False,📄 Single-Source,False,Social media mention
SOC-0238,SocialHandle,@The_Yogesh780,,SocialMedia,1,0,0,0,1,2025-03-17,2025-03-17,Author,False,📄 Single-Source,False,Social media mention
SOC-0239,SocialHandle,@Only_Hemanth696,,SocialMedia,1,0,0,0,2,2025-07-12,2025-11-22,Author,False,📄 Single-Source,False,Social media mention
SOC-0240,SocialHandle,@Xyz_Madhan594,,SocialMedia,1,0,0,0,1,2026-09-14,2026-09-14,Author,False,📄 Single-Source,False,Social media mention
SOC-0241,SocialHandle,@The_Udhay53,,SocialMedia,1,0,0,0,1,2026-06-15,2026-06-15,Author,False,📄 Single-Source,False,Social media mention
SOC-0242,SocialHandle,@Shadow_Mohan887,,SocialMedia,1,0,0,0,1,2025-12-22,2025-12-22,Author,False,📄 Single-Source,False,Social media mention
SOC-0243,SocialHandle,@Official_Jagan774,,SocialMedia,1,0,0,0,4,2025-03-19,2026-05-24,Author,False,📄 Single-Source,False,Social media mention
SOC-0244,SocialHandle,@User_Karthik415,,SocialMedia,1,0,0,0,1,2025-09-15,2025-09-15,Author,False,📄 Single-Source,False,Social media mention
SOC-0245,SocialHandle,@Official_Sathish297,,SocialMedia,1,0,0,0,1,2026-06-25,2026-06-25,Author,False,📄 Single-Source,False,Social media mention
SOC-0246,SocialHandle,@Only_Gokul462,,SocialMedia,1,0,0,0,1,2025-11-13,2025-11-13,Author,False,📄 Single-Source,False,Social media mention
SOC-0247,SocialHandle,@Dark_Vignesh148,,SocialMedia,1,0,0,0,1,2026-02-12,2026-02-12,Author,False,📄 Single-Source,False,Social media mention
SOC-0248,SocialHandle,@Real_Sanjay614,,SocialMedia,1,0,0,0,10,2025-03-18,2026-09-05,Author,False,📄 Single-Source,False,Social media mention
SOC-0249,SocialHandle,@Shadow_Naveen510,,SocialMedia,1,0,0,0,1,2025-05-18,2025-05-18,Author,False,📄 Single-Source,False,Social media mention
SOC-0250,SocialHandle,@Official_Vijay38,,SocialMedia,1,0,0,0,1,2025-05-07,2025-05-07,Author,False,📄 Single-Source,False,Social media mention
SOC-0251,SocialHandle,@Anon_Gopal943,,SocialMedia,1,0,0,0,1,2025-05-15,2025-05-15,Author,False,📄 Single-Source,False,Social media mention
SOC-0252,SocialHandle,@Shadow_Gunasekar480,,SocialMedia,1,0,0,0,1,2025-12-29,2025-12-29,Author,False,📄 Single-Source,False,Social media mention
SOC-0253,SocialHandle,@Official_Nandha710,,SocialMedia,1,0,0,0,1,2025-02-19,2025-02-19,Author,False,📄 Single-Source,False,Social media mention
SOC-0254,SocialHandle,@Dark_Hemanth424,,SocialMedia,1,0,0,0,1,2025-01-28,2025-01-28,Author,False,📄 Single-Source,False,Social media mention
SOC-0255,SocialHandle,@Xyz_Kannan317,,SocialMedia,1,0,0,0,1,2026-05-26,2026-05-26,Author,False,📄 Single-Source,False,Social media mention
SOC-0256,SocialHandle,@Shadow_Abirami680,,SocialMedia,1,0,0,0,1,2025-10-03,2025-10-03,Author,False,📄 Single-Source,False,Social media mention
SOC-0257,SocialHandle,@Xyz_Rajesh315,,SocialMedia,1,0,0,0,1,2025-04-28,2025-04-28,Author,False,📄 Single-Source,False,Social media mention
SOC-0258,SocialHandle,@Real_Abirami509,,SocialMedia,1,0,0,0,1,2025-05-18,2025-05-18,Author,False,📄 Single-Source,False,Social media mention
SOC-0259,SocialHandle,@Anon_Sanjay814,,SocialMedia,1,0,0,0,1,2025-03-10,2025-03-10,Author,False,📄 Single-Source,False,Social media mention
SOC-0260,SocialHandle,@Xyz_Sanjay620,,SocialMedia,1,0,0,0,1,2025-12-03,2025-12-03,Author,False,📄 Single-Source,False,Social media mention
SOC-0261,SocialHandle,@User_Chithra243,,SocialMedia,1,0,0,0,1,2025-04-12,2025-04-12,Author,False,📄 Single-Source,False,Social media mention
SOC-0262,SocialHandle,@Xyz_Bharath648,,SocialMedia,1,0,0,0,1,2025-02-07,2025-02-07,Author,False,📄 Single-Source,False,Social media mention
SOC-0263,SocialHandle,@Dark_Sanjay90,,SocialMedia,1,0,0,0,9,2025-03-14,2026-01-02,Author,False,📄 Single-Source,False,Social media mention
SOC-0264,SocialHandle,@Dark_Uma860,,SocialMedia,1,0,0,0,1,2026-02-02,2026-02-02,Author,False,📄 Single-Source,False,Social media mention
SOC-0265,SocialHandle,@Xyz_Karthik216,,SocialMedia,1,0,0,0,1,2025-11-15,2025-11-15,Author,False,📄 Single-Source,False,Social media mention
SOC-0266,SocialHandle,@User_Madhan769,,SocialMedia,1,0,0,0,6,2025-03-27,2026-06-23,Author,False,📄 Single-Source,False,Social media mention
SOC-0267,SocialHandle,@Anon_Vignesh313,,SocialMedia,1,0,0,0,1,2025-02-08,2025-02-08,Author,False,📄 Single-Source,False,Social media mention
SOC-0268,SocialHandle,@User_Tamilarasan19,,SocialMedia,1,0,0,0,1,2026-05-31,2026-05-31,Author,False,📄 Single-Source,False,Social media mention
SOC-0269,SocialHandle,@The_Hariharan126,,SocialMedia,1,0,0,0,1,2025-12-21,2025-12-21,Author,False,📄 Single-Source,False,Social media mention
SOC-0270,SocialHandle,@The_Yogesh116,,SocialMedia,1,0,0,0,1,2026-04-04,2026-04-04,Author,False,📄 Single-Source,False,Social media mention
SOC-0271,SocialHandle,@Anon_Ganesh952,,SocialMedia,1,0,0,0,1,2025-11-16,2025-11-16,Author,False,📄 Single-Source,False,Social media mention
SOC-0272,SocialHandle,@Shadow_Meena541,,SocialMedia,1,0,0,0,1,2026-06-29,2026-06-29,Author,False,📄 Single-Source,False,Social media mention
SOC-0273,SocialHandle,@Only_Rakesh348,,SocialMedia,1,0,0,0,1,2025-02-09,2025-02-09,Author,False,📄 Single-Source,False,Social media mention
SOC-0274,SocialHandle,@Real_Mathan887,,SocialMedia,1,0,0,0,1,2025-09-03,2025-09-03,Author,False,📄 Single-Source,False,Social media mention
SOC-0275,SocialHandle,@Real_Karthik820,,SocialMedia,1,0,0,0,1,2026-04-26,2026-04-26,Author,False,📄 Single-Source,False,Social media mention
SOC-0276,SocialHandle,@Shadow_Sanjay583,,SocialMedia,1,0,0,0,1,2026-04-11,2026-04-11,Author,False,📄 Single-Source,False,Social media mention
SOC-0277,SocialHandle,@Xyz_Dinesh544,,SocialMedia,1,0,0,0,1,2025-03-24,2025-03-24,Author,False,📄 Single-Source,False,Social media mention
SOC-0278,SocialHandle,@Real_Nithin962,,SocialMedia,1,0,0,0,1,2025-06-17,2025-06-17,Author,False,📄 Single-Source,False,Social media mention
SOC-0279,SocialHandle,@Xyz_Suresh809,,SocialMedia,1,0,0,0,1,2025-05-18,2025-05-18,Author,False,📄 Single-Source,False,Social media mention
SOC-0280,SocialHandle,@Dark_Vignesh438,,SocialMedia,1,0,0,0,1,2026-06-22,2026-06-22,Author,False,📄 Single-Source,False,Social media mention
SOC-0281,SocialHandle,@Xyz_Hemanth501,,SocialMedia,1,0,0,0,1,2026-06-03,2026-06-03,Author,False,📄 Single-Source,False,Social media mention
SOC-0282,SocialHandle,@Dark_Logesh406,,SocialMedia,1,0,0,0,1,2026-09-05,2026-09-05,Author,False,📄 Single-Source,False,Social media mention
SOC-0283,SocialHandle,@Only_Nithin943,,SocialMedia,1,0,0,0,1,2026-07-06,2026-07-06,Author,False,📄 Single-Source,False,Social media mention
SOC-0284,SocialHandle,@The_Murugan230,,SocialMedia,1,0,0,0,6,2025-01-06,2026-09-03,Author,False,📄 Single-Source,False,Social media mention
SOC-0285,SocialHandle,@Only_Mathan936,,SocialMedia,1,0,0,0,1,2026-04-28,2026-04-28,Author,False,📄 Single-Source,False,Social media mention
SOC-0286,SocialHandle,@User_Nandha943,,SocialMedia,1,0,0,0,1,2026-08-22,2026-08-22,Author,False,📄 Single-Source,False,Social media mention
SOC-0287,SocialHandle,@Real_Dinesh181,,SocialMedia,1,0,0,0,1,2026-08-24,2026-08-24,Author,False,📄 Single-Source,False,Social media mention
SOC-0288,SocialHandle,@Xyz_Rajesh858,,SocialMedia,1,0,0,0,1,2026-07-30,2026-07-30,Author,False,📄 Single-Source,False,Social media mention
SOC-0289,SocialHandle,@Shadow_Vignesh27,,SocialMedia,1,0,0,0,1,2025-04-02,2025-04-02,Author,False,📄 Single-Source,False,Social media mention
SOC-0290,SocialHandle,@Dark_Udhay825,,SocialMedia,1,0,0,0,1,2026-02-28,2026-02-28,Author,False,📄 Single-Source,False,Social media mention
SOC-0291,SocialHandle,@The_Bharathi174,,SocialMedia,1,0,0,0,1,2026-04-25,2026-04-25,Author,False,📄 Single-Source,False,Social media mention
SOC-0292,SocialHandle,@Real_Jagan307,,SocialMedia,1,0,0,0,1,2025-07-14,2025-07-14,Author,False,📄 Single-Source,False,Social media mention
SOC-0293,SocialHandle,@Dark_Arun182,,SocialMedia,1,0,0,0,1,2025-07-11,2025-07-11,Author,False,📄 Single-Source,False,Social media mention
SOC-0294,SocialHandle,@Official_Kannan508,,SocialMedia,1,0,0,0,1,2025-05-17,2025-05-17,Author,False,📄 Single-Source,False,Social media mention
SOC-0295,SocialHandle,@Real_Anand923,,SocialMedia,1,0,0,0,1,2026-01-29,2026-01-29,Author,False,📄 Single-Source,False,Social media mention
SOC-0296,SocialHandle,@Anon_Harish679,,SocialMedia,1,0,0,0,1,2025-10-12,2025-10-12,Author,False,📄 Single-Source,False,Social media mention
SOC-0297,SocialHandle,@Real_Rakesh730,,SocialMedia,1,0,0,0,1,2026-05-08,2026-05-08,Author,False,📄 Single-Source,False,Social media mention
SOC-0298,SocialHandle,@Xyz_Anand267,,SocialMedia,1,0,0,0,1,2025-06-23,2025-06-23,Author,False,📄 Single-Source,False,Social media mention
SOC-0299,SocialHandle,@Anon_Uma179,,SocialMedia,1,0,0,0,1,2026-02-04,2026-02-04,Author,False,📄 Single-Source,False,Social media mention
SOC-0300,SocialHandle,@Only_Jeeva434,,SocialMedia,1,0,0,0,1,2026-07-14,2026-07-14,Author,False,📄 Single-Source,False,Social media mention
SOC-0301,SocialHandle,@Dark_Janani623,,SocialMedia,1,0,0,0,1,2026-05-11,2026-05-11,Author,False,📄 Single-Source,False,Social media mention
SOC-0302,SocialHandle,@Only_Kumaran860,,SocialMedia,1,0,0,0,1,2025-04-21,2025-04-21,Author,False,📄 Single-Source,False,Social media mention
SOC-0303,SocialHandle,@Only_Gokul397,,SocialMedia,1,0,0,0,1,2025-03-26,2025-03-26,Author,False,📄 Single-Source,False,Social media mention
SOC-0304,SocialHandle,@Xyz_Vignesh440,,SocialMedia,1,0,0,0,1,2025-02-03,2025-02-03,Author,False,📄 Single-Source,False,Social media mention
SOC-0305,SocialHandle,@Dark_Mohan147,,SocialMedia,1,0,0,0,1,2026-08-18,2026-08-18,Author,False,📄 Single-Source,False,Social media mention
SOC-0306,SocialHandle,@Dark_Hariharan677,,SocialMedia,1,0,0,0,1,2025-07-22,2025-07-22,Author,False,📄 Single-Source,False,Social media mention
SOC-0307,SocialHandle,@The_Suresh389,,SocialMedia,1,0,0,0,1,2026-01-11,2026-01-11,Author,False,📄 Single-Source,False,Social media mention
SOC-0308,SocialHandle,@Real_Arun229,,SocialMedia,1,0,0,0,1,2026-09-03,2026-09-03,Author,False,📄 Single-Source,False,Social media mention
SOC-0309,SocialHandle,@Anon_Hariharan958,,SocialMedia,1,0,0,0,1,2025-03-10,2025-03-10,Author,False,📄 Single-Source,False,Social media mention
SOC-0310,SocialHandle,@Temp_Karthik681,,SocialMedia,1,0,0,0,1,2026-07-07,2026-07-07,Author,False,📄 Single-Source,False,Social media mention
SOC-0311,SocialHandle,@Official_Janani209,,SocialMedia,1,0,0,0,1,2026-04-11,2026-04-11,Author,False,📄 Single-Source,False,Social media mention
SOC-0312,SocialHandle,@Official_Gokul808,,SocialMedia,1,0,0,0,1,2026-06-05,2026-06-05,Author,False,📄 Single-Source,False,Social media mention
SOC-0313,SocialHandle,@Shadow_Kavitha996,,SocialMedia,1,0,0,0,1,2025-06-25,2025-06-25,Author,False,📄 Single-Source,False,Social media mention
SOC-0314,SocialHandle,@Real_Hemanth401,,SocialMedia,1,0,0,0,1,2025-06-21,2025-06-21,Author,False,📄 Single-Source,False,Social media mention
SOC-0315,SocialHandle,@The_Rakesh979,,SocialMedia,1,0,0,0,1,2025-05-28,2025-05-28,Author,False,📄 Single-Source,False,Social media mention
SOC-0316,SocialHandle,@User_Harish878,,SocialMedia,1,0,0,0,1,2026-04-28,2026-04-28,Author,False,📄 Single-Source,False,Social media mention
SOC-0317,SocialHandle,@User_Dharani548,,SocialMedia,1,0,0,0,1,2026-01-07,2026-01-07,Author,False,📄 Single-Source,False,Social media mention
SOC-0318,SocialHandle,@Anon_Janani333,,SocialMedia,1,0,0,0,1,2025-01-10,2025-01-10,Author,False,📄 Single-Source,False,Social media mention
SOC-0319,SocialHandle,@Shadow_Vasanthi884,,SocialMedia,1,0,0,0,1,2025-12-17,2025-12-17,Author,False,📄 Single-Source,False,Social media mention
SOC-0320,SocialHandle,@Only_Rajesh159,,SocialMedia,1,0,0,0,1,2026-07-28,2026-07-28,Author,False,📄 Single-Source,False,Social media mention
SOC-0321,SocialHandle,@Anon_Arun317,,SocialMedia,1,0,0,0,1,2026-03-18,2026-03-18,Author,False,📄 Single-Source,False,Social media mention
SOC-0322,SocialHandle,@Anon_Tamilarasan772,,SocialMedia,1,0,0,0,1,2025-10-08,2025-10-08,Author,False,📄 Single-Source,False,Social media mention
SOC-0323,SocialHandle,@Temp_Jeeva599,,SocialMedia,1,0,0,0,1,2026-02-23,2026-02-23,Author,False,📄 Single-Source,False,Social media mention
SOC-0324,SocialHandle,@Temp_Rajesh303,,SocialMedia,1,0,0,0,1,2025-04-23,2025-04-23,Author,False,📄 Single-Source,False,Social media mention
SOC-0325,SocialHandle,@Shadow_Arun678,,SocialMedia,1,0,0,0,1,2025-07-27,2025-07-27,Author,False,📄 Single-Source,False,Social media mention
SOC-0326,SocialHandle,@The_Dinesh198,,SocialMedia,1,0,0,0,1,2025-04-08,2025-04-08,Author,False,📄 Single-Source,False,Social media mention
SOC-0327,SocialHandle,@Only_Arun851,,SocialMedia,1,0,0,0,2,2025-01-21,2025-11-11,Author,False,📄 Single-Source,False,Social media mention
SOC-0328,SocialHandle,@The_Harish615,,SocialMedia,1,0,0,0,1,2026-05-06,2026-05-06,Author,False,📄 Single-Source,False,Social media mention
SOC-0329,SocialHandle,@Real_Eswari462,,SocialMedia,1,0,0,0,1,2025-11-17,2025-11-17,Author,False,📄 Single-Source,False,Social media mention
SOC-0330,SocialHandle,@Official_Praveen91,,SocialMedia,1,0,0,0,1,2025-07-06,2025-07-06,Author,False,📄 Single-Source,False,Social media mention
SOC-0331,SocialHandle,@User_Chandran557,,SocialMedia,1,0,0,0,1,2025-03-21,2025-03-21,Author,False,📄 Single-Source,False,Social media mention
SOC-0332,SocialHandle,@User_Hariharan282,,SocialMedia,1,0,0,0,1,2025-02-25,2025-02-25,Author,False,📄 Single-Source,False,Social media mention
SOC-0333,SocialHandle,@Dark_Gokul799,,SocialMedia,1,0,0,0,1,2025-07-11,2025-07-11,Author,False,📄 Single-Source,False,Social media mention
SOC-0334,SocialHandle,@Shadow_Mathan172,,SocialMedia,1,0,0,0,1,2025-02-02,2025-02-02,Author,False,📄 Single-Source,False,Social media mention
SOC-0335,SocialHandle,@Only_Abirami19,,SocialMedia,1,0,0,0,1,2026-03-28,2026-03-28,Author,False,📄 Single-Source,False,Social media mention
SOC-0336,SocialHandle,@User_Selvam71,,SocialMedia,1,0,0,0,1,2025-04-30,2025-04-30,Author,False,📄 Single-Source,False,Social media mention
SOC-0337,SocialHandle,@Anon_Sathish760,,SocialMedia,1,0,0,0,1,2026-06-20,2026-06-20,Author,False,📄 Single-Source,False,Social media mention
SOC-0338,SocialHandle,@User_Divya644,,SocialMedia,1,0,0,0,1,2026-08-26,2026-08-26,Author,False,📄 Single-Source,False,Social media mention
SOC-0339,SocialHandle,@The_Mohan637,,SocialMedia,1,0,0,0,1,2025-11-15,2025-11-15,Author,False,📄 Single-Source,False,Social media mention
SOC-0340,SocialHandle,@Shadow_Madhan823,,SocialMedia,1,0,0,0,1,2026-04-25,2026-04-25,Author,False,📄 Single-Source,False,Social media mention
SOC-0341,SocialHandle,@Anon_Kannan729,,SocialMedia,1,0,0,0,1,2025-03-22,2025-03-22,Author,False,📄 Single-Source,False,Social media mention
SOC-0342,SocialHandle,@Shadow_Nithin934,,SocialMedia,1,0,0,0,1,2025-09-10,2025-09-10,Author,False,📄 Single-Source,False,Social media mention
SOC-0343,SocialHandle,@Xyz_Gunasekar958,,SocialMedia,1,0,0,0,1,2025-10-07,2025-10-07,Author,False,📄 Single-Source,False,Social media mention
SOC-0344,SocialHandle,@Real_Hariharan48,,SocialMedia,1,0,0,0,1,2025-05-02,2025-05-02,Author,False,📄 Single-Source,False,Social media mention
SOC-0345,SocialHandle,@Real_Murugan750,,SocialMedia,1,0,0,0,1,2026-01-10,2026-01-10,Author,False,📄 Single-Source,False,Social media mention
SOC-0346,SocialHandle,@User_Rajesh322,,SocialMedia,1,0,0,0,1,2025-09-06,2025-09-06,Author,False,📄 Single-Source,False,Social media mention
SOC-0347,SocialHandle,@Anon_Nandha780,,SocialMedia,1,0,0,0,1,2026-01-28,2026-01-28,Author,False,📄 Single-Source,False,Social media mention
SOC-0348,SocialHandle,@Anon_Jeeva414,,SocialMedia,1,0,0,0,1,2025-06-02,2025-06-02,Author,False,📄 Single-Source,False,Social media mention
SOC-0349,SocialHandle,@Real_Gokul697,,SocialMedia,1,0,0,0,1,2025-10-11,2025-10-11,Author,False,📄 Single-Source,False,Social media mention
SOC-0350,SocialHandle,@Temp_Nithin159,,SocialMedia,1,0,0,0,1,2025-07-01,2025-07-01,Author,False,📄 Single-Source,False,Social media mention
SOC-0351,SocialHandle,@Official_Hariharan24,,SocialMedia,1,0,0,0,1,2025-03-28,2025-03-28,Author,False,📄 Single-Source,False,Social media mention
SOC-0352,SocialHandle,@Real_Senthil29,,SocialMedia,1,0,0,0,1,2026-05-20,2026-05-20,Author,False,📄 Single-Source,False,Social media mention
SOC-0353,SocialHandle,@Only_Divya522,,SocialMedia,1,0,0,0,1,2026-03-12,2026-03-12,Author,False,📄 Single-Source,False,Social media mention
SOC-0354,SocialHandle,@User_Sanjay365,,SocialMedia,1,0,0,0,1,2025-10-04,2025-10-04,Author,False,📄 Single-Source,False,Social media mention
SOC-0355,SocialHandle,@Xyz_Elango981,,SocialMedia,1,0,0,0,1,2025-04-28,2025-04-28,Author,False,📄 Single-Source,False,Social media mention
SOC-0356,SocialHandle,@Dark_Eswari256,,SocialMedia,1,0,0,0,1,2025-11-28,2025-11-28,Author,False,📄 Single-Source,False,Social media mention
SOC-0357,SocialHandle,@Only_Harish893,,SocialMedia,1,0,0,0,1,2026-06-19,2026-06-19,Author,False,📄 Single-Source,False,Social media mention
SOC-0358,SocialHandle,@Real_Vignesh198,,SocialMedia,1,0,0,0,1,2025-04-24,2025-04-24,Author,False,📄 Single-Source,False,Social media mention
SOC-0359,SocialHandle,@Real_Selvam104,,SocialMedia,1,0,0,0,7,2025-05-18,2026-08-18,Author,False,📄 Single-Source,False,Social media mention
SOC-0360,SocialHandle,@Real_Kannan714,,SocialMedia,1,0,0,0,1,2025-04-15,2025-04-15,Author,False,📄 Single-Source,False,Social media mention
SOC-0361,SocialHandle,@Only_Arun241,,SocialMedia,1,0,0,0,1,2026-08-17,2026-08-17,Author,False,📄 Single-Source,False,Social media mention
SOC-0362,SocialHandle,@Shadow_Rajesh413,,SocialMedia,1,0,0,0,1,2026-07-31,2026-07-31,Author,False,📄 Single-Source,False,Social media mention
SOC-0363,SocialHandle,@Only_Ezhilan541,,SocialMedia,1,0,0,0,1,2026-07-26,2026-07-26,Author,False,📄 Single-Source,False,Social media mention
SOC-0364,SocialHandle,@Official_Sathish482,,SocialMedia,1,0,0,0,1,2025-08-17,2025-08-17,Author,False,📄 Single-Source,False,Social media mention
SOC-0365,SocialHandle,@Official_Mathan651,,SocialMedia,1,0,0,0,1,2025-04-13,2025-04-13,Author,False,📄 Single-Source,False,Social media mention
SOC-0366,SocialHandle,@Temp_Elango913,,SocialMedia,1,0,0,0,1,2025-06-18,2025-06-18,Author,False,📄 Single-Source,False,Social media mention
SOC-0367,SocialHandle,@Xyz_Jagan294,,SocialMedia,1,0,0,0,1,2026-03-10,2026-03-10,Author,False,📄 Single-Source,False,Social media mention
SOC-0368,SocialHandle,@Anon_Vignesh777,,SocialMedia,1,0,0,0,1,2025-01-28,2025-01-28,Author,False,📄 Single-Source,False,Social media mention
SOC-0369,SocialHandle,@Official_Mathan492,,SocialMedia,1,0,0,0,1,2026-06-24,2026-06-24,Author,False,📄 Single-Source,False,Social media mention
SOC-0370,SocialHandle,@Temp_Lokesh757,,SocialMedia,1,0,0,0,1,2026-02-15,2026-02-15,Author,False,📄 Single-Source,False,Social media mention
SOC-0371,SocialHandle,@The_Hemanth639,,SocialMedia,1,0,0,0,1,2026-02-08,2026-02-08,Author,False,📄 Single-Source,False,Social media mention
SOC-0372,SocialHandle,@Real_Karthik34,,SocialMedia,1,0,0,0,1,2026-09-11,2026-09-11,Author,False,📄 Single-Source,False,Social media mention
SOC-0373,SocialHandle,@User_Abirami665,,SocialMedia,1,0,0,0,1,2025-08-07,2025-08-07,Author,False,📄 Single-Source,False,Social media mention
SOC-0374,SocialHandle,@Shadow_Kishore359,,SocialMedia,1,0,0,0,1,2026-03-18,2026-03-18,Author,False,📄 Single-Source,False,Social media mention
SOC-0375,SocialHandle,@The_Sanjay503,,SocialMedia,1,0,0,0,1,2025-12-24,2025-12-24,Author,False,📄 Single-Source,False,Social media mention
SOC-0376,SocialHandle,@Dark_Selvam651,,SocialMedia,1,0,0,0,1,2025-05-09,2025-05-09,Author,False,📄 Single-Source,False,Social media mention
SOC-0377,SocialHandle,@Only_Sanjay945,,SocialMedia,1,0,0,0,1,2026-01-29,2026-01-29,Author,False,📄 Single-Source,False,Social media mention
SOC-0378,SocialHandle,@Official_Arjun804,,SocialMedia,1,0,0,0,1,2026-08-21,2026-08-21,Author,False,📄 Single-Source,False,Social media mention
SOC-0379,SocialHandle,@Real_Karthik14,,SocialMedia,1,0,0,0,1,2025-02-04,2025-02-04,Author,False,📄 Single-Source,False,Social media mention
SOC-0380,SocialHandle,@User_Mathan601,,SocialMedia,1,0,0,0,1,2026-05-12,2026-05-12,Author,False,📄 Single-Source,False,Social media mention
SOC-0381,SocialHandle,@Real_Anand289,,SocialMedia,1,0,0,0,1,2025-08-01,2025-08-01,Author,False,📄 Single-Source,False,Social media mention
SOC-0382,SocialHandle,@The_Hariharan975,,SocialMedia,1,0,0,0,1,2025-08-09,2025-08-09,Author,False,📄 Single-Source,False,Social media mention
SOC-0383,SocialHandle,@User_Ganesh492,,SocialMedia,1,0,0,0,1,2025-02-09,2025-02-09,Author,False,📄 Single-Source,False,Social media mention
SOC-0384,SocialHandle,@Temp_Mathan374,,SocialMedia,1,0,0,0,1,2025-06-03,2025-06-03,Author,False,📄 Single-Source,False,Social media mention
SOC-0385,SocialHandle,@Real_Murugan476,,SocialMedia,1,0,0,0,1,2026-05-16,2026-05-16,Author,False,📄 Single-Source,False,Social media mention
SOC-0386,SocialHandle,@Anon_Kavitha482,,SocialMedia,1,0,0,0,1,2025-08-08,2025-08-08,Author,False,📄 Single-Source,False,Social media mention
SOC-0387,SocialHandle,@Official_Pandian555,,SocialMedia,1,0,0,0,1,2026-04-04,2026-04-04,Author,False,📄 Single-Source,False,Social media mention
SOC-0388,SocialHandle,@Real_Sathish616,,SocialMedia,1,0,0,0,1,2025-09-10,2025-09-10,Author,False,📄 Single-Source,False,Social media mention
SOC-0389,SocialHandle,@Anon_Chandran554,,SocialMedia,1,0,0,0,1,2026-04-24,2026-04-24,Author,False,📄 Single-Source,False,Social media mention
SOC-0390,SocialHandle,@Shadow_Siva101,,SocialMedia,1,0,0,0,1,2026-04-20,2026-04-20,Author,False,📄 Single-Source,False,Social media mention
SOC-0391,SocialHandle,@Xyz_Karthik850,,SocialMedia,1,0,0,0,1,2025-03-27,2025-03-27,Author,False,📄 Single-Source,False,Social media mention
SOC-0392,SocialHandle,@Dark_Chithra455,,SocialMedia,1,0,0,0,1,2026-05-30,2026-05-30,Author,False,📄 Single-Source,False,Social media mention
SOC-0393,SocialHandle,@Shadow_Lokesh241,,SocialMedia,1,0,0,0,1,2026-04-15,2026-04-15,Author,False,📄 Single-Source,False,Social media mention
SOC-0394,SocialHandle,@User_Madhan591,,SocialMedia,1,0,0,0,1,2025-10-14,2025-10-14,Author,False,📄 Single-Source,False,Social media mention
SOC-0395,SocialHandle,@Temp_Karthik100,,SocialMedia,1,0,0,0,1,2026-05-05,2026-05-05,Author,False,📄 Single-Source,False,Social media mention
SOC-0396,SocialHandle,@Anon_Gopal474,,SocialMedia,1,0,0,0,1,2025-12-31,2025-12-31,Author,False,📄 Single-Source,False,Social media mention
SOC-0397,SocialHandle,@Dark_Dinesh253,,SocialMedia,1,0,0,0,1,2026-07-18,2026-07-18,Author,False,📄 Single-Source,False,Social media mention
SOC-0398,SocialHandle,@Temp_Vignesh950,,SocialMedia,1,0,0,0,1,2025-07-31,2025-07-31,Author,False,📄 Single-Source,False,Social media mention
SOC-0399,SocialHandle,@Temp_Naveen798,,SocialMedia,1,0,0,0,1,2025-09-20,2025-09-20,Author,False,📄 Single-Source,False,Social media mention
SOC-0400,SocialHandle,@Temp_Arun682,,SocialMedia,1,0,0,0,1,2025-06-18,2025-06-18,Author,False,📄 Single-Source,False,Social media mention
SOC-0401,SocialHandle,@Real_Divya722,,SocialMedia,1,0,0,0,1,2025-08-17,2025-08-17,Author,False,📄 Single-Source,False,Social media mention
SOC-0402,SocialHandle,@Official_Nithin115,,SocialMedia,1,0,0,0,1,2025-02-24,2025-02-24,Author,False,📄 Single-Source,False,Social media mention
SOC-0403,SocialHandle,@Official_Vasanthi165,,SocialMedia,1,0,0,0,1,2025-10-31,2025-10-31,Author,False,📄 Single-Source,False,Social media mention
SOC-0404,SocialHandle,@Dark_Karthik987,,SocialMedia,1,0,0,0,1,2026-08-29,2026-08-29,Author,False,📄 Single-Source,False,Social media mention
SOC-0405,SocialHandle,@User_Uma207,,SocialMedia,1,0,0,0,1,2026-04-06,2026-04-06,Author,False,📄 Single-Source,False,Social media mention
SOC-0406,SocialHandle,@User_Venkat47,,SocialMedia,1,0,0,0,1,2025-09-20,2025-09-20,Author,False,📄 Single-Source,False,Social media mention
SOC-0407,SocialHandle,@The_Jagan768,,SocialMedia,1,0,0,0,1,2025-02-25,2025-02-25,Author,False,📄 Single-Source,False,Social media mention
SOC-0408,SocialHandle,@The_Sanjay339,,SocialMedia,1,0,0,0,1,2026-09-09,2026-09-09,Author,False,📄 Single-Source,False,Social media mention
SOC-0409,SocialHandle,@User_Sanjay910,,SocialMedia,1,0,0,0,1,2025-01-05,2025-01-05,Author,False,📄 Single-Source,False,Social media mention
SOC-0410,SocialHandle,@Shadow_Sathish438,,SocialMedia,1,0,0,0,1,2025-07-03,2025-07-03,Author,False,📄 Single-Source,False,Social media mention
SOC-0411,SocialHandle,@Official_Sanjay64,,SocialMedia,1,0,0,0,1,2026-09-11,2026-09-11,Author,False,📄 Single-Source,False,Social media mention
SOC-0412,SocialHandle,@Only_Nandha455,,SocialMedia,1,0,0,0,1,2026-04-25,2026-04-25,Author,False,📄 Single-Source,False,Social media mention
SOC-0413,SocialHandle,@Only_Mohan238,,SocialMedia,1,0,0,0,5,2025-04-01,2026-08-02,Author,False,📄 Single-Source,False,Social media mention
SOC-0414,SocialHandle,@Dark_Nithin158,,SocialMedia,1,0,0,0,1,2026-04-19,2026-04-19,Author,False,📄 Single-Source,False,Social media mention
SOC-0415,SocialHandle,@Shadow_Babu140,,SocialMedia,1,0,0,0,1,2026-03-18,2026-03-18,Author,False,📄 Single-Source,False,Social media mention
SOC-0416,SocialHandle,@Official_Praveen628,,SocialMedia,1,0,0,0,1,2026-09-10,2026-09-10,Author,False,📄 Single-Source,False,Social media mention
SOC-0417,SocialHandle,@Only_Udhay615,,SocialMedia,1,0,0,0,1,2025-12-26,2025-12-26,Author,False,📄 Single-Source,False,Social media mention
SOC-0418,SocialHandle,@Anon_Nandha839,,SocialMedia,1,0,0,0,1,2025-03-18,2025-03-18,Author,False,📄 Single-Source,False,Social media mention
SOC-0419,SocialHandle,@Real_Naveen26,,SocialMedia,1,0,0,0,1,2025-08-25,2025-08-25,Author,False,📄 Single-Source,False,Social media mention
SOC-0420,SocialHandle,@Temp_Hariharan565,,SocialMedia,1,0,0,0,1,2025-06-10,2025-06-10,Author,False,📄 Single-Source,False,Social media mention
SOC-0421,SocialHandle,@Temp_Balaji902,,SocialMedia,1,0,0,0,1,2025-06-12,2025-06-12,Author,False,📄 Single-Source,False,Social media mention
SOC-0422,SocialHandle,@Real_Saravanan202,,SocialMedia,1,0,0,0,1,2025-12-22,2025-12-22,Author,False,📄 Single-Source,False,Social media mention
SOC-0423,SocialHandle,@Anon_Mathan765,,SocialMedia,1,0,0,0,1,2025-08-15,2025-08-15,Author,False,📄 Single-Source,False,Social media mention
SOC-0424,SocialHandle,@Anon_Vasanth617,,SocialMedia,1,0,0,0,1,2026-02-16,2026-02-16,Author,False,📄 Single-Source,False,Social media mention
SOC-0425,SocialHandle,@Xyz_Arun302,,SocialMedia,1,0,0,0,1,2025-05-17,2025-05-17,Author,False,📄 Single-Source,False,Social media mention
SOC-0426,SocialHandle,@Official_Anand388,,SocialMedia,1,0,0,0,1,2026-03-13,2026-03-13,Author,False,📄 Single-Source,False,Social media mention
SOC-0427,SocialHandle,@Official_Vignesh134,,SocialMedia,1,0,0,0,1,2025-11-11,2025-11-11,Author,False,📄 Single-Source,False,Social media mention
SOC-0428,SocialHandle,@Official_Mohan495,,SocialMedia,1,0,0,0,1,2026-08-09,2026-08-09,Author,False,📄 Single-Source,False,Social media mention
SOC-0429,SocialHandle,@Xyz_Uma129,,SocialMedia,1,0,0,0,1,2025-11-08,2025-11-08,Author,False,📄 Single-Source,False,Social media mention
SOC-0430,SocialHandle,@Temp_Udhay549,,SocialMedia,1,0,0,0,1,2026-08-19,2026-08-19,Author,False,📄 Single-Source,False,Social media mention
SOC-0431,SocialHandle,@Shadow_Udhay627,,SocialMedia,1,0,0,0,1,2025-02-13,2025-02-13,Author,False,📄 Single-Source,False,Social media mention
SOC-0432,SocialHandle,@Shadow_Nandha369,,SocialMedia,1,0,0,0,1,2025-12-13,2025-12-13,Author,False,📄 Single-Source,False,Social media mention
SOC-0433,SocialHandle,@Shadow_Arjun77,,SocialMedia,1,0,0,0,1,2026-04-04,2026-04-04,Author,False,📄 Single-Source,False,Social media mention
SOC-0434,SocialHandle,@Only_Uma200,,SocialMedia,1,0,0,0,1,2025-08-13,2025-08-13,Author,False,📄 Single-Source,False,Social media mention
SOC-0435,SocialHandle,@User_Jagan132,,SocialMedia,1,0,0,0,1,2026-01-18,2026-01-18,Author,False,📄 Single-Source,False,Social media mention
SOC-0436,SocialHandle,@Real_Ajith392,,SocialMedia,1,0,0,0,1,2026-03-23,2026-03-23,Author,False,📄 Single-Source,False,Social media mention
SOC-0437,SocialHandle,@Shadow_Udhay177,,SocialMedia,1,0,0,0,1,2025-10-08,2025-10-08,Author,False,📄 Single-Source,False,Social media mention
SOC-0438,SocialHandle,@Real_Abirami623,,SocialMedia,1,0,0,0,1,2026-02-27,2026-02-27,Author,False,📄 Single-Source,False,Social media mention
SOC-0439,SocialHandle,@User_Thirumal150,,SocialMedia,1,0,0,0,1,2025-10-17,2025-10-17,Author,False,📄 Single-Source,False,Social media mention
SOC-0440,SocialHandle,@Xyz_Nithin638,,SocialMedia,1,0,0,0,1,2026-02-13,2026-02-13,Author,False,📄 Single-Source,False,Social media mention
SOC-0441,SocialHandle,@Anon_Karthik366,,SocialMedia,1,0,0,0,1,2025-10-09,2025-10-09,Author,False,📄 Single-Source,False,Social media mention
SOC-0442,SocialHandle,@Only_Jeeva141,,SocialMedia,1,0,0,0,1,2025-04-21,2025-04-21,Author,False,📄 Single-Source,False,Social media mention
SOC-0443,SocialHandle,@Real_Madhan29,,SocialMedia,1,0,0,0,1,2026-08-12,2026-08-12,Author,False,📄 Single-Source,False,Social media mention
SOC-0444,SocialHandle,@User_Revathi77,,SocialMedia,1,0,0,0,1,2025-01-08,2025-01-08,Author,False,📄 Single-Source,False,Social media mention
SOC-0445,SocialHandle,@Anon_Vignesh385,,SocialMedia,1,0,0,0,1,2025-05-24,2025-05-24,Author,False,📄 Single-Source,False,Social media mention
SOC-0446,SocialHandle,@Real_Siva789,,SocialMedia,1,0,0,0,1,2025-04-07,2025-04-07,Author,False,📄 Single-Source,False,Social media mention
SOC-0447,SocialHandle,@Shadow_Dinesh515,,SocialMedia,1,0,0,0,1,2025-08-09,2025-08-09,Author,False,📄 Single-Source,False,Social media mention
SOC-0448,SocialHandle,@Only_Hariharan887,,SocialMedia,1,0,0,0,1,2026-01-05,2026-01-05,Author,False,📄 Single-Source,False,Social media mention
SOC-0449,SocialHandle,@Real_Dinesh156,,SocialMedia,1,0,0,0,1,2026-06-24,2026-06-24,Author,False,📄 Single-Source,False,Social media mention
SOC-0450,SocialHandle,@Xyz_Sathish295,,SocialMedia,1,0,0,0,1,2025-12-20,2025-12-20,Author,False,📄 Single-Source,False,Social media mention
SOC-0451,SocialHandle,@Real_Tamilarasan686,,SocialMedia,1,0,0,0,1,2026-08-20,2026-08-20,Author,False,📄 Single-Source,False,Social media mention
SOC-0452,SocialHandle,@Anon_Nithin46,,SocialMedia,1,0,0,0,1,2026-03-09,2026-03-09,Author,False,📄 Single-Source,False,Social media mention
SOC-0453,SocialHandle,@Real_Sathish592,,SocialMedia,1,0,0,0,1,2026-05-28,2026-05-28,Author,False,📄 Single-Source,False,Social media mention
SOC-0454,SocialHandle,@Only_Arun263,,SocialMedia,1,0,0,0,1,2025-08-31,2025-08-31,Author,False,📄 Single-Source,False,Social media mention
SOC-0455,SocialHandle,@Anon_Sanjay683,,SocialMedia,1,0,0,0,1,2026-03-18,2026-03-18,Author,False,📄 Single-Source,False,Social media mention
SOC-0456,SocialHandle,@Temp_Gunasekar409,,SocialMedia,1,0,0,0,1,2025-03-17,2025-03-17,Author,False,📄 Single-Source,False,Social media mention
SOC-0457,SocialHandle,@User_Gokul687,,SocialMedia,1,0,0,0,4,2025-09-13,2026-03-11,Author,False,📄 Single-Source,False,Social media mention
SOC-0458,SocialHandle,@Dark_Ajith224,,SocialMedia,1,0,0,0,1,2025-03-01,2025-03-01,Author,False,📄 Single-Source,False,Social media mention
SOC-0459,SocialHandle,@Anon_Abirami284,,SocialMedia,1,0,0,0,1,2026-02-18,2026-02-18,Author,False,📄 Single-Source,False,Social media mention
SOC-0460,SocialHandle,@Official_Rakesh671,,SocialMedia,1,0,0,0,1,2026-06-18,2026-06-18,Author,False,📄 Single-Source,False,Social media mention
SOC-0461,SocialHandle,@Dark_Mathan928,,SocialMedia,1,0,0,0,1,2026-05-26,2026-05-26,Author,False,📄 Single-Source,False,Social media mention
SOC-0462,SocialHandle,@Temp_Karthik982,,SocialMedia,1,0,0,0,1,2026-02-12,2026-02-12,Author,False,📄 Single-Source,False,Social media mention
SOC-0463,SocialHandle,@Dark_Venkat233,,SocialMedia,1,0,0,0,2,2025-05-17,2025-10-20,Author,False,📄 Single-Source,False,Social media mention
SOC-0464,SocialHandle,@Real_Vasanthi334,,SocialMedia,1,0,0,0,1,2026-01-04,2026-01-04,Author,False,📄 Single-Source,False,Social media mention
SOC-0465,SocialHandle,@Real_Senthil557,,SocialMedia,1,0,0,0,1,2025-12-10,2025-12-10,Author,False,📄 Single-Source,False,Social media mention
SOC-0466,SocialHandle,@Dark_Bharath907,,SocialMedia,1,0,0,0,1,2025-03-19,2025-03-19,Author,False,📄 Single-Source,False,Social media mention
SOC-0467,SocialHandle,@Shadow_Jagan474,,SocialMedia,1,0,0,0,1,2026-08-15,2026-08-15,Author,False,📄 Single-Source,False,Social media mention
SOC-0468,SocialHandle,@Temp_Arun94,,SocialMedia,1,0,0,0,1,2025-07-13,2025-07-13,Author,False,📄 Single-Source,False,Social media mention
SOC-0469,SocialHandle,@User_Meena980,,SocialMedia,1,0,0,0,1,2026-03-10,2026-03-10,Author,False,📄 Single-Source,False,Social media mention
SOC-0470,SocialHandle,@Anon_Sanjay131,,SocialMedia,1,0,0,0,1,2025-06-07,2025-06-07,Author,False,📄 Single-Source,False,Social media mention
SOC-0471,SocialHandle,@Official_Murugan754,,SocialMedia,1,0,0,0,1,2025-11-21,2025-11-21,Author,False,📄 Single-Source,False,Social media mention
SOC-0472,SocialHandle,@Shadow_Gokul606,,SocialMedia,1,0,0,0,1,2025-12-22,2025-12-22,Author,False,📄 Single-Source,False,Social media mention
SOC-0473,SocialHandle,@Real_Bharath107,,SocialMedia,1,0,0,0,1,2025-02-10,2025-02-10,Author,False,📄 Single-Source,False,Social media mention
SOC-0474,SocialHandle,@Anon_Dharani902,,SocialMedia,1,0,0,0,1,2025-08-07,2025-08-07,Author,False,📄 Single-Source,False,Social media mention
SOC-0475,SocialHandle,@Shadow_Ezhilan764,,SocialMedia,1,0,0,0,1,2026-08-17,2026-08-17,Author,False,📄 Single-Source,False,Social media mention
SOC-0476,SocialHandle,@Anon_Sathish514,,SocialMedia,1,0,0,0,1,2026-07-14,2026-07-14,Author,False,📄 Single-Source,False,Social media mention
SOC-0477,SocialHandle,@Official_Jeeva586,,SocialMedia,1,0,0,0,1,2026-03-31,2026-03-31,Author,False,📄 Single-Source,False,Social media mention
SOC-0478,SocialHandle,@Shadow_Tamilarasan36,,SocialMedia,1,0,0,0,1,2026-06-13,2026-06-13,Author,False,📄 Single-Source,False,Social media mention
SOC-0479,SocialHandle,@Anon_Balaji653,,SocialMedia,1,0,0,0,1,2026-04-07,2026-04-07,Author,False,📄 Single-Source,False,Social media mention
SOC-0480,SocialHandle,@Only_Vignesh998,,SocialMedia,1,0,0,0,1,2025-11-06,2025-11-06,Author,False,📄 Single-Source,False,Social media mention
SOC-0481,SocialHandle,@Real_Mohan949,,SocialMedia,1,0,0,0,1,2025-03-25,2025-03-25,Author,False,📄 Single-Source,False,Social media mention
SOC-0482,SocialHandle,@Shadow_Yuvaraj611,,SocialMedia,1,0,0,0,1,2026-08-12,2026-08-12,Author,False,📄 Single-Source,False,Social media mention
SOC-0483,SocialHandle,@Official_Abirami99,,SocialMedia,1,0,0,0,1,2025-01-11,2025-01-11,Author,False,📄 Single-Source,False,Social media mention
SOC-0484,SocialHandle,@Xyz_Siva205,,SocialMedia,1,0,0,0,1,2026-08-21,2026-08-21,Author,False,📄 Single-Source,False,Social media mention
SOC-0485,SocialHandle,@Anon_Nithin492,,SocialMedia,1,0,0,0,1,2025-12-16,2025-12-16,Author,False,📄 Single-Source,False,Social media mention
SOC-0486,SocialHandle,@Only_Sathish741,,SocialMedia,1,0,0,0,1,2025-01-15,2025-01-15,Author,False,📄 Single-Source,False,Social media mention
SOC-0487,SocialHandle,@Anon_Kishore647,,SocialMedia,1,0,0,0,1,2025-09-27,2025-09-27,Author,False,📄 Single-Source,False,Social media mention
SOC-0488,SocialHandle,@Xyz_Vignesh234,,SocialMedia,1,0,0,0,1,2026-06-17,2026-06-17,Author,False,📄 Single-Source,False,Social media mention
SOC-0489,SocialHandle,@Anon_Senthil828,,SocialMedia,1,0,0,0,1,2025-05-06,2025-05-06,Author,False,📄 Single-Source,False,Social media mention
SOC-0490,SocialHandle,@Official_Kannan375,,SocialMedia,1,0,0,0,1,2025-05-16,2025-05-16,Author,False,📄 Single-Source,False,Social media mention
SOC-0491,SocialHandle,@Xyz_Jeeva239,,SocialMedia,1,0,0,0,1,2025-09-22,2025-09-22,Author,False,📄 Single-Source,False,Social media mention
SOC-0492,SocialHandle,@Anon_Anand995,,SocialMedia,1,0,0,0,1,2025-03-28,2025-03-28,Author,False,📄 Single-Source,False,Social media mention
SOC-0493,SocialHandle,@Shadow_Rajesh170,,SocialMedia,1,0,0,0,1,2026-07-05,2026-07-05,Author,False,📄 Single-Source,False,Social media mention
SOC-0494,SocialHandle,@Real_Uma878,,SocialMedia,1,0,0,0,1,2025-11-19,2025-11-19,Author,False,📄 Single-Source,False,Social media mention
SOC-0495,SocialHandle,@Dark_Dinesh929,,SocialMedia,1,0,0,0,1,2026-02-05,2026-02-05,Author,False,📄 Single-Source,False,Social media mention
SOC-0496,SocialHandle,@Shadow_Dinesh332,,SocialMedia,1,0,0,0,1,2026-08-23,2026-08-23,Author,False,📄 Single-Source,False,Social media mention
SOC-0497,SocialHandle,@Official_Karthik439,,SocialMedia,1,0,0,0,1,2026-06-13,2026-06-13,Author,False,📄 Single-Source,False,Social media mention
SOC-0498,SocialHandle,@Dark_Hariharan466,,SocialMedia,1,0,0,0,1,2026-02-27,2026-02-27,Author,False,📄 Single-Source,False,Social media mention
SOC-0499,SocialHandle,@Xyz_Mathan358,,SocialMedia,1,0,0,0,1,2025-05-05,2025-05-05,Author,False,📄 Single-Source,False,Social media mention
SOC-0500,SocialHandle,@Anon_Elango357,,SocialMedia,1,0,0,0,1,2026-08-03,2026-08-03,Author,False,📄 Single-Source,False,Social media mention
SOC-0501,SocialHandle,@Dark_Uma542,,SocialMedia,1,0,0,0,1,2025-03-23,2025-03-23,Author,False,📄 Single-Source,False,Social media mention
SOC-0502,SocialHandle,@Real_Dinesh104,,SocialMedia,1,0,0,0,1,2025-04-12,2025-04-12,Author,False,📄 Single-Source,False,Social media mention
SOC-0503,SocialHandle,@Official_Abirami608,,SocialMedia,1,0,0,0,1,2025-11-25,2025-11-25,Author,False,📄 Single-Source,False,Social media mention
SOC-0504,SocialHandle,@The_Vasanth731,,SocialMedia,1,0,0,0,1,2026-02-15,2026-02-15,Author,False,📄 Single-Source,False,Social media mention
SOC-0505,SocialHandle,@Temp_Jeeva882,,SocialMedia,1,0,0,0,1,2025-04-04,2025-04-04,Author,False,📄 Single-Source,False,Social media mention
SOC-0506,SocialHandle,@Official_Vasanthi311,,SocialMedia,1,0,0,0,1,2026-09-07,2026-09-07,Author,False,📄 Single-Source,False,Social media mention
SOC-0507,SocialHandle,@Dark_Selvam496,,SocialMedia,1,0,0,0,1,2026-04-16,2026-04-16,Author,False,📄 Single-Source,False,Social media mention
SOC-0508,SocialHandle,@Real_Vasanth829,,SocialMedia,1,0,0,0,1,2026-04-30,2026-04-30,Author,False,📄 Single-Source,False,Social media mention
SOC-0509,SocialHandle,@The_Gokul734,,SocialMedia,1,0,0,0,1,2026-05-05,2026-05-05,Author,False,📄 Single-Source,False,Social media mention
SOC-0510,SocialHandle,@Temp_Nithin544,,SocialMedia,1,0,0,0,1,2026-01-05,2026-01-05,Author,False,📄 Single-Source,False,Social media mention
SOC-0511,SocialHandle,@Temp_Jagan464,,SocialMedia,1,0,0,0,1,2026-02-19,2026-02-19,Author,False,📄 Single-Source,False,Social media mention
SOC-0512,SocialHandle,@Real_Siva505,,SocialMedia,1,0,0,0,1,2026-05-08,2026-05-08,Author,False,📄 Single-Source,False,Social media mention
SOC-0513,SocialHandle,@Official_Dharani591,,SocialMedia,1,0,0,0,1,2025-03-07,2025-03-07,Author,False,📄 Single-Source,False,Social media mention
SOC-0514,SocialHandle,@Dark_Jagan994,,SocialMedia,1,0,0,0,1,2025-12-17,2025-12-17,Author,False,📄 Single-Source,False,Social media mention
SOC-0515,SocialHandle,@Real_Yuvaraj414,,SocialMedia,1,0,0,0,1,2025-04-19,2025-04-19,Author,False,📄 Single-Source,False,Social media mention
SOC-0516,SocialHandle,@Official_Hariharan780,,SocialMedia,1,0,0,0,1,2025-08-01,2025-08-01,Author,False,📄 Single-Source,False,Social media mention
SOC-0517,SocialHandle,@Real_Jagan816,,SocialMedia,1,0,0,0,1,2026-05-21,2026-05-21,Author,False,📄 Single-Source,False,Social media mention
SOC-0518,SocialHandle,@User_Vignesh137,,SocialMedia,1,0,0,0,1,2025-05-30,2025-05-30,Author,False,📄 Single-Source,False,Social media mention
SOC-0519,SocialHandle,@Only_Sathish249,,SocialMedia,1,0,0,0,1,2025-10-09,2025-10-09,Author,False,📄 Single-Source,False,Social media mention
SOC-0520,SocialHandle,@User_Sanjay970,,SocialMedia,1,0,0,0,1,2026-06-07,2026-06-07,Author,False,📄 Single-Source,False,Social media mention
SOC-0521,SocialHandle,@Anon_Murugan380,,SocialMedia,1,0,0,0,1,2025-02-03,2025-02-03,Author,False,📄 Single-Source,False,Social media mention
SOC-0522,SocialHandle,@Only_Nandha352,,SocialMedia,1,0,0,0,1,2026-03-21,2026-03-21,Author,False,📄 Single-Source,False,Social media mention
SOC-0523,SocialHandle,@Real_Mathan38,,SocialMedia,1,0,0,0,1,2025-01-19,2025-01-19,Author,False,📄 Single-Source,False,Social media mention
SOC-0524,SocialHandle,@Shadow_Nithin542,,SocialMedia,1,0,0,0,1,2025-02-26,2025-02-26,Author,False,📄 Single-Source,False,Social media mention
SOC-0525,SocialHandle,@Real_Vignesh114,,SocialMedia,1,0,0,0,1,2026-03-11,2026-03-11,Author,False,📄 Single-Source,False,Social media mention
SOC-0526,SocialHandle,@Anon_Gopal403,,SocialMedia,1,0,0,0,1,2025-11-29,2025-11-29,Author,False,📄 Single-Source,False,Social media mention
SOC-0527,SocialHandle,@Real_Udhay115,,SocialMedia,1,0,0,0,1,2026-07-09,2026-07-09,Author,False,📄 Single-Source,False,Social media mention
SOC-0528,SocialHandle,@The_Nithin258,,SocialMedia,1,0,0,0,1,2025-02-04,2025-02-04,Author,False,📄 Single-Source,False,Social media mention
SOC-0529,SocialHandle,@The_Hariharan490,,SocialMedia,1,0,0,0,1,2025-09-24,2025-09-24,Author,False,📄 Single-Source,False,Social media mention
SOC-0530,SocialHandle,@Dark_Nithin362,,SocialMedia,1,0,0,0,1,2025-06-05,2025-06-05,Author,False,📄 Single-Source,False,Social media mention
SOC-0531,SocialHandle,@Temp_Mohan589,,SocialMedia,1,0,0,0,1,2026-04-24,2026-04-24,Author,False,📄 Single-Source,False,Social media mention
SOC-0532,SocialHandle,@Shadow_Revathi877,,SocialMedia,1,0,0,0,1,2025-05-19,2025-05-19,Author,False,📄 Single-Source,False,Social media mention
SOC-0533,SocialHandle,@Shadow_Madhan968,,SocialMedia,1,0,0,0,1,2025-12-21,2025-12-21,Author,False,📄 Single-Source,False,Social media mention
SOC-0534,SocialHandle,@Official_Jagan818,,SocialMedia,1,0,0,0,1,2025-07-11,2025-07-11,Author,False,📄 Single-Source,False,Social media mention
SOC-0535,SocialHandle,@Temp_Gopal76,,SocialMedia,1,0,0,0,1,2025-10-29,2025-10-29,Author,False,📄 Single-Source,False,Social media mention
SOC-0536,SocialHandle,@Xyz_Vasanthi721,,SocialMedia,1,0,0,0,1,2026-01-20,2026-01-20,Author,False,📄 Single-Source,False,Social media mention
SOC-0537,SocialHandle,@Shadow_Anand289,,SocialMedia,1,0,0,0,1,2025-05-20,2025-05-20,Author,False,📄 Single-Source,False,Social media mention
SOC-0538,SocialHandle,@Official_Kishore958,,SocialMedia,1,0,0,0,1,2025-04-03,2025-04-03,Author,False,📄 Single-Source,False,Social media mention
SOC-0539,SocialHandle,@Dark_Nithin798,,SocialMedia,1,0,0,0,1,2025-11-21,2025-11-21,Author,False,📄 Single-Source,False,Social media mention
SOC-0540,SocialHandle,@Anon_Gopal839,,SocialMedia,1,0,0,0,1,2025-10-03,2025-10-03,Author,False,📄 Single-Source,False,Social media mention
SOC-0541,SocialHandle,@The_Madhan167,,SocialMedia,1,0,0,0,1,2025-09-14,2025-09-14,Author,False,📄 Single-Source,False,Social media mention
SOC-0542,SocialHandle,@Anon_Nithin121,,SocialMedia,1,0,0,0,1,2025-12-17,2025-12-17,Author,False,📄 Single-Source,False,Social media mention
SOC-0543,SocialHandle,@Anon_Gokul68,,SocialMedia,1,0,0,0,1,2025-01-09,2025-01-09,Author,False,📄 Single-Source,False,Social media mention
SOC-0544,SocialHandle,@Dark_Gokul988,,SocialMedia,1,0,0,0,1,2025-06-10,2025-06-10,Author,False,📄 Single-Source,False,Social media mention
SOC-0545,SocialHandle,@Temp_Mathan217,,SocialMedia,1,0,0,0,1,2026-06-16,2026-06-16,Author,False,📄 Single-Source,False,Social media mention
SOC-0546,SocialHandle,@Xyz_Gokul346,,SocialMedia,1,0,0,0,1,2026-01-17,2026-01-17,Author,False,📄 Single-Source,False,Social media mention
SOC-0547,SocialHandle,@Dark_Yuvaraj637,,SocialMedia,1,0,0,0,1,2025-05-17,2025-05-17,Author,False,📄 Single-Source,False,Social media mention
SOC-0548,SocialHandle,@Xyz_Dinesh134,,SocialMedia,1,0,0,0,1,2025-03-01,2025-03-01,Author,False,📄 Single-Source,False,Social media mention
SOC-0549,SocialHandle,@The_Anand492,,SocialMedia,1,0,0,0,1,2025-05-06,2025-05-06,Author,False,📄 Single-Source,False,Social media mention
SOC-0550,SocialHandle,@Real_Kumaran697,,SocialMedia,1,0,0,0,1,2026-06-11,2026-06-11,Author,False,📄 Single-Source,False,Social media mention
SOC-0551,SocialHandle,@Shadow_Lokesh340,,SocialMedia,1,0,0,0,1,2025-05-28,2025-05-28,Author,False,📄 Single-Source,False,Social media mention
SOC-0552,SocialHandle,@Temp_Murugan387,,SocialMedia,1,0,0,0,1,2025-06-19,2025-06-19,Author,False,📄 Single-Source,False,Social media mention
SOC-0553,SocialHandle,@Dark_Mathan533,,SocialMedia,1,0,0,0,1,2025-06-30,2025-06-30,Author,False,📄 Single-Source,False,Social media mention
SOC-0554,SocialHandle,@Only_Sanjay955,,SocialMedia,1,0,0,0,1,2025-12-11,2025-12-11,Author,False,📄 Single-Source,False,Social media mention
SOC-0555,SocialHandle,@Official_Madhan778,,SocialMedia,1,0,0,0,1,2026-07-24,2026-07-24,Author,False,📄 Single-Source,False,Social media mention
SOC-0556,SocialHandle,@Xyz_Rajesh339,,SocialMedia,1,0,0,0,1,2026-05-05,2026-05-05,Author,False,📄 Single-Source,False,Social media mention
SOC-0557,SocialHandle,@Real_Dharani187,,SocialMedia,1,0,0,0,1,2026-09-10,2026-09-10,Author,False,📄 Single-Source,False,Social media mention
SOC-0558,SocialHandle,@Real_Hariharan787,,SocialMedia,1,0,0,0,1,2025-08-22,2025-08-22,Author,False,📄 Single-Source,False,Social media mention
SOC-0559,SocialHandle,@Dark_Nandha585,,SocialMedia,1,0,0,0,1,2025-02-25,2025-02-25,Author,False,📄 Single-Source,False,Social media mention
SOC-0560,SocialHandle,@Anon_Vasanthi424,,SocialMedia,1,0,0,0,1,2025-11-03,2025-11-03,Author,False,📄 Single-Source,False,Social media mention
SOC-0561,SocialHandle,@Shadow_Udhay723,,SocialMedia,1,0,0,0,1,2025-10-27,2025-10-27,Author,False,📄 Single-Source,False,Social media mention
SOC-0562,SocialHandle,@Official_Hariharan629,,SocialMedia,1,0,0,0,1,2026-06-13,2026-06-13,Author,False,📄 Single-Source,False,Social media mention
SOC-0563,SocialHandle,@Xyz_Kishore941,,SocialMedia,1,0,0,0,1,2025-11-25,2025-11-25,Author,False,📄 Single-Source,False,Social media mention
SOC-0564,SocialHandle,@Real_Dinesh121,,SocialMedia,1,0,0,0,1,2026-08-27,2026-08-27,Author,False,📄 Single-Source,False,Social media mention
SOC-0565,SocialHandle,@User_Udhay109,,SocialMedia,1,0,0,0,1,2026-06-25,2026-06-25,Author,False,📄 Single-Source,False,Social media mention
SOC-0566,SocialHandle,@Official_Udhay933,,SocialMedia,1,0,0,0,1,2025-12-09,2025-12-09,Author,False,📄 Single-Source,False,Social media mention
SOC-0567,SocialHandle,@Real_Mohan360,,SocialMedia,1,0,0,0,1,2025-07-02,2025-07-02,Author,False,📄 Single-Source,False,Social media mention
SOC-0568,SocialHandle,@Real_Ezhilan226,,SocialMedia,1,0,0,0,1,2025-01-06,2025-01-06,Author,False,📄 Single-Source,False,Social media mention
SOC-0569,SocialHandle,@Shadow_Saravanan332,,SocialMedia,1,0,0,0,1,2025-10-08,2025-10-08,Author,False,📄 Single-Source,False,Social media mention
SOC-0570,SocialHandle,@The_Karthik36,,SocialMedia,1,0,0,0,1,2026-02-17,2026-02-17,Author,False,📄 Single-Source,False,Social media mention
SOC-0571,SocialHandle,@User_Nithin663,,SocialMedia,1,0,0,0,1,2025-09-08,2025-09-08,Author,False,📄 Single-Source,False,Social media mention
SOC-0572,SocialHandle,@Shadow_Kishore448,,SocialMedia,1,0,0,0,1,2026-01-05,2026-01-05,Author,False,📄 Single-Source,False,Social media mention
SOC-0573,SocialHandle,@User_Vignesh140,,SocialMedia,1,0,0,0,1,2025-03-09,2025-03-09,Author,False,📄 Single-Source,False,Social media mention
SOC-0574,SocialHandle,@Only_Naveen226,,SocialMedia,1,0,0,0,1,2026-05-28,2026-05-28,Author,False,📄 Single-Source,False,Social media mention
SOC-0575,SocialHandle,@Official_Praveen691,,SocialMedia,1,0,0,0,1,2026-06-05,2026-06-05,Author,False,📄 Single-Source,False,Social media mention
SOC-0576,SocialHandle,@Shadow_Mathan396,,SocialMedia,1,0,0,0,1,2026-08-01,2026-08-01,Author,False,📄 Single-Source,False,Social media mention
SOC-0577,SocialHandle,@Official_Karthik73,,SocialMedia,1,0,0,0,1,2025-05-28,2025-05-28,Author,False,📄 Single-Source,False,Social media mention
SOC-0578,SocialHandle,@Dark_Lokesh19,,SocialMedia,1,0,0,0,1,2025-12-24,2025-12-24,Author,False,📄 Single-Source,False,Social media mention
SOC-0579,SocialHandle,@Anon_Murugan308,,SocialMedia,1,0,0,0,1,2025-10-20,2025-10-20,Author,False,📄 Single-Source,False,Social media mention
SOC-0580,SocialHandle,@Official_Nandha844,,SocialMedia,1,0,0,0,1,2025-05-04,2025-05-04,Author,False,📄 Single-Source,False,Social media mention
SOC-0581,SocialHandle,@Real_Nandha550,,SocialMedia,1,0,0,0,1,2025-08-08,2025-08-08,Author,False,📄 Single-Source,False,Social media mention
SOC-0582,SocialHandle,@Official_Nithin478,,SocialMedia,1,0,0,0,1,2026-03-25,2026-03-25,Author,False,📄 Single-Source,False,Social media mention
SOC-0583,SocialHandle,@Shadow_Gopal753,,SocialMedia,1,0,0,0,1,2025-03-21,2025-03-21,Author,False,📄 Single-Source,False,Social media mention
SOC-0584,SocialHandle,@The_Ajith977,,SocialMedia,1,0,0,0,1,2026-02-05,2026-02-05,Author,False,📄 Single-Source,False,Social media mention
SOC-0585,SocialHandle,@Shadow_Nithin21,,SocialMedia,1,0,0,0,1,2025-03-06,2025-03-06,Author,False,📄 Single-Source,False,Social media mention
SOC-0586,SocialHandle,@Temp_Tamilarasan195,,SocialMedia,1,0,0,0,1,2026-05-16,2026-05-16,Author,False,📄 Single-Source,False,Social media mention
SOC-0587,SocialHandle,@Only_Sanjay998,,SocialMedia,1,0,0,0,1,2025-04-02,2025-04-02,Author,False,📄 Single-Source,False,Social media mention
SOC-0588,SocialHandle,@Xyz_Thirumal218,,SocialMedia,1,0,0,0,1,2026-07-24,2026-07-24,Author,False,📄 Single-Source,False,Social media mention
SOC-0589,SocialHandle,@Dark_Arun398,,SocialMedia,1,0,0,0,1,2026-04-14,2026-04-14,Author,False,📄 Single-Source,False,Social media mention
SOC-0590,SocialHandle,@Dark_Praveen984,,SocialMedia,1,0,0,0,1,2025-04-06,2025-04-06,Author,False,📄 Single-Source,False,Social media mention
SOC-0591,SocialHandle,@Official_Mohan632,,SocialMedia,1,0,0,0,1,2025-02-07,2025-02-07,Author,False,📄 Single-Source,False,Social media mention
SOC-0592,SocialHandle,@Anon_Chithra616,,SocialMedia,1,0,0,0,1,2025-01-08,2025-01-08,Author,False,📄 Single-Source,False,Social media mention
SOC-0593,SocialHandle,@Official_Prakash292,,SocialMedia,1,0,0,0,1,2026-02-09,2026-02-09,Author,False,📄 Single-Source,False,Social media mention
SOC-0594,SocialHandle,@Real_Kishore757,,SocialMedia,1,0,0,0,1,2025-03-14,2025-03-14,Author,False,📄 Single-Source,False,Social media mention
SOC-0595,SocialHandle,@Xyz_Ganesh964,,SocialMedia,1,0,0,0,1,2026-01-08,2026-01-08,Author,False,📄 Single-Source,False,Social media mention
SOC-0596,SocialHandle,@Dark_Elango729,,SocialMedia,1,0,0,0,1,2025-09-26,2025-09-26,Author,False,📄 Single-Source,False,Social media mention
SOC-0597,SocialHandle,@Only_Selvam861,,SocialMedia,1,0,0,0,1,2026-08-19,2026-08-19,Author,False,📄 Single-Source,False,Social media mention
SOC-0598,SocialHandle,@Shadow_Vasanth315,,SocialMedia,1,0,0,0,1,2025-01-05,2025-01-05,Author,False,📄 Single-Source,False,Social media mention
SOC-0599,SocialHandle,@Xyz_Dinesh536,,SocialMedia,1,0,0,0,1,2025-11-16,2025-11-16,Author,False,📄 Single-Source,False,Social media mention
SOC-0600,SocialHandle,@Shadow_Yuvaraj448,,SocialMedia,1,0,0,0,1,2026-02-21,2026-02-21,Author,False,📄 Single-Source,False,Social media mention
SOC-0601,SocialHandle,@Shadow_Elango914,,SocialMedia,1,0,0,0,1,2025-06-04,2025-06-04,Author,False,📄 Single-Source,False,Social media mention
SOC-0602,SocialHandle,@Only_Arun981,,SocialMedia,1,0,0,0,1,2026-06-01,2026-06-01,Author,False,📄 Single-Source,False,Social media mention
SOC-0603,SocialHandle,@Xyz_Karthik753,,SocialMedia,1,0,0,0,1,2025-10-30,2025-10-30,Author,False,📄 Single-Source,False,Social media mention
SOC-0604,SocialHandle,@Only_Hariharan642,,SocialMedia,1,0,0,0,1,2026-02-02,2026-02-02,Author,False,📄 Single-Source,False,Social media mention
SOC-0605,SocialHandle,@Xyz_Senthil635,,SocialMedia,1,0,0,0,1,2026-04-05,2026-04-05,Author,False,📄 Single-Source,False,Social media mention
SOC-0606,SocialHandle,@Only_Vignesh354,,SocialMedia,1,0,0,0,1,2025-02-17,2025-02-17,Author,False,📄 Single-Source,False,Social media mention
SOC-0607,SocialHandle,@Only_Mathan337,,SocialMedia,1,0,0,0,1,2025-05-22,2025-05-22,Author,False,📄 Single-Source,False,Social media mention
SOC-0608,SocialHandle,@Dark_Mohan199,,SocialMedia,1,0,0,0,1,2026-01-17,2026-01-17,Author,False,📄 Single-Source,False,Social media mention
SOC-0609,SocialHandle,@Temp_Senthil551,,SocialMedia,1,0,0,0,1,2025-07-05,2025-07-05,Author,False,📄 Single-Source,False,Social media mention
SOC-0610,SocialHandle,@Only_Ajith556,,SocialMedia,1,0,0,0,1,2025-02-04,2025-02-04,Author,False,📄 Single-Source,False,Social media mention
SOC-0611,SocialHandle,@Dark_Jeeva79,,SocialMedia,1,0,0,0,1,2026-02-11,2026-02-11,Author,False,📄 Single-Source,False,Social media mention
SOC-0612,SocialHandle,@Dark_Jeeva585,,SocialMedia,1,0,0,0,1,2025-11-08,2025-11-08,Author,False,📄 Single-Source,False,Social media mention
SOC-0613,SocialHandle,@Xyz_Gopal476,,SocialMedia,1,0,0,0,1,2026-07-14,2026-07-14,Author,False,📄 Single-Source,False,Social media mention
SOC-0614,SocialHandle,@Xyz_Sanjay128,,SocialMedia,1,0,0,0,1,2025-09-27,2025-09-27,Author,False,📄 Single-Source,False,Social media mention
SOC-0615,SocialHandle,@Shadow_Thirumal68,,SocialMedia,1,0,0,0,1,2025-01-09,2025-01-09,Author,False,📄 Single-Source,False,Social media mention
SOC-0616,SocialHandle,@Dark_Lokesh978,,SocialMedia,1,0,0,0,1,2026-05-02,2026-05-02,Author,False,📄 Single-Source,False,Social media mention
SOC-0617,SocialHandle,@Temp_Nandha202,,SocialMedia,1,0,0,0,1,2025-02-25,2025-02-25,Author,False,📄 Single-Source,False,Social media mention
SOC-0618,SocialHandle,@Dark_Gunasekar31,,SocialMedia,1,0,0,0,1,2025-01-11,2025-01-11,Author,False,📄 Single-Source,False,Social media mention
SOC-0619,SocialHandle,@User_Gopal990,,SocialMedia,1,0,0,0,1,2026-02-26,2026-02-26,Author,False,📄 Single-Source,False,Social media mention
SOC-0620,SocialHandle,@Official_Arun349,,SocialMedia,1,0,0,0,1,2025-07-09,2025-07-09,Author,False,📄 Single-Source,False,Social media mention
SOC-0621,SocialHandle,@Xyz_Senthil917,,SocialMedia,1,0,0,0,1,2025-04-21,2025-04-21,Author,False,📄 Single-Source,False,Social media mention
SOC-0622,SocialHandle,@Only_Prakash953,,SocialMedia,1,0,0,0,1,2025-10-26,2025-10-26,Author,False,📄 Single-Source,False,Social media mention
SOC-0623,SocialHandle,@Shadow_Nandha88,,SocialMedia,1,0,0,0,1,2025-04-02,2025-04-02,Author,False,📄 Single-Source,False,Social media mention
SOC-0624,SocialHandle,@Dark_Abirami163,,SocialMedia,1,0,0,0,1,2026-06-18,2026-06-18,Author,False,📄 Single-Source,False,Social media mention
SOC-0625,SocialHandle,@User_Anand892,,SocialMedia,1,0,0,0,1,2025-04-26,2025-04-26,Author,False,📄 Single-Source,False,Social media mention
SOC-0626,SocialHandle,@Temp_Madhan447,,SocialMedia,1,0,0,0,1,2025-08-05,2025-08-05,Author,False,📄 Single-Source,False,Social media mention
SOC-0627,SocialHandle,@Dark_Suresh626,,SocialMedia,1,0,0,0,1,2025-09-17,2025-09-17,Author,False,📄 Single-Source,False,Social media mention
SOC-0628,SocialHandle,@Xyz_Vignesh851,,SocialMedia,1,0,0,0,1,2025-03-06,2025-03-06,Author,False,📄 Single-Source,False,Social media mention
SOC-0629,SocialHandle,@Dark_Mohan258,,SocialMedia,1,0,0,0,1,2025-06-24,2025-06-24,Author,False,📄 Single-Source,False,Social media mention
SOC-0630,SocialHandle,@Temp_Lokesh85,,SocialMedia,1,0,0,0,1,2026-04-07,2026-04-07,Author,False,📄 Single-Source,False,Social media mention
SOC-0631,SocialHandle,@Anon_Selvam810,,SocialMedia,1,0,0,0,1,2025-01-11,2025-01-11,Author,False,📄 Single-Source,False,Social media mention
SOC-0632,SocialHandle,@The_Ganesh288,,SocialMedia,1,0,0,0,1,2026-02-10,2026-02-10,Author,False,📄 Single-Source,False,Social media mention
SOC-0633,SocialHandle,@Anon_Anand498,,SocialMedia,1,0,0,0,1,2026-05-14,2026-05-14,Author,False,📄 Single-Source,False,Social media mention
SOC-0634,SocialHandle,@Real_Prakash524,,SocialMedia,1,0,0,0,1,2025-04-27,2025-04-27,Author,False,📄 Single-Source,False,Social media mention
SOC-0635,SocialHandle,@Real_Kishore985,,SocialMedia,1,0,0,0,1,2025-06-17,2025-06-17,Author,False,📄 Single-Source,False,Social media mention
SOC-0636,SocialHandle,@Anon_Hariharan814,,SocialMedia,1,0,0,0,1,2025-08-14,2025-08-14,Author,False,📄 Single-Source,False,Social media mention
SOC-0637,SocialHandle,@Temp_Hariharan652,,SocialMedia,1,0,0,0,1,2025-03-17,2025-03-17,Author,False,📄 Single-Source,False,Social media mention
SOC-0638,SocialHandle,@Official_Kumaran175,,SocialMedia,1,0,0,0,1,2026-03-24,2026-03-24,Author,False,📄 Single-Source,False,Social media mention
SOC-0639,SocialHandle,@The_Nithin972,,SocialMedia,1,0,0,0,1,2026-03-18,2026-03-18,Author,False,📄 Single-Source,False,Social media mention
SOC-0640,SocialHandle,@Temp_Bharathi984,,SocialMedia,1,0,0,0,1,2025-03-06,2025-03-06,Author,False,📄 Single-Source,False,Social media mention
SOC-0641,SocialHandle,@Xyz_Jagan18,,SocialMedia,1,0,0,0,1,2025-03-23,2025-03-23,Author,False,📄 Single-Source,False,Social media mention
SOC-0642,SocialHandle,@Anon_Kavitha489,,SocialMedia,1,0,0,0,1,2025-12-28,2025-12-28,Author,False,📄 Single-Source,False,Social media mention
SOC-0643,SocialHandle,@Shadow_Elango628,,SocialMedia,1,0,0,0,1,2026-06-30,2026-06-30,Author,False,📄 Single-Source,False,Social media mention
SOC-0644,SocialHandle,@Only_Hariharan337,,SocialMedia,1,0,0,0,1,2026-04-12,2026-04-12,Author,False,📄 Single-Source,False,Social media mention
SOC-0645,SocialHandle,@Anon_Yuvaraj902,,SocialMedia,1,0,0,0,1,2025-06-16,2025-06-16,Author,False,📄 Single-Source,False,Social media mention
SOC-0646,SocialHandle,@The_Yuvaraj213,,SocialMedia,1,0,0,0,1,2025-11-22,2025-11-22,Author,False,📄 Single-Source,False,Social media mention
SOC-0647,SocialHandle,@Real_Jeeva750,,SocialMedia,1,0,0,0,1,2026-04-24,2026-04-24,Author,False,📄 Single-Source,False,Social media mention
SOC-0648,SocialHandle,@Dark_Kishore279,,SocialMedia,1,0,0,0,1,2025-01-03,2025-01-03,Author,False,📄 Single-Source,False,Social media mention
SOC-0649,SocialHandle,@The_Sanjay625,,SocialMedia,1,0,0,0,1,2025-09-28,2025-09-28,Author,False,📄 Single-Source,False,Social media mention
SOC-0650,SocialHandle,@Real_Prakash726,,SocialMedia,1,0,0,0,1,2025-12-21,2025-12-21,Author,False,📄 Single-Source,False,Social media mention
SOC-0651,SocialHandle,@Official_Siva728,,SocialMedia,1,0,0,0,1,2025-03-19,2025-03-19,Author,False,📄 Single-Source,False,Social media mention
SOC-0652,SocialHandle,@Real_Sanjay658,,SocialMedia,1,0,0,0,1,2026-03-28,2026-03-28,Author,False,📄 Single-Source,False,Social media mention
SOC-0653,SocialHandle,@Anon_Jeeva983,,SocialMedia,1,0,0,0,1,2026-09-09,2026-09-09,Author,False,📄 Single-Source,False,Social media mention
SOC-0654,SocialHandle,@The_Janani457,,SocialMedia,1,0,0,0,1,2026-07-06,2026-07-06,Author,False,📄 Single-Source,False,Social media mention
SOC-0655,SocialHandle,@The_Babu474,,SocialMedia,1,0,0,0,1,2026-08-27,2026-08-27,Author,False,📄 Single-Source,False,Social media mention
SOC-0656,SocialHandle,@Official_Gunasekar685,,SocialMedia,1,0,0,0,1,2025-03-06,2025-03-06,Author,False,📄 Single-Source,False,Social media mention
SOC-0657,SocialHandle,@Real_Dinesh508,,SocialMedia,1,0,0,0,1,2025-03-01,2025-03-01,Author,False,📄 Single-Source,False,Social media mention
SOC-0658,SocialHandle,@The_Elango544,,SocialMedia,1,0,0,0,1,2025-04-05,2025-04-05,Author,False,📄 Single-Source,False,Social media mention
SOC-0659,SocialHandle,@Shadow_Vijay735,,SocialMedia,1,0,0,0,1,2025-08-17,2025-08-17,Author,False,📄 Single-Source,False,Social media mention
SOC-0660,SocialHandle,@Dark_Mathan620,,SocialMedia,1,0,0,0,1,2025-09-05,2025-09-05,Author,False,📄 Single-Source,False,Social media mention
SOC-0661,SocialHandle,@Anon_Mathan181,,SocialMedia,1,0,0,0,1,2026-02-02,2026-02-02,Author,False,📄 Single-Source,False,Social media mention
SOC-0662,SocialHandle,@Only_Lokesh600,,SocialMedia,1,0,0,0,1,2025-01-14,2025-01-14,Author,False,📄 Single-Source,False,Social media mention
SOC-0663,SocialHandle,@Shadow_Sanjay970,,SocialMedia,1,0,0,0,1,2025-01-23,2025-01-23,Author,False,📄 Single-Source,False,Social media mention
SOC-0664,SocialHandle,@Official_Udhay339,,SocialMedia,1,0,0,0,1,2026-01-10,2026-01-10,Author,False,📄 Single-Source,False,Social media mention
SOC-0665,SocialHandle,@Real_Rajesh86,,SocialMedia,1,0,0,0,1,2025-02-16,2025-02-16,Author,False,📄 Single-Source,False,Social media mention
SOC-0666,SocialHandle,@Xyz_Nithya889,,SocialMedia,1,0,0,0,1,2025-08-31,2025-08-31,Author,False,📄 Single-Source,False,Social media mention
SOC-0667,SocialHandle,@Temp_Venkat535,,SocialMedia,1,0,0,0,1,2025-11-07,2025-11-07,Author,False,📄 Single-Source,False,Social media mention
SOC-0668,SocialHandle,@Real_Karthik959,,SocialMedia,1,0,0,0,1,2025-10-03,2025-10-03,Author,False,📄 Single-Source,False,Social media mention
SOC-0669,SocialHandle,@Temp_Nithya515,,SocialMedia,1,0,0,0,1,2025-03-26,2025-03-26,Author,False,📄 Single-Source,False,Social media mention
SOC-0670,SocialHandle,@Real_Naveen554,,SocialMedia,1,0,0,0,1,2025-06-25,2025-06-25,Author,False,📄 Single-Source,False,Social media mention
SOC-0671,SocialHandle,@Only_Kumaran365,,SocialMedia,1,0,0,0,1,2026-07-03,2026-07-03,Author,False,📄 Single-Source,False,Social media mention
SOC-0672,SocialHandle,@The_Naveen332,,SocialMedia,1,0,0,0,1,2025-05-10,2025-05-10,Author,False,📄 Single-Source,False,Social media mention
SOC-0673,SocialHandle,@Real_Gopal56,,SocialMedia,1,0,0,0,1,2026-03-17,2026-03-17,Author,False,📄 Single-Source,False,Social media mention
SOC-0674,SocialHandle,@Official_Mohan833,,SocialMedia,1,0,0,0,1,2025-12-18,2025-12-18,Author,False,📄 Single-Source,False,Social media mention
SOC-0675,SocialHandle,@Official_Hemanth737,,SocialMedia,1,0,0,0,1,2026-02-07,2026-02-07,Author,False,📄 Single-Source,False,Social media mention
SOC-0676,SocialHandle,@Only_Gokul952,,SocialMedia,1,0,0,0,1,2026-05-12,2026-05-12,Author,False,📄 Single-Source,False,Social media mention
SOC-0677,SocialHandle,@Shadow_Kavitha410,,SocialMedia,1,0,0,0,1,2025-08-03,2025-08-03,Author,False,📄 Single-Source,False,Social media mention
SOC-0678,SocialHandle,@Official_Sathish122,,SocialMedia,1,0,0,0,1,2026-01-23,2026-01-23,Author,False,📄 Single-Source,False,Social media mention
SOC-0679,SocialHandle,@Official_Arun508,,SocialMedia,1,0,0,0,1,2026-09-14,2026-09-14,Author,False,📄 Single-Source,False,Social media mention
SOC-0680,SocialHandle,@Xyz_Prakash168,,SocialMedia,1,0,0,0,1,2026-07-08,2026-07-08,Author,False,📄 Single-Source,False,Social media mention
SOC-0681,SocialHandle,@Only_Hemanth841,,SocialMedia,1,0,0,0,1,2025-10-28,2025-10-28,Author,False,📄 Single-Source,False,Social media mention
SOC-0682,SocialHandle,@Temp_Rakesh152,,SocialMedia,1,0,0,0,1,2025-06-04,2025-06-04,Author,False,📄 Single-Source,False,Social media mention
SOC-0683,SocialHandle,@Anon_Kannan372,,SocialMedia,1,0,0,0,1,2025-11-23,2025-11-23,Author,False,📄 Single-Source,False,Social media mention
SOC-0684,SocialHandle,@Only_Sathish604,,SocialMedia,1,0,0,0,1,2025-04-09,2025-04-09,Author,False,📄 Single-Source,False,Social media mention
SOC-0685,SocialHandle,@Xyz_Ajith481,,SocialMedia,1,0,0,0,1,2025-03-07,2025-03-07,Author,False,📄 Single-Source,False,Social media mention
SOC-0686,SocialHandle,@Real_Yogesh768,,SocialMedia,1,0,0,0,1,2026-02-01,2026-02-01,Author,False,📄 Single-Source,False,Social media mention
SOC-0687,SocialHandle,@Real_Arun317,,SocialMedia,1,0,0,0,1,2025-05-23,2025-05-23,Author,False,📄 Single-Source,False,Social media mention
SOC-0688,SocialHandle,@User_Hariharan300,,SocialMedia,1,0,0,0,1,2026-03-15,2026-03-15,Author,False,📄 Single-Source,False,Social media mention
SOC-0689,SocialHandle,@The_Hemanth489,,SocialMedia,1,0,0,0,1,2025-12-23,2025-12-23,Author,False,📄 Single-Source,False,Social media mention
SOC-0690,SocialHandle,@Dark_Arjun535,,SocialMedia,1,0,0,0,1,2026-05-25,2026-05-25,Author,False,📄 Single-Source,False,Social media mention
SOC-0691,SocialHandle,@Anon_Gokul395,,SocialMedia,1,0,0,0,1,2026-04-16,2026-04-16,Author,False,📄 Single-Source,False,Social media mention
SOC-0692,SocialHandle,@Temp_Kavitha642,,SocialMedia,1,0,0,0,1,2025-02-22,2025-02-22,Author,False,📄 Single-Source,False,Social media mention
SOC-0693,SocialHandle,@Only_Vignesh117,,SocialMedia,1,0,0,0,1,2025-05-16,2025-05-16,Author,False,📄 Single-Source,False,Social media mention
SOC-0694,SocialHandle,@Only_Nithya98,,SocialMedia,1,0,0,0,1,2026-05-04,2026-05-04,Author,False,📄 Single-Source,False,Social media mention
SOC-0695,SocialHandle,@Real_Sanjay358,,SocialMedia,1,0,0,0,1,2026-07-21,2026-07-21,Author,False,📄 Single-Source,False,Social media mention
SOC-0696,SocialHandle,@Temp_Kannan931,,SocialMedia,1,0,0,0,1,2025-04-18,2025-04-18,Author,False,📄 Single-Source,False,Social media mention
SOC-0697,SocialHandle,@Dark_Revathi730,,SocialMedia,1,0,0,0,1,2025-05-03,2025-05-03,Author,False,📄 Single-Source,False,Social media mention
SOC-0698,SocialHandle,@Xyz_Arun724,,SocialMedia,1,0,0,0,1,2026-03-29,2026-03-29,Author,False,📄 Single-Source,False,Social media mention
SOC-0699,SocialHandle,@Shadow_Sanjay82,,SocialMedia,1,0,0,0,1,2026-04-10,2026-04-10,Author,False,📄 Single-Source,False,Social media mention
SOC-0700,SocialHandle,@Xyz_Jeeva632,,SocialMedia,1,0,0,0,1,2026-06-14,2026-06-14,Author,False,📄 Single-Source,False,Social media mention
SOC-0701,SocialHandle,@Dark_Vignesh572,,SocialMedia,1,0,0,0,1,2025-12-07,2025-12-07,Author,False,📄 Single-Source,False,Social media mention
SOC-0702,SocialHandle,@Only_Venkat104,,SocialMedia,1,0,0,0,1,2025-06-26,2025-06-26,Author,False,📄 Single-Source,False,Social media mention
SOC-0703,SocialHandle,@Real_Sanjay88,,SocialMedia,1,0,0,0,1,2026-02-27,2026-02-27,Author,False,📄 Single-Source,False,Social media mention
SOC-0704,SocialHandle,@Official_Sathish90,,SocialMedia,1,0,0,0,1,2025-04-17,2025-04-17,Author,False,📄 Single-Source,False,Social media mention
SOC-0705,SocialHandle,@User_Thirumal250,,SocialMedia,1,0,0,0,1,2026-05-20,2026-05-20,Author,False,📄 Single-Source,False,Social media mention
SOC-0706,SocialHandle,@Real_Yuvaraj71,,SocialMedia,1,0,0,0,1,2026-04-19,2026-04-19,Author,False,📄 Single-Source,False,Social media mention
SOC-0707,SocialHandle,@Official_Selvam839,,SocialMedia,1,0,0,0,1,2025-06-18,2025-06-18,Author,False,📄 Single-Source,False,Social media mention
SOC-0708,SocialHandle,@Xyz_Prakash484,,SocialMedia,1,0,0,0,1,2026-07-13,2026-07-13,Author,False,📄 Single-Source,False,Social media mention
SOC-0709,SocialHandle,@Shadow_Mohan285,,SocialMedia,1,0,0,0,1,2026-08-31,2026-08-31,Author,False,📄 Single-Source,False,Social media mention
SOC-0710,SocialHandle,@Anon_Vignesh483,,SocialMedia,1,0,0,0,1,2025-01-07,2025-01-07,Author,False,📄 Single-Source,False,Social media mention
SOC-0711,SocialHandle,@Temp_Mohan574,,SocialMedia,1,0,0,0,1,2025-02-19,2025-02-19,Author,False,📄 Single-Source,False,Social media mention
SOC-0712,SocialHandle,@Temp_Hariharan681,,SocialMedia,1,0,0,0,1,2025-03-30,2025-03-30,Author,False,📄 Single-Source,False,Social media mention
SOC-0713,SocialHandle,@User_Eswari984,,SocialMedia,1,0,0,0,1,2025-07-21,2025-07-21,Author,False,📄 Single-Source,False,Social media mention
SOC-0714,SocialHandle,@Xyz_Anand464,,SocialMedia,1,0,0,0,1,2025-03-02,2025-03-02,Author,False,📄 Single-Source,False,Social media mention
SOC-0715,SocialHandle,@User_Thirumal344,,SocialMedia,1,0,0,0,1,2025-10-07,2025-10-07,Author,False,📄 Single-Source,False,Social media mention
SOC-0716,SocialHandle,@Only_Sathish397,,SocialMedia,1,0,0,0,1,2025-01-26,2025-01-26,Author,False,📄 Single-Source,False,Social media mention
SOC-0717,SocialHandle,@Dark_Jagan561,,SocialMedia,1,0,0,0,1,2026-02-14,2026-02-14,Author,False,📄 Single-Source,False,Social media mention
SOC-0718,SocialHandle,@Shadow_Siva91,,SocialMedia,1,0,0,0,1,2026-01-28,2026-01-28,Author,False,📄 Single-Source,False,Social media mention
SOC-0719,SocialHandle,@Xyz_Dharani260,,SocialMedia,1,0,0,0,1,2025-11-13,2025-11-13,Author,False,📄 Single-Source,False,Social media mention
SOC-0720,SocialHandle,@Anon_Mohan770,,SocialMedia,1,0,0,0,1,2025-01-27,2025-01-27,Author,False,📄 Single-Source,False,Social media mention
SOC-0721,SocialHandle,@Shadow_Ganesh140,,SocialMedia,1,0,0,0,1,2026-03-09,2026-03-09,Author,False,📄 Single-Source,False,Social media mention
SOC-0722,SocialHandle,@Real_Naveen766,,SocialMedia,1,0,0,0,1,2025-12-15,2025-12-15,Author,False,📄 Single-Source,False,Social media mention
SOC-0723,SocialHandle,@Real_Jeeva165,,SocialMedia,1,0,0,0,1,2026-04-07,2026-04-07,Author,False,📄 Single-Source,False,Social media mention
SOC-0724,SocialHandle,@Real_Murugan247,,SocialMedia,1,0,0,0,1,2025-09-22,2025-09-22,Author,False,📄 Single-Source,False,Social media mention
SOC-0725,SocialHandle,@The_Vignesh52,,SocialMedia,1,0,0,0,1,2026-07-25,2026-07-25,Author,False,📄 Single-Source,False,Social media mention
SOC-0726,SocialHandle,@Official_Sathish179,,SocialMedia,1,0,0,0,1,2025-08-01,2025-08-01,Author,False,📄 Single-Source,False,Social media mention
SOC-0727,SocialHandle,@The_Murugan108,,SocialMedia,1,0,0,0,1,2026-01-31,2026-01-31,Author,False,📄 Single-Source,False,Social media mention
SOC-0728,SocialHandle,@Shadow_Babu218,,SocialMedia,1,0,0,0,1,2026-03-20,2026-03-20,Author,False,📄 Single-Source,False,Social media mention
SOC-0729,SocialHandle,@Anon_Jeeva920,,SocialMedia,1,0,0,0,1,2025-07-24,2025-07-24,Author,False,📄 Single-Source,False,Social media mention
SOC-0730,SocialHandle,@The_Vasanth529,,SocialMedia,1,0,0,0,1,2025-12-19,2025-12-19,Author,False,📄 Single-Source,False,Social media mention
SOC-0731,SocialHandle,@Shadow_Karthik204,,SocialMedia,1,0,0,0,1,2026-05-29,2026-05-29,Author,False,📄 Single-Source,False,Social media mention
SOC-0732,SocialHandle,@Only_Praveen281,,SocialMedia,1,0,0,0,1,2026-01-12,2026-01-12,Author,False,📄 Single-Source,False,Social media mention
SOC-0733,SocialHandle,@User_Abirami454,,SocialMedia,1,0,0,0,1,2026-03-10,2026-03-10,Author,False,📄 Single-Source,False,Social media mention
SOC-0734,SocialHandle,@Shadow_Venkat505,,SocialMedia,1,0,0,0,1,2025-05-20,2025-05-20,Author,False,📄 Single-Source,False,Social media mention
SOC-0735,SocialHandle,@Anon_Sanjay312,,SocialMedia,1,0,0,0,1,2025-03-29,2025-03-29,Author,False,📄 Single-Source,False,Social media mention
VEH-0001,Vehicle,Tn-47-Zz-1038,,FIR|SocialMedia,2,8,0,0,5,04-02-2026,24-02-2026,Motorcycle|SocialMention,True,🔗 Cross-Verified,True,Confirmed across sources; Social media mention
VEH-0002,Vehicle,Tn-38-Yy-1073,,FIR|SocialMedia,2,1,0,0,1,15-01-2025,2025-09-16,Auto|SocialMention,True,🔗 Cross-Verified,True,Confirmed across sources; Social media mention
VEH-0003,Vehicle,Tn-38-Xx-1054,,FIR|SocialMedia,2,1,0,0,2,2025-04-02,21-01-2025,SocialMention|Truck,True,🔗 Cross-Verified,True,Confirmed across sources; Social media mention
VEH-0004,Vehicle,Tn-33-Xx-1072,,FIR,1,2,0,0,0,06-02-2025,16-05-2025,Car,False,📄 Single-Source,False,No flags
VEH-0005,Vehicle,Tn-38-Zz-1071,,FIR|SocialMedia,2,2,0,0,1,14-02-2025,2025-11-24,SocialMention|Van,True,🔗 Cross-Verified,True,Confirmed across sources; Social media mention
VEH-0006,Vehicle,Kl-07-Yy-1055,,FIR|SocialMedia,2,1,0,0,2,2025-04-13,22-02-2025,SocialMention|Truck,True,🔗 Cross-Verified,True,Confirmed across sources; Social media mention
VEH-0007,Vehicle,Tn-68-Xx-1018,,FIR|SocialMedia,2,1,0,0,3,2025-04-05,26-02-2025,Motorcycle|SocialMention,True,🔗 Cross-Verified,True,Confirmed across sources; Social media mention
VEH-0008,Vehicle,Tn-45-Zz-1056,,FIR|SocialMedia,2,1,0,0,1,2025-11-29,26-02-2025,SocialMention|Truck,True,🔗 Cross-Verified,True,Confirmed across sources; Social media mention
VEH-0009,Vehicle,Tn-01-Xx-1057,,FIR|SocialMedia,2,1,0,0,1,01-03-2025,2026-05-16,SocialMention|Truck,True,🔗 Cross-Verified,True,Confirmed across sources; Social media mention
VEH-0010,Vehicle,Tn-39-Zz-1044,,FIR|SocialMedia,2,3,0,0,3,08-08-2026,2026-03-12,Car|SocialMention,True,🔗 Cross-Verified,True,Confirmed across sources; Social media mention
VEH-0011,Vehicle,Tn-45-Zz-1074,,FIR|SocialMedia,2,1,0,0,3,17-03-2025,2025-11-19,Auto|SocialMention,True,🔗 Cross-Verified,True,Confirmed across sources; Social media mention
VEH-0012,Vehicle,Tn-45-Zz-1062,,FIR|SocialMedia,2,3,0,0,1,15-05-2025,2025-06-19,Bus|SocialMention,True,🔗 Cross-Verified,True,Confirmed across sources; Social media mention
VEH-0013,Vehicle,Tn-68-Yy-1058,,FIR|SocialMedia,2,2,0,0,2,03-07-2025,24-03-2025,Motorcycle|SocialMention,True,🔗 Cross-Verified,True,Confirmed across sources; Social media mention
VEH-0014,Vehicle,Tn-45-Xx-1036,,FIR|SocialMedia,2,3,0,0,2,05-11-2025,28-03-2025,Scooter|SocialMention,True,🔗 Cross-Verified,True,Confirmed across sources; Social media mention
VEH-0015,Vehicle,Tn-01-Xx-1075,,FIR|SocialMedia,2,1,0,0,1,2026-02-17,30-03-2025,Car|SocialMention,True,🔗 Cross-Verified,True,Confirmed across sources; Social media mention
VEH-0016,Vehicle,Tn-39-Zz-1059,,FIR|SocialMedia,2,1,0,0,2,03-04-2025,2025-04-27,SocialMention|Truck,True,🔗 Cross-Verified,True,Confirmed across sources; Social media mention
VEH-0017,Vehicle,Tn-28-Yy-1076,,FIR|SocialMedia,2,2,0,0,3,06-04-2025,2026-09-05,Car|SocialMention,True,🔗 Cross-Verified,True,Confirmed across sources; Social media mention
VEH-0018,Vehicle,Tn-45-Xx-1060,,FIR|SocialMedia,2,2,0,0,3,11-06-2026,27-04-2025,Motorcycle|SocialMention,True,🔗 Cross-Verified,True,Confirmed across sources; Social media mention
VEH-0019,Vehicle,Tn-69-Yy-1061,,FIR|SocialMedia,2,2,0,0,1,02-05-2025,2025-10-21,Bus|SocialMention,True,🔗 Cross-Verified,True,Confirmed across sources; Social media mention
VEH-0020,Vehicle,Tn-38-Yy-1022,,FIR|SocialMedia,2,2,0,0,3,19-05-2025,21-05-2025,Motorcycle|SocialMention,True,🔗 Cross-Verified,True,Confirmed across sources; Social media mention
VEH-0021,Vehicle,Tn-33-Zz-1029,,FIR|SocialMedia,2,2,0,0,1,18-09-2025,2025-10-09,SocialMention|Van,True,🔗 Cross-Verified,True,Confirmed across sources; Social media mention
VEH-0022,Vehicle,Tn-38-Yy-1028,,FIR|SocialMedia,2,2,0,0,2,05-06-2025,2025-11-11,Car|SocialMention,True,🔗 Cross-Verified,True,Confirmed across sources; Social media mention
VEH-0023,Vehicle,Tn-28-Zz-1077,,FIR|SocialMedia,2,1,0,0,1,09-06-2025,2025-11-09,Auto|SocialMention,True,🔗 Cross-Verified,True,Confirmed across sources; Social media mention
VEH-0024,Vehicle,Tn-39-Xx-1078,,FIR|SocialMedia,2,1,0,0,3,09-06-2025,2026-06-23,Motorcycle|SocialMention,True,🔗 Cross-Verified,True,Confirmed across sources; Social media mention
VEH-0025,Vehicle,Kl-07-Xx-1012,,FIR|SocialMedia,2,1,0,0,2,2026-03-28,25-06-2025,Car|SocialMention,True,🔗 Cross-Verified,True,Confirmed across sources; Social media mention
VEH-0026,Vehicle,Tn-30-Yy-1079,,FIR|SocialMedia,2,1,0,0,3,15-07-2025,2025-11-02,Car|SocialMention,True,🔗 Cross-Verified,True,Confirmed across sources; Social media mention
VEH-0027,Vehicle,Tn-28-Zz-1080,,FIR|SocialMedia,2,1,0,0,3,17-07-2025,2026-07-30,Auto|SocialMention,True,🔗 Cross-Verified,True,Confirmed across sources; Social media mention
VEH-0028,Vehicle,Tn-58-Yy-1037,,FIR|SocialMedia,2,2,0,0,2,04-03-2026,2026-08-21,Car|SocialMention,True,🔗 Cross-Verified,True,Confirmed across sources; Social media mention
VEH-0029,Vehicle,Tn-45-Xx-1081,,FIR|SocialMedia,2,1,0,0,3,10-08-2025,2026-04-28,Motorcycle|SocialMention,True,🔗 Cross-Verified,True,Confirmed across sources; Social media mention
VEH-0030,Vehicle,Tn-38-Yy-1082,,FIR|SocialMedia,2,1,0,0,2,12-08-2025,2026-02-01,Motorcycle|SocialMention,True,🔗 Cross-Verified,True,Confirmed across sources; Social media mention
VEH-0031,Vehicle,Tn-30-Zz-1083,,FIR|SocialMedia,2,1,0,0,2,2025-06-04,25-08-2025,Motorcycle|SocialMention,True,🔗 Cross-Verified,True,Confirmed across sources; Social media mention
VEH-0032,Vehicle,Tn-58-Xx-1084,,FIR|SocialMedia,2,2,0,0,2,02-07-2026,25-08-2025,Car|SocialMention,True,🔗 Cross-Verified,True,Confirmed across sources; Social media mention
VEH-0033,Vehicle,Kl-07-Zz-1011,,FIR|SocialMedia,2,1,0,0,2,12-09-2025,2026-02-23,Car|SocialMention,True,🔗 Cross-Verified,True,Confirmed across sources; Social media mention
VEH-0034,Vehicle,Tn-58-Yy-1085,,FIR|SocialMedia,2,2,0,0,6,16-09-2025,21-10-2025,Scooter|SocialMention,True,🔗 Cross-Verified,True,Confirmed across sources; Social media mention
VEH-0035,Vehicle,Tn-23-Zz-1086,,FIR|SocialMedia,2,1,0,0,1,2026-06-20,22-09-2025,Motorcycle|SocialMention,True,🔗 Cross-Verified,True,Confirmed across sources; Social media mention
VEH-0036,Vehicle,Tn-39-Yy-1016,,FIR|SocialMedia,2,1,0,0,1,2025-10-08,22-09-2025,SocialMention|Van,True,🔗 Cross-Verified,True,Confirmed across sources; Social media mention
VEH-0037,Vehicle,Tn-01-Zz-1053,,FIR|SocialMedia,2,2,0,0,3,03-10-2025,2026-04-06,Bus|SocialMention,True,🔗 Cross-Verified,True,Confirmed across sources; Social media mention
VEH-0038,Vehicle,Tn-30-Xx-1087,,FIR,1,1,0,0,0,04-10-2025,04-10-2025,Scooter,False,📄 Single-Source,False,No flags
VEH-0039,Vehicle,Tn-38-Xx-1015,,FIR,1,3,0,0,0,18-10-2025,21-12-2025,Car,False,📄 Single-Source,False,No flags
VEH-0040,Vehicle,Tn-68-Yy-1088,,FIR|SocialMedia,2,1,0,0,1,2025-09-13,27-10-2025,Scooter|SocialMention,True,🔗 Cross-Verified,True,Confirmed across sources; Social media mention
VEH-0041,Vehicle,Tn-33-Xx-1030,,FIR|SocialMedia,2,3,0,0,1,06-04-2026,2026-04-24,SocialMention|Van,True,🔗 Cross-Verified,True,Confirmed across sources; Social media mention
VEH-0042,Vehicle,Tn-69-Zz-1089,,FIR,1,1,0,0,0,25-11-2025,25-11-2025,Van,False,📄 Single-Source,False,No flags
VEH-0043,Vehicle,Tn-33-Yy-1007,,FIR,1,3,0,0,0,03-12-2025,23-03-2026,Scooter,False,📄 Single-Source,False,No flags
VEH-0044,Vehicle,Tn-33-Xx-1090,,FIR|SocialMedia,2,1,0,0,1,04-12-2025,2026-05-27,Motorcycle|SocialMention,True,🔗 Cross-Verified,True,Confirmed across sources; Social media mention
VEH-0045,Vehicle,Tn-39-Yy-1091,,FIR|SocialMedia,2,1,0,0,1,08-12-2025,2025-06-16,Auto|SocialMention,True,🔗 Cross-Verified,True,Confirmed across sources; Social media mention
VEH-0046,Vehicle,Tn-28-Xx-1063,,FIR,1,1,0,0,0,21-12-2025,21-12-2025,Scooter,False,📄 Single-Source,False,No flags
VEH-0047,Vehicle,Tn-57-Yy-1064,,FIR|SocialMedia,2,1,0,0,1,07-01-2026,2025-04-17,Scooter|SocialMention,True,🔗 Cross-Verified,True,Confirmed across sources; Social media mention
VEH-0048,Vehicle,Tn-68-Zz-1065,,FIR|SocialMedia,2,1,0,0,1,08-01-2026,2026-08-26,Scooter|SocialMention,True,🔗 Cross-Verified,True,Confirmed across sources; Social media mention
VEH-0049,Vehicle,Tn-28-Zz-1092,,FIR|SocialMedia,2,1,0,0,1,12-01-2026,2025-06-04,Auto|SocialMention,True,🔗 Cross-Verified,True,Confirmed across sources; Social media mention
VEH-0050,Vehicle,Tn-01-Xx-1093,,FIR|SocialMedia,2,1,0,0,3,19-01-2026,2026-08-08,Motorcycle|SocialMention,True,🔗 Cross-Verified,True,Confirmed across sources; Social media mention
VEH-0051,Vehicle,Tn-33-Xx-1066,,FIR|SocialMedia,2,1,0,0,2,2025-01-07,21-01-2026,Auto|SocialMention,True,🔗 Cross-Verified,True,Confirmed across sources; Social media mention
VEH-0052,Vehicle,Tn-72-Yy-1067,,FIR|SocialMedia,2,1,0,0,2,2025-10-30,21-01-2026,Scooter|SocialMention,True,🔗 Cross-Verified,True,Confirmed across sources; Social media mention
VEH-0053,Vehicle,Tn-01-Zz-1068,,FIR|SocialMedia,2,1,0,0,1,09-02-2026,2025-03-08,Scooter|SocialMention,True,🔗 Cross-Verified,True,Confirmed across sources; Social media mention
VEH-0054,Vehicle,Tn-38-Xx-1069,,FIR|SocialMedia,2,1,0,0,1,14-02-2026,2026-07-03,Scooter|SocialMention,True,🔗 Cross-Verified,True,Confirmed across sources; Social media mention
VEH-0055,Vehicle,Tn-33-Yy-1094,,FIR|SocialMedia,2,1,0,0,3,16-02-2026,2026-03-25,Motorcycle|SocialMention,True,🔗 Cross-Verified,True,Confirmed across sources; Social media mention
VEH-0056,Vehicle,Tn-38-Xx-1024,,FIR,1,1,0,0,0,17-02-2026,17-02-2026,Motorcycle,False,📄 Single-Source,False,No flags
VEH-0057,Vehicle,Tn-28-Yy-1070,,FIR|SocialMedia,2,1,0,0,1,18-02-2026,2026-01-12,Motorcycle|SocialMention,True,🔗 Cross-Verified,True,Confirmed across sources; Social media mention
VEH-0058,Vehicle,Tn-68-Xx-1045,,FIR|SocialMedia,2,1,0,0,4,18-02-2026,2026-03-16,Auto|SocialMention,True,🔗 Cross-Verified,True,Confirmed across sources; Social media mention
VEH-0059,Vehicle,Tn-30-Xx-1039,,FIR|SocialMedia,2,2,0,0,2,07-03-2026,2025-09-26,Motorcycle|SocialMention,True,🔗 Cross-Verified,True,Confirmed across sources; Social media mention
VEH-0060,Vehicle,Tn-47-Zz-1095,,FIR|SocialMedia,2,1,0,0,3,14-03-2026,2026-06-11,Car|SocialMention,True,🔗 Cross-Verified,True,Confirmed across sources; Social media mention
VEH-0061,Vehicle,Tn-01-Yy-1046,,FIR|SocialMedia,2,2,0,0,1,16-04-2026,2025-06-06,Scooter|SocialMention,True,🔗 Cross-Verified,True,Confirmed across sources; Social media mention
VEH-0062,Vehicle,Tn-68-Yy-1040,,FIR|SocialMedia,2,1,0,0,3,20-03-2026,2026-05-25,Motorcycle|SocialMention,True,🔗 Cross-Verified,True,Confirmed across sources; Social media mention
VEH-0063,Vehicle,Tn-72-Yy-1031,,FIR|SocialMedia,2,1,0,0,2,2026-06-16,23-03-2026,SocialMention|Truck,True,🔗 Cross-Verified,True,Confirmed across sources; Social media mention
VEH-0064,Vehicle,Tn-58-Zz-1035,,FIR|SocialMedia,2,2,0,0,1,05-04-2026,2025-11-17,Bus|SocialMention,True,🔗 Cross-Verified,True,Confirmed across sources; Social media mention
VEH-0065,Vehicle,Tn-38-Zz-1005,,FIR|SocialMedia,2,1,0,0,2,17-04-2026,2026-08-16,Motorcycle|SocialMention,True,🔗 Cross-Verified,True,Confirmed across sources; Social media mention
VEH-0066,Vehicle,Tn-01-Zz-1047,,FIR|SocialMedia,2,1,0,0,2,19-04-2026,2026-05-28,Motorcycle|SocialMention,True,🔗 Cross-Verified,True,Confirmed across sources; Social media mention
VEH-0067,Vehicle,Tn-39-Xx-1048,,FIR|SocialMedia,2,1,0,0,1,2025-01-06,24-04-2026,Motorcycle|SocialMention,True,🔗 Cross-Verified,True,Confirmed across sources; Social media mention
VEH-0068,Vehicle,Tn-39-Yy-1049,,FIR|SocialMedia,2,2,0,0,2,16-07-2026,27-04-2026,Scooter|SocialMention,True,🔗 Cross-Verified,True,Confirmed across sources; Social media mention
VEH-0069,Vehicle,Tn-72-Zz-1050,,FIR|SocialMedia,2,1,0,0,1,03-05-2026,2026-07-26,Auto|SocialMention,True,🔗 Cross-Verified,True,Confirmed across sources; Social media mention
VEH-0070,Vehicle,Tn-68-Zz-1032,,FIR|SocialMedia,2,1,0,0,2,07-05-2026,2026-07-04,Auto|SocialMention,True,🔗 Cross-Verified,True,Confirmed across sources; Social media mention
VEH-0071,Vehicle,Tn-33-Xx-1009,,FIR|SocialMedia,2,1,0,0,3,07-05-2026,2026-05-30,Motorcycle|SocialMention,True,🔗 Cross-Verified,True,Confirmed across sources; Social media mention
VEH-0072,Vehicle,Tn-01-Xx-1033,,FIR|SocialMedia,2,1,0,0,5,10-05-2026,2026-01-02,Auto|SocialMention,True,🔗 Cross-Verified,True,Confirmed across sources; Social media mention
VEH-0073,Vehicle,Tn-47-Yy-1034,,FIR|SocialMedia,2,1,0,0,2,2025-09-05,24-06-2026,SocialMention|Truck,True,🔗 Cross-Verified,True,Confirmed across sources; Social media mention
VEH-0074,Vehicle,Tn-47-Zz-1041,,FIR|SocialMedia,2,1,0,0,1,04-07-2026,2026-01-03,Motorcycle|SocialMention,True,🔗 Cross-Verified,True,Confirmed across sources; Social media mention
VEH-0075,Vehicle,Tn-33-Zz-1008,,FIR|SocialMedia,2,1,0,0,2,05-07-2026,2026-02-18,Scooter|SocialMention,True,🔗 Cross-Verified,True,Confirmed across sources; Social media mention
VEH-0076,Vehicle,Tn-39-Xx-1096,,FIR,1,1,0,0,0,05-07-2026,05-07-2026,Motorcycle,False,📄 Single-Source,False,No flags
VEH-0077,Vehicle,Tn-57-Yy-1097,,FIR|SocialMedia,2,1,0,0,2,2025-07-04,21-07-2026,Car|SocialMention,True,🔗 Cross-Verified,True,Confirmed across sources; Social media mention
VEH-0078,Vehicle,Tn-01-Xx-1051,,FIR|SocialMedia,2,1,0,0,1,2026-05-06,26-07-2026,Scooter|SocialMention,True,🔗 Cross-Verified,True,Confirmed across sources; Social media mention
VEH-0079,Vehicle,Tn-30-Yy-1052,,FIR|SocialMedia,2,1,0,0,2,05-08-2026,2025-11-23,Scooter|SocialMention,True,🔗 Cross-Verified,True,Confirmed across sources; Social media mention
VEH-0080,Vehicle,Tn-57-Xx-1042,,FIR,1,1,0,0,0,29-08-2026,29-08-2026,Motorcycle,False,📄 Single-Source,False,No flags
VEH-0081,Vehicle,Tn-39-Yy-1043,,FIR,1,1,0,0,0,08-09-2026,08-09-2026,Motorcycle,False,📄 Single-Source,False,No flags
