Risk_Rank,Canonical_ID,Label,Entity_Type,Roles,Risk_Score,Risk_Tier,Influence_Score,Cross_Verified,Fusion_Badge,Sources
1,ACC-0015,Syn-Acc-100076,Account,Financial|Receiver|Sender,68.22,Critical,84.2,True,🔗 Cross-Verified,FIR|Financial
2,ACC-0016,Syn-Acc-100026,Account,Financial|Receiver|Sender,67.62,Critical,92.54,True,🔗 Cross-Verified,FIR|Financial
3,ACC-0022,Syn-Acc-100054,Account,Financial|Receiver|Sender,63.24,Critical,80.97,True,🔗 Cross-Verified,FIR|Financial
4,PER-0277,Karthik Rajan,Person,Associate|Callee|Caller|SocialMention|Suspect|TransactionMobile|Witness,61.84,Critical,40.45,True,🔗 Quad-Verified,CDR|FIR|Financial|SocialMedia
5,PER-0019,Madhan Palanisamy,Person,Associate|Callee|Caller|SocialMention|Suspect|TransactionMobile|Witness,60.04,Critical,27.12,True,🔗 Quad-Verified,CDR|FIR|Financial|SocialMedia
6,ACC-0051,Syn-Acc-100059,Account,Financial|Receiver|Sender,58.92,Critical,59.63,True,🔗 Cross-Verified,FIR|Financial
7,ACC-0080,Syn-Acc-100008,Account,Financial|Receiver|Sender,58.89,Critical,79.37,True,🔗 Cross-Verified,FIR|Financial
8,PER-0183,Venkat Palanisamy,Person,Associate|Callee|Caller|SocialMention|Suspect|TransactionMobile,58.65,Critical,40.82,True,🔗 Quad-Verified,CDR|FIR|Financial|SocialMedia
9,ACC-0007,Syn-Acc-100051,Account,Financial|Receiver|Sender,58.49,Critical,58.49,True,🔗 Cross-Verified,FIR|Financial
10,PER-0365,Karthik Shankar,Person,Callee|Caller|SocialMention|Suspect|TransactionMobile,58.23,Critical,30.58,True,🔗 Quad-Verified,CDR|FIR|Financial|SocialMedia
11,ACC-0027,Syn-Acc-100047,Account,Financial|Receiver|Sender,58.19,Critical,67.6,True,🔗 Cross-Verified,FIR|Financial
12,ACC-0005,Syn-Acc-100071,Account,Financial|Receiver|Sender,57.78,Critical,76.44,True,🔗 Cross-Verified,FIR|Financial
13,ACC-0049,Syn-Acc-100065,Account,Financial|Receiver|Sender,57.68,Critical,56.34,True,🔗 Cross-Verified,FIR|Financial
14,PER-0085,Madhan Murugan,Person,Associate|Callee|Caller|SocialMention|Suspect|TransactionMobile|Witness,57.47,Critical,37.7,True,🔗 Quad-Verified,CDR|FIR|Financial|SocialMedia
15,ACC-0003,Syn-Acc-100069,Account,Financial|Receiver|Sender,57.19,Critical,74.89,True,🔗 Cross-Verified,FIR|Financial
16,ACC-0035,Syn-Acc-100033,Account,Financial|Receiver|Sender,57.04,Critical,74.47,True,🔗 Cross-Verified,FIR|Financial
17,PER-0005,Vignesh Subramani,Person,Callee|Caller|SocialMention|Suspect|TransactionMobile,56.67,Critical,44.66,True,🔗 Quad-Verified,CDR|FIR|Financial|SocialMedia
18,PER-0023,Ganesh Shankar,Person,Associate|Callee|Caller|SocialMention|Suspect|TransactionMobile|Witness,55.66,Critical,32.59,True,🔗 Quad-Verified,CDR|FIR|Financial|SocialMedia
19,PER-0093,Vasanth Mani,Person,Associate|Callee|Caller|SocialMention|Suspect|TransactionMobile|Witness,55.45,Critical,32.04,True,🔗 Quad-Verified,CDR|FIR|Financial|SocialMedia
20,PER-0010,Vasanth Gopal,Person,Associate|Callee|Caller|SocialMention|Suspect|TransactionMobile,55.37,Critical,31.83,True,🔗 Quad-Verified,CDR|FIR|Financial|SocialMedia
21,PER-0015,Dinesh Subramani,Person,Associate|Callee|Caller|SocialMention|Suspect|TransactionMobile|Witness,54.93,Critical,30.67,True,🔗 Quad-Verified,CDR|FIR|Financial|SocialMedia
22,ACC-0038,Syn-Acc-100002,Account,Financial|Receiver|Sender,54.64,Critical,68.14,True,🔗 Cross-Verified,FIR|Financial
23,PER-0258,Anand Palanisamy,Person,Associate|Callee|Caller|SocialMention|Suspect|TransactionMobile,54.61,Critical,30.39,True,🔗 Quad-Verified,CDR|FIR|Financial|SocialMedia
24,PER-0048,Murugan Sundaram,Person,Associate|Callee|Caller|SocialMention|Suspect|TransactionMobile|Witness,54.02,Critical,28.25,True,🔗 Quad-Verified,CDR|FIR|Financial|SocialMedia
25,ACC-0021,Syn-Acc-100027,Account,Financial|Receiver|Sender,53.14,Critical,64.18,True,🔗 Cross-Verified,FIR|Financial
26,ACC-0001,Syn-Acc-100055,Account,Financial|Receiver|Sender,53.12,Critical,74.04,True,🔗 Cross-Verified,FIR|Financial
27,ACC-0072,Syn-Acc-100089,Account,Financial|Receiver|Sender,52.76,Critical,53.26,True,🔗 Cross-Verified,FIR|Financial
28,PER-0067,Logesh Karuppasamy,Person,Associate|Callee|Caller|SocialMention|Suspect|TransactionMobile,52.68,Critical,33.52,True,🔗 Quad-Verified,CDR|FIR|Financial|SocialMedia
29,PER-0076,Hariharan Babu,Person,Associate|Callee|Caller|SocialMention|Suspect|TransactionMobile,52.28,Critical,33.03,True,🔗 Quad-Verified,CDR|FIR|Financial|SocialMedia
30,ACC-0064,Syn-Acc-100068,Account,Financial|Receiver|Sender,51.52,Critical,69.79,True,🔗 Cross-Verified,FIR|Financial
31,ACC-0020,Syn-Acc-100077,Account,Financial|Receiver|Sender,51.38,Critical,69.42,True,🔗 Cross-Verified,FIR|Financial
32,PER-0141,Senthil Krishnan,Person,Callee|Caller|SocialMention|Suspect|TransactionMobile,51.32,Critical,29.93,True,🔗 Quad-Verified,CDR|FIR|Financial|SocialMedia
33,ACC-0045,Syn-Acc-100016,Account,Financial|Receiver|Sender,51.29,Critical,59.28,True,🔗 Cross-Verified,FIR|Financial
34,PER-0284,Kishore Arumugam,Person,Callee|Caller|SocialMention|Suspect|TransactionMobile,51.01,Critical,29.68,True,🔗 Quad-Verified,CDR|FIR|Financial|SocialMedia
35,PER-0043,Arun Babu,Person,Associate|Callee|Caller|SocialMention|Suspect|TransactionMobile|Witness,50.9,Critical,29.14,True,🔗 Quad-Verified,CDR|FIR|Financial|SocialMedia
36,PER-0027,Sanjay Raj,Person,Callee|Caller|Complainant|Mentioned|TransactionMobile|Victim,50.69,Critical,37.07,True,🔗 Triple-Verified,CDR|FIR|Financial
37,PER-0074,Padmini Raj,Person,Callee|Caller|Complainant|Mentioned|TransactionMobile|Victim|Witness,49.79,Critical,34.18,True,🔗 Triple-Verified,CDR|FIR|Financial
38,ACC-0066,Syn-Acc-100006,Account,Financial|Receiver|Sender,49.43,Critical,74.19,True,🔗 Cross-Verified,FIR|Financial
39,ACC-0014,Syn-Acc-100003,Account,Financial|Receiver|Sender,49.04,Critical,63.25,True,🔗 Cross-Verified,FIR|Financial
40,PER-0080,Nandha Karuppasamy,Person,Associate|Callee|Caller|SocialMention|Suspect,48.82,Critical,32.13,True,🔗 Triple-Verified,CDR|FIR|SocialMedia
41,PER-0094,Bharathi Ammal,Person,Callee|Caller|Complainant|Mentioned|TransactionMobile|Victim,48.78,Critical,40.84,True,🔗 Triple-Verified,CDR|FIR|Financial
42,PER-0022,Pandian Thangaraj,Person,Callee|Caller|SocialMention|Suspect|TransactionMobile,48.35,Critical,30.89,True,🔗 Quad-Verified,CDR|FIR|Financial|SocialMedia
43,PER-0253,Harish Murugan,Person,Associate|Callee|Caller|SocialMention|Suspect,47.9,Critical,29.69,True,🔗 Triple-Verified,CDR|FIR|SocialMedia
44,ACC-0047,Syn-Acc-100084,Account,Financial|Receiver|Sender,47.89,Critical,70.12,True,🔗 Cross-Verified,FIR|Financial
45,PER-0078,Gokul Muthu,Person,Callee|Caller|SocialMention|Suspect|TransactionMobile,47.26,Critical,37.16,True,🔗 Quad-Verified,CDR|FIR|Financial|SocialMedia
46,PER-0137,Gunasekar Anand,Person,Associate|Callee|Caller|Suspect|TransactionMobile,47.22,Critical,27.9,True,🔗 Triple-Verified,CDR|FIR|Financial
47,PER-0052,Mathan Raman,Person,Associate|Callee|Caller|SocialMention|Suspect|TransactionMobile,47.15,Critical,27.73,True,🔗 Quad-Verified,CDR|FIR|Financial|SocialMedia
48,ACC-0053,Syn-Acc-100020,Account,Financial|Receiver|Sender,47.09,Critical,58.08,True,🔗 Cross-Verified,FIR|Financial
49,ACC-0012,Syn-Acc-100053,Account,Financial|Receiver|Sender,47.04,Critical,57.96,True,🔗 Cross-Verified,FIR|Financial
50,PER-0352,Yuvaraj Natarajan,Person,Callee|Caller|SocialMention|Suspect|TransactionMobile,46.85,Critical,26.93,True,🔗 Quad-Verified,CDR|FIR|Financial|SocialMedia
51,ACC-0024,Syn-Acc-100078,Account,Financial|Receiver|Sender,46.73,Critical,57.15,True,🔗 Cross-Verified,FIR|Financial
52,PER-0355,Ajith Nathan,Person,Callee|SocialMention|Suspect|TransactionMobile,46.61,Critical,26.28,True,🔗 Quad-Verified,CDR|FIR|Financial|SocialMedia
53,PER-0203,Karthik Velan,Person,Associate|Callee|Caller|SocialMention|Suspect|TransactionMobile,46.48,Critical,25.95,True,🔗 Quad-Verified,CDR|FIR|Financial|SocialMedia
54,PER-0206,Mathan Velan,Person,Callee|Caller|SocialMention|Suspect|TransactionMobile,46.43,Critical,26.39,True,🔗 Quad-Verified,CDR|FIR|Financial|SocialMedia
55,ACC-0031,Syn-Acc-100080,Account,Financial|Receiver|Sender,46.43,Critical,66.25,True,🔗 Cross-Verified,FIR|Financial
56,PER-0073,Gokul Sundaram,Person,Associate|Callee|Caller|SocialMention|Suspect|TransactionMobile,46.35,Critical,26.18,True,🔗 Quad-Verified,CDR|FIR|Financial|SocialMedia
57,PER-0180,Sangeetha Sri,Person,Callee|Caller|Complainant|Mentioned|TransactionMobile|Victim,46.3,Critical,52.49,True,🔗 Triple-Verified,CDR|FIR|Financial
58,PER-0024,Nithin Velan,Person,Associate|Callee|Caller|SocialMention|Suspect|TransactionMobile|Witness,46.08,Critical,25.47,True,🔗 Quad-Verified,CDR|FIR|Financial|SocialMedia
59,PER-0060,Madhan Babu,Person,Callee|Caller|SocialMention|Suspect|TransactionMobile,46.05,Critical,25.37,True,🔗 Quad-Verified,CDR|FIR|Financial|SocialMedia
60,ACC-0086,Syn-Acc-100098,Account,Financial|Receiver|Sender,46.02,Critical,55.25,True,🔗 Cross-Verified,FIR|Financial
61,PER-0212,Rajesh Karuppasamy,Person,Callee|Caller|SocialMention|Suspect|TransactionMobile,46.01,Critical,25.27,True,🔗 Quad-Verified,CDR|FIR|Financial|SocialMedia
62,PER-0259,Chithra Kannan,Person,Callee|Caller|SocialMention|Suspect|TransactionMobile,45.96,Critical,24.56,True,🔗 Quad-Verified,CDR|FIR|Financial|SocialMedia
63,PER-0113,Jagan Raman,Person,Callee|Caller|SocialMention|Suspect|TransactionMobile,45.96,Critical,24.58,True,🔗 Quad-Verified,CDR|FIR|Financial|SocialMedia
64,PER-0247,Elango Shankar,Person,Associate|Callee|Caller|SocialMention|Suspect|TransactionMobile,45.89,Critical,24.38,True,🔗 Quad-Verified,CDR|FIR|Financial|SocialMedia
65,ACC-0040,Syn-Acc-100057,Account,Financial|Receiver|Sender,45.78,Critical,64.55,True,🔗 Cross-Verified,FIR|Financial
66,PER-0100,Balaji Karuppasamy,Person,Callee|Caller|SocialMention|Suspect|TransactionMobile,45.73,Critical,23.96,True,🔗 Quad-Verified,CDR|FIR|Financial|SocialMedia
67,PER-0223,Gunasekar Murugan,Person,Callee|Caller|Complainant|Mentioned|TransactionMobile|Victim,45.62,Critical,33.06,True,🔗 Triple-Verified,CDR|FIR|Financial
68,PER-0091,Vignesh Balan,Person,Associate|Callee|Caller|SocialMention|Suspect|TransactionMobile|Witness,45.11,Critical,22.89,True,🔗 Quad-Verified,CDR|FIR|Financial|SocialMedia
69,PER-0331,Sanjay Velan,Person,Callee|Caller|SocialMention|Suspect|TransactionMobile,44.97,Critical,21.95,True,🔗 Quad-Verified,CDR|FIR|Financial|SocialMedia
70,PER-0351,Rajesh Chandran,Person,Callee|Caller|SocialMention|Suspect|TransactionMobile,44.4,Critical,29.58,True,🔗 Quad-Verified,CDR|FIR|Financial|SocialMedia
71,ACC-0006,Syn-Acc-100072,Account,Financial|Receiver|Sender,44.29,Critical,60.59,True,🔗 Cross-Verified,FIR|Financial
72,ACC-0082,Syn-Acc-100043,Account,Financial|Receiver|Sender,44.19,Critical,60.33,True,🔗 Cross-Verified,FIR|Financial
73,PER-0175,Sathish Sundaram,Person,Callee|Caller|SocialMention|Suspect|TransactionMobile,43.31,Critical,26.72,True,🔗 Quad-Verified,CDR|FIR|Financial|SocialMedia
74,PER-0129,Kishore Babu,Person,Associate|Callee|Caller|SocialMention|Suspect|TransactionMobile,43.12,Critical,35.26,True,🔗 Quad-Verified,CDR|FIR|Financial|SocialMedia
75,ACC-0087,Syn-Acc-100099,Account,Financial|Receiver|Sender,42.92,Critical,56.99,True,🔗 Cross-Verified,FIR|Financial
76,PER-0041,Hariharan Palanisamy,Person,Callee|Caller|SocialMention|Suspect|TransactionMobile,42.86,Critical,25.51,True,🔗 Quad-Verified,CDR|FIR|Financial|SocialMedia
77,PER-0032,Arun Prakash,Person,Callee|Caller|Complainant|Mentioned|TransactionMobile|Victim,42.29,Critical,33.06,True,🔗 Triple-Verified,CDR|FIR|Financial
78,PER-0123,Karthik Pandian,Person,Callee|Caller|Complainant|Mentioned|TransactionMobile|Victim,42.17,Critical,40.99,True,🔗 Triple-Verified,CDR|FIR|Financial
79,PER-0389,Babu Krishnan,Person,Callee|Caller|SocialMention|Suspect|TransactionMobile,42.09,Critical,23.49,True,🔗 Quad-Verified,CDR|FIR|Financial|SocialMedia
80,PER-0169,Anitha Raj,Person,Callee|Caller|Complainant|Mentioned|TransactionMobile|Victim,41.12,Critical,38.8,True,🔗 Triple-Verified,CDR|FIR|Financial
81,PER-0071,Nithin Thangaraj,Person,Callee|Caller|Complainant|Mentioned|TransactionMobile|Victim|Witness,40.88,Critical,37.59,True,🔗 Triple-Verified,CDR|FIR|Financial
82,PER-0398,Sanjay Shankar,Person,Callee|Caller|SocialMention|Suspect|TransactionMobile,40.82,Critical,20.13,True,🔗 Quad-Verified,CDR|FIR|Financial|SocialMedia
83,PER-0075,Hariharan Raj,Person,Callee|Caller|SocialMention|Suspect|TransactionMobile,40.57,Critical,27.94,True,🔗 Quad-Verified,CDR|FIR|Financial|SocialMedia
84,PER-0262,Praveen Anand,Person,Callee|Caller|Complainant|Mentioned|TransactionMobile|Victim,40.56,Critical,37.31,True,🔗 Triple-Verified,CDR|FIR|Financial
85,PER-0119,Amudha Kannan,Person,Callee|Caller|Complainant|Mentioned|TransactionMobile|Victim|Witness,40.41,Critical,36.91,True,🔗 Triple-Verified,CDR|FIR|Financial
86,PER-0357,Vijay Raman,Person,Callee|Caller|SocialMention|Suspect|TransactionMobile,40.14,Critical,27.37,True,🔗 Quad-Verified,CDR|FIR|Financial|SocialMedia
87,PER-0001,Lavanya Ammal,Person,Callee|Caller|Complainant|Mentioned|TransactionMobile|Victim,39.73,Critical,34.87,True,🔗 Triple-Verified,CDR|FIR|Financial
88,PER-0184,Prakash Muthu,Person,Associate|Callee|Caller|SocialMention|Suspect|Witness,39.63,Critical,16.99,True,🔗 Triple-Verified,CDR|FIR|SocialMedia
89,PER-0124,Chandran Subramani,Person,Callee|Caller|SocialMention|Suspect|TransactionMobile,39.41,Critical,25.44,True,🔗 Quad-Verified,CDR|FIR|Financial|SocialMedia
90,PER-0177,Inban Balan,Person,Callee|Caller|Complainant|Mentioned|TransactionMobile|Victim,39.09,High,32.85,True,🔗 Triple-Verified,CDR|FIR|Financial
91,PER-0108,Murugan Karuppasamy,Person,Callee|Caller|SocialMention|Suspect|TransactionMobile,38.97,High,24.3,True,🔗 Quad-Verified,CDR|FIR|Financial|SocialMedia
92,PER-0170,Janani Devi,Person,Callee|Caller|SocialMention|Suspect|TransactionMobile,38.93,High,23.62,True,🔗 Quad-Verified,CDR|FIR|Financial|SocialMedia
93,PER-0307,Deviga Krishnan,Person,Callee|Caller|Complainant|Mentioned|TransactionMobile|Victim,38.71,High,31.83,True,🔗 Triple-Verified,CDR|FIR|Financial
94,LOC-0002,Roja Park Main Street,Location,Incident|SocialMention,38.7,High,31.81,True,🔗 Cross-Verified,FIR|SocialMedia
95,PER-0039,Jeeva Natarajan,Person,Associate|Callee|Caller|SocialMention|Suspect|TransactionMobile,38.63,High,23.39,True,🔗 Quad-Verified,CDR|FIR|Financial|SocialMedia
96,PER-0178,Saravanan Anand,Person,Callee|Caller|SocialMention|Suspect|TransactionMobile,38.38,High,22.72,True,🔗 Quad-Verified,CDR|FIR|Financial|SocialMedia
97,PER-0089,Praveen Sekar,Person,Associate|Callee|Caller|SocialMention|Suspect|TransactionMobile,38.37,High,22.14,True,🔗 Quad-Verified,CDR|FIR|Financial|SocialMedia
98,PER-0083,Babu Selvam,Person,Callee|Caller|Complainant|Mentioned|TransactionMobile|Victim,38.29,High,30.72,True,🔗 Triple-Verified,CDR|FIR|Financial
99,PER-0181,Abirami Raj,Person,Callee|Caller|SocialMention|Suspect|TransactionMobile,38.17,High,22.18,True,🔗 Quad-Verified,CDR|FIR|Financial|SocialMedia
100,PER-0356,Senthil Natarajan,Person,Callee|Caller|SocialMention|Suspect|TransactionMobile,38.16,High,22.16,True,🔗 Quad-Verified,CDR|FIR|Financial|SocialMedia
101,PER-0300,Logesh Subramani,Person,Callee|Caller|SocialMention|Suspect|TransactionMobile,38.12,High,21.47,True,🔗 Quad-Verified,CDR|FIR|Financial|SocialMedia
102,PER-0379,Gopal Mani,Person,Callee|Caller|SocialMention|Suspect|TransactionMobile,38.1,High,21.41,True,🔗 Quad-Verified,CDR|FIR|Financial|SocialMedia
103,PER-0163,Rakesh Krishnan,Person,Callee|Caller|Complainant|Mentioned|TransactionMobile|Victim,38.1,High,30.22,True,🔗 Triple-Verified,CDR|FIR|Financial
104,PER-0360,Sanjay Palanisamy,Person,Callee|Caller|SocialMention|Suspect|TransactionMobile,38.07,High,21.91,True,🔗 Quad-Verified,CDR|FIR|Financial|SocialMedia
105,PER-0373,Anand Muthu,Person,Associate|Callee|Caller|SocialMention|Suspect|TransactionMobile,38.02,High,21.2,True,🔗 Quad-Verified,CDR|FIR|Financial|SocialMedia
106,PER-0042,Rakesh Anand,Person,Callee|Caller|Complainant|Mentioned|TransactionMobile|Victim,37.96,High,30.42,True,🔗 Triple-Verified,CDR|FIR|Financial
107,PER-0013,Ramya Bai,Person,Callee|Caller|Complainant|Mentioned|TransactionMobile|Victim|Witness,37.95,High,29.84,True,🔗 Triple-Verified,CDR|FIR|Financial
108,PER-0047,Uma Raj,Person,Callee|Caller|Complainant|Mentioned|TransactionMobile|Victim,37.92,High,29.75,True,🔗 Triple-Verified,CDR|FIR|Financial
109,PER-0189,Deepak Subramani,Person,Callee|Caller|Complainant|Mentioned|TransactionMobile|Victim,37.91,High,29.74,True,🔗 Triple-Verified,CDR|FIR|Financial
110,PER-0297,Karthik Balan,Person,Callee|Caller|SocialMention|Suspect|TransactionMobile,37.88,High,21.41,True,🔗 Quad-Verified,CDR|FIR|Financial|SocialMedia
111,PER-0243,Bharath Selvam,Person,Callee|Caller|SocialMention|Suspect|TransactionMobile,37.79,High,20.6,True,🔗 Quad-Verified,CDR|FIR|Financial|SocialMedia
112,PER-0101,Abirami Sekar,Person,Callee|Caller|Complainant|Mentioned|TransactionMobile|Victim|Witness,37.79,High,29.41,True,🔗 Triple-Verified,CDR|FIR|Financial
113,PER-0194,Rakesh Gopal,Person,Callee|Caller|SocialMention|Suspect|TransactionMobile,37.74,High,20.46,True,🔗 Quad-Verified,CDR|FIR|Financial|SocialMedia
114,PER-0132,Arjun Shankar,Person,Callee|Caller|SocialMention|Suspect|TransactionMobile,37.53,High,20.48,True,🔗 Quad-Verified,CDR|FIR|Financial|SocialMedia
115,PER-0104,Padmini Sri,Person,Callee|Caller|Complainant|Mentioned|TransactionMobile|Victim|Witness,37.42,High,29.0,True,🔗 Triple-Verified,CDR|FIR|Financial
116,PER-0084,Gokul Gopal,Person,Callee|Caller|SocialMention|Suspect|TransactionMobile,37.38,High,19.5,True,🔗 Quad-Verified,CDR|FIR|Financial|SocialMedia
117,PER-0347,Bharath Balan,Person,Callee|Caller|SocialMention|Suspect|TransactionMobile,37.24,High,19.72,True,🔗 Quad-Verified,CDR|FIR|Financial|SocialMedia
118,PER-0270,Ravi Gopal,Person,Callee|Caller|Complainant|Mentioned|TransactionMobile|Victim,37.15,High,27.72,True,🔗 Triple-Verified,CDR|FIR|Financial
119,PER-0309,Sathish Ramasamy,Person,Callee|Caller|SocialMention|Suspect|TransactionMobile,37.05,High,18.63,True,🔗 Quad-Verified,CDR|FIR|Financial|SocialMedia
120,LOC-0016,Sindhu Garden Residential Colony,Location,Incident|SocialMention,36.95,High,27.2,True,🔗 Cross-Verified,FIR|SocialMedia
121,PER-0308,Kannan Shankar,Person,Callee|Caller|SocialMention|Suspect|TransactionMobile,36.95,High,18.94,True,🔗 Quad-Verified,CDR|FIR|Financial|SocialMedia
122,PER-0121,Chandran Krishnan,Person,Callee|Caller|Complainant|Mentioned|TransactionMobile|Victim|Witness,36.93,High,27.71,True,🔗 Triple-Verified,CDR|FIR|Financial
123,PER-0144,Padmini Bai,Person,Callee|Caller|Complainant|Mentioned|TransactionMobile|Victim,36.83,High,26.86,True,🔗 Triple-Verified,CDR|FIR|Financial
124,PER-0315,Chithra Raman,Person,Callee|Caller|Complainant|Mentioned|TransactionMobile|Victim,36.82,High,27.41,True,🔗 Triple-Verified,CDR|FIR|Financial
125,PER-0217,Sathish Subramani,Person,Associate|Callee|Caller|SocialMention|Suspect|TransactionMobile,36.78,High,18.49,True,🔗 Quad-Verified,CDR|FIR|Financial|SocialMedia
126,PER-0069,Jagan Anand,Person,Callee|Caller|SocialMention|Suspect|TransactionMobile,36.77,High,17.91,True,🔗 Quad-Verified,CDR|FIR|Financial|SocialMedia
127,PER-0242,Ganesh Selvam,Person,Callee|Caller|SocialMention|Suspect|TransactionMobile,36.76,High,18.44,True,🔗 Quad-Verified,CDR|FIR|Financial|SocialMedia
128,PER-0097,Rajesh Mani,Person,Callee|Caller|Complainant|Mentioned|TransactionMobile|Victim,36.75,High,27.23,True,🔗 Triple-Verified,CDR|FIR|Financial
129,ACC-0908,Ext-Acc-213164,Account,Sender,36.73,High,17.79,False,📄 Single-Source,Financial
130,PER-0145,Tamilselvi Devi,Person,Callee|Caller|Complainant|Mentioned|TransactionMobile|Victim,36.58,High,26.21,True,🔗 Triple-Verified,CDR|FIR|Financial
131,PER-0235,Nithin Subramani,Person,Callee|Caller|SocialMention|Suspect|TransactionMobile,36.46,High,17.65,True,🔗 Quad-Verified,CDR|FIR|Financial|SocialMedia
132,PER-0299,Hemanth Raj,Person,Callee|Caller|SocialMention|Suspect|TransactionMobile,36.45,High,17.63,True,🔗 Quad-Verified,CDR|FIR|Financial|SocialMedia
133,PER-0003,Dinesh Prakash,Person,Associate|Callee|Caller|Suspect|TransactionMobile,36.44,High,17.04,True,🔗 Triple-Verified,CDR|FIR|Financial
134,PER-0125,Saranya Murugan,Person,Callee|Caller|Complainant|Mentioned|TransactionMobile|Victim,36.42,High,34.93,True,🔗 Triple-Verified,CDR|FIR|Financial
135,PER-0135,Vasanthi Bai,Person,Callee|Caller|SocialMention|Suspect|TransactionMobile,36.4,High,17.49,True,🔗 Quad-Verified,CDR|FIR|Financial|SocialMedia
136,PER-0028,Selvam Rajan,Person,Callee|Caller|SocialMention|Suspect|TransactionMobile,36.4,High,16.92,True,🔗 Quad-Verified,CDR|FIR|Financial|SocialMedia
137,PER-0310,Mathan Balan,Person,Callee|Caller|SocialMention|Suspect|TransactionMobile,36.38,High,17.45,True,🔗 Quad-Verified,CDR|FIR|Financial|SocialMedia
138,PER-0154,Bharathi Raj,Person,Callee|Caller|SocialMention|Suspect|TransactionMobile,36.33,High,17.31,True,🔗 Quad-Verified,CDR|FIR|Financial|SocialMedia
139,PER-0213,Hariharan Prakash,Person,Callee|Caller|SocialMention|Suspect|TransactionMobile,36.13,High,25.36,True,🔗 Quad-Verified,CDR|FIR|Financial|SocialMedia
140,PER-0031,Prakash Palanisamy,Person,Associate|Callee|Caller|SocialMention|Suspect|TransactionMobile,36.02,High,15.91,True,🔗 Quad-Verified,CDR|FIR|Financial|SocialMedia
141,PER-0385,Praveen Muthu,Person,Callee|Caller|Complainant|Mentioned|TransactionMobile|Victim,36.02,High,25.31,True,🔗 Triple-Verified,CDR|FIR|Financial
142,PER-0240,Elango Prakash,Person,Callee|Caller|SocialMention|Suspect|TransactionMobile,35.97,High,16.36,True,🔗 Quad-Verified,CDR|FIR|Financial|SocialMedia
143,PER-0095,Udhay Anand,Person,Callee|Caller|SocialMention|Suspect|TransactionMobile,35.9,High,24.75,True,🔗 Quad-Verified,CDR|FIR|Financial|SocialMedia
144,PER-0117,Tamilarasan Muthu,Person,Callee|Caller|SocialMention|Suspect|TransactionMobile,35.74,High,38.4,True,🔗 Quad-Verified,CDR|FIR|Financial|SocialMedia
145,PER-0051,Mohan Kumar,Person,Callee|Caller|SocialMention|Suspect|TransactionMobile,35.71,High,15.11,True,🔗 Quad-Verified,CDR|FIR|Financial|SocialMedia
146,PER-0098,Karthik Nathan,Person,Callee|Caller|SocialMention|Suspect|TransactionMobile,35.71,High,15.68,True,🔗 Quad-Verified,CDR|FIR|Financial|SocialMedia
147,ACC-0052,Syn-Acc-100021,Account,Financial|Receiver|Sender,35.67,High,23.81,True,🔗 Cross-Verified,FIR|Financial
148,PER-0244,Thirumal Velan,Person,Callee|Caller|SocialMention|Suspect|TransactionMobile,35.62,High,24.0,True,🔗 Quad-Verified,CDR|FIR|Financial|SocialMedia
149,PER-0376,Harish Pandian,Person,Callee|Caller|Complainant|Mentioned|TransactionMobile|Victim,35.6,High,23.62,True,🔗 Triple-Verified,CDR|FIR|Financial
150,PER-0227,Ezhilan Ramasamy,Person,Callee|Caller|SocialMention|Suspect|TransactionMobile,35.15,High,22.75,True,🔗 Quad-Verified,CDR|FIR|Financial|SocialMedia
151,PER-0306,Dharani Selvam,Person,Callee|Caller|SocialMention|Suspect|TransactionMobile,34.92,High,22.16,True,🔗 Quad-Verified,CDR|FIR|Financial|SocialMedia
152,PER-0207,Murugan Babu,Person,Associate|Callee|Caller|SocialMention|TransactionMobile,34.87,High,22.26,True,🔗 Quad-Verified,CDR|FIR|Financial|SocialMedia
153,PER-0012,Thirumal Palanisamy,Person,Callee|Caller|SocialMention|Suspect|TransactionMobile,34.83,High,21.92,True,🔗 Quad-Verified,CDR|FIR|Financial|SocialMedia
154,PER-0221,Nithin Murugan,Person,Callee|Caller|SocialMention|Suspect|TransactionMobile,34.43,High,20.86,True,🔗 Quad-Verified,CDR|FIR|Financial|SocialMedia
155,PER-0115,Nithin Balan,Person,Callee|Caller|Complainant|Mentioned|TransactionMobile|Victim,34.35,High,29.45,True,🔗 Triple-Verified,CDR|FIR|Financial
156,PER-0204,Keerthana Sri,Person,Callee|Caller|Complainant|Mentioned|TransactionMobile|Victim,34.31,High,20.2,True,🔗 Triple-Verified,CDR|FIR|Financial
157,PER-0346,Inban Pandian,Person,Callee|Caller|Complainant|TransactionMobile|Victim,34.29,High,29.29,True,🔗 Triple-Verified,CDR|FIR|Financial
158,PER-0087,Anand Krishnan,Person,Callee|Caller|SocialMention|Suspect|TransactionMobile,34.24,High,20.34,True,🔗 Quad-Verified,CDR|FIR|Financial|SocialMedia
159,PER-0026,Hariharan Subramani,Person,Associate|Callee|Caller|SocialMention|Suspect|TransactionMobile,33.97,High,19.65,True,🔗 Quad-Verified,CDR|FIR|Financial|SocialMedia
160,PER-0353,Divya Sekar,Person,Callee|Caller|Complainant|Mentioned|TransactionMobile|Victim,33.92,High,36.81,True,🔗 Triple-Verified,CDR|FIR|Financial
161,PER-0287,Venkat Prakash,Person,Callee|Caller|SocialMention|Suspect|TransactionMobile,33.82,High,19.24,True,🔗 Quad-Verified,CDR|FIR|Financial|SocialMedia
162,PER-0112,Eswari Raj,Person,Callee|Caller|SocialMention|Suspect|TransactionMobile,33.81,High,19.21,True,🔗 Quad-Verified,CDR|FIR|Financial|SocialMedia
163,PER-0162,Karthik Thangaraj,Person,Callee|Caller|SocialMention|Suspect|TransactionMobile,33.65,High,18.78,True,🔗 Quad-Verified,CDR|FIR|Financial|SocialMedia
164,PER-0142,Siva Muthu,Person,Associate|Callee|Caller|SocialMention|TransactionMobile,33.63,High,36.03,True,🔗 Quad-Verified,CDR|FIR|Financial|SocialMedia
165,PER-0345,Sanjay Anand,Person,Callee|Caller|SocialMention|Suspect|TransactionMobile,33.63,High,18.74,True,🔗 Quad-Verified,CDR|FIR|Financial|SocialMedia
166,PER-0394,Hemanth Nathan,Person,Callee|Caller|Complainant|Mentioned|TransactionMobile|Victim,33.54,High,36.37,True,🔗 Triple-Verified,CDR|FIR|Financial
167,PER-0082,Rajeshwari Rani,Person,Callee|Caller|Complainant|Mentioned|TransactionMobile|Victim,33.47,High,27.13,True,🔗 Triple-Verified,CDR|FIR|Financial
168,PER-0316,Mohan Ramasamy,Person,Callee|Caller|SocialMention|Suspect|TransactionMobile,33.44,High,18.25,True,🔗 Quad-Verified,CDR|FIR|Financial|SocialMedia
169,PER-0077,Anand Arumugam,Person,Callee|Caller|Complainant|Mentioned|TransactionMobile|Victim,33.25,High,26.55,True,🔗 Triple-Verified,CDR|FIR|Financial
170,ACC-1059,Ext-Acc-214314,Account,Sender,33.21,High,17.62,False,📄 Single-Source,Financial
171,PER-0303,Yogesh Gopal,Person,Callee|Caller|SocialMention|Suspect|TransactionMobile,33.16,High,31.59,True,🔗 Quad-Verified,CDR|FIR|Financial|SocialMedia
172,PER-0040,Deepa Selvam,Person,Callee|Caller|Complainant|Mentioned|TransactionMobile|Victim,33.06,High,26.04,True,🔗 Triple-Verified,CDR|FIR|Financial
173,PER-0279,Rakesh Muthu,Person,Callee|Caller|SocialMention|Suspect|TransactionMobile,33.05,High,17.2,True,🔗 Quad-Verified,CDR|FIR|Financial|SocialMedia
174,PER-0193,Vignesh Thangaraj,Person,Callee|Caller|SocialMention|Suspect|TransactionMobile,32.88,High,16.75,True,🔗 Quad-Verified,CDR|FIR|Financial|SocialMedia
175,PER-0182,Saravanan Sundaram,Person,Callee|Caller|Complainant|Mentioned|TransactionMobile|Victim,32.57,High,24.74,True,🔗 Triple-Verified,CDR|FIR|Financial
176,PER-0014,Ajith Velan,Person,Callee|Caller|Complainant|TransactionMobile|Victim,32.52,High,24.63,True,🔗 Triple-Verified,CDR|FIR|Financial
177,PER-0168,Mohan Gopal,Person,Callee|Caller|Complainant|Mentioned|TransactionMobile|Victim,32.31,High,32.54,True,🔗 Triple-Verified,CDR|FIR|Financial
178,ACC-0062,Syn-Acc-100060,Account,Financial|Receiver|Sender,32.2,High,37.44,True,🔗 Cross-Verified,FIR|Financial
179,PER-0313,Ezhilan Rajan,Person,Callee|Caller|SocialMention|Suspect|TransactionMobile,32.18,High,14.9,True,🔗 Quad-Verified,CDR|FIR|Financial|SocialMedia
180,PER-0343,Malathi Murugan,Person,Callee|Caller|Complainant|Mentioned|TransactionMobile|Victim|Witness,32.12,High,32.04,True,🔗 Triple-Verified,CDR|FIR|Financial
181,PER-0245,Senthil Prakash,Person,Callee|Caller|Complainant|Mentioned|TransactionMobile|Victim,32.01,High,22.4,True,🔗 Triple-Verified,CDR|FIR|Financial
182,ACC-0033,Syn-Acc-100081,Account,Financial|Receiver|Sender,31.49,High,21.89,True,🔗 Cross-Verified,FIR|Financial
183,PER-0301,Venkat Pandian,Person,Callee|Caller|Complainant|Mentioned|TransactionMobile|Victim,31.32,High,29.92,True,🔗 Triple-Verified,CDR|FIR|Financial
184,PER-0004,Thirumal Babu,Person,Callee|Caller|Complainant|Mentioned|TransactionMobile|Victim,31.15,High,30.06,True,🔗 Triple-Verified,CDR|FIR|Financial
185,PER-0257,Geetha Kumari,Person,Callee|Caller|Complainant|Mentioned|TransactionMobile|Victim,31.14,High,29.46,True,🔗 Triple-Verified,CDR|FIR|Financial
186,PER-0106,Elango Krishnan,Person,Callee|Caller|Complainant|Mentioned|TransactionMobile|Victim|Witness,31.0,High,29.09,True,🔗 Triple-Verified,CDR|FIR|Financial
187,PER-0068,Jagan Gopal,Person,Callee|Caller|Complainant|Mentioned|TransactionMobile|Victim,30.91,High,28.85,True,🔗 Triple-Verified,CDR|FIR|Financial
188,PER-0021,Vidhya Krishnan,Person,Callee|Caller|Complainant|Mentioned|TransactionMobile|Victim,30.66,High,28.19,True,🔗 Triple-Verified,CDR|FIR|Financial
189,PER-0260,Bharath Babu,Person,Callee|Caller|Complainant|Mentioned|TransactionMobile|Victim,30.59,High,27.99,True,🔗 Triple-Verified,CDR|FIR|Financial
190,PER-0092,Babu Thangaraj,Person,Callee|Caller|Complainant|Mentioned|TransactionMobile|Victim,30.44,High,28.17,True,🔗 Triple-Verified,CDR|FIR|Financial
191,PER-0009,Deviga Murugan,Person,Callee|Caller|Complainant|Mentioned|TransactionMobile|Victim,30.28,High,27.17,True,🔗 Triple-Verified,CDR|FIR|Financial
192,PER-0147,Kumaran Prakash,Person,Callee|Caller|Complainant|Mentioned|TransactionMobile|Victim,30.09,High,27.26,True,🔗 Triple-Verified,CDR|FIR|Financial
193,PER-0209,Kishore Murugan,Person,Callee|Caller|Complainant|Mentioned|TransactionMobile|Victim,30.08,High,27.23,True,🔗 Triple-Verified,CDR|FIR|Financial
194,PER-0218,Arun Mani,Person,Callee|Caller|Complainant|Mentioned|TransactionMobile|Victim,30.08,High,18.18,True,🔗 Triple-Verified,CDR|FIR|Financial
195,VEH-0072,Tn-01-Xx-1033,Vehicle,Auto|SocialMention,30.05,High,7.32,True,🔗 Cross-Verified,FIR|SocialMedia
196,VEH-0063,Tn-72-Yy-1031,Vehicle,SocialMention|Truck,30.05,High,7.32,True,🔗 Cross-Verified,FIR|SocialMedia
197,VEH-0073,Tn-47-Yy-1034,Vehicle,SocialMention|Truck,30.05,High,7.32,True,🔗 Cross-Verified,FIR|SocialMedia
198,PER-0151,Dharani Gopal,Person,Callee|Caller|Complainant|Mentioned|TransactionMobile|Victim,30.0,High,26.43,True,🔗 Triple-Verified,CDR|FIR|Financial
199,PER-0233,Sanjay Prakash,Person,Callee|Caller|Complainant|Mentioned|TransactionMobile|Victim,29.96,High,26.91,True,🔗 Triple-Verified,CDR|FIR|Financial
200,PER-0226,Buvaneswari Sri,Person,Callee|Caller|Complainant|Mentioned|TransactionMobile|Victim|Witness,29.89,High,26.14,True,🔗 Triple-Verified,CDR|FIR|Financial
201,PER-0110,Harish Babu,Person,Callee|Caller|Complainant|Mentioned|TransactionMobile|Victim|Witness,29.87,High,26.09,True,🔗 Triple-Verified,CDR|FIR|Financial
202,PER-0134,Deepa Kumari,Person,Callee|Caller|Complainant|Mentioned|TransactionMobile|Victim,29.82,High,26.53,True,🔗 Triple-Verified,CDR|FIR|Financial
203,PER-0317,Chithra Devi,Person,Callee|Caller|Complainant|Mentioned|TransactionMobile|Victim,29.76,High,26.37,True,🔗 Triple-Verified,CDR|FIR|Financial
204,PER-0020,Yogesh Raj,Person,Callee|Caller|Complainant|Mentioned|TransactionMobile|Victim,29.74,High,26.32,True,🔗 Triple-Verified,CDR|FIR|Financial
205,PER-0338,Madhan Rajan,Person,Callee|Caller|Complainant|Mentioned|TransactionMobile|Victim,29.74,High,25.76,True,🔗 Triple-Verified,CDR|FIR|Financial
206,PER-0368,Gokul Babu,Person,Callee|Caller|Complainant|TransactionMobile|Victim,29.74,High,26.32,True,🔗 Triple-Verified,CDR|FIR|Financial
207,PER-0367,Yogesh Sekar,Person,Callee|Caller|Complainant|Mentioned|TransactionMobile|Victim,29.72,High,25.7,True,🔗 Triple-Verified,CDR|FIR|Financial
208,PER-0161,Rajeshwari Ammal,Person,Callee|Caller|Complainant|Mentioned|TransactionMobile|Victim,29.71,High,26.24,True,🔗 Triple-Verified,CDR|FIR|Financial
209,PER-0187,Tamilarasan Palanisamy,Person,Callee|Caller|Complainant|Mentioned|TransactionMobile|Victim,29.7,High,26.23,True,🔗 Triple-Verified,CDR|FIR|Financial
210,PER-0190,Dharani Thangaraj,Person,Callee|Caller|Complainant|Mentioned|TransactionMobile|Victim,29.7,High,25.65,True,🔗 Triple-Verified,CDR|FIR|Financial
211,PER-0166,Yogesh Balan,Person,Callee|Caller|Complainant|Mentioned|TransactionMobile|Victim,29.69,High,25.62,True,🔗 Triple-Verified,CDR|FIR|Financial
212,PER-0269,Selvam Natarajan,Person,Callee|Caller|Complainant|Mentioned|TransactionMobile|Victim,29.67,High,25.56,True,🔗 Triple-Verified,CDR|FIR|Financial
213,PER-0377,Selvam Babu,Person,Callee|Caller|Complainant|Mentioned|TransactionMobile|Victim,29.66,High,26.12,True,🔗 Triple-Verified,CDR|FIR|Financial
214,PER-0312,Deepa Devi,Person,Callee|Caller|Complainant|TransactionMobile|Victim,29.64,High,25.5,True,🔗 Triple-Verified,CDR|FIR|Financial
215,PER-0295,Gopal Karuppasamy,Person,Callee|Caller|Complainant|Mentioned|TransactionMobile|Victim,29.62,High,26.02,True,🔗 Triple-Verified,CDR|FIR|Financial
216,PER-0045,Elango Ramasamy,Person,Callee|Caller|Complainant|Mentioned|TransactionMobile|Victim,29.52,High,25.75,True,🔗 Triple-Verified,CDR|FIR|Financial
217,PER-0088,Naveen Natarajan,Person,Callee|Caller|Complainant|Mentioned|TransactionMobile|Victim,29.5,High,25.11,True,🔗 Triple-Verified,CDR|FIR|Financial
218,PER-0140,Sangeetha Bai,Person,Callee|Caller|Complainant|Mentioned|TransactionMobile|Victim,29.48,High,25.06,True,🔗 Triple-Verified,CDR|FIR|Financial
219,PER-0234,Siva Velan,Person,Callee|Caller|Complainant|Mentioned|TransactionMobile|Victim,29.48,High,25.65,True,🔗 Triple-Verified,CDR|FIR|Financial
220,PER-0274,Tamilarasan Karuppasamy,Person,Callee|Caller|Complainant|Mentioned|TransactionMobile|Victim,29.48,High,25.63,True,🔗 Triple-Verified,CDR|FIR|Financial
221,PER-0174,Vasanth Raman,Person,Callee|Caller|Complainant|Mentioned|TransactionMobile|Victim,29.46,High,25.58,True,🔗 Triple-Verified,CDR|FIR|Financial
222,PER-0246,Kishore Pandian,Person,Callee|Caller|Complainant|Mentioned|TransactionMobile|Victim,29.43,High,25.5,True,🔗 Triple-Verified,CDR|FIR|Financial
223,PER-0105,Yogesh Arumugam,Person,Callee|Caller|Complainant|Mentioned|TransactionMobile|Victim,29.39,High,25.39,True,🔗 Triple-Verified,CDR|FIR|Financial
224,PER-0349,Padmini Rani,Person,Callee|Caller|Complainant|Mentioned|TransactionMobile|Victim,29.36,High,25.33,True,🔗 Triple-Verified,CDR|FIR|Financial
225,PER-0065,Deepak Gopal,Person,Callee|Caller|Complainant|Mentioned|TransactionMobile|Victim,29.33,High,24.67,True,🔗 Triple-Verified,CDR|FIR|Financial
226,PER-0030,Praveen Natarajan,Person,Callee|Caller|Complainant|Mentioned|TransactionMobile|Victim|Witness,29.31,High,24.62,True,🔗 Triple-Verified,CDR|FIR|Financial
227,PER-0208,Arun Thangaraj,Person,Callee|Caller|Complainant|Mentioned|TransactionMobile|Victim,29.3,High,24.58,True,🔗 Triple-Verified,CDR|FIR|Financial
228,PER-0002,Inban Selvam,Person,Callee|Caller|Complainant|Mentioned|TransactionMobile|Victim,29.26,High,24.48,True,🔗 Triple-Verified,CDR|FIR|Financial
229,PER-0290,Latha Murugan,Person,Callee|Caller|Complainant|Mentioned|TransactionMobile|Victim,29.23,High,24.97,True,🔗 Triple-Verified,CDR|FIR|Financial
230,PER-0090,Anand Natarajan,Person,Callee|Caller|Complainant|Mentioned|TransactionMobile|Victim,29.23,High,24.4,True,🔗 Triple-Verified,CDR|FIR|Financial
231,ACC-0013,Syn-Acc-100011,Account,Financial|Receiver|Sender,29.21,High,15.86,True,🔗 Cross-Verified,FIR|Financial
232,PER-0152,Pavithra Bai,Person,Callee|Caller|Complainant|Mentioned|TransactionMobile|Victim|Witness,29.19,High,24.86,True,🔗 Triple-Verified,CDR|FIR|Financial
233,PER-0224,Jothi Selvi,Person,Callee|Caller|Complainant|Mentioned|TransactionMobile|Victim,29.15,High,24.76,True,🔗 Triple-Verified,CDR|FIR|Financial
234,PER-0056,Bharath Prakash,Person,Callee|Caller|Complainant|Mentioned|TransactionMobile|Victim,29.12,High,24.11,True,🔗 Triple-Verified,CDR|FIR|Financial
235,PER-0139,Logesh Palanisamy,Person,Callee|Caller|Complainant|Mentioned|TransactionMobile|Victim,29.05,High,23.92,True,🔗 Triple-Verified,CDR|FIR|Financial
236,PER-0263,Naveen Mani,Person,Callee|Caller|Complainant|Mentioned|TransactionMobile|Victim,29.02,High,24.41,True,🔗 Triple-Verified,CDR|FIR|Financial
237,PER-0239,Sathish Palanisamy,Person,Callee|Caller|Complainant|Mentioned|TransactionMobile|Victim,29.01,High,24.39,True,🔗 Triple-Verified,CDR|FIR|Financial
238,PER-0061,Dinesh Balan,Person,Associate|Callee|Caller|SocialMention|TransactionMobile,28.99,High,24.34,True,🔗 Quad-Verified,CDR|FIR|Financial|SocialMedia
239,PER-0055,Arun Natarajan,Person,Callee|Caller|Complainant|Mentioned|TransactionMobile|Victim,28.91,High,23.57,True,🔗 Triple-Verified,CDR|FIR|Financial
240,PER-0054,Vasanth Chandran,Person,Callee|Caller|Complainant|Mentioned|TransactionMobile|Victim|Witness,28.9,High,24.1,True,🔗 Triple-Verified,CDR|FIR|Financial
241,PER-0149,Deviga Devi,Person,Callee|Caller|Complainant|Mentioned|TransactionMobile|Victim,28.89,High,24.08,True,🔗 Triple-Verified,CDR|FIR|Financial
242,PER-0165,Rajesh Rajan,Person,Callee|Caller|Complainant|Mentioned|TransactionMobile|Victim|Witness,28.89,High,24.09,True,🔗 Triple-Verified,CDR|FIR|Financial
243,PER-0198,Mohan Sekar,Person,Callee|Caller|SocialMention|Suspect|TransactionMobile,28.83,High,20.12,True,🔗 Quad-Verified,CDR|FIR|Financial|SocialMedia
244,PER-0215,Arjun Karuppasamy,Person,Callee|Caller|Complainant|Mentioned|TransactionMobile|Victim,28.75,High,32.27,True,🔗 Triple-Verified,CDR|FIR|Financial
245,PER-0330,Indhu Sri,Person,Callee|Caller|Complainant|Mentioned|TransactionMobile|Victim,28.74,High,23.12,True,🔗 Triple-Verified,CDR|FIR|Financial
246,PER-0037,Elango Balan,Person,Callee|Caller|Complainant|Mentioned|TransactionMobile|Victim,28.69,High,23.54,True,🔗 Triple-Verified,CDR|FIR|Financial
247,PER-0150,Pavithra Kannan,Person,Callee|Caller|Complainant|Mentioned|TransactionMobile|Victim,28.64,High,22.84,True,🔗 Triple-Verified,CDR|FIR|Financial
248,PER-0256,Bharathi Raman,Person,Callee|Caller|Complainant|Mentioned|TransactionMobile|Victim,28.6,High,23.3,True,🔗 Triple-Verified,CDR|FIR|Financial
249,PER-0050,Sudha Kannan,Person,Callee|Caller|Complainant|Mentioned|TransactionMobile|Victim,28.59,High,22.72,True,🔗 Triple-Verified,CDR|FIR|Financial
250,PER-0185,Jagan Sekar,Person,Callee|Caller|Complainant|Mentioned|TransactionMobile|Victim,28.59,High,22.7,True,🔗 Triple-Verified,CDR|FIR|Financial
251,PER-0036,Senthil Rajan,Person,Callee|Caller|Complainant|Mentioned|TransactionMobile|Victim,28.56,High,23.21,True,🔗 Triple-Verified,CDR|FIR|Financial
252,PER-0205,Ajith Sekar,Person,Callee|Caller|Complainant|Mentioned|TransactionMobile|Victim,28.53,High,23.12,True,🔗 Triple-Verified,CDR|FIR|Financial
253,PER-0033,Vignesh Natarajan,Person,Callee|Caller|SocialMention|Suspect|TransactionMobile,28.5,High,19.25,True,🔗 Quad-Verified,CDR|FIR|Financial|SocialMedia
254,PER-0102,Malathi Kumari,Person,Callee|Caller|Complainant|Mentioned|TransactionMobile|Victim,28.49,High,22.45,True,🔗 Triple-Verified,CDR|FIR|Financial
255,PER-0372,Amudha Sri,Person,Callee|Caller|Complainant|Mentioned|TransactionMobile|Victim,28.43,High,22.85,True,🔗 Triple-Verified,CDR|FIR|Financial
256,PER-0282,Yuvaraj Anand,Person,Callee|Caller|Complainant|Mentioned|TransactionMobile|Victim,28.4,High,22.2,True,🔗 Triple-Verified,CDR|FIR|Financial
257,LOC-0021,Mullai Colony Shopping Complex,Location,Incident|SocialMention,28.4,High,22.77,True,🔗 Cross-Verified,FIR|SocialMedia
258,PER-0099,Kavitha Selvam,Person,Callee|Caller|Complainant|Mentioned|TransactionMobile|Victim|Witness,28.4,High,22.77,True,🔗 Triple-Verified,CDR|FIR|Financial
259,PER-0136,Durga Raman,Person,Callee|Caller|Complainant|Mentioned|TransactionMobile|Victim,28.39,High,22.18,True,🔗 Triple-Verified,CDR|FIR|Financial
260,PER-0332,Vasanthi Ammal,Person,Callee|Caller|Complainant|Mentioned|TransactionMobile|Victim,28.37,High,22.13,True,🔗 Triple-Verified,CDR|FIR|Financial
261,PER-0214,Dharani Anand,Person,Callee|Caller|Complainant|Mentioned|TransactionMobile|Victim|Witness,28.32,High,22.01,True,🔗 Triple-Verified,CDR|FIR|Financial
262,PER-0250,Vasanthi Kannan,Person,Callee|Caller|Complainant|Mentioned|TransactionMobile|Victim,28.26,High,21.83,True,🔗 Triple-Verified,CDR|FIR|Financial
263,PER-0018,Hemanth Murugan,Person,Callee|Caller|Complainant|Mentioned|TransactionMobile|Victim,28.25,High,21.8,True,🔗 Triple-Verified,CDR|FIR|Financial
264,PER-0275,Harish Selvam,Person,Callee|Caller|Complainant|Mentioned|TransactionMobile|Victim,28.21,High,22.28,True,🔗 Triple-Verified,CDR|FIR|Financial
265,PER-0291,Mythili Murugan,Person,Callee|Caller|Complainant|Mentioned|TransactionMobile|Victim,28.2,High,30.82,True,🔗 Triple-Verified,CDR|FIR|Financial
266,PER-0350,Priya Raman,Person,Callee|Caller|Complainant|Mentioned|TransactionMobile|Victim,28.17,High,21.59,True,🔗 Triple-Verified,CDR|FIR|Financial
267,PER-0035,Nandhini Sekar,Person,Callee|Caller|Complainant|Mentioned|TransactionMobile|Victim,28.09,High,21.39,True,🔗 Triple-Verified,CDR|FIR|Financial
268,PER-0252,Kalaiselvi Sri,Person,Callee|Caller|Complainant|TransactionMobile|Victim,28.09,High,21.96,True,🔗 Triple-Verified,CDR|FIR|Financial
269,PER-0007,Babu Rajan,Person,Callee|Caller|Complainant|Mentioned|TransactionMobile|Victim|Witness,28.02,High,21.77,True,🔗 Triple-Verified,CDR|FIR|Financial
270,PER-0216,Kalaiselvi Raman,Person,Callee|Caller|Complainant|Mentioned|TransactionMobile|Victim,28.02,High,21.77,True,🔗 Triple-Verified,CDR|FIR|Financial
271,PER-0153,Sathish Kumar,Person,Callee|Caller|Complainant|Mentioned|TransactionMobile|Victim,28.0,High,21.14,True,🔗 Triple-Verified,CDR|FIR|Financial
272,PER-0025,Bhuvana Bai,Person,Callee|Caller|Complainant|Mentioned|TransactionMobile|Victim,27.95,High,21.03,True,🔗 Triple-Verified,CDR|FIR|Financial
273,PER-0225,Lakshmi Krishnan,Person,Callee|Caller|Complainant|Mentioned|TransactionMobile|Victim,27.92,High,20.94,True,🔗 Triple-Verified,CDR|FIR|Financial
274,PER-0229,Kannan Muthu,Person,Callee|Caller|Complainant|Mentioned|TransactionMobile|Victim,27.92,High,21.51,True,🔗 Triple-Verified,CDR|FIR|Financial
275,PER-0397,Buvaneswari Rani,Person,Callee|Caller|Complainant|Mentioned|TransactionMobile|Victim,27.91,High,20.92,True,🔗 Triple-Verified,CDR|FIR|Financial
276,PER-0200,Dharani Shankar,Person,Callee|Caller|Complainant|Mentioned|TransactionMobile|Victim,27.9,High,21.47,True,🔗 Triple-Verified,CDR|FIR|Financial
277,PER-0281,Ganesh Subramani,Person,Callee|Caller|Complainant|Mentioned|TransactionMobile|Victim,27.88,High,21.42,True,🔗 Triple-Verified,CDR|FIR|Financial
278,PER-0378,Senthil Raman,Person,Callee|Caller|Complainant|Mentioned|TransactionMobile|Victim,27.72,High,20.98,True,🔗 Triple-Verified,CDR|FIR|Financial
279,PER-0366,Deepak Muthu,Person,Callee|Caller|Complainant|Mentioned|TransactionMobile|Victim,27.71,High,20.95,True,🔗 Triple-Verified,CDR|FIR|Financial
280,PER-0016,Sanjay Mani,Person,Associate|Callee|Caller|TransactionMobile,27.7,High,20.35,True,🔗 Triple-Verified,CDR|FIR|Financial
281,PER-0390,Vidhya Sri,Person,Callee|Caller|Complainant|Mentioned|TransactionMobile|Victim,27.68,High,20.31,True,🔗 Triple-Verified,CDR|FIR|Financial
282,PER-0241,Malathi Ammal,Person,Callee|Caller|Complainant|Mentioned|TransactionMobile|Victim,27.66,High,20.24,True,🔗 Triple-Verified,CDR|FIR|Financial
283,PER-0333,Kishore Chandran,Person,Callee|Caller|Complainant|TransactionMobile|Victim,27.65,High,20.81,True,🔗 Triple-Verified,CDR|FIR|Financial
284,PER-0395,Udhay Ramasamy,Person,Callee|Caller|Complainant|Mentioned|TransactionMobile|Victim,27.65,High,20.22,True,🔗 Triple-Verified,CDR|FIR|Financial
285,LOC-0012,Nallur Garden Residential Colony,Location,Incident|SocialMention,27.61,High,20.12,True,🔗 Cross-Verified,FIR|SocialMedia
286,PER-0298,Suresh Selvam,Person,Associate|Callee|Caller|SocialMention|TransactionMobile,27.6,High,20.67,True,🔗 Quad-Verified,CDR|FIR|Financial|SocialMedia
287,PER-0059,Suresh Pandian,Person,Callee|Caller|Complainant|Mentioned|TransactionMobile|Victim,27.59,High,20.64,True,🔗 Triple-Verified,CDR|FIR|Financial
288,PER-0285,Saravanan Gopal,Person,Callee|Caller|Complainant|Mentioned|TransactionMobile|Victim,27.57,High,20.59,True,🔗 Triple-Verified,CDR|FIR|Financial
289,PER-0264,Gayathri Raman,Person,Callee|Caller|Complainant|Mentioned|TransactionMobile|Victim,27.56,High,20.55,True,🔗 Triple-Verified,CDR|FIR|Financial
290,LOC-0041,Selvapuram Puram Main Street,Location,Incident|SocialMention,27.54,High,19.94,True,🔗 Cross-Verified,FIR|SocialMedia
291,PER-0302,Buvaneswari Murugan,Person,Callee|Caller|Complainant|Mentioned|TransactionMobile|Victim,27.53,High,20.48,True,🔗 Triple-Verified,CDR|FIR|Financial
292,PER-0255,Kalaiselvi Devi,Person,Callee|Caller|Complainant|Mentioned|TransactionMobile|Victim,27.51,High,29.0,True,🔗 Triple-Verified,CDR|FIR|Financial
293,PER-0072,Buvaneswari Kannan,Person,Callee|Caller|Complainant|Mentioned|TransactionMobile|Victim,27.48,High,20.36,True,🔗 Triple-Verified,CDR|FIR|Financial
294,PER-0296,Praveen Raman,Person,Callee|Caller|Complainant|Mentioned|TransactionMobile|Victim,27.48,High,20.36,True,🔗 Triple-Verified,CDR|FIR|Financial
295,PER-0266,Bharath Gopal,Person,Callee|Caller|Complainant|Mentioned|TransactionMobile|Victim,27.42,High,28.77,True,🔗 Triple-Verified,CDR|FIR|Financial
296,PER-0148,Kishore Selvam,Person,Callee|Caller|Complainant|Mentioned|TransactionMobile|Victim|Witness,27.41,High,28.74,True,🔗 Triple-Verified,CDR|FIR|Financial
297,PER-0232,Yogesh Raman,Person,Callee|Caller|Complainant|Mentioned|TransactionMobile|Victim,27.4,Medium,20.14,True,🔗 Triple-Verified,CDR|FIR|Financial
298,PER-0393,Vidhya Bai,Person,Callee|Caller|Complainant|TransactionMobile|Victim,27.39,Medium,28.68,True,🔗 Triple-Verified,CDR|FIR|Financial
299,PER-0319,Babu Murugan,Person,Callee|Caller|Complainant|Mentioned|TransactionMobile|Victim,27.37,Medium,28.62,True,🔗 Triple-Verified,CDR|FIR|Financial
300,PER-0122,Abirami Sri,Person,Callee|Caller|Victim|Witness,27.32,Medium,19.92,True,🔗 Cross-Verified,CDR|FIR
301,PER-0375,Inban Babu,Person,Callee|Caller|Complainant|Mentioned|TransactionMobile|Victim,27.26,Medium,19.19,True,🔗 Triple-Verified,CDR|FIR|Financial
302,PER-0231,Indhu Murugan,Person,Callee|Caller|Complainant|Mentioned|TransactionMobile|Victim,27.16,Medium,18.92,True,🔗 Triple-Verified,CDR|FIR|Financial
303,PER-0248,Gokul Karuppasamy,Person,Callee|Caller|Complainant|Mentioned|TransactionMobile|Victim,27.16,Medium,19.5,True,🔗 Triple-Verified,CDR|FIR|Financial
304,PER-0384,Naveen Muthu,Person,Associate|Callee|Caller|SocialMention|TransactionMobile,27.14,Medium,19.46,True,🔗 Quad-Verified,CDR|FIR|Financial|SocialMedia
305,PER-0107,Mathan Arumugam,Person,Callee|Caller|Complainant|TransactionMobile|Victim,27.11,Medium,19.36,True,🔗 Triple-Verified,CDR|FIR|Financial
306,PER-0138,Abirami Kannan,Person,Complainant|Mentioned,27.1,Medium,18.76,False,📄 Single-Source,FIR
307,PER-0070,Arun Muthu,Person,Associate|Callee|Caller|SocialMention|TransactionMobile,27.1,Medium,18.77,True,🔗 Quad-Verified,CDR|FIR|Financial|SocialMedia
308,LOC-0006,Nallur Park Main Street,Location,Incident|SocialMention,27.05,Medium,19.22,True,🔗 Cross-Verified,FIR|SocialMedia
309,PER-0220,Vijay Rajan,Person,Callee|Caller|Complainant|TransactionMobile|Victim,27.05,Medium,27.79,True,🔗 Triple-Verified,CDR|FIR|Financial
310,PER-0066,Sudha Sekar,Person,Callee|Caller|Complainant|TransactionMobile|Victim,27.03,Medium,19.16,True,🔗 Triple-Verified,CDR|FIR|Financial
311,PER-0131,Chithra Raj,Person,Callee|Caller|Complainant|Mentioned|TransactionMobile|Victim,27.03,Medium,19.15,True,🔗 Triple-Verified,CDR|FIR|Financial
312,PER-0172,Arjun Pandian,Person,Callee|Caller|Complainant|Mentioned|TransactionMobile|Victim,27.01,Medium,27.68,True,🔗 Triple-Verified,CDR|FIR|Financial
313,PER-0374,Lokesh Murugan,Person,Callee|Caller|Complainant|Mentioned|TransactionMobile|Victim,27.01,Medium,19.11,True,🔗 Triple-Verified,CDR|FIR|Financial
314,PER-0116,Latha Sekar,Person,Callee|Caller|Complainant|Mentioned|TransactionMobile|Victim,27.01,Medium,18.53,True,🔗 Triple-Verified,CDR|FIR|Financial
315,PER-0111,Dharani Rajan,Person,Complainant,27.01,Medium,27.69,False,📄 Single-Source,FIR
316,PER-0011,Meena Ammal,Person,Callee|Caller|Complainant|Mentioned|TransactionMobile|Victim,26.96,Medium,27.55,True,🔗 Triple-Verified,CDR|FIR|Financial
317,PER-0156,Kumaran Anand,Person,Callee|Caller|Victim,26.94,Medium,18.93,True,🔗 Cross-Verified,CDR|FIR
318,PER-0381,Priya Selvi,Person,Callee|Caller|Complainant|Mentioned|TransactionMobile|Victim,26.92,Medium,18.86,True,🔗 Triple-Verified,CDR|FIR|Financial
319,PER-0392,Buvaneswari Devi,Person,Callee|Caller|Complainant|Mentioned|TransactionMobile|Victim,26.91,Medium,18.84,True,🔗 Triple-Verified,CDR|FIR|Financial
320,PER-0192,Dinesh Raj,Person,Callee|Caller|Complainant|Mentioned|TransactionMobile|Victim,26.91,Medium,27.41,True,🔗 Triple-Verified,CDR|FIR|Financial
321,PER-0399,Praveen Shankar,Person,Callee|Caller|Complainant|Mentioned|TransactionMobile|Victim,26.87,Medium,18.16,True,🔗 Triple-Verified,CDR|FIR|Financial
322,PER-0326,Gopal Balan,Person,Callee|Caller|Victim,26.86,Medium,18.72,True,🔗 Cross-Verified,CDR|FIR
323,PER-0342,Manoj Sekar,Person,Callee|Caller|Complainant|Mentioned|TransactionMobile|Victim,26.82,Medium,27.17,True,🔗 Triple-Verified,CDR|FIR|Financial
324,PER-0361,Abirami Rani,Person,Associate|Callee|Caller|SocialMention|TransactionMobile,26.8,Medium,18.54,True,🔗 Quad-Verified,CDR|FIR|Financial|SocialMedia
325,PER-0062,Pandian Balan,Person,Callee|Caller|Witness,26.79,Medium,17.95,True,🔗 Cross-Verified,CDR|FIR
326,LOC-0054,Vaigai Layout Market Road,Location,Incident|SocialMention,26.74,Medium,17.82,True,🔗 Cross-Verified,FIR|SocialMedia
327,PER-0034,Mathan Chandran,Person,Associate|Callee|Caller|SocialMention|TransactionMobile,26.73,Medium,17.79,True,🔗 Quad-Verified,CDR|FIR|Financial|SocialMedia
328,ACC-0401,Ext-Acc-263766,Account,Sender,26.72,Medium,7.85,False,📄 Single-Source,Financial
329,ACC-0314,Ext-Acc-253429,Account,Sender,26.72,Medium,7.86,False,📄 Single-Source,Financial
330,PER-0006,Meena Sekar,Person,Associate|Callee|Caller|SocialMention|TransactionMobile|Witness,26.71,Medium,18.32,True,🔗 Quad-Verified,CDR|FIR|Financial|SocialMedia
331,PER-0337,Jeeva Muthu,Person,Associate|Callee|Caller|SocialMention|TransactionMobile,26.7,Medium,17.71,True,🔗 Quad-Verified,CDR|FIR|Financial|SocialMedia
332,PER-0195,Vidhya Ammal,Person,Callee|Caller|Complainant|Mentioned|TransactionMobile|Victim,26.69,Medium,26.84,True,🔗 Triple-Verified,CDR|FIR|Financial
333,PER-0199,Sudha Rani,Person,Complainant|Mentioned,26.63,Medium,18.1,False,📄 Single-Source,FIR
334,VEH-0061,Tn-01-Yy-1046,Vehicle,Scooter|SocialMention,26.61,Medium,7.56,True,🔗 Cross-Verified,FIR|SocialMedia
335,PER-0017,Tamilarasan Velan,Person,Callee|Caller|Witness,26.59,Medium,18.0,True,🔗 Cross-Verified,CDR|FIR
336,PER-0164,Malathi Selvi,Person,Callee|Caller|Complainant|Mentioned|TransactionMobile|Victim,26.57,Medium,17.95,True,🔗 Triple-Verified,CDR|FIR|Financial
337,PER-0358,Venkat Kumar,Person,Callee|Caller|Complainant|Mentioned|TransactionMobile|Victim,26.55,Medium,26.46,True,🔗 Triple-Verified,CDR|FIR|Financial
338,PER-0109,Ajith Murugan,Person,Associate|Callee|Caller|SocialMention|TransactionMobile,26.54,Medium,26.43,True,🔗 Quad-Verified,CDR|FIR|Financial|SocialMedia
339,PER-0188,Meena Bai,Person,Callee|Caller|Complainant|Mentioned|TransactionMobile|Victim,26.52,Medium,26.39,True,🔗 Triple-Verified,CDR|FIR|Financial
340,VEH-0067,Tn-39-Xx-1048,Vehicle,Motorcycle|SocialMention,26.52,Medium,7.33,True,🔗 Cross-Verified,FIR|SocialMedia
341,PER-0160,Mohan Natarajan,Person,Callee|Caller|Complainant|TransactionMobile|Victim,26.52,Medium,17.81,True,🔗 Triple-Verified,CDR|FIR|Financial
342,LOC-0048,Poongodi Layout Residential Colony,Location,Incident|SocialMention,26.49,Medium,17.73,True,🔗 Cross-Verified,FIR|SocialMedia
343,PER-0063,Anitha Raman,Person,Callee|Caller|Witness,26.48,Medium,17.12,True,🔗 Cross-Verified,CDR|FIR
344,PER-0096,Udhay Shankar,Person,Associate|Callee|Caller|SocialMention|TransactionMobile,26.4,Medium,17.5,True,🔗 Quad-Verified,CDR|FIR|Financial|SocialMedia
345,PER-0202,Saravanan Palanisamy,Person,Callee|Caller|Complainant|Mentioned|TransactionMobile|Victim,26.37,Medium,25.98,True,🔗 Triple-Verified,CDR|FIR|Financial
346,PER-0339,Revathi Bai,Person,Callee|Caller|Complainant|Mentioned|TransactionMobile|Victim,26.36,Medium,25.96,True,🔗 Triple-Verified,CDR|FIR|Financial
347,PER-0293,Babu Balan,Person,Associate|Callee|Caller|SocialMention|TransactionMobile,26.35,Medium,17.37,True,🔗 Quad-Verified,CDR|FIR|Financial|SocialMedia
348,LOC-0034,Senthil Garden Main Street,Location,Incident|SocialMention,26.34,Medium,17.33,True,🔗 Cross-Verified,FIR|SocialMedia
349,PER-0321,Revathi Raman,Person,Associate|Callee|Caller|SocialMention|TransactionMobile,26.24,Medium,17.07,True,🔗 Quad-Verified,CDR|FIR|Financial|SocialMedia
350,PER-0081,Dinesh Nathan,Person,Callee|Caller|Complainant|Mentioned|TransactionMobile|Victim,26.24,Medium,25.63,True,🔗 Triple-Verified,CDR|FIR|Financial
351,PER-0171,Arun Selvam,Person,Associate|Callee|Caller|SocialMention|TransactionMobile,26.22,Medium,16.45,True,🔗 Quad-Verified,CDR|FIR|Financial|SocialMedia
352,PER-0127,Udhay Muthu,Person,Associate|Callee|Caller|SocialMention|TransactionMobile,26.21,Medium,25.56,True,🔗 Quad-Verified,CDR|FIR|Financial|SocialMedia
353,ACC-1063,Ext-Acc-370571,Account,Receiver,26.19,Medium,7.02,False,📄 Single-Source,Financial
354,PER-0118,Dharani Prakash,Person,Callee|Caller|Complainant|Mentioned|TransactionMobile|Victim,26.16,Medium,25.42,True,🔗 Triple-Verified,CDR|FIR|Financial
355,LOC-0025,Kalai Puram Apartment Complex,Location,Incident|SocialMention,26.15,Medium,16.25,True,🔗 Cross-Verified,FIR|SocialMedia
356,PER-0179,Jagan Arumugam,Person,Callee|Caller|Complainant|Mentioned|TransactionMobile|Victim,26.06,Medium,25.16,True,🔗 Triple-Verified,CDR|FIR|Financial
357,PER-0157,Ganesh Natarajan,Person,Callee|Caller|Complainant|Mentioned|TransactionMobile|Victim,26.05,Medium,25.13,True,🔗 Triple-Verified,CDR|FIR|Financial
358,PER-0268,Jeeva Rajan,Person,Associate|Callee|Caller|SocialMention|TransactionMobile,26.02,Medium,16.5,True,🔗 Quad-Verified,CDR|FIR|Financial|SocialMedia
359,ACC-0503,Ext-Acc-307134,Account,Receiver,26.0,Medium,6.53,False,📄 Single-Source,Financial
360,PER-0325,Rajeshwari Devi,Person,Complainant|Mentioned,25.95,Medium,15.72,False,📄 Single-Source,FIR
361,PER-0079,Jothi Bai,Person,Callee|Caller|Complainant|Mentioned|Victim,25.94,Medium,16.29,True,🔗 Cross-Verified,CDR|FIR
362,PER-0322,Kishore Muthu,Person,Callee|Caller|Witness,25.94,Medium,15.7,True,🔗 Cross-Verified,CDR|FIR
363,PER-0289,Bhuvana Raman,Person,Callee|Caller|Complainant|Mentioned|TransactionMobile|Victim,25.94,Medium,24.86,True,🔗 Triple-Verified,CDR|FIR|Financial
364,PER-0396,Nithya Devi,Person,Associate|Callee|Caller|TransactionMobile,25.85,Medium,16.05,True,🔗 Triple-Verified,CDR|FIR|Financial
365,LOC-0022,Kalai Colony Apartment Complex,Location,Incident|SocialMention,25.85,Medium,15.46,True,🔗 Cross-Verified,FIR|SocialMedia
366,PER-0383,Jothi Murugan,Person,Complainant|Mentioned,25.85,Medium,16.03,False,📄 Single-Source,FIR
367,PER-0222,Anand Chandran,Person,Callee|Caller|Complainant|Mentioned|TransactionMobile|Victim,25.84,Medium,24.59,True,🔗 Triple-Verified,CDR|FIR|Financial
368,ACC-0018,Syn-Acc-100018,Account,Financial|Receiver|Sender,25.79,Medium,15.89,True,🔗 Cross-Verified,FIR|Financial
369,PER-0354,Naveen Krishnan,Person,Associate|Callee|Caller|SocialMention|TransactionMobile,25.78,Medium,15.86,True,🔗 Quad-Verified,CDR|FIR|Financial|SocialMedia
370,LOC-0030,Anbu Park Main Street,Location,Incident|SocialMention,25.73,Medium,15.72,True,🔗 Cross-Verified,FIR|SocialMedia
371,PER-0237,Saravanan Murugan,Person,Callee|Caller|Complainant|Mentioned|TransactionMobile|Victim,25.72,Medium,24.27,True,🔗 Triple-Verified,CDR|FIR|Financial
372,PER-0159,Divya Murugan,Person,Associate|Callee|Caller|SocialMention|TransactionMobile,25.7,Medium,15.06,True,🔗 Quad-Verified,CDR|FIR|Financial|SocialMedia
373,PER-0130,Ramesh Pandian,Person,Callee|Caller|Witness,25.69,Medium,15.61,True,🔗 Cross-Verified,CDR|FIR
374,PER-0278,Lavanya Raj,Person,Callee|Caller|Complainant|Mentioned|TransactionMobile|Victim,25.68,Medium,24.16,True,🔗 Triple-Verified,CDR|FIR|Financial
375,LOC-0019,Ezhil Garden Shopping Complex,Location,Incident|SocialMention,25.68,Medium,15.02,True,🔗 Cross-Verified,FIR|SocialMedia
376,PER-0120,Vidhya Devi,Person,Callee|Caller|Complainant|Mentioned|TransactionMobile|Victim,25.54,Medium,23.8,True,🔗 Triple-Verified,CDR|FIR|Financial
377,PER-0029,Praveen Balan,Person,Callee|Caller|Witness,25.48,Medium,14.5,True,🔗 Cross-Verified,CDR|FIR
378,PER-0044,Yuvaraj Palanisamy,Person,Callee|Caller|Victim|Witness,25.48,Medium,14.5,True,🔗 Cross-Verified,CDR|FIR
379,PER-0329,Nandha Muthu,Person,Associate|Callee|Caller|SocialMention|TransactionMobile,25.46,Medium,15.01,True,🔗 Quad-Verified,CDR|FIR|Financial|SocialMedia
380,PER-0334,Latha Ammal,Person,Callee|Caller|Complainant|Mentioned|TransactionMobile|Victim,25.43,Medium,23.51,True,🔗 Triple-Verified,CDR|FIR|Financial
381,PER-0272,Divya Devi,Person,Complainant|Mentioned,25.4,Medium,14.84,False,📄 Single-Source,FIR
382,LOC-0043,Roja Nagar Residential Colony,Location,Incident|SocialMention,25.4,Medium,14.84,True,🔗 Cross-Verified,FIR|SocialMedia
383,LOC-0014,Amudham Nagar Main Street,Location,Incident|SocialMention,25.36,Medium,14.17,True,🔗 Cross-Verified,FIR|SocialMedia
384,PER-0286,Gopal Gopal,Person,Callee|Caller|Complainant|Mentioned|TransactionMobile|Victim,25.36,Medium,23.31,True,🔗 Triple-Verified,CDR|FIR|Financial
385,PER-0236,Durga Sekar,Person,Callee|Caller|Complainant|Mentioned|TransactionMobile|Victim,25.29,Medium,23.14,True,🔗 Triple-Verified,CDR|FIR|Financial
386,PER-0283,Nandhini Selvi,Person,Callee|Caller|Complainant|Mentioned|Victim,25.29,Medium,23.12,True,🔗 Cross-Verified,CDR|FIR
387,PER-0327,Abirami Bai,Person,Complainant|Mentioned,25.27,Medium,13.93,False,📄 Single-Source,FIR
388,PER-0143,Yuvaraj Selvam,Person,Callee|Caller|Witness,25.27,Medium,14.5,True,🔗 Cross-Verified,CDR|FIR
389,PER-0251,Kishore Velan,Person,Callee|Caller|Complainant|Mentioned|TransactionMobile|Victim,25.24,Medium,23.0,True,🔗 Triple-Verified,CDR|FIR|Financial
390,LOC-0029,Kadal Nagar Bus Stand Area,Location,Incident|SocialMention,25.24,Medium,13.86,True,🔗 Cross-Verified,FIR|SocialMedia
391,PER-0186,Gopal Muthu,Person,Associate|Callee|Caller|SocialMention|TransactionMobile,25.18,Medium,13.69,True,🔗 Quad-Verified,CDR|FIR|Financial|SocialMedia
392,PER-0344,Malathi Bai,Person,Callee|Caller|Complainant|Mentioned|TransactionMobile|Victim,25.17,Medium,22.81,True,🔗 Triple-Verified,CDR|FIR|Financial
393,PER-0238,Nithya Murugan,Person,Complainant|Mentioned,25.17,Medium,13.68,False,📄 Single-Source,FIR
394,PER-0146,Siva Sekar,Person,Callee|Caller|Witness,25.16,Medium,14.22,True,🔗 Cross-Verified,CDR|FIR
395,PER-0364,Janani Sekar,Person,Callee|Caller|Complainant|TransactionMobile|Victim,25.13,Medium,22.71,True,🔗 Triple-Verified,CDR|FIR|Financial
396,PER-0388,Jothi Selvam,Person,Callee|Caller|Victim,25.13,Medium,13.56,True,🔗 Cross-Verified,CDR|FIR
397,LOC-0071,Alli Colony College Road,Location,Incident|SocialMention,25.12,Medium,13.55,True,🔗 Cross-Verified,FIR|SocialMedia
398,PER-0318,Harish Anand,Person,Callee|Caller|Complainant|Mentioned|TransactionMobile|Victim,25.1,Medium,22.64,True,🔗 Triple-Verified,CDR|FIR|Financial
399,PER-0382,Gayathri Krishnan,Person,Callee|Caller|Complainant|Mentioned|TransactionMobile|Victim,25.1,Medium,22.63,True,🔗 Triple-Verified,CDR|FIR|Financial
400,ACC-0059,Syn-Acc-100037,Account,Financial|Receiver|Sender,25.09,Medium,13.46,True,🔗 Cross-Verified,FIR|Financial
401,LOC-0047,Mynthan Colony Main Street,Location,Incident|SocialMention,24.99,Medium,22.33,True,🔗 Cross-Verified,FIR|SocialMedia
402,PER-0155,Hariharan Ramasamy,Person,Callee|Caller|Victim,24.96,Medium,13.12,True,🔗 Cross-Verified,CDR|FIR
403,PER-0363,Gunasekar Prakash,Person,Callee|Caller|Victim,24.95,Medium,13.67,True,🔗 Cross-Verified,CDR|FIR
404,LOC-0011,Kalai Park Main Street,Location,Incident|SocialMention,24.93,Medium,13.03,True,🔗 Cross-Verified,FIR|SocialMedia
405,PER-0371,Bhuvana Kannan,Person,Callee|Caller|Complainant|TransactionMobile|Victim,24.91,Medium,22.12,True,🔗 Triple-Verified,CDR|FIR|Financial
406,MOB-0161,9000000480,Mobile,Mentioned,24.89,Medium,13.49,False,📄 Single-Source,FIR
407,PER-0359,Suresh Thangaraj,Person,Complainant|Mentioned,24.88,Medium,12.9,False,📄 Single-Source,FIR
408,PER-0103,Udhay Pandian,Person,Callee|Caller|Witness,24.87,Medium,13.44,True,🔗 Cross-Verified,CDR|FIR
409,LOC-0053,Iniyan Puram College Road,Location,Incident|SocialMention,24.8,Medium,12.68,True,🔗 Cross-Verified,FIR|SocialMedia
410,LOC-0062,Nallur Nagar Main Street,Location,Incident|SocialMention,24.78,Medium,13.22,True,🔗 Cross-Verified,FIR|SocialMedia
411,PER-0176,Jagan Shankar,Person,Callee|Caller|Complainant|Mentioned|TransactionMobile|Victim,24.71,Medium,21.59,True,🔗 Triple-Verified,CDR|FIR|Financial
412,PER-0261,Nithya Rani,Person,Callee|Caller|Victim|Witness,24.7,Medium,13.01,True,🔗 Cross-Verified,CDR|FIR
413,PER-0370,Kavitha Sri,Person,Associate|Callee|Caller|SocialMention|TransactionMobile,24.7,Medium,21.56,True,🔗 Quad-Verified,CDR|FIR|Financial|SocialMedia
414,PER-0191,Rajesh Krishnan,Person,Callee|Caller|Victim|Witness,24.68,Medium,12.38,True,🔗 Cross-Verified,CDR|FIR
415,PER-0201,Praveen Kumar,Person,Callee|Caller|Complainant|Mentioned|TransactionMobile|Victim,24.64,Medium,21.4,True,🔗 Triple-Verified,CDR|FIR|Financial
416,PER-0328,Latha Selvi,Person,Callee|Caller|Victim,24.63,Medium,12.25,True,🔗 Cross-Verified,CDR|FIR
417,LOC-0010,Mullai Puram Parking Area,Location,Incident|SocialMention,24.63,Medium,12.25,True,🔗 Cross-Verified,FIR|SocialMedia
418,PER-0128,Durga Bai,Person,Callee|Caller|Complainant|Mentioned|TransactionMobile|Victim,24.52,Medium,21.09,True,🔗 Triple-Verified,CDR|FIR|Financial
419,PER-0323,Meena Murugan,Person,Callee|Caller|Victim,24.47,Medium,12.4,True,🔗 Cross-Verified,CDR|FIR
420,PER-0008,Lokesh Karuppasamy,Person,Associate|Callee|Caller|SocialMention|TransactionMobile,24.47,Medium,20.97,True,🔗 Quad-Verified,CDR|FIR|Financial|SocialMedia
421,PER-0038,Naveen Balan,Person,Callee|Caller|Victim,24.46,Medium,12.37,True,🔗 Cross-Verified,CDR|FIR
422,PER-0401,Harini Selvam,Person,Callee|Caller|Complainant|Mentioned|TransactionMobile|Victim,24.46,Medium,20.94,True,🔗 Triple-Verified,CDR|FIR|Financial
423,PER-0294,Chithra Ammal,Person,Callee|Caller|Complainant|Mentioned|TransactionMobile|Victim,24.46,Medium,20.93,True,🔗 Triple-Verified,CDR|FIR|Financial
424,MOB-0093,9000000167,Mobile,Mentioned,24.43,Medium,12.28,False,📄 Single-Source,FIR
425,PER-0230,Eswari Selvam,Person,Callee|Caller|Victim,24.41,Medium,11.66,True,🔗 Cross-Verified,CDR|FIR
426,VEH-0001,Tn-47-Zz-1038,Vehicle,Motorcycle|SocialMention,24.39,Medium,12.18,True,🔗 Cross-Verified,FIR|SocialMedia
427,PER-0276,Harish Subramani,Person,Callee|Caller|Complainant|Mentioned|TransactionMobile|Victim,24.34,Medium,20.63,True,🔗 Triple-Verified,CDR|FIR|Financial
428,LOC-0050,Amudham Layout Residential Colony,Location,Incident|SocialMention,24.33,Medium,12.01,True,🔗 Cross-Verified,FIR|SocialMedia
429,MOB-0117,9000000035,Mobile,Mentioned,24.31,Medium,11.96,False,📄 Single-Source,FIR
430,LOC-0023,Vaigai Park Parking Area,Location,Incident|SocialMention,24.26,Medium,11.84,True,🔗 Cross-Verified,FIR|SocialMedia
431,LOC-0003,Amudham Garden Market Road,Location,Incident|SocialMention,24.21,Medium,11.7,True,🔗 Cross-Verified,FIR|SocialMedia
432,LOC-0005,Palar Park Industrial Area,Location,Incident|SocialMention,24.19,Medium,11.07,True,🔗 Cross-Verified,FIR|SocialMedia
433,PER-0273,Lakshmi Raman,Person,Callee|Caller|Complainant|Mentioned|TransactionMobile|Victim,24.14,Medium,20.08,True,🔗 Triple-Verified,CDR|FIR|Financial
434,PER-0348,Arun Raj,Person,Callee|Caller|Victim,24.11,Medium,11.45,True,🔗 Cross-Verified,CDR|FIR
435,LOC-0039,Kurinji Puram Railway Station Road,Location,Incident|SocialMention,24.09,Medium,10.81,True,🔗 Cross-Verified,FIR|SocialMedia
436,LOC-0028,Roja Colony Residential Colony,Location,Incident|SocialMention,24.09,Medium,10.82,True,🔗 Cross-Verified,FIR|SocialMedia
437,PER-0126,Mythili Selvi,Person,Callee|Caller|Complainant|Mentioned|TransactionMobile|Victim,24.02,Medium,19.78,True,🔗 Triple-Verified,CDR|FIR|Financial
438,PER-0167,Saravanan Selvam,Person,Callee|Caller|Complainant|TransactionMobile|Victim,23.96,Medium,19.62,True,🔗 Triple-Verified,CDR|FIR|Financial
439,LOC-0013,Nallur Colony College Road,Location,Incident|SocialMention,23.94,Medium,10.41,True,🔗 Cross-Verified,FIR|SocialMedia
440,PER-0267,Siva Selvam,Person,Associate|Callee|Caller|SocialMention|TransactionMobile,23.92,Medium,19.52,True,🔗 Quad-Verified,CDR|FIR|Financial|SocialMedia
441,PER-0292,Ezhilan Sundaram,Person,Callee|Caller|Complainant|Mentioned|TransactionMobile|Victim|Witness,23.87,Medium,10.8,True,🔗 Triple-Verified,CDR|FIR|Financial
442,LOC-0066,Iniyan Colony Apartment Complex,Location,Incident|SocialMention,23.86,Medium,10.2,True,🔗 Cross-Verified,FIR|SocialMedia
443,PER-0391,Mohan Velan,Person,Associate|Callee|Caller|SocialMention|TransactionMobile,23.81,Medium,10.07,True,🔗 Quad-Verified,CDR|FIR|Financial|SocialMedia
444,LOC-0074,Amudham Park Railway Station Road,Location,Incident|SocialMention,23.77,Medium,9.97,True,🔗 Cross-Verified,FIR|SocialMedia
445,LOC-0038,Nallur Puram Market Road,Location,Incident|SocialMention,23.71,Medium,10.39,True,🔗 Cross-Verified,FIR|SocialMedia
446,LOC-0020,Roja Layout Industrial Area,Location,Incident|SocialMention,23.62,Medium,9.56,True,🔗 Cross-Verified,FIR|SocialMedia
447,PER-0335,Jeeva Krishnan,Person,Callee|Caller|Complainant|Mentioned|TransactionMobile|Victim,23.61,Medium,18.7,True,🔗 Triple-Verified,CDR|FIR|Financial
448,LOC-0008,Kalai Layout Parking Area,Location,Incident|SocialMention,23.59,Medium,9.48,True,🔗 Cross-Verified,FIR|SocialMedia
449,LOC-0060,Ponni Nagar College Road,Location,Incident|SocialMention,23.57,Medium,9.44,True,🔗 Cross-Verified,FIR|SocialMedia
450,LOC-0073,Anbu Puram Apartment Complex,Location,Incident|SocialMention,23.54,Medium,9.94,True,🔗 Cross-Verified,FIR|SocialMedia
451,PER-0386,Bharathi Sri,Person,Complainant|Mentioned,23.48,Medium,18.34,False,📄 Single-Source,FIR
452,LOC-0046,Nila Puram Main Street,Location,Incident|SocialMention,23.44,Medium,9.67,True,🔗 Cross-Verified,FIR|SocialMedia
453,LOC-0024,Anbu Layout Bus Stand Area,Location,Incident|SocialMention,23.41,Medium,9.01,True,🔗 Cross-Verified,FIR|SocialMedia
454,PER-0336,Inban Palanisamy,Person,Callee|Caller|Complainant|Mentioned|TransactionMobile|Victim,23.41,Medium,18.15,True,🔗 Triple-Verified,CDR|FIR|Financial
455,LOC-0063,Vetri Colony Industrial Area,Location,Incident|SocialMention,23.4,Medium,9.57,True,🔗 Cross-Verified,FIR|SocialMedia
456,LOC-0049,Kaveri Park Bus Stand Area,Location,Incident|SocialMention,23.38,Medium,9.5,True,🔗 Cross-Verified,FIR|SocialMedia
457,ACC-0063,Syn-Acc-100088,Account,Financial|Receiver|Sender,23.36,Medium,31.71,True,🔗 Cross-Verified,FIR|Financial
458,LOC-0059,Anbu Colony Highway Junction,Location,Incident|SocialMention,23.36,Medium,8.89,True,🔗 Cross-Verified,FIR|SocialMedia
459,PER-0219,Kishore Krishnan,Person,Callee|Caller|Complainant|Mentioned|Victim,23.34,Medium,17.98,True,🔗 Cross-Verified,CDR|FIR
460,LOC-0061,Mangai Puram Railway Station Road,Location,Incident|SocialMention,23.31,Medium,8.75,True,🔗 Cross-Verified,FIR|SocialMedia
461,PER-0064,Ezhilan Palanisamy,Person,Callee|Caller|Witness,23.3,Medium,17.87,True,🔗 Cross-Verified,CDR|FIR
462,LOC-0078,Anbu Garden Apartment Complex,Location,Incident|SocialMention,23.29,Medium,8.7,True,🔗 Cross-Verified,FIR|SocialMedia
463,LOC-0056,Nila Park Industrial Area,Location,Incident|SocialMention,23.27,Medium,9.22,True,🔗 Cross-Verified,FIR|SocialMedia
464,LOC-0033,Thendral Nagar Atm Area,Location,Incident|SocialMention,23.23,Medium,9.11,True,🔗 Cross-Verified,FIR|SocialMedia
465,LOC-0057,Palar Layout Market Road,Location,Incident|SocialMention,23.21,Medium,9.06,True,🔗 Cross-Verified,FIR|SocialMedia
466,PER-0324,Malathi Devi,Person,Callee|Caller|Complainant|Mentioned|TransactionMobile|Victim,23.16,Medium,17.49,True,🔗 Triple-Verified,CDR|FIR|Financial
467,LOC-0017,Arasu Nagar Residential Colony,Location,Incident|SocialMention,23.14,Medium,8.87,True,🔗 Cross-Verified,FIR|SocialMedia
468,VEH-0010,Tn-39-Zz-1044,Vehicle,Car|SocialMention,23.11,Medium,8.8,True,🔗 Cross-Verified,FIR|SocialMedia
469,VEH-0039,Tn-38-Xx-1015,Vehicle,Car,23.08,Medium,8.71,False,📄 Single-Source,FIR
470,LOC-0079,Mangai Layout Shopping Complex,Location,Incident|SocialMention,23.06,Medium,8.08,True,🔗 Cross-Verified,FIR|SocialMedia
471,ACC-0467,Ext-Acc-264922,Account,Sender,23.05,Medium,8.06,False,📄 Single-Source,Financial
472,VEH-0018,Tn-45-Xx-1060,Vehicle,Motorcycle|SocialMention,23.05,Medium,8.06,True,🔗 Cross-Verified,FIR|SocialMedia
473,ACC-1190,Ext-Acc-203039,Account,Sender,23.04,Medium,8.05,False,📄 Single-Source,Financial
474,VEH-0004,Tn-33-Xx-1072,Vehicle,Car,23.04,Medium,8.04,False,📄 Single-Source,FIR
475,PER-0271,Kumaran Subramani,Person,Callee|Caller|Victim,23.04,Medium,17.18,True,🔗 Cross-Verified,CDR|FIR
476,LOC-0051,Kaveri Nagar Apartment Complex,Location,Incident|SocialMention,23.03,Medium,8.59,True,🔗 Cross-Verified,FIR|SocialMedia
477,ACC-0584,Ext-Acc-258783,Account,Sender,23.03,Medium,8.0,False,📄 Single-Source,Financial
478,ACC-1217,Ext-Acc-281448,Account,Sender,23.03,Medium,8.01,False,📄 Single-Source,Financial
479,VEH-0037,Tn-01-Zz-1053,Vehicle,Bus|SocialMention,23.02,Medium,7.98,True,🔗 Cross-Verified,FIR|SocialMedia
480,LOC-0036,Vaigai Nagar College Road,Location,Incident|SocialMention,23.02,Medium,8.55,True,🔗 Cross-Verified,FIR|SocialMedia
481,ACC-1247,Ext-Acc-277990,Account,Sender,23.02,Medium,7.98,False,📄 Single-Source,Financial
482,ACC-1073,Ext-Acc-264528,Account,Sender,23.02,Medium,7.98,False,📄 Single-Source,Financial
483,ACC-1368,Ext-Acc-247250,Account,Sender,23.02,Medium,7.98,False,📄 Single-Source,Financial
484,ACC-0729,Ext-Acc-277059,Account,Sender,23.01,Medium,7.95,False,📄 Single-Source,Financial
485,ACC-0389,Ext-Acc-236418,Account,Sender,23.01,Medium,7.97,False,📄 Single-Source,Financial
486,ACC-0750,Ext-Acc-227946,Account,Sender,23.01,Medium,7.96,False,📄 Single-Source,Financial
487,ACC-1351,Ext-Acc-229528,Account,Sender,23.01,Medium,7.97,False,📄 Single-Source,Financial
488,ACC-1219,Ext-Acc-275783,Account,Sender,23.0,Medium,7.94,False,📄 Single-Source,Financial
489,ACC-1436,Ext-Acc-201003,Account,Sender,23.0,Medium,7.92,False,📄 Single-Source,Financial
490,ACC-0638,Ext-Acc-290169,Account,Sender,23.0,Medium,7.92,False,📄 Single-Source,Financial
491,ACC-1266,Ext-Acc-247357,Account,Sender,23.0,Medium,7.94,False,📄 Single-Source,Financial
492,ACC-0093,Ext-Acc-255333,Account,Sender,23.0,Medium,7.92,False,📄 Single-Source,Financial
493,ACC-0425,Ext-Acc-298991,Account,Sender,22.99,Medium,7.91,False,📄 Single-Source,Financial
494,ACC-0408,Ext-Acc-222273,Account,Sender,22.99,Medium,7.9,False,📄 Single-Source,Financial
495,ACC-1153,Ext-Acc-270679,Account,Sender,22.99,Medium,7.91,False,📄 Single-Source,Financial
496,ACC-0804,Ext-Acc-259594,Account,Sender,22.99,Medium,7.91,False,📄 Single-Source,Financial
497,ACC-0228,Ext-Acc-236749,Account,Sender,22.99,Medium,7.91,False,📄 Single-Source,Financial
498,ACC-0599,Ext-Acc-209669,Account,Sender,22.98,Medium,7.87,False,📄 Single-Source,Financial
499,ACC-0988,Ext-Acc-265289,Account,Sender,22.98,Medium,7.89,False,📄 Single-Source,Financial
500,ACC-0565,Ext-Acc-268506,Account,Sender,22.98,Medium,7.89,False,📄 Single-Source,Financial
501,ACC-0349,Ext-Acc-257503,Account,Sender,22.98,Medium,7.88,False,📄 Single-Source,Financial
502,ACC-0166,Ext-Acc-274228,Account,Sender,22.98,Medium,7.89,False,📄 Single-Source,Financial
503,ACC-0615,Ext-Acc-285054,Account,Sender,22.98,Medium,7.87,False,📄 Single-Source,Financial
504,ACC-1420,Ext-Acc-287464,Account,Sender,22.98,Medium,7.88,False,📄 Single-Source,Financial
505,ACC-1349,Ext-Acc-299931,Account,Sender,22.98,Medium,7.89,False,📄 Single-Source,Financial
506,ACC-0244,Ext-Acc-299615,Account,Sender,22.97,Medium,7.86,False,📄 Single-Source,Financial
507,ACC-1086,Ext-Acc-296309,Account,Sender,22.97,Medium,7.84,False,📄 Single-Source,Financial
508,ACC-0159,Ext-Acc-214408,Account,Sender,22.97,Medium,7.86,False,📄 Single-Source,Financial
509,ACC-0950,Ext-Acc-256344,Account,Sender,22.97,Medium,7.86,False,📄 Single-Source,Financial
510,ACC-0666,Ext-Acc-211211,Account,Sender,22.97,Medium,7.84,False,📄 Single-Source,Financial
511,ACC-0197,Ext-Acc-295069,Account,Sender,22.97,Medium,7.84,False,📄 Single-Source,Financial
512,ACC-0818,Ext-Acc-258538,Account,Sender,22.96,Medium,7.82,False,📄 Single-Source,Financial
513,ACC-0282,Ext-Acc-266207,Account,Sender,22.96,Medium,7.83,False,📄 Single-Source,Financial
514,ACC-1020,Ext-Acc-278602,Account,Sender,22.96,Medium,7.82,False,📄 Single-Source,Financial
515,ACC-0683,Ext-Acc-256431,Account,Sender,22.95,Medium,7.8,False,📄 Single-Source,Financial
516,ACC-0962,Ext-Acc-209535,Account,Sender,22.95,Medium,7.81,False,📄 Single-Source,Financial
517,ACC-0725,Ext-Acc-231994,Account,Sender,22.95,Medium,7.79,False,📄 Single-Source,Financial
518,ACC-0641,Ext-Acc-238097,Account,Sender,22.95,Medium,7.79,False,📄 Single-Source,Financial
519,ACC-1138,Ext-Acc-298099,Account,Sender,22.94,Medium,7.77,False,📄 Single-Source,Financial
520,PER-0254,Tamilarasan Selvam,Person,Associate|Callee|Caller|SocialMention|TransactionMobile|Witness,22.93,Medium,16.88,True,🔗 Quad-Verified,CDR|FIR|Financial|SocialMedia
521,ACC-1396,Ext-Acc-249669,Account,Sender,22.93,Medium,7.75,False,📄 Single-Source,Financial
522,ACC-0802,Ext-Acc-240850,Account,Sender,22.91,Medium,7.69,False,📄 Single-Source,Financial
523,ACC-0247,Ext-Acc-289037,Account,Sender,22.9,Medium,7.68,False,📄 Single-Source,Financial
524,ACC-0612,Ext-Acc-297365,Account,Sender,22.9,Medium,7.67,False,📄 Single-Source,Financial
525,ACC-0929,Ext-Acc-215118,Account,Sender,22.87,Medium,7.58,False,📄 Single-Source,Financial
526,VEH-0021,Tn-33-Zz-1029,Vehicle,SocialMention|Van,22.87,Medium,7.6,True,🔗 Cross-Verified,FIR|SocialMedia
527,ACC-0458,Ext-Acc-290835,Account,Sender,22.87,Medium,7.59,False,📄 Single-Source,Financial
528,ACC-0843,Ext-Acc-285220,Account,Sender,22.87,Medium,7.58,False,📄 Single-Source,Financial
529,ACC-1278,Ext-Acc-220937,Account,Sender,22.86,Medium,7.56,False,📄 Single-Source,Financial
530,ACC-1123,Ext-Acc-213977,Account,Sender,22.84,Medium,8.07,False,📄 Single-Source,Financial
531,ACC-1373,Ext-Acc-223488,Account,Sender,22.84,Medium,7.5,False,📄 Single-Source,Financial
532,LOC-0018,Sevvanthi Layout Residential Colony,Location,Incident|SocialMention,22.84,Medium,7.51,True,🔗 Cross-Verified,FIR|SocialMedia
533,ACC-0219,Ext-Acc-215376,Account,Sender,22.83,Medium,7.49,False,📄 Single-Source,Financial
534,VEH-0030,Tn-38-Yy-1082,Vehicle,Motorcycle|SocialMention,22.83,Medium,7.49,True,🔗 Cross-Verified,FIR|SocialMedia
535,ACC-1451,Ext-Acc-245545,Account,Sender,22.83,Medium,8.06,False,📄 Single-Source,Financial
536,VEH-0003,Tn-38-Xx-1054,Vehicle,SocialMention|Truck,22.82,Medium,7.46,True,🔗 Cross-Verified,FIR|SocialMedia
537,ACC-0539,Ext-Acc-285315,Account,Sender,22.82,Medium,8.03,False,📄 Single-Source,Financial
538,LOC-0065,Oviya Puram Parking Area,Location,Incident|SocialMention,22.82,Medium,7.45,True,🔗 Cross-Verified,FIR|SocialMedia
539,ACC-1427,Ext-Acc-238296,Account,Sender,22.81,Medium,7.42,False,📄 Single-Source,Financial
540,ACC-0397,Ext-Acc-234690,Account,Sender,22.81,Medium,8.0,False,📄 Single-Source,Financial
541,ACC-1031,Ext-Acc-291057,Account,Sender,22.81,Medium,7.99,False,📄 Single-Source,Financial
542,VEH-0011,Tn-45-Zz-1074,Vehicle,Auto|SocialMention,22.81,Medium,7.44,True,🔗 Cross-Verified,FIR|SocialMedia
543,ACC-0249,Ext-Acc-252129,Account,Sender,22.8,Medium,7.98,False,📄 Single-Source,Financial
544,ACC-0345,Ext-Acc-227321,Account,Sender,22.8,Medium,7.41,False,📄 Single-Source,Financial
545,ACC-1194,Ext-Acc-230991,Account,Sender,22.8,Medium,7.98,False,📄 Single-Source,Financial
546,ACC-0878,Ext-Acc-247785,Account,Sender,22.8,Medium,7.98,False,📄 Single-Source,Financial
547,VEH-0005,Tn-38-Zz-1071,Vehicle,SocialMention|Van,22.8,Medium,7.98,True,🔗 Cross-Verified,FIR|SocialMedia
548,ACC-1093,Ext-Acc-296841,Account,Sender,22.8,Medium,7.97,False,📄 Single-Source,Financial
549,ACC-1339,Ext-Acc-276608,Account,Sender,22.79,Medium,7.95,False,📄 Single-Source,Financial
550,ACC-0917,Ext-Acc-272597,Account,Sender,22.79,Medium,7.95,False,📄 Single-Source,Financial
551,ACC-0674,Ext-Acc-285093,Account,Sender,22.79,Medium,7.94,False,📄 Single-Source,Financial
552,ACC-0181,Ext-Acc-250678,Account,Sender,22.79,Medium,7.96,False,📄 Single-Source,Financial
553,ACC-0527,Ext-Acc-213473,Account,Sender,22.79,Medium,7.96,False,📄 Single-Source,Financial
554,ACC-1286,Ext-Acc-253444,Account,Sender,22.79,Medium,7.95,False,📄 Single-Source,Financial
555,VEH-0020,Tn-38-Yy-1022,Vehicle,Motorcycle|SocialMention,22.79,Medium,7.38,True,🔗 Cross-Verified,FIR|SocialMedia
556,ACC-0589,Ext-Acc-298683,Account,Sender,22.78,Medium,7.34,False,📄 Single-Source,Financial
557,ACC-1441,Ext-Acc-253309,Account,Sender,22.78,Medium,7.92,False,📄 Single-Source,Financial
558,ACC-0995,Ext-Acc-267027,Account,Sender,22.78,Medium,7.92,False,📄 Single-Source,Financial
559,VEH-0064,Tn-58-Zz-1035,Vehicle,Bus|SocialMention,22.78,Medium,7.92,True,🔗 Cross-Verified,FIR|SocialMedia
560,ACC-1122,Ext-Acc-262774,Account,Sender,22.78,Medium,7.93,False,📄 Single-Source,Financial
561,ACC-1167,Ext-Acc-230377,Account,Sender,22.78,Medium,7.93,False,📄 Single-Source,Financial
562,ACC-1453,Ext-Acc-232048,Account,Sender,22.78,Medium,7.93,False,📄 Single-Source,Financial
563,ACC-1236,Ext-Acc-218850,Account,Sender,22.77,Medium,7.91,False,📄 Single-Source,Financial
564,ACC-0097,Ext-Acc-209880,Account,Sender,22.77,Medium,7.91,False,📄 Single-Source,Financial
565,ACC-0564,Ext-Acc-200697,Account,Sender,22.77,Medium,7.91,False,📄 Single-Source,Financial
566,ACC-0574,Ext-Acc-229984,Account,Sender,22.77,Medium,7.89,False,📄 Single-Source,Financial
567,ACC-1206,Ext-Acc-279588,Account,Sender,22.77,Medium,7.9,False,📄 Single-Source,Financial
568,ACC-0970,Ext-Acc-254982,Account,Sender,22.77,Medium,7.89,False,📄 Single-Source,Financial
569,VEH-0023,Tn-28-Zz-1077,Vehicle,Auto|SocialMention,22.77,Medium,7.33,True,🔗 Cross-Verified,FIR|SocialMedia
570,ACC-0276,Ext-Acc-254870,Account,Sender,22.77,Medium,7.89,False,📄 Single-Source,Financial
571,ACC-0980,Ext-Acc-296606,Account,Sender,22.76,Medium,7.88,False,📄 Single-Source,Financial
572,ACC-0762,Ext-Acc-220002,Account,Sender,22.76,Medium,7.88,False,📄 Single-Source,Financial
573,ACC-0338,Ext-Acc-216389,Account,Sender,22.76,Medium,7.88,False,📄 Single-Source,Financial
574,ACC-0925,Ext-Acc-255096,Account,Sender,22.76,Medium,7.87,False,📄 Single-Source,Financial
575,ACC-0920,Ext-Acc-271901,Account,Sender,22.76,Medium,7.87,False,📄 Single-Source,Financial
576,ACC-1023,Ext-Acc-247358,Account,Sender,22.76,Medium,7.87,False,📄 Single-Source,Financial
577,ACC-0193,Ext-Acc-275718,Account,Sender,22.76,Medium,7.86,False,📄 Single-Source,Financial
578,ACC-1290,Ext-Acc-286274,Account,Sender,22.75,Medium,7.85,False,📄 Single-Source,Financial
579,ACC-0355,Ext-Acc-292084,Account,Sender,22.75,Medium,7.84,False,📄 Single-Source,Financial
580,ACC-0284,Ext-Acc-267276,Account,Sender,22.75,Medium,7.85,False,📄 Single-Source,Financial
581,ACC-0543,Ext-Acc-200841,Account,Sender,22.75,Medium,7.85,False,📄 Single-Source,Financial
582,ACC-0453,Ext-Acc-284817,Account,Sender,22.75,Medium,7.84,False,📄 Single-Source,Financial
583,ACC-0218,Ext-Acc-273044,Account,Sender,22.75,Medium,7.84,False,📄 Single-Source,Financial
584,ACC-0782,Ext-Acc-263871,Account,Sender,22.74,Medium,7.82,False,📄 Single-Source,Financial
585,ACC-0621,Ext-Acc-245453,Account,Sender,22.74,Medium,7.82,False,📄 Single-Source,Financial
586,ACC-1350,Ext-Acc-286684,Account,Sender,22.74,Medium,7.83,False,📄 Single-Source,Financial
587,ACC-0953,Ext-Acc-241116,Account,Sender,22.74,Medium,7.83,False,📄 Single-Source,Financial
588,ACC-0684,Ext-Acc-298758,Account,Sender,22.74,Medium,7.81,False,📄 Single-Source,Financial
589,ACC-1408,Ext-Acc-248661,Account,Sender,22.74,Medium,7.83,False,📄 Single-Source,Financial
590,ACC-0266,Ext-Acc-241688,Account,Sender,22.74,Medium,7.81,False,📄 Single-Source,Financial
591,ACC-0262,Ext-Acc-272465,Account,Sender,22.74,Medium,7.82,False,📄 Single-Source,Financial
592,ACC-1233,Ext-Acc-265962,Account,Sender,22.74,Medium,7.83,False,📄 Single-Source,Financial
593,ACC-0498,Ext-Acc-216353,Account,Sender,22.74,Medium,7.83,False,📄 Single-Source,Financial
594,ACC-0675,Ext-Acc-279574,Account,Sender,22.74,Medium,7.81,False,📄 Single-Source,Financial
595,ACC-0357,Ext-Acc-241307,Account,Sender,22.73,Medium,7.79,False,📄 Single-Source,Financial
596,ACC-0659,Ext-Acc-350342,Account,Receiver,22.73,Medium,6.44,False,📄 Single-Source,Financial
597,ACC-1226,Ext-Acc-218617,Account,Sender,22.73,Medium,7.78,False,📄 Single-Source,Financial
598,ACC-0496,Ext-Acc-243051,Account,Sender,22.73,Medium,7.78,False,📄 Single-Source,Financial
599,ACC-0152,Ext-Acc-211813,Account,Sender,22.73,Medium,7.79,False,📄 Single-Source,Financial
600,ACC-0862,Ext-Acc-217991,Account,Sender,22.73,Medium,7.23,False,📄 Single-Source,Financial
601,ACC-0327,Ext-Acc-266107,Account,Sender,22.73,Medium,7.78,False,📄 Single-Source,Financial
602,ACC-0511,Ext-Acc-349055,Account,Receiver,22.73,Medium,6.44,False,📄 Single-Source,Financial
603,ACC-1378,Ext-Acc-212531,Account,Sender,22.73,Medium,7.8,False,📄 Single-Source,Financial
604,ACC-0717,Ext-Acc-237118,Account,Sender,22.73,Medium,7.8,False,📄 Single-Source,Financial
605,ACC-0730,Ext-Acc-227608,Account,Sender,22.72,Medium,7.77,False,📄 Single-Source,Financial
606,ACC-0557,Ext-Acc-282178,Account,Sender,22.72,Medium,7.76,False,📄 Single-Source,Financial
607,ACC-0358,Ext-Acc-233303,Account,Sender,22.72,Medium,7.19,False,📄 Single-Source,Financial
608,ACC-1097,Ext-Acc-247798,Account,Sender,22.72,Medium,7.77,False,📄 Single-Source,Financial
609,ACC-0352,Ext-Acc-250789,Account,Sender,22.72,Medium,7.19,False,📄 Single-Source,Financial
610,ACC-0205,Ext-Acc-299078,Account,Sender,22.71,Medium,7.73,False,📄 Single-Source,Financial
611,ACC-0651,Ext-Acc-203463,Account,Sender,22.71,Medium,7.75,False,📄 Single-Source,Financial
612,ACC-0373,Ext-Acc-234034,Account,Sender,22.71,Medium,7.75,False,📄 Single-Source,Financial
613,ACC-0322,Ext-Acc-247349,Account,Sender,22.71,Medium,7.17,False,📄 Single-Source,Financial
614,ACC-0252,Ext-Acc-215806,Account,Sender,22.7,Medium,7.71,False,📄 Single-Source,Financial
615,ACC-1252,Ext-Acc-238606,Account,Sender,22.7,Medium,7.7,False,📄 Single-Source,Financial
616,ACC-0846,Ext-Acc-284602,Account,Sender,22.7,Medium,7.14,False,📄 Single-Source,Financial
617,ACC-0509,Ext-Acc-216575,Account,Sender,22.69,Medium,7.68,False,📄 Single-Source,Financial
618,ACC-0154,Ext-Acc-252089,Account,Sender,22.68,Medium,7.66,False,📄 Single-Source,Financial
619,ACC-0470,Ext-Acc-258361,Account,Sender,22.67,Medium,7.62,False,📄 Single-Source,Financial
620,ACC-0099,Ext-Acc-275914,Account,Sender,22.67,Medium,7.62,False,📄 Single-Source,Financial
621,ACC-0686,Ext-Acc-293880,Account,Sender,22.67,Medium,7.62,False,📄 Single-Source,Financial
622,PER-0049,Madhan Kumar,Person,Callee|Caller|Victim|Witness,22.66,Medium,16.17,True,🔗 Cross-Verified,CDR|FIR
623,ACC-0144,Ext-Acc-249808,Account,Sender,22.65,Medium,7.57,False,📄 Single-Source,Financial
624,ACC-1009,Ext-Acc-258796,Account,Sender,22.65,Medium,7.58,False,📄 Single-Source,Financial
625,PER-0362,Indhu Rani,Person,Callee|Caller|Witness,22.65,Medium,7.59,True,🔗 Cross-Verified,CDR|FIR
626,ACC-0879,Ext-Acc-236505,Account,Sender,22.64,Medium,7.56,False,📄 Single-Source,Financial
627,ACC-1276,Ext-Acc-291025,Account,Sender,22.62,Medium,7.51,False,📄 Single-Source,Financial
628,VEH-0040,Tn-68-Yy-1088,Vehicle,Scooter|SocialMention,22.62,Medium,7.51,True,🔗 Cross-Verified,FIR|SocialMedia
629,ACC-0648,Ext-Acc-265797,Account,Sender,22.61,Medium,7.48,False,📄 Single-Source,Financial
630,ACC-0190,Ext-Acc-268903,Account,Sender,22.61,Medium,7.47,False,📄 Single-Source,Financial
631,LOC-0009,Amudham Puram Apartment Complex,Location,Incident|SocialMention,22.6,Medium,7.44,True,🔗 Cross-Verified,FIR|SocialMedia
632,ACC-1202,Ext-Acc-219958,Account,Sender,22.6,Medium,7.44,False,📄 Single-Source,Financial
633,ACC-0399,Ext-Acc-263185,Account,Sender,22.59,Medium,7.42,False,📄 Single-Source,Financial
634,ACC-0660,Ext-Acc-279499,Account,Sender,22.58,Medium,7.4,False,📄 Single-Source,Financial
635,VEH-0065,Tn-38-Zz-1005,Vehicle,Motorcycle|SocialMention,22.57,Medium,6.8,True,🔗 Cross-Verified,FIR|SocialMedia
636,VEH-0035,Tn-23-Zz-1086,Vehicle,Motorcycle|SocialMention,22.57,Medium,6.79,True,🔗 Cross-Verified,FIR|SocialMedia
637,VEH-0014,Tn-45-Xx-1036,Vehicle,Scooter|SocialMention,22.57,Medium,7.37,True,🔗 Cross-Verified,FIR|SocialMedia
638,ACC-0978,Ext-Acc-217187,Account,Sender,22.56,Medium,7.34,False,📄 Single-Source,Financial
639,LOC-0080,Mynthan Nagar Apartment Complex,Location,Incident|SocialMention,22.56,Medium,6.77,True,🔗 Cross-Verified,FIR|SocialMedia
640,LOC-0004,Sevvanthi Park Shopping Complex,Location,Incident|SocialMention,22.55,Medium,15.89,True,🔗 Cross-Verified,FIR|SocialMedia
641,ACC-1260,Ext-Acc-207492,Account,Sender,22.55,Medium,7.31,False,📄 Single-Source,Financial
642,ACC-0785,Ext-Acc-246748,Account,Sender,22.54,Medium,7.28,False,📄 Single-Source,Financial
643,ACC-0513,Ext-Acc-249034,Account,Sender,22.54,Medium,7.29,False,📄 Single-Source,Financial
644,VEH-0033,Kl-07-Zz-1011,Vehicle,Car|SocialMention,22.54,Medium,7.3,True,🔗 Cross-Verified,FIR|SocialMedia
645,ACC-0671,Ext-Acc-249114,Account,Sender,22.54,Medium,7.28,False,📄 Single-Source,Financial
646,VEH-0025,Kl-07-Xx-1012,Vehicle,Car|SocialMention,22.53,Medium,7.27,True,🔗 Cross-Verified,FIR|SocialMedia
647,VEH-0012,Tn-45-Zz-1062,Vehicle,Bus|SocialMention,22.53,Medium,6.7,True,🔗 Cross-Verified,FIR|SocialMedia
648,VEH-0022,Tn-38-Yy-1028,Vehicle,Car|SocialMention,22.53,Medium,6.69,True,🔗 Cross-Verified,FIR|SocialMedia
649,ACC-0784,Ext-Acc-256685,Account,Sender,22.53,Medium,7.25,False,📄 Single-Source,Financial
650,ACC-0090,Ext-Acc-213238,Account,Sender,22.53,Medium,7.27,False,📄 Single-Source,Financial
651,ACC-1116,Ext-Acc-269522,Account,Sender,22.53,Medium,7.27,False,📄 Single-Source,Financial
652,LOC-0031,Iniyan Layout Parking Area,Location,Incident|SocialMention,22.53,Medium,6.68,True,🔗 Cross-Verified,FIR|SocialMedia
653,VEH-0007,Tn-68-Xx-1018,Vehicle,Motorcycle|SocialMention,22.52,Medium,6.67,True,🔗 Cross-Verified,FIR|SocialMedia
654,VEH-0079,Tn-30-Yy-1052,Vehicle,Scooter|SocialMention,22.52,Medium,6.65,True,🔗 Cross-Verified,FIR|SocialMedia
655,VEH-0006,Kl-07-Yy-1055,Vehicle,SocialMention|Truck,22.52,Medium,6.67,True,🔗 Cross-Verified,FIR|SocialMedia
656,VEH-0066,Tn-01-Zz-1047,Vehicle,Motorcycle|SocialMention,22.52,Medium,6.65,True,🔗 Cross-Verified,FIR|SocialMedia
657,ACC-1437,Ext-Acc-262274,Account,Sender,22.52,Medium,7.23,False,📄 Single-Source,Financial
658,ACC-0655,Ext-Acc-317878,Account,Receiver,22.52,Medium,6.66,False,📄 Single-Source,Financial
659,VEH-0036,Tn-39-Yy-1016,Vehicle,SocialMention|Van,22.5,Medium,6.6,True,🔗 Cross-Verified,FIR|SocialMedia
660,ACC-0601,Ext-Acc-305987,Account,Receiver,22.49,Medium,6.59,False,📄 Single-Source,Financial
661,ACC-0919,Ext-Acc-313525,Account,Receiver,22.49,Medium,6.59,False,📄 Single-Source,Financial
662,ACC-0861,Ext-Acc-319079,Account,Receiver,22.49,Medium,6.59,False,📄 Single-Source,Financial
663,VEH-0069,Tn-72-Zz-1050,Vehicle,Auto|SocialMention,22.47,Medium,6.52,True,🔗 Cross-Verified,FIR|SocialMedia
664,PER-0046,Lokesh Balan,Person,Associate|Callee|Caller|SocialMention|TransactionMobile,22.43,Medium,15.58,True,🔗 Quad-Verified,CDR|FIR|Financial|SocialMedia
665,ACC-0307,Ext-Acc-337567,Account,Receiver,22.39,Medium,6.31,False,📄 Single-Source,Financial
666,VEH-0045,Tn-39-Yy-1091,Vehicle,Auto|SocialMention,22.38,Medium,6.87,True,🔗 Cross-Verified,FIR|SocialMedia
667,VEH-0077,Tn-57-Yy-1097,Vehicle,Car|SocialMention,22.38,Medium,6.87,True,🔗 Cross-Verified,FIR|SocialMedia
668,VEH-0026,Tn-30-Yy-1079,Vehicle,Car|SocialMention,22.34,Medium,6.76,True,🔗 Cross-Verified,FIR|SocialMedia
669,PER-0288,Kumaran Murugan,Person,Associate|Callee|Caller|SocialMention|TransactionMobile,22.31,Medium,15.25,True,🔗 Quad-Verified,CDR|FIR|Financial|SocialMedia
670,VEH-0002,Tn-38-Yy-1073,Vehicle,Auto|SocialMention,22.31,Medium,6.69,True,🔗 Cross-Verified,FIR|SocialMedia
671,VEH-0076,Tn-39-Xx-1096,Vehicle,Motorcycle,22.3,Medium,6.66,False,📄 Single-Source,FIR
672,VEH-0070,Tn-68-Zz-1032,Vehicle,Auto|SocialMention,22.24,Medium,6.5,True,🔗 Cross-Verified,FIR|SocialMedia
673,LOC-0032,Sindhu Colony College Road,Location,Incident|SocialMention,22.21,Medium,14.99,True,🔗 Cross-Verified,FIR|SocialMedia
674,VEH-0029,Tn-45-Xx-1081,Vehicle,Motorcycle|SocialMention,22.21,Medium,6.42,True,🔗 Cross-Verified,FIR|SocialMedia
675,ACC-0386,Ext-Acc-317796,Account,Receiver,22.18,Medium,6.56,False,📄 Single-Source,Financial
676,ACC-0734,Ext-Acc-399844,Account,Receiver,22.18,Medium,6.55,False,📄 Single-Source,Financial
677,ACC-0805,Ext-Acc-371824,Account,Receiver,22.17,Medium,5.75,False,📄 Single-Source,Financial
678,ACC-0566,Ext-Acc-346152,Account,Receiver,22.17,Medium,5.73,False,📄 Single-Source,Financial
679,ACC-1218,Ext-Acc-353578,Account,Receiver,22.17,Medium,5.75,False,📄 Single-Source,Financial
680,ACC-1352,Ext-Acc-325035,Account,Receiver,22.17,Medium,5.74,False,📄 Single-Source,Financial
681,ACC-0229,Ext-Acc-373860,Account,Receiver,22.15,Medium,5.69,False,📄 Single-Source,Financial
682,ACC-0167,Ext-Acc-309120,Account,Receiver,22.15,Medium,5.69,False,📄 Single-Source,Financial
683,ACC-0426,Ext-Acc-326117,Account,Receiver,22.15,Medium,5.68,False,📄 Single-Source,Financial
684,ACC-1421,Ext-Acc-350834,Account,Receiver,22.14,Medium,5.66,False,📄 Single-Source,Financial
685,ACC-0909,Ext-Acc-398605,Account,Receiver,22.14,Medium,5.66,False,📄 Single-Source,Financial
686,ACC-0642,Ext-Acc-368848,Account,Receiver,22.14,Medium,5.66,False,📄 Single-Source,Financial
687,ACC-0160,Ext-Acc-303379,Account,Receiver,22.14,Medium,5.65,False,📄 Single-Source,Financial
688,ACC-0245,Ext-Acc-371611,Account,Receiver,22.14,Medium,5.65,False,📄 Single-Source,Financial
689,ACC-0616,Ext-Acc-354270,Account,Receiver,22.14,Medium,5.65,False,📄 Single-Source,Financial
690,ACC-0667,Ext-Acc-371146,Account,Receiver,22.14,Medium,5.66,False,📄 Single-Source,Financial
691,ACC-0726,Ext-Acc-396034,Account,Receiver,22.13,Medium,5.64,False,📄 Single-Source,Financial
692,ACC-0198,Ext-Acc-382478,Account,Receiver,22.13,Medium,5.64,False,📄 Single-Source,Financial
693,ACC-0350,Ext-Acc-302798,Account,Receiver,22.13,Medium,5.64,False,📄 Single-Source,Financial
694,ACC-0963,Ext-Acc-318185,Account,Receiver,22.12,Medium,5.61,False,📄 Single-Source,Financial
695,ACC-0248,Ext-Acc-317771,Account,Receiver,22.11,Medium,5.58,False,📄 Single-Source,Financial
696,ACC-0821,Ext-Acc-348492,Account,Receiver,22.11,Medium,6.36,False,📄 Single-Source,Financial
697,ACC-1393,Ext-Acc-327463,Account,Receiver,22.1,Medium,6.35,False,📄 Single-Source,Financial
698,ACC-1240,Ext-Acc-259058,Account,Sender,22.1,Medium,6.35,False,📄 Single-Source,Financial
699,ACC-0803,Ext-Acc-314126,Account,Receiver,22.1,Medium,5.54,False,📄 Single-Source,Financial
700,ACC-0613,Ext-Acc-396092,Account,Receiver,22.09,Medium,5.52,False,📄 Single-Source,Financial
701,ACC-0930,Ext-Acc-316617,Account,Receiver,22.07,Medium,5.47,False,📄 Single-Source,Financial
702,ACC-0220,Ext-Acc-398871,Account,Receiver,22.05,Medium,5.41,False,📄 Single-Source,Financial
703,ACC-1374,Ext-Acc-325713,Account,Receiver,22.04,Medium,5.4,False,📄 Single-Source,Financial
704,ACC-1452,Ext-Acc-328873,Account,Receiver,21.99,Medium,5.83,False,📄 Single-Source,Financial
705,ACC-1032,Ext-Acc-365989,Account,Receiver,21.95,Medium,5.73,False,📄 Single-Source,Financial
706,ACC-1340,Ext-Acc-399780,Account,Receiver,21.94,Medium,5.7,False,📄 Single-Source,Financial
707,ACC-0339,Ext-Acc-386772,Account,Receiver,21.94,Medium,5.71,False,📄 Single-Source,Financial
708,ACC-1291,Ext-Acc-352284,Account,Receiver,21.94,Medium,5.69,False,📄 Single-Source,Financial
709,ACC-0277,Ext-Acc-390055,Account,Receiver,21.93,Medium,5.68,False,📄 Single-Source,Financial
710,ACC-0194,Ext-Acc-324881,Account,Receiver,21.92,Medium,5.64,False,📄 Single-Source,Financial
711,ACC-0544,Ext-Acc-364451,Account,Receiver,21.92,Medium,5.65,False,📄 Single-Source,Financial
712,ACC-0718,Ext-Acc-395731,Account,Receiver,21.92,Medium,5.66,False,📄 Single-Source,Financial
713,ACC-0356,Ext-Acc-313644,Account,Receiver,21.91,Medium,5.63,False,📄 Single-Source,Financial
714,ACC-0263,Ext-Acc-393588,Account,Receiver,21.91,Medium,5.61,False,📄 Single-Source,Financial
715,ACC-0783,Ext-Acc-329443,Account,Receiver,21.91,Medium,5.62,False,📄 Single-Source,Financial
716,ACC-1253,Ext-Acc-351657,Account,Receiver,21.91,Medium,5.63,False,📄 Single-Source,Financial
717,ACC-1379,Ext-Acc-396883,Account,Receiver,21.9,Medium,5.59,False,📄 Single-Source,Financial
718,ACC-0153,Ext-Acc-342823,Account,Receiver,21.9,Medium,5.59,False,📄 Single-Source,Financial
719,ACC-1234,Ext-Acc-392494,Account,Receiver,21.9,Medium,5.6,False,📄 Single-Source,Financial
720,ACC-0328,Ext-Acc-319603,Account,Receiver,21.9,Medium,5.6,False,📄 Single-Source,Financial
721,ACC-0558,Ext-Acc-332112,Account,Receiver,21.89,Medium,5.58,False,📄 Single-Source,Financial
722,ACC-0652,Ext-Acc-355170,Account,Receiver,21.89,Medium,5.57,False,📄 Single-Source,Financial
723,ACC-0206,Ext-Acc-342096,Account,Receiver,21.89,Medium,5.57,False,📄 Single-Source,Financial
724,ACC-0253,Ext-Acc-355353,Account,Receiver,21.88,Medium,5.54,False,📄 Single-Source,Financial
725,ACC-0155,Ext-Acc-373048,Account,Receiver,21.88,Medium,5.54,False,📄 Single-Source,Financial
726,ACC-0510,Ext-Acc-376556,Account,Receiver,21.87,Medium,5.52,False,📄 Single-Source,Financial
727,ACC-0471,Ext-Acc-361799,Account,Receiver,21.86,Medium,5.48,False,📄 Single-Source,Financial
728,ACC-0687,Ext-Acc-315720,Account,Receiver,21.86,Medium,5.48,False,📄 Single-Source,Financial
729,ACC-0100,Ext-Acc-307989,Account,Receiver,21.86,Medium,5.49,False,📄 Single-Source,Financial
730,ACC-0145,Ext-Acc-382155,Account,Receiver,21.86,Medium,5.49,False,📄 Single-Source,Financial
731,ACC-0880,Ext-Acc-324382,Account,Receiver,21.84,Medium,5.45,False,📄 Single-Source,Financial
732,ACC-1010,Ext-Acc-314674,Account,Receiver,21.84,Medium,5.45,False,📄 Single-Source,Financial
733,ACC-0649,Ext-Acc-373498,Account,Receiver,21.83,Medium,5.4,False,📄 Single-Source,Financial
734,ACC-1203,Ext-Acc-318201,Account,Receiver,21.81,Medium,5.37,False,📄 Single-Source,Financial
735,PER-0053,Janani Krishnan,Person,Callee|Caller|Witness,21.67,Medium,13.55,True,🔗 Cross-Verified,CDR|FIR
736,LOC-0067,Vetri Layout Industrial Area,Location,Incident|SocialMention,21.63,Medium,13.44,True,🔗 Cross-Verified,FIR|SocialMedia
737,ACC-0023,Syn-Acc-100052,Account,Financial|Receiver|Sender,21.47,Medium,27.12,True,🔗 Cross-Verified,FIR|Financial
738,PER-0280,Sanjay Gopal,Person,Callee|Caller|SocialMention|Suspect|TransactionMobile,21.44,Medium,18.23,True,🔗 Quad-Verified,CDR|FIR|Financial|SocialMedia
739,ACC-0057,Syn-Acc-100041,Account,Financial|Receiver|Sender,21.37,Medium,26.45,True,🔗 Cross-Verified,FIR|Financial
740,ACC-0019,Syn-Acc-100025,Account,Financial|Receiver|Sender,21.34,Medium,26.37,True,🔗 Cross-Verified,FIR|Financial
741,LOC-0007,Mullai Park Shopping Complex,Location,Incident|SocialMention,21.33,Low,12.67,True,🔗 Cross-Verified,FIR|SocialMedia
742,ACC-0056,Syn-Acc-100007,Account,Financial|Receiver|Sender,21.2,Low,25.98,True,🔗 Cross-Verified,FIR|Financial
743,LOC-0044,Vennila Puram Shopping Complex,Location,Incident|SocialMention,21.19,Low,12.3,True,🔗 Cross-Verified,FIR|SocialMedia
744,PER-0211,Nithya Selvi,Person,Callee|Caller|Victim,21.11,Low,12.09,True,🔗 Cross-Verified,CDR|FIR
745,LOC-0042,Oviya Colony Railway Station Road,Location,Incident|SocialMention,21.07,Low,11.96,True,🔗 Cross-Verified,FIR|SocialMedia
746,MOB-0090,9000000312,Mobile,Mentioned,20.98,Low,11.74,False,📄 Single-Source,FIR
747,LOC-0037,Sevvanthi Colony Bus Stand Area,Location,Incident|SocialMention,20.98,Low,11.74,True,🔗 Cross-Verified,FIR|SocialMedia
748,LOC-0026,Nila Nagar Bus Stand Area,Location,Incident|SocialMention,20.86,Low,11.41,True,🔗 Cross-Verified,FIR|SocialMedia
749,PER-0369,Hemanth Arumugam,Person,Callee|Caller|SocialMention|Suspect|TransactionMobile,20.73,Low,16.34,True,🔗 Quad-Verified,CDR|FIR|Financial|SocialMedia
750,PER-0057,Abirami Krishnan,Person,Callee|Caller|SocialMention|Suspect|TransactionMobile,20.71,Low,16.3,True,🔗 Quad-Verified,CDR|FIR|Financial|SocialMedia
751,PER-0158,Divya Kumari,Person,Callee|Caller|Victim,20.69,Low,10.98,True,🔗 Cross-Verified,CDR|FIR
752,ACC-0077,Syn-Acc-100067,Account,Financial|Receiver|Sender,20.68,Low,24.61,True,🔗 Cross-Verified,FIR|Financial
753,LOC-0076,Vetri Nagar Shopping Complex,Location,Incident|SocialMention,20.51,Low,10.48,True,🔗 Cross-Verified,FIR|SocialMedia
754,PER-0341,Madhan Nathan,Person,Callee|Caller|Complainant|Mentioned|TransactionMobile|Victim,20.41,Low,24.32,True,🔗 Triple-Verified,CDR|FIR|Financial
755,PER-0314,Gopal Natarajan,Person,Callee|Caller|SocialMention|Suspect|TransactionMobile,20.41,Low,15.5,True,🔗 Quad-Verified,CDR|FIR|Financial|SocialMedia
756,ACC-0058,Syn-Acc-100005,Account,Financial|Receiver|Sender,20.37,Low,23.79,True,🔗 Cross-Verified,FIR|Financial
757,LOC-0064,Alli Park Shopping Complex,Location,Incident|SocialMention,20.34,Low,10.04,True,🔗 Cross-Verified,FIR|SocialMedia
758,LOC-0027,Nila Garden Bus Stand Area,Location,Incident|SocialMention,20.1,Low,9.41,True,🔗 Cross-Verified,FIR|SocialMedia
759,LOC-0072,Neithal Garden Apartment Complex,Location,Incident|SocialMention,20.04,Low,9.24,True,🔗 Cross-Verified,FIR|SocialMedia
760,ACC-0042,Syn-Acc-100034,Account,Financial|Receiver|Sender,20.02,Low,22.88,True,🔗 Cross-Verified,FIR|Financial
761,LOC-0068,Tamarai Garden Parking Area,Location,Incident|SocialMention,19.99,Low,9.12,True,🔗 Cross-Verified,FIR|SocialMedia
762,ACC-0070,Syn-Acc-100062,Account,Financial|Receiver|Sender,19.96,Low,22.7,True,🔗 Cross-Verified,FIR|Financial
763,LOC-0035,Vennila Park Shopping Complex,Location,Incident|SocialMention,19.95,Low,9.02,True,🔗 Cross-Verified,FIR|SocialMedia
764,ACC-0010,Syn-Acc-100074,Account,Financial|Receiver|Sender,19.94,Low,22.65,True,🔗 Cross-Verified,FIR|Financial
765,LOC-0040,Sevvanthi Puram Industrial Area,Location,Incident|SocialMention,19.92,Low,8.93,True,🔗 Cross-Verified,FIR|SocialMedia
766,LOC-0058,Neithal Colony Residential Colony,Location,Incident|SocialMention,19.9,Low,8.89,True,🔗 Cross-Verified,FIR|SocialMedia
767,LOC-0045,Mangai Colony Railway Station Road,Location,Incident|SocialMention,19.74,Low,8.46,True,🔗 Cross-Verified,FIR|SocialMedia
768,ACC-1173,Ext-Acc-263259,Account,Sender,19.68,Low,8.3,False,📄 Single-Source,Financial
769,ACC-0081,Syn-Acc-100095,Account,Financial|Receiver|Sender,19.67,Low,33.02,True,🔗 Cross-Verified,FIR|Financial
770,ACC-0009,Syn-Acc-100063,Account,Financial|Receiver|Sender,19.62,Low,21.82,True,🔗 Cross-Verified,FIR|Financial
771,ACC-0395,Ext-Acc-287500,Account,Sender,19.62,Low,8.14,False,📄 Single-Source,Financial
772,ACC-0142,Ext-Acc-253736,Account,Sender,19.61,Low,8.1,False,📄 Single-Source,Financial
773,ACC-0991,Ext-Acc-287470,Account,Sender,19.6,Low,8.08,False,📄 Single-Source,Financial
774,VEH-0043,Tn-33-Yy-1007,Vehicle,Scooter,19.6,Low,8.08,False,📄 Single-Source,FIR
775,ACC-0577,Ext-Acc-287194,Account,Sender,19.6,Low,8.08,False,📄 Single-Source,Financial
776,ACC-1330,Ext-Acc-292169,Account,Sender,19.6,Low,8.09,False,📄 Single-Source,Financial
777,ACC-0104,Ext-Acc-280173,Account,Sender,19.59,Low,8.06,False,📄 Single-Source,Financial
778,ACC-0745,Ext-Acc-297158,Account,Sender,19.59,Low,8.07,False,📄 Single-Source,Financial
779,LOC-0083,Mathi Layout Apartment Complex,Location,Incident|SocialMention,19.59,Low,8.05,True,🔗 Cross-Verified,FIR|SocialMedia
780,LOC-0015,Kalai Nagar College Road,Location,Incident|SocialMention,19.58,Low,8.04,True,🔗 Cross-Verified,FIR|SocialMedia
781,ACC-0446,Ext-Acc-255426,Account,Sender,19.58,Low,8.03,False,📄 Single-Source,Financial
782,ACC-0617,Ext-Acc-213606,Account,Sender,19.57,Low,8.0,False,📄 Single-Source,Financial
783,ACC-1076,Ext-Acc-241039,Account,Sender,19.57,Low,8.01,False,📄 Single-Source,Financial
784,ACC-0758,Ext-Acc-256675,Account,Sender,19.57,Low,8.01,False,📄 Single-Source,Financial
785,ACC-0634,Ext-Acc-259328,Account,Sender,19.57,Low,8.0,False,📄 Single-Source,Financial
786,ACC-0184,Ext-Acc-257432,Account,Sender,19.56,Low,7.99,False,📄 Single-Source,Financial
787,ACC-1001,Ext-Acc-245617,Account,Sender,19.56,Low,7.99,False,📄 Single-Source,Financial
788,ACC-0487,Ext-Acc-214475,Account,Sender,19.56,Low,7.99,False,📄 Single-Source,Financial
789,ACC-0996,Ext-Acc-288268,Account,Sender,19.56,Low,7.97,False,📄 Single-Source,Financial
790,ACC-0688,Ext-Acc-297553,Account,Sender,19.56,Low,7.98,False,📄 Single-Source,Financial
791,ACC-1221,Ext-Acc-265594,Account,Sender,19.56,Low,7.97,False,📄 Single-Source,Financial
792,ACC-0296,Ext-Acc-252873,Account,Sender,19.55,Low,7.95,False,📄 Single-Source,Financial
793,ACC-0299,Ext-Acc-279194,Account,Sender,19.55,Low,7.94,False,📄 Single-Source,Financial
794,ACC-1047,Ext-Acc-297280,Account,Sender,19.55,Low,7.94,False,📄 Single-Source,Financial
795,ACC-0864,Ext-Acc-224687,Account,Sender,19.55,Low,7.94,False,📄 Single-Source,Financial
796,ACC-1039,Ext-Acc-297033,Account,Sender,19.55,Low,7.96,False,📄 Single-Source,Financial
797,ACC-0735,Ext-Acc-258911,Account,Sender,19.55,Low,7.95,False,📄 Single-Source,Financial
798,ACC-0822,Ext-Acc-286074,Account,Sender,19.55,Low,7.95,False,📄 Single-Source,Financial
799,ACC-0637,Ext-Acc-290660,Account,Sender,19.55,Low,7.96,False,📄 Single-Source,Financial
800,ACC-1287,Ext-Acc-278750,Account,Sender,19.55,Low,7.94,False,📄 Single-Source,Financial
801,ACC-1232,Ext-Acc-298649,Account,Sender,19.54,Low,7.93,False,📄 Single-Source,Financial
802,ACC-0961,Ext-Acc-286449,Account,Sender,19.54,Low,7.92,False,📄 Single-Source,Financial
803,ACC-0576,Ext-Acc-253145,Account,Sender,19.54,Low,7.92,False,📄 Single-Source,Financial
804,ACC-1182,Ext-Acc-215163,Account,Sender,19.53,Low,7.89,False,📄 Single-Source,Financial
805,ACC-0494,Ext-Acc-282864,Account,Sender,19.53,Low,7.89,False,📄 Single-Source,Financial
806,ACC-0874,Ext-Acc-264424,Account,Sender,19.53,Low,7.91,False,📄 Single-Source,Financial
807,ACC-1045,Ext-Acc-278409,Account,Sender,19.53,Low,7.9,False,📄 Single-Source,Financial
808,ACC-0886,Ext-Acc-262843,Account,Sender,19.53,Low,7.91,False,📄 Single-Source,Financial
809,ACC-1273,Ext-Acc-252970,Account,Sender,19.53,Low,7.91,False,📄 Single-Source,Financial
810,ACC-1459,Ext-Acc-249831,Account,Sender,19.53,Low,7.91,False,📄 Single-Source,Financial
811,ACC-1310,Ext-Acc-248623,Account,Sender,19.53,Low,7.9,False,📄 Single-Source,Financial
812,ACC-1280,Ext-Acc-261067,Account,Sender,19.53,Low,7.9,False,📄 Single-Source,Financial
813,ACC-1432,Ext-Acc-275825,Account,Sender,19.53,Low,7.9,False,📄 Single-Source,Financial
814,ACC-0257,Ext-Acc-252163,Account,Sender,19.52,Low,7.87,False,📄 Single-Source,Financial
815,ACC-0140,Ext-Acc-285461,Account,Sender,19.52,Low,7.88,False,📄 Single-Source,Financial
816,ACC-0422,Ext-Acc-287394,Account,Sender,19.52,Low,7.87,False,📄 Single-Source,Financial
817,ACC-0658,Ext-Acc-258258,Account,Sender,19.52,Low,7.88,False,📄 Single-Source,Financial
818,ACC-1165,Ext-Acc-256063,Account,Sender,19.51,Low,7.85,False,📄 Single-Source,Financial
819,ACC-1046,Ext-Acc-293282,Account,Sender,19.51,Low,7.86,False,📄 Single-Source,Financial
820,ACC-0437,Ext-Acc-267032,Account,Sender,19.51,Low,7.85,False,📄 Single-Source,Financial
821,ACC-0124,Ext-Acc-278697,Account,Sender,19.51,Low,7.84,False,📄 Single-Source,Financial
822,ACC-0669,Ext-Acc-202112,Account,Sender,19.51,Low,7.84,False,📄 Single-Source,Financial
823,ACC-0202,Ext-Acc-237880,Account,Sender,19.51,Low,7.84,False,📄 Single-Source,Financial
824,ACC-0636,Ext-Acc-228780,Account,Sender,19.5,Low,7.82,False,📄 Single-Source,Financial
825,ACC-0896,Ext-Acc-255358,Account,Sender,19.5,Low,7.83,False,📄 Single-Source,Financial
826,ACC-1391,Ext-Acc-209483,Account,Sender,19.5,Low,7.82,False,📄 Single-Source,Financial
827,ACC-0808,Ext-Acc-269147,Account,Sender,19.5,Low,7.82,False,📄 Single-Source,Financial
828,ACC-0787,Ext-Acc-204885,Account,Sender,19.5,Low,7.81,False,📄 Single-Source,Financial
829,ACC-1321,Ext-Acc-266352,Account,Sender,19.5,Low,7.83,False,📄 Single-Source,Financial
830,ACC-0622,Ext-Acc-228351,Account,Sender,19.49,Low,7.79,False,📄 Single-Source,Financial
831,ACC-1358,Ext-Acc-230395,Account,Sender,19.49,Low,7.79,False,📄 Single-Source,Financial
832,ACC-0598,Ext-Acc-231784,Account,Sender,19.49,Low,7.79,False,📄 Single-Source,Financial
833,ACC-0932,Ext-Acc-287147,Account,Sender,19.49,Low,7.79,False,📄 Single-Source,Financial
834,ACC-1211,Ext-Acc-273402,Account,Sender,19.49,Low,7.79,False,📄 Single-Source,Financial
835,ACC-0672,Ext-Acc-266951,Account,Sender,19.49,Low,7.79,False,📄 Single-Source,Financial
836,ACC-0736,Ext-Acc-231367,Account,Sender,19.49,Low,7.8,False,📄 Single-Source,Financial
837,ACC-0459,Ext-Acc-219826,Account,Sender,19.49,Low,7.8,False,📄 Single-Source,Financial
838,ACC-1344,Ext-Acc-247423,Account,Sender,19.48,Low,7.77,False,📄 Single-Source,Financial
839,ACC-0832,Ext-Acc-254997,Account,Sender,19.48,Low,7.78,False,📄 Single-Source,Financial
840,ACC-1413,Ext-Acc-249358,Account,Sender,19.48,Low,7.78,False,📄 Single-Source,Financial
841,ACC-0538,Ext-Acc-216315,Account,Sender,19.48,Low,7.77,False,📄 Single-Source,Financial
842,ACC-0113,Ext-Acc-243404,Account,Sender,19.48,Low,7.78,False,📄 Single-Source,Financial
843,ACC-0224,Ext-Acc-285182,Account,Sender,19.48,Low,7.77,False,📄 Single-Source,Financial
844,ACC-1422,Ext-Acc-234102,Account,Sender,19.48,Low,7.76,False,📄 Single-Source,Financial
845,ACC-0765,Ext-Acc-247167,Account,Sender,19.47,Low,7.74,False,📄 Single-Source,Financial
846,ACC-1006,Ext-Acc-270851,Account,Sender,19.46,Low,7.72,False,📄 Single-Source,Financial
847,ACC-0773,Ext-Acc-267435,Account,Sender,19.46,Low,7.72,False,📄 Single-Source,Financial
848,ACC-0366,Ext-Acc-274120,Account,Sender,19.45,Low,7.69,False,📄 Single-Source,Financial
849,ACC-0696,Ext-Acc-204728,Account,Sender,19.45,Low,7.69,False,📄 Single-Source,Financial
850,ACC-1447,Ext-Acc-291235,Account,Sender,19.45,Low,7.7,False,📄 Single-Source,Financial
851,ACC-0982,Ext-Acc-287789,Account,Sender,19.45,Low,7.68,False,📄 Single-Source,Financial
852,ACC-0482,Ext-Acc-247418,Account,Sender,19.45,Low,7.68,False,📄 Single-Source,Financial
853,LOC-0001,Sindhu Puram Industrial Area,Location,Incident|SocialMention,19.43,Low,7.64,True,🔗 Cross-Verified,FIR|SocialMedia
854,ACC-0826,Ext-Acc-282706,Account,Sender,19.42,Low,7.6,False,📄 Single-Source,Financial
855,VEH-0056,Tn-38-Xx-1024,Vehicle,Motorcycle,19.41,Low,7.59,False,📄 Single-Source,FIR
856,ACC-0875,Ext-Acc-222070,Account,Sender,19.41,Low,7.57,False,📄 Single-Source,Financial
857,ACC-1294,Ext-Acc-223506,Account,Sender,19.39,Low,7.53,False,📄 Single-Source,Financial
858,VEH-0032,Tn-58-Xx-1084,Vehicle,Car|SocialMention,19.39,Low,7.52,True,🔗 Cross-Verified,FIR|SocialMedia
859,ACC-1061,Ext-Acc-217847,Account,Sender,19.38,Low,7.51,False,📄 Single-Source,Financial
860,ACC-0435,Ext-Acc-258190,Account,Sender,19.38,Low,7.51,False,📄 Single-Source,Financial
861,ACC-0518,Ext-Acc-227470,Account,Sender,19.38,Low,7.5,False,📄 Single-Source,Financial
862,ACC-0088,Ext-Acc-244597,Account,Sender,19.38,Low,7.5,False,📄 Single-Source,Financial
863,ACC-0856,Ext-Acc-259139,Account,Sender,19.38,Low,7.51,False,📄 Single-Source,Financial
864,VEH-0054,Tn-38-Xx-1069,Vehicle,Scooter|SocialMention,19.37,Low,7.49,True,🔗 Cross-Verified,FIR|SocialMedia
865,ACC-0377,Ext-Acc-283735,Account,Sender,19.37,Low,7.47,False,📄 Single-Source,Financial
866,VEH-0047,Tn-57-Yy-1064,Vehicle,Scooter|SocialMention,19.37,Low,7.49,True,🔗 Cross-Verified,FIR|SocialMedia
867,ACC-0076,Syn-Acc-100050,Account,Financial|Receiver|Sender,19.36,Low,21.12,True,🔗 Cross-Verified,FIR|Financial
868,VEH-0075,Tn-33-Zz-1008,Vehicle,Scooter|SocialMention,19.36,Low,7.46,True,🔗 Cross-Verified,FIR|SocialMedia
869,ACC-0234,Ext-Acc-243544,Account,Sender,19.36,Low,7.45,False,📄 Single-Source,Financial
870,ACC-0381,Ext-Acc-293311,Account,Sender,19.35,Low,7.43,False,📄 Single-Source,Financial
871,ACC-1279,Ext-Acc-200796,Account,Sender,19.34,Low,7.39,False,📄 Single-Source,Financial
872,ACC-0965,Ext-Acc-286975,Account,Sender,19.34,Low,7.4,False,📄 Single-Source,Financial
873,LOC-0075,Arasu Garden Atm Area,Location,Incident|SocialMention,19.34,Low,7.4,True,🔗 Cross-Verified,FIR|SocialMedia
874,ACC-0979,Ext-Acc-218883,Account,Sender,19.34,Low,7.4,False,📄 Single-Source,Financial
875,ACC-1227,Ext-Acc-285036,Account,Sender,19.34,Low,7.41,False,📄 Single-Source,Financial
876,VEH-0074,Tn-47-Zz-1041,Vehicle,Motorcycle|SocialMention,19.34,Low,7.4,True,🔗 Cross-Verified,FIR|SocialMedia
877,LOC-0052,Mynthan Layout Shopping Complex,Location,Incident|SocialMention,19.33,Low,7.37,True,🔗 Cross-Verified,FIR|SocialMedia
878,ACC-0964,Ext-Acc-260477,Account,Sender,19.33,Low,7.37,False,📄 Single-Source,Financial
879,ACC-0977,Ext-Acc-203328,Account,Sender,19.31,Low,7.33,False,📄 Single-Source,Financial
880,ACC-0889,Ext-Acc-264681,Account,Sender,19.31,Low,7.31,False,📄 Single-Source,Financial
881,LOC-0077,Kayal Colony Bus Stand Area,Location,Incident|SocialMention,19.3,Low,7.3,True,🔗 Cross-Verified,FIR|SocialMedia
882,VEH-0058,Tn-68-Xx-1045,Vehicle,Auto|SocialMention,19.29,Low,7.26,True,🔗 Cross-Verified,FIR|SocialMedia
883,ACC-0882,Ext-Acc-293510,Account,Sender,19.28,Low,7.25,False,📄 Single-Source,Financial
884,VEH-0019,Tn-69-Yy-1061,Vehicle,Bus|SocialMention,19.27,Low,7.2,True,🔗 Cross-Verified,FIR|SocialMedia
885,VEH-0057,Tn-28-Yy-1070,Vehicle,Motorcycle|SocialMention,19.19,Low,7.01,True,🔗 Cross-Verified,FIR|SocialMedia
886,PER-0086,Prakash Chandran,Person,Callee|Caller|Complainant|TransactionMobile|Victim,19.15,Low,38.61,True,🔗 Triple-Verified,CDR|FIR|Financial
887,VEH-0046,Tn-28-Xx-1063,Vehicle,Scooter,19.14,Low,6.86,False,📄 Single-Source,FIR
888,VEH-0060,Tn-47-Zz-1095,Vehicle,Car|SocialMention,19.14,Low,6.86,True,🔗 Cross-Verified,FIR|SocialMedia
889,VEH-0053,Tn-01-Zz-1068,Vehicle,Scooter|SocialMention,19.14,Low,6.86,True,🔗 Cross-Verified,FIR|SocialMedia
890,VEH-0055,Tn-33-Yy-1094,Vehicle,Motorcycle|SocialMention,19.14,Low,6.86,True,🔗 Cross-Verified,FIR|SocialMedia
891,VEH-0059,Tn-30-Xx-1039,Vehicle,Motorcycle|SocialMention,19.14,Low,6.88,True,🔗 Cross-Verified,FIR|SocialMedia
892,VEH-0052,Tn-72-Yy-1067,Vehicle,Scooter|SocialMention,19.13,Low,6.85,True,🔗 Cross-Verified,FIR|SocialMedia
893,VEH-0051,Tn-33-Xx-1066,Vehicle,Auto|SocialMention,19.13,Low,6.85,True,🔗 Cross-Verified,FIR|SocialMedia
894,PER-0114,Elango Selvam,Person,Associate|Callee|Caller|SocialMention|TransactionMobile,19.11,Low,20.88,True,🔗 Quad-Verified,CDR|FIR|Financial|SocialMedia
895,LOC-0082,Kadal Layout Highway Junction,Location,Incident|SocialMention,19.1,Low,6.77,True,🔗 Cross-Verified,FIR|SocialMedia
896,VEH-0062,Tn-68-Yy-1040,Vehicle,Motorcycle|SocialMention,19.08,Low,6.72,True,🔗 Cross-Verified,FIR|SocialMedia
897,VEH-0080,Tn-57-Xx-1042,Vehicle,Motorcycle,19.08,Low,6.72,False,📄 Single-Source,FIR
898,VEH-0017,Tn-28-Yy-1076,Vehicle,Car|SocialMention,19.07,Low,6.69,True,🔗 Cross-Verified,FIR|SocialMedia
899,VEH-0016,Tn-39-Zz-1059,Vehicle,SocialMention|Truck,19.05,Low,6.63,True,🔗 Cross-Verified,FIR|SocialMedia
900,VEH-0071,Tn-33-Xx-1009,Vehicle,Motorcycle|SocialMention,19.04,Low,6.6,True,🔗 Cross-Verified,FIR|SocialMedia
901,VEH-0081,Tn-39-Yy-1043,Vehicle,Motorcycle,19.04,Low,6.6,False,📄 Single-Source,FIR
902,VEH-0050,Tn-01-Xx-1093,Vehicle,Motorcycle|SocialMention,19.04,Low,6.61,True,🔗 Cross-Verified,FIR|SocialMedia
903,ACC-1242,Ext-Acc-357746,Account,Receiver,19.03,Low,6.59,False,📄 Single-Source,Financial
904,ACC-0754,Ext-Acc-358437,Account,Receiver,19.03,Low,6.59,False,📄 Single-Source,Financial
905,VEH-0078,Tn-01-Xx-1051,Vehicle,Scooter|SocialMention,18.92,Low,6.29,True,🔗 Cross-Verified,FIR|SocialMedia
906,ACC-1174,Ext-Acc-367090,Account,Receiver,18.81,Low,5.99,False,📄 Single-Source,Financial
907,ACC-0075,Syn-Acc-100092,Account,Financial|Receiver|Sender,18.81,Low,19.66,True,🔗 Cross-Verified,FIR|Financial
908,ACC-0396,Ext-Acc-342389,Account,Receiver,18.8,Low,5.96,False,📄 Single-Source,Financial
909,ACC-0105,Ext-Acc-385717,Account,Receiver,18.78,Low,5.92,False,📄 Single-Source,Financial
910,ACC-0143,Ext-Acc-320232,Account,Receiver,18.78,Low,5.93,False,📄 Single-Source,Financial
911,ACC-1331,Ext-Acc-365235,Account,Receiver,18.77,Low,5.88,False,📄 Single-Source,Financial
912,ACC-0578,Ext-Acc-315570,Account,Receiver,18.76,Low,5.87,False,📄 Single-Source,Financial
913,ACC-1222,Ext-Acc-365888,Account,Receiver,18.75,Low,5.85,False,📄 Single-Source,Financial
914,ACC-0488,Ext-Acc-348887,Account,Receiver,18.74,Low,5.8,False,📄 Single-Source,Financial
915,ACC-1288,Ext-Acc-320227,Account,Receiver,18.74,Low,5.82,False,📄 Single-Source,Financial
916,ACC-0300,Ext-Acc-383563,Account,Receiver,18.74,Low,5.81,False,📄 Single-Source,Financial
917,ACC-0865,Ext-Acc-318255,Account,Receiver,18.74,Low,5.8,False,📄 Single-Source,Financial
918,ACC-0759,Ext-Acc-352620,Account,Receiver,18.72,Low,5.75,False,📄 Single-Source,Financial
919,ACC-0673,Ext-Acc-397261,Account,Receiver,18.72,Low,5.76,False,📄 Single-Source,Financial
920,ACC-0078,Syn-Acc-100093,Account,Financial|Receiver|Sender,18.71,Low,19.42,True,🔗 Cross-Verified,FIR|Financial
921,ACC-0689,Ext-Acc-395336,Account,Receiver,18.7,Low,5.71,False,📄 Single-Source,Financial
922,ACC-1433,Ext-Acc-399756,Account,Receiver,18.69,Low,5.67,False,📄 Single-Source,Financial
923,ACC-1281,Ext-Acc-314633,Account,Receiver,18.69,Low,5.69,False,📄 Single-Source,Financial
924,ACC-0897,Ext-Acc-398502,Account,Receiver,18.68,Low,5.65,False,📄 Single-Source,Financial
925,ACC-0141,Ext-Acc-364923,Account,Receiver,18.68,Low,5.66,False,📄 Single-Source,Financial
926,ACC-0203,Ext-Acc-390471,Account,Receiver,18.67,Low,5.62,False,📄 Single-Source,Financial
927,ACC-1322,Ext-Acc-304426,Account,Receiver,18.67,Low,5.62,False,📄 Single-Source,Financial
928,ACC-0125,Ext-Acc-374177,Account,Receiver,18.67,Low,5.63,False,📄 Single-Source,Financial
929,ACC-0809,Ext-Acc-324651,Account,Receiver,18.67,Low,5.62,False,📄 Single-Source,Financial
930,ACC-0670,Ext-Acc-346312,Account,Receiver,18.67,Low,5.62,False,📄 Single-Source,Financial
931,ACC-1392,Ext-Acc-378934,Account,Receiver,18.66,Low,5.6,False,📄 Single-Source,Financial
932,ACC-1359,Ext-Acc-355477,Account,Receiver,18.66,Low,5.59,False,📄 Single-Source,Financial
933,ACC-0933,Ext-Acc-394776,Account,Receiver,18.66,Low,5.61,False,📄 Single-Source,Financial
934,ACC-0114,Ext-Acc-315118,Account,Receiver,18.66,Low,5.6,False,📄 Single-Source,Financial
935,ACC-0983,Ext-Acc-350123,Account,Receiver,18.66,Low,5.6,False,📄 Single-Source,Financial
936,ACC-1345,Ext-Acc-373810,Account,Receiver,18.66,Low,5.61,False,📄 Single-Source,Financial
937,ACC-1414,Ext-Acc-388737,Account,Receiver,18.66,Low,5.59,False,📄 Single-Source,Financial
938,ACC-0833,Ext-Acc-318275,Account,Receiver,18.66,Low,5.6,False,📄 Single-Source,Financial
939,ACC-1212,Ext-Acc-372307,Account,Receiver,18.66,Low,5.59,False,📄 Single-Source,Financial
940,ACC-0788,Ext-Acc-382328,Account,Receiver,18.66,Low,5.59,False,📄 Single-Source,Financial
941,ACC-0074,Syn-Acc-100091,Account,Financial|Receiver|Sender,18.65,Low,19.26,True,🔗 Cross-Verified,FIR|Financial
942,ACC-0225,Ext-Acc-312255,Account,Receiver,18.65,Low,5.58,False,📄 Single-Source,Financial
943,ACC-0623,Ext-Acc-315045,Account,Receiver,18.65,Low,5.58,False,📄 Single-Source,Financial
944,ACC-1448,Ext-Acc-330732,Account,Receiver,18.64,Low,5.55,False,📄 Single-Source,Financial
945,ACC-0483,Ext-Acc-358009,Account,Receiver,18.64,Low,5.54,False,📄 Single-Source,Financial
946,ACC-0367,Ext-Acc-319672,Account,Receiver,18.64,Low,5.54,False,📄 Single-Source,Financial
947,ACC-0774,Ext-Acc-344204,Account,Receiver,18.64,Low,5.55,False,📄 Single-Source,Financial
948,ACC-0697,Ext-Acc-398975,Account,Receiver,18.63,Low,5.53,False,📄 Single-Source,Financial
949,ACC-1007,Ext-Acc-313853,Account,Receiver,18.63,Low,5.53,False,📄 Single-Source,Financial
950,ACC-1060,Ext-Acc-386106,Account,Receiver,18.63,Low,5.52,False,📄 Single-Source,Financial
951,ACC-1295,Ext-Acc-319216,Account,Receiver,18.61,Low,5.48,False,📄 Single-Source,Financial
952,ACC-0827,Ext-Acc-387154,Account,Receiver,18.61,Low,5.48,False,📄 Single-Source,Financial
953,ACC-0876,Ext-Acc-327149,Account,Receiver,18.6,Low,5.45,False,📄 Single-Source,Financial
954,ACC-0065,Syn-Acc-100061,Account,Financial|Receiver|Sender,18.58,Low,19.07,True,🔗 Cross-Verified,FIR|Financial
955,ACC-0378,Ext-Acc-342058,Account,Receiver,18.58,Low,5.4,False,📄 Single-Source,Financial
956,ACC-0032,Syn-Acc-100048,Account,Financial|Receiver|Sender,18.57,Low,19.44,True,🔗 Cross-Verified,FIR|Financial
957,ACC-0966,Ext-Acc-347232,Account,Receiver,18.57,Low,5.36,False,📄 Single-Source,Financial
958,ACC-0235,Ext-Acc-349792,Account,Receiver,18.57,Low,5.37,False,📄 Single-Source,Financial
959,ACC-0034,Syn-Acc-100013,Account,Financial|Receiver|Sender,18.46,Low,18.76,True,🔗 Cross-Verified,FIR|Financial
960,ACC-0561,Ext-Acc-329482,Account,Receiver,18.43,Low,6.56,False,📄 Single-Source,Financial
961,ACC-1029,Ext-Acc-246971,Account,Sender,18.42,Low,6.53,False,📄 Single-Source,Financial
962,ACC-1385,Ext-Acc-350235,Account,Receiver,18.37,Low,6.4,False,📄 Single-Source,Financial
963,ACC-0054,Syn-Acc-100087,Account,Financial|Receiver|Sender,18.36,Low,18.49,True,🔗 Cross-Verified,FIR|Financial
964,ACC-0600,Ext-Acc-321603,Account,Receiver,18.35,Low,6.34,False,📄 Single-Source,Financial
965,ACC-0250,Ext-Acc-206021,Account,Sender,18.35,Low,6.34,False,📄 Single-Source,Financial
966,ACC-0870,Ext-Acc-390010,Account,Receiver,18.35,Low,6.34,False,📄 Single-Source,Financial
967,ACC-1041,Ext-Acc-395161,Account,Receiver,18.35,Low,6.35,False,📄 Single-Source,Financial
968,ACC-0289,Ext-Acc-388063,Account,Receiver,18.34,Low,6.32,False,📄 Single-Source,Financial
969,ACC-0050,Syn-Acc-100086,Account,Financial|Receiver|Sender,18.34,Low,18.42,True,🔗 Cross-Verified,FIR|Financial
970,ACC-0017,Syn-Acc-100001,Account,Financial|Receiver|Sender,18.32,Low,18.37,True,🔗 Cross-Verified,FIR|Financial
971,ACC-1224,Ext-Acc-261334,Account,Sender,18.27,Low,6.54,False,📄 Single-Source,Financial
972,ACC-0048,Syn-Acc-100085,Account,Financial|Receiver|Sender,18.26,Low,18.23,True,🔗 Cross-Verified,FIR|Financial
973,ACC-0084,Syn-Acc-100039,Account,Financial|Receiver|Sender,18.25,Low,18.18,True,🔗 Cross-Verified,FIR|Financial
974,ACC-0646,Ext-Acc-340543,Account,Receiver,18.24,Low,6.46,False,📄 Single-Source,Financial
975,ACC-0025,Syn-Acc-100056,Account,Financial|Receiver|Sender,18.23,Low,30.4,True,🔗 Cross-Verified,FIR|Financial
976,ACC-0519,Ext-Acc-352870,Account,Receiver,18.23,Low,6.43,False,📄 Single-Source,Financial
977,ACC-0060,Syn-Acc-100040,Account,Financial|Receiver|Sender,18.2,Low,18.07,True,🔗 Cross-Verified,FIR|Financial
978,ACC-0083,Syn-Acc-100096,Account,Financial|Receiver|Sender,18.2,Low,18.06,True,🔗 Cross-Verified,FIR|Financial
979,ACC-0041,Syn-Acc-100032,Account,Financial|Receiver|Sender,18.17,Low,17.97,True,🔗 Cross-Verified,FIR|Financial
980,ACC-0480,Ext-Acc-332154,Account,Receiver,18.17,Low,6.26,False,📄 Single-Source,Financial
981,ACC-0008,Syn-Acc-100073,Account,Financial|Receiver|Sender,18.14,Low,17.91,True,🔗 Cross-Verified,FIR|Financial
982,ACC-0029,Syn-Acc-100035,Account,Financial|Receiver|Sender,18.01,Low,17.55,True,🔗 Cross-Verified,FIR|Financial
983,ACC-0030,Syn-Acc-100064,Account,Financial|Receiver|Sender,17.93,Low,17.34,True,🔗 Cross-Verified,FIR|Financial
984,ACC-0071,Syn-Acc-100090,Account,Financial|Receiver|Sender,17.92,Low,17.33,True,🔗 Cross-Verified,FIR|Financial
985,ACC-1272,Ext-Acc-368597,Account,Receiver,17.84,Low,7.34,False,📄 Single-Source,Financial
986,ACC-0043,Syn-Acc-100058,Account,Financial|Receiver|Sender,17.76,Low,17.31,True,🔗 Cross-Verified,FIR|Financial
987,ACC-1099,Ext-Acc-351514,Account,Receiver,17.61,Low,6.71,False,📄 Single-Source,Financial
988,ACC-0432,Ext-Acc-267302,Account,Sender,17.5,Low,6.42,False,📄 Single-Source,Financial
989,ACC-0819,Ext-Acc-390434,Account,Receiver,17.49,Low,6.41,False,📄 Single-Source,Financial
990,ACC-0439,Ext-Acc-289833,Account,Sender,17.49,Low,6.41,False,📄 Single-Source,Financial
991,ACC-0085,Syn-Acc-100097,Account,Financial|Receiver|Sender,17.39,Low,15.92,True,🔗 Cross-Verified,FIR|Financial
992,ACC-0061,Syn-Acc-100038,Account,Financial|Receiver|Sender,17.25,Low,15.55,True,🔗 Cross-Verified,FIR|Financial
993,ACC-0055,Syn-Acc-100045,Account,Financial|Receiver|Sender,16.8,Low,14.36,True,🔗 Cross-Verified,FIR|Financial
994,PER-0320,Kavitha Devi,Person,Callee|Caller|Complainant|Mentioned|TransactionMobile|Victim,16.78,Low,32.35,True,🔗 Triple-Verified,CDR|FIR|Financial
995,ACC-0046,Syn-Acc-100083,Account,Financial|Receiver|Sender,16.71,Low,14.12,True,🔗 Cross-Verified,FIR|Financial
996,ACC-0039,Syn-Acc-100014,Account,Financial|Receiver|Sender,16.38,Low,24.32,True,🔗 Cross-Verified,FIR|Financial
997,ACC-0068,Syn-Acc-100066,Account,Financial|Receiver|Sender,16.21,Low,23.89,True,🔗 Cross-Verified,FIR|Financial
998,ACC-0037,Syn-Acc-100082,Account,Financial|Receiver|Sender,16.14,Low,24.87,True,🔗 Cross-Verified,FIR|Financial
999,PER-0265,Harini Sri,Person,Callee|Caller|Complainant|Mentioned|TransactionMobile|Victim,15.25,Low,28.28,True,🔗 Triple-Verified,CDR|FIR|Financial
1000,ACC-0002,Syn-Acc-100070,Account,Financial|Receiver|Sender,14.98,Low,20.64,True,🔗 Cross-Verified,FIR|Financial
1001,ACC-0011,Syn-Acc-100075,Account,Financial|Receiver|Sender,14.93,Low,21.67,True,🔗 Cross-Verified,FIR|Financial
1002,ACC-1249,Ext-Acc-243435,Account,Sender,14.91,Low,7.16,False,📄 Single-Source,Financial
1003,ACC-0380,Ext-Acc-361000,Account,Receiver,14.88,Low,7.09,False,📄 Single-Source,Financial
1004,ACC-0004,Syn-Acc-100024,Account,Financial|Receiver|Sender,14.88,Low,20.36,True,🔗 Cross-Verified,FIR|Financial
1005,ACC-0028,Syn-Acc-100079,Account,Financial|Receiver|Sender,14.75,Low,21.0,True,🔗 Cross-Verified,FIR|Financial
1006,ACC-1332,Ext-Acc-351303,Account,Receiver,14.73,Low,6.69,False,📄 Single-Source,Financial
1007,ACC-0798,Ext-Acc-375235,Account,Receiver,14.7,Low,6.6,False,📄 Single-Source,Financial
1008,ACC-0364,Ext-Acc-351662,Account,Receiver,14.7,Low,6.6,False,📄 Single-Source,Financial
1009,ACC-1357,Ext-Acc-382255,Account,Receiver,14.67,Low,6.52,False,📄 Single-Source,Financial
1010,ACC-0390,Ext-Acc-269798,Account,Sender,14.64,Low,6.44,False,📄 Single-Source,Financial
1011,ACC-0967,Ext-Acc-324458,Account,Receiver,14.64,Low,6.44,False,📄 Single-Source,Financial
1012,ACC-0817,Ext-Acc-346752,Account,Receiver,14.63,Low,6.41,False,📄 Single-Source,Financial
1013,ACC-0630,Ext-Acc-348349,Account,Receiver,14.63,Low,6.43,False,📄 Single-Source,Financial
1014,ACC-0079,Syn-Acc-100094,Account,Financial|Receiver|Sender,14.44,Low,19.2,True,🔗 Cross-Verified,FIR|Financial
1015,ACC-0026,Syn-Acc-100046,Account,Financial|Receiver|Sender,13.91,Low,18.79,True,🔗 Cross-Verified,FIR|Financial
1016,ACC-0069,Syn-Acc-100049,Account,Financial|Receiver|Sender,13.81,Low,18.73,True,🔗 Cross-Verified,FIR|Financial
1017,PER-0196,Kannan Thangaraj,Person,Callee|Caller|Complainant|Mentioned|Victim,13.8,Low,24.47,True,🔗 Cross-Verified,CDR|FIR
1018,ACC-0044,Syn-Acc-100012,Account,Financial|Receiver|Sender,13.8,Low,17.52,True,🔗 Cross-Verified,FIR|Financial
1019,ACC-1070,Ext-Acc-307801,Account,Receiver,13.53,Low,23.74,False,📄 Single-Source,Financial
1020,PER-0197,Thirumal Sekar,Person,Callee|Caller|Complainant|Mentioned|TransactionMobile|Victim,13.53,Low,23.75,True,🔗 Triple-Verified,CDR|FIR|Financial
1021,ACC-0067,Syn-Acc-100044,Account,Financial|Receiver|Sender,13.26,Low,17.29,True,🔗 Cross-Verified,FIR|Financial
1022,PER-0311,Meena Krishnan,Person,Callee|Caller|Complainant|Mentioned|TransactionMobile|Victim,13.23,Low,22.96,True,🔗 Triple-Verified,CDR|FIR|Financial
1023,ACC-0073,Syn-Acc-100029,Account,Financial|Receiver|Sender,13.14,Low,16.95,True,🔗 Cross-Verified,FIR|Financial
1024,PER-0400,Hemanth Krishnan,Person,Callee|Caller|Complainant|Mentioned|TransactionMobile|Victim,12.96,Low,22.25,True,🔗 Triple-Verified,CDR|FIR|Financial
1025,ACC-0036,Syn-Acc-100017,Account,Financial|Receiver|Sender,12.96,Low,16.48,True,🔗 Cross-Verified,FIR|Financial
1026,PER-0305,Sudha Bai,Person,Callee|Caller|Complainant|Mentioned|TransactionMobile|Victim,12.95,Low,22.22,True,🔗 Triple-Verified,CDR|FIR|Financial
1027,PER-0210,Harish Mani,Person,Callee|Caller|Complainant|Mentioned|TransactionMobile|Victim|Witness,12.65,Low,21.43,True,🔗 Triple-Verified,CDR|FIR|Financial
1028,PER-0380,Eswari Sri,Person,Callee|Caller|Complainant|Mentioned|TransactionMobile|Victim,12.4,Low,20.76,True,🔗 Triple-Verified,CDR|FIR|Financial
1029,PER-0058,Revathi Ammal,Person,Associate|Callee|Caller|SocialMention|TransactionMobile,11.92,Low,19.48,True,🔗 Quad-Verified,CDR|FIR|Financial|SocialMedia
1030,ACC-1353,Ext-Acc-228576,Account,Sender,11.48,Low,8.01,False,📄 Single-Source,Financial
1031,PER-0173,Manoj Karuppasamy,Person,Callee|Caller|Witness,11.43,Low,18.18,True,🔗 Cross-Verified,CDR|FIR
1032,ACC-0379,Ext-Acc-280781,Account,Sender,11.3,Low,7.93,False,📄 Single-Source,Financial
1033,PER-0228,Nandha Natarajan,Person,Associate|Callee|Caller|SocialMention|TransactionMobile,11.25,Low,17.72,True,🔗 Quad-Verified,CDR|FIR|Financial|SocialMedia
1034,ACC-1320,Ext-Acc-394988,Account,Receiver,11.1,Low,6.99,False,📄 Single-Source,Financial
1035,ACC-0902,Ext-Acc-346299,Account,Receiver,10.98,Low,6.67,False,📄 Single-Source,Financial
1036,ACC-1015,Ext-Acc-335443,Account,Receiver,10.95,Low,6.59,False,📄 Single-Source,Financial
1037,ACC-0156,Ext-Acc-314201,Account,Receiver,10.94,Low,6.57,False,📄 Single-Source,Financial
1038,ACC-0631,Ext-Acc-254171,Account,Sender,10.93,Low,6.54,False,📄 Single-Source,Financial
1039,ACC-0127,Ext-Acc-263372,Account,Sender,10.93,Low,6.56,False,📄 Single-Source,Financial
1040,ACC-0939,Ext-Acc-295583,Account,Sender,10.93,Low,6.56,False,📄 Single-Source,Financial
1041,ACC-1308,Ext-Acc-375011,Account,Receiver,10.92,Low,6.52,False,📄 Single-Source,Financial
1042,ACC-0555,Ext-Acc-227494,Account,Sender,10.92,Low,6.53,False,📄 Single-Source,Financial
1043,ACC-1426,Ext-Acc-368186,Account,Receiver,10.92,Low,6.53,False,📄 Single-Source,Financial
1044,ACC-1401,Ext-Acc-329907,Account,Receiver,10.91,Low,6.49,False,📄 Single-Source,Financial
1045,ACC-1338,Ext-Acc-372776,Account,Receiver,10.9,Low,6.46,False,📄 Single-Source,Financial
1046,ACC-0781,Ext-Acc-350004,Account,Receiver,10.9,Low,6.47,False,📄 Single-Source,Financial
1047,ACC-0388,Ext-Acc-375230,Account,Receiver,10.89,Low,6.44,False,📄 Single-Source,Financial
1048,ACC-0264,Ext-Acc-323507,Account,Receiver,10.89,Low,6.44,False,📄 Single-Source,Financial
1049,ACC-0910,Ext-Acc-313614,Account,Receiver,10.88,Low,6.41,False,📄 Single-Source,Financial
1050,ACC-0940,Ext-Acc-395784,Account,Receiver,10.88,Low,6.43,False,📄 Single-Source,Financial
1051,ACC-1157,Ext-Acc-376284,Account,Receiver,10.87,Low,6.4,False,📄 Single-Source,Financial
1052,ACC-0685,Ext-Acc-348436,Account,Receiver,10.25,Low,7.1,False,📄 Single-Source,Financial
1053,ACC-0414,Ext-Acc-308601,Account,Receiver,10.19,Low,6.94,False,📄 Single-Source,Financial
1054,PER-0340,Vignesh Babu,Person,Associate|Callee|Caller|SocialMention|TransactionMobile,10.06,Low,14.56,True,🔗 Quad-Verified,CDR|FIR|Financial|SocialMedia
1055,ACC-1402,Ext-Acc-378485,Account,Receiver,10.0,Low,6.45,False,📄 Single-Source,Financial
1056,ACC-0590,Ext-Acc-384877,Account,Receiver,9.99,Low,6.42,False,📄 Single-Source,Financial
1057,PER-0249,Vasanthi Selvam,Person,Associate|Callee|Caller|SocialMention|TransactionMobile,9.98,Low,14.37,True,🔗 Quad-Verified,CDR|FIR|Financial|SocialMedia
1058,ACC-0786,Ext-Acc-355290,Account,Receiver,9.96,Low,6.33,False,📄 Single-Source,Financial
1059,ACC-1054,Ext-Acc-372276,Account,Receiver,9.95,Low,6.31,False,📄 Single-Source,Financial
1060,PER-0304,Uma Bai,Person,Associate|Callee|Caller|SocialMention|TransactionMobile|Witness,9.83,Low,13.95,True,🔗 Quad-Verified,CDR|FIR|Financial|SocialMedia
1061,PER-0133,Jagan Velan,Person,Associate|Callee|Caller|SocialMention|TransactionMobile,9.34,Low,12.67,True,🔗 Quad-Verified,CDR|FIR|Financial|SocialMedia
1062,PER-0387,Nandhini Kumari,Person,Callee|Caller|Victim,8.23,Low,9.73,True,🔗 Cross-Verified,CDR|FIR
1063,ACC-0707,Ext-Acc-287823,Account,Sender,7.98,Low,8.66,False,📄 Single-Source,Financial
1064,VEH-0041,Tn-33-Xx-1030,Vehicle,SocialMention|Van,7.98,Low,9.08,True,🔗 Cross-Verified,FIR|SocialMedia
1065,ACC-1058,Ext-Acc-248908,Account,Sender,7.97,Low,8.63,False,📄 Single-Source,Financial
1066,ACC-0094,Ext-Acc-244587,Account,Sender,7.97,Low,8.64,False,📄 Single-Source,Financial
1067,ACC-0116,Ext-Acc-287900,Account,Sender,7.96,Low,8.61,False,📄 Single-Source,Financial
1068,ACC-1289,Ext-Acc-212536,Account,Sender,7.96,Low,8.61,False,📄 Single-Source,Financial
1069,ACC-1128,Ext-Acc-218463,Account,Sender,7.95,Low,8.59,False,📄 Single-Source,Financial
1070,ACC-0333,Ext-Acc-299283,Account,Sender,7.94,Low,8.56,False,📄 Single-Source,Financial
1071,ACC-0912,Ext-Acc-219125,Account,Sender,7.94,Low,8.56,False,📄 Single-Source,Financial
1072,ACC-0839,Ext-Acc-247308,Account,Sender,7.94,Low,8.55,False,📄 Single-Source,Financial
1073,ACC-0789,Ext-Acc-243747,Account,Sender,7.93,Low,8.52,False,📄 Single-Source,Financial
1074,ACC-1198,Ext-Acc-254214,Account,Sender,7.93,Low,8.53,False,📄 Single-Source,Financial
1075,ACC-0302,Ext-Acc-238270,Account,Sender,7.93,Low,8.54,False,📄 Single-Source,Financial
1076,ACC-0495,Ext-Acc-256618,Account,Sender,7.93,Low,8.53,False,📄 Single-Source,Financial
1077,ACC-0268,Ext-Acc-293502,Account,Sender,7.93,Low,8.52,False,📄 Single-Source,Financial
1078,ACC-0434,Ext-Acc-262221,Account,Sender,7.92,Low,8.51,False,📄 Single-Source,Financial
1079,ACC-0294,Ext-Acc-216961,Account,Sender,7.92,Low,8.5,False,📄 Single-Source,Financial
1080,ACC-1315,Ext-Acc-283522,Account,Sender,7.91,Low,8.47,False,📄 Single-Source,Financial
1081,ACC-1380,Ext-Acc-244310,Account,Sender,7.91,Low,8.48,False,📄 Single-Source,Financial
1082,ACC-0501,Ext-Acc-285200,Account,Sender,7.9,Low,8.46,False,📄 Single-Source,Financial
1083,ACC-0806,Ext-Acc-264325,Account,Sender,7.9,Low,8.46,False,📄 Single-Source,Financial
1084,ACC-0165,Ext-Acc-281490,Account,Sender,7.9,Low,8.46,False,📄 Single-Source,Financial
1085,ACC-0115,Ext-Acc-241114,Account,Sender,7.9,Low,8.45,False,📄 Single-Source,Financial
1086,ACC-0233,Ext-Acc-201617,Account,Sender,7.9,Low,8.45,False,📄 Single-Source,Financial
1087,ACC-0468,Ext-Acc-268562,Account,Sender,7.89,Low,8.43,False,📄 Single-Source,Financial
1088,ACC-1346,Ext-Acc-215603,Account,Sender,7.89,Low,8.42,False,📄 Single-Source,Financial
1089,ACC-0121,Ext-Acc-254921,Account,Sender,7.89,Low,8.42,False,📄 Single-Source,Financial
1090,ACC-0883,Ext-Acc-272130,Account,Sender,7.89,Low,8.43,False,📄 Single-Source,Financial
1091,ACC-0770,Ext-Acc-274873,Account,Sender,7.89,Low,8.43,False,📄 Single-Source,Financial
1092,ACC-0287,Ext-Acc-285389,Account,Sender,7.89,Low,8.43,False,📄 Single-Source,Financial
1093,ACC-1460,Ext-Acc-243209,Account,Sender,7.88,Low,8.39,False,📄 Single-Source,Financial
1094,ACC-0596,Ext-Acc-219213,Account,Sender,7.8,Low,8.19,False,📄 Single-Source,Financial
1095,ACC-1164,Ext-Acc-256622,Account,Sender,7.79,Low,8.17,False,📄 Single-Source,Financial
1096,ACC-1002,Ext-Acc-267394,Account,Sender,7.79,Low,8.16,False,📄 Single-Source,Financial
1097,ACC-0727,Ext-Acc-274828,Account,Sender,7.79,Low,8.16,False,📄 Single-Source,Financial
1098,ACC-0529,Ext-Acc-242294,Account,Sender,7.79,Low,8.15,False,📄 Single-Source,Financial
1099,ACC-0474,Ext-Acc-245451,Account,Sender,7.78,Low,8.14,False,📄 Single-Source,Financial
1100,ACC-1200,Ext-Acc-236516,Account,Sender,7.78,Low,8.14,False,📄 Single-Source,Financial
1101,ACC-0647,Ext-Acc-245481,Account,Sender,7.77,Low,8.12,False,📄 Single-Source,Financial
1102,ACC-0723,Ext-Acc-292741,Account,Sender,7.77,Low,8.12,False,📄 Single-Source,Financial
1103,ACC-0404,Ext-Acc-228910,Account,Sender,7.77,Low,8.12,False,📄 Single-Source,Financial
1104,ACC-0226,Ext-Acc-274167,Account,Sender,7.77,Low,8.52,False,📄 Single-Source,Financial
1105,ACC-0645,Ext-Acc-249516,Account,Sender,7.77,Low,8.1,False,📄 Single-Source,Financial
1106,ACC-1220,Ext-Acc-227456,Account,Sender,7.77,Low,8.12,False,📄 Single-Source,Financial
1107,ACC-0447,Ext-Acc-336403,Account,Receiver,7.76,Low,8.09,False,📄 Single-Source,Financial
1108,ACC-0582,Ext-Acc-289517,Account,Sender,7.76,Low,8.07,False,📄 Single-Source,Financial
1109,ACC-0212,Ext-Acc-350132,Account,Receiver,7.76,Low,8.09,False,📄 Single-Source,Financial
1110,ACC-0221,Ext-Acc-289764,Account,Sender,7.76,Low,8.09,False,📄 Single-Source,Financial
1111,ACC-1152,Ext-Acc-302608,Account,Receiver,7.76,Low,8.08,False,📄 Single-Source,Financial
1112,ACC-0103,Ext-Acc-213104,Account,Sender,7.76,Low,8.08,False,📄 Single-Source,Financial
1113,ACC-0286,Ext-Acc-249051,Account,Sender,7.76,Low,8.08,False,📄 Single-Source,Financial
1114,ACC-0706,Ext-Acc-293237,Account,Sender,7.76,Low,8.07,False,📄 Single-Source,Financial
1115,ACC-0409,Ext-Acc-232329,Account,Sender,7.76,Low,8.09,False,📄 Single-Source,Financial
1116,ACC-1151,Ext-Acc-214669,Account,Sender,7.76,Low,8.09,False,📄 Single-Source,Financial
1117,ACC-1462,Ext-Acc-334298,Account,Receiver,7.76,Low,8.08,False,📄 Single-Source,Financial
1118,ACC-0504,Ext-Acc-304370,Account,Receiver,7.76,Low,8.08,False,📄 Single-Source,Financial
1119,ACC-0679,Ext-Acc-244770,Account,Sender,7.76,Low,8.08,False,📄 Single-Source,Financial
1120,ACC-1323,Ext-Acc-295410,Account,Sender,7.76,Low,8.08,False,📄 Single-Source,Financial
1121,ACC-0139,Ext-Acc-374946,Account,Receiver,7.76,Low,8.08,False,📄 Single-Source,Financial
1122,ACC-1377,Ext-Acc-336421,Account,Receiver,7.76,Low,8.08,False,📄 Single-Source,Financial
1123,ACC-0842,Ext-Acc-226825,Account,Sender,7.76,Low,8.07,False,📄 Single-Source,Financial
1124,ACC-0572,Ext-Acc-252776,Account,Sender,7.75,Low,8.05,False,📄 Single-Source,Financial
1125,ACC-0540,Ext-Acc-210531,Account,Sender,7.75,Low,8.05,False,📄 Single-Source,Financial
1126,ACC-0703,Ext-Acc-200734,Account,Sender,7.75,Low,8.05,False,📄 Single-Source,Financial
1127,ACC-0698,Ext-Acc-296028,Account,Sender,7.75,Low,8.05,False,📄 Single-Source,Financial
1128,ACC-0451,Ext-Acc-284466,Account,Sender,7.75,Low,8.05,False,📄 Single-Source,Financial
1129,ACC-1362,Ext-Acc-275012,Account,Sender,7.75,Low,8.06,False,📄 Single-Source,Financial
1130,ACC-0959,Ext-Acc-210301,Account,Sender,7.75,Low,8.06,False,📄 Single-Source,Financial
1131,ACC-0752,Ext-Acc-239795,Account,Sender,7.75,Low,8.06,False,📄 Single-Source,Financial
1132,ACC-0952,Ext-Acc-274221,Account,Sender,7.75,Low,8.05,False,📄 Single-Source,Financial
1133,ACC-0290,Ext-Acc-295051,Account,Sender,7.75,Low,8.45,False,📄 Single-Source,Financial
1134,ACC-1011,Ext-Acc-371646,Account,Receiver,7.74,Low,8.02,False,📄 Single-Source,Financial
1135,ACC-1454,Ext-Acc-266727,Account,Sender,7.74,Low,8.02,False,📄 Single-Source,Financial
1136,ACC-1333,Ext-Acc-270985,Account,Sender,7.74,Low,8.02,False,📄 Single-Source,Financial
1137,ACC-0811,Ext-Acc-349431,Account,Receiver,7.74,Low,8.02,False,📄 Single-Source,Financial
1138,ACC-0609,Ext-Acc-226145,Account,Sender,7.74,Low,8.02,False,📄 Single-Source,Financial
1139,ACC-0840,Ext-Acc-204089,Account,Sender,7.74,Low,8.03,False,📄 Single-Source,Financial
1140,ACC-0450,Ext-Acc-350917,Account,Receiver,7.74,Low,8.03,False,📄 Single-Source,Financial
1141,ACC-1466,Ext-Acc-346291,Account,Receiver,7.74,Low,8.03,False,📄 Single-Source,Financial
1142,ACC-0537,Ext-Acc-349054,Account,Receiver,7.74,Low,8.03,False,📄 Single-Source,Financial
1143,ACC-0704,Ext-Acc-245214,Account,Sender,7.73,Low,8.0,False,📄 Single-Source,Financial
1144,ACC-0859,Ext-Acc-253266,Account,Sender,7.73,Low,8.01,False,📄 Single-Source,Financial
1145,ACC-1156,Ext-Acc-229334,Account,Sender,7.73,Low,8.01,False,📄 Single-Source,Financial
1146,ACC-0098,Ext-Acc-221579,Account,Sender,7.73,Low,8.01,False,📄 Single-Source,Financial
1147,ACC-0119,Ext-Acc-281167,Account,Sender,7.73,Low,8.0,False,📄 Single-Source,Financial
1148,ACC-1177,Ext-Acc-370617,Account,Receiver,7.73,Low,8.0,False,📄 Single-Source,Financial
1149,ACC-0546,Ext-Acc-213130,Account,Sender,7.73,Low,8.01,False,📄 Single-Source,Financial
1150,ACC-0240,Ext-Acc-215084,Account,Sender,7.73,Low,8.0,False,📄 Single-Source,Financial
1151,ACC-0301,Ext-Acc-243512,Account,Sender,7.73,Low,8.0,False,📄 Single-Source,Financial
1152,ACC-1263,Ext-Acc-384688,Account,Receiver,7.73,Low,8.0,False,📄 Single-Source,Financial
1153,ACC-1192,Ext-Acc-218894,Account,Sender,7.73,Low,8.01,False,📄 Single-Source,Financial
1154,ACC-0515,Ext-Acc-235974,Account,Sender,7.73,Low,8.0,False,📄 Single-Source,Financial
1155,ACC-0887,Ext-Acc-374232,Account,Receiver,7.73,Low,8.0,False,📄 Single-Source,Financial
1156,ACC-0587,Ext-Acc-238652,Account,Sender,7.73,Low,8.0,False,📄 Single-Source,Financial
1157,ACC-0129,Ext-Acc-272848,Account,Sender,7.73,Low,8.0,False,📄 Single-Source,Financial
1158,ACC-1005,Ext-Acc-308781,Account,Receiver,7.73,Low,8.0,False,📄 Single-Source,Financial
1159,ACC-0319,Ext-Acc-372298,Account,Receiver,7.73,Low,8.0,False,📄 Single-Source,Financial
1160,ACC-1049,Ext-Acc-277526,Account,Sender,7.72,Low,7.99,False,📄 Single-Source,Financial
1161,ACC-1040,Ext-Acc-234295,Account,Sender,7.72,Low,7.99,False,📄 Single-Source,Financial
1162,ACC-0196,Ext-Acc-277820,Account,Sender,7.72,Low,7.99,False,📄 Single-Source,Financial
1163,ACC-1172,Ext-Acc-279040,Account,Sender,7.72,Low,7.99,False,📄 Single-Source,Financial
1164,ACC-0326,Ext-Acc-223839,Account,Sender,7.72,Low,7.98,False,📄 Single-Source,Financial
1165,ACC-0550,Ext-Acc-236747,Account,Sender,7.72,Low,7.99,False,📄 Single-Source,Financial
1166,ACC-0918,Ext-Acc-278849,Account,Sender,7.72,Low,7.97,False,📄 Single-Source,Financial
1167,ACC-0712,Ext-Acc-227190,Account,Sender,7.72,Low,7.99,False,📄 Single-Source,Financial
1168,ACC-0597,Ext-Acc-214438,Account,Sender,7.72,Low,7.98,False,📄 Single-Source,Financial
1169,ACC-0743,Ext-Acc-384390,Account,Receiver,7.72,Low,7.98,False,📄 Single-Source,Financial
1170,ACC-0877,Ext-Acc-273834,Account,Sender,7.72,Low,7.99,False,📄 Single-Source,Financial
1171,ACC-1180,Ext-Acc-259029,Account,Sender,7.72,Low,8.39,False,📄 Single-Source,Financial
1172,ACC-1361,Ext-Acc-229723,Account,Sender,7.72,Low,7.98,False,📄 Single-Source,Financial
1173,ACC-0524,Ext-Acc-394687,Account,Receiver,7.72,Low,7.98,False,📄 Single-Source,Financial
1174,ACC-0200,Ext-Acc-253788,Account,Sender,7.72,Low,7.97,False,📄 Single-Source,Financial
1175,ACC-1365,Ext-Acc-270256,Account,Sender,7.72,Low,7.97,False,📄 Single-Source,Financial
1176,ACC-1033,Ext-Acc-344373,Account,Receiver,7.72,Low,7.97,False,📄 Single-Source,Financial
1177,ACC-1074,Ext-Acc-208619,Account,Sender,7.72,Low,7.97,False,📄 Single-Source,Financial
1178,ACC-0938,Ext-Acc-399307,Account,Receiver,7.72,Low,7.97,False,📄 Single-Source,Financial
1179,ACC-0890,Ext-Acc-232602,Account,Sender,7.72,Low,7.99,False,📄 Single-Source,Financial
1180,ACC-0900,Ext-Acc-302711,Account,Receiver,7.72,Low,7.97,False,📄 Single-Source,Financial
1181,ACC-1309,Ext-Acc-358775,Account,Receiver,7.72,Low,7.97,False,📄 Single-Source,Financial
1182,ACC-0836,Ext-Acc-384651,Account,Receiver,7.71,Low,7.94,False,📄 Single-Source,Financial
1183,ACC-1364,Ext-Acc-287509,Account,Sender,7.71,Low,7.94,False,📄 Single-Source,Financial
1184,ACC-0626,Ext-Acc-294030,Account,Sender,7.71,Low,7.95,False,📄 Single-Source,Financial
1185,ACC-1405,Ext-Acc-287508,Account,Sender,7.71,Low,7.94,False,📄 Single-Source,Financial
1186,ACC-0851,Ext-Acc-324684,Account,Receiver,7.71,Low,7.95,False,📄 Single-Source,Financial
1187,ACC-0256,Ext-Acc-217299,Account,Sender,7.71,Low,7.94,False,📄 Single-Source,Financial
1188,ACC-0138,Ext-Acc-231946,Account,Sender,7.71,Low,7.95,False,📄 Single-Source,Financial
1189,ACC-1275,Ext-Acc-255132,Account,Sender,7.71,Low,7.95,False,📄 Single-Source,Financial
1190,ACC-0664,Ext-Acc-204634,Account,Sender,7.71,Low,7.94,False,📄 Single-Source,Financial
1191,ACC-1458,Ext-Acc-279848,Account,Sender,7.71,Low,7.95,False,📄 Single-Source,Financial
1192,ACC-1109,Ext-Acc-392548,Account,Receiver,7.71,Low,7.94,False,📄 Single-Source,Financial
1193,ACC-1179,Ext-Acc-205539,Account,Sender,7.71,Low,7.95,False,📄 Single-Source,Financial
1194,ACC-0385,Ext-Acc-314378,Account,Receiver,7.71,Low,7.94,False,📄 Single-Source,Financial
1195,ACC-0795,Ext-Acc-295389,Account,Sender,7.71,Low,7.96,False,📄 Single-Source,Financial
1196,ACC-1133,Ext-Acc-222364,Account,Sender,7.71,Low,7.96,False,📄 Single-Source,Financial
1197,ACC-0931,Ext-Acc-217723,Account,Sender,7.71,Low,7.96,False,📄 Single-Source,Financial
1198,ACC-1155,Ext-Acc-229771,Account,Sender,7.71,Low,7.94,False,📄 Single-Source,Financial
1199,ACC-0281,Ext-Acc-389764,Account,Receiver,7.7,Low,7.93,False,📄 Single-Source,Financial
1200,ACC-0905,Ext-Acc-260749,Account,Sender,7.7,Low,7.92,False,📄 Single-Source,Financial
1201,ACC-0894,Ext-Acc-257060,Account,Sender,7.7,Low,7.92,False,📄 Single-Source,Financial
1202,ACC-0131,Ext-Acc-238829,Account,Sender,7.7,Low,7.92,False,📄 Single-Source,Financial
1203,ACC-0820,Ext-Acc-261972,Account,Sender,7.7,Low,7.92,False,📄 Single-Source,Financial
1204,ACC-0603,Ext-Acc-285749,Account,Sender,7.7,Low,7.92,False,📄 Single-Source,Financial
1205,ACC-1114,Ext-Acc-274917,Account,Sender,7.7,Low,7.92,False,📄 Single-Source,Financial
1206,ACC-0857,Ext-Acc-205750,Account,Sender,7.7,Low,7.92,False,📄 Single-Source,Financial
1207,ACC-0958,Ext-Acc-341182,Account,Receiver,7.69,Low,7.89,False,📄 Single-Source,Financial
1208,ACC-0111,Ext-Acc-353964,Account,Receiver,7.69,Low,7.89,False,📄 Single-Source,Financial
1209,ACC-1243,Ext-Acc-334093,Account,Receiver,7.69,Low,7.9,False,📄 Single-Source,Financial
1210,ACC-0280,Ext-Acc-352654,Account,Receiver,7.69,Low,7.9,False,📄 Single-Source,Financial
1211,ACC-1457,Ext-Acc-267486,Account,Sender,7.69,Low,7.9,False,📄 Single-Source,Financial
1212,ACC-0947,Ext-Acc-295777,Account,Sender,7.69,Low,7.91,False,📄 Single-Source,Financial
1213,ACC-1417,Ext-Acc-310522,Account,Receiver,7.69,Low,7.9,False,📄 Single-Source,Financial
1214,ACC-0708,Ext-Acc-303988,Account,Receiver,7.69,Low,7.9,False,📄 Single-Source,Financial
1215,ACC-0452,Ext-Acc-217499,Account,Sender,7.69,Low,7.9,False,📄 Single-Source,Financial
1216,ACC-1189,Ext-Acc-204602,Account,Sender,7.69,Low,7.91,False,📄 Single-Source,Financial
1217,ACC-1169,Ext-Acc-345387,Account,Receiver,7.69,Low,7.9,False,📄 Single-Source,Financial
1218,ACC-0238,Ext-Acc-290663,Account,Sender,7.69,Low,7.89,False,📄 Single-Source,Financial
1219,ACC-1434,Ext-Acc-370703,Account,Receiver,7.69,Low,7.91,False,📄 Single-Source,Financial
1220,ACC-0457,Ext-Acc-203771,Account,Sender,7.69,Low,7.9,False,📄 Single-Source,Financial
1221,ACC-0960,Ext-Acc-356512,Account,Receiver,7.69,Low,7.91,False,📄 Single-Source,Financial
1222,ACC-0499,Ext-Acc-304822,Account,Receiver,7.68,Low,7.88,False,📄 Single-Source,Financial
1223,ACC-0460,Ext-Acc-305346,Account,Receiver,7.68,Low,7.88,False,📄 Single-Source,Financial
1224,ACC-0171,Ext-Acc-284278,Account,Sender,7.68,Low,7.87,False,📄 Single-Source,Financial
1225,ACC-0261,Ext-Acc-215117,Account,Sender,7.68,Low,7.87,False,📄 Single-Source,Financial
1226,ACC-0506,Ext-Acc-346890,Account,Receiver,7.68,Low,7.87,False,📄 Single-Source,Financial
1227,ACC-0957,Ext-Acc-221098,Account,Sender,7.68,Low,7.86,False,📄 Single-Source,Financial
1228,ACC-1404,Ext-Acc-229264,Account,Sender,7.68,Low,7.87,False,📄 Single-Source,Financial
1229,ACC-0944,Ext-Acc-304555,Account,Receiver,7.68,Low,7.87,False,📄 Single-Source,Financial
1230,ACC-1108,Ext-Acc-361543,Account,Receiver,7.68,Low,7.87,False,📄 Single-Source,Financial
1231,ACC-1307,Ext-Acc-238832,Account,Sender,7.68,Low,7.88,False,📄 Single-Source,Financial
1232,ACC-1398,Ext-Acc-349554,Account,Receiver,7.68,Low,7.87,False,📄 Single-Source,Financial
1233,ACC-0359,Ext-Acc-302844,Account,Receiver,7.68,Low,7.87,False,📄 Single-Source,Financial
1234,ACC-0898,Ext-Acc-308231,Account,Receiver,7.68,Low,7.86,False,📄 Single-Source,Financial
1235,ACC-1412,Ext-Acc-218258,Account,Sender,7.68,Low,7.86,False,📄 Single-Source,Financial
1236,ACC-1347,Ext-Acc-293646,Account,Sender,7.68,Low,7.88,False,📄 Single-Source,Financial
1237,ACC-1022,Ext-Acc-211835,Account,Sender,7.68,Low,7.86,False,📄 Single-Source,Financial
1238,ACC-0336,Ext-Acc-336009,Account,Receiver,7.68,Low,7.88,False,📄 Single-Source,Financial
1239,ACC-0604,Ext-Acc-250807,Account,Sender,7.68,Low,7.88,False,📄 Single-Source,Financial
1240,ACC-0092,Ext-Acc-352350,Account,Receiver,7.67,Low,7.85,False,📄 Single-Source,Financial
1241,ACC-0731,Ext-Acc-317261,Account,Receiver,7.66,Low,7.81,False,📄 Single-Source,Financial
1242,ACC-0551,Ext-Acc-391803,Account,Receiver,7.66,Low,7.81,False,📄 Single-Source,Financial
1243,ACC-0903,Ext-Acc-370098,Account,Receiver,7.66,Low,7.83,False,📄 Single-Source,Financial
1244,ACC-0985,Ext-Acc-328062,Account,Receiver,7.66,Low,7.82,False,📄 Single-Source,Financial
1245,ACC-0629,Ext-Acc-315913,Account,Receiver,7.66,Low,7.83,False,📄 Single-Source,Financial
1246,ACC-0315,Ext-Acc-209514,Account,Sender,7.66,Low,7.83,False,📄 Single-Source,Financial
1247,ACC-0749,Ext-Acc-388208,Account,Receiver,7.66,Low,7.83,False,📄 Single-Source,Financial
1248,ACC-1370,Ext-Acc-244993,Account,Sender,7.66,Low,7.81,False,📄 Single-Source,Financial
1249,ACC-0526,Ext-Acc-220119,Account,Sender,7.66,Low,7.83,False,📄 Single-Source,Financial
1250,ACC-0274,Ext-Acc-375082,Account,Receiver,7.66,Low,7.81,False,📄 Single-Source,Financial
1251,ACC-1137,Ext-Acc-306553,Account,Receiver,7.65,Low,7.8,False,📄 Single-Source,Financial
1252,ACC-1134,Ext-Acc-202147,Account,Sender,7.64,Low,7.77,False,📄 Single-Source,Financial
1253,ACC-1124,Ext-Acc-372794,Account,Receiver,7.64,Low,7.76,False,📄 Single-Source,Financial
1254,ACC-1274,Ext-Acc-347623,Account,Receiver,7.61,Low,7.69,False,📄 Single-Source,Financial
1255,ACC-0335,Ext-Acc-246665,Account,Sender,7.6,Low,7.65,False,📄 Single-Source,Financial
1256,ACC-0722,Ext-Acc-293326,Account,Sender,7.6,Low,7.65,False,📄 Single-Source,Financial
1257,ACC-1083,Ext-Acc-329968,Account,Receiver,7.6,Low,7.65,False,📄 Single-Source,Financial
1258,ACC-0192,Ext-Acc-254602,Account,Sender,7.6,Low,7.67,False,📄 Single-Source,Financial
1259,ACC-1105,Ext-Acc-219344,Account,Sender,7.59,Low,7.63,False,📄 Single-Source,Financial
1260,ACC-1140,Ext-Acc-302427,Account,Receiver,7.59,Low,7.63,False,📄 Single-Source,Financial
1261,ACC-0089,Ext-Acc-310328,Account,Receiver,7.58,Low,7.6,False,📄 Single-Source,Financial
1262,ACC-1297,Ext-Acc-341315,Account,Receiver,7.58,Low,7.6,False,📄 Single-Source,Financial
1263,ACC-1106,Ext-Acc-382483,Account,Receiver,7.57,Low,7.58,False,📄 Single-Source,Financial
1264,ACC-0465,Ext-Acc-340645,Account,Receiver,7.57,Low,7.57,False,📄 Single-Source,Financial
1265,ACC-0899,Ext-Acc-370157,Account,Receiver,7.57,Low,7.57,False,📄 Single-Source,Financial
1266,ACC-0312,Ext-Acc-269888,Account,Sender,7.57,Low,7.57,False,📄 Single-Source,Financial
1267,ACC-1292,Ext-Acc-273927,Account,Sender,7.57,Low,7.57,False,📄 Single-Source,Financial
1268,ACC-1065,Ext-Acc-371522,Account,Receiver,7.57,Low,7.58,False,📄 Single-Source,Financial
1269,ACC-0368,Ext-Acc-204813,Account,Sender,7.56,Low,7.55,False,📄 Single-Source,Financial
1270,ACC-0705,Ext-Acc-279269,Account,Sender,7.56,Low,7.56,False,📄 Single-Source,Financial
1271,ACC-1142,Ext-Acc-320966,Account,Receiver,7.56,Low,7.56,False,📄 Single-Source,Financial
1272,ACC-0179,Ext-Acc-378215,Account,Receiver,7.56,Low,7.56,False,📄 Single-Source,Financial
1273,ACC-0505,Ext-Acc-373303,Account,Receiver,7.56,Low,7.56,False,📄 Single-Source,Financial
1274,ACC-0497,Ext-Acc-270533,Account,Sender,7.56,Low,7.56,False,📄 Single-Source,Financial
1275,ACC-1079,Ext-Acc-365946,Account,Receiver,7.56,Low,7.56,False,📄 Single-Source,Financial
1276,ACC-1171,Ext-Acc-395977,Account,Receiver,7.56,Low,7.56,False,📄 Single-Source,Financial
1277,ACC-0279,Ext-Acc-257067,Account,Sender,7.56,Low,7.55,False,📄 Single-Source,Financial
1278,ACC-1428,Ext-Acc-321808,Account,Receiver,7.56,Low,7.55,False,📄 Single-Source,Financial
1279,ACC-0663,Ext-Acc-307784,Account,Receiver,7.56,Low,7.55,False,📄 Single-Source,Financial
1280,ACC-0128,Ext-Acc-274691,Account,Sender,7.56,Low,7.97,False,📄 Single-Source,Financial
1281,ACC-0123,Ext-Acc-360952,Account,Receiver,7.55,Low,7.53,False,📄 Single-Source,Financial
1282,ACC-0744,Ext-Acc-368697,Account,Receiver,7.55,Low,7.53,False,📄 Single-Source,Financial
1283,ACC-1175,Ext-Acc-364261,Account,Receiver,7.55,Low,7.52,False,📄 Single-Source,Financial
1284,ACC-0375,Ext-Acc-227831,Account,Sender,7.55,Low,7.54,False,📄 Single-Source,Financial
1285,ACC-1100,Ext-Acc-323818,Account,Receiver,7.55,Low,7.53,False,📄 Single-Source,Financial
1286,ACC-0948,Ext-Acc-217890,Account,Sender,7.55,Low,7.53,False,📄 Single-Source,Financial
1287,ACC-1319,Ext-Acc-381570,Account,Receiver,7.55,Low,7.52,False,📄 Single-Source,Financial
1288,ACC-0334,Ext-Acc-367699,Account,Receiver,7.54,Low,7.51,False,📄 Single-Source,Financial
1289,ACC-0984,Ext-Acc-325994,Account,Receiver,7.54,Low,7.49,False,📄 Single-Source,Financial
1290,ACC-0715,Ext-Acc-311848,Account,Receiver,7.54,Low,7.5,False,📄 Single-Source,Financial
1291,ACC-0241,Ext-Acc-351849,Account,Receiver,7.54,Low,7.49,False,📄 Single-Source,Financial
1292,ACC-0997,Ext-Acc-368287,Account,Receiver,7.54,Low,7.49,False,📄 Single-Source,Financial
1293,ACC-0416,Ext-Acc-202815,Account,Sender,7.54,Low,7.92,False,📄 Single-Source,Financial
1294,ACC-0297,Ext-Acc-301620,Account,Receiver,7.54,Low,7.49,False,📄 Single-Source,Financial
1295,ACC-0456,Ext-Acc-234891,Account,Sender,7.54,Low,7.91,False,📄 Single-Source,Financial
1296,ACC-0176,Ext-Acc-358222,Account,Receiver,7.54,Low,7.49,False,📄 Single-Source,Financial
1297,ACC-1418,Ext-Acc-209587,Account,Sender,7.54,Low,7.49,False,📄 Single-Source,Financial
1298,ACC-0814,Ext-Acc-378860,Account,Receiver,7.54,Low,7.49,False,📄 Single-Source,Financial
1299,ACC-1449,Ext-Acc-377245,Account,Receiver,7.54,Low,7.49,False,📄 Single-Source,Financial
1300,ACC-1078,Ext-Acc-322052,Account,Receiver,7.54,Low,7.49,False,📄 Single-Source,Financial
1301,ACC-0214,Ext-Acc-341799,Account,Receiver,7.54,Low,7.5,False,📄 Single-Source,Financial
1302,ACC-0169,Ext-Acc-309447,Account,Receiver,7.54,Low,7.49,False,📄 Single-Source,Financial
1303,ACC-0835,Ext-Acc-379873,Account,Receiver,7.54,Low,7.5,False,📄 Single-Source,Financial
1304,ACC-0095,Ext-Acc-210322,Account,Sender,7.54,Low,7.51,False,📄 Single-Source,Financial
1305,ACC-0753,Ext-Acc-277717,Account,Sender,7.54,Low,7.51,False,📄 Single-Source,Financial
1306,ACC-0607,Ext-Acc-316906,Account,Receiver,7.54,Low,7.51,False,📄 Single-Source,Financial
1307,ACC-0433,Ext-Acc-301832,Account,Receiver,7.54,Low,7.51,False,📄 Single-Source,Financial
1308,ACC-0341,Ext-Acc-278250,Account,Sender,7.54,Low,7.92,False,📄 Single-Source,Financial
1309,ACC-1325,Ext-Acc-252892,Account,Sender,7.54,Low,7.92,False,📄 Single-Source,Financial
1310,ACC-0653,Ext-Acc-238449,Account,Sender,7.54,Low,7.5,False,📄 Single-Source,Financial
1311,ACC-0536,Ext-Acc-206829,Account,Sender,7.54,Low,7.92,False,📄 Single-Source,Financial
1312,ACC-1115,Ext-Acc-330320,Account,Receiver,7.54,Low,7.51,False,📄 Single-Source,Financial
1313,ACC-1088,Ext-Acc-385427,Account,Receiver,7.54,Low,7.5,False,📄 Single-Source,Financial
1314,ACC-0363,Ext-Acc-380213,Account,Receiver,7.54,Low,7.51,False,📄 Single-Source,Financial
1315,ACC-0182,Ext-Acc-340173,Account,Receiver,7.53,Low,7.47,False,📄 Single-Source,Financial
1316,ACC-1254,Ext-Acc-335319,Account,Receiver,7.53,Low,7.47,False,📄 Single-Source,Financial
1317,ACC-0308,Ext-Acc-350797,Account,Receiver,7.53,Low,7.48,False,📄 Single-Source,Financial
1318,ACC-0547,Ext-Acc-262285,Account,Sender,7.53,Low,7.48,False,📄 Single-Source,Financial
1319,ACC-1285,Ext-Acc-290401,Account,Sender,7.53,Low,7.47,False,📄 Single-Source,Financial
1320,ACC-1162,Ext-Acc-343238,Account,Receiver,7.53,Low,7.48,False,📄 Single-Source,Financial
1321,ACC-0293,Ext-Acc-369446,Account,Receiver,7.53,Low,7.47,False,📄 Single-Source,Financial
1322,ACC-0215,Ext-Acc-296365,Account,Sender,7.53,Low,7.88,False,📄 Single-Source,Financial
1323,ACC-0720,Ext-Acc-345388,Account,Receiver,7.53,Low,7.47,False,📄 Single-Source,Financial
1324,ACC-0711,Ext-Acc-322344,Account,Receiver,7.53,Low,7.47,False,📄 Single-Source,Financial
1325,ACC-1461,Ext-Acc-368889,Account,Receiver,7.53,Low,7.47,False,📄 Single-Source,Financial
1326,ACC-1000,Ext-Acc-353154,Account,Receiver,7.52,Low,7.46,False,📄 Single-Source,Financial
1327,ACC-0632,Ext-Acc-266127,Account,Sender,7.52,Low,7.46,False,📄 Single-Source,Financial
1328,ACC-0710,Ext-Acc-340341,Account,Receiver,7.52,Low,7.46,False,📄 Single-Source,Financial
1329,ACC-0665,Ext-Acc-331217,Account,Receiver,7.52,Low,7.46,False,📄 Single-Source,Financial
1330,ACC-1004,Ext-Acc-354339,Account,Receiver,7.52,Low,7.46,False,📄 Single-Source,Financial
1331,ACC-0407,Ext-Acc-307818,Account,Receiver,7.52,Low,7.46,False,📄 Single-Source,Financial
1332,ACC-1199,Ext-Acc-217121,Account,Sender,7.52,Low,7.46,False,📄 Single-Source,Financial
1333,ACC-1372,Ext-Acc-301937,Account,Receiver,7.52,Low,7.46,False,📄 Single-Source,Financial
1334,ACC-0419,Ext-Acc-381085,Account,Receiver,7.52,Low,7.46,False,📄 Single-Source,Financial
1335,ACC-1018,Ext-Acc-260324,Account,Sender,7.52,Low,7.46,False,📄 Single-Source,Financial
1336,ACC-0904,Ext-Acc-252751,Account,Sender,7.52,Low,7.44,False,📄 Single-Source,Financial
1337,ACC-0828,Ext-Acc-329847,Account,Receiver,7.52,Low,7.44,False,📄 Single-Source,Financial
1338,ACC-1407,Ext-Acc-347092,Account,Receiver,7.52,Low,7.45,False,📄 Single-Source,Financial
1339,ACC-1036,Ext-Acc-207966,Account,Sender,7.52,Low,7.85,False,📄 Single-Source,Financial
1340,ACC-0484,Ext-Acc-201035,Account,Sender,7.52,Low,7.85,False,📄 Single-Source,Financial
1341,ACC-0260,Ext-Acc-233980,Account,Sender,7.52,Low,7.45,False,📄 Single-Source,Financial
1342,ACC-0398,Ext-Acc-375319,Account,Receiver,7.52,Low,7.45,False,📄 Single-Source,Financial
1343,ACC-0258,Ext-Acc-370305,Account,Receiver,7.52,Low,7.44,False,📄 Single-Source,Financial
1344,ACC-1204,Ext-Acc-377265,Account,Receiver,7.52,Low,7.45,False,📄 Single-Source,Financial
1345,ACC-1030,Ext-Acc-298639,Account,Sender,7.52,Low,7.44,False,📄 Single-Source,Financial
1346,ACC-1425,Ext-Acc-390887,Account,Receiver,7.52,Low,7.46,False,📄 Single-Source,Financial
1347,ACC-0337,Ext-Acc-326077,Account,Receiver,7.52,Low,7.45,False,📄 Single-Source,Financial
1348,ACC-1103,Ext-Acc-386237,Account,Receiver,7.52,Low,7.44,False,📄 Single-Source,Financial
1349,ACC-1445,Ext-Acc-390335,Account,Receiver,7.52,Low,7.45,False,📄 Single-Source,Financial
1350,ACC-1395,Ext-Acc-248300,Account,Sender,7.52,Low,7.44,False,📄 Single-Source,Financial
1351,ACC-1384,Ext-Acc-382946,Account,Receiver,7.52,Low,7.44,False,📄 Single-Source,Financial
1352,ACC-1096,Ext-Acc-334559,Account,Receiver,7.52,Low,7.45,False,📄 Single-Source,Financial
1353,ACC-1415,Ext-Acc-218694,Account,Sender,7.51,Low,7.43,False,📄 Single-Source,Financial
1354,ACC-0831,Ext-Acc-229899,Account,Sender,7.51,Low,7.82,False,📄 Single-Source,Financial
1355,ACC-0361,Ext-Acc-215799,Account,Sender,7.51,Low,7.84,False,📄 Single-Source,Financial
1356,ACC-0285,Ext-Acc-236094,Account,Sender,7.51,Low,7.83,False,📄 Single-Source,Financial
1357,ACC-0473,Ext-Acc-263950,Account,Sender,7.51,Low,7.43,False,📄 Single-Source,Financial
1358,ACC-1193,Ext-Acc-328195,Account,Receiver,7.51,Low,7.42,False,📄 Single-Source,Financial
1359,ACC-0951,Ext-Acc-268184,Account,Sender,7.51,Low,7.41,False,📄 Single-Source,Financial
1360,ACC-1183,Ext-Acc-349572,Account,Receiver,7.51,Low,7.42,False,📄 Single-Source,Financial
1361,ACC-0466,Ext-Acc-348265,Account,Receiver,7.51,Low,7.42,False,📄 Single-Source,Financial
1362,ACC-1277,Ext-Acc-399947,Account,Receiver,7.51,Low,7.42,False,📄 Single-Source,Financial
1363,ACC-0881,Ext-Acc-322010,Account,Receiver,7.51,Low,7.41,False,📄 Single-Source,Financial
1364,ACC-0571,Ext-Acc-322380,Account,Receiver,7.51,Low,7.42,False,📄 Single-Source,Financial
1365,ACC-0545,Ext-Acc-300947,Account,Receiver,7.51,Low,7.42,False,📄 Single-Source,Financial
1366,ACC-0776,Ext-Acc-346391,Account,Receiver,7.51,Low,7.41,False,📄 Single-Source,Financial
1367,ACC-0360,Ext-Acc-212499,Account,Sender,7.51,Low,7.41,False,📄 Single-Source,Financial
1368,ACC-0346,Ext-Acc-387385,Account,Receiver,7.51,Low,7.41,False,📄 Single-Source,Financial
1369,ACC-0330,Ext-Acc-367915,Account,Receiver,7.51,Low,7.41,False,📄 Single-Source,Financial
1370,ACC-0490,Ext-Acc-364165,Account,Receiver,7.51,Low,7.41,False,📄 Single-Source,Financial
1371,ACC-0332,Ext-Acc-345625,Account,Receiver,7.51,Low,7.41,False,📄 Single-Source,Financial
1372,ACC-0462,Ext-Acc-286447,Account,Sender,7.51,Low,7.41,False,📄 Single-Source,Financial
1373,ACC-0387,Ext-Acc-311592,Account,Receiver,7.51,Low,7.43,False,📄 Single-Source,Financial
1374,ACC-1261,Ext-Acc-322517,Account,Receiver,7.51,Low,7.41,False,📄 Single-Source,Financial
1375,ACC-1431,Ext-Acc-357138,Account,Receiver,7.51,Low,7.41,False,📄 Single-Source,Financial
1376,ACC-0756,Ext-Acc-269699,Account,Sender,7.51,Low,7.41,False,📄 Single-Source,Financial
1377,ACC-1008,Ext-Acc-371532,Account,Receiver,7.51,Low,7.41,False,📄 Single-Source,Financial
1378,ACC-0570,Ext-Acc-316187,Account,Receiver,7.51,Low,7.43,False,📄 Single-Source,Financial
1379,ACC-1258,Ext-Acc-360423,Account,Receiver,7.51,Low,7.42,False,📄 Single-Source,Financial
1380,ACC-0794,Ext-Acc-317628,Account,Receiver,7.51,Low,7.41,False,📄 Single-Source,Financial
1381,ACC-0436,Ext-Acc-336505,Account,Receiver,7.51,Low,7.43,False,📄 Single-Source,Financial
1382,ACC-0740,Ext-Acc-313582,Account,Receiver,7.51,Low,7.43,False,📄 Single-Source,Financial
1383,ACC-0869,Ext-Acc-278023,Account,Sender,7.51,Low,7.41,False,📄 Single-Source,Financial
1384,ACC-0267,Ext-Acc-251936,Account,Sender,7.51,Low,7.42,False,📄 Single-Source,Financial
1385,ACC-1150,Ext-Acc-297695,Account,Sender,7.51,Low,7.41,False,📄 Single-Source,Financial
1386,ACC-1136,Ext-Acc-344989,Account,Receiver,7.51,Low,7.42,False,📄 Single-Source,Financial
1387,ACC-0936,Ext-Acc-395156,Account,Receiver,7.51,Low,7.42,False,📄 Single-Source,Financial
1388,ACC-0342,Ext-Acc-319148,Account,Receiver,7.51,Low,7.43,False,📄 Single-Source,Financial
1389,ACC-1381,Ext-Acc-350889,Account,Receiver,7.51,Low,7.42,False,📄 Single-Source,Financial
1390,ACC-0656,Ext-Acc-215035,Account,Sender,7.51,Low,7.43,False,📄 Single-Source,Financial
1391,ACC-1446,Ext-Acc-241894,Account,Sender,7.5,Low,7.39,False,📄 Single-Source,Financial
1392,ACC-1044,Ext-Acc-363077,Account,Receiver,7.5,Low,7.4,False,📄 Single-Source,Financial
1393,ACC-0259,Ext-Acc-397079,Account,Receiver,7.5,Low,7.39,False,📄 Single-Source,Financial
1394,ACC-0329,Ext-Acc-300932,Account,Receiver,7.5,Low,7.39,False,📄 Single-Source,Financial
1395,ACC-0661,Ext-Acc-347128,Account,Receiver,7.5,Low,7.4,False,📄 Single-Source,Financial
1396,ACC-0521,Ext-Acc-327063,Account,Receiver,7.5,Low,7.39,False,📄 Single-Source,Financial
1397,ACC-0668,Ext-Acc-334670,Account,Receiver,7.5,Low,7.39,False,📄 Single-Source,Financial
1398,ACC-0633,Ext-Acc-384984,Account,Receiver,7.5,Low,7.39,False,📄 Single-Source,Financial
1399,ACC-1197,Ext-Acc-362188,Account,Receiver,7.5,Low,7.39,False,📄 Single-Source,Financial
1400,ACC-1216,Ext-Acc-251673,Account,Sender,7.5,Low,7.39,False,📄 Single-Source,Financial
1401,ACC-0161,Ext-Acc-268955,Account,Sender,7.5,Low,7.39,False,📄 Single-Source,Financial
1402,ACC-0445,Ext-Acc-353347,Account,Receiver,7.5,Low,7.39,False,📄 Single-Source,Financial
1403,ACC-0168,Ext-Acc-317987,Account,Receiver,7.5,Low,7.4,False,📄 Single-Source,Financial
1404,ACC-0174,Ext-Acc-251374,Account,Sender,7.5,Low,7.39,False,📄 Single-Source,Financial
1405,ACC-1125,Ext-Acc-351976,Account,Receiver,7.5,Low,7.4,False,📄 Single-Source,Financial
1406,ACC-0700,Ext-Acc-368603,Account,Receiver,7.5,Low,7.39,False,📄 Single-Source,Financial
1407,ACC-0573,Ext-Acc-388895,Account,Receiver,7.5,Low,7.39,False,📄 Single-Source,Financial
1408,ACC-1048,Ext-Acc-392924,Account,Receiver,7.5,Low,7.4,False,📄 Single-Source,Financial
1409,ACC-0981,Ext-Acc-347603,Account,Receiver,7.5,Low,7.39,False,📄 Single-Source,Financial
1410,ACC-1314,Ext-Acc-379295,Account,Receiver,7.5,Low,7.39,False,📄 Single-Source,Financial
1411,ACC-0971,Ext-Acc-337156,Account,Receiver,7.5,Low,7.4,False,📄 Single-Source,Financial
1412,ACC-1158,Ext-Acc-315306,Account,Receiver,7.5,Low,7.4,False,📄 Single-Source,Financial
1413,ACC-0502,Ext-Acc-225805,Account,Sender,7.5,Low,7.4,False,📄 Single-Source,Financial
1414,ACC-1411,Ext-Acc-327904,Account,Receiver,7.5,Low,7.4,False,📄 Single-Source,Financial
1415,ACC-1101,Ext-Acc-337475,Account,Receiver,7.5,Low,7.4,False,📄 Single-Source,Financial
1416,ACC-1246,Ext-Acc-347629,Account,Receiver,7.5,Low,7.4,False,📄 Single-Source,Financial
1417,ACC-1163,Ext-Acc-346849,Account,Receiver,7.5,Low,7.4,False,📄 Single-Source,Financial
1418,ACC-0441,Ext-Acc-309872,Account,Receiver,7.5,Low,7.4,False,📄 Single-Source,Financial
1419,ACC-0172,Ext-Acc-342143,Account,Receiver,7.5,Low,7.4,False,📄 Single-Source,Financial
1420,ACC-0528,Ext-Acc-389123,Account,Receiver,7.5,Low,7.39,False,📄 Single-Source,Financial
1421,ACC-1324,Ext-Acc-320958,Account,Receiver,7.5,Low,7.39,False,📄 Single-Source,Financial
1422,ACC-0643,Ext-Acc-286424,Account,Sender,7.5,Low,7.8,False,📄 Single-Source,Financial
1423,ACC-1064,Ext-Acc-287030,Account,Sender,7.5,Low,7.81,False,📄 Single-Source,Financial
1424,ACC-0790,Ext-Acc-273463,Account,Sender,7.49,Low,7.37,False,📄 Single-Source,Financial
1425,ACC-1367,Ext-Acc-395053,Account,Receiver,7.49,Low,7.38,False,📄 Single-Source,Financial
1426,ACC-0605,Ext-Acc-311425,Account,Receiver,7.49,Low,7.37,False,📄 Single-Source,Financial
1427,ACC-0348,Ext-Acc-281937,Account,Sender,7.49,Low,7.36,False,📄 Single-Source,Financial
1428,ACC-1112,Ext-Acc-386466,Account,Receiver,7.49,Low,7.37,False,📄 Single-Source,Financial
1429,ACC-0906,Ext-Acc-383634,Account,Receiver,7.49,Low,7.37,False,📄 Single-Source,Financial
1430,ACC-0768,Ext-Acc-222248,Account,Sender,7.49,Low,7.37,False,📄 Single-Source,Financial
1431,ACC-0120,Ext-Acc-360889,Account,Receiver,7.49,Low,7.37,False,📄 Single-Source,Financial
1432,ACC-1348,Ext-Acc-278987,Account,Sender,7.49,Low,7.36,False,📄 Single-Source,Financial
1433,ACC-0175,Ext-Acc-269013,Account,Sender,7.49,Low,7.36,False,📄 Single-Source,Financial
1434,ACC-0180,Ext-Acc-291146,Account,Sender,7.49,Low,7.38,False,📄 Single-Source,Financial
1435,ACC-0928,Ext-Acc-336592,Account,Receiver,7.49,Low,7.36,False,📄 Single-Source,Financial
1436,ACC-0552,Ext-Acc-345653,Account,Receiver,7.49,Low,7.36,False,📄 Single-Source,Financial
1437,ACC-1170,Ext-Acc-306181,Account,Receiver,7.49,Low,7.36,False,📄 Single-Source,Financial
1438,ACC-0486,Ext-Acc-385033,Account,Receiver,7.49,Low,7.36,False,📄 Single-Source,Financial
1439,ACC-0242,Ext-Acc-208200,Account,Sender,7.49,Low,7.36,False,📄 Single-Source,Financial
1440,ACC-1027,Ext-Acc-341254,Account,Receiver,7.49,Low,7.37,False,📄 Single-Source,Financial
1441,ACC-0588,Ext-Acc-276449,Account,Sender,7.49,Low,7.36,False,📄 Single-Source,Financial
1442,ACC-0479,Ext-Acc-247400,Account,Sender,7.49,Low,7.38,False,📄 Single-Source,Financial
1443,ACC-0719,Ext-Acc-248382,Account,Sender,7.49,Low,7.38,False,📄 Single-Source,Financial
1444,ACC-0619,Ext-Acc-297144,Account,Sender,7.49,Low,7.38,False,📄 Single-Source,Financial
1445,ACC-1075,Ext-Acc-371492,Account,Receiver,7.49,Low,7.38,False,📄 Single-Source,Financial
1446,ACC-0593,Ext-Acc-213938,Account,Sender,7.49,Low,7.36,False,📄 Single-Source,Financial
1447,ACC-1098,Ext-Acc-335160,Account,Receiver,7.49,Low,7.38,False,📄 Single-Source,Financial
1448,ACC-0112,Ext-Acc-329219,Account,Receiver,7.49,Low,7.36,False,📄 Single-Source,Financial
1449,ACC-1424,Ext-Acc-309561,Account,Receiver,7.49,Low,7.38,False,📄 Single-Source,Financial
1450,ACC-1213,Ext-Acc-352111,Account,Receiver,7.49,Low,7.38,False,📄 Single-Source,Financial
1451,ACC-0157,Ext-Acc-370804,Account,Receiver,7.49,Low,7.38,False,📄 Single-Source,Financial
1452,ACC-0463,Ext-Acc-274600,Account,Sender,7.49,Low,7.38,False,📄 Single-Source,Financial
1453,ACC-0907,Ext-Acc-368806,Account,Receiver,7.49,Low,7.38,False,📄 Single-Source,Financial
1454,ACC-0992,Ext-Acc-375215,Account,Receiver,7.49,Low,7.36,False,📄 Single-Source,Financial
1455,ACC-1111,Ext-Acc-315994,Account,Receiver,7.49,Low,7.36,False,📄 Single-Source,Financial
1456,ACC-0812,Ext-Acc-291097,Account,Sender,7.49,Low,7.38,False,📄 Single-Source,Financial
1457,ACC-0325,Ext-Acc-337152,Account,Receiver,7.49,Low,7.38,False,📄 Single-Source,Financial
1458,ACC-0816,Ext-Acc-221013,Account,Sender,7.49,Low,7.38,False,📄 Single-Source,Financial
1459,ACC-0507,Ext-Acc-386626,Account,Receiver,7.49,Low,7.37,False,📄 Single-Source,Financial
1460,ACC-0800,Ext-Acc-324704,Account,Receiver,7.49,Low,7.38,False,📄 Single-Source,Financial
1461,ACC-1397,Ext-Acc-352676,Account,Receiver,7.49,Low,7.36,False,📄 Single-Source,Financial
1462,ACC-0191,Ext-Acc-272260,Account,Sender,7.49,Low,7.78,False,📄 Single-Source,Financial
1463,ACC-0254,Ext-Acc-317451,Account,Receiver,7.49,Low,7.36,False,📄 Single-Source,Financial
1464,ACC-1132,Ext-Acc-241312,Account,Sender,7.48,Low,7.34,False,📄 Single-Source,Financial
1465,ACC-0885,Ext-Acc-213275,Account,Sender,7.48,Low,7.75,False,📄 Single-Source,Financial
1466,ACC-0699,Ext-Acc-366400,Account,Receiver,7.48,Low,7.33,False,📄 Single-Source,Financial
1467,ACC-0974,Ext-Acc-318116,Account,Receiver,7.48,Low,7.33,False,📄 Single-Source,Financial
1468,ACC-1416,Ext-Acc-337337,Account,Receiver,7.48,Low,7.33,False,📄 Single-Source,Financial
1469,ACC-1267,Ext-Acc-270614,Account,Sender,7.48,Low,7.33,False,📄 Single-Source,Financial
1470,ACC-1318,Ext-Acc-363343,Account,Receiver,7.48,Low,7.33,False,📄 Single-Source,Financial
1471,ACC-0374,Ext-Acc-200207,Account,Sender,7.48,Low,7.33,False,📄 Single-Source,Financial
1472,ACC-1311,Ext-Acc-307694,Account,Receiver,7.48,Low,7.33,False,📄 Single-Source,Financial
1473,ACC-1419,Ext-Acc-213537,Account,Sender,7.48,Low,7.33,False,📄 Single-Source,Financial
1474,ACC-0411,Ext-Acc-228574,Account,Sender,7.48,Low,7.33,False,📄 Single-Source,Financial
1475,ACC-1024,Ext-Acc-327150,Account,Receiver,7.48,Low,7.33,False,📄 Single-Source,Financial
1476,ACC-0151,Ext-Acc-394493,Account,Receiver,7.48,Low,7.34,False,📄 Single-Source,Financial
1477,ACC-0830,Ext-Acc-256373,Account,Sender,7.48,Low,7.33,False,📄 Single-Source,Financial
1478,ACC-1186,Ext-Acc-313428,Account,Receiver,7.48,Low,7.33,False,📄 Single-Source,Financial
1479,ACC-0620,Ext-Acc-356243,Account,Receiver,7.48,Low,7.33,False,📄 Single-Source,Financial
1480,ACC-0888,Ext-Acc-312214,Account,Receiver,7.48,Low,7.33,False,📄 Single-Source,Financial
1481,ACC-0618,Ext-Acc-255134,Account,Sender,7.48,Low,7.33,False,📄 Single-Source,Financial
1482,ACC-0477,Ext-Acc-387432,Account,Receiver,7.48,Low,7.33,False,📄 Single-Source,Financial
1483,ACC-0990,Ext-Acc-398664,Account,Receiver,7.48,Low,7.33,False,📄 Single-Source,Financial
1484,ACC-0575,Ext-Acc-301401,Account,Receiver,7.48,Low,7.33,False,📄 Single-Source,Financial
1485,ACC-0695,Ext-Acc-353609,Account,Receiver,7.48,Low,7.33,False,📄 Single-Source,Financial
1486,ACC-0654,Ext-Acc-374113,Account,Receiver,7.48,Low,7.33,False,📄 Single-Source,Financial
1487,ACC-1268,Ext-Acc-218817,Account,Sender,7.48,Low,7.34,False,📄 Single-Source,Financial
1488,ACC-0461,Ext-Acc-398295,Account,Receiver,7.48,Low,7.34,False,📄 Single-Source,Financial
1489,ACC-1154,Ext-Acc-354778,Account,Receiver,7.48,Low,7.34,False,📄 Single-Source,Financial
1490,ACC-1130,Ext-Acc-355328,Account,Receiver,7.48,Low,7.34,False,📄 Single-Source,Financial
1491,ACC-1343,Ext-Acc-399187,Account,Receiver,7.48,Low,7.34,False,📄 Single-Source,Financial
1492,ACC-0295,Ext-Acc-378167,Account,Receiver,7.48,Low,7.34,False,📄 Single-Source,Financial
1493,ACC-0850,Ext-Acc-371886,Account,Receiver,7.48,Low,7.34,False,📄 Single-Source,Financial
1494,ACC-0122,Ext-Acc-345870,Account,Receiver,7.48,Low,7.34,False,📄 Single-Source,Financial
1495,ACC-0421,Ext-Acc-398849,Account,Receiver,7.48,Low,7.35,False,📄 Single-Source,Financial
1496,ACC-0170,Ext-Acc-229041,Account,Sender,7.48,Low,7.74,False,📄 Single-Source,Financial
1497,ACC-0860,Ext-Acc-353284,Account,Receiver,7.48,Low,7.35,False,📄 Single-Source,Financial
1498,ACC-0316,Ext-Acc-319974,Account,Receiver,7.48,Low,7.35,False,📄 Single-Source,Financial
1499,ACC-0163,Ext-Acc-372264,Account,Receiver,7.48,Low,7.35,False,📄 Single-Source,Financial
1500,ACC-1016,Ext-Acc-287854,Account,Sender,7.48,Low,7.75,False,📄 Single-Source,Financial
1501,ACC-0721,Ext-Acc-355372,Account,Receiver,7.48,Low,7.35,False,📄 Single-Source,Financial
1502,ACC-0415,Ext-Acc-365054,Account,Receiver,7.48,Low,7.34,False,📄 Single-Source,Financial
1503,ACC-1139,Ext-Acc-234166,Account,Sender,7.48,Low,7.35,False,📄 Single-Source,Financial
1504,ACC-0514,Ext-Acc-329850,Account,Receiver,7.48,Low,7.34,False,📄 Single-Source,Financial
1505,ACC-0777,Ext-Acc-283218,Account,Sender,7.48,Low,7.35,False,📄 Single-Source,Financial
1506,ACC-0914,Ext-Acc-302247,Account,Receiver,7.48,Low,7.35,False,📄 Single-Source,Financial
1507,ACC-0863,Ext-Acc-342488,Account,Receiver,7.48,Low,7.34,False,📄 Single-Source,Financial
1508,ACC-0132,Ext-Acc-381927,Account,Receiver,7.48,Low,7.34,False,📄 Single-Source,Financial
1509,ACC-1120,Ext-Acc-333879,Account,Receiver,7.48,Low,7.33,False,📄 Single-Source,Financial
1510,ACC-1014,Ext-Acc-323570,Account,Receiver,7.48,Low,7.34,False,📄 Single-Source,Financial
1511,ACC-0968,Ext-Acc-329133,Account,Receiver,7.48,Low,7.34,False,📄 Single-Source,Financial
1512,ACC-0755,Ext-Acc-318385,Account,Receiver,7.48,Low,7.34,False,📄 Single-Source,Financial
1513,ACC-0438,Ext-Acc-339720,Account,Receiver,7.48,Low,7.33,False,📄 Single-Source,Financial
1514,ACC-1062,Ext-Acc-373632,Account,Receiver,7.47,Low,7.31,False,📄 Single-Source,Financial
1515,ACC-1406,Ext-Acc-348769,Account,Receiver,7.47,Low,7.31,False,📄 Single-Source,Financial
1516,ACC-0269,Ext-Acc-250911,Account,Sender,7.47,Low,7.32,False,📄 Single-Source,Financial
1517,ACC-1135,Ext-Acc-362427,Account,Receiver,7.47,Low,7.31,False,📄 Single-Source,Financial
1518,ACC-0306,Ext-Acc-393077,Account,Receiver,7.47,Low,7.31,False,📄 Single-Source,Financial
1519,ACC-1159,Ext-Acc-318135,Account,Receiver,7.47,Low,7.31,False,📄 Single-Source,Financial
1520,ACC-1141,Ext-Acc-366517,Account,Receiver,7.47,Low,7.31,False,📄 Single-Source,Financial
1521,ACC-0201,Ext-Acc-344869,Account,Receiver,7.47,Low,7.31,False,📄 Single-Source,Financial
1522,ACC-0680,Ext-Acc-361585,Account,Receiver,7.47,Low,7.31,False,📄 Single-Source,Financial
1523,ACC-0402,Ext-Acc-302151,Account,Receiver,7.47,Low,7.31,False,📄 Single-Source,Financial
1524,ACC-0548,Ext-Acc-310665,Account,Receiver,7.47,Low,7.31,False,📄 Single-Source,Financial
1525,ACC-0394,Ext-Acc-391180,Account,Receiver,7.47,Low,7.31,False,📄 Single-Source,Financial
1526,ACC-1214,Ext-Acc-240901,Account,Sender,7.47,Low,7.32,False,📄 Single-Source,Financial
1527,ACC-0796,Ext-Acc-353364,Account,Receiver,7.47,Low,7.32,False,📄 Single-Source,Financial
1528,ACC-0813,Ext-Acc-366010,Account,Receiver,7.47,Low,7.31,False,📄 Single-Source,Financial
1529,ACC-0217,Ext-Acc-253511,Account,Sender,7.47,Low,7.32,False,📄 Single-Source,Financial
1530,ACC-1244,Ext-Acc-307798,Account,Receiver,7.47,Low,7.32,False,📄 Single-Source,Financial
1531,ACC-1430,Ext-Acc-392862,Account,Receiver,7.47,Low,7.32,False,📄 Single-Source,Financial
1532,ACC-0365,Ext-Acc-232207,Account,Sender,7.47,Low,7.32,False,📄 Single-Source,Financial
1533,ACC-1092,Ext-Acc-339387,Account,Receiver,7.47,Low,7.32,False,📄 Single-Source,Financial
1534,ACC-0531,Ext-Acc-341676,Account,Receiver,7.47,Low,7.32,False,📄 Single-Source,Financial
1535,ACC-0945,Ext-Acc-372423,Account,Receiver,7.47,Low,7.32,False,📄 Single-Source,Financial
1536,ACC-0231,Ext-Acc-259054,Account,Sender,7.47,Low,7.31,False,📄 Single-Source,Financial
1537,ACC-0825,Ext-Acc-311453,Account,Receiver,7.47,Low,7.32,False,📄 Single-Source,Financial
1538,ACC-0775,Ext-Acc-268035,Account,Sender,7.47,Low,7.32,False,📄 Single-Source,Financial
1539,ACC-0901,Ext-Acc-335396,Account,Receiver,7.47,Low,7.32,False,📄 Single-Source,Financial
1540,ACC-0611,Ext-Acc-356168,Account,Receiver,7.47,Low,7.32,False,📄 Single-Source,Financial
1541,ACC-0207,Ext-Acc-304763,Account,Receiver,7.47,Low,7.32,False,📄 Single-Source,Financial
1542,ACC-0512,Ext-Acc-376543,Account,Receiver,7.46,Low,7.29,False,📄 Single-Source,Financial
1543,ACC-0313,Ext-Acc-320152,Account,Receiver,7.46,Low,7.3,False,📄 Single-Source,Financial
1544,ACC-1080,Ext-Acc-261662,Account,Sender,7.46,Low,7.29,False,📄 Single-Source,Financial
1545,ACC-0569,Ext-Acc-367033,Account,Receiver,7.46,Low,7.3,False,📄 Single-Source,Financial
1546,ACC-1215,Ext-Acc-210888,Account,Sender,7.46,Low,7.3,False,📄 Single-Source,Financial
1547,ACC-0265,Ext-Acc-318661,Account,Receiver,7.46,Low,7.3,False,📄 Single-Source,Financial
1548,ACC-1191,Ext-Acc-372199,Account,Receiver,7.46,Low,7.3,False,📄 Single-Source,Financial
1549,ACC-0799,Ext-Acc-333031,Account,Receiver,7.46,Low,7.3,False,📄 Single-Source,Financial
1550,ACC-1444,Ext-Acc-286166,Account,Sender,7.46,Low,7.3,False,📄 Single-Source,Financial
1551,ACC-1003,Ext-Acc-372356,Account,Receiver,7.46,Low,7.3,False,📄 Single-Source,Financial
1552,ACC-0491,Ext-Acc-396457,Account,Receiver,7.46,Low,7.3,False,📄 Single-Source,Financial
1553,ACC-0852,Ext-Acc-371036,Account,Receiver,7.46,Low,7.3,False,📄 Single-Source,Financial
1554,ACC-0635,Ext-Acc-325419,Account,Receiver,7.46,Low,7.3,False,📄 Single-Source,Financial
1555,ACC-1126,Ext-Acc-397106,Account,Receiver,7.46,Low,7.3,False,📄 Single-Source,Financial
1556,ACC-0126,Ext-Acc-213833,Account,Sender,7.46,Low,7.3,False,📄 Single-Source,Financial
1557,ACC-0841,Ext-Acc-348866,Account,Receiver,7.46,Low,7.3,False,📄 Single-Source,Financial
1558,ACC-0464,Ext-Acc-311690,Account,Receiver,7.46,Low,7.3,False,📄 Single-Source,Financial
1559,ACC-0838,Ext-Acc-321519,Account,Receiver,7.46,Low,7.29,False,📄 Single-Source,Financial
1560,ACC-0108,Ext-Acc-271511,Account,Sender,7.46,Low,7.29,False,📄 Single-Source,Financial
1561,ACC-1038,Ext-Acc-342598,Account,Receiver,7.46,Low,7.29,False,📄 Single-Source,Financial
1562,ACC-1113,Ext-Acc-375527,Account,Receiver,7.46,Low,7.28,False,📄 Single-Source,Financial
1563,ACC-0690,Ext-Acc-205027,Account,Sender,7.46,Low,7.28,False,📄 Single-Source,Financial
1564,ACC-1403,Ext-Acc-213412,Account,Sender,7.46,Low,7.28,False,📄 Single-Source,Financial
1565,ACC-0091,Ext-Acc-341245,Account,Receiver,7.46,Low,7.28,False,📄 Single-Source,Financial
1566,ACC-0177,Ext-Acc-345820,Account,Receiver,7.46,Low,7.28,False,📄 Single-Source,Financial
1567,ACC-0549,Ext-Acc-363198,Account,Receiver,7.46,Low,7.28,False,📄 Single-Source,Financial
1568,ACC-1239,Ext-Acc-374532,Account,Receiver,7.46,Low,7.28,False,📄 Single-Source,Financial
1569,ACC-0376,Ext-Acc-368632,Account,Receiver,7.46,Low,7.28,False,📄 Single-Source,Financial
1570,ACC-1256,Ext-Acc-335922,Account,Receiver,7.46,Low,7.28,False,📄 Single-Source,Financial
1571,ACC-0778,Ext-Acc-362461,Account,Receiver,7.46,Low,7.28,False,📄 Single-Source,Financial
1572,ACC-1021,Ext-Acc-367605,Account,Receiver,7.46,Low,7.28,False,📄 Single-Source,Financial
1573,ACC-0420,Ext-Acc-275304,Account,Sender,7.46,Low,7.28,False,📄 Single-Source,Financial
1574,ACC-0923,Ext-Acc-398740,Account,Receiver,7.46,Low,7.28,False,📄 Single-Source,Financial
1575,ACC-1298,Ext-Acc-346829,Account,Receiver,7.46,Low,7.29,False,📄 Single-Source,Financial
1576,ACC-0278,Ext-Acc-388805,Account,Receiver,7.46,Low,7.29,False,📄 Single-Source,Financial
1577,ACC-0941,Ext-Acc-344555,Account,Receiver,7.46,Low,7.29,False,📄 Single-Source,Financial
1578,ACC-0924,Ext-Acc-339268,Account,Receiver,7.46,Low,7.29,False,📄 Single-Source,Financial
1579,ACC-0834,Ext-Acc-240964,Account,Sender,7.46,Low,7.28,False,📄 Single-Source,Financial
1580,ACC-0347,Ext-Acc-362294,Account,Receiver,7.45,Low,7.26,False,📄 Single-Source,Financial
1581,ACC-0232,Ext-Acc-210752,Account,Sender,7.45,Low,7.67,False,📄 Single-Source,Financial
1582,ACC-0255,Ext-Acc-331370,Account,Receiver,7.45,Low,7.25,False,📄 Single-Source,Financial
1583,ACC-1235,Ext-Acc-324371,Account,Receiver,7.45,Low,7.25,False,📄 Single-Source,Financial
1584,ACC-1195,Ext-Acc-233277,Account,Sender,7.45,Low,7.25,False,📄 Single-Source,Financial
1585,ACC-0969,Ext-Acc-327549,Account,Receiver,7.45,Low,7.25,False,📄 Single-Source,Financial
1586,ACC-1255,Ext-Acc-344813,Account,Receiver,7.45,Low,7.25,False,📄 Single-Source,Financial
1587,ACC-1121,Ext-Acc-222457,Account,Sender,7.45,Low,7.25,False,📄 Single-Source,Financial
1588,ACC-0530,Ext-Acc-374606,Account,Receiver,7.45,Low,7.25,False,📄 Single-Source,Financial
1589,ACC-1394,Ext-Acc-339200,Account,Receiver,7.45,Low,7.25,False,📄 Single-Source,Financial
1590,ACC-1057,Ext-Acc-267726,Account,Sender,7.45,Low,7.25,False,📄 Single-Source,Financial
1591,ACC-0954,Ext-Acc-321527,Account,Receiver,7.45,Low,7.27,False,📄 Single-Source,Financial
1592,ACC-1131,Ext-Acc-356069,Account,Receiver,7.45,Low,7.27,False,📄 Single-Source,Financial
1593,ACC-0563,Ext-Acc-269479,Account,Sender,7.45,Low,7.27,False,📄 Single-Source,Financial
1594,ACC-1166,Ext-Acc-255304,Account,Sender,7.45,Low,7.27,False,📄 Single-Source,Financial
1595,ACC-1282,Ext-Acc-269019,Account,Sender,7.45,Low,7.27,False,📄 Single-Source,Financial
1596,ACC-0372,Ext-Acc-380223,Account,Receiver,7.45,Low,7.26,False,📄 Single-Source,Financial
1597,ACC-1388,Ext-Acc-371356,Account,Receiver,7.44,Low,7.24,False,📄 Single-Source,Financial
1598,ACC-0614,Ext-Acc-316478,Account,Receiver,7.44,Low,7.23,False,📄 Single-Source,Financial
1599,ACC-0580,Ext-Acc-355876,Account,Receiver,7.44,Low,7.23,False,📄 Single-Source,Financial
1600,ACC-1366,Ext-Acc-331524,Account,Receiver,7.44,Low,7.24,False,📄 Single-Source,Financial
1601,ACC-0199,Ext-Acc-349832,Account,Receiver,7.44,Low,7.24,False,📄 Single-Source,Financial
1602,ACC-0949,Ext-Acc-359795,Account,Receiver,7.44,Low,7.24,False,📄 Single-Source,Financial
1603,ACC-1087,Ext-Acc-213531,Account,Sender,7.44,Low,7.24,False,📄 Single-Source,Financial
1604,ACC-0678,Ext-Acc-330115,Account,Receiver,7.44,Low,7.24,False,📄 Single-Source,Financial
1605,ACC-1176,Ext-Acc-379849,Account,Receiver,7.44,Low,7.23,False,📄 Single-Source,Financial
1606,ACC-1463,Ext-Acc-296308,Account,Sender,7.44,Low,7.23,False,📄 Single-Source,Financial
1607,ACC-1053,Ext-Acc-315437,Account,Receiver,7.43,Low,7.22,False,📄 Single-Source,Financial
1608,ACC-0866,Ext-Acc-338202,Account,Receiver,7.43,Low,7.2,False,📄 Single-Source,Financial
1609,ACC-0657,Ext-Acc-286175,Account,Sender,7.43,Low,7.22,False,📄 Single-Source,Financial
1610,ACC-0714,Ext-Acc-252527,Account,Sender,7.43,Low,7.2,False,📄 Single-Source,Financial
1611,ACC-1201,Ext-Acc-374465,Account,Receiver,7.43,Low,7.21,False,📄 Single-Source,Financial
1612,ACC-0102,Ext-Acc-326772,Account,Receiver,7.43,Low,7.21,False,📄 Single-Source,Financial
1613,ACC-0303,Ext-Acc-300568,Account,Receiver,7.43,Low,7.21,False,📄 Single-Source,Financial
1614,ACC-0562,Ext-Acc-339107,Account,Receiver,7.43,Low,7.21,False,📄 Single-Source,Financial
1615,ACC-1050,Ext-Acc-363608,Account,Receiver,7.43,Low,7.21,False,📄 Single-Source,Financial
1616,ACC-1110,Ext-Acc-332065,Account,Receiver,7.43,Low,7.21,False,📄 Single-Source,Financial
1617,ACC-0556,Ext-Acc-322049,Account,Receiver,7.43,Low,7.22,False,📄 Single-Source,Financial
1618,ACC-0508,Ext-Acc-241674,Account,Sender,7.43,Low,7.22,False,📄 Single-Source,Financial
1619,ACC-0189,Ext-Acc-331029,Account,Receiver,7.43,Low,7.22,False,📄 Single-Source,Financial
1620,ACC-1284,Ext-Acc-286212,Account,Sender,7.43,Low,7.2,False,📄 Single-Source,Financial
1621,ACC-1360,Ext-Acc-397391,Account,Receiver,7.43,Low,7.22,False,📄 Single-Source,Financial
1622,ACC-0236,Ext-Acc-226326,Account,Sender,7.43,Low,7.2,False,📄 Single-Source,Financial
1623,ACC-0183,Ext-Acc-309835,Account,Receiver,7.43,Low,7.22,False,📄 Single-Source,Financial
1624,ACC-0311,Ext-Acc-249146,Account,Sender,7.43,Low,7.22,False,📄 Single-Source,Financial
1625,ACC-0292,Ext-Acc-243426,Account,Sender,7.42,Low,7.18,False,📄 Single-Source,Financial
1626,ACC-0230,Ext-Acc-239226,Account,Sender,7.42,Low,7.18,False,📄 Single-Source,Financial
1627,ACC-0662,Ext-Acc-380117,Account,Receiver,7.42,Low,7.18,False,📄 Single-Source,Financial
1628,ACC-0891,Ext-Acc-364469,Account,Receiver,7.42,Low,7.18,False,📄 Single-Source,Financial
1629,ACC-0650,Ext-Acc-326149,Account,Receiver,7.42,Low,7.18,False,📄 Single-Source,Financial
1630,ACC-0158,Ext-Acc-259600,Account,Sender,7.42,Low,7.19,False,📄 Single-Source,Financial
1631,ACC-0764,Ext-Acc-394964,Account,Receiver,7.42,Low,7.19,False,📄 Single-Source,Financial
1632,ACC-1386,Ext-Acc-310656,Account,Receiver,7.42,Low,7.18,False,📄 Single-Source,Financial
1633,ACC-0444,Ext-Acc-339357,Account,Receiver,7.42,Low,7.19,False,📄 Single-Source,Financial
1634,ACC-1028,Ext-Acc-201967,Account,Sender,7.42,Low,7.19,False,📄 Single-Source,Financial
1635,ACC-0610,Ext-Acc-235369,Account,Sender,7.42,Low,7.19,False,📄 Single-Source,Financial
1636,ACC-1231,Ext-Acc-260536,Account,Sender,7.42,Low,7.18,False,📄 Single-Source,Financial
1637,ACC-0585,Ext-Acc-372371,Account,Receiver,7.42,Low,7.18,False,📄 Single-Source,Financial
1638,ACC-1068,Ext-Acc-335133,Account,Receiver,7.42,Low,7.18,False,📄 Single-Source,Financial
1639,ACC-0403,Ext-Acc-270328,Account,Sender,7.42,Low,7.18,False,📄 Single-Source,Financial
1640,ACC-0946,Ext-Acc-268938,Account,Sender,7.42,Low,7.18,False,📄 Single-Source,Financial
1641,ACC-1259,Ext-Acc-382350,Account,Receiver,7.42,Low,7.18,False,📄 Single-Source,Financial
1642,ACC-1117,Ext-Acc-374061,Account,Receiver,7.42,Low,7.18,False,📄 Single-Source,Financial
1643,ACC-1296,Ext-Acc-340699,Account,Receiver,7.42,Low,7.18,False,📄 Single-Source,Financial
1644,ACC-1248,Ext-Acc-345678,Account,Receiver,7.42,Low,7.18,False,📄 Single-Source,Financial
1645,ACC-0251,Ext-Acc-356260,Account,Receiver,7.42,Low,7.19,False,📄 Single-Source,Financial
1646,ACC-0130,Ext-Acc-340135,Account,Receiver,7.42,Low,7.18,False,📄 Single-Source,Financial
1647,ACC-1450,Ext-Acc-392573,Account,Receiver,7.42,Low,7.18,False,📄 Single-Source,Financial
1648,ACC-0583,Ext-Acc-326476,Account,Receiver,7.41,Low,7.17,False,📄 Single-Source,Financial
1649,ACC-0520,Ext-Acc-309172,Account,Receiver,7.41,Low,7.17,False,📄 Single-Source,Financial
1650,ACC-0815,Ext-Acc-342160,Account,Receiver,7.41,Low,7.17,False,📄 Single-Source,Financial
1651,VEH-0024,Tn-39-Xx-1078,Vehicle,Motorcycle|SocialMention,7.4,Low,7.55,True,🔗 Cross-Verified,FIR|SocialMedia
1652,ACC-1423,Ext-Acc-298394,Account,Sender,7.4,Low,7.54,False,📄 Single-Source,Financial
1653,ACC-1316,Ext-Acc-262134,Account,Sender,7.4,Low,7.55,False,📄 Single-Source,Financial
1654,ACC-0807,Ext-Acc-255878,Account,Sender,7.38,Low,7.49,False,📄 Single-Source,Financial
1655,ACC-1077,Ext-Acc-359839,Account,Receiver,7.38,Low,7.09,False,📄 Single-Source,Financial
1656,LOC-0055,Sevvanthi Garden College Road,Location,Incident|SocialMention,7.38,Low,7.49,True,🔗 Cross-Verified,FIR|SocialMedia
1657,ACC-0135,Ext-Acc-243228,Account,Sender,7.37,Low,7.45,False,📄 Single-Source,Financial
1658,VEH-0009,Tn-01-Xx-1057,Vehicle,SocialMention|Truck,7.37,Low,7.45,True,🔗 Cross-Verified,FIR|SocialMedia
1659,ACC-0371,Ext-Acc-242312,Account,Sender,7.37,Low,7.46,False,📄 Single-Source,Financial
1660,ACC-1107,Ext-Acc-205980,Account,Sender,7.36,Low,7.44,False,📄 Single-Source,Financial
1661,ACC-1104,Ext-Acc-265281,Account,Sender,7.33,Low,7.36,False,📄 Single-Source,Financial
1662,ACC-0858,Ext-Acc-273763,Account,Sender,7.32,Low,7.33,False,📄 Single-Source,Financial
1663,ACC-0288,Ext-Acc-238745,Account,Sender,7.32,Low,7.33,False,📄 Single-Source,Financial
1664,LOC-0069,Neithal Park Highway Junction,Location,Incident|SocialMention,7.32,Low,7.32,True,🔗 Cross-Verified,FIR|SocialMedia
1665,ACC-1329,Ext-Acc-277395,Account,Sender,7.31,Low,7.31,False,📄 Single-Source,Financial
1666,ACC-0472,Ext-Acc-364972,Account,Receiver,7.31,Low,6.88,False,📄 Single-Source,Financial
1667,VEH-0034,Tn-58-Yy-1085,Vehicle,Scooter|SocialMention,7.31,Low,7.29,True,🔗 Cross-Verified,FIR|SocialMedia
1668,ACC-1438,Ext-Acc-306793,Account,Receiver,7.31,Low,6.9,False,📄 Single-Source,Financial
1669,ACC-1257,Ext-Acc-303466,Account,Receiver,7.31,Low,6.89,False,📄 Single-Source,Financial
1670,LOC-0070,Kayal Puram Highway Junction,Location,Incident|SocialMention,7.3,Low,7.27,True,🔗 Cross-Verified,FIR|SocialMedia
1671,VEH-0008,Tn-45-Zz-1056,Vehicle,SocialMention|Truck,7.3,Low,7.27,True,🔗 Cross-Verified,FIR|SocialMedia
1672,ACC-1293,Ext-Acc-212705,Account,Sender,7.29,Low,7.26,False,📄 Single-Source,Financial
1673,ACC-0895,Ext-Acc-333053,Account,Receiver,7.29,Low,6.83,False,📄 Single-Source,Financial
1674,ACC-0195,Ext-Acc-368069,Account,Receiver,7.28,Low,6.82,False,📄 Single-Source,Financial
1675,ACC-0911,Ext-Acc-335823,Account,Receiver,7.27,Low,6.8,False,📄 Single-Source,Financial
1676,ACC-0741,Ext-Acc-391692,Account,Receiver,7.27,Low,6.78,False,📄 Single-Source,Financial
1677,ACC-0692,Ext-Acc-323601,Account,Receiver,7.27,Low,6.8,False,📄 Single-Source,Financial
1678,VEH-0013,Tn-68-Yy-1058,Vehicle,Motorcycle|SocialMention,7.27,Low,7.2,True,🔗 Cross-Verified,FIR|SocialMedia
1679,ACC-0579,Ext-Acc-332472,Account,Receiver,7.26,Low,6.76,False,📄 Single-Source,Financial
1680,ACC-0884,Ext-Acc-328255,Account,Receiver,7.26,Low,6.75,False,📄 Single-Source,Financial
1681,ACC-1271,Ext-Acc-339278,Account,Receiver,7.26,Low,6.75,False,📄 Single-Source,Financial
1682,ACC-1387,Ext-Acc-235865,Account,Sender,7.25,Low,6.74,False,📄 Single-Source,Financial
1683,ACC-0164,Ext-Acc-329392,Account,Receiver,7.25,Low,6.74,False,📄 Single-Source,Financial
1684,ACC-0400,Ext-Acc-384907,Account,Receiver,7.24,Low,6.71,False,📄 Single-Source,Financial
1685,ACC-1066,Ext-Acc-265979,Account,Sender,7.24,Low,6.7,False,📄 Single-Source,Financial
1686,ACC-0746,Ext-Acc-306695,Account,Receiver,7.24,Low,6.71,False,📄 Single-Source,Financial
1687,ACC-1245,Ext-Acc-377085,Account,Receiver,7.24,Low,6.7,False,📄 Single-Source,Financial
1688,ACC-1127,Ext-Acc-393612,Account,Receiver,7.24,Low,6.7,False,📄 Single-Source,Financial
1689,ACC-1069,Ext-Acc-246837,Account,Sender,7.22,Low,7.06,False,📄 Single-Source,Financial
1690,ACC-1241,Ext-Acc-289817,Account,Sender,7.21,Low,6.64,False,📄 Single-Source,Financial
1691,ACC-1205,Ext-Acc-301577,Account,Receiver,7.21,Low,6.63,False,📄 Single-Source,Financial
1692,ACC-0148,Ext-Acc-360981,Account,Receiver,7.21,Low,6.63,False,📄 Single-Source,Financial
1693,ACC-1185,Ext-Acc-316310,Account,Receiver,7.21,Low,6.62,False,📄 Single-Source,Financial
1694,ACC-1228,Ext-Acc-349421,Account,Receiver,7.21,Low,6.62,False,📄 Single-Source,Financial
1695,ACC-0406,Ext-Acc-362182,Account,Receiver,7.21,Low,6.62,False,📄 Single-Source,Financial
1696,ACC-0246,Ext-Acc-207780,Account,Sender,7.21,Low,6.62,False,📄 Single-Source,Financial
1697,LOC-0081,Selvapuram Garden College Road,Location,Incident|SocialMention,7.21,Low,7.04,True,🔗 Cross-Verified,FIR|SocialMedia
1698,ACC-1129,Ext-Acc-339596,Account,Receiver,7.2,Low,6.61,False,📄 Single-Source,Financial
1699,ACC-0500,Ext-Acc-235956,Account,Sender,7.2,Low,6.59,False,📄 Single-Source,Financial
1700,ACC-0853,Ext-Acc-355301,Account,Receiver,7.19,Low,6.58,False,📄 Single-Source,Financial
1701,ACC-1429,Ext-Acc-356998,Account,Receiver,7.19,Low,6.58,False,📄 Single-Source,Financial
1702,ACC-0728,Ext-Acc-383211,Account,Receiver,7.18,Low,6.55,False,📄 Single-Source,Financial
1703,ACC-0763,Ext-Acc-286267,Account,Sender,7.17,Low,6.52,False,📄 Single-Source,Financial
1704,ACC-0469,Ext-Acc-288487,Account,Sender,7.17,Low,6.52,False,📄 Single-Source,Financial
1705,ACC-0493,Ext-Acc-337912,Account,Receiver,7.14,Low,6.45,False,📄 Single-Source,Financial
1706,ACC-0351,Ext-Acc-366316,Account,Receiver,7.13,Low,6.42,False,📄 Single-Source,Financial
1707,ACC-1363,Ext-Acc-210082,Account,Sender,7.11,Low,6.37,False,📄 Single-Source,Financial
1708,ACC-0489,Ext-Acc-313792,Account,Receiver,7.01,Low,6.5,False,📄 Single-Source,Financial
1709,ACC-0227,Ext-Acc-312499,Account,Receiver,6.99,Low,6.45,False,📄 Single-Source,Financial
1710,ACC-0243,Ext-Acc-354477,Account,Receiver,6.99,Low,6.46,False,📄 Single-Source,Financial
1711,VEH-0038,Tn-30-Xx-1087,Vehicle,Scooter,6.98,Low,6.42,False,📄 Single-Source,FIR
1712,ACC-0291,Ext-Acc-399997,Account,Receiver,6.98,Low,6.42,False,📄 Single-Source,Financial
1713,ACC-1181,Ext-Acc-311265,Account,Receiver,6.96,Low,6.38,False,📄 Single-Source,Financial
1714,ACC-1326,Ext-Acc-334389,Account,Receiver,6.75,Low,5.82,False,📄 Single-Source,Financial
1715,ACC-0216,Ext-Acc-382050,Account,Receiver,6.7,Low,5.69,False,📄 Single-Source,Financial
1716,ACC-0362,Ext-Acc-329716,Account,Receiver,6.69,Low,5.65,False,📄 Single-Source,Financial
1717,ACC-1037,Ext-Acc-308817,Account,Receiver,6.68,Low,5.63,False,📄 Single-Source,Financial
1718,ACC-0485,Ext-Acc-369178,Account,Receiver,6.68,Low,5.63,False,📄 Single-Source,Financial
1719,ACC-0644,Ext-Acc-346818,Account,Receiver,6.67,Low,5.61,False,📄 Single-Source,Financial
1720,ACC-0340,Ext-Acc-373922,Account,Receiver,6.67,Low,6.38,False,📄 Single-Source,Financial
1721,ACC-1017,Ext-Acc-362539,Account,Receiver,6.65,Low,5.56,False,📄 Single-Source,Financial
1722,ACC-0913,Ext-Acc-269414,Account,Sender,6.62,Low,6.24,False,📄 Single-Source,Financial
1723,ACC-1317,Ext-Acc-311626,Account,Receiver,6.6,Low,5.42,False,📄 Single-Source,Financial
1724,ACC-0989,Ext-Acc-361408,Account,Receiver,6.47,Low,7.03,False,📄 Single-Source,Financial
1725,ACC-1225,Ext-Acc-323863,Account,Receiver,6.42,Low,6.68,False,📄 Single-Source,Financial
1726,ACC-0937,Ext-Acc-269248,Account,Sender,6.35,Low,6.52,False,📄 Single-Source,Financial
1727,ACC-0586,Ext-Acc-370070,Account,Receiver,6.27,Low,6.5,False,📄 Single-Source,Financial
1728,ACC-0237,Ext-Acc-218242,Account,Sender,3.36,Low,7.53,False,📄 Single-Source,Financial
1729,ACC-1371,Ext-Acc-270243,Account,Sender,3.35,Low,7.52,False,📄 Single-Source,Financial
1730,ACC-0096,Ext-Acc-274847,Account,Sender,3.33,Low,7.45,False,📄 Single-Source,Financial
1731,ACC-0382,Ext-Acc-286623,Account,Sender,3.31,Low,7.4,False,📄 Single-Source,Financial
1732,ACC-0410,Ext-Acc-266088,Account,Sender,3.3,Low,7.37,False,📄 Single-Source,Financial
1733,ACC-1455,Ext-Acc-251971,Account,Sender,3.29,Low,8.7,False,📄 Single-Source,Financial
1734,ACC-1354,Ext-Acc-285380,Account,Sender,3.29,Low,8.7,False,📄 Single-Source,Financial
1735,ACC-1102,Ext-Acc-215988,Account,Sender,3.28,Low,7.32,False,📄 Single-Source,Financial
1736,ACC-0737,Ext-Acc-289394,Account,Sender,3.28,Low,8.66,False,📄 Single-Source,Financial
1737,ACC-0162,Ext-Acc-286363,Account,Sender,3.28,Low,7.31,False,📄 Single-Source,Financial
1738,ACC-0926,Ext-Acc-277553,Account,Sender,3.28,Low,8.68,False,📄 Single-Source,Financial
1739,ACC-0492,Ext-Acc-244558,Account,Sender,3.28,Low,7.33,False,📄 Single-Source,Financial
1740,ACC-1178,Ext-Acc-297584,Account,Sender,3.27,Low,7.3,False,📄 Single-Source,Financial
1741,ACC-1223,Ext-Acc-399309,Account,Receiver,3.26,Low,7.27,False,📄 Single-Source,Financial
1742,ACC-0934,Ext-Acc-266062,Account,Sender,3.26,Low,7.28,False,📄 Single-Source,Financial
1743,ACC-1196,Ext-Acc-259609,Account,Sender,3.25,Low,7.24,False,📄 Single-Source,Financial
1744,ACC-0185,Ext-Acc-228124,Account,Sender,3.25,Low,8.59,False,📄 Single-Source,Financial
1745,ACC-0739,Ext-Acc-293685,Account,Sender,3.25,Low,7.24,False,📄 Single-Source,Financial
1746,ACC-0693,Ext-Acc-245557,Account,Sender,3.24,Low,8.56,False,📄 Single-Source,Financial
1747,ACC-1334,Ext-Acc-252244,Account,Sender,3.24,Low,7.22,False,📄 Single-Source,Financial
1748,ACC-1051,Ext-Acc-203063,Account,Sender,3.23,Low,8.53,False,📄 Single-Source,Financial
1749,ACC-0854,Ext-Acc-255404,Account,Sender,3.23,Low,8.54,False,📄 Single-Source,Financial
1750,ACC-0915,Ext-Acc-287614,Account,Sender,3.23,Low,8.53,False,📄 Single-Source,Financial
1751,ACC-0872,Ext-Acc-253547,Account,Sender,3.23,Low,8.53,False,📄 Single-Source,Financial
1752,ACC-0239,Ext-Acc-245656,Account,Sender,3.21,Low,7.15,False,📄 Single-Source,Financial
1753,ACC-1375,Ext-Acc-243927,Account,Sender,3.21,Low,8.48,False,📄 Single-Source,Financial
1754,ACC-1382,Ext-Acc-288317,Account,Sender,3.21,Low,8.49,False,📄 Single-Source,Financial
1755,ACC-1012,Ext-Acc-274853,Account,Sender,3.2,Low,8.47,False,📄 Single-Source,Financial
1756,ACC-0627,Ext-Acc-200609,Account,Sender,3.19,Low,8.44,False,📄 Single-Source,Financial
1757,ACC-1262,Ext-Acc-322057,Account,Receiver,3.18,Low,7.06,False,📄 Single-Source,Financial
1758,ACC-0270,Ext-Acc-268982,Account,Sender,3.18,Low,8.4,False,📄 Single-Source,Financial
1759,ACC-0676,Ext-Acc-215127,Account,Sender,3.18,Low,8.41,False,📄 Single-Source,Financial
1760,ACC-0146,Ext-Acc-256881,Account,Sender,3.18,Low,8.41,False,📄 Single-Source,Financial
1761,ACC-1299,Ext-Acc-296785,Account,Sender,3.17,Low,8.39,False,📄 Single-Source,Financial
1762,ACC-1084,Ext-Acc-268799,Account,Sender,3.16,Low,8.36,False,📄 Single-Source,Financial
1763,ACC-0797,Ext-Acc-396017,Account,Receiver,3.16,Low,7.0,False,📄 Single-Source,Financial
1764,ACC-0935,Ext-Acc-251337,Account,Sender,3.16,Low,7.0,False,📄 Single-Source,Financial
1765,ACC-0213,Ext-Acc-232441,Account,Sender,3.15,Low,8.14,False,📄 Single-Source,Financial
1766,ACC-0343,Ext-Acc-215985,Account,Sender,3.14,Low,8.31,False,📄 Single-Source,Financial
1767,ACC-0606,Ext-Acc-260390,Account,Sender,3.13,Low,8.1,False,📄 Single-Source,Financial
1768,ACC-0849,Ext-Acc-271302,Account,Sender,3.13,Low,7.92,False,📄 Single-Source,Financial
1769,ACC-1336,Ext-Acc-236435,Account,Sender,3.13,Low,8.28,False,📄 Single-Source,Financial
1770,ACC-0283,Ext-Acc-290289,Account,Sender,3.12,Low,8.07,False,📄 Single-Source,Financial
1771,ACC-1034,Ext-Acc-237416,Account,Sender,3.11,Low,8.22,False,📄 Single-Source,Financial
1772,ACC-1409,Ext-Acc-265391,Account,Sender,3.11,Low,8.21,False,📄 Single-Source,Financial
1773,ACC-0317,Ext-Acc-218350,Account,Sender,3.11,Low,8.23,False,📄 Single-Source,Financial
1774,ACC-1303,Ext-Acc-207002,Account,Sender,3.11,Low,8.23,False,📄 Single-Source,Financial
1775,ACC-0986,Ext-Acc-260689,Account,Sender,3.1,Low,8.2,False,📄 Single-Source,Financial
1776,ACC-0136,Ext-Acc-252976,Account,Sender,3.1,Low,8.19,False,📄 Single-Source,Financial
1777,ACC-0892,Ext-Acc-247022,Account,Sender,3.09,Low,8.18,False,📄 Single-Source,Financial
1778,ACC-1209,Ext-Acc-219567,Account,Sender,3.09,Low,8.18,False,📄 Single-Source,Financial
1779,ACC-0405,Ext-Acc-380024,Account,Receiver,3.08,Low,6.8,False,📄 Single-Source,Financial
1780,ACC-0117,Ext-Acc-279516,Account,Sender,3.08,Low,8.14,False,📄 Single-Source,Financial
1781,ACC-0383,Ext-Acc-256980,Account,Sender,3.08,Low,8.14,False,📄 Single-Source,Financial
1782,ACC-0210,Ext-Acc-228627,Account,Sender,3.07,Low,8.11,False,📄 Single-Source,Financial
1783,ACC-0751,Ext-Acc-220701,Account,Sender,3.07,Low,7.95,False,📄 Single-Source,Financial
1784,ACC-0454,Ext-Acc-222298,Account,Sender,3.07,Low,8.12,False,📄 Single-Source,Financial
1785,ACC-0532,Ext-Acc-284940,Account,Sender,3.07,Low,8.11,False,📄 Single-Source,Financial
1786,ACC-0567,Ext-Acc-228208,Account,Sender,3.07,Low,8.12,False,📄 Single-Source,Financial
1787,ACC-0624,Ext-Acc-245685,Account,Sender,3.07,Low,8.13,False,📄 Single-Source,Financial
1788,ACC-0475,Ext-Acc-293742,Account,Sender,3.06,Low,8.1,False,📄 Single-Source,Financial
1789,ACC-0640,Ext-Acc-301275,Account,Receiver,3.06,Low,8.1,False,📄 Single-Source,Financial
1790,ACC-1356,Ext-Acc-369968,Account,Receiver,3.06,Low,6.74,False,📄 Single-Source,Financial
1791,ACC-0272,Ext-Acc-283789,Account,Sender,3.06,Low,8.09,False,📄 Single-Source,Financial
1792,ACC-0442,Ext-Acc-297282,Account,Sender,3.05,Low,8.06,False,📄 Single-Source,Financial
1793,ACC-0304,Ext-Acc-398097,Account,Receiver,3.05,Low,6.72,False,📄 Single-Source,Financial
1794,ACC-1250,Ext-Acc-229627,Account,Sender,3.04,Low,8.03,False,📄 Single-Source,Financial
1795,ACC-0779,Ext-Acc-207762,Account,Sender,3.04,Low,8.03,False,📄 Single-Source,Financial
1796,ACC-0369,Ext-Acc-280096,Account,Sender,3.04,Low,8.04,False,📄 Single-Source,Financial
1797,ACC-1369,Ext-Acc-384259,Account,Receiver,3.04,Low,6.69,False,📄 Single-Source,Financial
1798,ACC-0639,Ext-Acc-222377,Account,Sender,3.04,Low,8.05,False,📄 Single-Source,Financial
1799,ACC-1327,Ext-Acc-241286,Account,Sender,3.03,Low,8.01,False,📄 Single-Source,Financial
1800,ACC-0309,Ext-Acc-258073,Account,Sender,3.03,Low,8.02,False,📄 Single-Source,Financial
1801,ACC-0412,Ext-Acc-260786,Account,Sender,3.03,Low,8.0,False,📄 Single-Source,Financial
1802,ACC-0713,Ext-Acc-378766,Account,Receiver,3.02,Low,6.64,False,📄 Single-Source,Financial
1803,ACC-1207,Ext-Acc-218255,Account,Sender,3.02,Low,7.99,False,📄 Single-Source,Financial
1804,ACC-1264,Ext-Acc-279362,Account,Sender,3.02,Low,7.99,False,📄 Single-Source,Financial
1805,ACC-0187,Ext-Acc-289381,Account,Sender,3.01,Low,7.96,False,📄 Single-Source,Financial
1806,ACC-0320,Ext-Acc-296458,Account,Sender,3.01,Low,7.95,False,📄 Single-Source,Financial
1807,ACC-0204,Ext-Acc-313178,Account,Receiver,3.0,Low,6.58,False,📄 Single-Source,Financial
1808,ACC-0559,Ext-Acc-287914,Account,Sender,2.99,Low,7.9,False,📄 Single-Source,Financial
1809,ACC-0993,Ext-Acc-202993,Account,Sender,2.99,Low,7.9,False,📄 Single-Source,Financial
1810,ACC-1399,Ext-Acc-200449,Account,Sender,2.99,Low,7.9,False,📄 Single-Source,Financial
1811,ACC-0998,Ext-Acc-208653,Account,Sender,2.98,Low,7.88,False,📄 Single-Source,Financial
1812,ACC-1091,Ext-Acc-350222,Account,Receiver,2.98,Low,6.52,False,📄 Single-Source,Financial
1813,ACC-0602,Ext-Acc-316976,Account,Receiver,2.98,Low,6.53,False,📄 Single-Source,Financial
1814,ACC-0428,Ext-Acc-290996,Account,Sender,2.97,Low,7.84,False,📄 Single-Source,Financial
1815,ACC-0681,Ext-Acc-258837,Account,Sender,2.97,Low,7.85,False,📄 Single-Source,Financial
1816,ACC-0391,Ext-Acc-233468,Account,Sender,2.97,Low,7.86,False,📄 Single-Source,Financial
1817,ACC-0481,Ext-Acc-369422,Account,Receiver,2.97,Low,6.51,False,📄 Single-Source,Financial
1818,ACC-1143,Ext-Acc-320207,Account,Receiver,2.97,Low,6.51,False,📄 Single-Source,Financial
1819,ACC-0275,Ext-Acc-385323,Account,Receiver,2.97,Low,6.51,False,📄 Single-Source,Financial
1820,ACC-0298,Ext-Acc-221679,Account,Sender,2.97,Low,7.68,False,📄 Single-Source,Financial
1821,ACC-0417,Ext-Acc-269489,Account,Sender,2.95,Low,7.79,False,📄 Single-Source,Financial
1822,ACC-0844,Ext-Acc-219350,Account,Sender,2.95,Low,7.81,False,📄 Single-Source,Financial
1823,ACC-0553,Ext-Acc-276072,Account,Sender,2.95,Low,7.81,False,📄 Single-Source,Financial
1824,ACC-0701,Ext-Acc-296084,Account,Sender,2.95,Low,7.43,False,📄 Single-Source,Financial
1825,ACC-0829,Ext-Acc-269540,Account,Sender,2.94,Low,7.41,False,📄 Single-Source,Financial
1826,ACC-1160,Ext-Acc-202369,Account,Sender,2.94,Low,7.78,False,📄 Single-Source,Financial
1827,ACC-1283,Ext-Acc-331471,Account,Receiver,2.93,Low,6.4,False,📄 Single-Source,Financial
1828,ACC-1237,Ext-Acc-362283,Account,Receiver,2.93,Low,6.4,False,📄 Single-Source,Financial
1829,ACC-1071,Ext-Acc-223998,Account,Sender,2.93,Low,7.74,False,📄 Single-Source,Financial
1830,ACC-1184,Ext-Acc-210032,Account,Sender,2.91,Low,7.34,False,📄 Single-Source,Financial
1831,ACC-0478,Ext-Acc-299059,Account,Sender,2.91,Low,7.33,False,📄 Single-Source,Financial
1832,ACC-1019,Ext-Acc-249324,Account,Sender,2.88,Low,7.44,False,📄 Single-Source,Financial
1833,ACC-1238,Ext-Acc-342909,Account,Receiver,2.86,Low,6.22,False,📄 Single-Source,Financial
1834,ACC-0178,Ext-Acc-293677,Account,Sender,2.85,Low,7.41,False,📄 Single-Source,Financial
1835,ACC-0716,Ext-Acc-291590,Account,Sender,2.84,Low,7.32,False,📄 Single-Source,Financial
1836,ACC-0581,Ext-Acc-242157,Account,Sender,2.83,Low,7.31,False,📄 Single-Source,Financial
1837,ACC-0173,Ext-Acc-268690,Account,Sender,2.83,Low,7.32,False,📄 Single-Source,Financial
1838,ACC-0769,Ext-Acc-200094,Account,Sender,2.83,Low,7.31,False,📄 Single-Source,Financial
1839,ACC-0691,Ext-Acc-200419,Account,Sender,2.81,Low,7.27,False,📄 Single-Source,Financial
1840,ACC-0724,Ext-Acc-233072,Account,Sender,2.81,Low,7.25,False,📄 Single-Source,Financial
1841,ACC-0305,Ext-Acc-289995,Account,Sender,2.81,Low,7.26,False,📄 Single-Source,Financial
1842,ACC-0101,Ext-Acc-208981,Account,Sender,2.8,Low,7.22,False,📄 Single-Source,Financial
1843,ACC-0767,Ext-Acc-234757,Account,Sender,2.8,Low,7.23,False,📄 Single-Source,Financial
1844,ACC-0525,Ext-Acc-251992,Account,Sender,2.8,Low,7.25,False,📄 Single-Source,Financial
1845,ACC-0742,Ext-Acc-233725,Account,Sender,2.79,Low,7.2,False,📄 Single-Source,Financial
1846,ACC-0393,Ext-Acc-241060,Account,Sender,2.78,Low,7.19,False,📄 Single-Source,Financial
1847,ACC-1168,Ext-Acc-207386,Account,Sender,2.76,Low,7.14,False,📄 Single-Source,Financial
1848,ACC-0608,Ext-Acc-373505,Account,Receiver,2.72,Low,7.06,False,📄 Single-Source,Financial
1849,ACC-1335,Ext-Acc-334080,Account,Receiver,2.71,Low,6.79,False,📄 Single-Source,Financial
1850,ACC-0801,Ext-Acc-323264,Account,Receiver,2.7,Low,6.78,False,📄 Single-Source,Financial
1851,ACC-0810,Ext-Acc-350449,Account,Receiver,2.66,Low,6.85,False,📄 Single-Source,Financial
1852,ACC-0757,Ext-Acc-319949,Account,Receiver,2.62,Low,6.56,False,📄 Single-Source,Financial
1853,ACC-0702,Ext-Acc-268482,Account,Sender,2.62,Low,6.55,False,📄 Single-Source,Financial
1854,ACC-0871,Ext-Acc-336630,Account,Receiver,2.62,Low,6.55,False,📄 Single-Source,Financial
1855,ACC-0766,Ext-Acc-399914,Account,Receiver,2.56,Low,6.58,False,📄 Single-Source,Financial
1856,ACC-0791,Ext-Acc-303454,Account,Receiver,2.56,Low,6.59,False,📄 Single-Source,Financial
1857,ACC-0440,Ext-Acc-237281,Account,Sender,2.55,Low,6.57,False,📄 Single-Source,Financial
1858,ACC-0331,Ext-Acc-352354,Account,Receiver,2.52,Low,6.48,False,📄 Single-Source,Financial
1859,ACC-0837,Ext-Acc-327165,Account,Receiver,2.52,Low,6.49,False,📄 Single-Source,Financial
1860,ACC-1435,Ext-Acc-323431,Account,Receiver,2.52,Low,6.48,False,📄 Single-Source,Financial
1861,ACC-0427,Ext-Acc-364625,Account,Receiver,2.49,Low,6.4,False,📄 Single-Source,Financial
1862,ACC-0709,Ext-Acc-320079,Account,Receiver,2.49,Low,6.4,False,📄 Single-Source,Financial
1863,ACC-0927,Ext-Acc-376758,Account,Receiver,2.48,Low,6.56,False,📄 Single-Source,Financial
1864,ACC-1456,Ext-Acc-383870,Account,Receiver,2.48,Low,6.57,False,📄 Single-Source,Financial
1865,ACC-1355,Ext-Acc-313422,Account,Receiver,2.48,Low,6.57,False,📄 Single-Source,Financial
1866,ACC-1067,Ext-Acc-313332,Account,Receiver,2.48,Low,6.38,False,📄 Single-Source,Financial
1867,ACC-0186,Ext-Acc-337431,Account,Receiver,2.46,Low,6.51,False,📄 Single-Source,Financial
1868,ACC-0694,Ext-Acc-392382,Account,Receiver,2.45,Low,6.48,False,📄 Single-Source,Financial
1869,ACC-0738,Ext-Acc-368126,Account,Receiver,2.45,Low,6.48,False,📄 Single-Source,Financial
1870,ACC-0873,Ext-Acc-358002,Account,Receiver,2.45,Low,6.47,False,📄 Single-Source,Financial
1871,ACC-0855,Ext-Acc-381295,Account,Receiver,2.45,Low,6.47,False,📄 Single-Source,Financial
1872,ACC-0916,Ext-Acc-380425,Account,Receiver,2.45,Low,6.47,False,📄 Single-Source,Financial
1873,ACC-1052,Ext-Acc-331030,Account,Receiver,2.44,Low,6.45,False,📄 Single-Source,Financial
1874,ACC-1383,Ext-Acc-310918,Account,Receiver,2.44,Low,6.44,False,📄 Single-Source,Financial
1875,ACC-1376,Ext-Acc-302472,Account,Receiver,2.43,Low,6.43,False,📄 Single-Source,Financial
1876,ACC-1013,Ext-Acc-366433,Account,Receiver,2.43,Low,6.42,False,📄 Single-Source,Financial
1877,ACC-0677,Ext-Acc-358328,Account,Receiver,2.42,Low,6.39,False,📄 Single-Source,Financial
1878,ACC-0147,Ext-Acc-399663,Account,Receiver,2.42,Low,6.39,False,📄 Single-Source,Financial
1879,ACC-1085,Ext-Acc-308655,Account,Receiver,2.41,Low,6.36,False,📄 Single-Source,Financial
1880,ACC-0271,Ext-Acc-309506,Account,Receiver,2.41,Low,6.38,False,📄 Single-Source,Financial
1881,ACC-1300,Ext-Acc-331266,Account,Receiver,2.41,Low,6.38,False,📄 Single-Source,Financial
1882,ACC-0628,Ext-Acc-337272,Account,Receiver,2.38,Low,6.29,False,📄 Single-Source,Financial
1883,ACC-0318,Ext-Acc-325746,Account,Receiver,2.35,Low,6.21,False,📄 Single-Source,Financial
1884,ACC-0211,Ext-Acc-389173,Account,Receiver,2.32,Low,6.14,False,📄 Single-Source,Financial
1885,ACC-0344,Ext-Acc-393674,Account,Receiver,2.32,Low,6.13,False,📄 Single-Source,Financial
1886,ACC-1337,Ext-Acc-327864,Account,Receiver,2.31,Low,6.11,False,📄 Single-Source,Financial
1887,ACC-1410,Ext-Acc-323638,Account,Receiver,2.31,Low,6.11,False,📄 Single-Source,Financial
1888,ACC-1035,Ext-Acc-380580,Account,Receiver,2.3,Low,6.09,False,📄 Single-Source,Financial
1889,ACC-1304,Ext-Acc-356623,Account,Receiver,2.3,Low,6.08,False,📄 Single-Source,Financial
1890,ACC-1210,Ext-Acc-351259,Account,Receiver,2.29,Low,6.06,False,📄 Single-Source,Financial
1891,ACC-0137,Ext-Acc-300150,Account,Receiver,2.29,Low,6.05,False,📄 Single-Source,Financial
1892,ACC-0384,Ext-Acc-345123,Account,Receiver,2.28,Low,6.04,False,📄 Single-Source,Financial
1893,ACC-0893,Ext-Acc-340160,Account,Receiver,2.28,Low,6.03,False,📄 Single-Source,Financial
1894,ACC-0625,Ext-Acc-385449,Account,Receiver,2.28,Low,6.03,False,📄 Single-Source,Financial
1895,ACC-0118,Ext-Acc-360946,Account,Receiver,2.28,Low,6.04,False,📄 Single-Source,Financial
1896,ACC-0987,Ext-Acc-364631,Account,Receiver,2.27,Low,6.01,False,📄 Single-Source,Financial
1897,ACC-0455,Ext-Acc-315381,Account,Receiver,2.27,Low,6.01,False,📄 Single-Source,Financial
1898,ACC-0476,Ext-Acc-317191,Account,Receiver,2.26,Low,5.98,False,📄 Single-Source,Financial
1899,ACC-0533,Ext-Acc-398376,Account,Receiver,2.25,Low,5.96,False,📄 Single-Source,Financial
1900,ACC-0568,Ext-Acc-378924,Account,Receiver,2.25,Low,5.96,False,📄 Single-Source,Financial
1901,ACC-0273,Ext-Acc-385089,Account,Receiver,2.25,Low,5.96,False,📄 Single-Source,Financial
1902,ACC-0443,Ext-Acc-335118,Account,Receiver,2.25,Low,5.96,False,📄 Single-Source,Financial
1903,ACC-1265,Ext-Acc-354723,Account,Receiver,2.24,Low,5.92,False,📄 Single-Source,Financial
1904,ACC-0413,Ext-Acc-392161,Account,Receiver,2.24,Low,5.91,False,📄 Single-Source,Financial
1905,ACC-1251,Ext-Acc-376139,Account,Receiver,2.23,Low,5.9,False,📄 Single-Source,Financial
1906,ACC-0370,Ext-Acc-391730,Account,Receiver,2.22,Low,5.86,False,📄 Single-Source,Financial
1907,ACC-0188,Ext-Acc-341889,Account,Receiver,2.22,Low,5.86,False,📄 Single-Source,Financial
1908,ACC-0310,Ext-Acc-383071,Account,Receiver,2.22,Low,5.86,False,📄 Single-Source,Financial
1909,ACC-0780,Ext-Acc-318389,Account,Receiver,2.22,Low,5.88,False,📄 Single-Source,Financial
1910,ACC-1328,Ext-Acc-301862,Account,Receiver,2.21,Low,5.85,False,📄 Single-Source,Financial
1911,ACC-0321,Ext-Acc-347028,Account,Receiver,2.2,Low,5.83,False,📄 Single-Source,Financial
1912,ACC-1400,Ext-Acc-353982,Account,Receiver,2.2,Low,5.81,False,📄 Single-Source,Financial
1913,ACC-1208,Ext-Acc-370657,Account,Receiver,2.2,Low,5.81,False,📄 Single-Source,Financial
1914,ACC-0560,Ext-Acc-360774,Account,Receiver,2.2,Low,5.81,False,📄 Single-Source,Financial
1915,ACC-0554,Ext-Acc-307094,Account,Receiver,2.2,Low,5.81,False,📄 Single-Source,Financial
1916,ACC-0994,Ext-Acc-384267,Account,Receiver,2.2,Low,5.83,False,📄 Single-Source,Financial
1917,ACC-0845,Ext-Acc-398521,Account,Receiver,2.19,Low,5.8,False,📄 Single-Source,Financial
1918,ACC-0682,Ext-Acc-382684,Account,Receiver,2.19,Low,5.78,False,📄 Single-Source,Financial
1919,ACC-1161,Ext-Acc-323480,Account,Receiver,2.18,Low,5.76,False,📄 Single-Source,Financial
1920,ACC-0999,Ext-Acc-396466,Account,Receiver,2.18,Low,5.77,False,📄 Single-Source,Financial
1921,ACC-0392,Ext-Acc-351269,Account,Receiver,2.18,Low,5.77,False,📄 Single-Source,Financial
1922,ACC-0429,Ext-Acc-348916,Account,Receiver,2.18,Low,5.76,False,📄 Single-Source,Financial
1923,ACC-0418,Ext-Acc-358360,Account,Receiver,2.17,Low,5.75,False,📄 Single-Source,Financial
1924,ACC-1072,Ext-Acc-345485,Account,Receiver,2.16,Low,5.7,False,📄 Single-Source,Financial
1925,ACC-0823,Ext-Acc-235426,Account,Sender,0.68,Low,1.8,False,📄 Single-Source,Financial
1926,ACC-0793,Ext-Acc-392634,Account,Receiver,0.68,Low,1.8,False,📄 Single-Source,Financial
1927,ACC-0591,Ext-Acc-284473,Account,Sender,0.68,Low,1.8,False,📄 Single-Source,Financial
1928,ACC-0134,Ext-Acc-374607,Account,Receiver,0.68,Low,1.8,False,📄 Single-Source,Financial
1929,ACC-0133,Ext-Acc-277993,Account,Sender,0.68,Low,1.8,False,📄 Single-Source,Financial
1930,ACC-0792,Ext-Acc-250738,Account,Sender,0.68,Low,1.8,False,📄 Single-Source,Financial
1931,ACC-1305,Ext-Acc-288111,Account,Sender,0.68,Low,1.8,False,📄 Single-Source,Financial
1932,ACC-1149,Ext-Acc-314383,Account,Receiver,0.68,Low,1.8,False,📄 Single-Source,Financial
1933,ACC-1095,Ext-Acc-380963,Account,Receiver,0.68,Low,1.8,False,📄 Single-Source,Financial
1934,ACC-0541,Ext-Acc-295374,Account,Sender,0.68,Low,1.8,False,📄 Single-Source,Financial
1935,ACC-1229,Ext-Acc-280539,Account,Sender,0.68,Low,1.8,False,📄 Single-Source,Financial
1936,ACC-0542,Ext-Acc-314322,Account,Receiver,0.68,Low,1.8,False,📄 Single-Source,Financial
1937,ACC-0535,Ext-Acc-379700,Account,Receiver,0.68,Low,1.8,False,📄 Single-Source,Financial
1938,ACC-0772,Ext-Acc-350466,Account,Receiver,0.68,Low,1.8,False,📄 Single-Source,Financial
1939,ACC-1269,Ext-Acc-229220,Account,Sender,0.68,Low,1.8,False,📄 Single-Source,Financial
1940,ACC-0534,Ext-Acc-291262,Account,Sender,0.68,Low,1.8,False,📄 Single-Source,Financial
1941,ACC-0922,Ext-Acc-328358,Account,Receiver,0.68,Low,1.8,False,📄 Single-Source,Financial
1942,ACC-0424,Ext-Acc-357999,Account,Receiver,0.68,Low,1.8,False,📄 Single-Source,Financial
1943,ACC-0149,Ext-Acc-297605,Account,Sender,0.68,Low,1.8,False,📄 Single-Source,Financial
1944,ACC-0942,Ext-Acc-225471,Account,Sender,0.68,Low,1.8,False,📄 Single-Source,Financial
1945,ACC-0943,Ext-Acc-333779,Account,Receiver,0.68,Low,1.8,False,📄 Single-Source,Financial
1946,ACC-0921,Ext-Acc-264166,Account,Sender,0.68,Low,1.8,False,📄 Single-Source,Financial
1947,ACC-0771,Ext-Acc-204485,Account,Sender,0.68,Low,1.8,False,📄 Single-Source,Financial
1948,ACC-0761,Ext-Acc-342810,Account,Receiver,0.68,Low,1.8,False,📄 Single-Source,Financial
1949,ACC-1270,Ext-Acc-326946,Account,Receiver,0.68,Low,1.8,False,📄 Single-Source,Financial
1950,ACC-1342,Ext-Acc-311799,Account,Receiver,0.68,Low,1.8,False,📄 Single-Source,Financial
1951,ACC-1313,Ext-Acc-374504,Account,Receiver,0.68,Low,1.8,False,📄 Single-Source,Financial
1952,ACC-1341,Ext-Acc-205805,Account,Sender,0.68,Low,1.8,False,📄 Single-Source,Financial
1953,ACC-1188,Ext-Acc-345954,Account,Receiver,0.68,Low,1.8,False,📄 Single-Source,Financial
1954,ACC-1187,Ext-Acc-241930,Account,Sender,0.68,Low,1.8,False,📄 Single-Source,Financial
1955,ACC-1443,Ext-Acc-388403,Account,Receiver,0.68,Low,1.8,False,📄 Single-Source,Financial
1956,ACC-1464,Ext-Acc-248166,Account,Sender,0.68,Low,1.8,False,📄 Single-Source,Financial
1957,ACC-1465,Ext-Acc-388904,Account,Receiver,0.68,Low,1.8,False,📄 Single-Source,Financial
1958,ACC-1442,Ext-Acc-236903,Account,Sender,0.68,Low,1.8,False,📄 Single-Source,Financial
1959,ACC-1302,Ext-Acc-317321,Account,Receiver,0.68,Low,1.8,False,📄 Single-Source,Financial
1960,ACC-0423,Ext-Acc-297193,Account,Sender,0.68,Low,1.8,False,📄 Single-Source,Financial
1961,ACC-1301,Ext-Acc-244898,Account,Sender,0.68,Low,1.8,False,📄 Single-Source,Financial
1962,ACC-1439,Ext-Acc-215769,Account,Sender,0.68,Low,1.8,False,📄 Single-Source,Financial
1963,ACC-0323,Ext-Acc-254344,Account,Sender,0.68,Low,1.8,False,📄 Single-Source,Financial
1964,ACC-0516,Ext-Acc-252928,Account,Sender,0.68,Low,1.8,False,📄 Single-Source,Financial
1965,ACC-1230,Ext-Acc-330496,Account,Receiver,0.68,Low,1.8,False,📄 Single-Source,Financial
1966,ACC-0522,Ext-Acc-224044,Account,Sender,0.68,Low,1.8,False,📄 Single-Source,Financial
1967,ACC-0517,Ext-Acc-376015,Account,Receiver,0.68,Low,1.8,False,📄 Single-Source,Financial
1968,ACC-1390,Ext-Acc-305066,Account,Receiver,0.68,Low,1.8,False,📄 Single-Source,Financial
1969,ACC-1389,Ext-Acc-221174,Account,Sender,0.68,Low,1.8,False,📄 Single-Source,Financial
1970,ACC-0353,Ext-Acc-254519,Account,Sender,0.68,Low,1.8,False,📄 Single-Source,Financial
1971,ACC-0354,Ext-Acc-392855,Account,Receiver,0.68,Low,1.8,False,📄 Single-Source,Financial
1972,ACC-1306,Ext-Acc-319233,Account,Receiver,0.68,Low,1.8,False,📄 Single-Source,Financial
1973,ACC-1312,Ext-Acc-260302,Account,Sender,0.68,Low,1.8,False,📄 Single-Source,Financial
1974,ACC-0760,Ext-Acc-276595,Account,Sender,0.68,Low,1.8,False,📄 Single-Source,Financial
1975,ACC-0150,Ext-Acc-379482,Account,Receiver,0.68,Low,1.8,False,📄 Single-Source,Financial
1976,ACC-0824,Ext-Acc-343992,Account,Receiver,0.68,Low,1.8,False,📄 Single-Source,Financial
1977,ACC-1118,Ext-Acc-238293,Account,Sender,0.68,Low,1.8,False,📄 Single-Source,Financial
1978,ACC-0431,Ext-Acc-393394,Account,Receiver,0.68,Low,1.8,False,📄 Single-Source,Financial
1979,ACC-0430,Ext-Acc-268898,Account,Sender,0.68,Low,1.8,False,📄 Single-Source,Financial
1980,ACC-1144,Ext-Acc-229419,Account,Sender,0.68,Low,1.8,False,📄 Single-Source,Financial
1981,ACC-1145,Ext-Acc-320582,Account,Receiver,0.68,Low,1.8,False,📄 Single-Source,Financial
1982,ACC-1146,Ext-Acc-267025,Account,Sender,0.68,Low,1.8,False,📄 Single-Source,Financial
1983,ACC-1147,Ext-Acc-314765,Account,Receiver,0.68,Low,1.8,False,📄 Single-Source,Financial
1984,ACC-0222,Ext-Acc-271058,Account,Sender,0.68,Low,1.8,False,📄 Single-Source,Financial
1985,ACC-0223,Ext-Acc-307698,Account,Receiver,0.68,Low,1.8,False,📄 Single-Source,Financial
1986,ACC-1148,Ext-Acc-213629,Account,Sender,0.68,Low,1.8,False,📄 Single-Source,Financial
1987,ACC-1081,Ext-Acc-279150,Account,Sender,0.68,Low,1.8,False,📄 Single-Source,Financial
1988,ACC-0523,Ext-Acc-312521,Account,Receiver,0.68,Low,1.8,False,📄 Single-Source,Financial
1989,ACC-1090,Ext-Acc-355023,Account,Receiver,0.68,Low,1.8,False,📄 Single-Source,Financial
1990,ACC-1056,Ext-Acc-306524,Account,Receiver,0.68,Low,1.8,False,📄 Single-Source,Financial
1991,ACC-0975,Ext-Acc-241592,Account,Sender,0.68,Low,1.8,False,📄 Single-Source,Financial
1992,ACC-1025,Ext-Acc-235910,Account,Sender,0.68,Low,1.8,False,📄 Single-Source,Financial
1993,ACC-1026,Ext-Acc-397066,Account,Receiver,0.68,Low,1.8,False,📄 Single-Source,Financial
1994,ACC-1042,Ext-Acc-270630,Account,Sender,0.68,Low,1.8,False,📄 Single-Source,Financial
1995,ACC-0448,Ext-Acc-207166,Account,Sender,0.68,Low,1.8,False,📄 Single-Source,Financial
1996,ACC-0449,Ext-Acc-388027,Account,Receiver,0.68,Low,1.8,False,📄 Single-Source,Financial
1997,ACC-1043,Ext-Acc-381539,Account,Receiver,0.68,Low,1.8,False,📄 Single-Source,Financial
1998,ACC-0973,Ext-Acc-356118,Account,Receiver,0.68,Low,1.8,False,📄 Single-Source,Financial
1999,ACC-1055,Ext-Acc-202367,Account,Sender,0.68,Low,1.8,False,📄 Single-Source,Financial
2000,ACC-0106,Ext-Acc-283507,Account,Sender,0.68,Low,1.8,False,📄 Single-Source,Financial
2001,ACC-1119,Ext-Acc-340290,Account,Receiver,0.68,Low,1.8,False,📄 Single-Source,Financial
2002,ACC-0976,Ext-Acc-380432,Account,Receiver,0.68,Low,1.8,False,📄 Single-Source,Financial
2003,ACC-0324,Ext-Acc-394405,Account,Receiver,0.68,Low,1.8,False,📄 Single-Source,Financial
2004,ACC-0867,Ext-Acc-259606,Account,Sender,0.68,Low,1.8,False,📄 Single-Source,Financial
2005,ACC-1094,Ext-Acc-277872,Account,Sender,0.68,Low,1.8,False,📄 Single-Source,Financial
2006,ACC-0107,Ext-Acc-321178,Account,Receiver,0.68,Low,1.8,False,📄 Single-Source,Financial
2007,ACC-0109,Ext-Acc-246357,Account,Sender,0.68,Low,1.8,False,📄 Single-Source,Financial
2008,ACC-0110,Ext-Acc-353264,Account,Receiver,0.68,Low,1.8,False,📄 Single-Source,Financial
2009,ACC-0595,Ext-Acc-345663,Account,Receiver,0.68,Low,1.8,False,📄 Single-Source,Financial
2010,ACC-0594,Ext-Acc-281888,Account,Sender,0.68,Low,1.8,False,📄 Single-Source,Financial
2011,ACC-0848,Ext-Acc-375195,Account,Receiver,0.68,Low,1.8,False,📄 Single-Source,Financial
2012,ACC-0732,Ext-Acc-296267,Account,Sender,0.68,Low,1.8,False,📄 Single-Source,Financial
2013,ACC-0733,Ext-Acc-372098,Account,Receiver,0.68,Low,1.8,False,📄 Single-Source,Financial
2014,ACC-0592,Ext-Acc-317324,Account,Receiver,0.68,Low,1.8,False,📄 Single-Source,Financial
2015,ACC-0847,Ext-Acc-220896,Account,Sender,0.68,Low,1.8,False,📄 Single-Source,Financial
2016,ACC-0868,Ext-Acc-372174,Account,Receiver,0.68,Low,1.8,False,📄 Single-Source,Financial
2017,ACC-0748,Ext-Acc-378820,Account,Receiver,0.68,Low,1.8,False,📄 Single-Source,Financial
2018,ACC-0955,Ext-Acc-253955,Account,Sender,0.68,Low,1.8,False,📄 Single-Source,Financial
2019,ACC-0956,Ext-Acc-378159,Account,Receiver,0.68,Low,1.8,False,📄 Single-Source,Financial
2020,ACC-1440,Ext-Acc-376357,Account,Receiver,0.68,Low,1.8,False,📄 Single-Source,Financial
2021,ACC-0972,Ext-Acc-273060,Account,Sender,0.68,Low,1.8,False,📄 Single-Source,Financial
2022,ACC-1082,Ext-Acc-308803,Account,Receiver,0.68,Low,1.8,False,📄 Single-Source,Financial
2023,ACC-1089,Ext-Acc-226610,Account,Sender,0.68,Low,1.8,False,📄 Single-Source,Financial
2024,ACC-0747,Ext-Acc-232997,Account,Sender,0.68,Low,1.8,False,📄 Single-Source,Financial
2025,ACC-0208,Ext-Acc-224219,Account,Sender,0.68,Low,1.8,False,📄 Single-Source,Financial
2026,ACC-0209,Ext-Acc-362580,Account,Receiver,0.68,Low,1.8,False,📄 Single-Source,Financial
2027,MOB-0160,9000000451,Mobile,Mentioned|TextMention,0.0,Low,0.0,True,🔗 Cross-Verified,FIR|SocialMedia
2028,MOB-0081,9000000152,Mobile,Mentioned,0.0,Low,0.0,False,📄 Single-Source,FIR
2029,MOB-0082,9000000333,Mobile,Mentioned|TextMention,0.0,Low,0.0,True,🔗 Cross-Verified,FIR|SocialMedia
2030,MOB-0083,9000000053,Mobile,Mentioned|TextMention,0.0,Low,0.0,True,🔗 Cross-Verified,FIR|SocialMedia
2031,MOB-0085,9000000454,Mobile,Mentioned|TextMention,0.0,Low,0.0,True,🔗 Cross-Verified,FIR|SocialMedia
2032,MOB-0124,9000000189,Mobile,Mentioned|TextMention,0.0,Low,0.0,True,🔗 Cross-Verified,FIR|SocialMedia
2033,MOB-0159,9000000215,Mobile,Mentioned|TextMention,0.0,Low,0.0,True,🔗 Cross-Verified,FIR|SocialMedia
2034,MOB-0158,9000000350,Mobile,Mentioned,0.0,Low,0.0,False,📄 Single-Source,FIR
2035,MOB-0125,9000000166,Mobile,Mentioned|TextMention,0.0,Low,0.0,True,🔗 Cross-Verified,FIR|SocialMedia
2036,MOB-0123,9000000073,Mobile,Mentioned|TextMention,0.0,Low,0.0,True,🔗 Cross-Verified,FIR|SocialMedia
2037,MOB-0079,9000000133,Mobile,Mentioned,0.0,Low,0.0,False,📄 Single-Source,FIR
2038,MOB-0080,9000000039,Mobile,Mentioned,0.0,Low,0.0,False,📄 Single-Source,FIR
2039,MOB-0068,9000000136,Mobile,Mentioned|TextMention,0.0,Low,0.0,True,🔗 Cross-Verified,FIR|SocialMedia
2040,MOB-0078,9000000191,Mobile,Mentioned|TextMention,0.0,Low,0.0,True,🔗 Cross-Verified,FIR|SocialMedia
2041,MOB-0077,9000000351,Mobile,Mentioned|TextMention,0.0,Low,0.0,True,🔗 Cross-Verified,FIR|SocialMedia
2042,MOB-0076,9000000284,Mobile,Mentioned,0.0,Low,0.0,False,📄 Single-Source,FIR
2043,MOB-0075,9000000174,Mobile,Mentioned,0.0,Low,0.0,False,📄 Single-Source,FIR
2044,MOB-0074,9000000434,Mobile,Mentioned,0.0,Low,0.0,False,📄 Single-Source,FIR
2045,MOB-0073,9000000256,Mobile,Mentioned|TextMention,0.0,Low,0.0,True,🔗 Cross-Verified,FIR|SocialMedia
2046,MOB-0072,9000000461,Mobile,Mentioned|TextMention,0.0,Low,0.0,True,🔗 Cross-Verified,FIR|SocialMedia
2047,MOB-0071,9000000050,Mobile,Mentioned,0.0,Low,0.0,False,📄 Single-Source,FIR
2048,MOB-0070,9000000115,Mobile,Mentioned|TextMention,0.0,Low,0.0,True,🔗 Cross-Verified,FIR|SocialMedia
2049,MOB-0069,9000000339,Mobile,Mentioned|TextMention,0.0,Low,0.0,True,🔗 Cross-Verified,FIR|SocialMedia
2050,MOB-0121,9000000091,Mobile,Mentioned|TextMention,0.0,Low,0.0,True,🔗 Cross-Verified,FIR|SocialMedia
2051,MOB-0067,9000000469,Mobile,Mentioned,0.0,Low,0.0,False,📄 Single-Source,FIR
2052,MOB-0066,9000000076,Mobile,Mentioned|TextMention,0.0,Low,0.0,True,🔗 Cross-Verified,FIR|SocialMedia
2053,MOB-0122,9000000045,Mobile,Mentioned|TextMention,0.0,Low,0.0,True,🔗 Cross-Verified,FIR|SocialMedia
2054,MOB-0109,9000000273,Mobile,Mentioned|TextMention,0.0,Low,0.0,True,🔗 Cross-Verified,FIR|SocialMedia
2055,MOB-0120,9000000078,Mobile,Mentioned,0.0,Low,0.0,False,📄 Single-Source,FIR
2056,MOB-0105,9000000393,Mobile,Mentioned|TextMention,0.0,Low,0.0,True,🔗 Cross-Verified,FIR|SocialMedia
2057,MOB-0156,9000000297,Mobile,Mentioned|TextMention,0.0,Low,0.0,True,🔗 Cross-Verified,FIR|SocialMedia
2058,MOB-0157,9000000262,Mobile,Mentioned|TextMention,0.0,Low,0.0,True,🔗 Cross-Verified,FIR|SocialMedia
2059,MOB-0129,9000000005,Mobile,Mentioned|TextMention,0.0,Low,0.0,True,🔗 Cross-Verified,FIR|SocialMedia
2060,MOB-0128,9000000380,Mobile,Mentioned|TextMention,0.0,Low,0.0,True,🔗 Cross-Verified,FIR|SocialMedia
2061,MOB-0065,9000000352,Mobile,Mentioned|TextMention,0.0,Low,0.0,True,🔗 Cross-Verified,FIR|SocialMedia
2062,MOB-0126,9000000439,Mobile,Mentioned|TextMention,0.0,Low,0.0,True,🔗 Cross-Verified,FIR|SocialMedia
2063,MOB-0099,9000000070,Mobile,Mentioned|TextMention,0.0,Low,0.0,True,🔗 Cross-Verified,FIR|SocialMedia
2064,MOB-0100,9000000147,Mobile,Mentioned|TextMention,0.0,Low,0.0,True,🔗 Cross-Verified,FIR|SocialMedia
2065,MOB-0101,9000000318,Mobile,Mentioned|TextMention,0.0,Low,0.0,True,🔗 Cross-Verified,FIR|SocialMedia
2066,MOB-0102,9000000017,Mobile,Mentioned|TextMention,0.0,Low,0.0,True,🔗 Cross-Verified,FIR|SocialMedia
2067,MOB-0103,9000000374,Mobile,Mentioned|TextMention,0.0,Low,0.0,True,🔗 Cross-Verified,FIR|SocialMedia
2068,MOB-0104,9000000042,Mobile,Mentioned|TextMention,0.0,Low,0.0,True,🔗 Cross-Verified,FIR|SocialMedia
2069,MOB-0106,9000000250,Mobile,Mentioned,0.0,Low,0.0,False,📄 Single-Source,FIR
2070,MOB-0119,9000000071,Mobile,Mentioned|TextMention,0.0,Low,0.0,True,🔗 Cross-Verified,FIR|SocialMedia
2071,SOC-0237,@The_Vasanthi389,SocialHandle,Author,0.0,Low,0.0,False,📄 Single-Source,SocialMedia
2072,MOB-0107,9000000354,Mobile,Mentioned,0.0,Low,0.0,False,📄 Single-Source,FIR
2073,MOB-0108,9000000247,Mobile,Mentioned|TextMention,0.0,Low,0.0,True,🔗 Cross-Verified,FIR|SocialMedia
2074,MOB-0110,9000000384,Mobile,Mentioned|TextMention,0.0,Low,0.0,True,🔗 Cross-Verified,FIR|SocialMedia
2075,MOB-0111,9000000317,Mobile,Mentioned|TextMention,0.0,Low,0.0,True,🔗 Cross-Verified,FIR|SocialMedia
2076,MOB-0112,9000000353,Mobile,Mentioned|TextMention,0.0,Low,0.0,True,🔗 Cross-Verified,FIR|SocialMedia
2077,MOB-0113,9000000305,Mobile,Mentioned|TextMention,0.0,Low,0.0,True,🔗 Cross-Verified,FIR|SocialMedia
2078,MOB-0114,9000000180,Mobile,Mentioned|TextMention,0.0,Low,0.0,True,🔗 Cross-Verified,FIR|SocialMedia
2079,MOB-0115,9000000093,Mobile,Mentioned|TextMention,0.0,Low,0.0,True,🔗 Cross-Verified,FIR|SocialMedia
2080,MOB-0116,9000000146,Mobile,Mentioned|TextMention,0.0,Low,0.0,True,🔗 Cross-Verified,FIR|SocialMedia
2081,MOB-0096,9000000168,Mobile,Mentioned,0.0,Low,0.0,False,📄 Single-Source,FIR
2082,MOB-0118,9000000440,Mobile,Mentioned|TextMention,0.0,Low,0.0,True,🔗 Cross-Verified,FIR|SocialMedia
2083,MOB-0127,9000000231,Mobile,Mentioned|TextMention,0.0,Low,0.0,True,🔗 Cross-Verified,FIR|SocialMedia
2084,MOB-0174,9000000299.0,Mobile,Callee|Caller|TransactionMobile,0.0,Low,0.0,True,🔗 Cross-Verified,CDR|Financial
2085,MOB-0064,9000000064,Mobile,Mentioned|TextMention,0.0,Low,0.0,True,🔗 Cross-Verified,FIR|SocialMedia
2086,MOB-0181,9000000248.0,Mobile,Callee|Caller|TransactionMobile,0.0,Low,0.0,True,🔗 Cross-Verified,CDR|Financial
2087,MOB-0183,9000000265.0,Mobile,Callee|Caller|TransactionMobile,0.0,Low,0.0,True,🔗 Cross-Verified,CDR|Financial
2088,MOB-0095,9000000405,Mobile,Mentioned|TextMention,0.0,Low,0.0,True,🔗 Cross-Verified,FIR|SocialMedia
2089,MOB-0094,9000000009,Mobile,Mentioned|TextMention,0.0,Low,0.0,True,🔗 Cross-Verified,FIR|SocialMedia
2090,MOB-0092,9000000403,Mobile,Mentioned|TextMention,0.0,Low,0.0,True,🔗 Cross-Verified,FIR|SocialMedia
2091,MOB-0091,9000000134,Mobile,Mentioned|TextMention,0.0,Low,0.0,True,🔗 Cross-Verified,FIR|SocialMedia
2092,MOB-0089,9000000141,Mobile,Mentioned|TextMention,0.0,Low,0.0,True,🔗 Cross-Verified,FIR|SocialMedia
2093,MOB-0088,9000000282,Mobile,Mentioned|TextMention,0.0,Low,0.0,True,🔗 Cross-Verified,FIR|SocialMedia
2094,SOC-0063,@Temp_Sanjay80,SocialHandle,Author,0.0,Low,0.0,False,📄 Single-Source,SocialMedia
2095,SOC-0065,@The_Abirami189,SocialHandle,Author,0.0,Low,0.0,False,📄 Single-Source,SocialMedia
2096,SOC-0314,@Real_Hemanth401,SocialHandle,Author,0.0,Low,0.0,False,📄 Single-Source,SocialMedia
2097,SOC-0236,@The_Udhay65,SocialHandle,Author,0.0,Low,0.0,False,📄 Single-Source,SocialMedia
2098,SOC-0223,@Official_Gokul402,SocialHandle,Author,0.0,Low,0.0,False,📄 Single-Source,SocialMedia
2099,SOC-0224,@Shadow_Sathish944,SocialHandle,Author,0.0,Low,0.0,False,📄 Single-Source,SocialMedia
2100,SOC-0225,@User_Murugan838,SocialHandle,Author,0.0,Low,0.0,False,📄 Single-Source,SocialMedia
2101,SOC-0226,@Shadow_Rakesh124,SocialHandle,Author,0.0,Low,0.0,False,📄 Single-Source,SocialMedia
2102,SOC-0227,@Temp_Kannan38,SocialHandle,Author,0.0,Low,0.0,False,📄 Single-Source,SocialMedia
2103,SOC-0228,@Shadow_Arjun993,SocialHandle,Author,0.0,Low,0.0,False,📄 Single-Source,SocialMedia
2104,SOC-0229,@Anon_Siva674,SocialHandle,Author,0.0,Low,0.0,False,📄 Single-Source,SocialMedia
2105,SOC-0230,@The_Thirumal191,SocialHandle,Author,0.0,Low,0.0,False,📄 Single-Source,SocialMedia
2106,SOC-0231,@Anon_Bharath21,SocialHandle,Author,0.0,Low,0.0,False,📄 Single-Source,SocialMedia
2107,SOC-0232,@The_Mathan915,SocialHandle,Author,0.0,Low,0.0,False,📄 Single-Source,SocialMedia
2108,SOC-0233,@Official_Madhan30,SocialHandle,Author,0.0,Low,0.0,False,📄 Single-Source,SocialMedia
2109,SOC-0234,@User_Suresh451,SocialHandle,Author,0.0,Low,0.0,False,📄 Single-Source,SocialMedia
2110,SOC-0235,@Xyz_Siva749,SocialHandle,Author,0.0,Low,0.0,False,📄 Single-Source,SocialMedia
2111,MOB-0154,9000000033,Mobile,Mentioned|TextMention,0.0,Low,0.0,True,🔗 Cross-Verified,FIR|SocialMedia
2112,MOB-0182,9000000283.0,Mobile,Callee|Caller|TransactionMobile,0.0,Low,0.0,True,🔗 Cross-Verified,CDR|Financial
2113,MOB-0180,9000000494.0,Mobile,Callee|Caller|TransactionMobile,0.0,Low,0.0,True,🔗 Cross-Verified,CDR|Financial
2114,MOB-0063,9000000096,Mobile,Mentioned,0.0,Low,0.0,False,📄 Single-Source,FIR
2115,MOB-0179,9000000287.0,Mobile,Callee|Caller|TransactionMobile,0.0,Low,0.0,True,🔗 Cross-Verified,CDR|Financial
2116,MOB-0062,9000000260,Mobile,Mentioned|TextMention,0.0,Low,0.0,True,🔗 Cross-Verified,FIR|SocialMedia
2117,MOB-0061,9000000289,Mobile,Mentioned|TextMention,0.0,Low,0.0,True,🔗 Cross-Verified,FIR|SocialMedia
2118,MOB-0060,9000000369,Mobile,Mentioned,0.0,Low,0.0,False,📄 Single-Source,FIR
2119,MOB-0059,9000000433,Mobile,Mentioned|TextMention,0.0,Low,0.0,True,🔗 Cross-Verified,FIR|SocialMedia
2120,MOB-0058,9000000225,Mobile,Mentioned|TextMention,0.0,Low,0.0,True,🔗 Cross-Verified,FIR|SocialMedia
2121,MOB-0057,9000000309,Mobile,Mentioned|TextMention,0.0,Low,0.0,True,🔗 Cross-Verified,FIR|SocialMedia
2122,MOB-0084,9000000377,Mobile,Mentioned|TextMention,0.0,Low,0.0,True,🔗 Cross-Verified,FIR|SocialMedia
2123,MOB-0086,9000000054,Mobile,Mentioned,0.0,Low,0.0,False,📄 Single-Source,FIR
2124,MOB-0162,9000000443,Mobile,Mentioned,0.0,Low,0.0,False,📄 Single-Source,FIR
2125,MOB-0087,9000000372,Mobile,Mentioned|TextMention,0.0,Low,0.0,True,🔗 Cross-Verified,FIR|SocialMedia
2126,MOB-0163,9000000306,Mobile,Mentioned|TextMention,0.0,Low,0.0,True,🔗 Cross-Verified,FIR|SocialMedia
2127,MOB-0164,9000000264,Mobile,Mentioned|TextMention,0.0,Low,0.0,True,🔗 Cross-Verified,FIR|SocialMedia
2128,MOB-0165,9000000129,Mobile,Mentioned|TextMention,0.0,Low,0.0,True,🔗 Cross-Verified,FIR|SocialMedia
2129,MOB-0166,9000000280,Mobile,Mentioned,0.0,Low,0.0,False,📄 Single-Source,FIR
2130,MOB-0167,9000000457,Mobile,Mentioned|TextMention,0.0,Low,0.0,True,🔗 Cross-Verified,FIR|SocialMedia
2131,MOB-0168,9000000375,Mobile,Mentioned|TextMention,0.0,Low,0.0,True,🔗 Cross-Verified,FIR|SocialMedia
2132,MOB-0169,9000000364,Mobile,Mentioned,0.0,Low,0.0,False,📄 Single-Source,FIR
2133,MOB-0170,9000000421,Mobile,Mentioned,0.0,Low,0.0,False,📄 Single-Source,FIR
2134,MOB-0171,9000000150,Mobile,Mentioned|TextMention,0.0,Low,0.0,True,🔗 Cross-Verified,FIR|SocialMedia
2135,MOB-0172,9000000109,Mobile,Mentioned,0.0,Low,0.0,False,📄 Single-Source,FIR
2136,MOB-0173,9000000332,Mobile,Mentioned|TextMention,0.0,Low,0.0,True,🔗 Cross-Verified,FIR|SocialMedia
2137,MOB-0175,9000000249.0,Mobile,Callee|Caller|TransactionMobile,0.0,Low,0.0,True,🔗 Cross-Verified,CDR|Financial
2138,MOB-0176,9000000423.0,Mobile,Callee|Caller|TransactionMobile,0.0,Low,0.0,True,🔗 Cross-Verified,CDR|Financial
2139,MOB-0177,9000000142.0,Mobile,Callee|Caller|TransactionMobile,0.0,Low,0.0,True,🔗 Cross-Verified,CDR|Financial
2140,MOB-0178,9000000059.0,Mobile,Callee|Caller,0.0,Low,0.0,False,📄 Single-Source,CDR
2141,MOB-0155,9000000013,Mobile,Mentioned|TextMention,0.0,Low,0.0,True,🔗 Cross-Verified,FIR|SocialMedia
2142,MOB-0034,9000000285,Mobile,Mentioned,0.0,Low,0.0,False,📄 Single-Source,FIR
2143,MOB-0153,9000000298,Mobile,Mentioned|TextMention,0.0,Low,0.0,True,🔗 Cross-Verified,FIR|SocialMedia
2144,SOC-0049,@Dark_Jeeva127,SocialHandle,Author,0.0,Low,0.0,False,📄 Single-Source,SocialMedia
2145,SOC-0036,@The_Kishore997,SocialHandle,Author,0.0,Low,0.0,False,📄 Single-Source,SocialMedia
2146,SOC-0037,@Real_Jagan723,SocialHandle,Author,0.0,Low,0.0,False,📄 Single-Source,SocialMedia
2147,SOC-0038,@Real_Logesh166,SocialHandle,Author,0.0,Low,0.0,False,📄 Single-Source,SocialMedia
2148,SOC-0039,@Only_Arun681,SocialHandle,Author,0.0,Low,0.0,False,📄 Single-Source,SocialMedia
2149,SOC-0040,@Real_Jagan295,SocialHandle,Author,0.0,Low,0.0,False,📄 Single-Source,SocialMedia
2150,SOC-0041,@Xyz_Kumaran756,SocialHandle,Author,0.0,Low,0.0,False,📄 Single-Source,SocialMedia
2151,SOC-0042,@Xyz_Murugan267,SocialHandle,Author,0.0,Low,0.0,False,📄 Single-Source,SocialMedia
2152,SOC-0043,@Official_Sanjay323,SocialHandle,Author,0.0,Low,0.0,False,📄 Single-Source,SocialMedia
2153,SOC-0044,@Temp_Mohan788,SocialHandle,Author,0.0,Low,0.0,False,📄 Single-Source,SocialMedia
2154,SOC-0045,@Anon_Gopal461,SocialHandle,Author,0.0,Low,0.0,False,📄 Single-Source,SocialMedia
2155,SOC-0046,@The_Nithin162,SocialHandle,Author,0.0,Low,0.0,False,📄 Single-Source,SocialMedia
2156,SOC-0047,@Only_Mohan650,SocialHandle,Author,0.0,Low,0.0,False,📄 Single-Source,SocialMedia
2157,SOC-0003,@The_Jagan281,SocialHandle,Author,0.0,Low,0.0,False,📄 Single-Source,SocialMedia
2158,MOB-0152,9000000486,Mobile,Mentioned|TextMention,0.0,Low,0.0,True,🔗 Cross-Verified,FIR|SocialMedia
2159,SOC-0050,@Anon_Prakash137,SocialHandle,Author,0.0,Low,0.0,False,📄 Single-Source,SocialMedia
2160,SOC-0051,@Shadow_Vignesh628,SocialHandle,Author,0.0,Low,0.0,False,📄 Single-Source,SocialMedia
2161,SOC-0052,@Official_Nithin195,SocialHandle,Author,0.0,Low,0.0,False,📄 Single-Source,SocialMedia
2162,SOC-0053,@The_Senthil347,SocialHandle,Author,0.0,Low,0.0,False,📄 Single-Source,SocialMedia
2163,SOC-0054,@Xyz_Jeeva439,SocialHandle,Author,0.0,Low,0.0,False,📄 Single-Source,SocialMedia
2164,SOC-0055,@Anon_Anand788,SocialHandle,Author,0.0,Low,0.0,False,📄 Single-Source,SocialMedia
2165,SOC-0056,@Official_Sanjay574,SocialHandle,Author,0.0,Low,0.0,False,📄 Single-Source,SocialMedia
2166,SOC-0057,@Dark_Hariharan864,SocialHandle,Author,0.0,Low,0.0,False,📄 Single-Source,SocialMedia
2167,SOC-0058,@Real_Udhay292,SocialHandle,Author,0.0,Low,0.0,False,📄 Single-Source,SocialMedia
2168,SOC-0059,@The_Udhay467,SocialHandle,Author,0.0,Low,0.0,False,📄 Single-Source,SocialMedia
2169,SOC-0060,@Dark_Vignesh54,SocialHandle,Author,0.0,Low,0.0,False,📄 Single-Source,SocialMedia
2170,SOC-0061,@Real_Mohan905,SocialHandle,Author,0.0,Low,0.0,False,📄 Single-Source,SocialMedia
2171,SOC-0035,@Anon_Murugan660,SocialHandle,Author,0.0,Low,0.0,False,📄 Single-Source,SocialMedia
2172,SOC-0048,@Official_Gopal43,SocialHandle,Author,0.0,Low,0.0,False,📄 Single-Source,SocialMedia
2173,SOC-0064,@User_Yuvaraj57,SocialHandle,Author,0.0,Low,0.0,False,📄 Single-Source,SocialMedia
2174,SOC-0002,@Only_Logesh69,SocialHandle,Author,0.0,Low,0.0,False,📄 Single-Source,SocialMedia
2175,MOB-0049,9000000221,Mobile,Mentioned|TextMention,0.0,Low,0.0,True,🔗 Cross-Verified,FIR|SocialMedia
2176,MOB-0048,9000000088,Mobile,Mentioned|TextMention,0.0,Low,0.0,True,🔗 Cross-Verified,FIR|SocialMedia
2177,MOB-0047,9000000195,Mobile,Mentioned|TextMention,0.0,Low,0.0,True,🔗 Cross-Verified,FIR|SocialMedia
2178,MOB-0046,9000000216,Mobile,Mentioned,0.0,Low,0.0,False,📄 Single-Source,FIR
2179,MOB-0045,9000000113,Mobile,Mentioned|TextMention,0.0,Low,0.0,True,🔗 Cross-Verified,FIR|SocialMedia
2180,MOB-0044,9000000234,Mobile,Mentioned|TextMention,0.0,Low,0.0,True,🔗 Cross-Verified,FIR|SocialMedia
2181,MOB-0043,9000000154,Mobile,Mentioned|TextMention,0.0,Low,0.0,True,🔗 Cross-Verified,FIR|SocialMedia
2182,MOB-0042,9000000328,Mobile,Mentioned,0.0,Low,0.0,False,📄 Single-Source,FIR
2183,MOB-0041,9000000491,Mobile,Mentioned|TextMention,0.0,Low,0.0,True,🔗 Cross-Verified,FIR|SocialMedia
2184,MOB-0040,9000000304,Mobile,Mentioned|TextMention,0.0,Low,0.0,True,🔗 Cross-Verified,FIR|SocialMedia
2185,MOB-0039,9000000165,Mobile,Mentioned|TextMention,0.0,Low,0.0,True,🔗 Cross-Verified,FIR|SocialMedia
2186,MOB-0038,9000000198,Mobile,Mentioned|TextMention,0.0,Low,0.0,True,🔗 Cross-Verified,FIR|SocialMedia
2187,MOB-0037,9000000181,Mobile,Mentioned,0.0,Low,0.0,False,📄 Single-Source,FIR
2188,MOB-0036,9000000267,Mobile,Mentioned,0.0,Low,0.0,False,📄 Single-Source,FIR
2189,MOB-0035,9000000490,Mobile,Mentioned|TextMention,0.0,Low,0.0,True,🔗 Cross-Verified,FIR|SocialMedia
2190,SOC-0238,@The_Yogesh780,SocialHandle,Author,0.0,Low,0.0,False,📄 Single-Source,SocialMedia
2191,MOB-0033,9000000363,Mobile,Mentioned|TextMention,0.0,Low,0.0,True,🔗 Cross-Verified,FIR|SocialMedia
2192,MOB-0032,9000000111,Mobile,Mentioned,0.0,Low,0.0,False,📄 Single-Source,FIR
2193,MOB-0031,9000000164,Mobile,Mentioned|TextMention,0.0,Low,0.0,True,🔗 Cross-Verified,FIR|SocialMedia
2194,MOB-0030,9000000464,Mobile,Mentioned|TextMention,0.0,Low,0.0,True,🔗 Cross-Verified,FIR|SocialMedia
2195,MOB-0029,9000000187,Mobile,Mentioned|TextMention,0.0,Low,0.0,True,🔗 Cross-Verified,FIR|SocialMedia
2196,MOB-0028,9000000357,Mobile,Mentioned,0.0,Low,0.0,False,📄 Single-Source,FIR
2197,MOB-0027,9000000410,Mobile,Mentioned,0.0,Low,0.0,False,📄 Single-Source,FIR
2198,MOB-0026,9000000207,Mobile,Mentioned|TextMention,0.0,Low,0.0,True,🔗 Cross-Verified,FIR|SocialMedia
2199,CEL-0001,Tower-Slm-001,CellTower,Location,0.0,Low,0.0,False,📄 Single-Source,CDR
2200,SOC-0062,@Shadow_Karthik648,SocialHandle,Author,0.0,Low,0.0,False,📄 Single-Source,SocialMedia
2201,SOC-0034,@Anon_Abirami344,SocialHandle,Author,0.0,Low,0.0,False,📄 Single-Source,SocialMedia
2202,SOC-0033,@Dark_Hariharan507,SocialHandle,Author,0.0,Low,0.0,False,📄 Single-Source,SocialMedia
2203,SOC-0030,@Anon_Jagan928,SocialHandle,Author,0.0,Low,0.0,False,📄 Single-Source,SocialMedia
2204,MOB-0054,9000000383,Mobile,Mentioned|TextMention,0.0,Low,0.0,True,🔗 Cross-Verified,FIR|SocialMedia
2205,MOB-0055,9000000407,Mobile,Mentioned|TextMention,0.0,Low,0.0,True,🔗 Cross-Verified,FIR|SocialMedia
2206,MOB-0143,9000000276,Mobile,Mentioned,0.0,Low,0.0,False,📄 Single-Source,FIR
2207,MOB-0130,9000000085,Mobile,Mentioned|TextMention,0.0,Low,0.0,True,🔗 Cross-Verified,FIR|SocialMedia
2208,MOB-0131,9000000233,Mobile,Mentioned|TextMention,0.0,Low,0.0,True,🔗 Cross-Verified,FIR|SocialMedia
2209,MOB-0132,9000000465,Mobile,Mentioned|TextMention,0.0,Low,0.0,True,🔗 Cross-Verified,FIR|SocialMedia
2210,MOB-0133,9000000376,Mobile,Mentioned|TextMention,0.0,Low,0.0,True,🔗 Cross-Verified,FIR|SocialMedia
2211,MOB-0134,9000000038,Mobile,Mentioned|TextMention,0.0,Low,0.0,True,🔗 Cross-Verified,FIR|SocialMedia
2212,MOB-0135,9000000415,Mobile,Mentioned|TextMention,0.0,Low,0.0,True,🔗 Cross-Verified,FIR|SocialMedia
2213,MOB-0136,9000000209,Mobile,Mentioned|TextMention,0.0,Low,0.0,True,🔗 Cross-Verified,FIR|SocialMedia
2214,MOB-0137,9000000084,Mobile,Mentioned|TextMention,0.0,Low,0.0,True,🔗 Cross-Verified,FIR|SocialMedia
2215,MOB-0138,9000000449,Mobile,Mentioned|TextMention,0.0,Low,0.0,True,🔗 Cross-Verified,FIR|SocialMedia
2216,MOB-0139,9000000030,Mobile,Mentioned|TextMention,0.0,Low,0.0,True,🔗 Cross-Verified,FIR|SocialMedia
2217,MOB-0140,9000000458,Mobile,Mentioned|TextMention,0.0,Low,0.0,True,🔗 Cross-Verified,FIR|SocialMedia
2218,MOB-0141,9000000320,Mobile,Mentioned,0.0,Low,0.0,False,📄 Single-Source,FIR
2219,MOB-0142,9000000145,Mobile,Mentioned|TextMention,0.0,Low,0.0,True,🔗 Cross-Verified,FIR|SocialMedia
2220,MOB-0144,9000000459,Mobile,Mentioned,0.0,Low,0.0,False,📄 Single-Source,FIR
2221,MOB-0056,9000000220,Mobile,Mentioned,0.0,Low,0.0,False,📄 Single-Source,FIR
2222,MOB-0145,9000000322,Mobile,Mentioned|TextMention,0.0,Low,0.0,True,🔗 Cross-Verified,FIR|SocialMedia
2223,MOB-0146,9000000095,Mobile,Mentioned|TextMention,0.0,Low,0.0,True,🔗 Cross-Verified,FIR|SocialMedia
2224,MOB-0147,9000000124,Mobile,Mentioned|TextMention,0.0,Low,0.0,True,🔗 Cross-Verified,FIR|SocialMedia
2225,MOB-0148,9000000271,Mobile,Mentioned|TextMention,0.0,Low,0.0,True,🔗 Cross-Verified,FIR|SocialMedia
2226,MOB-0149,9000000477,Mobile,Mentioned|TextMention,0.0,Low,0.0,True,🔗 Cross-Verified,FIR|SocialMedia
2227,MOB-0150,9000000047,Mobile,Mentioned|TextMention,0.0,Low,0.0,True,🔗 Cross-Verified,FIR|SocialMedia
2228,MOB-0151,9000000455,Mobile,Mentioned,0.0,Low,0.0,False,📄 Single-Source,FIR
2229,MOB-0053,9000000125,Mobile,Mentioned|TextMention,0.0,Low,0.0,True,🔗 Cross-Verified,FIR|SocialMedia
2230,SOC-0029,@Anon_Lokesh419,SocialHandle,Author,0.0,Low,0.0,False,📄 Single-Source,SocialMedia
2231,SOC-0032,@Temp_Nandha399,SocialHandle,Author,0.0,Low,0.0,False,📄 Single-Source,SocialMedia
2232,SOC-0028,@Anon_Naveen559,SocialHandle,Author,0.0,Low,0.0,False,📄 Single-Source,SocialMedia
2233,SOC-0031,@Only_Hariharan75,SocialHandle,Author,0.0,Low,0.0,False,📄 Single-Source,SocialMedia
2234,SOC-0004,@Anon_Janani133,SocialHandle,Author,0.0,Low,0.0,False,📄 Single-Source,SocialMedia
2235,SOC-0005,@Anon_Jeeva103,SocialHandle,Author,0.0,Low,0.0,False,📄 Single-Source,SocialMedia
2236,SOC-0006,@Anon_Praveen613,SocialHandle,Author,0.0,Low,0.0,False,📄 Single-Source,SocialMedia
2237,SOC-0007,@Dark_Hemanth430,SocialHandle,Author,0.0,Low,0.0,False,📄 Single-Source,SocialMedia
2238,SOC-0008,@Dark_Anand915,SocialHandle,Author,0.0,Low,0.0,False,📄 Single-Source,SocialMedia
2239,SOC-0009,@The_Yogesh398,SocialHandle,Author,0.0,Low,0.0,False,📄 Single-Source,SocialMedia
2240,SOC-0010,@Real_Rajesh377,SocialHandle,Author,0.0,Low,0.0,False,📄 Single-Source,SocialMedia
2241,SOC-0011,@The_Nithya68,SocialHandle,Author,0.0,Low,0.0,False,📄 Single-Source,SocialMedia
2242,SOC-0012,@Temp_Hariharan418,SocialHandle,Author,0.0,Low,0.0,False,📄 Single-Source,SocialMedia
2243,SOC-0013,@Real_Rakesh633,SocialHandle,Author,0.0,Low,0.0,False,📄 Single-Source,SocialMedia
2244,SOC-0014,@Xyz_Pandian228,SocialHandle,Author,0.0,Low,0.0,False,📄 Single-Source,SocialMedia
2245,SOC-0015,@Temp_Sathish836,SocialHandle,Author,0.0,Low,0.0,False,📄 Single-Source,SocialMedia
2246,SOC-0016,@The_Mohan288,SocialHandle,Author,0.0,Low,0.0,False,📄 Single-Source,SocialMedia
2247,SOC-0017,@The_Jagan483,SocialHandle,Author,0.0,Low,0.0,False,📄 Single-Source,SocialMedia
2248,SOC-0018,@Real_Madhan977,SocialHandle,Author,0.0,Low,0.0,False,📄 Single-Source,SocialMedia
2249,SOC-0019,@Shadow_Ezhilan225,SocialHandle,Author,0.0,Low,0.0,False,📄 Single-Source,SocialMedia
2250,SOC-0020,@The_Babu764,SocialHandle,Author,0.0,Low,0.0,False,📄 Single-Source,SocialMedia
2251,SOC-0021,@Only_Praveen846,SocialHandle,Author,0.0,Low,0.0,False,📄 Single-Source,SocialMedia
2252,SOC-0022,@User_Ganesh40,SocialHandle,Author,0.0,Low,0.0,False,📄 Single-Source,SocialMedia
2253,SOC-0023,@The_Hemanth604,SocialHandle,Author,0.0,Low,0.0,False,📄 Single-Source,SocialMedia
2254,SOC-0024,@Dark_Kishore931,SocialHandle,Author,0.0,Low,0.0,False,📄 Single-Source,SocialMedia
2255,SOC-0025,@Temp_Mohan331,SocialHandle,Author,0.0,Low,0.0,False,📄 Single-Source,SocialMedia
2256,SOC-0026,@The_Mohan206,SocialHandle,Author,0.0,Low,0.0,False,📄 Single-Source,SocialMedia
2257,SOC-0027,@Real_Kumaran300,SocialHandle,Author,0.0,Low,0.0,False,📄 Single-Source,SocialMedia
2258,SOC-0252,@Shadow_Gunasekar480,SocialHandle,Author,0.0,Low,0.0,False,📄 Single-Source,SocialMedia
2259,SOC-0276,@Shadow_Sanjay583,SocialHandle,Author,0.0,Low,0.0,False,📄 Single-Source,SocialMedia
2260,SOC-0239,@Only_Hemanth696,SocialHandle,Author,0.0,Low,0.0,False,📄 Single-Source,SocialMedia
2261,SOC-0085,@Dark_Sanjay372,SocialHandle,Author,0.0,Low,0.0,False,📄 Single-Source,SocialMedia
2262,SOC-0073,@The_Vasanth281,SocialHandle,Author,0.0,Low,0.0,False,📄 Single-Source,SocialMedia
2263,SOC-0074,@Real_Uma702,SocialHandle,Author,0.0,Low,0.0,False,📄 Single-Source,SocialMedia
2264,SOC-0075,@Dark_Harish611,SocialHandle,Author,0.0,Low,0.0,False,📄 Single-Source,SocialMedia
2265,SOC-0076,@Official_Rajesh957,SocialHandle,Author,0.0,Low,0.0,False,📄 Single-Source,SocialMedia
2266,SOC-0077,@Real_Rajesh859,SocialHandle,Author,0.0,Low,0.0,False,📄 Single-Source,SocialMedia
2267,SOC-0078,@The_Hariharan563,SocialHandle,Author,0.0,Low,0.0,False,📄 Single-Source,SocialMedia
2268,SOC-0079,@Official_Revathi63,SocialHandle,Author,0.0,Low,0.0,False,📄 Single-Source,SocialMedia
2269,SOC-0080,@Real_Rakesh226,SocialHandle,Author,0.0,Low,0.0,False,📄 Single-Source,SocialMedia
2270,SOC-0081,@Real_Hariharan512,SocialHandle,Author,0.0,Low,0.0,False,📄 Single-Source,SocialMedia
2271,SOC-0082,@Shadow_Jagan400,SocialHandle,Author,0.0,Low,0.0,False,📄 Single-Source,SocialMedia
2272,SOC-0083,@Dark_Eswari357,SocialHandle,Author,0.0,Low,0.0,False,📄 Single-Source,SocialMedia
2273,SOC-0084,@Real_Ajith103,SocialHandle,Author,0.0,Low,0.0,False,📄 Single-Source,SocialMedia
2274,SOC-0086,@Anon_Hariharan239,SocialHandle,Author,0.0,Low,0.0,False,📄 Single-Source,SocialMedia
2275,SOC-0240,@Xyz_Madhan594,SocialHandle,Author,0.0,Low,0.0,False,📄 Single-Source,SocialMedia
2276,SOC-0087,@Temp_Babu961,SocialHandle,Author,0.0,Low,0.0,False,📄 Single-Source,SocialMedia
2277,SOC-0088,@User_Murugan787,SocialHandle,Author,0.0,Low,0.0,False,📄 Single-Source,SocialMedia
2278,SOC-0089,@Shadow_Sanjay329,SocialHandle,Author,0.0,Low,0.0,False,📄 Single-Source,SocialMedia
2279,SOC-0090,@Only_Vijay248,SocialHandle,Author,0.0,Low,0.0,False,📄 Single-Source,SocialMedia
2280,SOC-0091,@User_Arun219,SocialHandle,Author,0.0,Low,0.0,False,📄 Single-Source,SocialMedia
2281,SOC-0092,@The_Revathi399,SocialHandle,Author,0.0,Low,0.0,False,📄 Single-Source,SocialMedia
2282,SOC-0093,@Shadow_Anand599,SocialHandle,Author,0.0,Low,0.0,False,📄 Single-Source,SocialMedia
2283,SOC-0126,@Dark_Sanjay358,SocialHandle,Author,0.0,Low,0.0,False,📄 Single-Source,SocialMedia
2284,SOC-0127,@User_Ezhilan93,SocialHandle,Author,0.0,Low,0.0,False,📄 Single-Source,SocialMedia
2285,SOC-0128,@Official_Sanjay667,SocialHandle,Author,0.0,Low,0.0,False,📄 Single-Source,SocialMedia
2286,SOC-0159,@Anon_Thirumal946,SocialHandle,Author,0.0,Low,0.0,False,📄 Single-Source,SocialMedia
2287,SOC-0161,@Only_Gopal969,SocialHandle,Author,0.0,Low,0.0,False,📄 Single-Source,SocialMedia
2288,SOC-0072,@User_Abirami280,SocialHandle,Author,0.0,Low,0.0,False,📄 Single-Source,SocialMedia
2289,SOC-0071,@Anon_Bharath835,SocialHandle,Author,0.0,Low,0.0,False,📄 Single-Source,SocialMedia
2290,SOC-0070,@Temp_Senthil206,SocialHandle,Author,0.0,Low,0.0,False,📄 Single-Source,SocialMedia
2291,SOC-0069,@The_Revathi653,SocialHandle,Author,0.0,Low,0.0,False,📄 Single-Source,SocialMedia
2292,SOC-0107,@Anon_Nandha249,SocialHandle,Author,0.0,Low,0.0,False,📄 Single-Source,SocialMedia
2293,SOC-0108,@Xyz_Rajesh550,SocialHandle,Author,0.0,Low,0.0,False,📄 Single-Source,SocialMedia
2294,SOC-0109,@Real_Mohan738,SocialHandle,Author,0.0,Low,0.0,False,📄 Single-Source,SocialMedia
2295,SOC-0110,@Temp_Sathish280,SocialHandle,Author,0.0,Low,0.0,False,📄 Single-Source,SocialMedia
2296,SOC-0112,@Anon_Uma469,SocialHandle,Author,0.0,Low,0.0,False,📄 Single-Source,SocialMedia
2297,SOC-0188,@Dark_Sanjay620,SocialHandle,Author,0.0,Low,0.0,False,📄 Single-Source,SocialMedia
2298,SOC-0113,@Temp_Bharathi257,SocialHandle,Author,0.0,Low,0.0,False,📄 Single-Source,SocialMedia
2299,SOC-0114,@Xyz_Dinesh379,SocialHandle,Author,0.0,Low,0.0,False,📄 Single-Source,SocialMedia
2300,SOC-0115,@Official_Vasanthi775,SocialHandle,Author,0.0,Low,0.0,False,📄 Single-Source,SocialMedia
2301,SOC-0116,@Anon_Revathi722,SocialHandle,Author,0.0,Low,0.0,False,📄 Single-Source,SocialMedia
2302,SOC-0117,@Shadow_Ezhilan965,SocialHandle,Author,0.0,Low,0.0,False,📄 Single-Source,SocialMedia
2303,SOC-0118,@Anon_Divya718,SocialHandle,Author,0.0,Low,0.0,False,📄 Single-Source,SocialMedia
2304,SOC-0119,@Real_Rakesh91,SocialHandle,Author,0.0,Low,0.0,False,📄 Single-Source,SocialMedia
2305,SOC-0120,@Temp_Thirumal704,SocialHandle,Author,0.0,Low,0.0,False,📄 Single-Source,SocialMedia
2306,SOC-0121,@Shadow_Venkat390,SocialHandle,Author,0.0,Low,0.0,False,📄 Single-Source,SocialMedia
2307,SOC-0122,@The_Babu521,SocialHandle,Author,0.0,Low,0.0,False,📄 Single-Source,SocialMedia
2308,SOC-0123,@The_Yuvaraj738,SocialHandle,Author,0.0,Low,0.0,False,📄 Single-Source,SocialMedia
2309,SOC-0124,@Shadow_Madhan420,SocialHandle,Author,0.0,Low,0.0,False,📄 Single-Source,SocialMedia
2310,SOC-0125,@Xyz_Balaji430,SocialHandle,Author,0.0,Low,0.0,False,📄 Single-Source,SocialMedia
2311,SOC-0097,@The_Arun460,SocialHandle,Author,0.0,Low,0.0,False,📄 Single-Source,SocialMedia
2312,SOC-0096,@User_Sanjay986,SocialHandle,Author,0.0,Low,0.0,False,📄 Single-Source,SocialMedia
2313,SOC-0095,@Dark_Kishore901,SocialHandle,Author,0.0,Low,0.0,False,📄 Single-Source,SocialMedia
2314,SOC-0094,@Only_Senthil151,SocialHandle,Author,0.0,Low,0.0,False,📄 Single-Source,SocialMedia
2315,SOC-0067,@Dark_Jeeva883,SocialHandle,Author,0.0,Low,0.0,False,📄 Single-Source,SocialMedia
2316,SOC-0068,@Dark_Mathan400,SocialHandle,Author,0.0,Low,0.0,False,📄 Single-Source,SocialMedia
2317,SOC-0162,@Dark_Nandha487,SocialHandle,Author,0.0,Low,0.0,False,📄 Single-Source,SocialMedia
2318,SOC-0163,@Only_Elango389,SocialHandle,Author,0.0,Low,0.0,False,📄 Single-Source,SocialMedia
2319,SOC-0164,@Official_Madhan166,SocialHandle,Author,0.0,Low,0.0,False,📄 Single-Source,SocialMedia
2320,SOC-0131,@User_Anand102,SocialHandle,Author,0.0,Low,0.0,False,📄 Single-Source,SocialMedia
2321,SOC-0133,@The_Jeeva109,SocialHandle,Author,0.0,Low,0.0,False,📄 Single-Source,SocialMedia
2322,SOC-0134,@User_Ezhilan49,SocialHandle,Author,0.0,Low,0.0,False,📄 Single-Source,SocialMedia
2323,SOC-0135,@The_Elango412,SocialHandle,Author,0.0,Low,0.0,False,📄 Single-Source,SocialMedia
2324,SOC-0136,@Anon_Yuvaraj845,SocialHandle,Author,0.0,Low,0.0,False,📄 Single-Source,SocialMedia
2325,SOC-0137,@User_Eswari607,SocialHandle,Author,0.0,Low,0.0,False,📄 Single-Source,SocialMedia
2326,SOC-0138,@Only_Madhan29,SocialHandle,Author,0.0,Low,0.0,False,📄 Single-Source,SocialMedia
2327,SOC-0139,@Only_Janani584,SocialHandle,Author,0.0,Low,0.0,False,📄 Single-Source,SocialMedia
2328,SOC-0140,@Temp_Karthik505,SocialHandle,Author,0.0,Low,0.0,False,📄 Single-Source,SocialMedia
2329,SOC-0141,@Xyz_Kavitha966,SocialHandle,Author,0.0,Low,0.0,False,📄 Single-Source,SocialMedia
2330,SOC-0142,@Real_Nithin433,SocialHandle,Author,0.0,Low,0.0,False,📄 Single-Source,SocialMedia
2331,SOC-0143,@Official_Babu338,SocialHandle,Author,0.0,Low,0.0,False,📄 Single-Source,SocialMedia
2332,SOC-0144,@User_Vignesh866,SocialHandle,Author,0.0,Low,0.0,False,📄 Single-Source,SocialMedia
2333,SOC-0145,@The_Mohan758,SocialHandle,Author,0.0,Low,0.0,False,📄 Single-Source,SocialMedia
2334,SOC-0146,@Dark_Chithra537,SocialHandle,Author,0.0,Low,0.0,False,📄 Single-Source,SocialMedia
2335,SOC-0147,@Official_Murugan173,SocialHandle,Author,0.0,Low,0.0,False,📄 Single-Source,SocialMedia
2336,SOC-0148,@Only_Murugan706,SocialHandle,Author,0.0,Low,0.0,False,📄 Single-Source,SocialMedia
2337,SOC-0149,@Real_Udhay930,SocialHandle,Author,0.0,Low,0.0,False,📄 Single-Source,SocialMedia
2338,SOC-0150,@User_Logesh415,SocialHandle,Author,0.0,Low,0.0,False,📄 Single-Source,SocialMedia
2339,SOC-0151,@Real_Yogesh966,SocialHandle,Author,0.0,Low,0.0,False,📄 Single-Source,SocialMedia
2340,SOC-0152,@The_Harish679,SocialHandle,Author,0.0,Low,0.0,False,📄 Single-Source,SocialMedia
2341,SOC-0153,@Anon_Yuvaraj699,SocialHandle,Author,0.0,Low,0.0,False,📄 Single-Source,SocialMedia
2342,SOC-0154,@Xyz_Kishore778,SocialHandle,Author,0.0,Low,0.0,False,📄 Single-Source,SocialMedia
2343,SOC-0155,@Temp_Mathan698,SocialHandle,Author,0.0,Low,0.0,False,📄 Single-Source,SocialMedia
2344,SOC-0156,@The_Arun525,SocialHandle,Author,0.0,Low,0.0,False,📄 Single-Source,SocialMedia
2345,MOB-0051,9000000382,Mobile,Mentioned|TextMention,0.0,Low,0.0,True,🔗 Cross-Verified,FIR|SocialMedia
2346,SOC-0132,@Official_Gopal559,SocialHandle,Author,0.0,Low,0.0,False,📄 Single-Source,SocialMedia
2347,SOC-0130,@Only_Elango487,SocialHandle,Author,0.0,Low,0.0,False,📄 Single-Source,SocialMedia
2348,MOB-0098,9000000429,Mobile,Mentioned,0.0,Low,0.0,False,📄 Single-Source,FIR
2349,SOC-0157,@Only_Karthik433,SocialHandle,Author,0.0,Low,0.0,False,📄 Single-Source,SocialMedia
2350,SOC-0166,@User_Anand792,SocialHandle,Author,0.0,Low,0.0,False,📄 Single-Source,SocialMedia
2351,SOC-0167,@Temp_Yogesh663,SocialHandle,Author,0.0,Low,0.0,False,📄 Single-Source,SocialMedia
2352,SOC-0168,@Only_Naveen644,SocialHandle,Author,0.0,Low,0.0,False,📄 Single-Source,SocialMedia
2353,SOC-0169,@User_Arun729,SocialHandle,Author,0.0,Low,0.0,False,📄 Single-Source,SocialMedia
2354,SOC-0170,@Official_Ajith57,SocialHandle,Author,0.0,Low,0.0,False,📄 Single-Source,SocialMedia
2355,SOC-0171,@Real_Abirami316,SocialHandle,Author,0.0,Low,0.0,False,📄 Single-Source,SocialMedia
2356,SOC-0172,@User_Sathish110,SocialHandle,Author,0.0,Low,0.0,False,📄 Single-Source,SocialMedia
2357,SOC-0173,@Anon_Venkat243,SocialHandle,Author,0.0,Low,0.0,False,📄 Single-Source,SocialMedia
2358,SOC-0174,@Official_Dinesh167,SocialHandle,Author,0.0,Low,0.0,False,📄 Single-Source,SocialMedia
2359,SOC-0175,@Shadow_Nithin789,SocialHandle,Author,0.0,Low,0.0,False,📄 Single-Source,SocialMedia
2360,SOC-0176,@Temp_Jagan543,SocialHandle,Author,0.0,Low,0.0,False,📄 Single-Source,SocialMedia
2361,SOC-0177,@Official_Mohan859,SocialHandle,Author,0.0,Low,0.0,False,📄 Single-Source,SocialMedia
2362,SOC-0178,@Real_Vasanth148,SocialHandle,Author,0.0,Low,0.0,False,📄 Single-Source,SocialMedia
2363,SOC-0179,@Official_Udhay338,SocialHandle,Author,0.0,Low,0.0,False,📄 Single-Source,SocialMedia
2364,SOC-0180,@Shadow_Jagan395,SocialHandle,Author,0.0,Low,0.0,False,📄 Single-Source,SocialMedia
2365,SOC-0181,@Only_Ajith458,SocialHandle,Author,0.0,Low,0.0,False,📄 Single-Source,SocialMedia
2366,SOC-0182,@Dark_Ganesh85,SocialHandle,Author,0.0,Low,0.0,False,📄 Single-Source,SocialMedia
2367,SOC-0183,@Xyz_Senthil618,SocialHandle,Author,0.0,Low,0.0,False,📄 Single-Source,SocialMedia
2368,SOC-0184,@Shadow_Karthik998,SocialHandle,Author,0.0,Low,0.0,False,📄 Single-Source,SocialMedia
2369,SOC-0185,@Anon_Praveen393,SocialHandle,Author,0.0,Low,0.0,False,📄 Single-Source,SocialMedia
2370,SOC-0186,@Anon_Tamilarasan749,SocialHandle,Author,0.0,Low,0.0,False,📄 Single-Source,SocialMedia
2371,SOC-0187,@Only_Ezhilan538,SocialHandle,Author,0.0,Low,0.0,False,📄 Single-Source,SocialMedia
2372,SOC-0160,@Real_Ezhilan202,SocialHandle,Author,0.0,Low,0.0,False,📄 Single-Source,SocialMedia
2373,SOC-0158,@Xyz_Rajesh336,SocialHandle,Author,0.0,Low,0.0,False,📄 Single-Source,SocialMedia
2374,SOC-0129,@Anon_Suresh218,SocialHandle,Author,0.0,Low,0.0,False,📄 Single-Source,SocialMedia
2375,SOC-0106,@The_Arun861,SocialHandle,Author,0.0,Low,0.0,False,📄 Single-Source,SocialMedia
2376,SOC-0105,@Temp_Vignesh37,SocialHandle,Author,0.0,Low,0.0,False,📄 Single-Source,SocialMedia
2377,SOC-0104,@Shadow_Karthik326,SocialHandle,Author,0.0,Low,0.0,False,📄 Single-Source,SocialMedia
2378,SOC-0205,@Dark_Nithin312,SocialHandle,Author,0.0,Low,0.0,False,📄 Single-Source,SocialMedia
2379,SOC-0207,@User_Pandian611,SocialHandle,Author,0.0,Low,0.0,False,📄 Single-Source,SocialMedia
2380,SOC-0208,@Dark_Ganesh94,SocialHandle,Author,0.0,Low,0.0,False,📄 Single-Source,SocialMedia
2381,SOC-0209,@Xyz_Hariharan344,SocialHandle,Author,0.0,Low,0.0,False,📄 Single-Source,SocialMedia
2382,SOC-0210,@Shadow_Elango836,SocialHandle,Author,0.0,Low,0.0,False,📄 Single-Source,SocialMedia
2383,SOC-0211,@Only_Uma772,SocialHandle,Author,0.0,Low,0.0,False,📄 Single-Source,SocialMedia
2384,SOC-0212,@Only_Gopal57,SocialHandle,Author,0.0,Low,0.0,False,📄 Single-Source,SocialMedia
2385,SOC-0213,@Real_Karthik908,SocialHandle,Author,0.0,Low,0.0,False,📄 Single-Source,SocialMedia
2386,SOC-0214,@Temp_Dinesh813,SocialHandle,Author,0.0,Low,0.0,False,📄 Single-Source,SocialMedia
2387,SOC-0215,@Anon_Vasanthi775,SocialHandle,Author,0.0,Low,0.0,False,📄 Single-Source,SocialMedia
2388,SOC-0216,@Official_Eswari91,SocialHandle,Author,0.0,Low,0.0,False,📄 Single-Source,SocialMedia
2389,SOC-0217,@Temp_Udhay121,SocialHandle,Author,0.0,Low,0.0,False,📄 Single-Source,SocialMedia
2390,SOC-0218,@Official_Ajith882,SocialHandle,Author,0.0,Low,0.0,False,📄 Single-Source,SocialMedia
2391,SOC-0251,@Anon_Gopal943,SocialHandle,Author,0.0,Low,0.0,False,📄 Single-Source,SocialMedia
2392,SOC-0253,@Official_Nandha710,SocialHandle,Author,0.0,Low,0.0,False,📄 Single-Source,SocialMedia
2393,SOC-0066,@Anon_Gopal932,SocialHandle,Author,0.0,Low,0.0,False,📄 Single-Source,SocialMedia
2394,SOC-0299,@Anon_Uma179,SocialHandle,Author,0.0,Low,0.0,False,📄 Single-Source,SocialMedia
2395,SOC-0286,@User_Nandha943,SocialHandle,Author,0.0,Low,0.0,False,📄 Single-Source,SocialMedia
2396,SOC-0287,@Real_Dinesh181,SocialHandle,Author,0.0,Low,0.0,False,📄 Single-Source,SocialMedia
2397,SOC-0288,@Xyz_Rajesh858,SocialHandle,Author,0.0,Low,0.0,False,📄 Single-Source,SocialMedia
2398,SOC-0289,@Shadow_Vignesh27,SocialHandle,Author,0.0,Low,0.0,False,📄 Single-Source,SocialMedia
2399,SOC-0290,@Dark_Udhay825,SocialHandle,Author,0.0,Low,0.0,False,📄 Single-Source,SocialMedia
2400,SOC-0291,@The_Bharathi174,SocialHandle,Author,0.0,Low,0.0,False,📄 Single-Source,SocialMedia
2401,SOC-0292,@Real_Jagan307,SocialHandle,Author,0.0,Low,0.0,False,📄 Single-Source,SocialMedia
2402,SOC-0293,@Dark_Arun182,SocialHandle,Author,0.0,Low,0.0,False,📄 Single-Source,SocialMedia
2403,SOC-0294,@Official_Kannan508,SocialHandle,Author,0.0,Low,0.0,False,📄 Single-Source,SocialMedia
2404,SOC-0206,@Xyz_Pandian920,SocialHandle,Author,0.0,Low,0.0,False,📄 Single-Source,SocialMedia
2405,SOC-0204,@Only_Nithin98,SocialHandle,Author,0.0,Low,0.0,False,📄 Single-Source,SocialMedia
2406,SOC-0296,@Anon_Harish679,SocialHandle,Author,0.0,Low,0.0,False,📄 Single-Source,SocialMedia
2407,SOC-0203,@The_Udhay80,SocialHandle,Author,0.0,Low,0.0,False,📄 Single-Source,SocialMedia
2408,SOC-0241,@The_Udhay53,SocialHandle,Author,0.0,Low,0.0,False,📄 Single-Source,SocialMedia
2409,SOC-0242,@Shadow_Mohan887,SocialHandle,Author,0.0,Low,0.0,False,📄 Single-Source,SocialMedia
2410,SOC-0243,@Official_Jagan774,SocialHandle,Author,0.0,Low,0.0,False,📄 Single-Source,SocialMedia
2411,SOC-0244,@User_Karthik415,SocialHandle,Author,0.0,Low,0.0,False,📄 Single-Source,SocialMedia
2412,SOC-0245,@Official_Sathish297,SocialHandle,Author,0.0,Low,0.0,False,📄 Single-Source,SocialMedia
2413,SOC-0246,@Only_Gokul462,SocialHandle,Author,0.0,Low,0.0,False,📄 Single-Source,SocialMedia
2414,SOC-0247,@Dark_Vignesh148,SocialHandle,Author,0.0,Low,0.0,False,📄 Single-Source,SocialMedia
2415,SOC-0248,@Real_Sanjay614,SocialHandle,Author,0.0,Low,0.0,False,📄 Single-Source,SocialMedia
2416,SOC-0249,@Shadow_Naveen510,SocialHandle,Author,0.0,Low,0.0,False,📄 Single-Source,SocialMedia
2417,SOC-0250,@Official_Vijay38,SocialHandle,Author,0.0,Low,0.0,False,📄 Single-Source,SocialMedia
2418,SOC-0222,@Official_Divya296,SocialHandle,Author,0.0,Low,0.0,False,📄 Single-Source,SocialMedia
2419,SOC-0221,@Temp_Dinesh610,SocialHandle,Author,0.0,Low,0.0,False,📄 Single-Source,SocialMedia
2420,SOC-0220,@Shadow_Praveen873,SocialHandle,Author,0.0,Low,0.0,False,📄 Single-Source,SocialMedia
2421,SOC-0219,@Dark_Kannan535,SocialHandle,Author,0.0,Low,0.0,False,📄 Single-Source,SocialMedia
2422,SOC-0192,@Temp_Mathan151,SocialHandle,Author,0.0,Low,0.0,False,📄 Single-Source,SocialMedia
2423,SOC-0193,@Anon_Siva435,SocialHandle,Author,0.0,Low,0.0,False,📄 Single-Source,SocialMedia
2424,SOC-0194,@Official_Gokul905,SocialHandle,Author,0.0,Low,0.0,False,📄 Single-Source,SocialMedia
2425,SOC-0195,@The_Hariharan640,SocialHandle,Author,0.0,Low,0.0,False,📄 Single-Source,SocialMedia
2426,SOC-0196,@User_Mohan706,SocialHandle,Author,0.0,Low,0.0,False,📄 Single-Source,SocialMedia
2427,SOC-0197,@The_Dharani265,SocialHandle,Author,0.0,Low,0.0,False,📄 Single-Source,SocialMedia
2428,SOC-0198,@Anon_Gunasekar87,SocialHandle,Author,0.0,Low,0.0,False,📄 Single-Source,SocialMedia
2429,SOC-0199,@Anon_Vijay660,SocialHandle,Author,0.0,Low,0.0,False,📄 Single-Source,SocialMedia
2430,SOC-0200,@The_Tamilarasan389,SocialHandle,Author,0.0,Low,0.0,False,📄 Single-Source,SocialMedia
2431,SOC-0201,@Real_Vijay11,SocialHandle,Author,0.0,Low,0.0,False,📄 Single-Source,SocialMedia
2432,SOC-0202,@The_Ganesh499,SocialHandle,Author,0.0,Low,0.0,False,📄 Single-Source,SocialMedia
2433,SOC-0295,@Real_Anand923,SocialHandle,Author,0.0,Low,0.0,False,📄 Single-Source,SocialMedia
2434,SOC-0297,@Real_Rakesh730,SocialHandle,Author,0.0,Low,0.0,False,📄 Single-Source,SocialMedia
2435,SOC-0103,@Dark_Mathan142,SocialHandle,Author,0.0,Low,0.0,False,📄 Single-Source,SocialMedia
2436,SOC-0263,@Dark_Sanjay90,SocialHandle,Author,0.0,Low,0.0,False,📄 Single-Source,SocialMedia
2437,SOC-0265,@Xyz_Karthik216,SocialHandle,Author,0.0,Low,0.0,False,📄 Single-Source,SocialMedia
2438,SOC-0266,@User_Madhan769,SocialHandle,Author,0.0,Low,0.0,False,📄 Single-Source,SocialMedia
2439,SOC-0267,@Anon_Vignesh313,SocialHandle,Author,0.0,Low,0.0,False,📄 Single-Source,SocialMedia
2440,SOC-0268,@User_Tamilarasan19,SocialHandle,Author,0.0,Low,0.0,False,📄 Single-Source,SocialMedia
2441,SOC-0269,@The_Hariharan126,SocialHandle,Author,0.0,Low,0.0,False,📄 Single-Source,SocialMedia
2442,SOC-0270,@The_Yogesh116,SocialHandle,Author,0.0,Low,0.0,False,📄 Single-Source,SocialMedia
2443,SOC-0271,@Anon_Ganesh952,SocialHandle,Author,0.0,Low,0.0,False,📄 Single-Source,SocialMedia
2444,SOC-0272,@Shadow_Meena541,SocialHandle,Author,0.0,Low,0.0,False,📄 Single-Source,SocialMedia
2445,SOC-0273,@Only_Rakesh348,SocialHandle,Author,0.0,Low,0.0,False,📄 Single-Source,SocialMedia
2446,SOC-0274,@Real_Mathan887,SocialHandle,Author,0.0,Low,0.0,False,📄 Single-Source,SocialMedia
2447,SOC-0275,@Real_Karthik820,SocialHandle,Author,0.0,Low,0.0,False,📄 Single-Source,SocialMedia
2448,SOC-0277,@Xyz_Dinesh544,SocialHandle,Author,0.0,Low,0.0,False,📄 Single-Source,SocialMedia
2449,SOC-0278,@Real_Nithin962,SocialHandle,Author,0.0,Low,0.0,False,📄 Single-Source,SocialMedia
2450,SOC-0279,@Xyz_Suresh809,SocialHandle,Author,0.0,Low,0.0,False,📄 Single-Source,SocialMedia
2451,SOC-0280,@Dark_Vignesh438,SocialHandle,Author,0.0,Low,0.0,False,📄 Single-Source,SocialMedia
2452,SOC-0281,@Xyz_Hemanth501,SocialHandle,Author,0.0,Low,0.0,False,📄 Single-Source,SocialMedia
2453,SOC-0191,@Temp_Yuvaraj614,SocialHandle,Author,0.0,Low,0.0,False,📄 Single-Source,SocialMedia
2454,SOC-0190,@Anon_Karthik550,SocialHandle,Author,0.0,Low,0.0,False,📄 Single-Source,SocialMedia
2455,SOC-0189,@Dark_Thirumal171,SocialHandle,Author,0.0,Low,0.0,False,📄 Single-Source,SocialMedia
2456,SOC-0111,@Shadow_Kishore239,SocialHandle,Author,0.0,Low,0.0,False,📄 Single-Source,SocialMedia
2457,SOC-0098,@User_Sanjay387,SocialHandle,Author,0.0,Low,0.0,False,📄 Single-Source,SocialMedia
2458,SOC-0099,@Anon_Ezhilan940,SocialHandle,Author,0.0,Low,0.0,False,📄 Single-Source,SocialMedia
2459,SOC-0100,@Real_Vignesh399,SocialHandle,Author,0.0,Low,0.0,False,📄 Single-Source,SocialMedia
2460,SOC-0101,@Shadow_Sanjay391,SocialHandle,Author,0.0,Low,0.0,False,📄 Single-Source,SocialMedia
2461,SOC-0102,@Official_Lokesh268,SocialHandle,Author,0.0,Low,0.0,False,📄 Single-Source,SocialMedia
2462,SOC-0264,@Dark_Uma860,SocialHandle,Author,0.0,Low,0.0,False,📄 Single-Source,SocialMedia
2463,SOC-0262,@Xyz_Bharath648,SocialHandle,Author,0.0,Low,0.0,False,📄 Single-Source,SocialMedia
2464,SOC-0298,@Xyz_Anand267,SocialHandle,Author,0.0,Low,0.0,False,📄 Single-Source,SocialMedia
2465,SOC-0261,@User_Chithra243,SocialHandle,Author,0.0,Low,0.0,False,📄 Single-Source,SocialMedia
2466,SOC-0300,@Only_Jeeva434,SocialHandle,Author,0.0,Low,0.0,False,📄 Single-Source,SocialMedia
2467,SOC-0254,@Dark_Hemanth424,SocialHandle,Author,0.0,Low,0.0,False,📄 Single-Source,SocialMedia
2468,SOC-0301,@Dark_Janani623,SocialHandle,Author,0.0,Low,0.0,False,📄 Single-Source,SocialMedia
2469,SOC-0302,@Only_Kumaran860,SocialHandle,Author,0.0,Low,0.0,False,📄 Single-Source,SocialMedia
2470,SOC-0303,@Only_Gokul397,SocialHandle,Author,0.0,Low,0.0,False,📄 Single-Source,SocialMedia
2471,SOC-0304,@Xyz_Vignesh440,SocialHandle,Author,0.0,Low,0.0,False,📄 Single-Source,SocialMedia
2472,SOC-0305,@Dark_Mohan147,SocialHandle,Author,0.0,Low,0.0,False,📄 Single-Source,SocialMedia
2473,SOC-0306,@Dark_Hariharan677,SocialHandle,Author,0.0,Low,0.0,False,📄 Single-Source,SocialMedia
2474,SOC-0307,@The_Suresh389,SocialHandle,Author,0.0,Low,0.0,False,📄 Single-Source,SocialMedia
2475,SOC-0308,@Real_Arun229,SocialHandle,Author,0.0,Low,0.0,False,📄 Single-Source,SocialMedia
2476,SOC-0309,@Anon_Hariharan958,SocialHandle,Author,0.0,Low,0.0,False,📄 Single-Source,SocialMedia
2477,SOC-0310,@Temp_Karthik681,SocialHandle,Author,0.0,Low,0.0,False,📄 Single-Source,SocialMedia
2478,SOC-0311,@Official_Janani209,SocialHandle,Author,0.0,Low,0.0,False,📄 Single-Source,SocialMedia
2479,SOC-0312,@Official_Gokul808,SocialHandle,Author,0.0,Low,0.0,False,📄 Single-Source,SocialMedia
2480,SOC-0313,@Shadow_Kavitha996,SocialHandle,Author,0.0,Low,0.0,False,📄 Single-Source,SocialMedia
2481,SOC-0285,@Only_Mathan936,SocialHandle,Author,0.0,Low,0.0,False,📄 Single-Source,SocialMedia
2482,SOC-0284,@The_Murugan230,SocialHandle,Author,0.0,Low,0.0,False,📄 Single-Source,SocialMedia
2483,SOC-0283,@Only_Nithin943,SocialHandle,Author,0.0,Low,0.0,False,📄 Single-Source,SocialMedia
2484,SOC-0282,@Dark_Logesh406,SocialHandle,Author,0.0,Low,0.0,False,📄 Single-Source,SocialMedia
2485,SOC-0255,@Xyz_Kannan317,SocialHandle,Author,0.0,Low,0.0,False,📄 Single-Source,SocialMedia
2486,SOC-0256,@Shadow_Abirami680,SocialHandle,Author,0.0,Low,0.0,False,📄 Single-Source,SocialMedia
2487,SOC-0257,@Xyz_Rajesh315,SocialHandle,Author,0.0,Low,0.0,False,📄 Single-Source,SocialMedia
2488,SOC-0258,@Real_Abirami509,SocialHandle,Author,0.0,Low,0.0,False,📄 Single-Source,SocialMedia
2489,SOC-0259,@Anon_Sanjay814,SocialHandle,Author,0.0,Low,0.0,False,📄 Single-Source,SocialMedia
2490,SOC-0260,@Xyz_Sanjay620,SocialHandle,Author,0.0,Low,0.0,False,📄 Single-Source,SocialMedia
2491,MOB-0050,9000000105,Mobile,Mentioned,0.0,Low,0.0,False,📄 Single-Source,FIR
2492,SOC-0488,@Xyz_Vignesh234,SocialHandle,Author,0.0,Low,0.0,False,📄 Single-Source,SocialMedia
2493,MOB-0052,9000000241,Mobile,Mentioned,0.0,Low,0.0,False,📄 Single-Source,FIR
2494,SOC-0428,@Official_Mohan495,SocialHandle,Author,0.0,Low,0.0,False,📄 Single-Source,SocialMedia
2495,SOC-0332,@User_Hariharan282,SocialHandle,Author,0.0,Low,0.0,False,📄 Single-Source,SocialMedia
2496,SOC-0333,@Dark_Gokul799,SocialHandle,Author,0.0,Low,0.0,False,📄 Single-Source,SocialMedia
2497,SOC-0334,@Shadow_Mathan172,SocialHandle,Author,0.0,Low,0.0,False,📄 Single-Source,SocialMedia
2498,SOC-0335,@Only_Abirami19,SocialHandle,Author,0.0,Low,0.0,False,📄 Single-Source,SocialMedia
2499,SOC-0336,@User_Selvam71,SocialHandle,Author,0.0,Low,0.0,False,📄 Single-Source,SocialMedia
2500,SOC-0337,@Anon_Sathish760,SocialHandle,Author,0.0,Low,0.0,False,📄 Single-Source,SocialMedia
2501,SOC-0338,@User_Divya644,SocialHandle,Author,0.0,Low,0.0,False,📄 Single-Source,SocialMedia
2502,SOC-0339,@The_Mohan637,SocialHandle,Author,0.0,Low,0.0,False,📄 Single-Source,SocialMedia
2503,SOC-0340,@Shadow_Madhan823,SocialHandle,Author,0.0,Low,0.0,False,📄 Single-Source,SocialMedia
2504,SOC-0341,@Anon_Kannan729,SocialHandle,Author,0.0,Low,0.0,False,📄 Single-Source,SocialMedia
2505,SOC-0371,@The_Hemanth639,SocialHandle,Author,0.0,Low,0.0,False,📄 Single-Source,SocialMedia
2506,SOC-0373,@User_Abirami665,SocialHandle,Author,0.0,Low,0.0,False,📄 Single-Source,SocialMedia
2507,SOC-0374,@Shadow_Kishore359,SocialHandle,Author,0.0,Low,0.0,False,📄 Single-Source,SocialMedia
2508,SOC-0693,@Only_Vignesh117,SocialHandle,Author,0.0,Low,0.0,False,📄 Single-Source,SocialMedia
2509,SOC-0403,@Official_Vasanthi165,SocialHandle,Author,0.0,Low,0.0,False,📄 Single-Source,SocialMedia
2510,SOC-0404,@Dark_Karthik987,SocialHandle,Author,0.0,Low,0.0,False,📄 Single-Source,SocialMedia
2511,SOC-0405,@User_Uma207,SocialHandle,Author,0.0,Low,0.0,False,📄 Single-Source,SocialMedia
2512,SOC-0406,@User_Venkat47,SocialHandle,Author,0.0,Low,0.0,False,📄 Single-Source,SocialMedia
2513,SOC-0531,@Temp_Mohan589,SocialHandle,Author,0.0,Low,0.0,False,📄 Single-Source,SocialMedia
2514,SOC-0408,@The_Sanjay339,SocialHandle,Author,0.0,Low,0.0,False,📄 Single-Source,SocialMedia
2515,SOC-0409,@User_Sanjay910,SocialHandle,Author,0.0,Low,0.0,False,📄 Single-Source,SocialMedia
2516,SOC-0410,@Shadow_Sathish438,SocialHandle,Author,0.0,Low,0.0,False,📄 Single-Source,SocialMedia
2517,SOC-0411,@Official_Sanjay64,SocialHandle,Author,0.0,Low,0.0,False,📄 Single-Source,SocialMedia
2518,SOC-0412,@Only_Nandha455,SocialHandle,Author,0.0,Low,0.0,False,📄 Single-Source,SocialMedia
2519,SOC-0413,@Only_Mohan238,SocialHandle,Author,0.0,Low,0.0,False,📄 Single-Source,SocialMedia
2520,SOC-0414,@Dark_Nithin158,SocialHandle,Author,0.0,Low,0.0,False,📄 Single-Source,SocialMedia
2521,SOC-0331,@User_Chandran557,SocialHandle,Author,0.0,Low,0.0,False,📄 Single-Source,SocialMedia
2522,SOC-0342,@Shadow_Nithin934,SocialHandle,Author,0.0,Low,0.0,False,📄 Single-Source,SocialMedia
2523,SOC-0330,@Official_Praveen91,SocialHandle,Author,0.0,Low,0.0,False,📄 Single-Source,SocialMedia
2524,SOC-0328,@The_Harish615,SocialHandle,Author,0.0,Low,0.0,False,📄 Single-Source,SocialMedia
2525,SOC-0360,@Real_Kannan714,SocialHandle,Author,0.0,Low,0.0,False,📄 Single-Source,SocialMedia
2526,SOC-0361,@Only_Arun241,SocialHandle,Author,0.0,Low,0.0,False,📄 Single-Source,SocialMedia
2527,SOC-0362,@Shadow_Rajesh413,SocialHandle,Author,0.0,Low,0.0,False,📄 Single-Source,SocialMedia
2528,SOC-0363,@Only_Ezhilan541,SocialHandle,Author,0.0,Low,0.0,False,📄 Single-Source,SocialMedia
2529,SOC-0364,@Official_Sathish482,SocialHandle,Author,0.0,Low,0.0,False,📄 Single-Source,SocialMedia
2530,SOC-0365,@Official_Mathan651,SocialHandle,Author,0.0,Low,0.0,False,📄 Single-Source,SocialMedia
2531,SOC-0366,@Temp_Elango913,SocialHandle,Author,0.0,Low,0.0,False,📄 Single-Source,SocialMedia
2532,SOC-0367,@Xyz_Jagan294,SocialHandle,Author,0.0,Low,0.0,False,📄 Single-Source,SocialMedia
2533,SOC-0368,@Anon_Vignesh777,SocialHandle,Author,0.0,Low,0.0,False,📄 Single-Source,SocialMedia
2534,SOC-0369,@Official_Mathan492,SocialHandle,Author,0.0,Low,0.0,False,📄 Single-Source,SocialMedia
2535,SOC-0370,@Temp_Lokesh757,SocialHandle,Author,0.0,Low,0.0,False,📄 Single-Source,SocialMedia
2536,SOC-0345,@Real_Murugan750,SocialHandle,Author,0.0,Low,0.0,False,📄 Single-Source,SocialMedia
2537,SOC-0344,@Real_Hariharan48,SocialHandle,Author,0.0,Low,0.0,False,📄 Single-Source,SocialMedia
2538,SOC-0343,@Xyz_Gunasekar958,SocialHandle,Author,0.0,Low,0.0,False,📄 Single-Source,SocialMedia
2539,SOC-0329,@Real_Eswari462,SocialHandle,Author,0.0,Low,0.0,False,📄 Single-Source,SocialMedia
2540,SOC-0318,@Anon_Janani333,SocialHandle,Author,0.0,Low,0.0,False,📄 Single-Source,SocialMedia
2541,SOC-0319,@Shadow_Vasanthi884,SocialHandle,Author,0.0,Low,0.0,False,📄 Single-Source,SocialMedia
2542,SOC-0320,@Only_Rajesh159,SocialHandle,Author,0.0,Low,0.0,False,📄 Single-Source,SocialMedia
2543,SOC-0321,@Anon_Arun317,SocialHandle,Author,0.0,Low,0.0,False,📄 Single-Source,SocialMedia
2544,SOC-0322,@Anon_Tamilarasan772,SocialHandle,Author,0.0,Low,0.0,False,📄 Single-Source,SocialMedia
2545,SOC-0323,@Temp_Jeeva599,SocialHandle,Author,0.0,Low,0.0,False,📄 Single-Source,SocialMedia
2546,SOC-0324,@Temp_Rajesh303,SocialHandle,Author,0.0,Low,0.0,False,📄 Single-Source,SocialMedia
2547,SOC-0325,@Shadow_Arun678,SocialHandle,Author,0.0,Low,0.0,False,📄 Single-Source,SocialMedia
2548,SOC-0326,@The_Dinesh198,SocialHandle,Author,0.0,Low,0.0,False,📄 Single-Source,SocialMedia
2549,SOC-0327,@Only_Arun851,SocialHandle,Author,0.0,Low,0.0,False,📄 Single-Source,SocialMedia
2550,SOC-0415,@Shadow_Babu140,SocialHandle,Author,0.0,Low,0.0,False,📄 Single-Source,SocialMedia
2551,SOC-0416,@Official_Praveen628,SocialHandle,Author,0.0,Low,0.0,False,📄 Single-Source,SocialMedia
2552,SOC-0417,@Only_Udhay615,SocialHandle,Author,0.0,Low,0.0,False,📄 Single-Source,SocialMedia
2553,SOC-0389,@Anon_Chandran554,SocialHandle,Author,0.0,Low,0.0,False,📄 Single-Source,SocialMedia
2554,SOC-0391,@Xyz_Karthik850,SocialHandle,Author,0.0,Low,0.0,False,📄 Single-Source,SocialMedia
2555,SOC-0392,@Dark_Chithra455,SocialHandle,Author,0.0,Low,0.0,False,📄 Single-Source,SocialMedia
2556,SOC-0393,@Shadow_Lokesh241,SocialHandle,Author,0.0,Low,0.0,False,📄 Single-Source,SocialMedia
2557,SOC-0394,@User_Madhan591,SocialHandle,Author,0.0,Low,0.0,False,📄 Single-Source,SocialMedia
2558,SOC-0395,@Temp_Karthik100,SocialHandle,Author,0.0,Low,0.0,False,📄 Single-Source,SocialMedia
2559,SOC-0396,@Anon_Gopal474,SocialHandle,Author,0.0,Low,0.0,False,📄 Single-Source,SocialMedia
2560,SOC-0397,@Dark_Dinesh253,SocialHandle,Author,0.0,Low,0.0,False,📄 Single-Source,SocialMedia
2561,SOC-0398,@Temp_Vignesh950,SocialHandle,Author,0.0,Low,0.0,False,📄 Single-Source,SocialMedia
2562,SOC-0530,@Dark_Nithin362,SocialHandle,Author,0.0,Low,0.0,False,📄 Single-Source,SocialMedia
2563,SOC-0594,@Real_Kishore757,SocialHandle,Author,0.0,Low,0.0,False,📄 Single-Source,SocialMedia
2564,SOC-0532,@Shadow_Revathi877,SocialHandle,Author,0.0,Low,0.0,False,📄 Single-Source,SocialMedia
2565,SOC-0709,@Shadow_Mohan285,SocialHandle,Author,0.0,Low,0.0,False,📄 Single-Source,SocialMedia
2566,SOC-0707,@Official_Selvam839,SocialHandle,Author,0.0,Low,0.0,False,📄 Single-Source,SocialMedia
2567,SOC-0706,@Real_Yuvaraj71,SocialHandle,Author,0.0,Low,0.0,False,📄 Single-Source,SocialMedia
2568,SOC-0705,@User_Thirumal250,SocialHandle,Author,0.0,Low,0.0,False,📄 Single-Source,SocialMedia
2569,SOC-0704,@Official_Sathish90,SocialHandle,Author,0.0,Low,0.0,False,📄 Single-Source,SocialMedia
2570,SOC-0703,@Real_Sanjay88,SocialHandle,Author,0.0,Low,0.0,False,📄 Single-Source,SocialMedia
2571,SOC-0702,@Only_Venkat104,SocialHandle,Author,0.0,Low,0.0,False,📄 Single-Source,SocialMedia
2572,SOC-0701,@Dark_Vignesh572,SocialHandle,Author,0.0,Low,0.0,False,📄 Single-Source,SocialMedia
2573,SOC-0700,@Xyz_Jeeva632,SocialHandle,Author,0.0,Low,0.0,False,📄 Single-Source,SocialMedia
2574,SOC-0699,@Shadow_Sanjay82,SocialHandle,Author,0.0,Low,0.0,False,📄 Single-Source,SocialMedia
2575,SOC-0698,@Xyz_Arun724,SocialHandle,Author,0.0,Low,0.0,False,📄 Single-Source,SocialMedia
2576,SOC-0697,@Dark_Revathi730,SocialHandle,Author,0.0,Low,0.0,False,📄 Single-Source,SocialMedia
2577,SOC-0696,@Temp_Kannan931,SocialHandle,Author,0.0,Low,0.0,False,📄 Single-Source,SocialMedia
2578,SOC-0695,@Real_Sanjay358,SocialHandle,Author,0.0,Low,0.0,False,📄 Single-Source,SocialMedia
2579,SOC-0390,@Shadow_Siva101,SocialHandle,Author,0.0,Low,0.0,False,📄 Single-Source,SocialMedia
2580,SOC-0388,@Real_Sathish616,SocialHandle,Author,0.0,Low,0.0,False,📄 Single-Source,SocialMedia
2581,SOC-0418,@Anon_Nandha839,SocialHandle,Author,0.0,Low,0.0,False,📄 Single-Source,SocialMedia
2582,SOC-0399,@Temp_Naveen798,SocialHandle,Author,0.0,Low,0.0,False,📄 Single-Source,SocialMedia
2583,SOC-0419,@Real_Naveen26,SocialHandle,Author,0.0,Low,0.0,False,📄 Single-Source,SocialMedia
2584,SOC-0420,@Temp_Hariharan565,SocialHandle,Author,0.0,Low,0.0,False,📄 Single-Source,SocialMedia
2585,SOC-0421,@Temp_Balaji902,SocialHandle,Author,0.0,Low,0.0,False,📄 Single-Source,SocialMedia
2586,SOC-0422,@Real_Saravanan202,SocialHandle,Author,0.0,Low,0.0,False,📄 Single-Source,SocialMedia
2587,SOC-0423,@Anon_Mathan765,SocialHandle,Author,0.0,Low,0.0,False,📄 Single-Source,SocialMedia
2588,SOC-0424,@Anon_Vasanth617,SocialHandle,Author,0.0,Low,0.0,False,📄 Single-Source,SocialMedia
2589,SOC-0425,@Xyz_Arun302,SocialHandle,Author,0.0,Low,0.0,False,📄 Single-Source,SocialMedia
2590,SOC-0426,@Official_Anand388,SocialHandle,Author,0.0,Low,0.0,False,📄 Single-Source,SocialMedia
2591,SOC-0427,@Official_Vignesh134,SocialHandle,Author,0.0,Low,0.0,False,📄 Single-Source,SocialMedia
2592,SOC-0402,@Official_Nithin115,SocialHandle,Author,0.0,Low,0.0,False,📄 Single-Source,SocialMedia
2593,SOC-0401,@Real_Divya722,SocialHandle,Author,0.0,Low,0.0,False,📄 Single-Source,SocialMedia
2594,SOC-0400,@Temp_Arun682,SocialHandle,Author,0.0,Low,0.0,False,📄 Single-Source,SocialMedia
2595,SOC-0386,@Anon_Kavitha482,SocialHandle,Author,0.0,Low,0.0,False,📄 Single-Source,SocialMedia
2596,SOC-0375,@The_Sanjay503,SocialHandle,Author,0.0,Low,0.0,False,📄 Single-Source,SocialMedia
2597,SOC-0376,@Dark_Selvam651,SocialHandle,Author,0.0,Low,0.0,False,📄 Single-Source,SocialMedia
2598,SOC-0377,@Only_Sanjay945,SocialHandle,Author,0.0,Low,0.0,False,📄 Single-Source,SocialMedia
2599,SOC-0378,@Official_Arjun804,SocialHandle,Author,0.0,Low,0.0,False,📄 Single-Source,SocialMedia
2600,SOC-0379,@Real_Karthik14,SocialHandle,Author,0.0,Low,0.0,False,📄 Single-Source,SocialMedia
2601,SOC-0380,@User_Mathan601,SocialHandle,Author,0.0,Low,0.0,False,📄 Single-Source,SocialMedia
2602,SOC-0381,@Real_Anand289,SocialHandle,Author,0.0,Low,0.0,False,📄 Single-Source,SocialMedia
2603,SOC-0382,@The_Hariharan975,SocialHandle,Author,0.0,Low,0.0,False,📄 Single-Source,SocialMedia
2604,SOC-0383,@User_Ganesh492,SocialHandle,Author,0.0,Low,0.0,False,📄 Single-Source,SocialMedia
2605,SOC-0384,@Temp_Mathan374,SocialHandle,Author,0.0,Low,0.0,False,📄 Single-Source,SocialMedia
2606,SOC-0385,@Real_Murugan476,SocialHandle,Author,0.0,Low,0.0,False,📄 Single-Source,SocialMedia
2607,SOC-0387,@Official_Pandian555,SocialHandle,Author,0.0,Low,0.0,False,📄 Single-Source,SocialMedia
2608,SOC-0359,@Real_Selvam104,SocialHandle,Author,0.0,Low,0.0,False,📄 Single-Source,SocialMedia
2609,SOC-0358,@Real_Vignesh198,SocialHandle,Author,0.0,Low,0.0,False,📄 Single-Source,SocialMedia
2610,SOC-0357,@Only_Harish893,SocialHandle,Author,0.0,Low,0.0,False,📄 Single-Source,SocialMedia
2611,SOC-0521,@Anon_Murugan380,SocialHandle,Author,0.0,Low,0.0,False,📄 Single-Source,SocialMedia
2612,SOC-0510,@Temp_Nithin544,SocialHandle,Author,0.0,Low,0.0,False,📄 Single-Source,SocialMedia
2613,SOC-0518,@User_Vignesh137,SocialHandle,Author,0.0,Low,0.0,False,📄 Single-Source,SocialMedia
2614,SOC-0517,@Real_Jagan816,SocialHandle,Author,0.0,Low,0.0,False,📄 Single-Source,SocialMedia
2615,SOC-0516,@Official_Hariharan780,SocialHandle,Author,0.0,Low,0.0,False,📄 Single-Source,SocialMedia
2616,SOC-0515,@Real_Yuvaraj414,SocialHandle,Author,0.0,Low,0.0,False,📄 Single-Source,SocialMedia
2617,SOC-0501,@Dark_Uma542,SocialHandle,Author,0.0,Low,0.0,False,📄 Single-Source,SocialMedia
2618,SOC-0513,@Official_Dharani591,SocialHandle,Author,0.0,Low,0.0,False,📄 Single-Source,SocialMedia
2619,SOC-0512,@Real_Siva505,SocialHandle,Author,0.0,Low,0.0,False,📄 Single-Source,SocialMedia
2620,SOC-0511,@Temp_Jagan464,SocialHandle,Author,0.0,Low,0.0,False,📄 Single-Source,SocialMedia
2621,SOC-0432,@Shadow_Nandha369,SocialHandle,Author,0.0,Low,0.0,False,📄 Single-Source,SocialMedia
2622,SOC-0514,@Dark_Jagan994,SocialHandle,Author,0.0,Low,0.0,False,📄 Single-Source,SocialMedia
2623,SOC-0444,@User_Revathi77,SocialHandle,Author,0.0,Low,0.0,False,📄 Single-Source,SocialMedia
2624,SOC-0442,@Only_Jeeva141,SocialHandle,Author,0.0,Low,0.0,False,📄 Single-Source,SocialMedia
2625,SOC-0482,@Shadow_Yuvaraj611,SocialHandle,Author,0.0,Low,0.0,False,📄 Single-Source,SocialMedia
2626,SOC-0487,@Anon_Kishore647,SocialHandle,Author,0.0,Low,0.0,False,📄 Single-Source,SocialMedia
2627,SOC-0462,@Temp_Karthik982,SocialHandle,Author,0.0,Low,0.0,False,📄 Single-Source,SocialMedia
2628,SOC-0463,@Dark_Venkat233,SocialHandle,Author,0.0,Low,0.0,False,📄 Single-Source,SocialMedia
2629,SOC-0486,@Only_Sathish741,SocialHandle,Author,0.0,Low,0.0,False,📄 Single-Source,SocialMedia
2630,SOC-0485,@Anon_Nithin492,SocialHandle,Author,0.0,Low,0.0,False,📄 Single-Source,SocialMedia
2631,SOC-0464,@Real_Vasanthi334,SocialHandle,Author,0.0,Low,0.0,False,📄 Single-Source,SocialMedia
2632,SOC-0484,@Xyz_Siva205,SocialHandle,Author,0.0,Low,0.0,False,📄 Single-Source,SocialMedia
2633,SOC-0465,@Real_Senthil557,SocialHandle,Author,0.0,Low,0.0,False,📄 Single-Source,SocialMedia
2634,SOC-0466,@Dark_Bharath907,SocialHandle,Author,0.0,Low,0.0,False,📄 Single-Source,SocialMedia
2635,SOC-0483,@Official_Abirami99,SocialHandle,Author,0.0,Low,0.0,False,📄 Single-Source,SocialMedia
2636,SOC-0467,@Shadow_Jagan474,SocialHandle,Author,0.0,Low,0.0,False,📄 Single-Source,SocialMedia
2637,SOC-0519,@Only_Sathish249,SocialHandle,Author,0.0,Low,0.0,False,📄 Single-Source,SocialMedia
2638,SOC-0522,@Only_Nandha352,SocialHandle,Author,0.0,Low,0.0,False,📄 Single-Source,SocialMedia
2639,SOC-0481,@Real_Mohan949,SocialHandle,Author,0.0,Low,0.0,False,📄 Single-Source,SocialMedia
2640,SOC-0523,@Real_Mathan38,SocialHandle,Author,0.0,Low,0.0,False,📄 Single-Source,SocialMedia
2641,SOC-0439,@User_Thirumal150,SocialHandle,Author,0.0,Low,0.0,False,📄 Single-Source,SocialMedia
2642,SOC-0505,@Temp_Jeeva882,SocialHandle,Author,0.0,Low,0.0,False,📄 Single-Source,SocialMedia
2643,SOC-0506,@Official_Vasanthi311,SocialHandle,Author,0.0,Low,0.0,False,📄 Single-Source,SocialMedia
2644,SOC-0433,@Shadow_Arjun77,SocialHandle,Author,0.0,Low,0.0,False,📄 Single-Source,SocialMedia
2645,SOC-0434,@Only_Uma200,SocialHandle,Author,0.0,Low,0.0,False,📄 Single-Source,SocialMedia
2646,SOC-0504,@The_Vasanth731,SocialHandle,Author,0.0,Low,0.0,False,📄 Single-Source,SocialMedia
2647,SOC-0435,@User_Jagan132,SocialHandle,Author,0.0,Low,0.0,False,📄 Single-Source,SocialMedia
2648,SOC-0436,@Real_Ajith392,SocialHandle,Author,0.0,Low,0.0,False,📄 Single-Source,SocialMedia
2649,SOC-0440,@Xyz_Nithin638,SocialHandle,Author,0.0,Low,0.0,False,📄 Single-Source,SocialMedia
2650,SOC-0503,@Official_Abirami608,SocialHandle,Author,0.0,Low,0.0,False,📄 Single-Source,SocialMedia
2651,SOC-0437,@Shadow_Udhay177,SocialHandle,Author,0.0,Low,0.0,False,📄 Single-Source,SocialMedia
2652,SOC-0502,@Real_Dinesh104,SocialHandle,Author,0.0,Low,0.0,False,📄 Single-Source,SocialMedia
2653,SOC-0508,@Real_Vasanth829,SocialHandle,Author,0.0,Low,0.0,False,📄 Single-Source,SocialMedia
2654,SOC-0441,@Anon_Karthik366,SocialHandle,Author,0.0,Low,0.0,False,📄 Single-Source,SocialMedia
2655,SOC-0438,@Real_Abirami623,SocialHandle,Author,0.0,Low,0.0,False,📄 Single-Source,SocialMedia
2656,SOC-0507,@Dark_Selvam496,SocialHandle,Author,0.0,Low,0.0,False,📄 Single-Source,SocialMedia
2657,SOC-0470,@Anon_Sanjay131,SocialHandle,Author,0.0,Low,0.0,False,📄 Single-Source,SocialMedia
2658,SOC-0509,@The_Gokul734,SocialHandle,Author,0.0,Low,0.0,False,📄 Single-Source,SocialMedia
2659,SOC-0520,@User_Sanjay970,SocialHandle,Author,0.0,Low,0.0,False,📄 Single-Source,SocialMedia
2660,SOC-0529,@The_Hariharan490,SocialHandle,Author,0.0,Low,0.0,False,📄 Single-Source,SocialMedia
2661,SOC-0528,@The_Nithin258,SocialHandle,Author,0.0,Low,0.0,False,📄 Single-Source,SocialMedia
2662,SOC-0527,@Real_Udhay115,SocialHandle,Author,0.0,Low,0.0,False,📄 Single-Source,SocialMedia
2663,SOC-0526,@Anon_Gopal403,SocialHandle,Author,0.0,Low,0.0,False,📄 Single-Source,SocialMedia
2664,SOC-0525,@Real_Vignesh114,SocialHandle,Author,0.0,Low,0.0,False,📄 Single-Source,SocialMedia
2665,SOC-0524,@Shadow_Nithin542,SocialHandle,Author,0.0,Low,0.0,False,📄 Single-Source,SocialMedia
2666,SOC-0468,@Temp_Arun94,SocialHandle,Author,0.0,Low,0.0,False,📄 Single-Source,SocialMedia
2667,SOC-0430,@Temp_Udhay549,SocialHandle,Author,0.0,Low,0.0,False,📄 Single-Source,SocialMedia
2668,SOC-0356,@Dark_Eswari256,SocialHandle,Author,0.0,Low,0.0,False,📄 Single-Source,SocialMedia
2669,SOC-0489,@Anon_Senthil828,SocialHandle,Author,0.0,Low,0.0,False,📄 Single-Source,SocialMedia
2670,SOC-0493,@Shadow_Rajesh170,SocialHandle,Author,0.0,Low,0.0,False,📄 Single-Source,SocialMedia
2671,SOC-0453,@Real_Sathish592,SocialHandle,Author,0.0,Low,0.0,False,📄 Single-Source,SocialMedia
2672,SOC-0454,@Only_Arun263,SocialHandle,Author,0.0,Low,0.0,False,📄 Single-Source,SocialMedia
2673,SOC-0455,@Anon_Sanjay683,SocialHandle,Author,0.0,Low,0.0,False,📄 Single-Source,SocialMedia
2674,SOC-0456,@Temp_Gunasekar409,SocialHandle,Author,0.0,Low,0.0,False,📄 Single-Source,SocialMedia
2675,SOC-0457,@User_Gokul687,SocialHandle,Author,0.0,Low,0.0,False,📄 Single-Source,SocialMedia
2676,SOC-0492,@Anon_Anand995,SocialHandle,Author,0.0,Low,0.0,False,📄 Single-Source,SocialMedia
2677,SOC-0491,@Xyz_Jeeva239,SocialHandle,Author,0.0,Low,0.0,False,📄 Single-Source,SocialMedia
2678,SOC-0458,@Dark_Ajith224,SocialHandle,Author,0.0,Low,0.0,False,📄 Single-Source,SocialMedia
2679,SOC-0459,@Anon_Abirami284,SocialHandle,Author,0.0,Low,0.0,False,📄 Single-Source,SocialMedia
2680,SOC-0490,@Official_Kannan375,SocialHandle,Author,0.0,Low,0.0,False,📄 Single-Source,SocialMedia
2681,SOC-0431,@Shadow_Udhay627,SocialHandle,Author,0.0,Low,0.0,False,📄 Single-Source,SocialMedia
2682,SOC-0407,@The_Jagan768,SocialHandle,Author,0.0,Low,0.0,False,📄 Single-Source,SocialMedia
2683,SOC-0429,@Xyz_Uma129,SocialHandle,Author,0.0,Low,0.0,False,📄 Single-Source,SocialMedia
2684,SOC-0372,@Real_Karthik34,SocialHandle,Author,0.0,Low,0.0,False,📄 Single-Source,SocialMedia
2685,SOC-0346,@User_Rajesh322,SocialHandle,Author,0.0,Low,0.0,False,📄 Single-Source,SocialMedia
2686,SOC-0347,@Anon_Nandha780,SocialHandle,Author,0.0,Low,0.0,False,📄 Single-Source,SocialMedia
2687,SOC-0348,@Anon_Jeeva414,SocialHandle,Author,0.0,Low,0.0,False,📄 Single-Source,SocialMedia
2688,SOC-0349,@Real_Gokul697,SocialHandle,Author,0.0,Low,0.0,False,📄 Single-Source,SocialMedia
2689,SOC-0350,@Temp_Nithin159,SocialHandle,Author,0.0,Low,0.0,False,📄 Single-Source,SocialMedia
2690,SOC-0351,@Official_Hariharan24,SocialHandle,Author,0.0,Low,0.0,False,📄 Single-Source,SocialMedia
2691,SOC-0352,@Real_Senthil29,SocialHandle,Author,0.0,Low,0.0,False,📄 Single-Source,SocialMedia
2692,SOC-0353,@Only_Divya522,SocialHandle,Author,0.0,Low,0.0,False,📄 Single-Source,SocialMedia
2693,SOC-0354,@User_Sanjay365,SocialHandle,Author,0.0,Low,0.0,False,📄 Single-Source,SocialMedia
2694,SOC-0355,@Xyz_Elango981,SocialHandle,Author,0.0,Low,0.0,False,📄 Single-Source,SocialMedia
2695,SOC-0494,@Real_Uma878,SocialHandle,Author,0.0,Low,0.0,False,📄 Single-Source,SocialMedia
2696,SOC-0452,@Anon_Nithin46,SocialHandle,Author,0.0,Low,0.0,False,📄 Single-Source,SocialMedia
2697,SOC-0480,@Only_Vignesh998,SocialHandle,Author,0.0,Low,0.0,False,📄 Single-Source,SocialMedia
2698,SOC-0450,@Xyz_Sathish295,SocialHandle,Author,0.0,Low,0.0,False,📄 Single-Source,SocialMedia
2699,SOC-0479,@Anon_Balaji653,SocialHandle,Author,0.0,Low,0.0,False,📄 Single-Source,SocialMedia
2700,SOC-0478,@Shadow_Tamilarasan36,SocialHandle,Author,0.0,Low,0.0,False,📄 Single-Source,SocialMedia
2701,SOC-0477,@Official_Jeeva586,SocialHandle,Author,0.0,Low,0.0,False,📄 Single-Source,SocialMedia
2702,SOC-0476,@Anon_Sathish514,SocialHandle,Author,0.0,Low,0.0,False,📄 Single-Source,SocialMedia
2703,SOC-0475,@Shadow_Ezhilan764,SocialHandle,Author,0.0,Low,0.0,False,📄 Single-Source,SocialMedia
2704,SOC-0474,@Anon_Dharani902,SocialHandle,Author,0.0,Low,0.0,False,📄 Single-Source,SocialMedia
2705,SOC-0473,@Real_Bharath107,SocialHandle,Author,0.0,Low,0.0,False,📄 Single-Source,SocialMedia
2706,SOC-0472,@Shadow_Gokul606,SocialHandle,Author,0.0,Low,0.0,False,📄 Single-Source,SocialMedia
2707,SOC-0471,@Official_Murugan754,SocialHandle,Author,0.0,Low,0.0,False,📄 Single-Source,SocialMedia
2708,SOC-0469,@User_Meena980,SocialHandle,Author,0.0,Low,0.0,False,📄 Single-Source,SocialMedia
2709,SOC-0461,@Dark_Mathan928,SocialHandle,Author,0.0,Low,0.0,False,📄 Single-Source,SocialMedia
2710,SOC-0460,@Official_Rakesh671,SocialHandle,Author,0.0,Low,0.0,False,📄 Single-Source,SocialMedia
2711,SOC-0500,@Anon_Elango357,SocialHandle,Author,0.0,Low,0.0,False,📄 Single-Source,SocialMedia
2712,SOC-0451,@Real_Tamilarasan686,SocialHandle,Author,0.0,Low,0.0,False,📄 Single-Source,SocialMedia
2713,SOC-0443,@Real_Madhan29,SocialHandle,Author,0.0,Low,0.0,False,📄 Single-Source,SocialMedia
2714,SOC-0499,@Xyz_Mathan358,SocialHandle,Author,0.0,Low,0.0,False,📄 Single-Source,SocialMedia
2715,SOC-0445,@Anon_Vignesh385,SocialHandle,Author,0.0,Low,0.0,False,📄 Single-Source,SocialMedia
2716,SOC-0498,@Dark_Hariharan466,SocialHandle,Author,0.0,Low,0.0,False,📄 Single-Source,SocialMedia
2717,SOC-0497,@Official_Karthik439,SocialHandle,Author,0.0,Low,0.0,False,📄 Single-Source,SocialMedia
2718,SOC-0446,@Real_Siva789,SocialHandle,Author,0.0,Low,0.0,False,📄 Single-Source,SocialMedia
2719,SOC-0447,@Shadow_Dinesh515,SocialHandle,Author,0.0,Low,0.0,False,📄 Single-Source,SocialMedia
2720,SOC-0448,@Only_Hariharan887,SocialHandle,Author,0.0,Low,0.0,False,📄 Single-Source,SocialMedia
2721,SOC-0449,@Real_Dinesh156,SocialHandle,Author,0.0,Low,0.0,False,📄 Single-Source,SocialMedia
2722,SOC-0496,@Shadow_Dinesh332,SocialHandle,Author,0.0,Low,0.0,False,📄 Single-Source,SocialMedia
2723,SOC-0495,@Dark_Dinesh929,SocialHandle,Author,0.0,Low,0.0,False,📄 Single-Source,SocialMedia
2724,SOC-0694,@Only_Nithya98,SocialHandle,Author,0.0,Low,0.0,False,📄 Single-Source,SocialMedia
2725,SOC-0692,@Temp_Kavitha642,SocialHandle,Author,0.0,Low,0.0,False,📄 Single-Source,SocialMedia
2726,MOB-0025,9000000366,Mobile,Mentioned|TextMention,0.0,Low,0.0,True,🔗 Cross-Verified,FIR|SocialMedia
2727,SOC-0627,@Dark_Suresh626,SocialHandle,Author,0.0,Low,0.0,False,📄 Single-Source,SocialMedia
2728,SOC-0615,@Shadow_Thirumal68,SocialHandle,Author,0.0,Low,0.0,False,📄 Single-Source,SocialMedia
2729,SOC-0616,@Dark_Lokesh978,SocialHandle,Author,0.0,Low,0.0,False,📄 Single-Source,SocialMedia
2730,SOC-0617,@Temp_Nandha202,SocialHandle,Author,0.0,Low,0.0,False,📄 Single-Source,SocialMedia
2731,SOC-0618,@Dark_Gunasekar31,SocialHandle,Author,0.0,Low,0.0,False,📄 Single-Source,SocialMedia
2732,SOC-0619,@User_Gopal990,SocialHandle,Author,0.0,Low,0.0,False,📄 Single-Source,SocialMedia
2733,SOC-0620,@Official_Arun349,SocialHandle,Author,0.0,Low,0.0,False,📄 Single-Source,SocialMedia
2734,SOC-0621,@Xyz_Senthil917,SocialHandle,Author,0.0,Low,0.0,False,📄 Single-Source,SocialMedia
2735,SOC-0622,@Only_Prakash953,SocialHandle,Author,0.0,Low,0.0,False,📄 Single-Source,SocialMedia
2736,SOC-0623,@Shadow_Nandha88,SocialHandle,Author,0.0,Low,0.0,False,📄 Single-Source,SocialMedia
2737,SOC-0624,@Dark_Abirami163,SocialHandle,Author,0.0,Low,0.0,False,📄 Single-Source,SocialMedia
2738,SOC-0625,@User_Anand892,SocialHandle,Author,0.0,Low,0.0,False,📄 Single-Source,SocialMedia
2739,SOC-0626,@Temp_Madhan447,SocialHandle,Author,0.0,Low,0.0,False,📄 Single-Source,SocialMedia
2740,SOC-0628,@Xyz_Vignesh851,SocialHandle,Author,0.0,Low,0.0,False,📄 Single-Source,SocialMedia
2741,SOC-0691,@Anon_Gokul395,SocialHandle,Author,0.0,Low,0.0,False,📄 Single-Source,SocialMedia
2742,SOC-0629,@Dark_Mohan258,SocialHandle,Author,0.0,Low,0.0,False,📄 Single-Source,SocialMedia
2743,SOC-0630,@Temp_Lokesh85,SocialHandle,Author,0.0,Low,0.0,False,📄 Single-Source,SocialMedia
2744,VEH-0068,Tn-39-Yy-1049,Vehicle,Scooter|SocialMention,0.0,Low,0.0,True,🔗 Cross-Verified,FIR|SocialMedia
2745,VEH-0049,Tn-28-Zz-1092,Vehicle,Auto|SocialMention,0.0,Low,0.0,True,🔗 Cross-Verified,FIR|SocialMedia
2746,VEH-0048,Tn-68-Zz-1065,Vehicle,Scooter|SocialMention,0.0,Low,0.0,True,🔗 Cross-Verified,FIR|SocialMedia
2747,VEH-0044,Tn-33-Xx-1090,Vehicle,Motorcycle|SocialMention,0.0,Low,0.0,True,🔗 Cross-Verified,FIR|SocialMedia
2748,VEH-0042,Tn-69-Zz-1089,Vehicle,Van,0.0,Low,0.0,False,📄 Single-Source,FIR
2749,VEH-0031,Tn-30-Zz-1083,Vehicle,Motorcycle|SocialMention,0.0,Low,0.0,True,🔗 Cross-Verified,FIR|SocialMedia
2750,VEH-0028,Tn-58-Yy-1037,Vehicle,Car|SocialMention,0.0,Low,0.0,True,🔗 Cross-Verified,FIR|SocialMedia
2751,SOC-0614,@Xyz_Sanjay128,SocialHandle,Author,0.0,Low,0.0,False,📄 Single-Source,SocialMedia
2752,SOC-0613,@Xyz_Gopal476,SocialHandle,Author,0.0,Low,0.0,False,📄 Single-Source,SocialMedia
2753,SOC-0612,@Dark_Jeeva585,SocialHandle,Author,0.0,Low,0.0,False,📄 Single-Source,SocialMedia
2754,SOC-0587,@Only_Sanjay998,SocialHandle,Author,0.0,Low,0.0,False,📄 Single-Source,SocialMedia
2755,SOC-0586,@Temp_Tamilarasan195,SocialHandle,Author,0.0,Low,0.0,False,📄 Single-Source,SocialMedia
2756,SOC-0585,@Shadow_Nithin21,SocialHandle,Author,0.0,Low,0.0,False,📄 Single-Source,SocialMedia
2757,SOC-0584,@The_Ajith977,SocialHandle,Author,0.0,Low,0.0,False,📄 Single-Source,SocialMedia
2758,VEH-0027,Tn-28-Zz-1080,Vehicle,Auto|SocialMention,0.0,Low,0.0,True,🔗 Cross-Verified,FIR|SocialMedia
2759,SOC-0557,@Real_Dharani187,SocialHandle,Author,0.0,Low,0.0,False,📄 Single-Source,SocialMedia
2760,SOC-0534,@Official_Jagan818,SocialHandle,Author,0.0,Low,0.0,False,📄 Single-Source,SocialMedia
2761,SOC-0535,@Temp_Gopal76,SocialHandle,Author,0.0,Low,0.0,False,📄 Single-Source,SocialMedia
2762,SOC-0536,@Xyz_Vasanthi721,SocialHandle,Author,0.0,Low,0.0,False,📄 Single-Source,SocialMedia
2763,SOC-0537,@Shadow_Anand289,SocialHandle,Author,0.0,Low,0.0,False,📄 Single-Source,SocialMedia
2764,SOC-0538,@Official_Kishore958,SocialHandle,Author,0.0,Low,0.0,False,📄 Single-Source,SocialMedia
2765,SOC-0539,@Dark_Nithin798,SocialHandle,Author,0.0,Low,0.0,False,📄 Single-Source,SocialMedia
2766,SOC-0540,@Anon_Gopal839,SocialHandle,Author,0.0,Low,0.0,False,📄 Single-Source,SocialMedia
2767,SOC-0541,@The_Madhan167,SocialHandle,Author,0.0,Low,0.0,False,📄 Single-Source,SocialMedia
2768,SOC-0542,@Anon_Nithin121,SocialHandle,Author,0.0,Low,0.0,False,📄 Single-Source,SocialMedia
2769,SOC-0543,@Anon_Gokul68,SocialHandle,Author,0.0,Low,0.0,False,📄 Single-Source,SocialMedia
2770,SOC-0544,@Dark_Gokul988,SocialHandle,Author,0.0,Low,0.0,False,📄 Single-Source,SocialMedia
2771,SOC-0545,@Temp_Mathan217,SocialHandle,Author,0.0,Low,0.0,False,📄 Single-Source,SocialMedia
2772,SOC-0546,@Xyz_Gokul346,SocialHandle,Author,0.0,Low,0.0,False,📄 Single-Source,SocialMedia
2773,SOC-0547,@Dark_Yuvaraj637,SocialHandle,Author,0.0,Low,0.0,False,📄 Single-Source,SocialMedia
2774,SOC-0548,@Xyz_Dinesh134,SocialHandle,Author,0.0,Low,0.0,False,📄 Single-Source,SocialMedia
2775,SOC-0549,@The_Anand492,SocialHandle,Author,0.0,Low,0.0,False,📄 Single-Source,SocialMedia
2776,SOC-0550,@Real_Kumaran697,SocialHandle,Author,0.0,Low,0.0,False,📄 Single-Source,SocialMedia
2777,SOC-0551,@Shadow_Lokesh340,SocialHandle,Author,0.0,Low,0.0,False,📄 Single-Source,SocialMedia
2778,SOC-0552,@Temp_Murugan387,SocialHandle,Author,0.0,Low,0.0,False,📄 Single-Source,SocialMedia
2779,SOC-0553,@Dark_Mathan533,SocialHandle,Author,0.0,Low,0.0,False,📄 Single-Source,SocialMedia
2780,SOC-0554,@Only_Sanjay955,SocialHandle,Author,0.0,Low,0.0,False,📄 Single-Source,SocialMedia
2781,SOC-0555,@Official_Madhan778,SocialHandle,Author,0.0,Low,0.0,False,📄 Single-Source,SocialMedia
2782,SOC-0556,@Xyz_Rajesh339,SocialHandle,Author,0.0,Low,0.0,False,📄 Single-Source,SocialMedia
2783,SOC-0599,@Xyz_Dinesh536,SocialHandle,Author,0.0,Low,0.0,False,📄 Single-Source,SocialMedia
2784,SOC-0588,@Xyz_Thirumal218,SocialHandle,Author,0.0,Low,0.0,False,📄 Single-Source,SocialMedia
2785,SOC-0589,@Dark_Arun398,SocialHandle,Author,0.0,Low,0.0,False,📄 Single-Source,SocialMedia
2786,MOB-0017,9000000156,Mobile,Mentioned,0.0,Low,0.0,False,📄 Single-Source,FIR
2787,MOB-0015,9000000157,Mobile,Mentioned|TextMention,0.0,Low,0.0,True,🔗 Cross-Verified,FIR|SocialMedia
2788,MOB-0014,9000000044,Mobile,Mentioned|TextMention,0.0,Low,0.0,True,🔗 Cross-Verified,FIR|SocialMedia
2789,MOB-0013,9000000155,Mobile,Mentioned|TextMention,0.0,Low,0.0,True,🔗 Cross-Verified,FIR|SocialMedia
2790,MOB-0012,9000000427,Mobile,Mentioned|TextMention,0.0,Low,0.0,True,🔗 Cross-Verified,FIR|SocialMedia
2791,MOB-0011,9000000004,Mobile,Mentioned|TextMention,0.0,Low,0.0,True,🔗 Cross-Verified,FIR|SocialMedia
2792,MOB-0010,9000000295,Mobile,Mentioned|TextMention,0.0,Low,0.0,True,🔗 Cross-Verified,FIR|SocialMedia
2793,MOB-0009,9000000212,Mobile,Mentioned|TextMention,0.0,Low,0.0,True,🔗 Cross-Verified,FIR|SocialMedia
2794,MOB-0007,9000000120,Mobile,Mentioned,0.0,Low,0.0,False,📄 Single-Source,FIR
2795,SOC-0001,@Temp_Vignesh213,SocialHandle,Author,0.0,Low,0.0,False,📄 Single-Source,SocialMedia
2796,MOB-0006,9000000135,Mobile,Mentioned,0.0,Low,0.0,False,📄 Single-Source,FIR
2797,MOB-0005,9000000245,Mobile,Mentioned|TextMention,0.0,Low,0.0,True,🔗 Cross-Verified,FIR|SocialMedia
2798,MOB-0004,9000000097,Mobile,Mentioned|TextMention,0.0,Low,0.0,True,🔗 Cross-Verified,FIR|SocialMedia
2799,MOB-0003,9000000487,Mobile,Mentioned,0.0,Low,0.0,False,📄 Single-Source,FIR
2800,MOB-0002,9000000196,Mobile,Mentioned|TextMention,0.0,Low,0.0,True,🔗 Cross-Verified,FIR|SocialMedia
2801,MOB-0001,9000000068,Mobile,Mentioned,0.0,Low,0.0,False,📄 Single-Source,FIR
2802,CEL-0008,Tower-Vlr-001,CellTower,Location,0.0,Low,0.0,False,📄 Single-Source,CDR
2803,CEL-0007,Tower-Chn-001,CellTower,Location,0.0,Low,0.0,False,📄 Single-Source,CDR
2804,CEL-0006,Tower-Erd-001,CellTower,Location,0.0,Low,0.0,False,📄 Single-Source,CDR
2805,CEL-0005,Tower-Try-001,CellTower,Location,0.0,Low,0.0,False,📄 Single-Source,CDR
2806,CEL-0004,Tower-Tup-001,CellTower,Location,0.0,Low,0.0,False,📄 Single-Source,CDR
2807,CEL-0003,Tower-Mdu-001,CellTower,Location,0.0,Low,0.0,False,📄 Single-Source,CDR
2808,CEL-0002,Tower-Cbe-001,CellTower,Location,0.0,Low,0.0,False,📄 Single-Source,CDR
2809,MOB-0022,9000000463,Mobile,Mentioned|TextMention,0.0,Low,0.0,True,🔗 Cross-Verified,FIR|SocialMedia
2810,MOB-0023,9000000379,Mobile,Mentioned|TextMention,0.0,Low,0.0,True,🔗 Cross-Verified,FIR|SocialMedia
2811,MOB-0024,9000000158,Mobile,Mentioned,0.0,Low,0.0,False,📄 Single-Source,FIR
2812,MOB-0016,9000000446,Mobile,Mentioned,0.0,Low,0.0,False,📄 Single-Source,FIR
2813,MOB-0018,9000000343,Mobile,Mentioned,0.0,Low,0.0,False,📄 Single-Source,FIR
2814,SOC-0590,@Dark_Praveen984,SocialHandle,Author,0.0,Low,0.0,False,📄 Single-Source,SocialMedia
2815,MOB-0019,9000000177,Mobile,Mentioned|TextMention,0.0,Low,0.0,True,🔗 Cross-Verified,FIR|SocialMedia
2816,SOC-0591,@Official_Mohan632,SocialHandle,Author,0.0,Low,0.0,False,📄 Single-Source,SocialMedia
2817,SOC-0592,@Anon_Chithra616,SocialHandle,Author,0.0,Low,0.0,False,📄 Single-Source,SocialMedia
2818,SOC-0593,@Official_Prakash292,SocialHandle,Author,0.0,Low,0.0,False,📄 Single-Source,SocialMedia
2819,SOC-0595,@Xyz_Ganesh964,SocialHandle,Author,0.0,Low,0.0,False,📄 Single-Source,SocialMedia
2820,SOC-0596,@Dark_Elango729,SocialHandle,Author,0.0,Low,0.0,False,📄 Single-Source,SocialMedia
2821,SOC-0597,@Only_Selvam861,SocialHandle,Author,0.0,Low,0.0,False,📄 Single-Source,SocialMedia
2822,SOC-0598,@Shadow_Vasanth315,SocialHandle,Author,0.0,Low,0.0,False,📄 Single-Source,SocialMedia
2823,SOC-0600,@Shadow_Yuvaraj448,SocialHandle,Author,0.0,Low,0.0,False,📄 Single-Source,SocialMedia
2824,SOC-0611,@Dark_Jeeva79,SocialHandle,Author,0.0,Low,0.0,False,📄 Single-Source,SocialMedia
2825,SOC-0601,@Shadow_Elango914,SocialHandle,Author,0.0,Low,0.0,False,📄 Single-Source,SocialMedia
2826,SOC-0602,@Only_Arun981,SocialHandle,Author,0.0,Low,0.0,False,📄 Single-Source,SocialMedia
2827,SOC-0603,@Xyz_Karthik753,SocialHandle,Author,0.0,Low,0.0,False,📄 Single-Source,SocialMedia
2828,SOC-0604,@Only_Hariharan642,SocialHandle,Author,0.0,Low,0.0,False,📄 Single-Source,SocialMedia
2829,SOC-0605,@Xyz_Senthil635,SocialHandle,Author,0.0,Low,0.0,False,📄 Single-Source,SocialMedia
2830,SOC-0606,@Only_Vignesh354,SocialHandle,Author,0.0,Low,0.0,False,📄 Single-Source,SocialMedia
2831,SOC-0607,@Only_Mathan337,SocialHandle,Author,0.0,Low,0.0,False,📄 Single-Source,SocialMedia
2832,SOC-0608,@Dark_Mohan199,SocialHandle,Author,0.0,Low,0.0,False,📄 Single-Source,SocialMedia
2833,SOC-0609,@Temp_Senthil551,SocialHandle,Author,0.0,Low,0.0,False,📄 Single-Source,SocialMedia
2834,SOC-0610,@Only_Ajith556,SocialHandle,Author,0.0,Low,0.0,False,📄 Single-Source,SocialMedia
2835,SOC-0317,@User_Dharani548,SocialHandle,Author,0.0,Low,0.0,False,📄 Single-Source,SocialMedia
2836,MOB-0097,9000000188,Mobile,Mentioned|TextMention,0.0,Low,0.0,True,🔗 Cross-Verified,FIR|SocialMedia
2837,SOC-0315,@The_Rakesh979,SocialHandle,Author,0.0,Low,0.0,False,📄 Single-Source,SocialMedia
2838,MOB-0008,9000000281,Mobile,Mentioned,0.0,Low,0.0,False,📄 Single-Source,FIR
2839,MOB-0021,9000000277,Mobile,Mentioned,0.0,Low,0.0,False,📄 Single-Source,FIR
2840,MOB-0020,9000000002,Mobile,Mentioned|TextMention,0.0,Low,0.0,True,🔗 Cross-Verified,FIR|SocialMedia
2841,SOC-0558,@Real_Hariharan787,SocialHandle,Author,0.0,Low,0.0,False,📄 Single-Source,SocialMedia
2842,SOC-0560,@Anon_Vasanthi424,SocialHandle,Author,0.0,Low,0.0,False,📄 Single-Source,SocialMedia
2843,SOC-0583,@Shadow_Gopal753,SocialHandle,Author,0.0,Low,0.0,False,📄 Single-Source,SocialMedia
2844,SOC-0716,@Only_Sathish397,SocialHandle,Author,0.0,Low,0.0,False,📄 Single-Source,SocialMedia
2845,SOC-0714,@Xyz_Anand464,SocialHandle,Author,0.0,Low,0.0,False,📄 Single-Source,SocialMedia
2846,SOC-0713,@User_Eswari984,SocialHandle,Author,0.0,Low,0.0,False,📄 Single-Source,SocialMedia
2847,SOC-0316,@User_Harish878,SocialHandle,Author,0.0,Low,0.0,False,📄 Single-Source,SocialMedia
2848,SOC-0712,@Temp_Hariharan681,SocialHandle,Author,0.0,Low,0.0,False,📄 Single-Source,SocialMedia
2849,SOC-0684,@Only_Sathish604,SocialHandle,Author,0.0,Low,0.0,False,📄 Single-Source,SocialMedia
2850,SOC-0682,@Temp_Rakesh152,SocialHandle,Author,0.0,Low,0.0,False,📄 Single-Source,SocialMedia
2851,SOC-0533,@Shadow_Madhan968,SocialHandle,Author,0.0,Low,0.0,False,📄 Single-Source,SocialMedia
2852,SOC-0655,@The_Babu474,SocialHandle,Author,0.0,Low,0.0,False,📄 Single-Source,SocialMedia
2853,SOC-0653,@Anon_Jeeva983,SocialHandle,Author,0.0,Low,0.0,False,📄 Single-Source,SocialMedia
2854,SOC-0652,@Real_Sanjay658,SocialHandle,Author,0.0,Low,0.0,False,📄 Single-Source,SocialMedia
2855,SOC-0651,@Official_Siva728,SocialHandle,Author,0.0,Low,0.0,False,📄 Single-Source,SocialMedia
2856,SOC-0650,@Real_Prakash726,SocialHandle,Author,0.0,Low,0.0,False,📄 Single-Source,SocialMedia
2857,SOC-0649,@The_Sanjay625,SocialHandle,Author,0.0,Low,0.0,False,📄 Single-Source,SocialMedia
2858,SOC-0648,@Dark_Kishore279,SocialHandle,Author,0.0,Low,0.0,False,📄 Single-Source,SocialMedia
2859,SOC-0647,@Real_Jeeva750,SocialHandle,Author,0.0,Low,0.0,False,📄 Single-Source,SocialMedia
2860,SOC-0646,@The_Yuvaraj213,SocialHandle,Author,0.0,Low,0.0,False,📄 Single-Source,SocialMedia
2861,SOC-0645,@Anon_Yuvaraj902,SocialHandle,Author,0.0,Low,0.0,False,📄 Single-Source,SocialMedia
2862,SOC-0644,@Only_Hariharan337,SocialHandle,Author,0.0,Low,0.0,False,📄 Single-Source,SocialMedia
2863,SOC-0643,@Shadow_Elango628,SocialHandle,Author,0.0,Low,0.0,False,📄 Single-Source,SocialMedia
2864,SOC-0642,@Anon_Kavitha489,SocialHandle,Author,0.0,Low,0.0,False,📄 Single-Source,SocialMedia
2865,SOC-0641,@Xyz_Jagan18,SocialHandle,Author,0.0,Low,0.0,False,📄 Single-Source,SocialMedia
2866,SOC-0640,@Temp_Bharathi984,SocialHandle,Author,0.0,Low,0.0,False,📄 Single-Source,SocialMedia
2867,SOC-0639,@The_Nithin972,SocialHandle,Author,0.0,Low,0.0,False,📄 Single-Source,SocialMedia
2868,SOC-0638,@Official_Kumaran175,SocialHandle,Author,0.0,Low,0.0,False,📄 Single-Source,SocialMedia
2869,SOC-0637,@Temp_Hariharan652,SocialHandle,Author,0.0,Low,0.0,False,📄 Single-Source,SocialMedia
2870,SOC-0715,@User_Thirumal344,SocialHandle,Author,0.0,Low,0.0,False,📄 Single-Source,SocialMedia
2871,SOC-0717,@Dark_Jagan561,SocialHandle,Author,0.0,Low,0.0,False,📄 Single-Source,SocialMedia
2872,SOC-0635,@Real_Kishore985,SocialHandle,Author,0.0,Low,0.0,False,📄 Single-Source,SocialMedia
2873,SOC-0718,@Shadow_Siva91,SocialHandle,Author,0.0,Low,0.0,False,📄 Single-Source,SocialMedia
2874,SOC-0690,@Dark_Arjun535,SocialHandle,Author,0.0,Low,0.0,False,📄 Single-Source,SocialMedia
2875,SOC-0689,@The_Hemanth489,SocialHandle,Author,0.0,Low,0.0,False,📄 Single-Source,SocialMedia
2876,SOC-0688,@User_Hariharan300,SocialHandle,Author,0.0,Low,0.0,False,📄 Single-Source,SocialMedia
2877,SOC-0687,@Real_Arun317,SocialHandle,Author,0.0,Low,0.0,False,📄 Single-Source,SocialMedia
2878,SOC-0686,@Real_Yogesh768,SocialHandle,Author,0.0,Low,0.0,False,📄 Single-Source,SocialMedia
2879,SOC-0685,@Xyz_Ajith481,SocialHandle,Author,0.0,Low,0.0,False,📄 Single-Source,SocialMedia
2880,SOC-0708,@Xyz_Prakash484,SocialHandle,Author,0.0,Low,0.0,False,📄 Single-Source,SocialMedia
2881,SOC-0710,@Anon_Vignesh483,SocialHandle,Author,0.0,Low,0.0,False,📄 Single-Source,SocialMedia
2882,SOC-0683,@Anon_Kannan372,SocialHandle,Author,0.0,Low,0.0,False,📄 Single-Source,SocialMedia
2883,SOC-0711,@Temp_Mohan574,SocialHandle,Author,0.0,Low,0.0,False,📄 Single-Source,SocialMedia
2884,SOC-0733,@User_Abirami454,SocialHandle,Author,0.0,Low,0.0,False,📄 Single-Source,SocialMedia
2885,SOC-0732,@Only_Praveen281,SocialHandle,Author,0.0,Low,0.0,False,📄 Single-Source,SocialMedia
2886,SOC-0731,@Shadow_Karthik204,SocialHandle,Author,0.0,Low,0.0,False,📄 Single-Source,SocialMedia
2887,SOC-0730,@The_Vasanth529,SocialHandle,Author,0.0,Low,0.0,False,📄 Single-Source,SocialMedia
2888,SOC-0729,@Anon_Jeeva920,SocialHandle,Author,0.0,Low,0.0,False,📄 Single-Source,SocialMedia
2889,SOC-0728,@Shadow_Babu218,SocialHandle,Author,0.0,Low,0.0,False,📄 Single-Source,SocialMedia
2890,SOC-0727,@The_Murugan108,SocialHandle,Author,0.0,Low,0.0,False,📄 Single-Source,SocialMedia
2891,SOC-0726,@Official_Sathish179,SocialHandle,Author,0.0,Low,0.0,False,📄 Single-Source,SocialMedia
2892,SOC-0725,@The_Vignesh52,SocialHandle,Author,0.0,Low,0.0,False,📄 Single-Source,SocialMedia
2893,SOC-0724,@Real_Murugan247,SocialHandle,Author,0.0,Low,0.0,False,📄 Single-Source,SocialMedia
2894,SOC-0723,@Real_Jeeva165,SocialHandle,Author,0.0,Low,0.0,False,📄 Single-Source,SocialMedia
2895,SOC-0722,@Real_Naveen766,SocialHandle,Author,0.0,Low,0.0,False,📄 Single-Source,SocialMedia
2896,SOC-0721,@Shadow_Ganesh140,SocialHandle,Author,0.0,Low,0.0,False,📄 Single-Source,SocialMedia
2897,SOC-0720,@Anon_Mohan770,SocialHandle,Author,0.0,Low,0.0,False,📄 Single-Source,SocialMedia
2898,SOC-0719,@Xyz_Dharani260,SocialHandle,Author,0.0,Low,0.0,False,📄 Single-Source,SocialMedia
2899,SOC-0636,@Anon_Hariharan814,SocialHandle,Author,0.0,Low,0.0,False,📄 Single-Source,SocialMedia
2900,SOC-0634,@Real_Prakash524,SocialHandle,Author,0.0,Low,0.0,False,📄 Single-Source,SocialMedia
2901,SOC-0582,@Official_Nithin478,SocialHandle,Author,0.0,Low,0.0,False,📄 Single-Source,SocialMedia
2902,SOC-0659,@Shadow_Vijay735,SocialHandle,Author,0.0,Low,0.0,False,📄 Single-Source,SocialMedia
2903,SOC-0734,@Shadow_Venkat505,SocialHandle,Author,0.0,Low,0.0,False,📄 Single-Source,SocialMedia
2904,SOC-0735,@Anon_Sanjay312,SocialHandle,Author,0.0,Low,0.0,False,📄 Single-Source,SocialMedia
2905,VEH-0015,Tn-01-Xx-1075,Vehicle,Car|SocialMention,0.0,Low,0.0,True,🔗 Cross-Verified,FIR|SocialMedia
2906,SOC-0559,@Dark_Nandha585,SocialHandle,Author,0.0,Low,0.0,False,📄 Single-Source,SocialMedia
2907,SOC-0561,@Shadow_Udhay723,SocialHandle,Author,0.0,Low,0.0,False,📄 Single-Source,SocialMedia
2908,SOC-0562,@Official_Hariharan629,SocialHandle,Author,0.0,Low,0.0,False,📄 Single-Source,SocialMedia
2909,SOC-0563,@Xyz_Kishore941,SocialHandle,Author,0.0,Low,0.0,False,📄 Single-Source,SocialMedia
2910,SOC-0564,@Real_Dinesh121,SocialHandle,Author,0.0,Low,0.0,False,📄 Single-Source,SocialMedia
2911,SOC-0565,@User_Udhay109,SocialHandle,Author,0.0,Low,0.0,False,📄 Single-Source,SocialMedia
2912,SOC-0566,@Official_Udhay933,SocialHandle,Author,0.0,Low,0.0,False,📄 Single-Source,SocialMedia
2913,SOC-0567,@Real_Mohan360,SocialHandle,Author,0.0,Low,0.0,False,📄 Single-Source,SocialMedia
2914,SOC-0568,@Real_Ezhilan226,SocialHandle,Author,0.0,Low,0.0,False,📄 Single-Source,SocialMedia
2915,SOC-0569,@Shadow_Saravanan332,SocialHandle,Author,0.0,Low,0.0,False,📄 Single-Source,SocialMedia
2916,SOC-0570,@The_Karthik36,SocialHandle,Author,0.0,Low,0.0,False,📄 Single-Source,SocialMedia
2917,SOC-0571,@User_Nithin663,SocialHandle,Author,0.0,Low,0.0,False,📄 Single-Source,SocialMedia
2918,SOC-0572,@Shadow_Kishore448,SocialHandle,Author,0.0,Low,0.0,False,📄 Single-Source,SocialMedia
2919,SOC-0573,@User_Vignesh140,SocialHandle,Author,0.0,Low,0.0,False,📄 Single-Source,SocialMedia
2920,SOC-0574,@Only_Naveen226,SocialHandle,Author,0.0,Low,0.0,False,📄 Single-Source,SocialMedia
2921,SOC-0575,@Official_Praveen691,SocialHandle,Author,0.0,Low,0.0,False,📄 Single-Source,SocialMedia
2922,SOC-0576,@Shadow_Mathan396,SocialHandle,Author,0.0,Low,0.0,False,📄 Single-Source,SocialMedia
2923,SOC-0577,@Official_Karthik73,SocialHandle,Author,0.0,Low,0.0,False,📄 Single-Source,SocialMedia
2924,SOC-0578,@Dark_Lokesh19,SocialHandle,Author,0.0,Low,0.0,False,📄 Single-Source,SocialMedia
2925,SOC-0579,@Anon_Murugan308,SocialHandle,Author,0.0,Low,0.0,False,📄 Single-Source,SocialMedia
2926,SOC-0580,@Official_Nandha844,SocialHandle,Author,0.0,Low,0.0,False,📄 Single-Source,SocialMedia
2927,SOC-0581,@Real_Nandha550,SocialHandle,Author,0.0,Low,0.0,False,📄 Single-Source,SocialMedia
2928,SOC-0658,@The_Elango544,SocialHandle,Author,0.0,Low,0.0,False,📄 Single-Source,SocialMedia
2929,SOC-0660,@Dark_Mathan620,SocialHandle,Author,0.0,Low,0.0,False,📄 Single-Source,SocialMedia
2930,SOC-0633,@Anon_Anand498,SocialHandle,Author,0.0,Low,0.0,False,📄 Single-Source,SocialMedia
2931,SOC-0661,@Anon_Mathan181,SocialHandle,Author,0.0,Low,0.0,False,📄 Single-Source,SocialMedia
2932,SOC-0632,@The_Ganesh288,SocialHandle,Author,0.0,Low,0.0,False,📄 Single-Source,SocialMedia
2933,SOC-0631,@Anon_Selvam810,SocialHandle,Author,0.0,Low,0.0,False,📄 Single-Source,SocialMedia
2934,SOC-0654,@The_Janani457,SocialHandle,Author,0.0,Low,0.0,False,📄 Single-Source,SocialMedia
2935,SOC-0656,@Official_Gunasekar685,SocialHandle,Author,0.0,Low,0.0,False,📄 Single-Source,SocialMedia
2936,SOC-0681,@Only_Hemanth841,SocialHandle,Author,0.0,Low,0.0,False,📄 Single-Source,SocialMedia
2937,SOC-0657,@Real_Dinesh508,SocialHandle,Author,0.0,Low,0.0,False,📄 Single-Source,SocialMedia
2938,SOC-0680,@Xyz_Prakash168,SocialHandle,Author,0.0,Low,0.0,False,📄 Single-Source,SocialMedia
2939,SOC-0679,@Official_Arun508,SocialHandle,Author,0.0,Low,0.0,False,📄 Single-Source,SocialMedia
2940,SOC-0678,@Official_Sathish122,SocialHandle,Author,0.0,Low,0.0,False,📄 Single-Source,SocialMedia
2941,SOC-0677,@Shadow_Kavitha410,SocialHandle,Author,0.0,Low,0.0,False,📄 Single-Source,SocialMedia
2942,SOC-0676,@Only_Gokul952,SocialHandle,Author,0.0,Low,0.0,False,📄 Single-Source,SocialMedia
2943,SOC-0675,@Official_Hemanth737,SocialHandle,Author,0.0,Low,0.0,False,📄 Single-Source,SocialMedia
2944,SOC-0674,@Official_Mohan833,SocialHandle,Author,0.0,Low,0.0,False,📄 Single-Source,SocialMedia
2945,SOC-0673,@Real_Gopal56,SocialHandle,Author,0.0,Low,0.0,False,📄 Single-Source,SocialMedia
2946,SOC-0672,@The_Naveen332,SocialHandle,Author,0.0,Low,0.0,False,📄 Single-Source,SocialMedia
2947,SOC-0671,@Only_Kumaran365,SocialHandle,Author,0.0,Low,0.0,False,📄 Single-Source,SocialMedia
2948,SOC-0670,@Real_Naveen554,SocialHandle,Author,0.0,Low,0.0,False,📄 Single-Source,SocialMedia
2949,SOC-0669,@Temp_Nithya515,SocialHandle,Author,0.0,Low,0.0,False,📄 Single-Source,SocialMedia
2950,SOC-0668,@Real_Karthik959,SocialHandle,Author,0.0,Low,0.0,False,📄 Single-Source,SocialMedia
2951,SOC-0667,@Temp_Venkat535,SocialHandle,Author,0.0,Low,0.0,False,📄 Single-Source,SocialMedia
2952,SOC-0666,@Xyz_Nithya889,SocialHandle,Author,0.0,Low,0.0,False,📄 Single-Source,SocialMedia
2953,SOC-0665,@Real_Rajesh86,SocialHandle,Author,0.0,Low,0.0,False,📄 Single-Source,SocialMedia
2954,SOC-0664,@Official_Udhay339,SocialHandle,Author,0.0,Low,0.0,False,📄 Single-Source,SocialMedia
2955,SOC-0663,@Shadow_Sanjay970,SocialHandle,Author,0.0,Low,0.0,False,📄 Single-Source,SocialMedia
2956,SOC-0662,@Only_Lokesh600,SocialHandle,Author,0.0,Low,0.0,False,📄 Single-Source,SocialMedia
2957,SOC-0165,@Anon_Udhay182,SocialHandle,Author,0.0,Low,0.0,False,📄 Single-Source,SocialMedia
