Entity_A_ID,Entity_A_Label,Entity_A_Type,Entity_B_ID,Entity_B_Label,Entity_B_Type,Relationship,Weight,Source,Date
ACC-0001,Syn-Acc-100055,Account,PER-0007,Babu Rajan,Person,Victim-Account,1.5,FIR,07-01-2025
ACC-0001,Syn-Acc-100055,Account,PER-0005,Vignesh Subramani,Person,Linked-Account,2.5,FIR,17-02-2025
ACC-0001,Syn-Acc-100055,Account,PER-0042,Rakesh Anand,Person,Victim-Account,1.5,FIR,17-02-2025
ACC-0001,Syn-Acc-100055,Account,PER-0175,Sathish Sundaram,Person,Linked-Account,3.5,FIR,27-07-2025
ACC-0001,Syn-Acc-100055,Account,PER-0083,Babu Selvam,Person,Victim-Account,1.5,FIR,27-07-2025
ACC-0001,Syn-Acc-100055,Account,PER-0113,Jagan Raman,Person,Linked-Account,3.5,FIR,21-08-2025
ACC-0001,Syn-Acc-100055,Account,PER-0094,Bharathi Ammal,Person,Victim-Account,1.5,FIR,21-08-2025
ACC-0001,Syn-Acc-100055,Account,PER-0132,Arjun Shankar,Person,Linked-Account,2.5,FIR,01-07-2026
ACC-0001,Syn-Acc-100055,Account,PER-0261,Nithya Rani,Person,Victim-Account,1.5,FIR,01-07-2026
ACC-0001,Syn-Acc-100055,Account,PER-0015,Dinesh Subramani,Person,Linked-Account,2.5,FIR,02-07-2026
ACC-0001,Syn-Acc-100055,Account,PER-0390,Vidhya Sri,Person,Victim-Account,1.5,FIR,02-07-2026
ACC-0001,Syn-Acc-100055,Account,ACC-0097,Ext-Acc-209880,Account,Transferred-To,0.89,Financial,2025-03-14
ACC-0001,Syn-Acc-100055,Account,ACC-0025,Syn-Acc-100056,Account,Transferred-To,0.77,Financial,2026-01-07
ACC-0001,Syn-Acc-100055,Account,ACC-0035,Syn-Acc-100033,Account,Transferred-To,4.95,Financial,2025-09-30
ACC-0001,Syn-Acc-100055,Account,PER-0314,Gopal Natarajan,Person,Mobile-Account,1.0,Financial,2025-09-30
ACC-0001,Syn-Acc-100055,Account,ACC-0080,Syn-Acc-100008,Account,Transferred-To,2.62,Financial,2025-04-27
ACC-0001,Syn-Acc-100055,Account,ACC-0027,Syn-Acc-100047,Account,Transferred-To,0.88,Financial,2025-01-14
ACC-0001,Syn-Acc-100055,Account,ACC-0325,Ext-Acc-337152,Account,Transferred-To,0.91,Financial,2026-01-10
ACC-0001,Syn-Acc-100055,Account,PER-0168,Mohan Gopal,Person,Mobile-Account,1.0,Financial,2026-01-10
ACC-0001,Syn-Acc-100055,Account,ACC-0337,Ext-Acc-326077,Account,Transferred-To,1.66,Financial,2025-08-10
ACC-0001,Syn-Acc-100055,Account,ACC-0053,Syn-Acc-100020,Account,Transferred-To,3.05,Financial,2026-05-14
ACC-0001,Syn-Acc-100055,Account,ACC-0047,Syn-Acc-100084,Account,Transferred-To,6.13,Financial,2026-01-12
ACC-0001,Syn-Acc-100055,Account,PER-0182,Saravanan Sundaram,Person,Mobile-Account,1.0,Financial,2026-01-12
ACC-0001,Syn-Acc-100055,Account,ACC-0082,Syn-Acc-100043,Account,Transferred-To,0.77,Financial,2025-09-30
ACC-0001,Syn-Acc-100055,Account,ACC-0042,Syn-Acc-100034,Account,Transferred-To,0.9,Financial,2025-03-10
ACC-0001,Syn-Acc-100055,Account,ACC-0076,Syn-Acc-100050,Account,Transferred-To,3.99,Financial,2025-04-03
ACC-0001,Syn-Acc-100055,Account,ACC-0450,Ext-Acc-350917,Account,Transferred-To,7.5,Financial,2026-08-11
ACC-0001,Syn-Acc-100055,Account,PER-0174,Vasanth Raman,Person,Mobile-Account,1.0,Financial,2026-08-11
ACC-0001,Syn-Acc-100055,Account,ACC-0463,Ext-Acc-274600,Account,Transferred-To,0.96,Financial,2025-02-24
ACC-0001,Syn-Acc-100055,Account,ACC-0497,Ext-Acc-270533,Account,Transferred-To,2.73,Financial,2025-10-02
ACC-0001,Syn-Acc-100055,Account,ACC-0537,Ext-Acc-349054,Account,Transferred-To,7.5,Financial,2025-10-17
ACC-0001,Syn-Acc-100055,Account,PER-0012,Thirumal Palanisamy,Person,Mobile-Account,1.0,Financial,2025-10-17
ACC-0001,Syn-Acc-100055,Account,ACC-0546,Ext-Acc-213130,Account,Transferred-To,1.52,Financial,2025-04-06
ACC-0001,Syn-Acc-100055,Account,ACC-0574,Ext-Acc-229984,Account,Transferred-To,0.83,Financial,2026-05-08
ACC-0001,Syn-Acc-100055,Account,ACC-0040,Syn-Acc-100057,Account,Transferred-To,1.84,Financial,2025-11-24
ACC-0001,Syn-Acc-100055,Account,ACC-0582,Ext-Acc-289517,Account,Transferred-To,2.4,Financial,2026-04-03
ACC-0001,Syn-Acc-100055,Account,ACC-0007,Syn-Acc-100051,Account,Transferred-To,7.5,Financial,2026-01-18
ACC-0001,Syn-Acc-100055,Account,ACC-0605,Ext-Acc-311425,Account,Transferred-To,0.8,Financial,2025-05-06
ACC-0001,Syn-Acc-100055,Account,PER-0131,Chithra Raj,Person,Mobile-Account,1.0,Financial,2025-05-06
ACC-0001,Syn-Acc-100055,Account,ACC-0607,Ext-Acc-316906,Account,Transferred-To,2.21,Financial,2026-06-14
ACC-0001,Syn-Acc-100055,Account,PER-0272,Divya Devi,Person,Mobile-Account,1.0,Financial,2026-06-14
ACC-0001,Syn-Acc-100055,Account,ACC-0038,Syn-Acc-100002,Account,Transferred-To,1.87,Financial,2025-12-30
ACC-0001,Syn-Acc-100055,Account,PER-0102,Malathi Kumari,Person,Mobile-Account,1.0,Financial,2025-12-30
ACC-0001,Syn-Acc-100055,Account,ACC-0016,Syn-Acc-100026,Account,Transferred-To,2.17,Financial,2025-08-08
ACC-0001,Syn-Acc-100055,Account,PER-0198,Mohan Sekar,Person,Mobile-Account,1.0,Financial,2025-08-08
ACC-0001,Syn-Acc-100055,Account,ACC-0710,Ext-Acc-340341,Account,Transferred-To,1.73,Financial,2026-07-28
ACC-0001,Syn-Acc-100055,Account,PER-0316,Mohan Ramasamy,Person,Mobile-Account,1.0,Financial,2026-07-28
ACC-0001,Syn-Acc-100055,Account,ACC-0735,Ext-Acc-258911,Account,Transferred-To,0.96,Financial,2025-12-27
ACC-0001,Syn-Acc-100055,Account,ACC-0012,Syn-Acc-100053,Account,Transferred-To,0.77,Financial,2025-11-07
ACC-0001,Syn-Acc-100055,Account,ACC-0015,Syn-Acc-100076,Account,Transferred-To,0.97,Financial,2025-05-22
ACC-0001,Syn-Acc-100055,Account,ACC-0800,Ext-Acc-324704,Account,Transferred-To,0.89,Financial,2025-09-26
ACC-0001,Syn-Acc-100055,Account,ACC-0087,Syn-Acc-100099,Account,Transferred-To,7.5,Financial,2026-05-03
ACC-0001,Syn-Acc-100055,Account,PER-0134,Deepa Kumari,Person,Mobile-Account,1.0,Financial,2026-05-03
ACC-0001,Syn-Acc-100055,Account,ACC-0006,Syn-Acc-100072,Account,Transferred-To,7.5,Financial,2026-02-25
ACC-0001,Syn-Acc-100055,Account,PER-0043,Arun Babu,Person,Mobile-Account,1.0,Financial,2026-05-18
ACC-0001,Syn-Acc-100055,Account,ACC-0840,Ext-Acc-204089,Account,Transferred-To,7.5,Financial,2026-07-21
ACC-0001,Syn-Acc-100055,Account,ACC-0874,Ext-Acc-264424,Account,Transferred-To,0.88,Financial,2025-12-10
ACC-0001,Syn-Acc-100055,Account,PER-0164,Malathi Selvi,Person,Mobile-Account,1.0,Financial,2025-05-17
ACC-0001,Syn-Acc-100055,Account,ACC-0971,Ext-Acc-337156,Account,Transferred-To,1.11,Financial,2025-05-18
ACC-0001,Syn-Acc-100055,Account,PER-0195,Vidhya Ammal,Person,Mobile-Account,1.0,Financial,2025-05-18
ACC-0001,Syn-Acc-100055,Account,ACC-0997,Ext-Acc-368287,Account,Transferred-To,2.08,Financial,2025-03-11
ACC-0001,Syn-Acc-100055,Account,PER-0011,Meena Ammal,Person,Mobile-Account,1.0,Financial,2025-03-11
ACC-0001,Syn-Acc-100055,Account,ACC-1018,Ext-Acc-260324,Account,Transferred-To,1.69,Financial,2025-02-05
ACC-0001,Syn-Acc-100055,Account,ACC-0005,Syn-Acc-100071,Account,Transferred-To,0.79,Financial,2026-07-24
ACC-0001,Syn-Acc-100055,Account,ACC-0067,Syn-Acc-100044,Account,Transferred-To,1.1,Financial,2026-05-15
ACC-0001,Syn-Acc-100055,Account,ACC-1111,Ext-Acc-315994,Account,Transferred-To,0.76,Financial,2025-02-25
ACC-0001,Syn-Acc-100055,Account,ACC-1151,Ext-Acc-214669,Account,Transferred-To,2.57,Financial,2026-04-07
ACC-0001,Syn-Acc-100055,Account,ACC-1162,Ext-Acc-343238,Account,Transferred-To,1.91,Financial,2026-07-27
ACC-0001,Syn-Acc-100055,Account,PER-0389,Babu Krishnan,Person,Mobile-Account,1.0,Financial,2026-07-27
ACC-0001,Syn-Acc-100055,Account,ACC-1171,Ext-Acc-395977,Account,Transferred-To,2.79,Financial,2026-03-27
ACC-0001,Syn-Acc-100055,Account,PER-0307,Deviga Krishnan,Person,Mobile-Account,1.0,Financial,2026-03-27
ACC-0001,Syn-Acc-100055,Account,ACC-1175,Ext-Acc-364261,Account,Transferred-To,2.35,Financial,2025-04-09
ACC-0001,Syn-Acc-100055,Account,ACC-0072,Syn-Acc-100089,Account,Transferred-To,2.64,Financial,2025-07-06
ACC-0001,Syn-Acc-100055,Account,PER-0394,Hemanth Nathan,Person,Mobile-Account,1.0,Financial,2025-07-06
ACC-0001,Syn-Acc-100055,Account,ACC-0031,Syn-Acc-100080,Account,Transferred-To,0.81,Financial,2025-04-05
ACC-0001,Syn-Acc-100055,Account,PER-0293,Babu Balan,Person,Mobile-Account,1.0,Financial,2025-04-05
ACC-0001,Syn-Acc-100055,Account,ACC-0049,Syn-Acc-100065,Account,Transferred-To,0.78,Financial,2025-08-05
ACC-0001,Syn-Acc-100055,Account,PER-0275,Harish Selvam,Person,Mobile-Account,1.0,Financial,2025-08-05
ACC-0001,Syn-Acc-100055,Account,ACC-1275,Ext-Acc-255132,Account,Transferred-To,1.29,Financial,2026-08-22
ACC-0001,Syn-Acc-100055,Account,ACC-0013,Syn-Acc-100011,Account,Transferred-To,6.24,Financial,2025-07-16
ACC-0001,Syn-Acc-100055,Account,ACC-0009,Syn-Acc-100063,Account,Transferred-To,0.86,Financial,2025-05-09
ACC-0001,Syn-Acc-100055,Account,ACC-1297,Ext-Acc-341315,Account,Transferred-To,3.16,Financial,2026-01-01
ACC-0001,Syn-Acc-100055,Account,PER-0224,Jothi Selvi,Person,Mobile-Account,1.0,Financial,2026-01-01
ACC-0001,Syn-Acc-100055,Account,ACC-0055,Syn-Acc-100045,Account,Transferred-To,0.83,Financial,2026-01-31
ACC-0001,Syn-Acc-100055,Account,PER-0233,Sanjay Prakash,Person,Mobile-Account,1.0,Financial,2026-01-31
ACC-0001,Syn-Acc-100055,Account,ACC-0010,Syn-Acc-100074,Account,Transferred-To,0.91,Financial,2025-08-19
ACC-0001,Syn-Acc-100055,Account,ACC-1424,Ext-Acc-309561,Account,Transferred-To,0.86,Financial,2026-05-26
ACC-0001,Syn-Acc-100055,Account,ACC-0032,Syn-Acc-100048,Account,Transferred-To,1.0,Financial,2025-09-25
ACC-0001,Syn-Acc-100055,Account,ACC-0021,Syn-Acc-100027,Account,Transferred-To,0.92,Financial,2025-08-02
ACC-0001,Syn-Acc-100055,Account,PER-0378,Senthil Raman,Person,Mobile-Account,1.0,Financial,2025-08-02
ACC-0001,Syn-Acc-100055,Account,ACC-1466,Ext-Acc-346291,Account,Transferred-To,7.5,Financial,2025-11-20
ACC-0001,Syn-Acc-100055,Account,PER-0223,Gunasekar Murugan,Person,Mobile-Account,1.0,Financial,2025-11-20
ACC-0002,Syn-Acc-100070,Account,PER-0012,Thirumal Palanisamy,Person,Linked-Account,2.5,FIR,10-01-2025
ACC-0002,Syn-Acc-100070,Account,PER-0011,Meena Ammal,Person,Victim-Account,1.5,FIR,10-01-2025
ACC-0002,Syn-Acc-100070,Account,PER-0026,Hariharan Subramani,Person,Linked-Account,2.5,FIR,25-01-2025
ACC-0002,Syn-Acc-100070,Account,PER-0025,Bhuvana Bai,Person,Victim-Account,1.5,FIR,25-01-2025
ACC-0002,Syn-Acc-100070,Account,PER-0095,Udhay Anand,Person,Linked-Account,2.5,FIR,03-04-2025
ACC-0002,Syn-Acc-100070,Account,PER-0020,Yogesh Raj,Person,Victim-Account,1.5,FIR,03-04-2025
ACC-0002,Syn-Acc-100070,Account,ACC-0087,Syn-Acc-100099,Account,Transferred-To,1.47,Financial,2026-08-16
ACC-0002,Syn-Acc-100070,Account,PER-0133,Jagan Velan,Person,Mobile-Account,1.0,Financial,2026-08-16
ACC-0002,Syn-Acc-100070,Account,ACC-0275,Ext-Acc-385323,Account,Transferred-To,0.87,Financial,2025-01-26
ACC-0002,Syn-Acc-100070,Account,PER-0336,Inban Palanisamy,Person,Mobile-Account,1.0,Financial,2025-01-26
ACC-0002,Syn-Acc-100070,Account,ACC-0023,Syn-Acc-100052,Account,Transferred-To,1.52,Financial,2025-04-02
ACC-0002,Syn-Acc-100070,Account,ACC-0739,Ext-Acc-293685,Account,Transferred-To,0.86,Financial,2026-07-18
ACC-0002,Syn-Acc-100070,Account,ACC-0006,Syn-Acc-100072,Account,Transferred-To,0.86,Financial,2026-08-16
ACC-0002,Syn-Acc-100070,Account,ACC-0086,Syn-Acc-100098,Account,Transferred-To,1.83,Financial,2026-03-19
ACC-0002,Syn-Acc-100070,Account,ACC-0004,Syn-Acc-100024,Account,Transferred-To,7.5,Financial,2025-03-15
ACC-0002,Syn-Acc-100070,Account,PER-0337,Jeeva Muthu,Person,Mobile-Account,1.0,Financial,2025-03-15
ACC-0002,Syn-Acc-100070,Account,ACC-1262,Ext-Acc-322057,Account,Transferred-To,7.5,Financial,2025-09-05
ACC-0002,Syn-Acc-100070,Account,PER-0119,Amudha Kannan,Person,Mobile-Account,1.0,Financial,2025-09-05
ACC-0002,Syn-Acc-100070,Account,ACC-0081,Syn-Acc-100095,Account,Transferred-To,0.96,Financial,2026-06-29
ACC-0002,Syn-Acc-100070,Account,ACC-0039,Syn-Acc-100014,Account,Transferred-To,7.5,Financial,2026-06-05
ACC-0002,Syn-Acc-100070,Account,PER-0310,Mathan Balan,Person,Mobile-Account,1.0,Financial,2026-06-05
ACC-0002,Syn-Acc-100070,Account,ACC-0022,Syn-Acc-100054,Account,Transferred-To,1.53,Financial,2025-11-09
ACC-0003,Syn-Acc-100069,Account,PER-0015,Dinesh Subramani,Person,Linked-Account,2.5,FIR,10-01-2025
ACC-0003,Syn-Acc-100069,Account,PER-0014,Ajith Velan,Person,Victim-Account,1.5,FIR,10-01-2025
ACC-0003,Syn-Acc-100069,Account,PER-0043,Arun Babu,Person,Linked-Account,2.5,FIR,26-01-2025
ACC-0003,Syn-Acc-100069,Account,PER-0042,Rakesh Anand,Person,Victim-Account,1.5,FIR,26-01-2025
ACC-0003,Syn-Acc-100069,Account,PER-0005,Vignesh Subramani,Person,Linked-Account,3.5,FIR,27-03-2025
ACC-0003,Syn-Acc-100069,Account,PER-0088,Naveen Natarajan,Person,Victim-Account,1.5,FIR,27-03-2025
ACC-0003,Syn-Acc-100069,Account,PER-0112,Eswari Raj,Person,Linked-Account,2.5,FIR,09-04-2025
ACC-0003,Syn-Acc-100069,Account,PER-0049,Madhan Kumar,Person,Victim-Account,1.5,FIR,09-04-2025
ACC-0003,Syn-Acc-100069,Account,ACC-0151,Ext-Acc-394493,Account,Transferred-To,1.51,Financial,2026-05-03
ACC-0003,Syn-Acc-100069,Account,PER-0346,Inban Pandian,Person,Mobile-Account,1.0,Financial,2026-05-03
ACC-0003,Syn-Acc-100069,Account,ACC-0086,Syn-Acc-100098,Account,Transferred-To,0.77,Financial,2025-08-25
ACC-0003,Syn-Acc-100069,Account,PER-0260,Bharath Babu,Person,Mobile-Account,1.0,Financial,2025-08-25
ACC-0003,Syn-Acc-100069,Account,ACC-0171,Ext-Acc-284278,Account,Transferred-To,1.57,Financial,2025-12-31
ACC-0003,Syn-Acc-100069,Account,ACC-0066,Syn-Acc-100006,Account,Transferred-To,1.71,Financial,2025-01-23
ACC-0003,Syn-Acc-100069,Account,ACC-0038,Syn-Acc-100002,Account,Transferred-To,0.77,Financial,2026-06-02
ACC-0003,Syn-Acc-100069,Account,ACC-0257,Ext-Acc-252163,Account,Transferred-To,0.93,Financial,2026-05-13
ACC-0003,Syn-Acc-100069,Account,ACC-0018,Syn-Acc-100018,Account,Transferred-To,0.8,Financial,2025-09-09
ACC-0003,Syn-Acc-100069,Account,ACC-0280,Ext-Acc-352654,Account,Transferred-To,7.5,Financial,2025-02-08
ACC-0003,Syn-Acc-100069,Account,ACC-0294,Ext-Acc-216961,Account,Transferred-To,7.5,Financial,2026-02-19
ACC-0003,Syn-Acc-100069,Account,ACC-0301,Ext-Acc-243512,Account,Transferred-To,2.76,Financial,2026-08-13
ACC-0003,Syn-Acc-100069,Account,ACC-0314,Ext-Acc-253429,Account,Transferred-To,0.93,Financial,2025-01-05
ACC-0003,Syn-Acc-100069,Account,ACC-0080,Syn-Acc-100008,Account,Transferred-To,4.63,Financial,2025-04-29
ACC-0003,Syn-Acc-100069,Account,ACC-0007,Syn-Acc-100051,Account,Transferred-To,0.78,Financial,2025-12-01
ACC-0003,Syn-Acc-100069,Account,ACC-0012,Syn-Acc-100053,Account,Transferred-To,3.31,Financial,2025-08-31
ACC-0003,Syn-Acc-100069,Account,ACC-0071,Syn-Acc-100090,Account,Transferred-To,9.11,Financial,2026-04-30
ACC-0003,Syn-Acc-100069,Account,ACC-0389,Ext-Acc-236418,Account,Transferred-To,0.95,Financial,2025-05-16
ACC-0003,Syn-Acc-100069,Account,ACC-0401,Ext-Acc-263766,Account,Transferred-To,0.81,Financial,2026-04-06
ACC-0003,Syn-Acc-100069,Account,ACC-0024,Syn-Acc-100078,Account,Transferred-To,10.07,Financial,2025-03-01
ACC-0003,Syn-Acc-100069,Account,ACC-0441,Ext-Acc-309872,Account,Transferred-To,2.1,Financial,2025-08-19
ACC-0003,Syn-Acc-100069,Account,PER-0095,Udhay Anand,Person,Mobile-Account,1.0,Financial,2025-08-19
ACC-0003,Syn-Acc-100069,Account,ACC-0462,Ext-Acc-286447,Account,Transferred-To,2.27,Financial,2026-05-25
ACC-0003,Syn-Acc-100069,Account,ACC-0045,Syn-Acc-100016,Account,Transferred-To,0.9,Financial,2026-08-06
ACC-0003,Syn-Acc-100069,Account,ACC-0062,Syn-Acc-100060,Account,Transferred-To,8.34,Financial,2025-05-11
ACC-0003,Syn-Acc-100069,Account,ACC-0041,Syn-Acc-100032,Account,Transferred-To,2.19,Financial,2025-09-12
ACC-0003,Syn-Acc-100069,Account,ACC-0531,Ext-Acc-341676,Account,Transferred-To,1.24,Financial,2026-04-18
ACC-0003,Syn-Acc-100069,Account,PER-0175,Sathish Sundaram,Person,Mobile-Account,1.0,Financial,2026-04-18
ACC-0003,Syn-Acc-100069,Account,ACC-0082,Syn-Acc-100043,Account,Transferred-To,0.79,Financial,2025-09-23
ACC-0003,Syn-Acc-100069,Account,ACC-0087,Syn-Acc-100099,Account,Transferred-To,9.81,Financial,2025-11-29
ACC-0003,Syn-Acc-100069,Account,PER-0072,Buvaneswari Kannan,Person,Mobile-Account,1.0,Financial,2025-11-29
ACC-0003,Syn-Acc-100069,Account,ACC-0075,Syn-Acc-100092,Account,Transferred-To,0.95,Financial,2025-12-19
ACC-0003,Syn-Acc-100069,Account,PER-0212,Rajesh Karuppasamy,Person,Mobile-Account,1.0,Financial,2025-12-19
ACC-0003,Syn-Acc-100069,Account,ACC-0621,Ext-Acc-245453,Account,Transferred-To,0.94,Financial,2025-04-05
ACC-0003,Syn-Acc-100069,Account,PER-0383,Jothi Murugan,Person,Mobile-Account,1.0,Financial,2026-01-23
ACC-0003,Syn-Acc-100069,Account,ACC-0035,Syn-Acc-100033,Account,Transferred-To,2.71,Financial,2025-02-02
ACC-0003,Syn-Acc-100069,Account,ACC-0708,Ext-Acc-303988,Account,Transferred-To,7.5,Financial,2026-01-16
ACC-0003,Syn-Acc-100069,Account,PER-0397,Buvaneswari Rani,Person,Mobile-Account,1.0,Financial,2026-01-16
ACC-0003,Syn-Acc-100069,Account,PER-0217,Sathish Subramani,Person,Mobile-Account,1.0,Financial,2025-03-23
ACC-0003,Syn-Acc-100069,Account,ACC-0777,Ext-Acc-283218,Account,Transferred-To,1.57,Financial,2026-04-19
ACC-0003,Syn-Acc-100069,Account,ACC-0083,Syn-Acc-100096,Account,Transferred-To,0.95,Financial,2026-04-29
ACC-0003,Syn-Acc-100069,Account,PER-0041,Hariharan Palanisamy,Person,Mobile-Account,1.0,Financial,2026-04-29
ACC-0003,Syn-Acc-100069,Account,ACC-0842,Ext-Acc-226825,Account,Transferred-To,2.85,Financial,2025-03-29
ACC-0003,Syn-Acc-100069,Account,ACC-0005,Syn-Acc-100071,Account,Transferred-To,0.77,Financial,2025-10-01
ACC-0003,Syn-Acc-100069,Account,ACC-0860,Ext-Acc-353284,Account,Transferred-To,1.59,Financial,2026-02-09
ACC-0003,Syn-Acc-100069,Account,PER-0369,Hemanth Arumugam,Person,Mobile-Account,1.0,Financial,2026-02-09
ACC-0003,Syn-Acc-100069,Account,ACC-0015,Syn-Acc-100076,Account,Transferred-To,0.89,Financial,2025-07-03
ACC-0003,Syn-Acc-100069,Account,ACC-0924,Ext-Acc-339268,Account,Transferred-To,0.93,Financial,2025-05-04
ACC-0003,Syn-Acc-100069,Account,PER-0343,Malathi Murugan,Person,Mobile-Account,1.0,Financial,2025-05-04
ACC-0003,Syn-Acc-100069,Account,PER-0276,Harish Subramani,Person,Mobile-Account,1.0,Financial,2026-01-17
ACC-0003,Syn-Acc-100069,Account,ACC-0084,Syn-Acc-100039,Account,Transferred-To,7.5,Financial,2026-06-25
ACC-0003,Syn-Acc-100069,Account,ACC-1000,Ext-Acc-353154,Account,Transferred-To,2.75,Financial,2026-09-04
ACC-0003,Syn-Acc-100069,Account,PER-0129,Kishore Babu,Person,Mobile-Account,1.0,Financial,2026-09-04
ACC-0003,Syn-Acc-100069,Account,ACC-0027,Syn-Acc-100047,Account,Transferred-To,7.5,Financial,2026-03-03
ACC-0003,Syn-Acc-100069,Account,PER-0185,Jagan Sekar,Person,Mobile-Account,1.0,Financial,2026-03-03
ACC-0003,Syn-Acc-100069,Account,ACC-1049,Ext-Acc-277526,Account,Transferred-To,2.42,Financial,2026-08-14
ACC-0003,Syn-Acc-100069,Account,ACC-1075,Ext-Acc-371492,Account,Transferred-To,1.93,Financial,2026-06-17
ACC-0003,Syn-Acc-100069,Account,PER-0197,Thirumal Sekar,Person,Mobile-Account,1.0,Financial,2026-06-17
ACC-0003,Syn-Acc-100069,Account,ACC-1083,Ext-Acc-329968,Account,Transferred-To,4.86,Financial,2025-08-04
ACC-0003,Syn-Acc-100069,Account,PER-0183,Venkat Palanisamy,Person,Mobile-Account,1.0,Financial,2025-08-04
ACC-0003,Syn-Acc-100069,Account,ACC-0051,Syn-Acc-100059,Account,Transferred-To,0.9,Financial,2026-08-17
ACC-0003,Syn-Acc-100069,Account,ACC-0060,Syn-Acc-100040,Account,Transferred-To,7.5,Financial,2026-08-20
ACC-0003,Syn-Acc-100069,Account,PER-0331,Sanjay Velan,Person,Mobile-Account,1.0,Financial,2025-03-19
ACC-0003,Syn-Acc-100069,Account,ACC-0019,Syn-Acc-100025,Account,Transferred-To,7.5,Financial,2025-12-12
ACC-0003,Syn-Acc-100069,Account,PER-0178,Saravanan Anand,Person,Mobile-Account,1.0,Financial,2025-12-12
ACC-0003,Syn-Acc-100069,Account,ACC-0049,Syn-Acc-100065,Account,Transferred-To,0.89,Financial,2026-01-12
ACC-0003,Syn-Acc-100069,Account,ACC-0014,Syn-Acc-100003,Account,Transferred-To,0.78,Financial,2026-03-19
ACC-0003,Syn-Acc-100069,Account,PER-0019,Madhan Palanisamy,Person,Mobile-Account,1.0,Financial,2025-08-18
ACC-0003,Syn-Acc-100069,Account,ACC-0064,Syn-Acc-100068,Account,Transferred-To,2.07,Financial,2025-06-14
ACC-0003,Syn-Acc-100069,Account,ACC-0023,Syn-Acc-100052,Account,Transferred-To,2.17,Financial,2025-08-12
ACC-0003,Syn-Acc-100069,Account,ACC-1372,Ext-Acc-301937,Account,Transferred-To,2.78,Financial,2026-04-23
ACC-0003,Syn-Acc-100069,Account,PER-0341,Madhan Nathan,Person,Mobile-Account,1.0,Financial,2026-04-23
ACC-0003,Syn-Acc-100069,Account,ACC-0025,Syn-Acc-100056,Account,Transferred-To,0.95,Financial,2026-06-19
ACC-0003,Syn-Acc-100069,Account,ACC-1407,Ext-Acc-347092,Account,Transferred-To,2.67,Financial,2025-02-21
ACC-0003,Syn-Acc-100069,Account,PER-0102,Malathi Kumari,Person,Mobile-Account,1.0,Financial,2025-02-21
ACC-0003,Syn-Acc-100069,Account,ACC-0070,Syn-Acc-100062,Account,Transferred-To,0.92,Financial,2026-07-05
ACC-0003,Syn-Acc-100069,Account,PER-0124,Chandran Subramani,Person,Mobile-Account,1.0,Financial,2026-07-05
ACC-0003,Syn-Acc-100069,Account,ACC-1417,Ext-Acc-310522,Account,Transferred-To,7.5,Financial,2026-07-07
ACC-0003,Syn-Acc-100069,Account,PER-0020,Yogesh Raj,Person,Mobile-Account,1.0,Financial,2026-07-07
ACC-0004,Syn-Acc-100024,Account,PER-0080,Nandha Karuppasamy,Person,Linked-Account,7.5,FIR,18-03-2025
ACC-0004,Syn-Acc-100024,Account,PER-0001,Lavanya Ammal,Person,Victim-Account,1.5,FIR,18-03-2025
ACC-0004,Syn-Acc-100024,Account,PER-0204,Keerthana Sri,Person,Victim-Account,1.5,FIR,11-07-2025
ACC-0004,Syn-Acc-100024,Account,PER-0245,Senthil Prakash,Person,Victim-Account,1.5,FIR,24-08-2025
ACC-0004,Syn-Acc-100024,Account,ACC-0007,Syn-Acc-100051,Account,Transferred-To,0.95,Financial,2026-02-07
ACC-0004,Syn-Acc-100024,Account,ACC-0014,Syn-Acc-100003,Account,Transferred-To,0.76,Financial,2025-08-20
ACC-0004,Syn-Acc-100024,Account,ACC-0045,Syn-Acc-100016,Account,Transferred-To,3.54,Financial,2026-06-27
ACC-0004,Syn-Acc-100024,Account,ACC-0382,Ext-Acc-286623,Account,Transferred-To,1.74,Financial,2025-09-03
ACC-0004,Syn-Acc-100024,Account,ACC-0410,Ext-Acc-266088,Account,Transferred-To,1.36,Financial,2025-07-06
ACC-0004,Syn-Acc-100024,Account,ACC-0797,Ext-Acc-396017,Account,Transferred-To,7.5,Financial,2025-05-20
ACC-0004,Syn-Acc-100024,Account,PER-0163,Rakesh Krishnan,Person,Mobile-Account,1.0,Financial,2025-05-20
ACC-0004,Syn-Acc-100024,Account,ACC-0010,Syn-Acc-100074,Account,Transferred-To,1.77,Financial,2025-04-16
ACC-0004,Syn-Acc-100024,Account,ACC-0935,Ext-Acc-251337,Account,Transferred-To,7.5,Financial,2026-05-01
ACC-0004,Syn-Acc-100024,Account,ACC-1102,Ext-Acc-215988,Account,Transferred-To,0.78,Financial,2026-07-21
ACC-0004,Syn-Acc-100024,Account,ACC-1237,Ext-Acc-362283,Account,Transferred-To,0.92,Financial,2026-09-12
ACC-0004,Syn-Acc-100024,Account,PER-0028,Selvam Rajan,Person,Mobile-Account,1.0,Financial,2026-09-12
ACC-0004,Syn-Acc-100024,Account,ACC-1283,Ext-Acc-331471,Account,Transferred-To,0.91,Financial,2025-05-17
ACC-0004,Syn-Acc-100024,Account,PER-0251,Kishore Velan,Person,Mobile-Account,1.0,Financial,2025-05-17
ACC-0005,Syn-Acc-100071,Account,PER-0098,Karthik Nathan,Person,Linked-Account,2.5,FIR,28-03-2025
ACC-0005,Syn-Acc-100071,Account,PER-0097,Rajesh Mani,Person,Victim-Account,1.5,FIR,28-03-2025
ACC-0005,Syn-Acc-100071,Account,PER-0164,Malathi Selvi,Person,Victim-Account,1.5,FIR,03-06-2025
ACC-0005,Syn-Acc-100071,Account,ACC-0200,Ext-Acc-253788,Account,Transferred-To,1.22,Financial,2026-02-07
ACC-0005,Syn-Acc-100071,Account,ACC-0054,Syn-Acc-100087,Account,Transferred-To,0.95,Financial,2025-12-07
ACC-0005,Syn-Acc-100071,Account,ACC-0007,Syn-Acc-100051,Account,Transferred-To,0.93,Financial,2026-05-27
ACC-0005,Syn-Acc-100071,Account,ACC-0286,Ext-Acc-249051,Account,Transferred-To,2.86,Financial,2025-08-03
ACC-0005,Syn-Acc-100071,Account,ACC-0319,Ext-Acc-372298,Account,Transferred-To,7.5,Financial,2026-08-26
ACC-0005,Syn-Acc-100071,Account,PER-0027,Sanjay Raj,Person,Mobile-Account,1.0,Financial,2026-08-26
ACC-0005,Syn-Acc-100071,Account,ACC-0038,Syn-Acc-100002,Account,Transferred-To,0.92,Financial,2025-04-27
ACC-0005,Syn-Acc-100071,Account,PER-0154,Bharathi Raj,Person,Mobile-Account,1.0,Financial,2025-04-27
ACC-0005,Syn-Acc-100071,Account,ACC-0045,Syn-Acc-100016,Account,Transferred-To,0.91,Financial,2025-05-23
ACC-0005,Syn-Acc-100071,Account,PER-0061,Dinesh Balan,Person,Mobile-Account,1.0,Financial,2025-05-23
ACC-0005,Syn-Acc-100071,Account,ACC-0051,Syn-Acc-100059,Account,Transferred-To,0.84,Financial,2025-12-10
ACC-0005,Syn-Acc-100071,Account,ACC-0006,Syn-Acc-100072,Account,Transferred-To,2.75,Financial,2026-01-24
ACC-0005,Syn-Acc-100071,Account,PER-0119,Amudha Kannan,Person,Mobile-Account,1.0,Financial,2026-01-24
ACC-0005,Syn-Acc-100071,Account,ACC-0035,Syn-Acc-100033,Account,Transferred-To,2.45,Financial,2025-01-25
ACC-0005,Syn-Acc-100071,Account,PER-0194,Rakesh Gopal,Person,Mobile-Account,1.0,Financial,2025-01-25
ACC-0005,Syn-Acc-100071,Account,ACC-0434,Ext-Acc-262221,Account,Transferred-To,7.5,Financial,2025-10-22
ACC-0005,Syn-Acc-100071,Account,ACC-0445,Ext-Acc-353347,Account,Transferred-To,1.33,Financial,2026-07-17
ACC-0005,Syn-Acc-100071,Account,PER-0307,Deviga Krishnan,Person,Mobile-Account,1.0,Financial,2026-07-17
ACC-0005,Syn-Acc-100071,Account,ACC-0515,Ext-Acc-235974,Account,Transferred-To,7.5,Financial,2025-07-22
ACC-0005,Syn-Acc-100071,Account,ACC-0074,Syn-Acc-100091,Account,Transferred-To,1.02,Financial,2025-03-13
ACC-0005,Syn-Acc-100071,Account,ACC-0571,Ext-Acc-322380,Account,Transferred-To,1.69,Financial,2026-07-30
ACC-0005,Syn-Acc-100071,Account,ACC-0021,Syn-Acc-100027,Account,Transferred-To,8.51,Financial,2026-09-07
ACC-0005,Syn-Acc-100071,Account,PER-0299,Hemanth Raj,Person,Mobile-Account,1.0,Financial,2026-09-07
ACC-0005,Syn-Acc-100071,Account,ACC-0599,Ext-Acc-209669,Account,Transferred-To,0.8,Financial,2025-03-01
ACC-0005,Syn-Acc-100071,Account,ACC-0026,Syn-Acc-100046,Account,Transferred-To,5.35,Financial,2026-05-17
ACC-0005,Syn-Acc-100071,Account,ACC-0654,Ext-Acc-374113,Account,Transferred-To,0.77,Financial,2026-03-31
ACC-0005,Syn-Acc-100071,Account,PER-0046,Lokesh Balan,Person,Mobile-Account,1.0,Financial,2026-03-31
ACC-0005,Syn-Acc-100071,Account,ACC-0047,Syn-Acc-100084,Account,Transferred-To,7.5,Financial,2025-10-05
ACC-0005,Syn-Acc-100071,Account,ACC-0024,Syn-Acc-100078,Account,Transferred-To,0.78,Financial,2025-04-08
ACC-0005,Syn-Acc-100071,Account,PER-0124,Chandran Subramani,Person,Mobile-Account,1.0,Financial,2025-04-08
ACC-0005,Syn-Acc-100071,Account,ACC-0729,Ext-Acc-277059,Account,Transferred-To,0.9,Financial,2025-09-22
ACC-0005,Syn-Acc-100071,Account,PER-0054,Vasanth Chandran,Person,Mobile-Account,1.0,Financial,2026-08-27
ACC-0005,Syn-Acc-100071,Account,ACC-0755,Ext-Acc-318385,Account,Transferred-To,0.85,Financial,2026-09-12
ACC-0005,Syn-Acc-100071,Account,ACC-0081,Syn-Acc-100095,Account,Transferred-To,0.89,Financial,2025-05-30
ACC-0005,Syn-Acc-100071,Account,ACC-0795,Ext-Acc-295389,Account,Transferred-To,1.5,Financial,2025-06-17
ACC-0005,Syn-Acc-100071,Account,ACC-0022,Syn-Acc-100054,Account,Transferred-To,7.5,Financial,2025-10-30
ACC-0005,Syn-Acc-100071,Account,PER-0206,Mathan Velan,Person,Mobile-Account,1.0,Financial,2025-10-01
ACC-0005,Syn-Acc-100071,Account,ACC-0086,Syn-Acc-100098,Account,Transferred-To,0.88,Financial,2025-01-05
ACC-0005,Syn-Acc-100071,Account,ACC-0057,Syn-Acc-100041,Account,Transferred-To,0.86,Financial,2026-02-06
ACC-0005,Syn-Acc-100071,Account,ACC-0050,Syn-Acc-100086,Account,Transferred-To,7.5,Financial,2025-01-30
ACC-0005,Syn-Acc-100071,Account,ACC-0012,Syn-Acc-100053,Account,Transferred-To,0.93,Financial,2025-08-14
ACC-0005,Syn-Acc-100071,Account,PER-0273,Lakshmi Raman,Person,Mobile-Account,1.0,Financial,2026-05-13
ACC-0005,Syn-Acc-100071,Account,ACC-0928,Ext-Acc-336592,Account,Transferred-To,1.05,Financial,2025-08-18
ACC-0005,Syn-Acc-100071,Account,ACC-0063,Syn-Acc-100088,Account,Transferred-To,7.5,Financial,2026-05-10
ACC-0005,Syn-Acc-100071,Account,PER-0134,Deepa Kumari,Person,Mobile-Account,1.0,Financial,2026-05-10
ACC-0005,Syn-Acc-100071,Account,ACC-0020,Syn-Acc-100077,Account,Transferred-To,1.76,Financial,2025-03-13
ACC-0005,Syn-Acc-100071,Account,PER-0025,Bhuvana Bai,Person,Mobile-Account,2.0,Financial,2025-03-13
ACC-0005,Syn-Acc-100071,Account,ACC-0087,Syn-Acc-100099,Account,Transferred-To,4.12,Financial,2026-05-26
ACC-0005,Syn-Acc-100071,Account,ACC-0080,Syn-Acc-100008,Account,Transferred-To,0.87,Financial,2025-05-18
ACC-0005,Syn-Acc-100071,Account,ACC-0995,Ext-Acc-267027,Account,Transferred-To,0.86,Financial,2025-03-06
ACC-0005,Syn-Acc-100071,Account,ACC-0027,Syn-Acc-100047,Account,Transferred-To,2.93,Financial,2025-11-03
ACC-0005,Syn-Acc-100071,Account,ACC-1004,Ext-Acc-354339,Account,Transferred-To,2.13,Financial,2025-10-24
ACC-0005,Syn-Acc-100071,Account,PER-0274,Tamilarasan Karuppasamy,Person,Mobile-Account,1.0,Financial,2025-10-24
ACC-0005,Syn-Acc-100071,Account,ACC-1005,Ext-Acc-308781,Account,Transferred-To,7.5,Financial,2026-05-28
ACC-0005,Syn-Acc-100071,Account,PER-0010,Vasanth Gopal,Person,Mobile-Account,1.0,Financial,2026-05-28
ACC-0005,Syn-Acc-100071,Account,ACC-0015,Syn-Acc-100076,Account,Transferred-To,0.96,Financial,2026-06-06
ACC-0005,Syn-Acc-100071,Account,ACC-1096,Ext-Acc-334559,Account,Transferred-To,1.92,Financial,2026-07-14
ACC-0005,Syn-Acc-100071,Account,ACC-0066,Syn-Acc-100006,Account,Transferred-To,1.83,Financial,2026-02-15
ACC-0005,Syn-Acc-100071,Account,PER-0163,Rakesh Krishnan,Person,Mobile-Account,1.0,Financial,2026-02-15
ACC-0005,Syn-Acc-100071,Account,ACC-1120,Ext-Acc-333879,Account,Transferred-To,0.81,Financial,2025-07-29
ACC-0005,Syn-Acc-100071,Account,PER-0170,Janani Devi,Person,Mobile-Account,1.0,Financial,2025-07-29
ACC-0005,Syn-Acc-100071,Account,ACC-0049,Syn-Acc-100065,Account,Transferred-To,7.5,Financial,2025-04-28
ACC-0005,Syn-Acc-100071,Account,PER-0385,Praveen Muthu,Person,Mobile-Account,1.0,Financial,2025-04-28
ACC-0005,Syn-Acc-100071,Account,ACC-1158,Ext-Acc-315306,Account,Transferred-To,1.41,Financial,2026-04-06
ACC-0005,Syn-Acc-100071,Account,PER-0205,Ajith Sekar,Person,Mobile-Account,1.0,Financial,2026-04-06
ACC-0005,Syn-Acc-100071,Account,PER-0324,Malathi Devi,Person,Mobile-Account,1.0,Financial,2026-03-09
ACC-0005,Syn-Acc-100071,Account,ACC-1177,Ext-Acc-370617,Account,Transferred-To,7.5,Financial,2025-01-18
ACC-0005,Syn-Acc-100071,Account,PER-0203,Karthik Velan,Person,Mobile-Account,1.0,Financial,2025-01-18
ACC-0005,Syn-Acc-100071,Account,ACC-0042,Syn-Acc-100034,Account,Transferred-To,1.0,Financial,2026-02-27
ACC-0005,Syn-Acc-100071,Account,ACC-1204,Ext-Acc-377265,Account,Transferred-To,1.95,Financial,2025-03-17
ACC-0005,Syn-Acc-100071,Account,ACC-0084,Syn-Acc-100039,Account,Transferred-To,2.27,Financial,2026-08-13
ACC-0005,Syn-Acc-100071,Account,ACC-1289,Ext-Acc-212536,Account,Transferred-To,7.5,Financial,2025-04-08
ACC-0005,Syn-Acc-100071,Account,ACC-1311,Ext-Acc-307694,Account,Transferred-To,0.77,Financial,2025-04-16
ACC-0005,Syn-Acc-100071,Account,PER-0121,Chandran Krishnan,Person,Mobile-Account,1.0,Financial,2025-04-16
ACC-0005,Syn-Acc-100071,Account,ACC-1318,Ext-Acc-363343,Account,Transferred-To,0.78,Financial,2025-07-28
ACC-0005,Syn-Acc-100071,Account,PER-0220,Vijay Rajan,Person,Mobile-Account,1.0,Financial,2025-07-28
ACC-0005,Syn-Acc-100071,Account,ACC-1441,Ext-Acc-253309,Account,Transferred-To,0.97,Financial,2025-08-12
ACC-0005,Syn-Acc-100071,Account,ACC-1453,Ext-Acc-232048,Account,Transferred-To,0.87,Financial,2025-08-14
ACC-0006,Syn-Acc-100072,Account,PER-0108,Murugan Karuppasamy,Person,Linked-Account,2.5,FIR,07-04-2025
ACC-0006,Syn-Acc-100072,Account,PER-0107,Mathan Arumugam,Person,Victim-Account,1.5,FIR,07-04-2025
ACC-0006,Syn-Acc-100072,Account,ACC-0102,Ext-Acc-326772,Account,Transferred-To,0.82,Financial,2026-06-06
ACC-0006,Syn-Acc-100072,Account,PER-0284,Kishore Arumugam,Person,Mobile-Account,1.0,Financial,2026-06-06
ACC-0006,Syn-Acc-100072,Account,ACC-0031,Syn-Acc-100080,Account,Transferred-To,0.9,Financial,2026-01-17
ACC-0006,Syn-Acc-100072,Account,ACC-0199,Ext-Acc-349832,Account,Transferred-To,1.1,Financial,2026-06-29
ACC-0006,Syn-Acc-100072,Account,PER-0346,Inban Pandian,Person,Mobile-Account,1.0,Financial,2026-06-29
ACC-0006,Syn-Acc-100072,Account,ACC-0261,Ext-Acc-215117,Account,Transferred-To,7.5,Financial,2025-10-10
ACC-0006,Syn-Acc-100072,Account,ACC-0303,Ext-Acc-300568,Account,Transferred-To,0.86,Financial,2026-01-11
ACC-0006,Syn-Acc-100072,Account,ACC-0311,Ext-Acc-249146,Account,Transferred-To,0.92,Financial,2026-02-04
ACC-0006,Syn-Acc-100072,Account,ACC-0315,Ext-Acc-209514,Account,Transferred-To,1.32,Financial,2025-12-06
ACC-0006,Syn-Acc-100072,Account,ACC-0326,Ext-Acc-223839,Account,Transferred-To,2.76,Financial,2025-02-23
ACC-0006,Syn-Acc-100072,Account,ACC-0086,Syn-Acc-100098,Account,Transferred-To,7.5,Financial,2025-09-03
ACC-0006,Syn-Acc-100072,Account,PER-0152,Pavithra Bai,Person,Mobile-Account,1.0,Financial,2025-09-03
ACC-0006,Syn-Acc-100072,Account,ACC-0022,Syn-Acc-100054,Account,Transferred-To,2.04,Financial,2026-08-01
ACC-0006,Syn-Acc-100072,Account,ACC-0372,Ext-Acc-380223,Account,Transferred-To,1.32,Financial,2026-06-19
ACC-0006,Syn-Acc-100072,Account,ACC-0021,Syn-Acc-100027,Account,Transferred-To,2.54,Financial,2026-07-02
ACC-0006,Syn-Acc-100072,Account,ACC-0017,Syn-Acc-100001,Account,Transferred-To,0.9,Financial,2026-01-22
ACC-0006,Syn-Acc-100072,Account,PER-0167,Saravanan Selvam,Person,Mobile-Account,1.0,Financial,2026-01-22
ACC-0006,Syn-Acc-100072,Account,ACC-0070,Syn-Acc-100062,Account,Transferred-To,6.22,Financial,2026-01-26
ACC-0006,Syn-Acc-100072,Account,ACC-0034,Syn-Acc-100013,Account,Transferred-To,1.68,Financial,2025-11-02
ACC-0006,Syn-Acc-100072,Account,ACC-0045,Syn-Acc-100016,Account,Transferred-To,0.92,Financial,2025-01-22
ACC-0006,Syn-Acc-100072,Account,ACC-0495,Ext-Acc-256618,Account,Transferred-To,7.5,Financial,2026-08-08
ACC-0006,Syn-Acc-100072,Account,ACC-0506,Ext-Acc-346890,Account,Transferred-To,7.5,Financial,2025-12-31
ACC-0006,Syn-Acc-100072,Account,PER-0236,Durga Sekar,Person,Mobile-Account,1.0,Financial,2025-12-31
ACC-0006,Syn-Acc-100072,Account,ACC-0068,Syn-Acc-100066,Account,Transferred-To,2.79,Financial,2025-03-08
ACC-0006,Syn-Acc-100072,Account,ACC-0014,Syn-Acc-100003,Account,Transferred-To,2.86,Financial,2025-10-24
ACC-0006,Syn-Acc-100072,Account,ACC-0563,Ext-Acc-269479,Account,Transferred-To,1.46,Financial,2025-06-11
ACC-0006,Syn-Acc-100072,Account,ACC-0019,Syn-Acc-100025,Account,Transferred-To,0.84,Financial,2025-07-11
ACC-0006,Syn-Acc-100072,Account,ACC-0657,Ext-Acc-286175,Account,Transferred-To,0.88,Financial,2026-06-03
ACC-0006,Syn-Acc-100072,Account,ACC-0038,Syn-Acc-100002,Account,Transferred-To,11.96,Financial,2026-09-04
ACC-0006,Syn-Acc-100072,Account,PER-0365,Karthik Shankar,Person,Mobile-Account,1.0,Financial,2026-09-04
ACC-0006,Syn-Acc-100072,Account,ACC-0066,Syn-Acc-100006,Account,Transferred-To,3.01,Financial,2025-07-05
ACC-0006,Syn-Acc-100072,Account,ACC-0675,Ext-Acc-279574,Account,Transferred-To,0.96,Financial,2025-07-09
ACC-0006,Syn-Acc-100072,Account,ACC-0087,Syn-Acc-100099,Account,Transferred-To,0.95,Financial,2025-04-22
ACC-0006,Syn-Acc-100072,Account,ACC-0695,Ext-Acc-353609,Account,Transferred-To,2.0,Financial,2025-11-16
ACC-0006,Syn-Acc-100072,Account,ACC-0756,Ext-Acc-269699,Account,Transferred-To,2.82,Financial,2025-05-29
ACC-0006,Syn-Acc-100072,Account,ACC-0765,Ext-Acc-247167,Account,Transferred-To,0.85,Financial,2025-11-07
ACC-0006,Syn-Acc-100072,Account,ACC-0053,Syn-Acc-100020,Account,Transferred-To,2.07,Financial,2026-09-09
ACC-0006,Syn-Acc-100072,Account,PER-0330,Indhu Sri,Person,Mobile-Account,1.0,Financial,2026-08-16
ACC-0006,Syn-Acc-100072,Account,ACC-0058,Syn-Acc-100005,Account,Transferred-To,7.5,Financial,2026-05-05
ACC-0006,Syn-Acc-100072,Account,PER-0258,Anand Palanisamy,Person,Mobile-Account,1.0,Financial,2026-05-05
ACC-0006,Syn-Acc-100072,Account,PER-0183,Venkat Palanisamy,Person,Mobile-Account,2.0,Financial,2026-04-19
ACC-0006,Syn-Acc-100072,Account,ACC-0027,Syn-Acc-100047,Account,Transferred-To,2.42,Financial,2025-03-31
ACC-0006,Syn-Acc-100072,Account,ACC-0020,Syn-Acc-100077,Account,Transferred-To,7.5,Financial,2025-07-20
ACC-0006,Syn-Acc-100072,Account,ACC-0076,Syn-Acc-100050,Account,Transferred-To,1.15,Financial,2025-06-09
ACC-0006,Syn-Acc-100072,Account,ACC-0947,Ext-Acc-295777,Account,Transferred-To,2.42,Financial,2026-08-28
ACC-0006,Syn-Acc-100072,Account,ACC-0015,Syn-Acc-100076,Account,Transferred-To,1.99,Financial,2025-10-24
ACC-0006,Syn-Acc-100072,Account,ACC-1053,Ext-Acc-315437,Account,Transferred-To,0.93,Financial,2026-08-04
ACC-0006,Syn-Acc-100072,Account,PER-0399,Praveen Shankar,Person,Mobile-Account,1.0,Financial,2026-08-04
ACC-0006,Syn-Acc-100072,Account,ACC-1062,Ext-Acc-373632,Account,Transferred-To,1.87,Financial,2025-04-20
ACC-0006,Syn-Acc-100072,Account,PER-0199,Sudha Rani,Person,Mobile-Account,1.0,Financial,2025-04-20
ACC-0006,Syn-Acc-100072,Account,ACC-1108,Ext-Acc-361543,Account,Transferred-To,7.5,Financial,2025-02-05
ACC-0006,Syn-Acc-100072,Account,PER-0094,Bharathi Ammal,Person,Mobile-Account,1.0,Financial,2025-02-05
ACC-0006,Syn-Acc-100072,Account,ACC-0033,Syn-Acc-100081,Account,Transferred-To,0.89,Financial,2025-11-04
ACC-0006,Syn-Acc-100072,Account,PER-0367,Yogesh Sekar,Person,Mobile-Account,1.0,Financial,2025-11-04
ACC-0006,Syn-Acc-100072,Account,ACC-0072,Syn-Acc-100089,Account,Transferred-To,3.66,Financial,2025-12-25
ACC-0006,Syn-Acc-100072,Account,ACC-1200,Ext-Acc-236516,Account,Transferred-To,4.23,Financial,2025-04-02
ACC-0006,Syn-Acc-100072,Account,ACC-1201,Ext-Acc-374465,Account,Transferred-To,0.79,Financial,2025-01-03
ACC-0006,Syn-Acc-100072,Account,PER-0303,Yogesh Gopal,Person,Mobile-Account,1.0,Financial,2025-01-03
ACC-0006,Syn-Acc-100072,Account,ACC-0009,Syn-Acc-100063,Account,Transferred-To,1.67,Financial,2025-04-09
ACC-0006,Syn-Acc-100072,Account,PER-0242,Ganesh Selvam,Person,Mobile-Account,1.0,Financial,2025-04-09
ACC-0006,Syn-Acc-100072,Account,ACC-0077,Syn-Acc-100067,Account,Transferred-To,7.0,Financial,2025-01-30
ACC-0006,Syn-Acc-100072,Account,PER-0210,Harish Mani,Person,Mobile-Account,1.0,Financial,2025-01-30
ACC-0006,Syn-Acc-100072,Account,PER-0066,Sudha Sekar,Person,Mobile-Account,2.0,Financial,2026-04-10
ACC-0006,Syn-Acc-100072,Account,PER-0238,Nithya Murugan,Person,Mobile-Account,1.0,Financial,2026-05-20
ACC-0006,Syn-Acc-100072,Account,ACC-1346,Ext-Acc-215603,Account,Transferred-To,7.5,Financial,2026-06-12
ACC-0006,Syn-Acc-100072,Account,ACC-1360,Ext-Acc-397391,Account,Transferred-To,0.9,Financial,2025-09-15
ACC-0006,Syn-Acc-100072,Account,ACC-1422,Ext-Acc-234102,Account,Transferred-To,0.83,Financial,2026-03-25
ACC-0006,Syn-Acc-100072,Account,ACC-0049,Syn-Acc-100065,Account,Transferred-To,1.02,Financial,2025-11-10
ACC-0007,Syn-Acc-100051,Account,PER-0010,Vasanth Gopal,Person,Linked-Account,2.5,FIR,09-04-2025
ACC-0007,Syn-Acc-100051,Account,PER-0101,Abirami Sekar,Person,Victim-Account,1.5,FIR,09-04-2025
ACC-0007,Syn-Acc-100051,Account,PER-0110,Harish Babu,Person,Victim-Account,1.5,FIR,28-05-2025
ACC-0007,Syn-Acc-100051,Account,PER-0183,Venkat Palanisamy,Person,Linked-Account,2.5,FIR,27-08-2025
ACC-0007,Syn-Acc-100051,Account,PER-0105,Yogesh Arumugam,Person,Victim-Account,1.5,FIR,27-08-2025
ACC-0007,Syn-Acc-100051,Account,PER-0080,Nandha Karuppasamy,Person,Linked-Account,2.5,FIR,10-10-2025
ACC-0007,Syn-Acc-100051,Account,PER-0285,Saravanan Gopal,Person,Victim-Account,1.5,FIR,10-10-2025
ACC-0007,Syn-Acc-100051,Account,PER-0287,Venkat Prakash,Person,Linked-Account,3.5,FIR,18-10-2025
ACC-0007,Syn-Acc-100051,Account,PER-0286,Gopal Gopal,Person,Victim-Account,1.5,FIR,18-10-2025
ACC-0007,Syn-Acc-100051,Account,PER-0093,Vasanth Mani,Person,Linked-Account,2.5,FIR,13-08-2026
ACC-0007,Syn-Acc-100051,Account,PER-0205,Ajith Sekar,Person,Victim-Account,1.5,FIR,13-08-2026
ACC-0007,Syn-Acc-100051,Account,PER-0365,Karthik Shankar,Person,Linked-Account,2.5,FIR,29-08-2026
ACC-0007,Syn-Acc-100051,Account,PER-0032,Arun Prakash,Person,Victim-Account,1.5,FIR,29-08-2026
ACC-0007,Syn-Acc-100051,Account,ACC-0022,Syn-Acc-100054,Account,Transferred-To,3.68,Financial,2025-05-28
ACC-0007,Syn-Acc-100051,Account,PER-0022,Pandian Thangaraj,Person,Mobile-Account,1.0,Financial,2025-05-28
ACC-0007,Syn-Acc-100051,Account,ACC-0163,Ext-Acc-372264,Account,Transferred-To,0.87,Financial,2025-11-18
ACC-0007,Syn-Acc-100051,Account,ACC-0165,Ext-Acc-281490,Account,Transferred-To,7.5,Financial,2025-01-23
ACC-0007,Syn-Acc-100051,Account,ACC-0040,Syn-Acc-100057,Account,Transferred-To,0.95,Financial,2025-12-31
ACC-0007,Syn-Acc-100051,Account,ACC-0012,Syn-Acc-100053,Account,Transferred-To,1.4,Financial,2025-07-20
ACC-0007,Syn-Acc-100051,Account,PER-0034,Mathan Chandran,Person,Mobile-Account,1.0,Financial,2025-07-20
ACC-0007,Syn-Acc-100051,Account,ACC-0086,Syn-Acc-100098,Account,Transferred-To,8.55,Financial,2025-10-07
ACC-0007,Syn-Acc-100051,Account,PER-0094,Bharathi Ammal,Person,Mobile-Account,1.0,Financial,2026-05-27
ACC-0007,Syn-Acc-100051,Account,ACC-0020,Syn-Acc-100077,Account,Transferred-To,0.96,Financial,2026-04-22
ACC-0007,Syn-Acc-100051,Account,ACC-0027,Syn-Acc-100047,Account,Transferred-To,0.97,Financial,2026-04-19
ACC-0007,Syn-Acc-100051,Account,ACC-0308,Ext-Acc-350797,Account,Transferred-To,2.2,Financial,2025-02-11
ACC-0007,Syn-Acc-100051,Account,PER-0137,Gunasekar Anand,Person,Mobile-Account,2.0,Financial,2025-02-11
ACC-0007,Syn-Acc-100051,Account,ACC-0316,Ext-Acc-319974,Account,Transferred-To,0.84,Financial,2025-05-11
ACC-0007,Syn-Acc-100051,Account,PER-0014,Ajith Velan,Person,Mobile-Account,1.0,Financial,2025-05-11
ACC-0007,Syn-Acc-100051,Account,ACC-0045,Syn-Acc-100016,Account,Transferred-To,2.26,Financial,2025-10-20
ACC-0007,Syn-Acc-100051,Account,ACC-0053,Syn-Acc-100020,Account,Transferred-To,2.91,Financial,2026-02-24
ACC-0007,Syn-Acc-100051,Account,PER-0315,Chithra Raman,Person,Mobile-Account,1.0,Financial,2025-12-01
ACC-0007,Syn-Acc-100051,Account,ACC-0016,Syn-Acc-100026,Account,Transferred-To,11.69,Financial,2025-08-13
ACC-0007,Syn-Acc-100051,Account,PER-0332,Vasanthi Ammal,Person,Mobile-Account,1.0,Financial,2025-08-13
ACC-0007,Syn-Acc-100051,Account,ACC-0026,Syn-Acc-100046,Account,Transferred-To,0.86,Financial,2025-03-21
ACC-0007,Syn-Acc-100051,Account,ACC-0031,Syn-Acc-100080,Account,Transferred-To,0.78,Financial,2025-04-05
ACC-0007,Syn-Acc-100051,Account,PER-0119,Amudha Kannan,Person,Mobile-Account,1.0,Financial,2025-04-05
ACC-0007,Syn-Acc-100051,Account,ACC-0467,Ext-Acc-264922,Account,Transferred-To,0.78,Financial,2026-01-06
ACC-0007,Syn-Acc-100051,Account,ACC-0021,Syn-Acc-100027,Account,Transferred-To,3.07,Financial,2026-04-13
ACC-0007,Syn-Acc-100051,Account,ACC-0032,Syn-Acc-100048,Account,Transferred-To,1.66,Financial,2025-04-10
ACC-0007,Syn-Acc-100051,Account,ACC-0047,Syn-Acc-100084,Account,Transferred-To,2.89,Financial,2025-06-01
ACC-0007,Syn-Acc-100051,Account,ACC-0514,Ext-Acc-329850,Account,Transferred-To,0.77,Financial,2025-09-17
ACC-0007,Syn-Acc-100051,Account,PER-0257,Geetha Kumari,Person,Mobile-Account,1.0,Financial,2025-09-17
ACC-0007,Syn-Acc-100051,Account,ACC-0058,Syn-Acc-100005,Account,Transferred-To,1.16,Financial,2025-06-19
ACC-0007,Syn-Acc-100051,Account,ACC-0547,Ext-Acc-262285,Account,Transferred-To,2.23,Financial,2025-10-07
ACC-0007,Syn-Acc-100051,Account,ACC-0015,Syn-Acc-100076,Account,Transferred-To,0.85,Financial,2026-01-09
ACC-0007,Syn-Acc-100051,Account,ACC-0721,Ext-Acc-355372,Account,Transferred-To,0.82,Financial,2025-04-01
ACC-0007,Syn-Acc-100051,Account,ACC-0064,Syn-Acc-100068,Account,Transferred-To,0.83,Financial,2025-09-09
ACC-0007,Syn-Acc-100051,Account,ACC-0839,Ext-Acc-247308,Account,Transferred-To,7.5,Financial,2026-02-01
ACC-0007,Syn-Acc-100051,Account,ACC-0008,Syn-Acc-100073,Account,Transferred-To,2.07,Financial,2026-08-28
ACC-0007,Syn-Acc-100051,Account,PER-0378,Senthil Raman,Person,Mobile-Account,1.0,Financial,2026-08-28
ACC-0007,Syn-Acc-100051,Account,PER-0077,Anand Arumugam,Person,Mobile-Account,1.0,Financial,2025-06-28
ACC-0007,Syn-Acc-100051,Account,ACC-0900,Ext-Acc-302711,Account,Transferred-To,7.5,Financial,2026-05-26
ACC-0007,Syn-Acc-100051,Account,PER-0048,Murugan Sundaram,Person,Mobile-Account,1.0,Financial,2026-05-26
ACC-0007,Syn-Acc-100051,Account,ACC-0051,Syn-Acc-100059,Account,Transferred-To,0.83,Financial,2025-01-14
ACC-0007,Syn-Acc-100051,Account,ACC-1014,Ext-Acc-323570,Account,Transferred-To,0.78,Financial,2025-11-10
ACC-0007,Syn-Acc-100051,Account,ACC-1093,Ext-Acc-296841,Account,Transferred-To,0.8,Financial,2026-02-04
ACC-0007,Syn-Acc-100051,Account,ACC-1139,Ext-Acc-234166,Account,Transferred-To,0.81,Financial,2025-01-02
ACC-0007,Syn-Acc-100051,Account,ACC-0056,Syn-Acc-100007,Account,Transferred-To,0.81,Financial,2025-06-23
ACC-0007,Syn-Acc-100051,Account,ACC-0073,Syn-Acc-100029,Account,Transferred-To,1.57,Financial,2025-10-20
ACC-0007,Syn-Acc-100051,Account,ACC-0010,Syn-Acc-100074,Account,Transferred-To,0.86,Financial,2025-09-10
ACC-0007,Syn-Acc-100051,Account,ACC-1232,Ext-Acc-298649,Account,Transferred-To,0.84,Financial,2025-06-27
ACC-0007,Syn-Acc-100051,Account,ACC-1268,Ext-Acc-218817,Account,Transferred-To,0.78,Financial,2026-08-05
ACC-0007,Syn-Acc-100051,Account,ACC-0014,Syn-Acc-100003,Account,Transferred-To,2.43,Financial,2026-02-16
ACC-0007,Syn-Acc-100051,Account,ACC-1365,Ext-Acc-270256,Account,Transferred-To,7.5,Financial,2025-04-28
ACC-0007,Syn-Acc-100051,Account,ACC-0037,Syn-Acc-100082,Account,Transferred-To,0.76,Financial,2025-03-06
ACC-0007,Syn-Acc-100051,Account,PER-0012,Thirumal Palanisamy,Person,Mobile-Account,1.0,Financial,2026-03-04
ACC-0007,Syn-Acc-100051,Account,ACC-1425,Ext-Acc-390887,Account,Transferred-To,2.04,Financial,2026-07-12
ACC-0007,Syn-Acc-100051,Account,PER-0270,Ravi Gopal,Person,Mobile-Account,1.0,Financial,2026-07-12
ACC-0008,Syn-Acc-100073,Account,PER-0041,Hariharan Palanisamy,Person,Linked-Account,2.5,FIR,15-04-2025
ACC-0008,Syn-Acc-100073,Account,PER-0120,Vidhya Devi,Person,Victim-Account,1.5,FIR,15-04-2025
ACC-0008,Syn-Acc-100073,Account,ACC-0040,Syn-Acc-100057,Account,Transferred-To,4.13,Financial,2025-10-31
ACC-0008,Syn-Acc-100073,Account,PER-0073,Gokul Sundaram,Person,Mobile-Account,1.0,Financial,2025-10-31
ACC-0008,Syn-Acc-100073,Account,ACC-0016,Syn-Acc-100026,Account,Transferred-To,7.5,Financial,2026-01-16
ACC-0008,Syn-Acc-100073,Account,ACC-0076,Syn-Acc-100050,Account,Transferred-To,7.5,Financial,2025-03-02
ACC-0008,Syn-Acc-100073,Account,PER-0347,Bharath Balan,Person,Mobile-Account,1.0,Financial,2025-03-02
ACC-0008,Syn-Acc-100073,Account,ACC-0631,Ext-Acc-254171,Account,Transferred-To,0.87,Financial,2025-08-06
ACC-0008,Syn-Acc-100073,Account,ACC-0072,Syn-Acc-100089,Account,Transferred-To,0.96,Financial,2026-02-14
ACC-0008,Syn-Acc-100073,Account,ACC-0038,Syn-Acc-100002,Account,Transferred-To,0.9,Financial,2026-05-02
ACC-0008,Syn-Acc-100073,Account,ACC-0031,Syn-Acc-100080,Account,Transferred-To,1.13,Financial,2025-01-28
ACC-0008,Syn-Acc-100073,Account,ACC-0889,Ext-Acc-264681,Account,Transferred-To,0.94,Financial,2025-12-31
ACC-0008,Syn-Acc-100073,Account,ACC-0015,Syn-Acc-100076,Account,Transferred-To,1.51,Financial,2025-01-09
ACC-0008,Syn-Acc-100073,Account,ACC-1426,Ext-Acc-368186,Account,Transferred-To,0.77,Financial,2026-09-09
ACC-0008,Syn-Acc-100073,Account,PER-0235,Nithin Subramani,Person,Mobile-Account,1.0,Financial,2026-09-09
ACC-0009,Syn-Acc-100063,Account,PER-0129,Kishore Babu,Person,Linked-Account,2.5,FIR,27-04-2025
ACC-0009,Syn-Acc-100063,Account,PER-0128,Durga Bai,Person,Victim-Account,1.5,FIR,27-04-2025
ACC-0009,Syn-Acc-100063,Account,ACC-0192,Ext-Acc-254602,Account,Transferred-To,2.16,Financial,2026-06-17
ACC-0009,Syn-Acc-100063,Account,ACC-0368,Ext-Acc-204813,Account,Transferred-To,2.28,Financial,2025-02-08
ACC-0009,Syn-Acc-100063,Account,ACC-0020,Syn-Acc-100077,Account,Transferred-To,0.84,Financial,2026-01-08
ACC-0009,Syn-Acc-100063,Account,ACC-0070,Syn-Acc-100062,Account,Transferred-To,1.29,Financial,2026-07-23
ACC-0009,Syn-Acc-100063,Account,ACC-0086,Syn-Acc-100098,Account,Transferred-To,1.44,Financial,2025-11-14
ACC-0009,Syn-Acc-100063,Account,ACC-0660,Ext-Acc-279499,Account,Transferred-To,0.87,Financial,2026-05-11
ACC-0009,Syn-Acc-100063,Account,ACC-0043,Syn-Acc-100058,Account,Transferred-To,2.95,Financial,2026-04-11
ACC-0009,Syn-Acc-100063,Account,ACC-0021,Syn-Acc-100027,Account,Transferred-To,2.91,Financial,2025-09-17
ACC-0009,Syn-Acc-100063,Account,ACC-0053,Syn-Acc-100020,Account,Transferred-To,7.5,Financial,2026-03-21
ACC-0009,Syn-Acc-100063,Account,PER-0087,Anand Krishnan,Person,Mobile-Account,1.0,Financial,2026-03-21
ACC-0009,Syn-Acc-100063,Account,ACC-0895,Ext-Acc-333053,Account,Transferred-To,2.8,Financial,2025-11-05
ACC-0009,Syn-Acc-100063,Account,PER-0043,Arun Babu,Person,Mobile-Account,1.0,Financial,2025-11-05
ACC-0009,Syn-Acc-100063,Account,ACC-1061,Ext-Acc-217847,Account,Transferred-To,0.83,Financial,2025-01-04
ACC-0009,Syn-Acc-100063,Account,ACC-0024,Syn-Acc-100078,Account,Transferred-To,7.5,Financial,2026-02-26
ACC-0009,Syn-Acc-100063,Account,PER-0215,Arjun Karuppasamy,Person,Mobile-Account,1.0,Financial,2026-02-26
ACC-0009,Syn-Acc-100063,Account,ACC-1241,Ext-Acc-289817,Account,Transferred-To,0.86,Financial,2025-05-23
ACC-0009,Syn-Acc-100063,Account,ACC-0051,Syn-Acc-100059,Account,Transferred-To,0.84,Financial,2026-03-20
ACC-0009,Syn-Acc-100063,Account,ACC-0019,Syn-Acc-100025,Account,Transferred-To,2.19,Financial,2025-09-15
ACC-0010,Syn-Acc-100074,Account,PER-0151,Dharani Gopal,Person,Victim-Account,1.5,FIR,19-05-2025
ACC-0010,Syn-Acc-100074,Account,ACC-0246,Ext-Acc-207780,Account,Transferred-To,0.93,Financial,2026-03-21
ACC-0010,Syn-Acc-100074,Account,ACC-0054,Syn-Acc-100087,Account,Transferred-To,0.85,Financial,2026-03-21
ACC-0010,Syn-Acc-100074,Account,ACC-0064,Syn-Acc-100068,Account,Transferred-To,1.05,Financial,2025-03-31
ACC-0010,Syn-Acc-100074,Account,PER-0108,Murugan Karuppasamy,Person,Mobile-Account,1.0,Financial,2025-03-31
ACC-0010,Syn-Acc-100074,Account,ACC-0399,Ext-Acc-263185,Account,Transferred-To,0.83,Financial,2026-05-07
ACC-0010,Syn-Acc-100074,Account,ACC-0530,Ext-Acc-374606,Account,Transferred-To,7.5,Financial,2026-05-06
ACC-0010,Syn-Acc-100074,Account,PER-0207,Murugan Babu,Person,Mobile-Account,1.0,Financial,2026-05-06
ACC-0010,Syn-Acc-100074,Account,ACC-0031,Syn-Acc-100080,Account,Transferred-To,1.18,Financial,2025-04-22
ACC-0010,Syn-Acc-100074,Account,PER-0015,Dinesh Subramani,Person,Mobile-Account,1.0,Financial,2025-04-22
ACC-0010,Syn-Acc-100074,Account,ACC-0722,Ext-Acc-293326,Account,Transferred-To,2.64,Financial,2025-10-25
ACC-0010,Syn-Acc-100074,Account,ACC-0074,Syn-Acc-100091,Account,Transferred-To,1.41,Financial,2025-05-22
ACC-0010,Syn-Acc-100074,Account,PER-0321,Revathi Raman,Person,Mobile-Account,1.0,Financial,2025-05-22
ACC-0010,Syn-Acc-100074,Account,ACC-0049,Syn-Acc-100065,Account,Transferred-To,2.49,Financial,2026-06-19
ACC-0010,Syn-Acc-100074,Account,PER-0110,Harish Babu,Person,Mobile-Account,1.0,Financial,2026-06-19
ACC-0010,Syn-Acc-100074,Account,ACC-0964,Ext-Acc-260477,Account,Transferred-To,0.91,Financial,2025-12-06
ACC-0010,Syn-Acc-100074,Account,ACC-0067,Syn-Acc-100044,Account,Transferred-To,1.14,Financial,2025-04-17
ACC-0010,Syn-Acc-100074,Account,ACC-0051,Syn-Acc-100059,Account,Transferred-To,2.18,Financial,2025-09-23
ACC-0010,Syn-Acc-100074,Account,ACC-1394,Ext-Acc-339200,Account,Transferred-To,7.5,Financial,2026-04-17
ACC-0010,Syn-Acc-100074,Account,PER-0303,Yogesh Gopal,Person,Mobile-Account,1.0,Financial,2025-08-19
ACC-0010,Syn-Acc-100074,Account,ACC-0080,Syn-Acc-100008,Account,Transferred-To,7.5,Financial,2026-01-23
ACC-0011,Syn-Acc-100075,Account,PER-0117,Tamilarasan Muthu,Person,Linked-Account,2.5,FIR,23-05-2025
ACC-0011,Syn-Acc-100075,Account,PER-0163,Rakesh Krishnan,Person,Victim-Account,1.5,FIR,23-05-2025
ACC-0011,Syn-Acc-100075,Account,ACC-0173,Ext-Acc-268690,Account,Transferred-To,0.86,Financial,2026-06-12
ACC-0011,Syn-Acc-100075,Account,ACC-0213,Ext-Acc-232441,Account,Transferred-To,7.5,Financial,2026-05-28
ACC-0011,Syn-Acc-100075,Account,ACC-0331,Ext-Acc-352354,Account,Transferred-To,0.9,Financial,2025-01-12
ACC-0011,Syn-Acc-100075,Account,ACC-0035,Syn-Acc-100033,Account,Transferred-To,1.91,Financial,2025-09-23
ACC-0011,Syn-Acc-100075,Account,ACC-0040,Syn-Acc-100057,Account,Transferred-To,7.5,Financial,2025-05-06
ACC-0011,Syn-Acc-100075,Account,ACC-0751,Ext-Acc-220701,Account,Transferred-To,7.5,Financial,2025-11-20
ACC-0011,Syn-Acc-100075,Account,ACC-0766,Ext-Acc-399914,Account,Transferred-To,1.8,Financial,2026-05-29
ACC-0011,Syn-Acc-100075,Account,PER-0048,Murugan Sundaram,Person,Mobile-Account,1.0,Financial,2026-05-29
ACC-0011,Syn-Acc-100075,Account,ACC-0791,Ext-Acc-303454,Account,Transferred-To,1.84,Financial,2025-06-25
ACC-0011,Syn-Acc-100075,Account,PER-0180,Sangeetha Sri,Person,Mobile-Account,1.0,Financial,2025-06-25
ACC-0011,Syn-Acc-100075,Account,ACC-0837,Ext-Acc-327165,Account,Transferred-To,0.97,Financial,2025-07-05
ACC-0011,Syn-Acc-100075,Account,PER-0011,Meena Ammal,Person,Mobile-Account,1.0,Financial,2025-07-05
ACC-0011,Syn-Acc-100075,Account,ACC-0051,Syn-Acc-100059,Account,Transferred-To,2.36,Financial,2026-05-31
ACC-0011,Syn-Acc-100075,Account,PER-0379,Gopal Mani,Person,Mobile-Account,1.0,Financial,2026-05-31
ACC-0011,Syn-Acc-100075,Account,ACC-0012,Syn-Acc-100053,Account,Transferred-To,1.08,Financial,2025-11-13
ACC-0011,Syn-Acc-100075,Account,PER-0189,Deepak Subramani,Person,Mobile-Account,1.0,Financial,2025-11-13
ACC-0011,Syn-Acc-100075,Account,ACC-1435,Ext-Acc-323431,Account,Transferred-To,0.9,Financial,2026-05-18
ACC-0011,Syn-Acc-100075,Account,PER-0107,Mathan Arumugam,Person,Mobile-Account,1.0,Financial,2026-05-18
ACC-0012,Syn-Acc-100053,Account,PER-0183,Venkat Palanisamy,Person,Linked-Account,2.5,FIR,18-06-2025
ACC-0012,Syn-Acc-100053,Account,PER-0182,Saravanan Sundaram,Person,Victim-Account,2.5,FIR,18-06-2025
ACC-0012,Syn-Acc-100053,Account,ACC-0129,Ext-Acc-272848,Account,Transferred-To,2.9,Financial,2025-07-06
ACC-0012,Syn-Acc-100053,Account,ACC-0157,Ext-Acc-370804,Account,Transferred-To,1.58,Financial,2026-05-24
ACC-0012,Syn-Acc-100053,Account,ACC-0040,Syn-Acc-100057,Account,Transferred-To,0.93,Financial,2026-05-16
ACC-0012,Syn-Acc-100053,Account,ACC-0049,Syn-Acc-100065,Account,Transferred-To,5.77,Financial,2025-03-14
ACC-0012,Syn-Acc-100053,Account,ACC-0080,Syn-Acc-100008,Account,Transferred-To,0.89,Financial,2026-05-01
ACC-0012,Syn-Acc-100053,Account,PER-0303,Yogesh Gopal,Person,Mobile-Account,1.0,Financial,2026-05-01
ACC-0012,Syn-Acc-100053,Account,ACC-0087,Syn-Acc-100099,Account,Transferred-To,2.83,Financial,2025-03-14
ACC-0012,Syn-Acc-100053,Account,ACC-0265,Ext-Acc-318661,Account,Transferred-To,0.81,Financial,2026-02-08
ACC-0012,Syn-Acc-100053,Account,PER-0192,Dinesh Raj,Person,Mobile-Account,1.0,Financial,2026-02-08
ACC-0012,Syn-Acc-100053,Account,ACC-0066,Syn-Acc-100006,Account,Transferred-To,17.14,Financial,2025-05-17
ACC-0012,Syn-Acc-100053,Account,ACC-0016,Syn-Acc-100026,Account,Transferred-To,4.61,Financial,2026-04-27
ACC-0012,Syn-Acc-100053,Account,PER-0147,Kumaran Prakash,Person,Mobile-Account,1.0,Financial,2025-08-31
ACC-0012,Syn-Acc-100053,Account,ACC-0394,Ext-Acc-391180,Account,Transferred-To,0.92,Financial,2026-05-12
ACC-0012,Syn-Acc-100053,Account,ACC-0402,Ext-Acc-302151,Account,Transferred-To,0.95,Financial,2025-11-11
ACC-0012,Syn-Acc-100053,Account,PER-0352,Yuvaraj Natarajan,Person,Mobile-Account,1.0,Financial,2025-11-11
ACC-0012,Syn-Acc-100053,Account,ACC-0464,Ext-Acc-311690,Account,Transferred-To,0.85,Financial,2025-08-10
ACC-0012,Syn-Acc-100053,Account,ACC-0491,Ext-Acc-396457,Account,Transferred-To,0.8,Financial,2026-03-21
ACC-0012,Syn-Acc-100053,Account,PER-0396,Nithya Devi,Person,Mobile-Account,1.0,Financial,2026-02-19
ACC-0012,Syn-Acc-100053,Account,PER-0399,Praveen Shankar,Person,Mobile-Account,1.0,Financial,2025-06-08
ACC-0012,Syn-Acc-100053,Account,ACC-0027,Syn-Acc-100047,Account,Transferred-To,1.81,Financial,2025-05-18
ACC-0012,Syn-Acc-100053,Account,PER-0223,Gunasekar Murugan,Person,Mobile-Account,2.0,Financial,2025-05-18
ACC-0012,Syn-Acc-100053,Account,ACC-0570,Ext-Acc-316187,Account,Transferred-To,2.18,Financial,2026-01-16
ACC-0012,Syn-Acc-100053,Account,PER-0319,Babu Murugan,Person,Mobile-Account,1.0,Financial,2026-01-16
ACC-0012,Syn-Acc-100053,Account,ACC-0074,Syn-Acc-100091,Account,Transferred-To,7.5,Financial,2025-08-21
ACC-0012,Syn-Acc-100053,Account,PER-0123,Karthik Pandian,Person,Mobile-Account,1.0,Financial,2025-08-21
ACC-0012,Syn-Acc-100053,Account,ACC-0075,Syn-Acc-100092,Account,Transferred-To,2.92,Financial,2026-02-03
ACC-0012,Syn-Acc-100053,Account,PER-0321,Revathi Raman,Person,Mobile-Account,1.0,Financial,2026-02-03
ACC-0012,Syn-Acc-100053,Account,ACC-0038,Syn-Acc-100002,Account,Transferred-To,3.59,Financial,2026-06-25
ACC-0012,Syn-Acc-100053,Account,ACC-0046,Syn-Acc-100083,Account,Transferred-To,0.77,Financial,2025-05-23
ACC-0012,Syn-Acc-100053,Account,ACC-0053,Syn-Acc-100020,Account,Transferred-To,1.73,Financial,2025-11-30
ACC-0012,Syn-Acc-100053,Account,ACC-0051,Syn-Acc-100059,Account,Transferred-To,2.97,Financial,2025-04-18
ACC-0012,Syn-Acc-100053,Account,PER-0368,Gokul Babu,Person,Mobile-Account,1.0,Financial,2025-04-18
ACC-0012,Syn-Acc-100053,Account,ACC-0645,Ext-Acc-249516,Account,Transferred-To,2.74,Financial,2026-02-14
ACC-0012,Syn-Acc-100053,Account,ACC-0647,Ext-Acc-245481,Account,Transferred-To,2.81,Financial,2026-02-11
ACC-0012,Syn-Acc-100053,Account,ACC-0712,Ext-Acc-227190,Account,Transferred-To,2.04,Financial,2026-08-24
ACC-0012,Syn-Acc-100053,Account,PER-0209,Kishore Murugan,Person,Mobile-Account,1.0,Financial,2025-04-03
ACC-0012,Syn-Acc-100053,Account,PER-0301,Venkat Pandian,Person,Mobile-Account,1.0,Financial,2025-06-07
ACC-0012,Syn-Acc-100053,Account,PER-0316,Mohan Ramasamy,Person,Mobile-Account,1.0,Financial,2025-11-07
ACC-0012,Syn-Acc-100053,Account,ACC-0077,Syn-Acc-100067,Account,Transferred-To,2.4,Financial,2026-03-02
ACC-0012,Syn-Acc-100053,Account,ACC-0020,Syn-Acc-100077,Account,Transferred-To,0.96,Financial,2026-01-24
ACC-0012,Syn-Acc-100053,Account,ACC-0841,Ext-Acc-348866,Account,Transferred-To,0.76,Financial,2025-01-28
ACC-0012,Syn-Acc-100053,Account,PER-0272,Divya Devi,Person,Mobile-Account,1.0,Financial,2025-01-28
ACC-0012,Syn-Acc-100053,Account,ACC-0045,Syn-Acc-100016,Account,Transferred-To,0.9,Financial,2025-07-29
ACC-0012,Syn-Acc-100053,Account,PER-0228,Nandha Natarajan,Person,Mobile-Account,1.0,Financial,2025-07-29
ACC-0012,Syn-Acc-100053,Account,ACC-0035,Syn-Acc-100033,Account,Transferred-To,0.85,Financial,2025-03-25
ACC-0012,Syn-Acc-100053,Account,PER-0333,Kishore Chandran,Person,Mobile-Account,1.0,Financial,2025-03-25
ACC-0012,Syn-Acc-100053,Account,PER-0350,Priya Raman,Person,Mobile-Account,1.0,Financial,2026-05-19
ACC-0012,Syn-Acc-100053,Account,ACC-0945,Ext-Acc-372423,Account,Transferred-To,1.01,Financial,2025-05-24
ACC-0012,Syn-Acc-100053,Account,ACC-0985,Ext-Acc-328062,Account,Transferred-To,6.17,Financial,2026-09-13
ACC-0012,Syn-Acc-100053,Account,PER-0119,Amudha Kannan,Person,Mobile-Account,1.0,Financial,2026-09-13
ACC-0012,Syn-Acc-100053,Account,ACC-0021,Syn-Acc-100027,Account,Transferred-To,0.86,Financial,2026-03-03
ACC-0012,Syn-Acc-100053,Account,ACC-0031,Syn-Acc-100080,Account,Transferred-To,2.2,Financial,2026-08-17
ACC-0012,Syn-Acc-100053,Account,ACC-1045,Ext-Acc-278409,Account,Transferred-To,0.79,Financial,2026-03-09
ACC-0012,Syn-Acc-100053,Account,PER-0073,Gokul Sundaram,Person,Mobile-Account,1.0,Financial,2026-03-02
ACC-0012,Syn-Acc-100053,Account,ACC-0079,Syn-Acc-100094,Account,Transferred-To,0.78,Financial,2025-11-01
ACC-0012,Syn-Acc-100053,Account,PER-0290,Latha Murugan,Person,Mobile-Account,1.0,Financial,2025-11-01
ACC-0012,Syn-Acc-100053,Account,ACC-0024,Syn-Acc-100078,Account,Transferred-To,1.64,Financial,2026-01-06
ACC-0012,Syn-Acc-100053,Account,PER-0189,Deepak Subramani,Person,Mobile-Account,1.0,Financial,2026-01-06
ACC-0012,Syn-Acc-100053,Account,ACC-0023,Syn-Acc-100052,Account,Transferred-To,2.3,Financial,2026-05-25
ACC-0012,Syn-Acc-100053,Account,ACC-1136,Ext-Acc-344989,Account,Transferred-To,2.08,Financial,2026-01-29
ACC-0012,Syn-Acc-100053,Account,ACC-0072,Syn-Acc-100089,Account,Transferred-To,3.99,Financial,2025-04-19
ACC-0012,Syn-Acc-100053,Account,ACC-0050,Syn-Acc-100086,Account,Transferred-To,7.61,Financial,2026-08-12
ACC-0012,Syn-Acc-100053,Account,ACC-1189,Ext-Acc-204602,Account,Transferred-To,1.23,Financial,2025-06-09
ACC-0012,Syn-Acc-100053,Account,PER-0232,Yogesh Raman,Person,Mobile-Account,1.0,Financial,2026-05-12
ACC-0012,Syn-Acc-100053,Account,ACC-1406,Ext-Acc-348769,Account,Transferred-To,0.95,Financial,2026-08-13
ACC-0012,Syn-Acc-100053,Account,PER-0065,Deepak Gopal,Person,Mobile-Account,1.0,Financial,2026-08-13
ACC-0013,Syn-Acc-100011,Account,PER-0175,Sathish Sundaram,Person,Linked-Account,5.0,FIR,19-06-2025
ACC-0013,Syn-Acc-100011,Account,PER-0188,Meena Bai,Person,Victim-Account,1.5,FIR,19-06-2025
ACC-0013,Syn-Acc-100011,Account,PER-0195,Vidhya Ammal,Person,Victim-Account,1.5,FIR,29-06-2025
ACC-0013,Syn-Acc-100011,Account,ACC-0029,Syn-Acc-100035,Account,Transferred-To,0.92,Financial,2026-02-13
ACC-0013,Syn-Acc-100011,Account,PER-0047,Uma Raj,Person,Mobile-Account,1.0,Financial,2026-02-13
ACC-0013,Syn-Acc-100011,Account,ACC-0511,Ext-Acc-349055,Account,Transferred-To,0.84,Financial,2026-02-13
ACC-0013,Syn-Acc-100011,Account,PER-0163,Rakesh Krishnan,Person,Mobile-Account,1.0,Financial,2026-02-13
ACC-0013,Syn-Acc-100011,Account,ACC-0020,Syn-Acc-100077,Account,Transferred-To,2.97,Financial,2025-05-17
ACC-0013,Syn-Acc-100011,Account,ACC-0659,Ext-Acc-350342,Account,Transferred-To,0.78,Financial,2025-07-14
ACC-0013,Syn-Acc-100011,Account,PER-0277,Karthik Rajan,Person,Mobile-Account,1.0,Financial,2025-07-14
ACC-0013,Syn-Acc-100011,Account,ACC-0046,Syn-Acc-100083,Account,Transferred-To,0.87,Financial,2026-05-30
ACC-0013,Syn-Acc-100011,Account,ACC-0087,Syn-Acc-100099,Account,Transferred-To,0.76,Financial,2026-08-14
ACC-0013,Syn-Acc-100011,Account,PER-0005,Vignesh Subramani,Person,Mobile-Account,1.0,Financial,2026-08-14
ACC-0014,Syn-Acc-100003,Account,PER-0194,Rakesh Gopal,Person,Linked-Account,2.5,FIR,02-07-2025
ACC-0014,Syn-Acc-100003,Account,PER-0027,Sanjay Raj,Person,Victim-Account,1.5,FIR,02-07-2025
ACC-0014,Syn-Acc-100003,Account,PER-0221,Nithin Murugan,Person,Linked-Account,2.5,FIR,02-09-2025
ACC-0014,Syn-Acc-100003,Account,PER-0001,Lavanya Ammal,Person,Victim-Account,1.5,FIR,02-09-2025
ACC-0014,Syn-Acc-100003,Account,ACC-0016,Syn-Acc-100026,Account,Transferred-To,4.01,Financial,2026-01-15
ACC-0014,Syn-Acc-100003,Account,ACC-0035,Syn-Acc-100033,Account,Transferred-To,0.85,Financial,2026-05-30
ACC-0014,Syn-Acc-100003,Account,PER-0258,Anand Palanisamy,Person,Mobile-Account,1.0,Financial,2026-05-30
ACC-0014,Syn-Acc-100003,Account,ACC-0131,Ext-Acc-238829,Account,Transferred-To,2.06,Financial,2025-02-12
ACC-0014,Syn-Acc-100003,Account,ACC-0170,Ext-Acc-229041,Account,Transferred-To,0.89,Financial,2026-08-26
ACC-0014,Syn-Acc-100003,Account,ACC-0031,Syn-Acc-100080,Account,Transferred-To,8.27,Financial,2026-08-09
ACC-0014,Syn-Acc-100003,Account,ACC-0040,Syn-Acc-100057,Account,Transferred-To,7.5,Financial,2025-04-17
ACC-0014,Syn-Acc-100003,Account,ACC-0180,Ext-Acc-291146,Account,Transferred-To,2.78,Financial,2025-06-06
ACC-0014,Syn-Acc-100003,Account,ACC-0191,Ext-Acc-272260,Account,Transferred-To,0.98,Financial,2025-04-07
ACC-0014,Syn-Acc-100003,Account,ACC-0201,Ext-Acc-344869,Account,Transferred-To,2.01,Financial,2025-05-30
ACC-0014,Syn-Acc-100003,Account,PER-0339,Revathi Bai,Person,Mobile-Account,1.0,Financial,2025-05-30
ACC-0014,Syn-Acc-100003,Account,PER-0047,Uma Raj,Person,Mobile-Account,1.0,Financial,2025-08-20
ACC-0014,Syn-Acc-100003,Account,ACC-0019,Syn-Acc-100025,Account,Transferred-To,3.31,Financial,2026-01-21
ACC-0014,Syn-Acc-100003,Account,PER-0166,Yogesh Balan,Person,Mobile-Account,1.0,Financial,2026-01-21
ACC-0014,Syn-Acc-100003,Account,ACC-0236,Ext-Acc-226326,Account,Transferred-To,0.94,Financial,2026-01-17
ACC-0014,Syn-Acc-100003,Account,ACC-0039,Syn-Acc-100014,Account,Transferred-To,1.42,Financial,2025-07-28
ACC-0014,Syn-Acc-100003,Account,ACC-0020,Syn-Acc-100077,Account,Transferred-To,6.8,Financial,2026-04-22
ACC-0014,Syn-Acc-100003,Account,PER-0124,Chandran Subramani,Person,Mobile-Account,1.0,Financial,2026-04-22
ACC-0014,Syn-Acc-100003,Account,ACC-0023,Syn-Acc-100052,Account,Transferred-To,1.48,Financial,2025-07-18
ACC-0014,Syn-Acc-100003,Account,PER-0361,Abirami Rani,Person,Mobile-Account,1.0,Financial,2025-07-18
ACC-0014,Syn-Acc-100003,Account,ACC-0053,Syn-Acc-100020,Account,Transferred-To,7.5,Financial,2026-03-03
ACC-0014,Syn-Acc-100003,Account,ACC-0049,Syn-Acc-100065,Account,Transferred-To,4.23,Financial,2025-12-12
ACC-0014,Syn-Acc-100003,Account,PER-0059,Suresh Pandian,Person,Mobile-Account,1.0,Financial,2025-12-12
ACC-0014,Syn-Acc-100003,Account,ACC-0070,Syn-Acc-100062,Account,Transferred-To,2.99,Financial,2026-09-08
ACC-0014,Syn-Acc-100003,Account,PER-0015,Dinesh Subramani,Person,Mobile-Account,1.0,Financial,2026-06-19
ACC-0014,Syn-Acc-100003,Account,ACC-0024,Syn-Acc-100078,Account,Transferred-To,1.79,Financial,2025-07-27
ACC-0014,Syn-Acc-100003,Account,PER-0396,Nithya Devi,Person,Mobile-Account,1.0,Financial,2025-07-27
ACC-0014,Syn-Acc-100003,Account,ACC-0032,Syn-Acc-100048,Account,Transferred-To,0.78,Financial,2026-02-16
ACC-0014,Syn-Acc-100003,Account,PER-0302,Buvaneswari Murugan,Person,Mobile-Account,1.0,Financial,2026-02-16
ACC-0014,Syn-Acc-100003,Account,ACC-0526,Ext-Acc-220119,Account,Transferred-To,7.5,Financial,2026-06-26
ACC-0014,Syn-Acc-100003,Account,ACC-0610,Ext-Acc-235369,Account,Transferred-To,0.78,Financial,2026-07-08
ACC-0014,Syn-Acc-100003,Account,ACC-0045,Syn-Acc-100016,Account,Transferred-To,4.63,Financial,2026-06-30
ACC-0014,Syn-Acc-100003,Account,ACC-0038,Syn-Acc-100002,Account,Transferred-To,4.2,Financial,2026-01-17
ACC-0014,Syn-Acc-100003,Account,ACC-0714,Ext-Acc-252527,Account,Transferred-To,0.9,Financial,2026-02-12
ACC-0014,Syn-Acc-100003,Account,ACC-0730,Ext-Acc-227608,Account,Transferred-To,0.92,Financial,2025-03-03
ACC-0014,Syn-Acc-100003,Account,ACC-0048,Syn-Acc-100085,Account,Transferred-To,0.91,Financial,2026-05-24
ACC-0014,Syn-Acc-100003,Account,PER-0213,Hariharan Prakash,Person,Mobile-Account,1.0,Financial,2026-05-24
ACC-0014,Syn-Acc-100003,Account,ACC-0749,Ext-Acc-388208,Account,Transferred-To,7.5,Financial,2026-06-18
ACC-0014,Syn-Acc-100003,Account,ACC-0764,Ext-Acc-394964,Account,Transferred-To,0.81,Financial,2026-01-15
ACC-0014,Syn-Acc-100003,Account,PER-0264,Gayathri Raman,Person,Mobile-Account,1.0,Financial,2026-01-15
ACC-0014,Syn-Acc-100003,Account,PER-0266,Bharath Gopal,Person,Mobile-Account,1.0,Financial,2025-03-26
ACC-0014,Syn-Acc-100003,Account,ACC-0082,Syn-Acc-100043,Account,Transferred-To,0.83,Financial,2025-06-24
ACC-0014,Syn-Acc-100003,Account,PER-0075,Hariharan Raj,Person,Mobile-Account,1.0,Financial,2025-06-24
ACC-0014,Syn-Acc-100003,Account,ACC-0820,Ext-Acc-261972,Account,Transferred-To,2.4,Financial,2026-03-31
ACC-0014,Syn-Acc-100003,Account,ACC-0866,Ext-Acc-338202,Account,Transferred-To,0.95,Financial,2025-09-20
ACC-0014,Syn-Acc-100003,Account,ACC-0087,Syn-Acc-100099,Account,Transferred-To,1.25,Financial,2025-05-01
ACC-0014,Syn-Acc-100003,Account,ACC-0903,Ext-Acc-370098,Account,Transferred-To,7.5,Financial,2025-01-24
ACC-0014,Syn-Acc-100003,Account,ACC-0931,Ext-Acc-217723,Account,Transferred-To,1.92,Financial,2026-01-30
ACC-0014,Syn-Acc-100003,Account,PER-0341,Madhan Nathan,Person,Mobile-Account,1.0,Financial,2025-04-21
ACC-0014,Syn-Acc-100003,Account,ACC-0028,Syn-Acc-100079,Account,Transferred-To,1.87,Financial,2025-06-21
ACC-0014,Syn-Acc-100003,Account,ACC-0051,Syn-Acc-100059,Account,Transferred-To,1.93,Financial,2025-11-12
ACC-0014,Syn-Acc-100003,Account,ACC-1020,Ext-Acc-278602,Account,Transferred-To,0.86,Financial,2025-06-15
ACC-0014,Syn-Acc-100003,Account,ACC-0086,Syn-Acc-100098,Account,Transferred-To,0.79,Financial,2026-01-13
ACC-0014,Syn-Acc-100003,Account,ACC-1284,Ext-Acc-286212,Account,Transferred-To,0.9,Financial,2025-03-11
ACC-0014,Syn-Acc-100003,Account,PER-0371,Bhuvana Kannan,Person,Mobile-Account,1.0,Financial,2026-03-19
ACC-0014,Syn-Acc-100003,Account,ACC-0042,Syn-Acc-100034,Account,Transferred-To,0.9,Financial,2026-07-06
ACC-0014,Syn-Acc-100003,Account,PER-0208,Arun Thangaraj,Person,Mobile-Account,1.0,Financial,2026-02-16
ACC-0015,Syn-Acc-100076,Account,PER-0198,Mohan Sekar,Person,Linked-Account,2.5,FIR,01-07-2025
ACC-0015,Syn-Acc-100076,Account,PER-0047,Uma Raj,Person,Victim-Account,1.5,FIR,01-07-2025
ACC-0015,Syn-Acc-100076,Account,PER-0005,Vignesh Subramani,Person,Linked-Account,2.5,FIR,26-08-2025
ACC-0015,Syn-Acc-100076,Account,PER-0009,Deviga Murugan,Person,Victim-Account,1.5,FIR,26-08-2025
ACC-0015,Syn-Acc-100076,Account,ACC-0094,Ext-Acc-244587,Account,Transferred-To,7.5,Financial,2026-01-24
ACC-0015,Syn-Acc-100076,Account,ACC-0116,Ext-Acc-287900,Account,Transferred-To,7.5,Financial,2025-04-07
ACC-0015,Syn-Acc-100076,Account,ACC-0028,Syn-Acc-100079,Account,Transferred-To,1.08,Financial,2026-06-08
ACC-0015,Syn-Acc-100076,Account,PER-0331,Sanjay Velan,Person,Mobile-Account,1.0,Financial,2026-06-08
ACC-0015,Syn-Acc-100076,Account,ACC-0079,Syn-Acc-100094,Account,Transferred-To,0.8,Financial,2025-10-25
ACC-0015,Syn-Acc-100076,Account,PER-0194,Rakesh Gopal,Person,Mobile-Account,2.0,Financial,2025-10-25
ACC-0015,Syn-Acc-100076,Account,ACC-0085,Syn-Acc-100097,Account,Transferred-To,0.83,Financial,2026-04-06
ACC-0015,Syn-Acc-100076,Account,PER-0114,Elango Selvam,Person,Mobile-Account,1.0,Financial,2026-04-06
ACC-0015,Syn-Acc-100076,Account,ACC-0074,Syn-Acc-100091,Account,Transferred-To,2.95,Financial,2025-05-06
ACC-0015,Syn-Acc-100076,Account,ACC-0016,Syn-Acc-100026,Account,Transferred-To,0.93,Financial,2025-09-26
ACC-0015,Syn-Acc-100076,Account,PER-0129,Kishore Babu,Person,Mobile-Account,1.0,Financial,2025-09-26
ACC-0015,Syn-Acc-100076,Account,ACC-0212,Ext-Acc-350132,Account,Transferred-To,7.5,Financial,2026-06-15
ACC-0015,Syn-Acc-100076,Account,ACC-0075,Syn-Acc-100092,Account,Transferred-To,0.95,Financial,2026-04-08
ACC-0015,Syn-Acc-100076,Account,ACC-0249,Ext-Acc-252129,Account,Transferred-To,0.96,Financial,2026-03-02
ACC-0015,Syn-Acc-100076,Account,ACC-0042,Syn-Acc-100034,Account,Transferred-To,0.92,Financial,2025-04-01
ACC-0015,Syn-Acc-100076,Account,PER-0287,Venkat Prakash,Person,Mobile-Account,1.0,Financial,2025-04-01
ACC-0015,Syn-Acc-100076,Account,ACC-0024,Syn-Acc-100078,Account,Transferred-To,3.59,Financial,2026-01-22
ACC-0015,Syn-Acc-100076,Account,PER-0065,Deepak Gopal,Person,Mobile-Account,1.0,Financial,2026-01-22
ACC-0015,Syn-Acc-100076,Account,ACC-0066,Syn-Acc-100006,Account,Transferred-To,1.68,Financial,2025-04-16
ACC-0015,Syn-Acc-100076,Account,ACC-0409,Ext-Acc-232329,Account,Transferred-To,7.5,Financial,2025-01-04
ACC-0015,Syn-Acc-100076,Account,ACC-0040,Syn-Acc-100057,Account,Transferred-To,2.28,Financial,2026-02-18
ACC-0015,Syn-Acc-100076,Account,ACC-0447,Ext-Acc-336403,Account,Transferred-To,7.5,Financial,2025-10-13
ACC-0015,Syn-Acc-100076,Account,PER-0094,Bharathi Ammal,Person,Mobile-Account,1.0,Financial,2025-10-13
ACC-0015,Syn-Acc-100076,Account,ACC-0465,Ext-Acc-340645,Account,Transferred-To,2.39,Financial,2025-10-13
ACC-0015,Syn-Acc-100076,Account,PER-0111,Dharani Rajan,Person,Mobile-Account,1.0,Financial,2025-10-13
ACC-0015,Syn-Acc-100076,Account,ACC-0466,Ext-Acc-348265,Account,Transferred-To,0.86,Financial,2026-02-03
ACC-0015,Syn-Acc-100076,Account,ACC-0474,Ext-Acc-245451,Account,Transferred-To,2.82,Financial,2025-06-30
ACC-0015,Syn-Acc-100076,Account,ACC-0058,Syn-Acc-100005,Account,Transferred-To,2.56,Financial,2026-02-08
ACC-0015,Syn-Acc-100076,Account,ACC-0490,Ext-Acc-364165,Account,Transferred-To,0.8,Financial,2025-04-09
ACC-0015,Syn-Acc-100076,Account,PER-0058,Revathi Ammal,Person,Mobile-Account,1.0,Financial,2025-04-09
ACC-0015,Syn-Acc-100076,Account,ACC-0539,Ext-Acc-285315,Account,Transferred-To,0.96,Financial,2026-07-03
ACC-0015,Syn-Acc-100076,Account,ACC-0072,Syn-Acc-100089,Account,Transferred-To,11.95,Financial,2025-04-18
ACC-0015,Syn-Acc-100076,Account,ACC-0053,Syn-Acc-100020,Account,Transferred-To,1.2,Financial,2026-03-06
ACC-0015,Syn-Acc-100076,Account,ACC-0027,Syn-Acc-100047,Account,Transferred-To,2.62,Financial,2025-08-19
ACC-0015,Syn-Acc-100076,Account,PER-0300,Logesh Subramani,Person,Mobile-Account,1.0,Financial,2025-08-19
ACC-0015,Syn-Acc-100076,Account,ACC-0706,Ext-Acc-293237,Account,Transferred-To,1.96,Financial,2026-03-10
ACC-0015,Syn-Acc-100076,Account,ACC-0707,Ext-Acc-287823,Account,Transferred-To,7.5,Financial,2025-05-20
ACC-0015,Syn-Acc-100076,Account,PER-0102,Malathi Kumari,Person,Mobile-Account,1.0,Financial,2026-01-09
ACC-0015,Syn-Acc-100076,Account,ACC-0740,Ext-Acc-313582,Account,Transferred-To,0.96,Financial,2026-09-07
ACC-0015,Syn-Acc-100076,Account,PER-0200,Dharani Shankar,Person,Mobile-Account,1.0,Financial,2026-09-07
ACC-0015,Syn-Acc-100076,Account,ACC-0045,Syn-Acc-100016,Account,Transferred-To,2.95,Financial,2025-08-01
ACC-0015,Syn-Acc-100076,Account,PER-0174,Vasanth Raman,Person,Mobile-Account,1.0,Financial,2025-08-01
ACC-0015,Syn-Acc-100076,Account,ACC-0814,Ext-Acc-378860,Account,Transferred-To,1.54,Financial,2025-09-04
ACC-0015,Syn-Acc-100076,Account,PER-0134,Deepa Kumari,Person,Mobile-Account,1.0,Financial,2025-09-04
ACC-0015,Syn-Acc-100076,Account,ACC-0080,Syn-Acc-100008,Account,Transferred-To,0.92,Financial,2025-11-08
ACC-0015,Syn-Acc-100076,Account,ACC-0859,Ext-Acc-253266,Account,Transferred-To,1.08,Financial,2026-07-19
ACC-0015,Syn-Acc-100076,Account,ACC-0869,Ext-Acc-278023,Account,Transferred-To,0.79,Financial,2025-02-12
ACC-0015,Syn-Acc-100076,Account,PER-0119,Amudha Kannan,Person,Mobile-Account,1.0,Financial,2025-07-03
ACC-0015,Syn-Acc-100076,Account,ACC-0021,Syn-Acc-100027,Account,Transferred-To,1.75,Financial,2025-06-08
ACC-0015,Syn-Acc-100076,Account,ACC-0038,Syn-Acc-100002,Account,Transferred-To,1.85,Financial,2025-05-08
ACC-0015,Syn-Acc-100076,Account,ACC-0087,Syn-Acc-100099,Account,Transferred-To,0.83,Financial,2025-12-02
ACC-0015,Syn-Acc-100076,Account,PER-0297,Karthik Balan,Person,Mobile-Account,1.0,Financial,2025-12-02
ACC-0015,Syn-Acc-100076,Account,ACC-1001,Ext-Acc-245617,Account,Transferred-To,0.88,Financial,2025-04-17
ACC-0015,Syn-Acc-100076,Account,ACC-0035,Syn-Acc-100033,Account,Transferred-To,0.82,Financial,2026-08-14
ACC-0015,Syn-Acc-100076,Account,PER-0124,Chandran Subramani,Person,Mobile-Account,1.0,Financial,2026-08-14
ACC-0015,Syn-Acc-100076,Account,ACC-0082,Syn-Acc-100043,Account,Transferred-To,2.87,Financial,2025-04-05
ACC-0015,Syn-Acc-100076,Account,PER-0308,Kannan Shankar,Person,Mobile-Account,1.0,Financial,2025-04-05
ACC-0015,Syn-Acc-100076,Account,ACC-1047,Ext-Acc-297280,Account,Transferred-To,0.93,Financial,2025-12-03
ACC-0015,Syn-Acc-100076,Account,ACC-1073,Ext-Acc-264528,Account,Transferred-To,0.9,Financial,2025-10-02
ACC-0015,Syn-Acc-100076,Account,ACC-1079,Ext-Acc-365946,Account,Transferred-To,2.28,Financial,2025-03-05
ACC-0015,Syn-Acc-100076,Account,ACC-1115,Ext-Acc-330320,Account,Transferred-To,1.71,Financial,2026-05-22
ACC-0015,Syn-Acc-100076,Account,PER-0088,Naveen Natarajan,Person,Mobile-Account,1.0,Financial,2026-05-22
ACC-0015,Syn-Acc-100076,Account,PER-0077,Anand Arumugam,Person,Mobile-Account,1.0,Financial,2025-08-20
ACC-0015,Syn-Acc-100076,Account,ACC-1140,Ext-Acc-302427,Account,Transferred-To,2.94,Financial,2026-03-27
ACC-0015,Syn-Acc-100076,Account,PER-0210,Harish Mani,Person,Mobile-Account,1.0,Financial,2026-03-27
ACC-0015,Syn-Acc-100076,Account,ACC-1142,Ext-Acc-320966,Account,Transferred-To,2.22,Financial,2025-07-28
ACC-0015,Syn-Acc-100076,Account,ACC-1150,Ext-Acc-297695,Account,Transferred-To,0.8,Financial,2025-04-20
ACC-0015,Syn-Acc-100076,Account,ACC-0070,Syn-Acc-100062,Account,Transferred-To,2.77,Financial,2026-06-12
ACC-0015,Syn-Acc-100076,Account,PER-0247,Elango Shankar,Person,Mobile-Account,1.0,Financial,2026-06-12
ACC-0015,Syn-Acc-100076,Account,ACC-0049,Syn-Acc-100065,Account,Transferred-To,8.47,Financial,2026-04-19
ACC-0015,Syn-Acc-100076,Account,PER-0180,Sangeetha Sri,Person,Mobile-Account,1.0,Financial,2026-04-19
ACC-0015,Syn-Acc-100076,Account,ACC-0050,Syn-Acc-100086,Account,Transferred-To,0.91,Financial,2026-04-01
ACC-0015,Syn-Acc-100076,Account,ACC-1183,Ext-Acc-349572,Account,Transferred-To,0.82,Financial,2026-02-09
ACC-0015,Syn-Acc-100076,Account,PER-0187,Tamilarasan Palanisamy,Person,Mobile-Account,1.0,Financial,2026-02-09
ACC-0015,Syn-Acc-100076,Account,ACC-1193,Ext-Acc-328195,Account,Transferred-To,0.89,Financial,2026-06-24
ACC-0015,Syn-Acc-100076,Account,PER-0085,Madhan Murugan,Person,Mobile-Account,1.0,Financial,2026-06-24
ACC-0015,Syn-Acc-100076,Account,ACC-1258,Ext-Acc-360423,Account,Transferred-To,0.91,Financial,2025-10-18
ACC-0015,Syn-Acc-100076,Account,PER-0361,Abirami Rani,Person,Mobile-Account,1.0,Financial,2025-01-09
ACC-0015,Syn-Acc-100076,Account,ACC-1319,Ext-Acc-381570,Account,Transferred-To,1.84,Financial,2025-01-03
ACC-0015,Syn-Acc-100076,Account,ACC-0062,Syn-Acc-100060,Account,Transferred-To,0.84,Financial,2025-02-02
ACC-0015,Syn-Acc-100076,Account,PER-0240,Elango Prakash,Person,Mobile-Account,1.0,Financial,2025-04-28
ACC-0015,Syn-Acc-100076,Account,ACC-0064,Syn-Acc-100068,Account,Transferred-To,0.76,Financial,2025-03-22
ACC-0016,Syn-Acc-100026,Account,PER-0012,Thirumal Palanisamy,Person,Linked-Account,2.5,FIR,07-07-2025
ACC-0016,Syn-Acc-100026,Account,PER-0201,Praveen Kumar,Person,Victim-Account,1.5,FIR,07-07-2025
ACC-0016,Syn-Acc-100026,Account,PER-0229,Kannan Muthu,Person,Mobile-Account,1.0,Financial,2026-01-15
ACC-0016,Syn-Acc-100026,Account,ACC-0079,Syn-Acc-100094,Account,Transferred-To,0.81,Financial,2026-06-19
ACC-0016,Syn-Acc-100026,Account,ACC-0045,Syn-Acc-100016,Account,Transferred-To,9.24,Financial,2025-01-16
ACC-0016,Syn-Acc-100026,Account,ACC-0139,Ext-Acc-374946,Account,Transferred-To,7.5,Financial,2026-08-02
ACC-0016,Syn-Acc-100026,Account,PER-0055,Arun Natarajan,Person,Mobile-Account,1.0,Financial,2026-08-02
ACC-0016,Syn-Acc-100026,Account,ACC-0168,Ext-Acc-317987,Account,Transferred-To,0.78,Financial,2026-08-04
ACC-0016,Syn-Acc-100026,Account,PER-0316,Mohan Ramasamy,Person,Mobile-Account,1.0,Financial,2026-08-04
ACC-0016,Syn-Acc-100026,Account,ACC-0181,Ext-Acc-250678,Account,Transferred-To,0.95,Financial,2025-03-06
ACC-0016,Syn-Acc-100026,Account,ACC-0072,Syn-Acc-100089,Account,Transferred-To,1.72,Financial,2026-03-04
ACC-0016,Syn-Acc-100026,Account,ACC-0059,Syn-Acc-100037,Account,Transferred-To,2.58,Financial,2025-03-11
ACC-0016,Syn-Acc-100026,Account,ACC-0241,Ext-Acc-351849,Account,Transferred-To,1.75,Financial,2025-11-30
ACC-0016,Syn-Acc-100026,Account,PER-0123,Karthik Pandian,Person,Mobile-Account,1.0,Financial,2025-11-30
ACC-0016,Syn-Acc-100026,Account,ACC-0258,Ext-Acc-370305,Account,Transferred-To,1.23,Financial,2025-12-06
ACC-0016,Syn-Acc-100026,Account,PER-0304,Uma Bai,Person,Mobile-Account,1.0,Financial,2025-12-06
ACC-0016,Syn-Acc-100026,Account,ACC-0054,Syn-Acc-100087,Account,Transferred-To,2.02,Financial,2025-08-19
ACC-0016,Syn-Acc-100026,Account,ACC-0035,Syn-Acc-100033,Account,Transferred-To,2.9,Financial,2025-10-06
ACC-0016,Syn-Acc-100026,Account,ACC-0329,Ext-Acc-300932,Account,Transferred-To,0.76,Financial,2025-06-09
ACC-0016,Syn-Acc-100026,Account,PER-0389,Babu Krishnan,Person,Mobile-Account,1.0,Financial,2025-06-09
ACC-0016,Syn-Acc-100026,Account,ACC-0330,Ext-Acc-367915,Account,Transferred-To,0.9,Financial,2026-06-27
ACC-0016,Syn-Acc-100026,Account,PER-0241,Malathi Ammal,Person,Mobile-Account,1.0,Financial,2026-06-27
ACC-0016,Syn-Acc-100026,Account,ACC-0346,Ext-Acc-387385,Account,Transferred-To,0.91,Financial,2025-01-12
ACC-0016,Syn-Acc-100026,Account,ACC-0020,Syn-Acc-100077,Account,Transferred-To,0.91,Financial,2026-03-10
ACC-0016,Syn-Acc-100026,Account,ACC-0042,Syn-Acc-100034,Account,Transferred-To,0.88,Financial,2025-04-20
ACC-0016,Syn-Acc-100026,Account,ACC-0363,Ext-Acc-380213,Account,Transferred-To,1.88,Financial,2025-06-29
ACC-0016,Syn-Acc-100026,Account,PER-0265,Harini Sri,Person,Mobile-Account,1.0,Financial,2025-06-29
ACC-0016,Syn-Acc-100026,Account,ACC-0375,Ext-Acc-227831,Account,Transferred-To,2.19,Financial,2026-03-04
ACC-0016,Syn-Acc-100026,Account,ACC-0404,Ext-Acc-228910,Account,Transferred-To,2.56,Financial,2026-06-16
ACC-0016,Syn-Acc-100026,Account,ACC-0529,Ext-Acc-242294,Account,Transferred-To,2.66,Financial,2025-06-16
ACC-0016,Syn-Acc-100026,Account,ACC-0540,Ext-Acc-210531,Account,Transferred-To,1.97,Financial,2026-01-24
ACC-0016,Syn-Acc-100026,Account,ACC-0070,Syn-Acc-100062,Account,Transferred-To,0.9,Financial,2025-05-25
ACC-0016,Syn-Acc-100026,Account,PER-0267,Siva Selvam,Person,Mobile-Account,1.0,Financial,2025-05-25
ACC-0016,Syn-Acc-100026,Account,ACC-0576,Ext-Acc-253145,Account,Transferred-To,0.86,Financial,2026-08-06
ACC-0016,Syn-Acc-100026,Account,ACC-0637,Ext-Acc-290660,Account,Transferred-To,0.83,Financial,2025-08-12
ACC-0016,Syn-Acc-100026,Account,ACC-0663,Ext-Acc-307784,Account,Transferred-To,2.27,Financial,2026-05-31
ACC-0016,Syn-Acc-100026,Account,PER-0277,Karthik Rajan,Person,Mobile-Account,1.0,Financial,2026-05-31
ACC-0016,Syn-Acc-100026,Account,ACC-0703,Ext-Acc-200734,Account,Transferred-To,2.28,Financial,2026-05-01
ACC-0016,Syn-Acc-100026,Account,ACC-0026,Syn-Acc-100046,Account,Transferred-To,0.9,Financial,2026-09-11
ACC-0016,Syn-Acc-100026,Account,PER-0293,Babu Balan,Person,Mobile-Account,1.0,Financial,2026-09-11
ACC-0016,Syn-Acc-100026,Account,PER-0004,Thirumal Babu,Person,Mobile-Account,1.0,Financial,2026-03-12
ACC-0016,Syn-Acc-100026,Account,ACC-0049,Syn-Acc-100065,Account,Transferred-To,0.83,Financial,2025-12-08
ACC-0016,Syn-Acc-100026,Account,ACC-0022,Syn-Acc-100054,Account,Transferred-To,0.93,Financial,2026-08-26
ACC-0016,Syn-Acc-100026,Account,ACC-0723,Ext-Acc-292741,Account,Transferred-To,2.76,Financial,2025-12-27
ACC-0016,Syn-Acc-100026,Account,ACC-0087,Syn-Acc-100099,Account,Transferred-To,3.8,Financial,2026-08-21
ACC-0016,Syn-Acc-100026,Account,ACC-0084,Syn-Acc-100039,Account,Transferred-To,2.23,Financial,2025-03-30
ACC-0016,Syn-Acc-100026,Account,ACC-0051,Syn-Acc-100059,Account,Transferred-To,4.22,Financial,2025-12-17
ACC-0016,Syn-Acc-100026,Account,PER-0222,Anand Chandran,Person,Mobile-Account,1.0,Financial,2025-12-17
ACC-0016,Syn-Acc-100026,Account,ACC-0027,Syn-Acc-100047,Account,Transferred-To,7.5,Financial,2026-07-26
ACC-0016,Syn-Acc-100026,Account,PER-0199,Sudha Rani,Person,Mobile-Account,1.0,Financial,2026-09-06
ACC-0016,Syn-Acc-100026,Account,ACC-0904,Ext-Acc-252751,Account,Transferred-To,1.24,Financial,2026-08-02
ACC-0016,Syn-Acc-100026,Account,ACC-0064,Syn-Acc-100068,Account,Transferred-To,4.72,Financial,2025-01-20
ACC-0016,Syn-Acc-100026,Account,PER-0399,Praveen Shankar,Person,Mobile-Account,1.0,Financial,2026-02-08
ACC-0016,Syn-Acc-100026,Account,ACC-0991,Ext-Acc-287470,Account,Transferred-To,0.77,Financial,2026-08-07
ACC-0016,Syn-Acc-100026,Account,ACC-1002,Ext-Acc-267394,Account,Transferred-To,2.6,Financial,2025-03-19
ACC-0016,Syn-Acc-100026,Account,PER-0395,Udhay Ramasamy,Person,Mobile-Account,1.0,Financial,2025-06-04
ACC-0016,Syn-Acc-100026,Account,PER-0020,Yogesh Raj,Person,Mobile-Account,1.0,Financial,2025-12-12
ACC-0016,Syn-Acc-100026,Account,ACC-1078,Ext-Acc-322052,Account,Transferred-To,1.65,Financial,2026-02-12
ACC-0016,Syn-Acc-100026,Account,PER-0120,Vidhya Devi,Person,Mobile-Account,1.0,Financial,2026-02-12
ACC-0016,Syn-Acc-100026,Account,PER-0315,Chithra Raman,Person,Mobile-Account,1.0,Financial,2025-01-21
ACC-0016,Syn-Acc-100026,Account,ACC-1125,Ext-Acc-351976,Account,Transferred-To,0.81,Financial,2026-03-04
ACC-0016,Syn-Acc-100026,Account,PER-0266,Bharath Gopal,Person,Mobile-Account,1.0,Financial,2026-03-04
ACC-0016,Syn-Acc-100026,Account,ACC-0031,Syn-Acc-100080,Account,Transferred-To,0.77,Financial,2025-12-22
ACC-0016,Syn-Acc-100026,Account,ACC-1152,Ext-Acc-302608,Account,Transferred-To,7.5,Financial,2026-07-27
ACC-0016,Syn-Acc-100026,Account,PER-0005,Vignesh Subramani,Person,Mobile-Account,1.0,Financial,2026-07-27
ACC-0016,Syn-Acc-100026,Account,ACC-1156,Ext-Acc-229334,Account,Transferred-To,1.22,Financial,2025-09-10
ACC-0016,Syn-Acc-100026,Account,ACC-1163,Ext-Acc-346849,Account,Transferred-To,0.82,Financial,2025-05-29
ACC-0016,Syn-Acc-100026,Account,ACC-0080,Syn-Acc-100008,Account,Transferred-To,0.79,Financial,2025-08-26
ACC-0016,Syn-Acc-100026,Account,ACC-0082,Syn-Acc-100043,Account,Transferred-To,7.5,Financial,2025-12-19
ACC-0016,Syn-Acc-100026,Account,ACC-1219,Ext-Acc-275783,Account,Transferred-To,0.78,Financial,2025-08-24
ACC-0016,Syn-Acc-100026,Account,ACC-0077,Syn-Acc-100067,Account,Transferred-To,2.8,Financial,2026-06-04
ACC-0016,Syn-Acc-100026,Account,ACC-0085,Syn-Acc-100097,Account,Transferred-To,0.88,Financial,2025-04-04
ACC-0016,Syn-Acc-100026,Account,PER-0121,Chandran Krishnan,Person,Mobile-Account,1.0,Financial,2025-04-04
ACC-0016,Syn-Acc-100026,Account,ACC-1247,Ext-Acc-277990,Account,Transferred-To,0.96,Financial,2025-07-05
ACC-0016,Syn-Acc-100026,Account,ACC-1261,Ext-Acc-322517,Account,Transferred-To,0.86,Financial,2026-01-07
ACC-0016,Syn-Acc-100026,Account,PER-0125,Saranya Murugan,Person,Mobile-Account,1.0,Financial,2026-01-07
ACC-0016,Syn-Acc-100026,Account,ACC-1266,Ext-Acc-247357,Account,Transferred-To,0.77,Financial,2025-06-29
ACC-0016,Syn-Acc-100026,Account,ACC-1277,Ext-Acc-399947,Account,Transferred-To,1.03,Financial,2026-03-27
ACC-0016,Syn-Acc-100026,Account,PER-0321,Revathi Raman,Person,Mobile-Account,1.0,Financial,2026-03-27
ACC-0016,Syn-Acc-100026,Account,ACC-0086,Syn-Acc-100098,Account,Transferred-To,0.83,Financial,2025-07-17
ACC-0016,Syn-Acc-100026,Account,ACC-0038,Syn-Acc-100002,Account,Transferred-To,0.85,Financial,2025-12-24
ACC-0016,Syn-Acc-100026,Account,PER-0113,Jagan Raman,Person,Mobile-Account,1.0,Financial,2025-12-24
ACC-0016,Syn-Acc-100026,Account,ACC-0040,Syn-Acc-100057,Account,Transferred-To,14.17,Financial,2025-05-03
ACC-0016,Syn-Acc-100026,Account,PER-0187,Tamilarasan Palanisamy,Person,Mobile-Account,1.0,Financial,2025-05-03
ACC-0016,Syn-Acc-100026,Account,ACC-0024,Syn-Acc-100078,Account,Transferred-To,7.5,Financial,2025-12-19
ACC-0016,Syn-Acc-100026,Account,PER-0252,Kalaiselvi Sri,Person,Mobile-Account,1.0,Financial,2025-12-19
ACC-0016,Syn-Acc-100026,Account,PER-0258,Anand Palanisamy,Person,Mobile-Account,1.0,Financial,2026-03-03
ACC-0016,Syn-Acc-100026,Account,PER-0112,Eswari Raj,Person,Mobile-Account,1.0,Financial,2026-05-23
ACC-0016,Syn-Acc-100026,Account,ACC-1431,Ext-Acc-357138,Account,Transferred-To,0.85,Financial,2026-09-13
ACC-0016,Syn-Acc-100026,Account,ACC-1462,Ext-Acc-334298,Account,Transferred-To,7.5,Financial,2025-04-18
ACC-0016,Syn-Acc-100026,Account,PER-0081,Dinesh Nathan,Person,Mobile-Account,1.0,Financial,2025-04-18
ACC-0017,Syn-Acc-100001,Account,PER-0194,Rakesh Gopal,Person,Linked-Account,2.5,FIR,10-07-2025
ACC-0017,Syn-Acc-100001,Account,PER-0083,Babu Selvam,Person,Victim-Account,1.5,FIR,10-07-2025
ACC-0017,Syn-Acc-100001,Account,PER-0221,Nithin Murugan,Person,Linked-Account,2.5,FIR,18-08-2025
ACC-0017,Syn-Acc-100001,Account,PER-0192,Dinesh Raj,Person,Victim-Account,1.5,FIR,18-08-2025
ACC-0017,Syn-Acc-100001,Account,ACC-0090,Ext-Acc-213238,Account,Transferred-To,0.84,Financial,2025-07-27
ACC-0017,Syn-Acc-100001,Account,ACC-0073,Syn-Acc-100029,Account,Transferred-To,0.92,Financial,2025-07-04
ACC-0017,Syn-Acc-100001,Account,ACC-0351,Ext-Acc-366316,Account,Transferred-To,0.76,Financial,2025-10-10
ACC-0017,Syn-Acc-100001,Account,PER-0068,Jagan Gopal,Person,Mobile-Account,1.0,Financial,2025-10-10
ACC-0017,Syn-Acc-100001,Account,ACC-0358,Ext-Acc-233303,Account,Transferred-To,0.77,Financial,2026-04-08
ACC-0017,Syn-Acc-100001,Account,ACC-0049,Syn-Acc-100065,Account,Transferred-To,7.5,Financial,2025-09-09
ACC-0017,Syn-Acc-100001,Account,ACC-0388,Ext-Acc-375230,Account,Transferred-To,0.95,Financial,2025-05-11
ACC-0017,Syn-Acc-100001,Account,PER-0177,Inban Balan,Person,Mobile-Account,1.0,Financial,2025-05-11
ACC-0017,Syn-Acc-100001,Account,ACC-0028,Syn-Acc-100079,Account,Transferred-To,0.8,Financial,2026-05-06
ACC-0017,Syn-Acc-100001,Account,ACC-0035,Syn-Acc-100033,Account,Transferred-To,0.77,Financial,2026-01-03
ACC-0017,Syn-Acc-100001,Account,PER-0163,Rakesh Krishnan,Person,Mobile-Account,1.0,Financial,2026-01-03
ACC-0017,Syn-Acc-100001,Account,ACC-1401,Ext-Acc-329907,Account,Transferred-To,1.43,Financial,2025-09-27
ACC-0017,Syn-Acc-100001,Account,PER-0118,Dharani Prakash,Person,Mobile-Account,1.0,Financial,2025-09-27
ACC-0018,Syn-Acc-100018,Account,PER-0076,Hariharan Babu,Person,Linked-Account,5.0,FIR,05-07-2025
ACC-0018,Syn-Acc-100018,Account,PER-0209,Kishore Murugan,Person,Victim-Account,1.5,FIR,05-07-2025
ACC-0018,Syn-Acc-100018,Account,PER-0007,Babu Rajan,Person,Victim-Account,1.5,FIR,16-08-2025
ACC-0018,Syn-Acc-100018,Account,PER-0213,Hariharan Prakash,Person,Linked-Account,2.5,FIR,18-11-2025
ACC-0018,Syn-Acc-100018,Account,PER-0307,Deviga Krishnan,Person,Victim-Account,1.5,FIR,18-11-2025
ACC-0018,Syn-Acc-100018,Account,PER-0097,Rajesh Mani,Person,Mobile-Account,1.0,Financial,2025-09-09
ACC-0018,Syn-Acc-100018,Account,ACC-0503,Ext-Acc-307134,Account,Transferred-To,1.91,Financial,2026-08-26
ACC-0018,Syn-Acc-100018,Account,PER-0215,Arjun Karuppasamy,Person,Mobile-Account,1.0,Financial,2026-08-26
ACC-0018,Syn-Acc-100018,Account,ACC-0031,Syn-Acc-100080,Account,Transferred-To,0.79,Financial,2025-03-06
ACC-0018,Syn-Acc-100018,Account,ACC-0022,Syn-Acc-100054,Account,Transferred-To,2.01,Financial,2025-10-12
ACC-0018,Syn-Acc-100018,Account,ACC-1063,Ext-Acc-370571,Account,Transferred-To,7.5,Financial,2025-01-28
ACC-0018,Syn-Acc-100018,Account,PER-0218,Arun Mani,Person,Mobile-Account,1.0,Financial,2025-01-28
ACC-0018,Syn-Acc-100018,Account,ACC-1116,Ext-Acc-269522,Account,Transferred-To,0.96,Financial,2025-06-11
ACC-0019,Syn-Acc-100025,Account,PER-0129,Kishore Babu,Person,Linked-Account,2.5,FIR,07-07-2025
ACC-0019,Syn-Acc-100025,Account,PER-0102,Malathi Kumari,Person,Victim-Account,1.5,FIR,07-07-2025
ACC-0019,Syn-Acc-100025,Account,ACC-0086,Syn-Acc-100098,Account,Transferred-To,2.04,Financial,2026-06-29
ACC-0019,Syn-Acc-100025,Account,ACC-0360,Ext-Acc-212499,Account,Transferred-To,1.28,Financial,2026-08-22
ACC-0019,Syn-Acc-100025,Account,ACC-0071,Syn-Acc-100090,Account,Transferred-To,7.5,Financial,2026-09-13
ACC-0019,Syn-Acc-100025,Account,ACC-0469,Ext-Acc-288487,Account,Transferred-To,0.78,Financial,2026-06-25
ACC-0019,Syn-Acc-100025,Account,ACC-0053,Syn-Acc-100020,Account,Transferred-To,0.78,Financial,2025-09-01
ACC-0019,Syn-Acc-100025,Account,ACC-0727,Ext-Acc-274828,Account,Transferred-To,7.5,Financial,2025-02-07
ACC-0019,Syn-Acc-100025,Account,ACC-0763,Ext-Acc-286267,Account,Transferred-To,0.81,Financial,2025-01-22
ACC-0019,Syn-Acc-100025,Account,ACC-0083,Syn-Acc-100096,Account,Transferred-To,2.32,Financial,2026-01-06
ACC-0019,Syn-Acc-100025,Account,ACC-1066,Ext-Acc-265979,Account,Transferred-To,2.48,Financial,2026-09-12
ACC-0019,Syn-Acc-100025,Account,PER-0169,Anitha Raj,Person,Mobile-Account,1.0,Financial,2025-04-02
ACC-0019,Syn-Acc-100025,Account,ACC-1127,Ext-Acc-393612,Account,Transferred-To,2.53,Financial,2026-02-24
ACC-0019,Syn-Acc-100025,Account,PER-0222,Anand Chandran,Person,Mobile-Account,1.0,Financial,2026-02-24
ACC-0019,Syn-Acc-100025,Account,ACC-1199,Ext-Acc-217121,Account,Transferred-To,1.77,Financial,2026-07-22
ACC-0019,Syn-Acc-100025,Account,ACC-1245,Ext-Acc-377085,Account,Transferred-To,2.44,Financial,2026-07-16
ACC-0019,Syn-Acc-100025,Account,PER-0105,Yogesh Arumugam,Person,Mobile-Account,1.0,Financial,2026-07-16
ACC-0019,Syn-Acc-100025,Account,ACC-1292,Ext-Acc-273927,Account,Transferred-To,2.92,Financial,2026-05-09
ACC-0019,Syn-Acc-100025,Account,ACC-1361,Ext-Acc-229723,Account,Transferred-To,7.5,Financial,2025-09-27
ACC-0019,Syn-Acc-100025,Account,ACC-0080,Syn-Acc-100008,Account,Transferred-To,0.96,Financial,2025-12-10
ACC-0019,Syn-Acc-100025,Account,PER-0045,Elango Ramasamy,Person,Mobile-Account,1.0,Financial,2025-09-15
ACC-0020,Syn-Acc-100077,Account,PER-0213,Hariharan Prakash,Person,Linked-Account,2.5,FIR,19-07-2025
ACC-0020,Syn-Acc-100077,Account,PER-0157,Ganesh Natarajan,Person,Victim-Account,1.5,FIR,19-07-2025
ACC-0020,Syn-Acc-100077,Account,ACC-0023,Syn-Acc-100052,Account,Transferred-To,3.07,Financial,2026-08-20
ACC-0020,Syn-Acc-100077,Account,PER-0021,Vidhya Krishnan,Person,Mobile-Account,1.0,Financial,2026-08-20
ACC-0020,Syn-Acc-100077,Account,ACC-0042,Syn-Acc-100034,Account,Transferred-To,0.92,Financial,2025-12-07
ACC-0020,Syn-Acc-100077,Account,ACC-0055,Syn-Acc-100045,Account,Transferred-To,2.01,Financial,2025-07-15
ACC-0020,Syn-Acc-100077,Account,ACC-0053,Syn-Acc-100020,Account,Transferred-To,10.01,Financial,2025-12-16
ACC-0020,Syn-Acc-100077,Account,ACC-0121,Ext-Acc-254921,Account,Transferred-To,7.5,Financial,2025-12-05
ACC-0020,Syn-Acc-100077,Account,ACC-0039,Syn-Acc-100014,Account,Transferred-To,3.28,Financial,2026-01-12
ACC-0020,Syn-Acc-100077,Account,PER-0341,Madhan Nathan,Person,Mobile-Account,1.0,Financial,2026-01-12
ACC-0020,Syn-Acc-100077,Account,ACC-0051,Syn-Acc-100059,Account,Transferred-To,1.74,Financial,2026-05-12
ACC-0020,Syn-Acc-100077,Account,ACC-0251,Ext-Acc-356260,Account,Transferred-To,0.98,Financial,2025-03-02
ACC-0020,Syn-Acc-100077,Account,PER-0034,Mathan Chandran,Person,Mobile-Account,1.0,Financial,2025-03-02
ACC-0020,Syn-Acc-100077,Account,ACC-0072,Syn-Acc-100089,Account,Transferred-To,3.47,Financial,2025-12-13
ACC-0020,Syn-Acc-100077,Account,PER-0246,Kishore Pandian,Person,Mobile-Account,1.0,Financial,2025-12-13
ACC-0020,Syn-Acc-100077,Account,ACC-0274,Ext-Acc-375082,Account,Transferred-To,7.5,Financial,2026-04-13
ACC-0020,Syn-Acc-100077,Account,ACC-0021,Syn-Acc-100027,Account,Transferred-To,10.14,Financial,2025-10-25
ACC-0020,Syn-Acc-100077,Account,PER-0181,Abirami Raj,Person,Mobile-Account,1.0,Financial,2026-04-22
ACC-0020,Syn-Acc-100077,Account,PER-0389,Babu Krishnan,Person,Mobile-Account,2.0,Financial,2026-03-10
ACC-0020,Syn-Acc-100077,Account,PER-0096,Udhay Shankar,Person,Mobile-Account,1.0,Financial,2025-08-12
ACC-0020,Syn-Acc-100077,Account,PER-0139,Logesh Palanisamy,Person,Mobile-Account,1.0,Financial,2025-11-18
ACC-0020,Syn-Acc-100077,Account,PER-0400,Hemanth Krishnan,Person,Mobile-Account,1.0,Financial,2025-05-17
ACC-0020,Syn-Acc-100077,Account,ACC-0063,Syn-Acc-100088,Account,Transferred-To,2.14,Financial,2025-09-16
ACC-0020,Syn-Acc-100077,Account,PER-0099,Kavitha Selvam,Person,Mobile-Account,1.0,Financial,2025-09-16
ACC-0020,Syn-Acc-100077,Account,ACC-0551,Ext-Acc-391803,Account,Transferred-To,7.5,Financial,2026-01-14
ACC-0020,Syn-Acc-100077,Account,PER-0365,Karthik Shankar,Person,Mobile-Account,1.0,Financial,2026-01-14
ACC-0020,Syn-Acc-100077,Account,ACC-0035,Syn-Acc-100033,Account,Transferred-To,0.86,Financial,2025-03-07
ACC-0020,Syn-Acc-100077,Account,ACC-0583,Ext-Acc-326476,Account,Transferred-To,0.8,Financial,2026-03-04
ACC-0020,Syn-Acc-100077,Account,ACC-0603,Ext-Acc-285749,Account,Transferred-To,2.32,Financial,2025-04-12
ACC-0020,Syn-Acc-100077,Account,ACC-0614,Ext-Acc-316478,Account,Transferred-To,1.36,Financial,2026-08-03
ACC-0020,Syn-Acc-100077,Account,PER-0105,Yogesh Arumugam,Person,Mobile-Account,1.0,Financial,2026-08-03
ACC-0020,Syn-Acc-100077,Account,ACC-0027,Syn-Acc-100047,Account,Transferred-To,2.75,Financial,2026-02-21
ACC-0020,Syn-Acc-100077,Account,ACC-0077,Syn-Acc-100067,Account,Transferred-To,2.96,Financial,2025-08-18
ACC-0020,Syn-Acc-100077,Account,PER-0078,Gokul Muthu,Person,Mobile-Account,1.0,Financial,2025-04-13
ACC-0020,Syn-Acc-100077,Account,ACC-0815,Ext-Acc-342160,Account,Transferred-To,0.78,Financial,2025-01-05
ACC-0020,Syn-Acc-100077,Account,PER-0391,Mohan Velan,Person,Mobile-Account,1.0,Financial,2025-01-05
ACC-0020,Syn-Acc-100077,Account,ACC-0850,Ext-Acc-371886,Account,Transferred-To,2.52,Financial,2025-09-30
ACC-0020,Syn-Acc-100077,Account,ACC-0045,Syn-Acc-100016,Account,Transferred-To,7.5,Financial,2025-09-20
ACC-0020,Syn-Acc-100077,Account,ACC-0949,Ext-Acc-359795,Account,Transferred-To,1.55,Financial,2025-10-12
ACC-0020,Syn-Acc-100077,Account,PER-0117,Tamilarasan Muthu,Person,Mobile-Account,1.0,Financial,2025-10-12
ACC-0020,Syn-Acc-100077,Account,ACC-0074,Syn-Acc-100091,Account,Transferred-To,0.93,Financial,2026-01-21
ACC-0020,Syn-Acc-100077,Account,ACC-0988,Ext-Acc-265289,Account,Transferred-To,0.96,Financial,2026-03-29
ACC-0020,Syn-Acc-100077,Account,PER-0059,Suresh Pandian,Person,Mobile-Account,1.0,Financial,2026-02-24
ACC-0020,Syn-Acc-100077,Account,ACC-1087,Ext-Acc-213531,Account,Transferred-To,1.49,Financial,2025-11-21
ACC-0020,Syn-Acc-100077,Account,ACC-0064,Syn-Acc-100068,Account,Transferred-To,7.5,Financial,2025-10-04
ACC-0020,Syn-Acc-100077,Account,ACC-0049,Syn-Acc-100065,Account,Transferred-To,2.67,Financial,2025-12-22
ACC-0020,Syn-Acc-100077,Account,ACC-1110,Ext-Acc-332065,Account,Transferred-To,1.19,Financial,2026-06-16
ACC-0020,Syn-Acc-100077,Account,PER-0260,Bharath Babu,Person,Mobile-Account,1.0,Financial,2026-06-16
ACC-0020,Syn-Acc-100077,Account,ACC-1114,Ext-Acc-274917,Account,Transferred-To,2.79,Financial,2026-05-18
ACC-0020,Syn-Acc-100077,Account,ACC-1117,Ext-Acc-374061,Account,Transferred-To,0.87,Financial,2025-03-27
ACC-0020,Syn-Acc-100077,Account,PER-0212,Rajesh Karuppasamy,Person,Mobile-Account,1.0,Financial,2025-03-27
ACC-0020,Syn-Acc-100077,Account,ACC-1134,Ext-Acc-202147,Account,Transferred-To,1.5,Financial,2025-10-17
ACC-0020,Syn-Acc-100077,Account,ACC-1135,Ext-Acc-362427,Account,Transferred-To,2.24,Financial,2025-11-18
ACC-0020,Syn-Acc-100077,Account,PER-0161,Rajeshwari Ammal,Person,Mobile-Account,1.0,Financial,2025-11-18
ACC-0020,Syn-Acc-100077,Account,PER-0188,Meena Bai,Person,Mobile-Account,1.0,Financial,2026-07-04
ACC-0020,Syn-Acc-100077,Account,ACC-0041,Syn-Acc-100032,Account,Transferred-To,1.98,Financial,2026-03-23
ACC-0020,Syn-Acc-100077,Account,PER-0309,Sathish Ramasamy,Person,Mobile-Account,1.0,Financial,2025-03-05
ACC-0020,Syn-Acc-100077,Account,ACC-1231,Ext-Acc-260536,Account,Transferred-To,0.83,Financial,2026-07-28
ACC-0020,Syn-Acc-100077,Account,PER-0088,Naveen Natarajan,Person,Mobile-Account,1.0,Financial,2025-03-01
ACC-0020,Syn-Acc-100077,Account,ACC-1296,Ext-Acc-340699,Account,Transferred-To,0.89,Financial,2026-08-29
ACC-0020,Syn-Acc-100077,Account,PER-0249,Vasanthi Selvam,Person,Mobile-Account,1.0,Financial,2026-08-29
ACC-0020,Syn-Acc-100077,Account,ACC-1310,Ext-Acc-248623,Account,Transferred-To,0.91,Financial,2025-01-07
ACC-0020,Syn-Acc-100077,Account,ACC-0086,Syn-Acc-100098,Account,Transferred-To,1.72,Financial,2025-12-18
ACC-0020,Syn-Acc-100077,Account,PER-0377,Selvam Babu,Person,Mobile-Account,1.0,Financial,2025-12-18
ACC-0020,Syn-Acc-100077,Account,ACC-1370,Ext-Acc-244993,Account,Transferred-To,7.5,Financial,2026-06-15
ACC-0020,Syn-Acc-100077,Account,ACC-0062,Syn-Acc-100060,Account,Transferred-To,7.5,Financial,2025-06-28
ACC-0020,Syn-Acc-100077,Account,ACC-0034,Syn-Acc-100013,Account,Transferred-To,2.62,Financial,2026-02-04
ACC-0021,Syn-Acc-100027,Account,PER-0080,Nandha Karuppasamy,Person,Linked-Account,2.5,FIR,18-07-2025
ACC-0021,Syn-Acc-100027,Account,PER-0214,Dharani Anand,Person,Victim-Account,1.5,FIR,18-07-2025
ACC-0021,Syn-Acc-100027,Account,ACC-0027,Syn-Acc-100047,Account,Transferred-To,7.11,Financial,2025-11-08
ACC-0021,Syn-Acc-100027,Account,PER-0039,Jeeva Natarajan,Person,Mobile-Account,1.0,Financial,2025-10-25
ACC-0021,Syn-Acc-100027,Account,ACC-0087,Syn-Acc-100099,Account,Transferred-To,11.63,Financial,2026-01-19
ACC-0021,Syn-Acc-100027,Account,ACC-0079,Syn-Acc-100094,Account,Transferred-To,1.51,Financial,2025-12-31
ACC-0021,Syn-Acc-100027,Account,ACC-0341,Ext-Acc-278250,Account,Transferred-To,0.9,Financial,2025-07-14
ACC-0021,Syn-Acc-100027,Account,ACC-0035,Syn-Acc-100033,Account,Transferred-To,2.55,Financial,2025-08-31
ACC-0021,Syn-Acc-100027,Account,ACC-0077,Syn-Acc-100067,Account,Transferred-To,1.32,Financial,2025-02-05
ACC-0021,Syn-Acc-100027,Account,PER-0343,Malathi Murugan,Person,Mobile-Account,1.0,Financial,2026-07-02
ACC-0021,Syn-Acc-100027,Account,ACC-0082,Syn-Acc-100043,Account,Transferred-To,1.73,Financial,2026-04-05
ACC-0021,Syn-Acc-100027,Account,PER-0252,Kalaiselvi Sri,Person,Mobile-Account,1.0,Financial,2026-02-24
ACC-0021,Syn-Acc-100027,Account,PER-0330,Indhu Sri,Person,Mobile-Account,1.0,Financial,2026-04-13
ACC-0021,Syn-Acc-100027,Account,ACC-0045,Syn-Acc-100016,Account,Transferred-To,5.04,Financial,2025-04-17
ACC-0021,Syn-Acc-100027,Account,ACC-0048,Syn-Acc-100085,Account,Transferred-To,0.86,Financial,2025-07-11
ACC-0021,Syn-Acc-100027,Account,ACC-0528,Ext-Acc-389123,Account,Transferred-To,0.98,Financial,2026-05-31
ACC-0021,Syn-Acc-100027,Account,PER-0172,Arjun Pandian,Person,Mobile-Account,1.0,Financial,2026-05-31
ACC-0021,Syn-Acc-100027,Account,ACC-0086,Syn-Acc-100098,Account,Transferred-To,0.82,Financial,2026-08-12
ACC-0021,Syn-Acc-100027,Account,ACC-0068,Syn-Acc-100066,Account,Transferred-To,2.76,Financial,2025-07-20
ACC-0021,Syn-Acc-100027,Account,ACC-0617,Ext-Acc-213606,Account,Transferred-To,0.94,Financial,2026-02-28
ACC-0021,Syn-Acc-100027,Account,ACC-0070,Syn-Acc-100062,Account,Transferred-To,2.88,Financial,2026-06-17
ACC-0021,Syn-Acc-100027,Account,ACC-0051,Syn-Acc-100059,Account,Transferred-To,1.33,Financial,2025-09-16
ACC-0021,Syn-Acc-100027,Account,ACC-0698,Ext-Acc-296028,Account,Transferred-To,1.58,Financial,2026-04-02
ACC-0021,Syn-Acc-100027,Account,ACC-0038,Syn-Acc-100002,Account,Transferred-To,10.86,Financial,2025-12-08
ACC-0021,Syn-Acc-100027,Account,ACC-0744,Ext-Acc-368697,Account,Transferred-To,2.4,Financial,2025-11-06
ACC-0021,Syn-Acc-100027,Account,PER-0202,Saravanan Palanisamy,Person,Mobile-Account,1.0,Financial,2025-11-06
ACC-0021,Syn-Acc-100027,Account,PER-0369,Hemanth Arumugam,Person,Mobile-Account,1.0,Financial,2025-09-17
ACC-0021,Syn-Acc-100027,Account,ACC-0768,Ext-Acc-222248,Account,Transferred-To,0.78,Financial,2026-01-05
ACC-0021,Syn-Acc-100027,Account,ACC-0776,Ext-Acc-346391,Account,Transferred-To,1.16,Financial,2025-10-09
ACC-0021,Syn-Acc-100027,Account,PER-0153,Sathish Kumar,Person,Mobile-Account,1.0,Financial,2025-10-09
ACC-0021,Syn-Acc-100027,Account,ACC-0064,Syn-Acc-100068,Account,Transferred-To,0.8,Financial,2026-02-15
ACC-0021,Syn-Acc-100027,Account,PER-0293,Babu Balan,Person,Mobile-Account,1.0,Financial,2026-02-15
ACC-0021,Syn-Acc-100027,Account,ACC-0811,Ext-Acc-349431,Account,Transferred-To,7.5,Financial,2025-07-16
ACC-0021,Syn-Acc-100027,Account,PER-0268,Jeeva Rajan,Person,Mobile-Account,1.0,Financial,2025-07-16
ACC-0021,Syn-Acc-100027,Account,ACC-0816,Ext-Acc-221013,Account,Transferred-To,0.87,Financial,2026-02-25
ACC-0021,Syn-Acc-100027,Account,ACC-0022,Syn-Acc-100054,Account,Transferred-To,0.86,Financial,2025-01-24
ACC-0021,Syn-Acc-100027,Account,PER-0004,Thirumal Babu,Person,Mobile-Account,2.0,Financial,2025-01-24
ACC-0021,Syn-Acc-100027,Account,PER-0071,Nithin Thangaraj,Person,Mobile-Account,1.0,Financial,2025-06-08
ACC-0021,Syn-Acc-100027,Account,ACC-0078,Syn-Acc-100093,Account,Transferred-To,0.84,Financial,2026-07-27
ACC-0021,Syn-Acc-100027,Account,PER-0223,Gunasekar Murugan,Person,Mobile-Account,1.0,Financial,2026-07-27
ACC-0021,Syn-Acc-100027,Account,ACC-0049,Syn-Acc-100065,Account,Transferred-To,7.5,Financial,2025-05-28
ACC-0021,Syn-Acc-100027,Account,PER-0027,Sanjay Raj,Person,Mobile-Account,1.0,Financial,2025-05-28
ACC-0021,Syn-Acc-100027,Account,ACC-0959,Ext-Acc-210301,Account,Transferred-To,1.91,Financial,2026-06-05
ACC-0021,Syn-Acc-100027,Account,ACC-0083,Syn-Acc-100096,Account,Transferred-To,0.96,Financial,2025-06-23
ACC-0021,Syn-Acc-100027,Account,PER-0073,Gokul Sundaram,Person,Mobile-Account,1.0,Financial,2026-03-03
ACC-0021,Syn-Acc-100027,Account,PER-0300,Logesh Subramani,Person,Mobile-Account,1.0,Financial,2026-03-27
ACC-0021,Syn-Acc-100027,Account,ACC-0053,Syn-Acc-100020,Account,Transferred-To,1.0,Financial,2026-03-21
ACC-0021,Syn-Acc-100027,Account,ACC-0066,Syn-Acc-100006,Account,Transferred-To,2.05,Financial,2026-03-14
ACC-0021,Syn-Acc-100027,Account,ACC-0080,Syn-Acc-100008,Account,Transferred-To,3.71,Financial,2026-05-03
ACC-0021,Syn-Acc-100027,Account,PER-0400,Hemanth Krishnan,Person,Mobile-Account,1.0,Financial,2026-05-03
ACC-0021,Syn-Acc-100027,Account,ACC-1192,Ext-Acc-218894,Account,Transferred-To,1.81,Financial,2025-03-19
ACC-0021,Syn-Acc-100027,Account,ACC-1213,Ext-Acc-352111,Account,Transferred-To,0.87,Financial,2025-06-20
ACC-0021,Syn-Acc-100027,Account,PER-0337,Jeeva Muthu,Person,Mobile-Account,1.0,Financial,2025-06-20
ACC-0021,Syn-Acc-100027,Account,ACC-1216,Ext-Acc-251673,Account,Transferred-To,0.96,Financial,2025-09-30
ACC-0021,Syn-Acc-100027,Account,ACC-1246,Ext-Acc-347629,Account,Transferred-To,1.06,Financial,2026-02-28
ACC-0021,Syn-Acc-100027,Account,PER-0311,Meena Krishnan,Person,Mobile-Account,1.0,Financial,2026-02-28
ACC-0021,Syn-Acc-100027,Account,ACC-1274,Ext-Acc-347623,Account,Transferred-To,4.05,Financial,2025-01-29
ACC-0021,Syn-Acc-100027,Account,PER-0270,Ravi Gopal,Person,Mobile-Account,1.0,Financial,2025-01-29
ACC-0021,Syn-Acc-100027,Account,ACC-0072,Syn-Acc-100089,Account,Transferred-To,2.98,Financial,2025-04-03
ACC-0021,Syn-Acc-100027,Account,ACC-0065,Syn-Acc-100061,Account,Transferred-To,7.5,Financial,2025-06-02
ACC-0021,Syn-Acc-100027,Account,ACC-0040,Syn-Acc-100057,Account,Transferred-To,1.33,Financial,2025-03-14
ACC-0021,Syn-Acc-100027,Account,ACC-1324,Ext-Acc-320958,Account,Transferred-To,0.93,Financial,2026-01-30
ACC-0021,Syn-Acc-100027,Account,ACC-1333,Ext-Acc-270985,Account,Transferred-To,7.5,Financial,2025-04-03
ACC-0021,Syn-Acc-100027,Account,ACC-0084,Syn-Acc-100039,Account,Transferred-To,0.84,Financial,2026-06-16
ACC-0021,Syn-Acc-100027,Account,ACC-0081,Syn-Acc-100095,Account,Transferred-To,0.78,Financial,2025-02-10
ACC-0021,Syn-Acc-100027,Account,ACC-1428,Ext-Acc-321808,Account,Transferred-To,2.57,Financial,2026-07-29
ACC-0021,Syn-Acc-100027,Account,PER-0295,Gopal Karuppasamy,Person,Mobile-Account,1.0,Financial,2026-07-29
ACC-0021,Syn-Acc-100027,Account,PER-0329,Nandha Muthu,Person,Mobile-Account,1.0,Financial,2025-12-31
ACC-0021,Syn-Acc-100027,Account,ACC-1445,Ext-Acc-390335,Account,Transferred-To,1.53,Financial,2025-10-31
ACC-0021,Syn-Acc-100027,Account,PER-0372,Amudha Sri,Person,Mobile-Account,1.0,Financial,2025-10-31
ACC-0021,Syn-Acc-100027,Account,ACC-1446,Ext-Acc-241894,Account,Transferred-To,0.96,Financial,2025-03-30
ACC-0022,Syn-Acc-100054,Account,PER-0183,Venkat Palanisamy,Person,Linked-Account,2.5,FIR,24-07-2025
ACC-0022,Syn-Acc-100054,Account,PER-0215,Arjun Karuppasamy,Person,Victim-Account,1.5,FIR,24-07-2025
ACC-0022,Syn-Acc-100054,Account,ACC-0047,Syn-Acc-100084,Account,Transferred-To,0.77,Financial,2025-02-25
ACC-0022,Syn-Acc-100054,Account,ACC-0045,Syn-Acc-100016,Account,Transferred-To,5.19,Financial,2025-08-15
ACC-0022,Syn-Acc-100054,Account,PER-0066,Sudha Sekar,Person,Mobile-Account,1.0,Financial,2025-08-15
ACC-0022,Syn-Acc-100054,Account,ACC-0161,Ext-Acc-268955,Account,Transferred-To,0.9,Financial,2026-01-27
ACC-0022,Syn-Acc-100054,Account,ACC-0055,Syn-Acc-100045,Account,Transferred-To,2.25,Financial,2026-04-10
ACC-0022,Syn-Acc-100054,Account,PER-0031,Prakash Palanisamy,Person,Mobile-Account,1.0,Financial,2026-04-10
ACC-0022,Syn-Acc-100054,Account,PER-0214,Dharani Anand,Person,Mobile-Account,1.0,Financial,2025-10-01
ACC-0022,Syn-Acc-100054,Account,ACC-0182,Ext-Acc-340173,Account,Transferred-To,1.63,Financial,2025-10-01
ACC-0022,Syn-Acc-100054,Account,PER-0247,Elango Shankar,Person,Mobile-Account,1.0,Financial,2025-10-01
ACC-0022,Syn-Acc-100054,Account,ACC-0184,Ext-Acc-257432,Account,Transferred-To,0.85,Financial,2025-01-26
ACC-0022,Syn-Acc-100054,Account,ACC-0027,Syn-Acc-100047,Account,Transferred-To,1.73,Financial,2025-09-15
ACC-0022,Syn-Acc-100054,Account,ACC-0032,Syn-Acc-100048,Account,Transferred-To,0.91,Financial,2025-03-10
ACC-0022,Syn-Acc-100054,Account,ACC-0035,Syn-Acc-100033,Account,Transferred-To,1.76,Financial,2025-05-10
ACC-0022,Syn-Acc-100054,Account,PER-0377,Selvam Babu,Person,Mobile-Account,1.0,Financial,2025-05-10
ACC-0022,Syn-Acc-100054,Account,ACC-0064,Syn-Acc-100068,Account,Transferred-To,0.87,Financial,2026-08-15
ACC-0022,Syn-Acc-100054,Account,PER-0126,Mythili Selvi,Person,Mobile-Account,2.0,Financial,2026-08-15
ACC-0022,Syn-Acc-100054,Account,ACC-0297,Ext-Acc-301620,Account,Transferred-To,1.86,Financial,2026-06-05
ACC-0022,Syn-Acc-100054,Account,PER-0244,Thirumal Velan,Person,Mobile-Account,1.0,Financial,2026-06-05
ACC-0022,Syn-Acc-100054,Account,ACC-0312,Ext-Acc-269888,Account,Transferred-To,2.64,Financial,2025-06-09
ACC-0022,Syn-Acc-100054,Account,ACC-0072,Syn-Acc-100089,Account,Transferred-To,9.6,Financial,2026-04-10
ACC-0022,Syn-Acc-100054,Account,ACC-0063,Syn-Acc-100088,Account,Transferred-To,7.5,Financial,2025-09-20
ACC-0022,Syn-Acc-100054,Account,PER-0307,Deviga Krishnan,Person,Mobile-Account,1.0,Financial,2025-09-20
ACC-0022,Syn-Acc-100054,Account,ACC-0342,Ext-Acc-319148,Account,Transferred-To,1.26,Financial,2025-05-22
ACC-0022,Syn-Acc-100054,Account,ACC-0040,Syn-Acc-100057,Account,Transferred-To,1.67,Financial,2025-03-04
ACC-0022,Syn-Acc-100054,Account,ACC-0086,Syn-Acc-100098,Account,Transferred-To,1.63,Financial,2026-05-28
ACC-0022,Syn-Acc-100054,Account,PER-0365,Karthik Shankar,Person,Mobile-Account,1.0,Financial,2026-05-28
ACC-0022,Syn-Acc-100054,Account,PER-0262,Praveen Anand,Person,Mobile-Account,1.0,Financial,2025-06-25
ACC-0022,Syn-Acc-100054,Account,ACC-0387,Ext-Acc-311592,Account,Transferred-To,1.28,Financial,2026-02-23
ACC-0022,Syn-Acc-100054,Account,PER-0334,Latha Ammal,Person,Mobile-Account,1.0,Financial,2026-02-23
ACC-0022,Syn-Acc-100054,Account,ACC-0397,Ext-Acc-234690,Account,Transferred-To,0.86,Financial,2026-01-18
ACC-0022,Syn-Acc-100054,Account,ACC-0416,Ext-Acc-202815,Account,Transferred-To,0.89,Financial,2025-11-16
ACC-0022,Syn-Acc-100054,Account,ACC-0433,Ext-Acc-301832,Account,Transferred-To,2.08,Financial,2026-08-09
ACC-0022,Syn-Acc-100054,Account,PER-0255,Kalaiselvi Devi,Person,Mobile-Account,1.0,Financial,2026-08-09
ACC-0022,Syn-Acc-100054,Account,ACC-0473,Ext-Acc-263950,Account,Transferred-To,1.22,Financial,2026-05-19
ACC-0022,Syn-Acc-100054,Account,ACC-0049,Syn-Acc-100065,Account,Transferred-To,4.86,Financial,2026-04-01
ACC-0022,Syn-Acc-100054,Account,ACC-0505,Ext-Acc-373303,Account,Transferred-To,2.55,Financial,2026-08-08
ACC-0022,Syn-Acc-100054,Account,PER-0325,Rajeshwari Devi,Person,Mobile-Account,1.0,Financial,2026-08-08
ACC-0022,Syn-Acc-100054,Account,ACC-0521,Ext-Acc-327063,Account,Transferred-To,0.86,Financial,2026-06-01
ACC-0022,Syn-Acc-100054,Account,PER-0315,Chithra Raman,Person,Mobile-Account,1.0,Financial,2026-06-01
ACC-0022,Syn-Acc-100054,Account,ACC-0545,Ext-Acc-300947,Account,Transferred-To,1.14,Financial,2026-02-10
ACC-0022,Syn-Acc-100054,Account,PER-0059,Suresh Pandian,Person,Mobile-Account,1.0,Financial,2026-02-10
ACC-0022,Syn-Acc-100054,Account,ACC-0053,Syn-Acc-100020,Account,Transferred-To,1.64,Financial,2026-09-11
ACC-0022,Syn-Acc-100054,Account,PER-0154,Bharathi Raj,Person,Mobile-Account,1.0,Financial,2026-09-11
ACC-0022,Syn-Acc-100054,Account,ACC-0080,Syn-Acc-100008,Account,Transferred-To,4.48,Financial,2025-06-06
ACC-0022,Syn-Acc-100054,Account,ACC-0609,Ext-Acc-226145,Account,Transferred-To,1.81,Financial,2026-01-05
ACC-0022,Syn-Acc-100054,Account,ACC-0664,Ext-Acc-204634,Account,Transferred-To,1.29,Financial,2026-01-07
ACC-0022,Syn-Acc-100054,Account,ACC-0062,Syn-Acc-100060,Account,Transferred-To,1.23,Financial,2025-07-20
ACC-0022,Syn-Acc-100054,Account,ACC-0674,Ext-Acc-285093,Account,Transferred-To,0.88,Financial,2026-05-05
ACC-0022,Syn-Acc-100054,Account,ACC-0679,Ext-Acc-244770,Account,Transferred-To,7.5,Financial,2026-08-24
ACC-0022,Syn-Acc-100054,Account,ACC-0745,Ext-Acc-297158,Account,Transferred-To,0.89,Financial,2025-07-18
ACC-0022,Syn-Acc-100054,Account,ACC-0822,Ext-Acc-286074,Account,Transferred-To,0.92,Financial,2026-03-22
ACC-0022,Syn-Acc-100054,Account,ACC-0056,Syn-Acc-100007,Account,Transferred-To,1.35,Financial,2025-06-23
ACC-0022,Syn-Acc-100054,Account,PER-0121,Chandran Krishnan,Person,Mobile-Account,1.0,Financial,2025-06-23
ACC-0022,Syn-Acc-100054,Account,ACC-0899,Ext-Acc-370157,Account,Transferred-To,2.61,Financial,2026-07-24
ACC-0022,Syn-Acc-100054,Account,ACC-0036,Syn-Acc-100017,Account,Transferred-To,7.5,Financial,2026-03-23
ACC-0022,Syn-Acc-100054,Account,ACC-0984,Ext-Acc-325994,Account,Transferred-To,1.83,Financial,2026-05-25
ACC-0022,Syn-Acc-100054,Account,ACC-0038,Syn-Acc-100002,Account,Transferred-To,1.99,Financial,2025-01-25
ACC-0022,Syn-Acc-100054,Account,ACC-1039,Ext-Acc-297033,Account,Transferred-To,0.88,Financial,2025-02-22
ACC-0022,Syn-Acc-100054,Account,ACC-1058,Ext-Acc-248908,Account,Transferred-To,7.5,Financial,2025-02-15
ACC-0022,Syn-Acc-100054,Account,ACC-1065,Ext-Acc-371522,Account,Transferred-To,2.73,Financial,2026-03-02
ACC-0022,Syn-Acc-100054,Account,ACC-1106,Ext-Acc-382483,Account,Transferred-To,2.7,Financial,2025-02-18
ACC-0022,Syn-Acc-100054,Account,PER-0127,Udhay Muthu,Person,Mobile-Account,1.0,Financial,2025-09-28
ACC-0022,Syn-Acc-100054,Account,ACC-0031,Syn-Acc-100080,Account,Transferred-To,1.59,Financial,2025-06-25
ACC-0022,Syn-Acc-100054,Account,ACC-0077,Syn-Acc-100067,Account,Transferred-To,5.83,Financial,2026-08-12
ACC-0022,Syn-Acc-100054,Account,PER-0198,Mohan Sekar,Person,Mobile-Account,1.0,Financial,2025-12-25
ACC-0022,Syn-Acc-100054,Account,PER-0070,Arun Muthu,Person,Mobile-Account,2.0,Financial,2025-09-25
ACC-0022,Syn-Acc-100054,Account,ACC-0042,Syn-Acc-100034,Account,Transferred-To,2.94,Financial,2026-08-01
ACC-0022,Syn-Acc-100054,Account,ACC-1236,Ext-Acc-218850,Account,Transferred-To,0.84,Financial,2026-03-03
ACC-0022,Syn-Acc-100054,Account,PER-0300,Logesh Subramani,Person,Mobile-Account,1.0,Financial,2025-03-24
ACC-0022,Syn-Acc-100054,Account,ACC-0087,Syn-Acc-100099,Account,Transferred-To,1.02,Financial,2025-08-28
ACC-0022,Syn-Acc-100054,Account,PER-0376,Harish Pandian,Person,Mobile-Account,1.0,Financial,2025-08-28
ACC-0022,Syn-Acc-100054,Account,ACC-1286,Ext-Acc-253444,Account,Transferred-To,0.96,Financial,2026-06-02
ACC-0022,Syn-Acc-100054,Account,PER-0398,Sanjay Shankar,Person,Mobile-Account,1.0,Financial,2026-04-18
ACC-0022,Syn-Acc-100054,Account,ACC-1367,Ext-Acc-395053,Account,Transferred-To,0.81,Financial,2026-01-15
ACC-0022,Syn-Acc-100054,Account,PER-0076,Hariharan Babu,Person,Mobile-Account,1.0,Financial,2026-01-15
ACC-0022,Syn-Acc-100054,Account,ACC-0082,Syn-Acc-100043,Account,Transferred-To,0.82,Financial,2026-02-01
ACC-0022,Syn-Acc-100054,Account,PER-0056,Bharath Prakash,Person,Mobile-Account,1.0,Financial,2026-02-01
ACC-0022,Syn-Acc-100054,Account,ACC-1411,Ext-Acc-327904,Account,Transferred-To,0.95,Financial,2026-04-11
ACC-0022,Syn-Acc-100054,Account,PER-0014,Ajith Velan,Person,Mobile-Account,1.0,Financial,2026-04-11
ACC-0022,Syn-Acc-100054,Account,ACC-0051,Syn-Acc-100059,Account,Transferred-To,1.27,Financial,2025-09-14
ACC-0022,Syn-Acc-100054,Account,PER-0354,Naveen Krishnan,Person,Mobile-Account,1.0,Financial,2025-09-14
ACC-0022,Syn-Acc-100054,Account,ACC-1449,Ext-Acc-377245,Account,Transferred-To,1.91,Financial,2025-12-11
ACC-0022,Syn-Acc-100054,Account,PER-0318,Harish Anand,Person,Mobile-Account,1.0,Financial,2025-12-11
ACC-0023,Syn-Acc-100052,Account,PER-0076,Hariharan Babu,Person,Linked-Account,2.5,FIR,27-07-2025
ACC-0023,Syn-Acc-100052,Account,PER-0196,Kannan Thangaraj,Person,Victim-Account,3.0,FIR,27-07-2025
ACC-0023,Syn-Acc-100052,Account,PER-0303,Yogesh Gopal,Person,Linked-Account,2.5,FIR,12-11-2025
ACC-0023,Syn-Acc-100052,Account,ACC-0128,Ext-Acc-274691,Account,Transferred-To,7.5,Financial,2025-10-03
ACC-0023,Syn-Acc-100052,Account,ACC-0232,Ext-Acc-210752,Account,Transferred-To,0.85,Financial,2025-03-24
ACC-0023,Syn-Acc-100052,Account,ACC-0371,Ext-Acc-242312,Account,Transferred-To,0.9,Financial,2026-01-01
ACC-0023,Syn-Acc-100052,Account,ACC-0489,Ext-Acc-313792,Account,Transferred-To,2.4,Financial,2025-04-24
ACC-0023,Syn-Acc-100052,Account,ACC-0807,Ext-Acc-255878,Account,Transferred-To,0.84,Financial,2026-04-19
ACC-0023,Syn-Acc-100052,Account,ACC-0043,Syn-Acc-100058,Account,Transferred-To,2.7,Financial,2025-10-13
ACC-0023,Syn-Acc-100052,Account,PER-0092,Babu Thangaraj,Person,Mobile-Account,1.0,Financial,2025-08-12
ACC-0023,Syn-Acc-100052,Account,ACC-1329,Ext-Acc-277395,Account,Transferred-To,0.89,Financial,2026-02-19
ACC-0024,Syn-Acc-100078,Account,PER-0041,Hariharan Palanisamy,Person,Linked-Account,2.5,FIR,28-07-2025
ACC-0024,Syn-Acc-100078,Account,PER-0218,Arun Mani,Person,Victim-Account,1.5,FIR,28-07-2025
ACC-0024,Syn-Acc-100078,Account,ACC-0038,Syn-Acc-100002,Account,Transferred-To,9.17,Financial,2026-05-05
ACC-0024,Syn-Acc-100078,Account,ACC-0047,Syn-Acc-100084,Account,Transferred-To,2.83,Financial,2025-01-07
ACC-0024,Syn-Acc-100078,Account,ACC-0079,Syn-Acc-100094,Account,Transferred-To,2.19,Financial,2025-11-04
ACC-0024,Syn-Acc-100078,Account,ACC-0027,Syn-Acc-100047,Account,Transferred-To,3.41,Financial,2025-09-16
ACC-0024,Syn-Acc-100078,Account,ACC-0238,Ext-Acc-290663,Account,Transferred-To,1.3,Financial,2025-07-12
ACC-0024,Syn-Acc-100078,Account,ACC-0255,Ext-Acc-331370,Account,Transferred-To,0.88,Financial,2025-02-25
ACC-0024,Syn-Acc-100078,Account,ACC-0029,Syn-Acc-100035,Account,Transferred-To,2.86,Financial,2025-01-20
ACC-0024,Syn-Acc-100078,Account,PER-0236,Durga Sekar,Person,Mobile-Account,1.0,Financial,2025-01-20
ACC-0024,Syn-Acc-100078,Account,ACC-0072,Syn-Acc-100089,Account,Transferred-To,8.31,Financial,2026-07-18
ACC-0024,Syn-Acc-100078,Account,PER-0033,Vignesh Natarajan,Person,Mobile-Account,1.0,Financial,2026-07-18
ACC-0024,Syn-Acc-100078,Account,ACC-0347,Ext-Acc-362294,Account,Transferred-To,0.95,Financial,2025-05-03
ACC-0024,Syn-Acc-100078,Account,PER-0400,Hemanth Krishnan,Person,Mobile-Account,1.0,Financial,2025-05-03
ACC-0024,Syn-Acc-100078,Account,ACC-0082,Syn-Acc-100043,Account,Transferred-To,2.36,Financial,2025-05-20
ACC-0024,Syn-Acc-100078,Account,PER-0242,Ganesh Selvam,Person,Mobile-Account,1.0,Financial,2025-03-01
ACC-0024,Syn-Acc-100078,Account,ACC-0451,Ext-Acc-284466,Account,Transferred-To,2.91,Financial,2025-11-17
ACC-0024,Syn-Acc-100078,Account,ACC-0587,Ext-Acc-238652,Account,Transferred-To,1.84,Financial,2025-08-06
ACC-0024,Syn-Acc-100078,Account,ACC-0611,Ext-Acc-356168,Account,Transferred-To,1.62,Financial,2025-11-22
ACC-0024,Syn-Acc-100078,Account,PER-0244,Thirumal Velan,Person,Mobile-Account,1.0,Financial,2025-11-22
ACC-0024,Syn-Acc-100078,Account,ACC-0620,Ext-Acc-356243,Account,Transferred-To,1.66,Financial,2025-09-05
ACC-0024,Syn-Acc-100078,Account,PER-0383,Jothi Murugan,Person,Mobile-Account,1.0,Financial,2025-09-05
ACC-0024,Syn-Acc-100078,Account,ACC-0055,Syn-Acc-100045,Account,Transferred-To,0.91,Financial,2025-10-25
ACC-0024,Syn-Acc-100078,Account,PER-0237,Saravanan Murugan,Person,Mobile-Account,1.0,Financial,2025-10-25
ACC-0024,Syn-Acc-100078,Account,ACC-0035,Syn-Acc-100033,Account,Transferred-To,2.75,Financial,2025-04-11
ACC-0024,Syn-Acc-100078,Account,ACC-0045,Syn-Acc-100016,Account,Transferred-To,1.87,Financial,2025-09-19
ACC-0024,Syn-Acc-100078,Account,PER-0386,Bharathi Sri,Person,Mobile-Account,1.0,Financial,2025-04-13
ACC-0024,Syn-Acc-100078,Account,ACC-0067,Syn-Acc-100044,Account,Transferred-To,0.89,Financial,2025-06-03
ACC-0024,Syn-Acc-100078,Account,ACC-0831,Ext-Acc-229899,Account,Transferred-To,0.87,Financial,2026-09-11
ACC-0024,Syn-Acc-100078,Account,ACC-0053,Syn-Acc-100020,Account,Transferred-To,1.57,Financial,2025-04-17
ACC-0024,Syn-Acc-100078,Account,ACC-0031,Syn-Acc-100080,Account,Transferred-To,0.88,Financial,2025-07-27
ACC-0024,Syn-Acc-100078,Account,PER-0371,Bhuvana Kannan,Person,Mobile-Account,1.0,Financial,2025-07-27
ACC-0024,Syn-Acc-100078,Account,ACC-0885,Ext-Acc-213275,Account,Transferred-To,0.92,Financial,2025-03-02
ACC-0024,Syn-Acc-100078,Account,ACC-0030,Syn-Acc-100064,Account,Transferred-To,7.5,Financial,2025-03-25
ACC-0024,Syn-Acc-100078,Account,PER-0330,Indhu Sri,Person,Mobile-Account,1.0,Financial,2025-03-25
ACC-0024,Syn-Acc-100078,Account,ACC-0066,Syn-Acc-100006,Account,Transferred-To,1.29,Financial,2026-03-03
ACC-0024,Syn-Acc-100078,Account,PER-0357,Vijay Raman,Person,Mobile-Account,1.0,Financial,2025-06-25
ACC-0024,Syn-Acc-100078,Account,ACC-0064,Syn-Acc-100068,Account,Transferred-To,2.97,Financial,2025-02-02
ACC-0024,Syn-Acc-100078,Account,ACC-0052,Syn-Acc-100021,Account,Transferred-To,2.1,Financial,2025-01-13
ACC-0024,Syn-Acc-100078,Account,PER-0394,Hemanth Nathan,Person,Mobile-Account,1.0,Financial,2025-08-07
ACC-0024,Syn-Acc-100078,Account,ACC-0960,Ext-Acc-356512,Account,Transferred-To,7.5,Financial,2026-06-14
ACC-0024,Syn-Acc-100078,Account,ACC-0969,Ext-Acc-327549,Account,Transferred-To,0.83,Financial,2025-09-11
ACC-0024,Syn-Acc-100078,Account,PER-0180,Sangeetha Sri,Person,Mobile-Account,1.0,Financial,2025-09-11
ACC-0024,Syn-Acc-100078,Account,ACC-0036,Syn-Acc-100017,Account,Transferred-To,0.78,Financial,2025-08-12
ACC-0024,Syn-Acc-100078,Account,ACC-1040,Ext-Acc-234295,Account,Transferred-To,2.4,Financial,2026-01-05
ACC-0024,Syn-Acc-100078,Account,ACC-1086,Ext-Acc-296309,Account,Transferred-To,0.93,Financial,2025-06-20
ACC-0024,Syn-Acc-100078,Account,ACC-1121,Ext-Acc-222457,Account,Transferred-To,0.91,Financial,2026-07-16
ACC-0024,Syn-Acc-100078,Account,ACC-1164,Ext-Acc-256622,Account,Transferred-To,3.61,Financial,2026-02-17
ACC-0024,Syn-Acc-100078,Account,ACC-1170,Ext-Acc-306181,Account,Transferred-To,1.99,Financial,2025-08-27
ACC-0024,Syn-Acc-100078,Account,PER-0200,Dharani Shankar,Person,Mobile-Account,1.0,Financial,2025-08-27
ACC-0024,Syn-Acc-100078,Account,ACC-0026,Syn-Acc-100046,Account,Transferred-To,3.53,Financial,2026-03-31
ACC-0024,Syn-Acc-100078,Account,ACC-1214,Ext-Acc-240901,Account,Transferred-To,1.54,Financial,2025-11-22
ACC-0024,Syn-Acc-100078,Account,PER-0235,Nithin Subramani,Person,Mobile-Account,1.0,Financial,2026-04-05
ACC-0024,Syn-Acc-100078,Account,ACC-1226,Ext-Acc-218617,Account,Transferred-To,0.83,Financial,2025-10-29
ACC-0024,Syn-Acc-100078,Account,PER-0011,Meena Ammal,Person,Mobile-Account,1.0,Financial,2025-05-13
ACC-0024,Syn-Acc-100078,Account,ACC-0080,Syn-Acc-100008,Account,Transferred-To,0.8,Financial,2025-03-28
ACC-0024,Syn-Acc-100078,Account,ACC-1388,Ext-Acc-371356,Account,Transferred-To,0.83,Financial,2026-07-06
ACC-0024,Syn-Acc-100078,Account,PER-0159,Divya Murugan,Person,Mobile-Account,1.0,Financial,2026-07-06
ACC-0024,Syn-Acc-100078,Account,PER-0023,Ganesh Shankar,Person,Mobile-Account,1.0,Financial,2025-09-25
ACC-0024,Syn-Acc-100078,Account,ACC-1408,Ext-Acc-248661,Account,Transferred-To,0.86,Financial,2025-06-22
ACC-0024,Syn-Acc-100078,Account,ACC-1434,Ext-Acc-370703,Account,Transferred-To,7.5,Financial,2026-04-15
ACC-0024,Syn-Acc-100078,Account,PER-0137,Gunasekar Anand,Person,Mobile-Account,1.0,Financial,2026-04-15
ACC-0025,Syn-Acc-100056,Account,PER-0175,Sathish Sundaram,Person,Linked-Account,2.5,FIR,31-07-2025
ACC-0025,Syn-Acc-100056,Account,PER-0219,Kishore Krishnan,Person,Victim-Account,1.5,FIR,31-07-2025
ACC-0025,Syn-Acc-100056,Account,ACC-0432,Ext-Acc-267302,Account,Transferred-To,0.83,Financial,2026-08-10
ACC-0025,Syn-Acc-100056,Account,ACC-0439,Ext-Acc-289833,Account,Transferred-To,0.77,Financial,2026-01-20
ACC-0025,Syn-Acc-100056,Account,ACC-0031,Syn-Acc-100080,Account,Transferred-To,0.8,Financial,2025-07-29
ACC-0025,Syn-Acc-100056,Account,ACC-0581,Ext-Acc-242157,Account,Transferred-To,0.8,Financial,2026-01-17
ACC-0025,Syn-Acc-100056,Account,ACC-0606,Ext-Acc-260390,Account,Transferred-To,7.5,Financial,2025-04-07
ACC-0025,Syn-Acc-100056,Account,ACC-0027,Syn-Acc-100047,Account,Transferred-To,0.78,Financial,2025-08-23
ACC-0025,Syn-Acc-100056,Account,PER-0006,Meena Sekar,Person,Mobile-Account,1.0,Financial,2025-08-23
ACC-0025,Syn-Acc-100056,Account,ACC-0716,Ext-Acc-291590,Account,Transferred-To,0.82,Financial,2025-03-16
ACC-0025,Syn-Acc-100056,Account,ACC-0769,Ext-Acc-200094,Account,Transferred-To,0.92,Financial,2026-04-22
ACC-0025,Syn-Acc-100056,Account,ACC-0819,Ext-Acc-390434,Account,Transferred-To,0.79,Financial,2025-04-24
ACC-0025,Syn-Acc-100056,Account,PER-0074,Padmini Raj,Person,Mobile-Account,1.0,Financial,2025-04-24
ACC-0025,Syn-Acc-100056,Account,ACC-1099,Ext-Acc-351514,Account,Transferred-To,2.95,Financial,2025-02-19
ACC-0025,Syn-Acc-100056,Account,PER-0285,Saravanan Gopal,Person,Mobile-Account,1.0,Financial,2025-02-19
ACC-0025,Syn-Acc-100056,Account,ACC-1272,Ext-Acc-368597,Account,Transferred-To,7.5,Financial,2026-06-22
ACC-0026,Syn-Acc-100046,Account,PER-0221,Nithin Murugan,Person,Linked-Account,2.5,FIR,27-07-2025
ACC-0026,Syn-Acc-100046,Account,PER-0220,Vijay Rajan,Person,Victim-Account,1.5,FIR,27-07-2025
ACC-0026,Syn-Acc-100046,Account,ACC-0028,Syn-Acc-100079,Account,Transferred-To,1.6,Financial,2026-01-12
ACC-0026,Syn-Acc-100046,Account,PER-0090,Anand Natarajan,Person,Mobile-Account,1.0,Financial,2025-03-21
ACC-0026,Syn-Acc-100046,Account,ACC-0478,Ext-Acc-299059,Account,Transferred-To,1.38,Financial,2025-02-02
ACC-0026,Syn-Acc-100046,Account,PER-0127,Udhay Muthu,Person,Mobile-Account,1.0,Financial,2026-05-17
ACC-0026,Syn-Acc-100046,Account,ACC-0701,Ext-Acc-296084,Account,Transferred-To,0.95,Financial,2026-02-08
ACC-0026,Syn-Acc-100046,Account,ACC-0035,Syn-Acc-100033,Account,Transferred-To,0.92,Financial,2025-04-07
ACC-0026,Syn-Acc-100046,Account,ACC-0849,Ext-Acc-271302,Account,Transferred-To,7.5,Financial,2026-07-29
ACC-0026,Syn-Acc-100046,Account,ACC-0937,Ext-Acc-269248,Account,Transferred-To,0.87,Financial,2025-10-31
ACC-0026,Syn-Acc-100046,Account,PER-0286,Gopal Gopal,Person,Mobile-Account,1.0,Financial,2026-03-31
ACC-0026,Syn-Acc-100046,Account,ACC-1184,Ext-Acc-210032,Account,Transferred-To,0.84,Financial,2025-06-09
ACC-0026,Syn-Acc-100046,Account,ACC-1225,Ext-Acc-323863,Account,Transferred-To,2.42,Financial,2025-12-28
ACC-0026,Syn-Acc-100046,Account,PER-0041,Hariharan Palanisamy,Person,Mobile-Account,1.0,Financial,2025-12-28
ACC-0027,Syn-Acc-100047,Account,PER-0221,Nithin Murugan,Person,Linked-Account,2.5,FIR,01-08-2025
ACC-0027,Syn-Acc-100047,Account,PER-0222,Anand Chandran,Person,Victim-Account,1.5,FIR,01-08-2025
ACC-0027,Syn-Acc-100047,Account,ACC-0112,Ext-Acc-329219,Account,Transferred-To,0.84,Financial,2025-02-23
ACC-0027,Syn-Acc-100047,Account,PER-0321,Revathi Raman,Person,Mobile-Account,1.0,Financial,2025-02-23
ACC-0027,Syn-Acc-100047,Account,ACC-0119,Ext-Acc-281167,Account,Transferred-To,1.86,Financial,2025-04-25
ACC-0027,Syn-Acc-100047,Account,ACC-0120,Ext-Acc-360889,Account,Transferred-To,0.96,Financial,2025-04-14
ACC-0027,Syn-Acc-100047,Account,PER-0013,Ramya Bai,Person,Mobile-Account,1.0,Financial,2025-04-14
ACC-0027,Syn-Acc-100047,Account,ACC-0086,Syn-Acc-100098,Account,Transferred-To,5.41,Financial,2026-08-17
ACC-0027,Syn-Acc-100047,Account,ACC-0078,Syn-Acc-100093,Account,Transferred-To,0.79,Financial,2025-02-28
ACC-0027,Syn-Acc-100047,Account,ACC-0172,Ext-Acc-342143,Account,Transferred-To,1.22,Financial,2025-09-24
ACC-0027,Syn-Acc-100047,Account,PER-0125,Saranya Murugan,Person,Mobile-Account,1.0,Financial,2025-09-24
ACC-0027,Syn-Acc-100047,Account,ACC-0214,Ext-Acc-341799,Account,Transferred-To,2.24,Financial,2025-04-22
ACC-0027,Syn-Acc-100047,Account,PER-0199,Sudha Rani,Person,Mobile-Account,1.0,Financial,2025-04-22
ACC-0027,Syn-Acc-100047,Account,ACC-0242,Ext-Acc-208200,Account,Transferred-To,0.81,Financial,2025-07-23
ACC-0027,Syn-Acc-100047,Account,ACC-0046,Syn-Acc-100083,Account,Transferred-To,2.69,Financial,2025-04-12
ACC-0027,Syn-Acc-100047,Account,PER-0033,Vignesh Natarajan,Person,Mobile-Account,1.0,Financial,2025-11-08
ACC-0027,Syn-Acc-100047,Account,PER-0016,Sanjay Mani,Person,Mobile-Account,1.0,Financial,2025-09-15
ACC-0027,Syn-Acc-100047,Account,PER-0052,Mathan Raman,Person,Mobile-Account,2.0,Financial,2025-01-14
ACC-0027,Syn-Acc-100047,Account,PER-0279,Rakesh Muthu,Person,Mobile-Account,1.0,Financial,2026-04-19
ACC-0027,Syn-Acc-100047,Account,ACC-0038,Syn-Acc-100002,Account,Transferred-To,7.5,Financial,2026-09-10
ACC-0027,Syn-Acc-100047,Account,ACC-0031,Syn-Acc-100080,Account,Transferred-To,1.36,Financial,2025-07-17
ACC-0027,Syn-Acc-100047,Account,ACC-0061,Syn-Acc-100038,Account,Transferred-To,2.22,Financial,2025-08-22
ACC-0027,Syn-Acc-100047,Account,PER-0340,Vignesh Babu,Person,Mobile-Account,1.0,Financial,2025-08-22
ACC-0027,Syn-Acc-100047,Account,ACC-0035,Syn-Acc-100033,Account,Transferred-To,0.92,Financial,2025-08-23
ACC-0027,Syn-Acc-100047,Account,ACC-0048,Syn-Acc-100085,Account,Transferred-To,1.22,Financial,2025-04-18
ACC-0027,Syn-Acc-100047,Account,ACC-0049,Syn-Acc-100065,Account,Transferred-To,2.33,Financial,2025-08-25
ACC-0027,Syn-Acc-100047,Account,ACC-0072,Syn-Acc-100089,Account,Transferred-To,3.24,Financial,2026-08-18
ACC-0027,Syn-Acc-100047,Account,ACC-0051,Syn-Acc-100059,Account,Transferred-To,1.73,Financial,2026-05-14
ACC-0027,Syn-Acc-100047,Account,ACC-0041,Syn-Acc-100032,Account,Transferred-To,0.8,Financial,2025-07-26
ACC-0027,Syn-Acc-100047,Account,ACC-0033,Syn-Acc-100081,Account,Transferred-To,0.92,Financial,2026-04-13
ACC-0027,Syn-Acc-100047,Account,ACC-0564,Ext-Acc-200697,Account,Transferred-To,0.81,Financial,2025-03-10
ACC-0027,Syn-Acc-100047,Account,PER-0162,Karthik Thangaraj,Person,Mobile-Account,1.0,Financial,2025-05-27
ACC-0027,Syn-Acc-100047,Account,ACC-0593,Ext-Acc-213938,Account,Transferred-To,0.79,Financial,2026-03-14
ACC-0027,Syn-Acc-100047,Account,ACC-0661,Ext-Acc-347128,Account,Transferred-To,1.26,Financial,2026-06-15
ACC-0027,Syn-Acc-100047,Account,PER-0091,Vignesh Balan,Person,Mobile-Account,1.0,Financial,2026-06-15
ACC-0027,Syn-Acc-100047,Account,ACC-0705,Ext-Acc-279269,Account,Transferred-To,2.84,Financial,2025-01-03
ACC-0027,Syn-Acc-100047,Account,PER-0106,Elango Krishnan,Person,Mobile-Account,1.0,Financial,2026-03-23
ACC-0027,Syn-Acc-100047,Account,ACC-0067,Syn-Acc-100044,Account,Transferred-To,0.79,Financial,2025-01-23
ACC-0027,Syn-Acc-100047,Account,ACC-0040,Syn-Acc-100057,Account,Transferred-To,2.49,Financial,2026-05-12
ACC-0027,Syn-Acc-100047,Account,PER-0084,Gokul Gopal,Person,Mobile-Account,1.0,Financial,2026-05-12
ACC-0027,Syn-Acc-100047,Account,ACC-0906,Ext-Acc-383634,Account,Transferred-To,0.96,Financial,2025-01-31
ACC-0027,Syn-Acc-100047,Account,PER-0379,Gopal Mani,Person,Mobile-Account,1.0,Financial,2025-01-31
ACC-0027,Syn-Acc-100047,Account,ACC-0082,Syn-Acc-100043,Account,Transferred-To,0.91,Financial,2026-04-15
ACC-0027,Syn-Acc-100047,Account,PER-0247,Elango Shankar,Person,Mobile-Account,1.0,Financial,2026-04-15
ACC-0027,Syn-Acc-100047,Account,ACC-0058,Syn-Acc-100005,Account,Transferred-To,0.82,Financial,2025-09-18
ACC-0027,Syn-Acc-100047,Account,PER-0303,Yogesh Gopal,Person,Mobile-Account,1.0,Financial,2025-09-18
ACC-0027,Syn-Acc-100047,Account,ACC-0992,Ext-Acc-375215,Account,Transferred-To,0.84,Financial,2025-05-07
ACC-0027,Syn-Acc-100047,Account,ACC-1011,Ext-Acc-371646,Account,Transferred-To,7.5,Financial,2025-05-05
ACC-0027,Syn-Acc-100047,Account,PER-0305,Sudha Bai,Person,Mobile-Account,1.0,Financial,2025-05-05
ACC-0027,Syn-Acc-100047,Account,ACC-1027,Ext-Acc-341254,Account,Transferred-To,0.94,Financial,2026-02-22
ACC-0027,Syn-Acc-100047,Account,PER-0114,Elango Selvam,Person,Mobile-Account,1.0,Financial,2026-02-22
ACC-0027,Syn-Acc-100047,Account,ACC-1112,Ext-Acc-386466,Account,Transferred-To,0.93,Financial,2025-03-02
ACC-0027,Syn-Acc-100047,Account,PER-0284,Kishore Arumugam,Person,Mobile-Account,1.0,Financial,2025-01-18
ACC-0027,Syn-Acc-100047,Account,ACC-1137,Ext-Acc-306553,Account,Transferred-To,5.33,Financial,2025-02-08
ACC-0027,Syn-Acc-100047,Account,ACC-1194,Ext-Acc-230991,Account,Transferred-To,0.84,Financial,2026-02-27
ACC-0027,Syn-Acc-100047,Account,ACC-0064,Syn-Acc-100068,Account,Transferred-To,0.79,Financial,2025-07-11
ACC-0027,Syn-Acc-100047,Account,ACC-0057,Syn-Acc-100041,Account,Transferred-To,2.93,Financial,2025-09-23
ACC-0027,Syn-Acc-100047,Account,ACC-1273,Ext-Acc-252970,Account,Transferred-To,0.92,Financial,2026-06-24
ACC-0027,Syn-Acc-100047,Account,PER-0067,Logesh Karuppasamy,Person,Mobile-Account,1.0,Financial,2026-07-27
ACC-0027,Syn-Acc-100047,Account,ACC-0060,Syn-Acc-100040,Account,Transferred-To,0.81,Financial,2026-03-21
ACC-0027,Syn-Acc-100047,Account,PER-0094,Bharathi Ammal,Person,Mobile-Account,1.0,Financial,2026-09-06
ACC-0028,Syn-Acc-100079,Account,PER-0227,Ezhilan Ramasamy,Person,Linked-Account,2.5,FIR,30-07-2025
ACC-0028,Syn-Acc-100079,Account,PER-0045,Elango Ramasamy,Person,Victim-Account,1.5,FIR,30-07-2025
ACC-0028,Syn-Acc-100079,Account,ACC-0051,Syn-Acc-100059,Account,Transferred-To,0.95,Financial,2026-02-09
ACC-0028,Syn-Acc-100079,Account,PER-0353,Divya Sekar,Person,Mobile-Account,1.0,Financial,2026-02-09
ACC-0028,Syn-Acc-100079,Account,PER-0260,Bharath Babu,Person,Mobile-Account,1.0,Financial,2026-01-12
ACC-0028,Syn-Acc-100079,Account,ACC-0087,Syn-Acc-100099,Account,Transferred-To,0.82,Financial,2026-04-01
ACC-0028,Syn-Acc-100079,Account,PER-0031,Prakash Palanisamy,Person,Mobile-Account,1.0,Financial,2026-04-01
ACC-0028,Syn-Acc-100079,Account,ACC-0045,Syn-Acc-100016,Account,Transferred-To,0.86,Financial,2026-04-29
ACC-0028,Syn-Acc-100079,Account,PER-0266,Bharath Gopal,Person,Mobile-Account,1.0,Financial,2026-04-29
ACC-0028,Syn-Acc-100079,Account,ACC-0702,Ext-Acc-268482,Account,Transferred-To,0.83,Financial,2025-06-08
ACC-0028,Syn-Acc-100079,Account,ACC-0757,Ext-Acc-319949,Account,Transferred-To,0.92,Financial,2025-12-19
ACC-0028,Syn-Acc-100079,Account,ACC-0801,Ext-Acc-323264,Account,Transferred-To,2.73,Financial,2025-01-31
ACC-0028,Syn-Acc-100079,Account,ACC-0829,Ext-Acc-269540,Account,Transferred-To,0.8,Financial,2025-02-18
ACC-0028,Syn-Acc-100079,Account,ACC-0871,Ext-Acc-336630,Account,Transferred-To,0.83,Financial,2026-04-11
ACC-0028,Syn-Acc-100079,Account,PER-0383,Jothi Murugan,Person,Mobile-Account,1.0,Financial,2026-04-11
ACC-0028,Syn-Acc-100079,Account,ACC-0044,Syn-Acc-100012,Account,Transferred-To,0.97,Financial,2025-08-09
ACC-0028,Syn-Acc-100079,Account,PER-0144,Padmini Bai,Person,Mobile-Account,1.0,Financial,2025-08-09
ACC-0028,Syn-Acc-100079,Account,PER-0154,Bharathi Raj,Person,Mobile-Account,1.0,Financial,2025-06-21
ACC-0028,Syn-Acc-100079,Account,ACC-1335,Ext-Acc-334080,Account,Transferred-To,2.83,Financial,2025-01-04
ACC-0029,Syn-Acc-100035,Account,PER-0212,Rajesh Karuppasamy,Person,Linked-Account,2.5,FIR,02-08-2025
ACC-0029,Syn-Acc-100035,Account,PER-0229,Kannan Muthu,Person,Victim-Account,1.5,FIR,02-08-2025
ACC-0029,Syn-Acc-100035,Account,ACC-0082,Syn-Acc-100043,Account,Transferred-To,0.88,Financial,2025-02-13
ACC-0029,Syn-Acc-100035,Account,ACC-0062,Syn-Acc-100060,Account,Transferred-To,2.25,Financial,2026-07-09
ACC-0029,Syn-Acc-100035,Account,PER-0255,Kalaiselvi Devi,Person,Mobile-Account,1.0,Financial,2026-07-09
ACC-0029,Syn-Acc-100035,Account,ACC-0035,Syn-Acc-100033,Account,Transferred-To,7.5,Financial,2026-03-21
ACC-0029,Syn-Acc-100035,Account,ACC-0630,Ext-Acc-348349,Account,Transferred-To,0.99,Financial,2025-02-10
ACC-0029,Syn-Acc-100035,Account,ACC-0798,Ext-Acc-375235,Account,Transferred-To,2.58,Financial,2026-01-04
ACC-0029,Syn-Acc-100035,Account,ACC-0817,Ext-Acc-346752,Account,Transferred-To,0.81,Financial,2025-02-21
ACC-0029,Syn-Acc-100035,Account,PER-0284,Kishore Arumugam,Person,Mobile-Account,1.0,Financial,2025-02-21
ACC-0029,Syn-Acc-100035,Account,ACC-0862,Ext-Acc-217991,Account,Transferred-To,0.88,Financial,2025-02-18
ACC-0029,Syn-Acc-100035,Account,ACC-0040,Syn-Acc-100057,Account,Transferred-To,1.78,Financial,2025-08-29
ACC-0029,Syn-Acc-100035,Account,ACC-0056,Syn-Acc-100007,Account,Transferred-To,2.78,Financial,2026-06-23
ACC-0029,Syn-Acc-100035,Account,PER-0350,Priya Raman,Person,Mobile-Account,1.0,Financial,2026-06-23
ACC-0030,Syn-Acc-100064,Account,PER-0242,Ganesh Selvam,Person,Linked-Account,2.5,FIR,16-08-2025
ACC-0030,Syn-Acc-100064,Account,PER-0013,Ramya Bai,Person,Victim-Account,1.5,FIR,16-08-2025
ACC-0030,Syn-Acc-100064,Account,ACC-0047,Syn-Acc-100084,Account,Transferred-To,0.84,Financial,2026-09-11
ACC-0030,Syn-Acc-100064,Account,ACC-0322,Ext-Acc-247349,Account,Transferred-To,0.92,Financial,2026-07-01
ACC-0030,Syn-Acc-100064,Account,ACC-0072,Syn-Acc-100089,Account,Transferred-To,2.14,Financial,2026-06-13
ACC-0030,Syn-Acc-100064,Account,ACC-0087,Syn-Acc-100099,Account,Transferred-To,0.84,Financial,2025-01-16
ACC-0030,Syn-Acc-100064,Account,ACC-0910,Ext-Acc-313614,Account,Transferred-To,0.81,Financial,2025-04-09
ACC-0030,Syn-Acc-100064,Account,PER-0110,Harish Babu,Person,Mobile-Account,1.0,Financial,2025-04-09
ACC-0030,Syn-Acc-100064,Account,ACC-0940,Ext-Acc-395784,Account,Transferred-To,0.93,Financial,2025-05-19
ACC-0030,Syn-Acc-100064,Account,PER-0278,Lavanya Raj,Person,Mobile-Account,1.0,Financial,2025-05-19
ACC-0030,Syn-Acc-100064,Account,ACC-1107,Ext-Acc-205980,Account,Transferred-To,1.48,Financial,2025-05-25
ACC-0030,Syn-Acc-100064,Account,ACC-1195,Ext-Acc-233277,Account,Transferred-To,1.41,Financial,2025-03-28
ACC-0030,Syn-Acc-100064,Account,ACC-0086,Syn-Acc-100098,Account,Transferred-To,5.02,Financial,2025-01-03
ACC-0030,Syn-Acc-100064,Account,PER-0267,Siva Selvam,Person,Mobile-Account,1.0,Financial,2025-02-06
ACC-0030,Syn-Acc-100064,Account,ACC-1437,Ext-Acc-262274,Account,Transferred-To,0.97,Financial,2025-08-16
ACC-0031,Syn-Acc-100080,Account,PER-0227,Ezhilan Ramasamy,Person,Linked-Account,2.5,FIR,25-08-2025
ACC-0031,Syn-Acc-100080,Account,PER-0215,Arjun Karuppasamy,Person,Victim-Account,1.5,FIR,25-08-2025
ACC-0031,Syn-Acc-100080,Account,PER-0337,Jeeva Muthu,Person,Mobile-Account,1.0,Financial,2026-01-17
ACC-0031,Syn-Acc-100080,Account,ACC-0058,Syn-Acc-100005,Account,Transferred-To,0.79,Financial,2026-04-08
ACC-0031,Syn-Acc-100080,Account,PER-0225,Lakshmi Krishnan,Person,Mobile-Account,1.0,Financial,2026-04-08
ACC-0031,Syn-Acc-100080,Account,ACC-0221,Ext-Acc-289764,Account,Transferred-To,2.9,Financial,2026-07-24
ACC-0031,Syn-Acc-100080,Account,ACC-0057,Syn-Acc-100041,Account,Transferred-To,2.33,Financial,2026-01-10
ACC-0031,Syn-Acc-100080,Account,ACC-0254,Ext-Acc-317451,Account,Transferred-To,1.24,Financial,2025-01-07
ACC-0031,Syn-Acc-100080,Account,PER-0346,Inban Pandian,Person,Mobile-Account,2.0,Financial,2025-01-07
ACC-0031,Syn-Acc-100080,Account,ACC-0063,Syn-Acc-100088,Account,Transferred-To,2.9,Financial,2026-07-02
ACC-0031,Syn-Acc-100080,Account,PER-0043,Arun Babu,Person,Mobile-Account,2.0,Financial,2026-07-02
ACC-0031,Syn-Acc-100080,Account,ACC-0064,Syn-Acc-100068,Account,Transferred-To,7.46,Financial,2025-07-07
ACC-0031,Syn-Acc-100080,Account,ACC-0066,Syn-Acc-100006,Account,Transferred-To,9.2,Financial,2025-07-13
ACC-0031,Syn-Acc-100080,Account,PER-0009,Deviga Murugan,Person,Mobile-Account,1.0,Financial,2025-07-13
ACC-0031,Syn-Acc-100080,Account,ACC-0284,Ext-Acc-267276,Account,Transferred-To,0.79,Financial,2026-04-12
ACC-0031,Syn-Acc-100080,Account,ACC-0053,Syn-Acc-100020,Account,Transferred-To,2.39,Financial,2026-07-04
ACC-0031,Syn-Acc-100080,Account,PER-0359,Suresh Thangaraj,Person,Mobile-Account,1.0,Financial,2026-07-04
ACC-0031,Syn-Acc-100080,Account,ACC-0333,Ext-Acc-299283,Account,Transferred-To,7.5,Financial,2025-04-01
ACC-0031,Syn-Acc-100080,Account,PER-0237,Saravanan Murugan,Person,Mobile-Account,1.0,Financial,2025-10-30
ACC-0031,Syn-Acc-100080,Account,ACC-0035,Syn-Acc-100033,Account,Transferred-To,2.83,Financial,2026-01-19
ACC-0031,Syn-Acc-100080,Account,ACC-0437,Ext-Acc-267032,Account,Transferred-To,0.88,Financial,2025-04-15
ACC-0031,Syn-Acc-100080,Account,PER-0055,Arun Natarajan,Person,Mobile-Account,1.0,Financial,2026-06-24
ACC-0031,Syn-Acc-100080,Account,ACC-0618,Ext-Acc-255134,Account,Transferred-To,0.97,Financial,2025-04-07
ACC-0031,Syn-Acc-100080,Account,ACC-0049,Syn-Acc-100065,Account,Transferred-To,0.87,Financial,2025-09-07
ACC-0031,Syn-Acc-100080,Account,PER-0399,Praveen Shankar,Person,Mobile-Account,1.0,Financial,2025-09-07
ACC-0031,Syn-Acc-100080,Account,ACC-0051,Syn-Acc-100059,Account,Transferred-To,0.77,Financial,2026-08-31
ACC-0031,Syn-Acc-100080,Account,ACC-0680,Ext-Acc-361585,Account,Transferred-To,0.77,Financial,2025-01-19
ACC-0031,Syn-Acc-100080,Account,PER-0386,Bharathi Sri,Person,Mobile-Account,1.0,Financial,2025-03-06
ACC-0031,Syn-Acc-100080,Account,ACC-0775,Ext-Acc-268035,Account,Transferred-To,0.89,Financial,2025-06-26
ACC-0031,Syn-Acc-100080,Account,ACC-0813,Ext-Acc-366010,Account,Transferred-To,0.81,Financial,2025-02-03
ACC-0031,Syn-Acc-100080,Account,PER-0218,Arun Mani,Person,Mobile-Account,1.0,Financial,2025-02-03
ACC-0031,Syn-Acc-100080,Account,ACC-0830,Ext-Acc-256373,Account,Transferred-To,0.94,Financial,2025-09-05
ACC-0031,Syn-Acc-100080,Account,ACC-0047,Syn-Acc-100084,Account,Transferred-To,2.26,Financial,2025-04-24
ACC-0031,Syn-Acc-100080,Account,PER-0288,Kumaran Murugan,Person,Mobile-Account,1.0,Financial,2025-01-28
ACC-0031,Syn-Acc-100080,Account,ACC-0887,Ext-Acc-374232,Account,Transferred-To,7.5,Financial,2025-10-21
ACC-0031,Syn-Acc-100080,Account,ACC-0901,Ext-Acc-335396,Account,Transferred-To,0.87,Financial,2026-01-24
ACC-0031,Syn-Acc-100080,Account,PER-0221,Nithin Murugan,Person,Mobile-Account,1.0,Financial,2026-01-24
ACC-0031,Syn-Acc-100080,Account,ACC-0925,Ext-Acc-255096,Account,Transferred-To,0.78,Financial,2026-06-28
ACC-0031,Syn-Acc-100080,Account,ACC-0078,Syn-Acc-100093,Account,Transferred-To,1.14,Financial,2025-12-31
ACC-0031,Syn-Acc-100080,Account,PER-0010,Vasanth Gopal,Person,Mobile-Account,1.0,Financial,2025-12-31
ACC-0031,Syn-Acc-100080,Account,ACC-0961,Ext-Acc-286449,Account,Transferred-To,0.78,Financial,2025-11-11
ACC-0031,Syn-Acc-100080,Account,ACC-0072,Syn-Acc-100089,Account,Transferred-To,1.67,Financial,2025-10-23
ACC-0031,Syn-Acc-100080,Account,ACC-0080,Syn-Acc-100008,Account,Transferred-To,2.39,Financial,2026-02-11
ACC-0031,Syn-Acc-100080,Account,ACC-1024,Ext-Acc-327150,Account,Transferred-To,0.93,Financial,2025-03-19
ACC-0031,Syn-Acc-100080,Account,PER-0220,Vijay Rajan,Person,Mobile-Account,1.0,Financial,2026-08-17
ACC-0031,Syn-Acc-100080,Account,ACC-1088,Ext-Acc-385427,Account,Transferred-To,2.61,Financial,2026-06-17
ACC-0031,Syn-Acc-100080,Account,PER-0377,Selvam Babu,Person,Mobile-Account,1.0,Financial,2026-06-17
ACC-0031,Syn-Acc-100080,Account,ACC-1092,Ext-Acc-339387,Account,Transferred-To,0.86,Financial,2025-06-02
ACC-0031,Syn-Acc-100080,Account,PER-0371,Bhuvana Kannan,Person,Mobile-Account,1.0,Financial,2025-06-02
ACC-0031,Syn-Acc-100080,Account,PER-0040,Deepa Selvam,Person,Mobile-Account,1.0,Financial,2025-12-22
ACC-0031,Syn-Acc-100080,Account,PER-0347,Bharath Balan,Person,Mobile-Account,1.0,Financial,2025-06-25
ACC-0031,Syn-Acc-100080,Account,ACC-0054,Syn-Acc-100087,Account,Transferred-To,0.78,Financial,2025-10-16
ACC-0031,Syn-Acc-100080,Account,PER-0183,Venkat Palanisamy,Person,Mobile-Account,1.0,Financial,2025-10-16
ACC-0031,Syn-Acc-100080,Account,ACC-1244,Ext-Acc-307798,Account,Transferred-To,0.86,Financial,2026-05-17
ACC-0031,Syn-Acc-100080,Account,ACC-1263,Ext-Acc-384688,Account,Transferred-To,7.5,Financial,2025-07-10
ACC-0031,Syn-Acc-100080,Account,PER-0117,Tamilarasan Muthu,Person,Mobile-Account,1.0,Financial,2025-07-10
ACC-0031,Syn-Acc-100080,Account,PER-0351,Rajesh Chandran,Person,Mobile-Account,1.0,Financial,2026-07-25
ACC-0031,Syn-Acc-100080,Account,ACC-1349,Ext-Acc-299931,Account,Transferred-To,0.96,Financial,2025-11-09
ACC-0031,Syn-Acc-100080,Account,ACC-0038,Syn-Acc-100002,Account,Transferred-To,1.49,Financial,2025-01-06
ACC-0031,Syn-Acc-100080,Account,PER-0003,Dinesh Prakash,Person,Mobile-Account,1.0,Financial,2025-01-06
ACC-0031,Syn-Acc-100080,Account,ACC-0061,Syn-Acc-100038,Account,Transferred-To,0.8,Financial,2025-03-15
ACC-0031,Syn-Acc-100080,Account,ACC-1416,Ext-Acc-337337,Account,Transferred-To,0.94,Financial,2025-07-10
ACC-0031,Syn-Acc-100080,Account,PER-0357,Vijay Raman,Person,Mobile-Account,1.0,Financial,2025-07-10
ACC-0031,Syn-Acc-100080,Account,ACC-0037,Syn-Acc-100082,Account,Transferred-To,2.24,Financial,2025-02-12
ACC-0031,Syn-Acc-100080,Account,PER-0100,Balaji Karuppasamy,Person,Mobile-Account,1.0,Financial,2025-02-12
ACC-0032,Syn-Acc-100048,Account,PER-0194,Rakesh Gopal,Person,Linked-Account,2.5,FIR,19-08-2025
ACC-0032,Syn-Acc-100048,Account,PER-0123,Karthik Pandian,Person,Victim-Account,3.0,FIR,19-08-2025
ACC-0032,Syn-Acc-100048,Account,PER-0355,Ajith Nathan,Person,Linked-Account,2.5,FIR,12-08-2026
ACC-0032,Syn-Acc-100048,Account,ACC-0135,Ext-Acc-243228,Account,Transferred-To,0.94,Financial,2025-12-20
ACC-0032,Syn-Acc-100048,Account,ACC-0243,Ext-Acc-354477,Account,Transferred-To,0.8,Financial,2025-01-24
ACC-0032,Syn-Acc-100048,Account,PER-0204,Keerthana Sri,Person,Mobile-Account,1.0,Financial,2025-01-24
ACC-0032,Syn-Acc-100048,Account,ACC-0075,Syn-Acc-100092,Account,Transferred-To,0.97,Financial,2025-10-13
ACC-0032,Syn-Acc-100048,Account,PER-0075,Hariharan Raj,Person,Mobile-Account,1.0,Financial,2025-03-10
ACC-0032,Syn-Acc-100048,Account,ACC-0456,Ext-Acc-234891,Account,Transferred-To,7.5,Financial,2025-08-08
ACC-0032,Syn-Acc-100048,Account,PER-0117,Tamilarasan Muthu,Person,Mobile-Account,1.0,Financial,2025-04-10
ACC-0032,Syn-Acc-100048,Account,ACC-0858,Ext-Acc-273763,Account,Transferred-To,0.93,Financial,2026-06-23
ACC-0032,Syn-Acc-100048,Account,ACC-1104,Ext-Acc-265281,Account,Transferred-To,0.92,Financial,2026-06-10
ACC-0032,Syn-Acc-100048,Account,ACC-0066,Syn-Acc-100006,Account,Transferred-To,0.99,Financial,2025-05-15
ACC-0032,Syn-Acc-100048,Account,ACC-1293,Ext-Acc-212705,Account,Transferred-To,1.26,Financial,2025-09-29
ACC-0032,Syn-Acc-100048,Account,PER-0210,Harish Mani,Person,Mobile-Account,1.0,Financial,2025-09-25
ACC-0033,Syn-Acc-100081,Account,PER-0041,Hariharan Palanisamy,Person,Linked-Account,2.5,FIR,28-08-2025
ACC-0033,Syn-Acc-100081,Account,PER-0128,Durga Bai,Person,Victim-Account,1.5,FIR,28-08-2025
ACC-0033,Syn-Acc-100081,Account,PER-0310,Mathan Balan,Person,Linked-Account,2.5,FIR,26-08-2026
ACC-0033,Syn-Acc-100081,Account,PER-0119,Amudha Kannan,Person,Victim-Account,1.5,FIR,26-08-2026
ACC-0033,Syn-Acc-100081,Account,ACC-0085,Syn-Acc-100097,Account,Transferred-To,0.85,Financial,2026-04-28
ACC-0033,Syn-Acc-100081,Account,ACC-0040,Syn-Acc-100057,Account,Transferred-To,1.78,Financial,2026-09-01
ACC-0033,Syn-Acc-100081,Account,PER-0129,Kishore Babu,Person,Mobile-Account,1.0,Financial,2026-09-01
ACC-0033,Syn-Acc-100081,Account,ACC-0086,Syn-Acc-100098,Account,Transferred-To,0.83,Financial,2025-05-07
ACC-0033,Syn-Acc-100081,Account,ACC-0518,Ext-Acc-227470,Account,Transferred-To,0.98,Financial,2026-07-28
ACC-0033,Syn-Acc-100081,Account,PER-0385,Praveen Muthu,Person,Mobile-Account,1.0,Financial,2026-04-13
ACC-0033,Syn-Acc-100081,Account,ACC-0072,Syn-Acc-100089,Account,Transferred-To,0.87,Financial,2026-05-02
ACC-0033,Syn-Acc-100081,Account,ACC-0754,Ext-Acc-358437,Account,Transferred-To,0.84,Financial,2025-12-24
ACC-0033,Syn-Acc-100081,Account,PER-0216,Kalaiselvi Raman,Person,Mobile-Account,1.0,Financial,2025-12-24
ACC-0033,Syn-Acc-100081,Account,ACC-0061,Syn-Acc-100038,Account,Transferred-To,2.36,Financial,2025-02-21
ACC-0033,Syn-Acc-100081,Account,ACC-0084,Syn-Acc-100039,Account,Transferred-To,0.86,Financial,2025-03-13
ACC-0033,Syn-Acc-100081,Account,PER-0071,Nithin Thangaraj,Person,Mobile-Account,1.0,Financial,2025-03-13
ACC-0033,Syn-Acc-100081,Account,ACC-0977,Ext-Acc-203328,Account,Transferred-To,0.95,Financial,2026-05-12
ACC-0033,Syn-Acc-100081,Account,ACC-0979,Ext-Acc-218883,Account,Transferred-To,0.87,Financial,2026-09-05
ACC-0033,Syn-Acc-100081,Account,ACC-1242,Ext-Acc-357746,Account,Transferred-To,0.87,Financial,2025-07-07
ACC-0033,Syn-Acc-100081,Account,PER-0014,Ajith Velan,Person,Mobile-Account,1.0,Financial,2025-07-07
ACC-0033,Syn-Acc-100081,Account,ACC-0069,Syn-Acc-100049,Account,Transferred-To,2.86,Financial,2026-06-15
ACC-0033,Syn-Acc-100081,Account,ACC-0046,Syn-Acc-100083,Account,Transferred-To,0.97,Financial,2026-03-02
ACC-0033,Syn-Acc-100081,Account,PER-0150,Pavithra Kannan,Person,Mobile-Account,1.0,Financial,2026-03-02
ACC-0033,Syn-Acc-100081,Account,ACC-0079,Syn-Acc-100094,Account,Transferred-To,0.8,Financial,2025-06-11
ACC-0034,Syn-Acc-100013,Account,PER-0175,Sathish Sundaram,Person,Linked-Account,2.5,FIR,03-09-2025
ACC-0034,Syn-Acc-100013,Account,PER-0255,Kalaiselvi Devi,Person,Victim-Account,1.5,FIR,03-09-2025
ACC-0034,Syn-Acc-100013,Account,ACC-0064,Syn-Acc-100068,Account,Transferred-To,1.63,Financial,2025-02-07
ACC-0034,Syn-Acc-100013,Account,ACC-0047,Syn-Acc-100084,Account,Transferred-To,1.29,Financial,2025-11-12
ACC-0034,Syn-Acc-100013,Account,PER-0216,Kalaiselvi Raman,Person,Mobile-Account,1.0,Financial,2025-01-31
ACC-0034,Syn-Acc-100013,Account,PER-0188,Meena Bai,Person,Mobile-Account,1.0,Financial,2025-11-02
ACC-0034,Syn-Acc-100013,Account,ACC-0087,Syn-Acc-100099,Account,Transferred-To,1.5,Financial,2026-07-10
ACC-0034,Syn-Acc-100013,Account,PER-0056,Bharath Prakash,Person,Mobile-Account,1.0,Financial,2026-07-10
ACC-0034,Syn-Acc-100013,Account,ACC-0046,Syn-Acc-100083,Account,Transferred-To,2.17,Financial,2026-05-14
ACC-0034,Syn-Acc-100013,Account,ACC-0853,Ext-Acc-355301,Account,Transferred-To,1.02,Financial,2025-08-22
ACC-0034,Syn-Acc-100013,Account,PER-0386,Bharathi Sri,Person,Mobile-Account,1.0,Financial,2025-08-22
ACC-0034,Syn-Acc-100013,Account,ACC-0040,Syn-Acc-100057,Account,Transferred-To,0.8,Financial,2026-03-31
ACC-0034,Syn-Acc-100013,Account,PER-0153,Sathish Kumar,Person,Mobile-Account,1.0,Financial,2026-03-31
ACC-0034,Syn-Acc-100013,Account,ACC-0052,Syn-Acc-100021,Account,Transferred-To,0.93,Financial,2026-07-30
ACC-0034,Syn-Acc-100013,Account,ACC-1429,Ext-Acc-356998,Account,Transferred-To,1.07,Financial,2025-10-15
ACC-0034,Syn-Acc-100013,Account,PER-0384,Naveen Muthu,Person,Mobile-Account,1.0,Financial,2025-10-15
ACC-0034,Syn-Acc-100013,Account,PER-0167,Saravanan Selvam,Person,Mobile-Account,1.0,Financial,2026-02-04
ACC-0035,Syn-Acc-100033,Account,PER-0217,Sathish Subramani,Person,Linked-Account,2.5,FIR,08-09-2025
ACC-0035,Syn-Acc-100033,Account,PER-0169,Anitha Raj,Person,Victim-Account,1.5,FIR,08-09-2025
ACC-0035,Syn-Acc-100033,Account,PER-0206,Mathan Velan,Person,Linked-Account,2.5,FIR,22-01-2026
ACC-0035,Syn-Acc-100033,Account,PER-0317,Chithra Devi,Person,Victim-Account,1.5,FIR,22-01-2026
ACC-0035,Syn-Acc-100033,Account,ACC-0089,Ext-Acc-310328,Account,Transferred-To,2.4,Financial,2026-07-02
ACC-0035,Syn-Acc-100033,Account,PER-0381,Priya Selvi,Person,Mobile-Account,1.0,Financial,2026-07-02
ACC-0035,Syn-Acc-100033,Account,ACC-0087,Syn-Acc-100099,Account,Transferred-To,15.0,Financial,2025-11-12
ACC-0035,Syn-Acc-100033,Account,ACC-0123,Ext-Acc-360952,Account,Transferred-To,1.63,Financial,2026-08-04
ACC-0035,Syn-Acc-100033,Account,ACC-0052,Syn-Acc-100021,Account,Transferred-To,2.64,Financial,2026-07-15
ACC-0035,Syn-Acc-100033,Account,ACC-0049,Syn-Acc-100065,Account,Transferred-To,5.83,Financial,2025-03-24
ACC-0035,Syn-Acc-100033,Account,PER-0176,Jagan Shankar,Person,Mobile-Account,1.0,Financial,2025-03-24
ACC-0035,Syn-Acc-100033,Account,ACC-0179,Ext-Acc-378215,Account,Transferred-To,1.93,Financial,2025-08-15
ACC-0035,Syn-Acc-100033,Account,PER-0247,Elango Shankar,Person,Mobile-Account,1.0,Financial,2025-08-15
ACC-0035,Syn-Acc-100033,Account,ACC-0072,Syn-Acc-100089,Account,Transferred-To,9.12,Financial,2026-07-03
ACC-0035,Syn-Acc-100033,Account,ACC-0260,Ext-Acc-233980,Account,Transferred-To,0.79,Financial,2025-01-23
ACC-0035,Syn-Acc-100033,Account,ACC-0293,Ext-Acc-369446,Account,Transferred-To,0.96,Financial,2025-06-05
ACC-0035,Syn-Acc-100033,Account,PER-0117,Tamilarasan Muthu,Person,Mobile-Account,1.0,Financial,2025-06-05
ACC-0035,Syn-Acc-100033,Account,PER-0074,Padmini Raj,Person,Mobile-Account,1.0,Financial,2025-10-06
ACC-0035,Syn-Acc-100033,Account,ACC-0038,Syn-Acc-100002,Account,Transferred-To,9.93,Financial,2025-07-20
ACC-0035,Syn-Acc-100033,Account,PER-0398,Sanjay Shankar,Person,Mobile-Account,1.0,Financial,2025-07-20
ACC-0035,Syn-Acc-100033,Account,ACC-0053,Syn-Acc-100020,Account,Transferred-To,2.67,Financial,2025-10-15
ACC-0035,Syn-Acc-100033,Account,PER-0258,Anand Palanisamy,Person,Mobile-Account,1.0,Financial,2025-10-15
ACC-0035,Syn-Acc-100033,Account,ACC-0080,Syn-Acc-100008,Account,Transferred-To,1.99,Financial,2026-09-09
ACC-0035,Syn-Acc-100033,Account,PER-0032,Arun Prakash,Person,Mobile-Account,1.0,Financial,2026-09-09
ACC-0035,Syn-Acc-100033,Account,ACC-0335,Ext-Acc-246665,Account,Transferred-To,2.91,Financial,2026-08-17
ACC-0035,Syn-Acc-100033,Account,ACC-0040,Syn-Acc-100057,Account,Transferred-To,3.79,Financial,2026-04-21
ACC-0035,Syn-Acc-100033,Account,PER-0316,Mohan Ramasamy,Person,Mobile-Account,1.0,Financial,2026-04-21
ACC-0035,Syn-Acc-100033,Account,PER-0275,Harish Selvam,Person,Mobile-Account,1.0,Financial,2025-08-23
ACC-0035,Syn-Acc-100033,Account,ACC-0407,Ext-Acc-307818,Account,Transferred-To,0.87,Financial,2025-05-13
ACC-0035,Syn-Acc-100033,Account,PER-0308,Kannan Shankar,Person,Mobile-Account,1.0,Financial,2025-05-13
ACC-0035,Syn-Acc-100033,Account,ACC-0064,Syn-Acc-100068,Account,Transferred-To,7.5,Financial,2026-06-30
ACC-0035,Syn-Acc-100033,Account,ACC-0047,Syn-Acc-100084,Account,Transferred-To,1.41,Financial,2026-08-25
ACC-0035,Syn-Acc-100033,Account,PER-0342,Manoj Sekar,Person,Mobile-Account,1.0,Financial,2026-01-19
ACC-0035,Syn-Acc-100033,Account,ACC-0446,Ext-Acc-255426,Account,Transferred-To,0.86,Financial,2026-04-03
ACC-0035,Syn-Acc-100033,Account,PER-0203,Karthik Velan,Person,Mobile-Account,1.0,Financial,2026-08-30
ACC-0035,Syn-Acc-100033,Account,ACC-0504,Ext-Acc-304370,Account,Transferred-To,7.5,Financial,2025-04-10
ACC-0035,Syn-Acc-100033,Account,PER-0226,Buvaneswari Sri,Person,Mobile-Account,1.0,Financial,2025-06-04
ACC-0035,Syn-Acc-100033,Account,PER-0118,Dharani Prakash,Person,Mobile-Account,1.0,Financial,2026-03-21
ACC-0035,Syn-Acc-100033,Account,ACC-0572,Ext-Acc-252776,Account,Transferred-To,1.59,Financial,2025-04-21
ACC-0035,Syn-Acc-100033,Account,PER-0218,Arun Mani,Person,Mobile-Account,1.0,Financial,2025-03-07
ACC-0035,Syn-Acc-100033,Account,ACC-0584,Ext-Acc-258783,Account,Transferred-To,0.89,Financial,2026-01-27
ACC-0035,Syn-Acc-100033,Account,PER-0249,Vasanthi Selvam,Person,Mobile-Account,1.0,Financial,2025-09-08
ACC-0035,Syn-Acc-100033,Account,ACC-0632,Ext-Acc-266127,Account,Transferred-To,0.87,Financial,2026-02-03
ACC-0035,Syn-Acc-100033,Account,ACC-0634,Ext-Acc-259328,Account,Transferred-To,0.81,Financial,2026-01-26
ACC-0035,Syn-Acc-100033,Account,PER-0238,Nithya Murugan,Person,Mobile-Account,1.0,Financial,2025-04-11
ACC-0035,Syn-Acc-100033,Account,ACC-0720,Ext-Acc-345388,Account,Transferred-To,0.97,Financial,2025-01-10
ACC-0035,Syn-Acc-100033,Account,PER-0315,Chithra Raman,Person,Mobile-Account,1.0,Financial,2025-01-10
ACC-0035,Syn-Acc-100033,Account,PER-0376,Harish Pandian,Person,Mobile-Account,1.0,Financial,2025-04-07
ACC-0035,Syn-Acc-100033,Account,ACC-0086,Syn-Acc-100098,Account,Transferred-To,2.76,Financial,2025-09-12
ACC-0035,Syn-Acc-100033,Account,PER-0240,Elango Prakash,Person,Mobile-Account,1.0,Financial,2025-11-16
ACC-0035,Syn-Acc-100033,Account,ACC-0078,Syn-Acc-100093,Account,Transferred-To,2.23,Financial,2025-09-20
ACC-0035,Syn-Acc-100033,Account,ACC-0996,Ext-Acc-288268,Account,Transferred-To,0.8,Financial,2026-04-25
ACC-0035,Syn-Acc-100033,Account,PER-0068,Jagan Gopal,Person,Mobile-Account,1.0,Financial,2026-09-04
ACC-0035,Syn-Acc-100033,Account,ACC-0083,Syn-Acc-100096,Account,Transferred-To,1.09,Financial,2025-05-03
ACC-0035,Syn-Acc-100033,Account,PER-0267,Siva Selvam,Person,Mobile-Account,1.0,Financial,2026-09-03
ACC-0035,Syn-Acc-100033,Account,ACC-1123,Ext-Acc-213977,Account,Transferred-To,0.97,Financial,2025-10-04
ACC-0035,Syn-Acc-100033,Account,ACC-1190,Ext-Acc-203039,Account,Transferred-To,0.8,Financial,2025-07-23
ACC-0035,Syn-Acc-100033,Account,ACC-0045,Syn-Acc-100016,Account,Transferred-To,1.77,Financial,2025-03-22
ACC-0035,Syn-Acc-100033,Account,ACC-1254,Ext-Acc-335319,Account,Transferred-To,0.97,Financial,2025-12-12
ACC-0035,Syn-Acc-100033,Account,PER-0375,Inban Babu,Person,Mobile-Account,1.0,Financial,2025-06-27
ACC-0035,Syn-Acc-100033,Account,ACC-1377,Ext-Acc-336421,Account,Transferred-To,7.5,Financial,2026-04-02
ACC-0035,Syn-Acc-100033,Account,PER-0189,Deepak Subramani,Person,Mobile-Account,1.0,Financial,2026-04-02
ACC-0035,Syn-Acc-100033,Account,PER-0263,Naveen Mani,Person,Mobile-Account,1.0,Financial,2026-05-07
ACC-0035,Syn-Acc-100033,Account,ACC-0065,Syn-Acc-100061,Account,Transferred-To,7.5,Financial,2026-06-30
ACC-0035,Syn-Acc-100033,Account,PER-0045,Elango Ramasamy,Person,Mobile-Account,1.0,Financial,2026-06-30
ACC-0035,Syn-Acc-100033,Account,ACC-1461,Ext-Acc-368889,Account,Transferred-To,0.92,Financial,2025-02-03
ACC-0035,Syn-Acc-100033,Account,PER-0359,Suresh Thangaraj,Person,Mobile-Account,1.0,Financial,2025-02-03
ACC-0036,Syn-Acc-100017,Account,PER-0076,Hariharan Babu,Person,Linked-Account,2.5,FIR,18-09-2025
ACC-0036,Syn-Acc-100017,Account,PER-0144,Padmini Bai,Person,Victim-Account,1.5,FIR,18-09-2025
ACC-0036,Syn-Acc-100017,Account,ACC-0041,Syn-Acc-100032,Account,Transferred-To,0.85,Financial,2025-11-21
ACC-0036,Syn-Acc-100017,Account,ACC-0087,Syn-Acc-100099,Account,Transferred-To,0.85,Financial,2025-01-15
ACC-0036,Syn-Acc-100017,Account,ACC-0525,Ext-Acc-251992,Account,Transferred-To,0.92,Financial,2026-01-12
ACC-0036,Syn-Acc-100017,Account,ACC-0586,Ext-Acc-370070,Account,Transferred-To,2.43,Financial,2026-07-02
ACC-0036,Syn-Acc-100017,Account,PER-0278,Lavanya Raj,Person,Mobile-Account,1.0,Financial,2026-07-02
ACC-0036,Syn-Acc-100017,Account,PER-0046,Lokesh Balan,Person,Mobile-Account,1.0,Financial,2026-03-23
ACC-0036,Syn-Acc-100017,Account,ACC-0989,Ext-Acc-361408,Account,Transferred-To,7.5,Financial,2026-01-16
ACC-0036,Syn-Acc-100017,Account,PER-0011,Meena Ammal,Person,Mobile-Account,1.0,Financial,2026-01-16
ACC-0036,Syn-Acc-100017,Account,ACC-1019,Ext-Acc-249324,Account,Transferred-To,1.08,Financial,2026-02-02
ACC-0036,Syn-Acc-100017,Account,ACC-1168,Ext-Acc-207386,Account,Transferred-To,0.78,Financial,2025-02-22
ACC-0037,Syn-Acc-100082,Account,PER-0084,Gokul Gopal,Person,Linked-Account,2.5,FIR,16-09-2025
ACC-0037,Syn-Acc-100082,Account,PER-0270,Ravi Gopal,Person,Victim-Account,1.5,FIR,16-09-2025
ACC-0037,Syn-Acc-100082,Account,ACC-0074,Syn-Acc-100091,Account,Transferred-To,1.77,Financial,2026-04-05
ACC-0037,Syn-Acc-100082,Account,PER-0040,Deepa Selvam,Person,Mobile-Account,1.0,Financial,2026-04-05
ACC-0037,Syn-Acc-100082,Account,ACC-0283,Ext-Acc-290289,Account,Transferred-To,7.5,Financial,2025-06-21
ACC-0037,Syn-Acc-100082,Account,ACC-0076,Syn-Acc-100050,Account,Transferred-To,2.83,Financial,2026-06-02
ACC-0037,Syn-Acc-100082,Account,PER-0288,Kumaran Murugan,Person,Mobile-Account,1.0,Financial,2026-06-02
ACC-0037,Syn-Acc-100082,Account,ACC-0427,Ext-Acc-364625,Account,Transferred-To,0.94,Financial,2026-01-09
ACC-0037,Syn-Acc-100082,Account,PER-0309,Sathish Ramasamy,Person,Mobile-Account,1.0,Financial,2026-01-09
ACC-0037,Syn-Acc-100082,Account,ACC-0440,Ext-Acc-237281,Account,Transferred-To,2.35,Financial,2026-03-30
ACC-0037,Syn-Acc-100082,Account,ACC-0082,Syn-Acc-100043,Account,Transferred-To,2.22,Financial,2026-03-21
ACC-0037,Syn-Acc-100082,Account,ACC-0709,Ext-Acc-320079,Account,Transferred-To,0.96,Financial,2025-11-22
ACC-0037,Syn-Acc-100082,Account,PER-0139,Logesh Palanisamy,Person,Mobile-Account,1.0,Financial,2025-11-22
ACC-0037,Syn-Acc-100082,Account,ACC-0742,Ext-Acc-233725,Account,Transferred-To,0.9,Financial,2025-10-10
ACC-0037,Syn-Acc-100082,Account,ACC-0767,Ext-Acc-234757,Account,Transferred-To,0.87,Financial,2025-04-23
ACC-0037,Syn-Acc-100082,Account,ACC-0810,Ext-Acc-350449,Account,Transferred-To,4.65,Financial,2026-06-16
ACC-0037,Syn-Acc-100082,Account,PER-0341,Madhan Nathan,Person,Mobile-Account,1.0,Financial,2026-06-16
ACC-0037,Syn-Acc-100082,Account,ACC-1067,Ext-Acc-313332,Account,Transferred-To,0.78,Financial,2025-12-26
ACC-0038,Syn-Acc-100002,Account,PER-0194,Rakesh Gopal,Person,Linked-Account,2.5,FIR,13-09-2025
ACC-0038,Syn-Acc-100002,Account,PER-0145,Tamilselvi Devi,Person,Victim-Account,2.5,FIR,13-09-2025
ACC-0038,Syn-Acc-100002,Account,ACC-0138,Ext-Acc-231946,Account,Transferred-To,1.51,Financial,2025-08-03
ACC-0038,Syn-Acc-100002,Account,ACC-0086,Syn-Acc-100098,Account,Transferred-To,1.73,Financial,2025-04-06
ACC-0038,Syn-Acc-100002,Account,PER-0070,Arun Muthu,Person,Mobile-Account,1.0,Financial,2025-04-06
ACC-0038,Syn-Acc-100002,Account,ACC-0287,Ext-Acc-285389,Account,Transferred-To,7.5,Financial,2026-04-12
ACC-0038,Syn-Acc-100002,Account,PER-0332,Vasanthi Ammal,Person,Mobile-Account,1.0,Financial,2026-09-10
ACC-0038,Syn-Acc-100002,Account,ACC-0066,Syn-Acc-100006,Account,Transferred-To,2.81,Financial,2026-03-19
ACC-0038,Syn-Acc-100002,Account,ACC-0048,Syn-Acc-100085,Account,Transferred-To,7.25,Financial,2026-08-22
ACC-0038,Syn-Acc-100002,Account,ACC-0051,Syn-Acc-100059,Account,Transferred-To,4.58,Financial,2026-03-29
ACC-0038,Syn-Acc-100002,Account,ACC-0422,Ext-Acc-287394,Account,Transferred-To,0.86,Financial,2025-09-25
ACC-0038,Syn-Acc-100002,Account,ACC-0053,Syn-Acc-100020,Account,Transferred-To,2.3,Financial,2025-12-26
ACC-0038,Syn-Acc-100002,Account,PER-0378,Senthil Raman,Person,Mobile-Account,1.0,Financial,2025-12-26
ACC-0038,Syn-Acc-100002,Account,ACC-0536,Ext-Acc-206829,Account,Transferred-To,0.9,Financial,2026-09-10
ACC-0038,Syn-Acc-100002,Account,PER-0002,Inban Selvam,Person,Mobile-Account,1.0,Financial,2026-06-25
ACC-0038,Syn-Acc-100002,Account,PER-0082,Rajeshwari Rani,Person,Mobile-Account,1.0,Financial,2026-01-17
ACC-0038,Syn-Acc-100002,Account,ACC-0656,Ext-Acc-215035,Account,Transferred-To,1.95,Financial,2026-01-03
ACC-0038,Syn-Acc-100002,Account,PER-0043,Arun Babu,Person,Mobile-Account,1.0,Financial,2025-12-08
ACC-0038,Syn-Acc-100002,Account,ACC-0762,Ext-Acc-220002,Account,Transferred-To,0.89,Financial,2025-01-31
ACC-0038,Syn-Acc-100002,Account,PER-0352,Yuvaraj Natarajan,Person,Mobile-Account,1.0,Financial,2026-05-02
ACC-0038,Syn-Acc-100002,Account,ACC-0825,Ext-Acc-311453,Account,Transferred-To,0.76,Financial,2025-09-22
ACC-0038,Syn-Acc-100002,Account,PER-0259,Chithra Kannan,Person,Mobile-Account,1.0,Financial,2025-09-22
ACC-0038,Syn-Acc-100002,Account,PER-0153,Sathish Kumar,Person,Mobile-Account,1.0,Financial,2026-02-12
ACC-0038,Syn-Acc-100002,Account,ACC-0888,Ext-Acc-312214,Account,Transferred-To,0.81,Financial,2025-08-24
ACC-0038,Syn-Acc-100002,Account,ACC-0890,Ext-Acc-232602,Account,Transferred-To,2.4,Financial,2025-11-07
ACC-0038,Syn-Acc-100002,Account,ACC-0056,Syn-Acc-100007,Account,Transferred-To,0.78,Financial,2025-10-10
ACC-0038,Syn-Acc-100002,Account,ACC-0078,Syn-Acc-100093,Account,Transferred-To,0.9,Financial,2025-07-13
ACC-0038,Syn-Acc-100002,Account,ACC-0920,Ext-Acc-271901,Account,Transferred-To,0.78,Financial,2025-01-10
ACC-0038,Syn-Acc-100002,Account,ACC-1070,Ext-Acc-307801,Account,Mobile-Account,1.0,Financial,2025-05-08
ACC-0038,Syn-Acc-100002,Account,ACC-0067,Syn-Acc-100044,Account,Transferred-To,0.81,Financial,2025-05-06
ACC-0038,Syn-Acc-100002,Account,PER-0288,Kumaran Murugan,Person,Mobile-Account,1.0,Financial,2025-05-06
ACC-0038,Syn-Acc-100002,Account,ACC-0065,Syn-Acc-100061,Account,Transferred-To,2.03,Financial,2025-06-22
ACC-0038,Syn-Acc-100002,Account,ACC-0990,Ext-Acc-398664,Account,Transferred-To,0.85,Financial,2026-09-07
ACC-0038,Syn-Acc-100002,Account,PER-0125,Saranya Murugan,Person,Mobile-Account,1.0,Financial,2026-09-07
ACC-0038,Syn-Acc-100002,Account,PER-0075,Hariharan Raj,Person,Mobile-Account,1.0,Financial,2025-11-02
ACC-0038,Syn-Acc-100002,Account,PER-0078,Gokul Muthu,Person,Mobile-Account,1.0,Financial,2026-01-21
ACC-0038,Syn-Acc-100002,Account,ACC-0047,Syn-Acc-100084,Account,Transferred-To,8.94,Financial,2025-01-08
ACC-0038,Syn-Acc-100002,Account,ACC-1186,Ext-Acc-313428,Account,Transferred-To,0.82,Financial,2026-02-15
ACC-0038,Syn-Acc-100002,Account,PER-0264,Gayathri Raman,Person,Mobile-Account,1.0,Financial,2026-02-15
ACC-0038,Syn-Acc-100002,Account,ACC-0042,Syn-Acc-100034,Account,Transferred-To,2.77,Financial,2025-05-21
ACC-0038,Syn-Acc-100002,Account,PER-0324,Malathi Devi,Person,Mobile-Account,1.0,Financial,2025-05-21
ACC-0038,Syn-Acc-100002,Account,PER-0144,Padmini Bai,Person,Mobile-Account,1.0,Financial,2025-10-16
ACC-0038,Syn-Acc-100002,Account,ACC-1267,Ext-Acc-270614,Account,Transferred-To,0.78,Financial,2025-06-22
ACC-0038,Syn-Acc-100002,Account,ACC-0057,Syn-Acc-100041,Account,Transferred-To,2.31,Financial,2025-10-24
ACC-0038,Syn-Acc-100002,Account,ACC-0049,Syn-Acc-100065,Account,Transferred-To,0.96,Financial,2026-07-04
ACC-0038,Syn-Acc-100002,Account,PER-0045,Elango Ramasamy,Person,Mobile-Account,1.0,Financial,2025-05-05
ACC-0038,Syn-Acc-100002,Account,ACC-0080,Syn-Acc-100008,Account,Transferred-To,0.96,Financial,2026-01-15
ACC-0038,Syn-Acc-100002,Account,PER-0118,Dharani Prakash,Person,Mobile-Account,1.0,Financial,2026-01-15
ACC-0038,Syn-Acc-100002,Account,PER-0306,Dharani Selvam,Person,Mobile-Account,1.0,Financial,2025-01-13
ACC-0039,Syn-Acc-100014,Account,PER-0153,Sathish Kumar,Person,Victim-Account,1.5,FIR,28-09-2025
ACC-0039,Syn-Acc-100014,Account,ACC-0050,Syn-Acc-100086,Account,Transferred-To,1.72,Financial,2025-12-13
ACC-0039,Syn-Acc-100014,Account,ACC-0074,Syn-Acc-100091,Account,Transferred-To,1.72,Financial,2025-01-19
ACC-0039,Syn-Acc-100014,Account,ACC-0044,Syn-Acc-100012,Account,Transferred-To,7.5,Financial,2025-08-15
ACC-0039,Syn-Acc-100014,Account,PER-0250,Vasanthi Kannan,Person,Mobile-Account,1.0,Financial,2025-08-15
ACC-0039,Syn-Acc-100014,Account,ACC-0080,Syn-Acc-100008,Account,Transferred-To,0.97,Financial,2026-02-23
ACC-0039,Syn-Acc-100014,Account,ACC-1238,Ext-Acc-342909,Account,Transferred-To,0.82,Financial,2025-09-02
ACC-0039,Syn-Acc-100014,Account,PER-0008,Lokesh Karuppasamy,Person,Mobile-Account,1.0,Financial,2025-09-02
ACC-0040,Syn-Acc-100057,Account,PER-0213,Hariharan Prakash,Person,Linked-Account,2.5,FIR,02-10-2025
ACC-0040,Syn-Acc-100057,Account,PER-0001,Lavanya Ammal,Person,Victim-Account,3.0,FIR,02-10-2025
ACC-0040,Syn-Acc-100057,Account,PER-0015,Dinesh Subramani,Person,Linked-Account,2.5,FIR,20-11-2025
ACC-0040,Syn-Acc-100057,Account,ACC-0108,Ext-Acc-271511,Account,Transferred-To,0.77,Financial,2026-09-11
ACC-0040,Syn-Acc-100057,Account,ACC-0126,Ext-Acc-213833,Account,Transferred-To,0.8,Financial,2026-07-24
ACC-0040,Syn-Acc-100057,Account,PER-0282,Yuvaraj Anand,Person,Mobile-Account,2.0,Financial,2026-05-16
ACC-0040,Syn-Acc-100057,Account,ACC-0063,Syn-Acc-100088,Account,Transferred-To,1.33,Financial,2026-01-29
ACC-0040,Syn-Acc-100057,Account,PER-0289,Bhuvana Raman,Person,Mobile-Account,2.0,Financial,2025-04-17
ACC-0040,Syn-Acc-100057,Account,ACC-0176,Ext-Acc-358222,Account,Transferred-To,2.74,Financial,2025-07-05
ACC-0040,Syn-Acc-100057,Account,ACC-0066,Syn-Acc-100006,Account,Transferred-To,2.81,Financial,2025-11-11
ACC-0040,Syn-Acc-100057,Account,ACC-0217,Ext-Acc-253511,Account,Transferred-To,0.97,Financial,2026-07-04
ACC-0040,Syn-Acc-100057,Account,ACC-0231,Ext-Acc-259054,Account,Transferred-To,0.92,Financial,2025-10-23
ACC-0040,Syn-Acc-100057,Account,ACC-0047,Syn-Acc-100084,Account,Transferred-To,8.4,Financial,2025-10-26
ACC-0040,Syn-Acc-100057,Account,ACC-0285,Ext-Acc-236094,Account,Transferred-To,0.87,Financial,2026-02-09
ACC-0040,Syn-Acc-100057,Account,ACC-0302,Ext-Acc-238270,Account,Transferred-To,7.5,Financial,2026-07-11
ACC-0040,Syn-Acc-100057,Account,ACC-0348,Ext-Acc-281937,Account,Transferred-To,1.4,Financial,2025-06-30
ACC-0040,Syn-Acc-100057,Account,ACC-0054,Syn-Acc-100087,Account,Transferred-To,1.95,Financial,2025-08-31
ACC-0040,Syn-Acc-100057,Account,PER-0280,Sanjay Gopal,Person,Mobile-Account,1.0,Financial,2026-01-27
ACC-0040,Syn-Acc-100057,Account,ACC-0075,Syn-Acc-100092,Account,Transferred-To,7.5,Financial,2026-08-15
ACC-0040,Syn-Acc-100057,Account,ACC-0056,Syn-Acc-100007,Account,Transferred-To,7.5,Financial,2026-06-21
ACC-0040,Syn-Acc-100057,Account,PER-0214,Dharani Anand,Person,Mobile-Account,1.0,Financial,2025-09-13
ACC-0040,Syn-Acc-100057,Account,ACC-0051,Syn-Acc-100059,Account,Transferred-To,8.31,Financial,2025-10-08
ACC-0040,Syn-Acc-100057,Account,PER-0270,Ravi Gopal,Person,Mobile-Account,1.0,Financial,2026-02-08
ACC-0040,Syn-Acc-100057,Account,ACC-0569,Ext-Acc-367033,Account,Transferred-To,0.8,Financial,2026-09-04
ACC-0040,Syn-Acc-100057,Account,PER-0291,Mythili Murugan,Person,Mobile-Account,1.0,Financial,2026-09-04
ACC-0040,Syn-Acc-100057,Account,ACC-0573,Ext-Acc-388895,Account,Transferred-To,1.69,Financial,2025-10-02
ACC-0040,Syn-Acc-100057,Account,ACC-0082,Syn-Acc-100043,Account,Transferred-To,2.76,Financial,2026-07-16
ACC-0040,Syn-Acc-100057,Account,PER-0180,Sangeetha Sri,Person,Mobile-Account,1.0,Financial,2025-05-06
ACC-0040,Syn-Acc-100057,Account,ACC-0794,Ext-Acc-317628,Account,Transferred-To,1.95,Financial,2026-03-26
ACC-0040,Syn-Acc-100057,Account,PER-0185,Jagan Sekar,Person,Mobile-Account,1.0,Financial,2026-03-26
ACC-0040,Syn-Acc-100057,Account,ACC-0799,Ext-Acc-333031,Account,Transferred-To,0.86,Financial,2025-09-30
ACC-0040,Syn-Acc-100057,Account,PER-0121,Chandran Krishnan,Person,Mobile-Account,1.0,Financial,2025-09-30
ACC-0040,Syn-Acc-100057,Account,ACC-0077,Syn-Acc-100067,Account,Transferred-To,0.84,Financial,2026-01-18
ACC-0040,Syn-Acc-100057,Account,ACC-0838,Ext-Acc-321519,Account,Transferred-To,0.76,Financial,2026-08-02
ACC-0040,Syn-Acc-100057,Account,PER-0329,Nandha Muthu,Person,Mobile-Account,1.0,Financial,2026-08-02
ACC-0040,Syn-Acc-100057,Account,ACC-0912,Ext-Acc-219125,Account,Transferred-To,7.5,Financial,2026-01-15
ACC-0040,Syn-Acc-100057,Account,ACC-0918,Ext-Acc-278849,Account,Transferred-To,1.94,Financial,2025-09-19
ACC-0040,Syn-Acc-100057,Account,ACC-0938,Ext-Acc-399307,Account,Transferred-To,7.5,Financial,2025-06-27
ACC-0040,Syn-Acc-100057,Account,PER-0047,Uma Raj,Person,Mobile-Account,1.0,Financial,2025-06-27
ACC-0040,Syn-Acc-100057,Account,PER-0338,Madhan Rajan,Person,Mobile-Account,1.0,Financial,2026-06-21
ACC-0040,Syn-Acc-100057,Account,ACC-1033,Ext-Acc-344373,Account,Transferred-To,7.5,Financial,2025-03-28
ACC-0040,Syn-Acc-100057,Account,ACC-1048,Ext-Acc-392924,Account,Transferred-To,1.86,Financial,2025-01-02
ACC-0040,Syn-Acc-100057,Account,ACC-0081,Syn-Acc-100095,Account,Transferred-To,1.81,Financial,2025-04-26
ACC-0040,Syn-Acc-100057,Account,ACC-0049,Syn-Acc-100065,Account,Transferred-To,0.85,Financial,2025-05-06
ACC-0040,Syn-Acc-100057,Account,ACC-0045,Syn-Acc-100016,Account,Transferred-To,0.92,Financial,2025-04-26
ACC-0040,Syn-Acc-100057,Account,PER-0068,Jagan Gopal,Person,Mobile-Account,1.0,Financial,2025-04-26
ACC-0040,Syn-Acc-100057,Account,ACC-1141,Ext-Acc-366517,Account,Transferred-To,0.95,Financial,2025-05-28
ACC-0040,Syn-Acc-100057,Account,PER-0301,Venkat Pandian,Person,Mobile-Account,1.0,Financial,2025-05-28
ACC-0040,Syn-Acc-100057,Account,ACC-0043,Syn-Acc-100058,Account,Transferred-To,0.78,Financial,2026-04-15
ACC-0040,Syn-Acc-100057,Account,PER-0165,Rajesh Rajan,Person,Mobile-Account,1.0,Financial,2026-04-15
ACC-0040,Syn-Acc-100057,Account,ACC-1154,Ext-Acc-354778,Account,Transferred-To,1.22,Financial,2025-11-06
ACC-0040,Syn-Acc-100057,Account,PER-0227,Ezhilan Ramasamy,Person,Mobile-Account,1.0,Financial,2025-11-06
ACC-0040,Syn-Acc-100057,Account,ACC-1159,Ext-Acc-318135,Account,Transferred-To,0.91,Financial,2026-03-16
ACC-0040,Syn-Acc-100057,Account,PER-0027,Sanjay Raj,Person,Mobile-Account,1.0,Financial,2026-03-16
ACC-0040,Syn-Acc-100057,Account,ACC-0087,Syn-Acc-100099,Account,Transferred-To,0.77,Financial,2026-07-14
ACC-0040,Syn-Acc-100057,Account,ACC-1191,Ext-Acc-372199,Account,Transferred-To,0.88,Financial,2025-08-29
ACC-0040,Syn-Acc-100057,Account,PER-0171,Arun Selvam,Person,Mobile-Account,1.0,Financial,2025-04-19
ACC-0040,Syn-Acc-100057,Account,PER-0351,Rajesh Chandran,Person,Mobile-Account,1.0,Financial,2025-08-10
ACC-0040,Syn-Acc-100057,Account,ACC-1309,Ext-Acc-358775,Account,Transferred-To,7.5,Financial,2025-09-14
ACC-0040,Syn-Acc-100057,Account,PER-0306,Dharani Selvam,Person,Mobile-Account,1.0,Financial,2025-09-14
ACC-0040,Syn-Acc-100057,Account,PER-0051,Mohan Kumar,Person,Mobile-Account,1.0,Financial,2025-03-14
ACC-0040,Syn-Acc-100057,Account,ACC-1444,Ext-Acc-286166,Account,Transferred-To,0.85,Financial,2025-07-24
ACC-0041,Syn-Acc-100032,Account,PER-0206,Mathan Velan,Person,Linked-Account,7.5,FIR,05-10-2025
ACC-0041,Syn-Acc-100032,Account,PER-0152,Pavithra Bai,Person,Victim-Account,1.5,FIR,05-10-2025
ACC-0041,Syn-Acc-100032,Account,PER-0281,Ganesh Subramani,Person,Victim-Account,1.5,FIR,03-10-2025
ACC-0041,Syn-Acc-100032,Account,PER-0209,Kishore Murugan,Person,Victim-Account,1.5,FIR,05-02-2026
ACC-0041,Syn-Acc-100032,Account,ACC-0072,Syn-Acc-100089,Account,Transferred-To,1.63,Financial,2025-04-20
ACC-0041,Syn-Acc-100032,Account,PER-0373,Anand Muthu,Person,Mobile-Account,1.0,Financial,2025-04-20
ACC-0041,Syn-Acc-100032,Account,ACC-0374,Ext-Acc-200207,Account,Transferred-To,1.79,Financial,2025-11-19
ACC-0041,Syn-Acc-100032,Account,ACC-0493,Ext-Acc-337912,Account,Transferred-To,0.77,Financial,2026-01-10
ACC-0041,Syn-Acc-100032,Account,PER-0240,Elango Prakash,Person,Mobile-Account,1.0,Financial,2026-01-10
ACC-0041,Syn-Acc-100032,Account,PER-0311,Meena Krishnan,Person,Mobile-Account,1.0,Financial,2025-09-12
ACC-0041,Syn-Acc-100032,Account,PER-0159,Divya Murugan,Person,Mobile-Account,1.0,Financial,2025-07-26
ACC-0041,Syn-Acc-100032,Account,ACC-0063,Syn-Acc-100088,Account,Transferred-To,7.5,Financial,2025-05-21
ACC-0041,Syn-Acc-100032,Account,PER-0189,Deepak Subramani,Person,Mobile-Account,1.0,Financial,2026-03-23
ACC-0041,Syn-Acc-100032,Account,ACC-1260,Ext-Acc-207492,Account,Transferred-To,0.86,Financial,2026-02-08
ACC-0041,Syn-Acc-100032,Account,ACC-0083,Syn-Acc-100096,Account,Transferred-To,0.85,Financial,2026-07-05
ACC-0042,Syn-Acc-100034,Account,PER-0212,Rajesh Karuppasamy,Person,Linked-Account,2.5,FIR,07-10-2025
ACC-0042,Syn-Acc-100034,Account,PER-0165,Rajesh Rajan,Person,Victim-Account,1.5,FIR,07-10-2025
ACC-0042,Syn-Acc-100034,Account,PER-0228,Nandha Natarajan,Person,Mobile-Account,1.0,Financial,2025-12-07
ACC-0042,Syn-Acc-100034,Account,ACC-0158,Ext-Acc-259600,Account,Transferred-To,4.59,Financial,2025-07-09
ACC-0042,Syn-Acc-100034,Account,PER-0259,Chithra Kannan,Person,Mobile-Account,1.0,Financial,2025-04-20
ACC-0042,Syn-Acc-100034,Account,PER-0019,Madhan Palanisamy,Person,Mobile-Account,1.0,Financial,2025-03-10
ACC-0042,Syn-Acc-100034,Account,ACC-0458,Ext-Acc-290835,Account,Transferred-To,0.9,Financial,2025-03-16
ACC-0042,Syn-Acc-100034,Account,ACC-0074,Syn-Acc-100091,Account,Transferred-To,0.84,Financial,2025-08-27
ACC-0042,Syn-Acc-100034,Account,ACC-0047,Syn-Acc-100084,Account,Transferred-To,1.92,Financial,2026-06-20
ACC-0042,Syn-Acc-100034,Account,PER-0238,Nithya Murugan,Person,Mobile-Account,1.0,Financial,2026-06-20
ACC-0042,Syn-Acc-100034,Account,ACC-0948,Ext-Acc-217890,Account,Transferred-To,1.47,Financial,2026-06-03
ACC-0042,Syn-Acc-100034,Account,ACC-1103,Ext-Acc-386237,Account,Transferred-To,7.5,Financial,2026-01-28
ACC-0042,Syn-Acc-100034,Account,PER-0240,Elango Prakash,Person,Mobile-Account,1.0,Financial,2026-01-28
ACC-0042,Syn-Acc-100034,Account,PER-0113,Jagan Raman,Person,Mobile-Account,1.0,Financial,2026-08-01
ACC-0042,Syn-Acc-100034,Account,ACC-0051,Syn-Acc-100059,Account,Transferred-To,2.27,Financial,2025-11-12
ACC-0042,Syn-Acc-100034,Account,ACC-0087,Syn-Acc-100099,Account,Transferred-To,0.77,Financial,2025-09-16
ACC-0042,Syn-Acc-100034,Account,PER-0157,Ganesh Natarajan,Person,Mobile-Account,1.0,Financial,2025-08-01
ACC-0042,Syn-Acc-100034,Account,ACC-0082,Syn-Acc-100043,Account,Transferred-To,2.53,Financial,2025-04-09
ACC-0043,Syn-Acc-100058,Account,PER-0213,Hariharan Prakash,Person,Linked-Account,2.5,FIR,05-10-2025
ACC-0043,Syn-Acc-100058,Account,PER-0283,Nandhini Selvi,Person,Victim-Account,1.5,FIR,05-10-2025
ACC-0043,Syn-Acc-100058,Account,ACC-0288,Ext-Acc-238745,Account,Transferred-To,0.93,Financial,2025-05-28
ACC-0043,Syn-Acc-100058,Account,ACC-0480,Ext-Acc-332154,Account,Transferred-To,0.83,Financial,2025-03-08
ACC-0043,Syn-Acc-100058,Account,PER-0048,Murugan Sundaram,Person,Mobile-Account,1.0,Financial,2025-03-08
ACC-0043,Syn-Acc-100058,Account,ACC-0519,Ext-Acc-352870,Account,Transferred-To,2.15,Financial,2025-01-19
ACC-0043,Syn-Acc-100058,Account,ACC-0646,Ext-Acc-340543,Account,Transferred-To,2.32,Financial,2025-04-06
ACC-0043,Syn-Acc-100058,Account,ACC-0086,Syn-Acc-100098,Account,Transferred-To,0.87,Financial,2025-10-30
ACC-0043,Syn-Acc-100058,Account,PER-0378,Senthil Raman,Person,Mobile-Account,1.0,Financial,2026-04-11
ACC-0043,Syn-Acc-100058,Account,ACC-0087,Syn-Acc-100099,Account,Transferred-To,0.85,Financial,2025-09-20
ACC-0043,Syn-Acc-100058,Account,ACC-1224,Ext-Acc-261334,Account,Transferred-To,2.98,Financial,2026-04-24
ACC-0043,Syn-Acc-100058,Account,ACC-1423,Ext-Acc-298394,Account,Transferred-To,1.88,Financial,2026-06-30
ACC-0044,Syn-Acc-100012,Account,PER-0175,Sathish Sundaram,Person,Linked-Account,2.5,FIR,12-10-2025
ACC-0044,Syn-Acc-100012,Account,PER-0222,Anand Chandran,Person,Victim-Account,1.5,FIR,12-10-2025
ACC-0044,Syn-Acc-100012,Account,ACC-0056,Syn-Acc-100007,Account,Transferred-To,7.5,Financial,2025-11-24
ACC-0044,Syn-Acc-100012,Account,ACC-0162,Ext-Acc-286363,Account,Transferred-To,0.88,Financial,2025-11-28
ACC-0044,Syn-Acc-100012,Account,ACC-0239,Ext-Acc-245656,Account,Transferred-To,0.87,Financial,2026-07-15
ACC-0044,Syn-Acc-100012,Account,ACC-0340,Ext-Acc-373922,Account,Transferred-To,2.19,Financial,2026-01-10
ACC-0044,Syn-Acc-100012,Account,PER-0198,Mohan Sekar,Person,Mobile-Account,1.0,Financial,2026-01-10
ACC-0044,Syn-Acc-100012,Account,ACC-0072,Syn-Acc-100089,Account,Transferred-To,0.94,Financial,2026-04-14
ACC-0044,Syn-Acc-100012,Account,PER-0331,Sanjay Velan,Person,Mobile-Account,1.0,Financial,2026-04-14
ACC-0044,Syn-Acc-100012,Account,ACC-0079,Syn-Acc-100094,Account,Transferred-To,0.93,Financial,2025-07-13
ACC-0044,Syn-Acc-100012,Account,ACC-0913,Ext-Acc-269414,Account,Transferred-To,0.81,Financial,2025-08-03
ACC-0044,Syn-Acc-100012,Account,ACC-0068,Syn-Acc-100066,Account,Transferred-To,1.32,Financial,2025-03-27
ACC-0044,Syn-Acc-100012,Account,PER-0236,Durga Sekar,Person,Mobile-Account,1.0,Financial,2025-03-27
ACC-0044,Syn-Acc-100012,Account,ACC-0065,Syn-Acc-100061,Account,Transferred-To,0.97,Financial,2026-03-26
ACC-0044,Syn-Acc-100012,Account,PER-0138,Abirami Kannan,Person,Mobile-Account,1.0,Financial,2026-03-26
ACC-0045,Syn-Acc-100016,Account,PER-0076,Hariharan Babu,Person,Linked-Account,5.0,FIR,07-11-2025
ACC-0045,Syn-Acc-100016,Account,PER-0302,Buvaneswari Murugan,Person,Victim-Account,1.5,FIR,07-11-2025
ACC-0045,Syn-Acc-100016,Account,PER-0104,Padmini Sri,Person,Victim-Account,1.5,FIR,10-11-2025
ACC-0045,Syn-Acc-100016,Account,PER-0179,Jagan Arumugam,Person,Mobile-Account,1.0,Financial,2025-01-16
ACC-0045,Syn-Acc-100016,Account,ACC-0122,Ext-Acc-345870,Account,Transferred-To,0.92,Financial,2025-01-25
ACC-0045,Syn-Acc-100016,Account,PER-0331,Sanjay Velan,Person,Mobile-Account,1.0,Financial,2025-01-25
ACC-0045,Syn-Acc-100016,Account,ACC-0064,Syn-Acc-100068,Account,Transferred-To,7.5,Financial,2025-07-31
ACC-0045,Syn-Acc-100016,Account,ACC-0066,Syn-Acc-100006,Account,Transferred-To,8.39,Financial,2026-06-13
ACC-0045,Syn-Acc-100016,Account,PER-0120,Vidhya Devi,Person,Mobile-Account,1.0,Financial,2026-06-13
ACC-0045,Syn-Acc-100016,Account,PER-0150,Pavithra Kannan,Person,Mobile-Account,1.0,Financial,2026-06-27
ACC-0045,Syn-Acc-100016,Account,ACC-0268,Ext-Acc-293502,Account,Transferred-To,7.5,Financial,2025-07-30
ACC-0045,Syn-Acc-100016,Account,ACC-0051,Syn-Acc-100059,Account,Transferred-To,10.64,Financial,2025-06-19
ACC-0045,Syn-Acc-100016,Account,PER-0333,Kishore Chandran,Person,Mobile-Account,1.0,Financial,2025-06-19
ACC-0045,Syn-Acc-100016,Account,PER-0247,Elango Shankar,Person,Mobile-Account,1.0,Financial,2025-10-20
ACC-0045,Syn-Acc-100016,Account,ACC-0069,Syn-Acc-100049,Account,Transferred-To,3.8,Financial,2026-03-07
ACC-0045,Syn-Acc-100016,Account,ACC-0385,Ext-Acc-314378,Account,Transferred-To,7.5,Financial,2026-04-04
ACC-0045,Syn-Acc-100016,Account,PER-0083,Babu Selvam,Person,Mobile-Account,1.0,Financial,2026-04-04
ACC-0045,Syn-Acc-100016,Account,ACC-0408,Ext-Acc-222273,Account,Transferred-To,0.89,Financial,2025-06-18
ACC-0045,Syn-Acc-100016,Account,ACC-0438,Ext-Acc-339720,Account,Transferred-To,0.87,Financial,2026-07-10
ACC-0045,Syn-Acc-100016,Account,PER-0096,Udhay Shankar,Person,Mobile-Account,2.0,Financial,2026-07-10
ACC-0045,Syn-Acc-100016,Account,ACC-0072,Syn-Acc-100089,Account,Transferred-To,1.83,Financial,2025-01-15
ACC-0045,Syn-Acc-100016,Account,PER-0182,Saravanan Sundaram,Person,Mobile-Account,1.0,Financial,2025-01-15
ACC-0045,Syn-Acc-100016,Account,PER-0140,Sangeetha Bai,Person,Mobile-Account,1.0,Financial,2025-01-22
ACC-0045,Syn-Acc-100016,Account,PER-0116,Latha Sekar,Person,Mobile-Account,1.0,Financial,2026-08-06
ACC-0045,Syn-Acc-100016,Account,PER-0027,Sanjay Raj,Person,Mobile-Account,1.0,Financial,2025-11-19
ACC-0045,Syn-Acc-100016,Account,ACC-0789,Ext-Acc-243747,Account,Transferred-To,7.5,Financial,2025-03-20
ACC-0045,Syn-Acc-100016,Account,ACC-0790,Ext-Acc-273463,Account,Transferred-To,1.27,Financial,2025-03-12
ACC-0045,Syn-Acc-100016,Account,ACC-0812,Ext-Acc-291097,Account,Transferred-To,1.4,Financial,2025-11-03
ACC-0045,Syn-Acc-100016,Account,ACC-0836,Ext-Acc-384651,Account,Transferred-To,7.5,Financial,2026-07-24
ACC-0045,Syn-Acc-100016,Account,PER-0086,Prakash Chandran,Person,Mobile-Account,1.0,Financial,2026-07-24
ACC-0045,Syn-Acc-100016,Account,PER-0254,Tamilarasan Selvam,Person,Mobile-Account,1.0,Financial,2025-09-20
ACC-0045,Syn-Acc-100016,Account,ACC-0055,Syn-Acc-100045,Account,Transferred-To,1.97,Financial,2025-10-20
ACC-0045,Syn-Acc-100016,Account,ACC-0881,Ext-Acc-322010,Account,Transferred-To,1.74,Financial,2025-03-01
ACC-0045,Syn-Acc-100016,Account,ACC-0078,Syn-Acc-100093,Account,Transferred-To,3.02,Financial,2025-05-07
ACC-0045,Syn-Acc-100016,Account,ACC-0950,Ext-Acc-256344,Account,Transferred-To,0.93,Financial,2026-03-10
ACC-0045,Syn-Acc-100016,Account,PER-0151,Dharani Gopal,Person,Mobile-Account,1.0,Financial,2026-01-10
ACC-0045,Syn-Acc-100016,Account,PER-0114,Elango Selvam,Person,Mobile-Account,1.0,Financial,2026-02-24
ACC-0045,Syn-Acc-100016,Account,ACC-0087,Syn-Acc-100099,Account,Transferred-To,2.96,Financial,2025-12-07
ACC-0045,Syn-Acc-100016,Account,PER-0268,Jeeva Rajan,Person,Mobile-Account,1.0,Financial,2025-12-07
ACC-0045,Syn-Acc-100016,Account,PER-0262,Praveen Anand,Person,Mobile-Account,1.0,Financial,2025-09-11
ACC-0045,Syn-Acc-100016,Account,ACC-0082,Syn-Acc-100043,Account,Transferred-To,1.31,Financial,2026-08-10
ACC-0045,Syn-Acc-100016,Account,ACC-1109,Ext-Acc-392548,Account,Transferred-To,7.5,Financial,2026-05-05
ACC-0045,Syn-Acc-100016,Account,ACC-1130,Ext-Acc-355328,Account,Transferred-To,0.94,Financial,2026-08-09
ACC-0045,Syn-Acc-100016,Account,PER-0278,Lavanya Raj,Person,Mobile-Account,1.0,Financial,2026-08-09
ACC-0045,Syn-Acc-100016,Account,ACC-1153,Ext-Acc-270679,Account,Transferred-To,0.84,Financial,2025-09-11
ACC-0045,Syn-Acc-100016,Account,ACC-1155,Ext-Acc-229771,Account,Transferred-To,7.5,Financial,2025-10-27
ACC-0045,Syn-Acc-100016,Account,ACC-1198,Ext-Acc-254214,Account,Transferred-To,7.5,Financial,2025-04-09
ACC-0045,Syn-Acc-100016,Account,ACC-0080,Syn-Acc-100008,Account,Transferred-To,1.42,Financial,2025-10-26
ACC-0045,Syn-Acc-100016,Account,ACC-1343,Ext-Acc-399187,Account,Transferred-To,0.96,Financial,2026-02-06
ACC-0045,Syn-Acc-100016,Account,PER-0270,Ravi Gopal,Person,Mobile-Account,1.0,Financial,2026-02-06
ACC-0045,Syn-Acc-100016,Account,ACC-0071,Syn-Acc-100090,Account,Transferred-To,0.91,Financial,2026-04-18
ACC-0045,Syn-Acc-100016,Account,ACC-0049,Syn-Acc-100065,Account,Transferred-To,5.72,Financial,2025-04-01
ACC-0045,Syn-Acc-100016,Account,PER-0194,Rakesh Gopal,Person,Mobile-Account,1.0,Financial,2025-10-13
ACC-0045,Syn-Acc-100016,Account,ACC-1419,Ext-Acc-213537,Account,Transferred-To,0.84,Financial,2025-09-22
ACC-0045,Syn-Acc-100016,Account,ACC-1459,Ext-Acc-249831,Account,Transferred-To,1.07,Financial,2025-02-26
ACC-0046,Syn-Acc-100083,Account,PER-0010,Vasanth Gopal,Person,Linked-Account,2.5,FIR,12-11-2025
ACC-0046,Syn-Acc-100083,Account,PER-0283,Nandhini Selvi,Person,Victim-Account,1.5,FIR,12-11-2025
ACC-0046,Syn-Acc-100083,Account,PER-0284,Kishore Arumugam,Person,Mobile-Account,1.0,Financial,2025-04-12
ACC-0046,Syn-Acc-100083,Account,PER-0233,Sanjay Prakash,Person,Mobile-Account,1.0,Financial,2025-05-23
ACC-0046,Syn-Acc-100083,Account,PER-0210,Harish Mani,Person,Mobile-Account,1.0,Financial,2026-05-30
ACC-0046,Syn-Acc-100083,Account,PER-0040,Deepa Selvam,Person,Mobile-Account,1.0,Financial,2026-05-14
ACC-0046,Syn-Acc-100083,Account,ACC-1363,Ext-Acc-210082,Account,Transferred-To,0.96,Financial,2025-03-18
ACC-0046,Syn-Acc-100083,Account,ACC-0053,Syn-Acc-100020,Account,Transferred-To,2.78,Financial,2025-12-29
ACC-0047,Syn-Acc-100084,Account,PER-0309,Sathish Ramasamy,Person,Linked-Account,2.5,FIR,19-11-2025
ACC-0047,Syn-Acc-100084,Account,PER-0285,Saravanan Gopal,Person,Victim-Account,1.5,FIR,19-11-2025
ACC-0047,Syn-Acc-100084,Account,PER-0212,Rajesh Karuppasamy,Person,Linked-Account,2.5,FIR,21-03-2026
ACC-0047,Syn-Acc-100084,Account,PER-0081,Dinesh Nathan,Person,Victim-Account,1.5,FIR,21-03-2026
ACC-0047,Syn-Acc-100084,Account,PER-0320,Kavitha Devi,Person,Mobile-Account,1.0,Financial,2025-02-25
ACC-0047,Syn-Acc-100084,Account,ACC-0077,Syn-Acc-100067,Account,Transferred-To,0.89,Financial,2025-04-28
ACC-0047,Syn-Acc-100084,Account,PER-0218,Arun Mani,Person,Mobile-Account,1.0,Financial,2025-04-28
ACC-0047,Syn-Acc-100084,Account,ACC-0130,Ext-Acc-340135,Account,Transferred-To,0.89,Financial,2025-11-27
ACC-0047,Syn-Acc-100084,Account,PER-0186,Gopal Muthu,Person,Mobile-Account,1.0,Financial,2025-11-27
ACC-0047,Syn-Acc-100084,Account,PER-0251,Kishore Velan,Person,Mobile-Account,1.0,Financial,2025-01-07
ACC-0047,Syn-Acc-100084,Account,ACC-0087,Syn-Acc-100099,Account,Transferred-To,2.92,Financial,2026-04-16
ACC-0047,Syn-Acc-100084,Account,ACC-0056,Syn-Acc-100007,Account,Transferred-To,2.62,Financial,2025-06-02
ACC-0047,Syn-Acc-100084,Account,PER-0117,Tamilarasan Muthu,Person,Mobile-Account,1.0,Financial,2025-06-02
ACC-0047,Syn-Acc-100084,Account,PER-0040,Deepa Selvam,Person,Mobile-Account,1.0,Financial,2025-11-12
ACC-0047,Syn-Acc-100084,Account,ACC-0230,Ext-Acc-239226,Account,Transferred-To,0.89,Financial,2026-08-10
ACC-0047,Syn-Acc-100084,Account,PER-0054,Vasanth Chandran,Person,Mobile-Account,1.0,Financial,2025-10-26
ACC-0047,Syn-Acc-100084,Account,ACC-0266,Ext-Acc-241688,Account,Transferred-To,0.95,Financial,2025-05-01
ACC-0047,Syn-Acc-100084,Account,ACC-0296,Ext-Acc-252873,Account,Transferred-To,0.76,Financial,2025-05-12
ACC-0047,Syn-Acc-100084,Account,PER-0312,Deepa Devi,Person,Mobile-Account,1.0,Financial,2026-09-11
ACC-0047,Syn-Acc-100084,Account,ACC-0359,Ext-Acc-302844,Account,Transferred-To,7.5,Financial,2026-03-07
ACC-0047,Syn-Acc-100084,Account,PER-0307,Deviga Krishnan,Person,Mobile-Account,1.0,Financial,2026-03-07
ACC-0047,Syn-Acc-100084,Account,ACC-0444,Ext-Acc-339357,Account,Transferred-To,0.97,Financial,2025-02-20
ACC-0047,Syn-Acc-100084,Account,PER-0199,Sudha Rani,Person,Mobile-Account,1.0,Financial,2025-02-20
ACC-0047,Syn-Acc-100084,Account,ACC-0453,Ext-Acc-284817,Account,Transferred-To,0.82,Financial,2025-05-12
ACC-0047,Syn-Acc-100084,Account,ACC-0507,Ext-Acc-386626,Account,Transferred-To,2.68,Financial,2025-02-20
ACC-0047,Syn-Acc-100084,Account,PER-0058,Revathi Ammal,Person,Mobile-Account,1.0,Financial,2025-02-20
ACC-0047,Syn-Acc-100084,Account,ACC-0520,Ext-Acc-309172,Account,Transferred-To,0.77,Financial,2025-11-16
ACC-0047,Syn-Acc-100084,Account,PER-0096,Udhay Shankar,Person,Mobile-Account,1.0,Financial,2025-11-16
ACC-0047,Syn-Acc-100084,Account,PER-0333,Kishore Chandran,Person,Mobile-Account,1.0,Financial,2026-07-18
ACC-0047,Syn-Acc-100084,Account,PER-0179,Jagan Arumugam,Person,Mobile-Account,2.0,Financial,2026-04-25
ACC-0047,Syn-Acc-100084,Account,ACC-0585,Ext-Acc-372371,Account,Transferred-To,0.89,Financial,2025-01-31
ACC-0047,Syn-Acc-100084,Account,PER-0183,Venkat Palanisamy,Person,Mobile-Account,1.0,Financial,2025-01-31
ACC-0047,Syn-Acc-100084,Account,ACC-0069,Syn-Acc-100049,Account,Transferred-To,1.84,Financial,2025-07-02
ACC-0047,Syn-Acc-100084,Account,ACC-0598,Ext-Acc-231784,Account,Transferred-To,0.93,Financial,2025-10-21
ACC-0047,Syn-Acc-100084,Account,ACC-0070,Syn-Acc-100062,Account,Transferred-To,0.91,Financial,2026-05-27
ACC-0047,Syn-Acc-100084,Account,ACC-0678,Ext-Acc-330115,Account,Transferred-To,1.47,Financial,2025-07-10
ACC-0047,Syn-Acc-100084,Account,PER-0385,Praveen Muthu,Person,Mobile-Account,1.0,Financial,2025-07-10
ACC-0047,Syn-Acc-100084,Account,ACC-0684,Ext-Acc-298758,Account,Transferred-To,0.89,Financial,2026-08-10
ACC-0047,Syn-Acc-100084,Account,ACC-0731,Ext-Acc-317261,Account,Transferred-To,6.88,Financial,2025-06-19
ACC-0047,Syn-Acc-100084,Account,ACC-0770,Ext-Acc-274873,Account,Transferred-To,7.5,Financial,2026-08-01
ACC-0047,Syn-Acc-100084,Account,ACC-0052,Syn-Acc-100021,Account,Transferred-To,2.85,Financial,2026-05-16
ACC-0047,Syn-Acc-100084,Account,PER-0330,Indhu Sri,Person,Mobile-Account,1.0,Financial,2026-05-16
ACC-0047,Syn-Acc-100084,Account,ACC-0857,Ext-Acc-205750,Account,Transferred-To,2.91,Financial,2025-12-12
ACC-0047,Syn-Acc-100084,Account,ACC-0863,Ext-Acc-342488,Account,Transferred-To,2.35,Financial,2025-05-30
ACC-0047,Syn-Acc-100084,Account,PER-0168,Mohan Gopal,Person,Mobile-Account,1.0,Financial,2025-05-30
ACC-0047,Syn-Acc-100084,Account,ACC-0878,Ext-Acc-247785,Account,Transferred-To,0.91,Financial,2025-02-08
ACC-0047,Syn-Acc-100084,Account,ACC-0891,Ext-Acc-364469,Account,Transferred-To,0.81,Financial,2025-07-02
ACC-0047,Syn-Acc-100084,Account,PER-0314,Gopal Natarajan,Person,Mobile-Account,1.0,Financial,2025-07-02
ACC-0047,Syn-Acc-100084,Account,ACC-0914,Ext-Acc-302247,Account,Transferred-To,2.49,Financial,2026-03-05
ACC-0047,Syn-Acc-100084,Account,PER-0225,Lakshmi Krishnan,Person,Mobile-Account,1.0,Financial,2026-03-05
ACC-0047,Syn-Acc-100084,Account,ACC-0944,Ext-Acc-304555,Account,Transferred-To,7.5,Financial,2026-01-28
ACC-0047,Syn-Acc-100084,Account,ACC-1003,Ext-Acc-372356,Account,Transferred-To,2.03,Financial,2025-09-02
ACC-0047,Syn-Acc-100084,Account,PER-0299,Hemanth Raj,Person,Mobile-Account,1.0,Financial,2025-09-02
ACC-0047,Syn-Acc-100084,Account,ACC-1064,Ext-Acc-287030,Account,Transferred-To,0.83,Financial,2026-09-01
ACC-0047,Syn-Acc-100084,Account,ACC-1068,Ext-Acc-335133,Account,Transferred-To,0.8,Financial,2025-03-06
ACC-0047,Syn-Acc-100084,Account,PER-0106,Elango Krishnan,Person,Mobile-Account,1.0,Financial,2025-03-06
ACC-0047,Syn-Acc-100084,Account,ACC-1097,Ext-Acc-247798,Account,Transferred-To,0.96,Financial,2026-06-20
ACC-0047,Syn-Acc-100084,Account,PER-0090,Anand Natarajan,Person,Mobile-Account,1.0,Financial,2025-01-08
ACC-0047,Syn-Acc-100084,Account,ACC-1138,Ext-Acc-298099,Account,Transferred-To,0.85,Financial,2025-04-27
ACC-0047,Syn-Acc-100084,Account,ACC-0060,Syn-Acc-100040,Account,Transferred-To,0.97,Financial,2026-03-22
ACC-0047,Syn-Acc-100084,Account,PER-0232,Yogesh Raman,Person,Mobile-Account,1.0,Financial,2025-01-07
ACC-0047,Syn-Acc-100084,Account,ACC-0051,Syn-Acc-100059,Account,Transferred-To,0.76,Financial,2025-01-20
ACC-0047,Syn-Acc-100084,Account,PER-0291,Mythili Murugan,Person,Mobile-Account,1.0,Financial,2025-01-20
ACC-0047,Syn-Acc-100084,Account,ACC-1248,Ext-Acc-345678,Account,Transferred-To,0.8,Financial,2025-05-11
ACC-0047,Syn-Acc-100084,Account,PER-0074,Padmini Raj,Person,Mobile-Account,1.0,Financial,2025-05-11
ACC-0047,Syn-Acc-100084,Account,ACC-1259,Ext-Acc-382350,Account,Transferred-To,0.89,Financial,2026-04-04
ACC-0047,Syn-Acc-100084,Account,ACC-0076,Syn-Acc-100050,Account,Transferred-To,0.97,Financial,2025-11-15
ACC-0047,Syn-Acc-100084,Account,PER-0342,Manoj Sekar,Person,Mobile-Account,1.0,Financial,2025-11-15
ACC-0047,Syn-Acc-100084,Account,ACC-0053,Syn-Acc-100020,Account,Transferred-To,0.87,Financial,2026-02-18
ACC-0047,Syn-Acc-100084,Account,PER-0188,Meena Bai,Person,Mobile-Account,1.0,Financial,2026-07-03
ACC-0047,Syn-Acc-100084,Account,ACC-1398,Ext-Acc-349554,Account,Transferred-To,7.5,Financial,2025-07-22
ACC-0047,Syn-Acc-100084,Account,ACC-1404,Ext-Acc-229264,Account,Transferred-To,7.5,Financial,2025-01-20
ACC-0047,Syn-Acc-100084,Account,ACC-1405,Ext-Acc-287508,Account,Transferred-To,2.72,Financial,2025-07-06
ACC-0047,Syn-Acc-100084,Account,ACC-1412,Ext-Acc-218258,Account,Transferred-To,7.4,Financial,2025-11-01
ACC-0047,Syn-Acc-100084,Account,ACC-1450,Ext-Acc-392573,Account,Transferred-To,0.86,Financial,2026-08-22
ACC-0047,Syn-Acc-100084,Account,PER-0205,Ajith Sekar,Person,Mobile-Account,1.0,Financial,2026-08-22
ACC-0048,Syn-Acc-100085,Account,PER-0310,Mathan Balan,Person,Linked-Account,2.5,FIR,22-11-2025
ACC-0048,Syn-Acc-100085,Account,PER-0054,Vasanth Chandran,Person,Victim-Account,1.5,FIR,22-11-2025
ACC-0048,Syn-Acc-100085,Account,ACC-0345,Ext-Acc-227321,Account,Transferred-To,0.91,Financial,2026-08-02
ACC-0048,Syn-Acc-100085,Account,ACC-0352,Ext-Acc-250789,Account,Transferred-To,0.83,Financial,2026-05-13
ACC-0048,Syn-Acc-100085,Account,PER-0373,Anand Muthu,Person,Mobile-Account,1.0,Financial,2026-08-22
ACC-0048,Syn-Acc-100085,Account,ACC-0380,Ext-Acc-361000,Account,Transferred-To,7.5,Financial,2026-04-25
ACC-0048,Syn-Acc-100085,Account,ACC-0390,Ext-Acc-269798,Account,Transferred-To,0.89,Financial,2025-01-10
ACC-0048,Syn-Acc-100085,Account,PER-0117,Tamilarasan Muthu,Person,Mobile-Account,1.0,Financial,2025-07-11
ACC-0048,Syn-Acc-100085,Account,ACC-0051,Syn-Acc-100059,Account,Transferred-To,7.5,Financial,2026-09-12
ACC-0048,Syn-Acc-100085,Account,PER-0255,Kalaiselvi Devi,Person,Mobile-Account,1.0,Financial,2026-09-12
ACC-0048,Syn-Acc-100085,Account,ACC-0967,Ext-Acc-324458,Account,Transferred-To,0.87,Financial,2025-09-24
ACC-0048,Syn-Acc-100085,Account,PER-0315,Chithra Raman,Person,Mobile-Account,1.0,Financial,2025-09-24
ACC-0049,Syn-Acc-100065,Account,PER-0085,Madhan Murugan,Person,Linked-Account,2.5,FIR,22-12-2025
ACC-0049,Syn-Acc-100065,Account,PER-0324,Malathi Devi,Person,Victim-Account,1.5,FIR,22-12-2025
ACC-0049,Syn-Acc-100065,Account,PER-0192,Dinesh Raj,Person,Mobile-Account,1.0,Financial,2025-03-14
ACC-0049,Syn-Acc-100065,Account,ACC-0087,Syn-Acc-100099,Account,Transferred-To,11.06,Financial,2026-04-25
ACC-0049,Syn-Acc-100065,Account,PER-0019,Madhan Palanisamy,Person,Mobile-Account,1.0,Financial,2026-04-25
ACC-0049,Syn-Acc-100065,Account,ACC-0053,Syn-Acc-100020,Account,Transferred-To,0.91,Financial,2025-11-18
ACC-0049,Syn-Acc-100065,Account,PER-0141,Senthil Krishnan,Person,Mobile-Account,1.0,Financial,2025-11-18
ACC-0049,Syn-Acc-100065,Account,ACC-0259,Ext-Acc-397079,Account,Transferred-To,0.79,Financial,2025-05-08
ACC-0049,Syn-Acc-100065,Account,ACC-0086,Syn-Acc-100098,Account,Transferred-To,7.5,Financial,2025-06-28
ACC-0049,Syn-Acc-100065,Account,ACC-0334,Ext-Acc-367699,Account,Transferred-To,2.01,Financial,2025-03-14
ACC-0049,Syn-Acc-100065,Account,PER-0279,Rakesh Muthu,Person,Mobile-Account,1.0,Financial,2025-03-14
ACC-0049,Syn-Acc-100065,Account,ACC-0066,Syn-Acc-100006,Account,Transferred-To,1.72,Financial,2025-06-05
ACC-0049,Syn-Acc-100065,Account,PER-0251,Kishore Velan,Person,Mobile-Account,1.0,Financial,2025-06-05
ACC-0049,Syn-Acc-100065,Account,PER-0357,Vijay Raman,Person,Mobile-Account,1.0,Financial,2025-08-25
ACC-0049,Syn-Acc-100065,Account,ACC-0080,Syn-Acc-100008,Account,Transferred-To,0.95,Financial,2025-02-07
ACC-0049,Syn-Acc-100065,Account,PER-0329,Nandha Muthu,Person,Mobile-Account,1.0,Financial,2026-04-01
ACC-0049,Syn-Acc-100065,Account,ACC-0502,Ext-Acc-225805,Account,Transferred-To,0.88,Financial,2025-01-19
ACC-0049,Syn-Acc-100065,Account,ACC-0527,Ext-Acc-213473,Account,Transferred-To,0.95,Financial,2025-06-06
ACC-0049,Syn-Acc-100065,Account,ACC-0072,Syn-Acc-100089,Account,Transferred-To,0.91,Financial,2025-12-16
ACC-0049,Syn-Acc-100065,Account,ACC-0633,Ext-Acc-384984,Account,Transferred-To,0.78,Financial,2025-07-06
ACC-0049,Syn-Acc-100065,Account,ACC-0638,Ext-Acc-290169,Account,Transferred-To,0.87,Financial,2025-01-10
ACC-0049,Syn-Acc-100065,Account,PER-0376,Harish Pandian,Person,Mobile-Account,1.0,Financial,2026-06-27
ACC-0049,Syn-Acc-100065,Account,ACC-0668,Ext-Acc-334670,Account,Transferred-To,0.76,Financial,2025-12-29
ACC-0049,Syn-Acc-100065,Account,ACC-0078,Syn-Acc-100093,Account,Transferred-To,2.08,Financial,2025-09-11
ACC-0049,Syn-Acc-100065,Account,PER-0035,Nandhini Sekar,Person,Mobile-Account,1.0,Financial,2025-12-08
ACC-0049,Syn-Acc-100065,Account,ACC-0750,Ext-Acc-227946,Account,Transferred-To,0.93,Financial,2026-04-19
ACC-0049,Syn-Acc-100065,Account,ACC-0752,Ext-Acc-239795,Account,Transferred-To,2.22,Financial,2025-11-27
ACC-0049,Syn-Acc-100065,Account,ACC-0052,Syn-Acc-100021,Account,Transferred-To,2.12,Financial,2025-04-20
ACC-0049,Syn-Acc-100065,Account,ACC-0070,Syn-Acc-100062,Account,Transferred-To,2.57,Financial,2025-06-16
ACC-0049,Syn-Acc-100065,Account,PER-0105,Yogesh Arumugam,Person,Mobile-Account,1.0,Financial,2025-06-16
ACC-0049,Syn-Acc-100065,Account,ACC-0082,Syn-Acc-100043,Account,Transferred-To,0.9,Financial,2026-06-01
ACC-0049,Syn-Acc-100065,Account,PER-0048,Murugan Sundaram,Person,Mobile-Account,1.0,Financial,2026-06-01
ACC-0049,Syn-Acc-100065,Account,ACC-0981,Ext-Acc-347603,Account,Transferred-To,0.79,Financial,2026-03-20
ACC-0049,Syn-Acc-100065,Account,PER-0400,Hemanth Krishnan,Person,Mobile-Account,1.0,Financial,2026-03-20
ACC-0049,Syn-Acc-100065,Account,ACC-1044,Ext-Acc-363077,Account,Transferred-To,0.87,Financial,2025-12-16
ACC-0049,Syn-Acc-100065,Account,PER-0037,Elango Balan,Person,Mobile-Account,1.0,Financial,2025-12-16
ACC-0049,Syn-Acc-100065,Account,PER-0240,Elango Prakash,Person,Mobile-Account,1.0,Financial,2025-12-22
ACC-0049,Syn-Acc-100065,Account,PER-0199,Sudha Rani,Person,Mobile-Account,1.0,Financial,2025-05-06
ACC-0049,Syn-Acc-100065,Account,ACC-0083,Syn-Acc-100096,Account,Transferred-To,0.83,Financial,2025-09-10
ACC-0049,Syn-Acc-100065,Account,ACC-1167,Ext-Acc-230377,Account,Transferred-To,0.79,Financial,2026-07-20
ACC-0049,Syn-Acc-100065,Account,ACC-1169,Ext-Acc-345387,Account,Transferred-To,6.19,Financial,2026-01-26
ACC-0049,Syn-Acc-100065,Account,PER-0356,Senthil Natarajan,Person,Mobile-Account,1.0,Financial,2026-01-26
ACC-0049,Syn-Acc-100065,Account,ACC-1197,Ext-Acc-362188,Account,Transferred-To,0.76,Financial,2025-05-22
ACC-0049,Syn-Acc-100065,Account,PER-0247,Elango Shankar,Person,Mobile-Account,1.0,Financial,2025-05-22
ACC-0049,Syn-Acc-100065,Account,ACC-1220,Ext-Acc-227456,Account,Transferred-To,2.46,Financial,2025-03-27
ACC-0049,Syn-Acc-100065,Account,PER-0332,Vasanthi Ammal,Person,Mobile-Account,1.0,Financial,2026-01-12
ACC-0049,Syn-Acc-100065,Account,ACC-1314,Ext-Acc-379295,Account,Transferred-To,0.84,Financial,2025-03-12
ACC-0049,Syn-Acc-100065,Account,PER-0294,Chithra Ammal,Person,Mobile-Account,1.0,Financial,2025-03-12
ACC-0049,Syn-Acc-100065,Account,ACC-0076,Syn-Acc-100050,Account,Transferred-To,0.89,Financial,2025-10-18
ACC-0049,Syn-Acc-100065,Account,PER-0182,Saravanan Sundaram,Person,Mobile-Account,1.0,Financial,2025-10-18
ACC-0049,Syn-Acc-100065,Account,PER-0058,Revathi Ammal,Person,Mobile-Account,1.0,Financial,2025-06-06
ACC-0049,Syn-Acc-100065,Account,ACC-0057,Syn-Acc-100041,Account,Transferred-To,0.96,Financial,2026-02-28
ACC-0049,Syn-Acc-100065,Account,ACC-1368,Ext-Acc-247250,Account,Transferred-To,0.77,Financial,2025-10-26
ACC-0049,Syn-Acc-100065,Account,PER-0177,Inban Balan,Person,Mobile-Account,1.0,Financial,2026-07-04
ACC-0050,Syn-Acc-100086,Account,PER-0010,Vasanth Gopal,Person,Linked-Account,2.5,FIR,03-01-2026
ACC-0050,Syn-Acc-100086,Account,PER-0251,Kishore Velan,Person,Victim-Account,1.5,FIR,03-01-2026
ACC-0050,Syn-Acc-100086,Account,ACC-0386,Ext-Acc-317796,Account,Transferred-To,2.61,Financial,2026-09-05
ACC-0050,Syn-Acc-100086,Account,PER-0105,Yogesh Arumugam,Person,Mobile-Account,1.0,Financial,2025-12-13
ACC-0050,Syn-Acc-100086,Account,ACC-0734,Ext-Acc-399844,Account,Transferred-To,2.52,Financial,2025-11-10
ACC-0050,Syn-Acc-100086,Account,ACC-0821,Ext-Acc-348492,Account,Transferred-To,0.83,Financial,2025-04-27
ACC-0050,Syn-Acc-100086,Account,PER-0083,Babu Selvam,Person,Mobile-Account,1.0,Financial,2025-01-30
ACC-0050,Syn-Acc-100086,Account,PER-0232,Yogesh Raman,Person,Mobile-Account,1.0,Financial,2026-04-01
ACC-0050,Syn-Acc-100086,Account,ACC-1240,Ext-Acc-259058,Account,Transferred-To,0.78,Financial,2025-05-31
ACC-0050,Syn-Acc-100086,Account,ACC-1393,Ext-Acc-327463,Account,Transferred-To,0.77,Financial,2026-03-16
ACC-0050,Syn-Acc-100086,Account,PER-0275,Harish Selvam,Person,Mobile-Account,1.0,Financial,2026-03-16
ACC-0051,Syn-Acc-100059,Account,PER-0067,Logesh Karuppasamy,Person,Linked-Account,2.5,FIR,09-01-2026
ACC-0051,Syn-Acc-100059,Account,PER-0208,Arun Thangaraj,Person,Victim-Account,1.5,FIR,09-01-2026
ACC-0051,Syn-Acc-100059,Account,ACC-0072,Syn-Acc-100089,Account,Transferred-To,11.22,Financial,2025-09-16
ACC-0051,Syn-Acc-100059,Account,PER-0269,Selvam Natarajan,Person,Mobile-Account,2.0,Financial,2025-09-16
ACC-0051,Syn-Acc-100059,Account,ACC-0175,Ext-Acc-269013,Account,Transferred-To,0.86,Financial,2025-05-21
ACC-0051,Syn-Acc-100059,Account,ACC-0082,Syn-Acc-100043,Account,Transferred-To,2.83,Financial,2026-07-09
ACC-0051,Syn-Acc-100059,Account,ACC-0064,Syn-Acc-100068,Account,Transferred-To,0.87,Financial,2025-11-14
ACC-0051,Syn-Acc-100059,Account,ACC-0240,Ext-Acc-215084,Account,Transferred-To,1.93,Financial,2026-03-05
ACC-0051,Syn-Acc-100059,Account,PER-0040,Deepa Selvam,Person,Mobile-Account,1.0,Financial,2026-05-19
ACC-0051,Syn-Acc-100059,Account,ACC-0078,Syn-Acc-100093,Account,Transferred-To,0.91,Financial,2026-04-03
ACC-0051,Syn-Acc-100059,Account,ACC-0086,Syn-Acc-100098,Account,Transferred-To,3.75,Financial,2025-03-12
ACC-0051,Syn-Acc-100059,Account,PER-0161,Rajeshwari Ammal,Person,Mobile-Account,1.0,Financial,2025-03-12
ACC-0051,Syn-Acc-100059,Account,ACC-0060,Syn-Acc-100040,Account,Transferred-To,2.75,Financial,2026-08-25
ACC-0051,Syn-Acc-100059,Account,PER-0172,Arjun Pandian,Person,Mobile-Account,1.0,Financial,2025-12-10
ACC-0051,Syn-Acc-100059,Account,ACC-0379,Ext-Acc-280781,Account,Transferred-To,1.28,Financial,2026-08-11
ACC-0051,Syn-Acc-100059,Account,ACC-0075,Syn-Acc-100092,Account,Transferred-To,2.69,Financial,2025-09-23
ACC-0051,Syn-Acc-100059,Account,PER-0115,Nithin Balan,Person,Mobile-Account,1.0,Financial,2026-03-29
ACC-0051,Syn-Acc-100059,Account,ACC-0053,Syn-Acc-100020,Account,Transferred-To,5.45,Financial,2025-09-27
ACC-0051,Syn-Acc-100059,Account,PER-0270,Ravi Gopal,Person,Mobile-Account,1.0,Financial,2026-05-14
ACC-0051,Syn-Acc-100059,Account,ACC-0061,Syn-Acc-100038,Account,Transferred-To,6.84,Financial,2026-04-04
ACC-0051,Syn-Acc-100059,Account,ACC-0486,Ext-Acc-385033,Account,Transferred-To,0.83,Financial,2026-02-22
ACC-0051,Syn-Acc-100059,Account,PER-0203,Karthik Velan,Person,Mobile-Account,1.0,Financial,2026-02-22
ACC-0051,Syn-Acc-100059,Account,PER-0317,Chithra Devi,Person,Mobile-Account,1.0,Financial,2025-10-08
ACC-0051,Syn-Acc-100059,Account,ACC-0552,Ext-Acc-345653,Account,Transferred-To,0.89,Financial,2025-08-08
ACC-0051,Syn-Acc-100059,Account,PER-0201,Praveen Kumar,Person,Mobile-Account,1.0,Financial,2025-08-08
ACC-0051,Syn-Acc-100059,Account,ACC-0597,Ext-Acc-214438,Account,Transferred-To,7.5,Financial,2025-12-24
ACC-0051,Syn-Acc-100059,Account,PER-0335,Jeeva Krishnan,Person,Mobile-Account,1.0,Financial,2025-02-25
ACC-0051,Syn-Acc-100059,Account,PER-0316,Mohan Ramasamy,Person,Mobile-Account,1.0,Financial,2026-08-31
ACC-0051,Syn-Acc-100059,Account,ACC-0665,Ext-Acc-331217,Account,Transferred-To,1.87,Financial,2026-08-08
ACC-0051,Syn-Acc-100059,Account,PER-0144,Padmini Bai,Person,Mobile-Account,1.0,Financial,2026-08-08
ACC-0051,Syn-Acc-100059,Account,ACC-0715,Ext-Acc-311848,Account,Transferred-To,2.34,Financial,2025-05-09
ACC-0051,Syn-Acc-100059,Account,PER-0169,Anitha Raj,Person,Mobile-Account,1.0,Financial,2025-05-09
ACC-0051,Syn-Acc-100059,Account,PER-0152,Pavithra Bai,Person,Mobile-Account,1.0,Financial,2025-12-14
ACC-0051,Syn-Acc-100059,Account,ACC-0886,Ext-Acc-262843,Account,Transferred-To,1.02,Financial,2025-04-24
ACC-0051,Syn-Acc-100059,Account,ACC-0917,Ext-Acc-272597,Account,Transferred-To,0.94,Financial,2026-08-17
ACC-0051,Syn-Acc-100059,Account,ACC-0076,Syn-Acc-100050,Account,Transferred-To,0.88,Financial,2025-04-27
ACC-0051,Syn-Acc-100059,Account,ACC-0952,Ext-Acc-274221,Account,Transferred-To,1.55,Financial,2026-08-16
ACC-0051,Syn-Acc-100059,Account,PER-0200,Dharani Shankar,Person,Mobile-Account,1.0,Financial,2025-01-14
ACC-0051,Syn-Acc-100059,Account,ACC-0085,Syn-Acc-100097,Account,Transferred-To,0.9,Financial,2025-12-30
ACC-0051,Syn-Acc-100059,Account,PER-0368,Gokul Babu,Person,Mobile-Account,1.0,Financial,2025-11-12
ACC-0051,Syn-Acc-100059,Account,PER-0125,Saranya Murugan,Person,Mobile-Account,1.0,Financial,2026-08-17
ACC-0051,Syn-Acc-100059,Account,ACC-1172,Ext-Acc-279040,Account,Transferred-To,1.84,Financial,2026-02-16
ACC-0051,Syn-Acc-100059,Account,PER-0366,Deepak Muthu,Person,Mobile-Account,1.0,Financial,2025-10-04
ACC-0051,Syn-Acc-100059,Account,ACC-0059,Syn-Acc-100037,Account,Transferred-To,1.98,Financial,2026-08-14
ACC-0051,Syn-Acc-100059,Account,PER-0207,Murugan Babu,Person,Mobile-Account,1.0,Financial,2026-06-12
ACC-0051,Syn-Acc-100059,Account,ACC-0057,Syn-Acc-100041,Account,Transferred-To,0.9,Financial,2025-11-17
ACC-0051,Syn-Acc-100059,Account,PER-0111,Dharani Rajan,Person,Mobile-Account,1.0,Financial,2025-11-17
ACC-0051,Syn-Acc-100059,Account,ACC-1285,Ext-Acc-290401,Account,Transferred-To,1.98,Financial,2025-03-03
ACC-0051,Syn-Acc-100059,Account,ACC-0066,Syn-Acc-100006,Account,Transferred-To,0.91,Financial,2025-03-21
ACC-0051,Syn-Acc-100059,Account,ACC-1353,Ext-Acc-228576,Account,Transferred-To,2.23,Financial,2025-01-26
ACC-0051,Syn-Acc-100059,Account,PER-0046,Lokesh Balan,Person,Mobile-Account,1.0,Financial,2026-03-20
ACC-0051,Syn-Acc-100059,Account,ACC-1397,Ext-Acc-352676,Account,Transferred-To,0.88,Financial,2025-04-24
ACC-0051,Syn-Acc-100059,Account,PER-0304,Uma Bai,Person,Mobile-Account,1.0,Financial,2025-04-24
ACC-0052,Syn-Acc-100021,Account,PER-0052,Mathan Raman,Person,Linked-Account,2.5,FIR,08-01-2026
ACC-0052,Syn-Acc-100021,Account,PER-0332,Vasanthi Ammal,Person,Victim-Account,1.5,FIR,08-01-2026
ACC-0052,Syn-Acc-100021,Account,PER-0067,Logesh Karuppasamy,Person,Linked-Account,7.5,FIR,15-03-2026
ACC-0052,Syn-Acc-100021,Account,PER-0018,Hemanth Murugan,Person,Victim-Account,1.5,FIR,15-03-2026
ACC-0052,Syn-Acc-100021,Account,PER-0367,Yogesh Sekar,Person,Victim-Account,1.5,FIR,08-04-2026
ACC-0052,Syn-Acc-100021,Account,PER-0376,Harish Pandian,Person,Victim-Account,1.5,FIR,09-05-2026
ACC-0052,Syn-Acc-100021,Account,ACC-0053,Syn-Acc-100020,Account,Transferred-To,1.78,Financial,2025-07-08
ACC-0052,Syn-Acc-100021,Account,ACC-0086,Syn-Acc-100098,Account,Transferred-To,2.52,Financial,2026-08-08
ACC-0052,Syn-Acc-100021,Account,PER-0148,Kishore Selvam,Person,Mobile-Account,1.0,Financial,2026-08-08
ACC-0052,Syn-Acc-100021,Account,ACC-0601,Ext-Acc-305987,Account,Transferred-To,0.84,Financial,2025-10-05
ACC-0052,Syn-Acc-100021,Account,ACC-0655,Ext-Acc-317878,Account,Transferred-To,1.58,Financial,2025-08-30
ACC-0052,Syn-Acc-100021,Account,ACC-0843,Ext-Acc-285220,Account,Transferred-To,2.9,Financial,2026-07-10
ACC-0052,Syn-Acc-100021,Account,ACC-0861,Ext-Acc-319079,Account,Transferred-To,0.83,Financial,2025-12-27
ACC-0052,Syn-Acc-100021,Account,ACC-0919,Ext-Acc-313525,Account,Transferred-To,0.86,Financial,2025-06-09
ACC-0052,Syn-Acc-100021,Account,PER-0277,Karthik Rajan,Person,Mobile-Account,1.0,Financial,2025-06-09
ACC-0052,Syn-Acc-100021,Account,PER-0313,Ezhilan Rajan,Person,Mobile-Account,1.0,Financial,2026-02-04
ACC-0052,Syn-Acc-100021,Account,ACC-0640,Ext-Acc-301275,Account,Transferred-To,2.29,Financial,2025-09-10
ACC-0052,Syn-Acc-100021,Account,PER-0294,Chithra Ammal,Person,Mobile-Account,1.0,Financial,2025-09-10
ACC-0052,Syn-Acc-100021,Account,ACC-1278,Ext-Acc-220937,Account,Transferred-To,0.97,Financial,2026-08-24
ACC-0052,Syn-Acc-100021,Account,PER-0213,Hariharan Prakash,Person,Mobile-Account,1.0,Financial,2026-07-30
ACC-0052,Syn-Acc-100021,Account,ACC-1436,Ext-Acc-201003,Account,Transferred-To,7.5,Financial,2025-12-21
ACC-0053,Syn-Acc-100020,Account,PER-0067,Logesh Karuppasamy,Person,Linked-Account,2.5,FIR,26-01-2026
ACC-0053,Syn-Acc-100020,Account,PER-0088,Naveen Natarajan,Person,Victim-Account,1.5,FIR,26-01-2026
ACC-0053,Syn-Acc-100020,Account,PER-0184,Prakash Muthu,Person,Linked-Account,2.5,FIR,09-02-2026
ACC-0053,Syn-Acc-100020,Account,PER-0338,Madhan Rajan,Person,Victim-Account,1.5,FIR,09-02-2026
ACC-0053,Syn-Acc-100020,Account,ACC-0062,Syn-Acc-100060,Account,Transferred-To,7.5,Financial,2026-01-23
ACC-0053,Syn-Acc-100020,Account,ACC-0072,Syn-Acc-100089,Account,Transferred-To,0.9,Financial,2025-08-18
ACC-0053,Syn-Acc-100020,Account,PER-0365,Karthik Shankar,Person,Mobile-Account,1.0,Financial,2025-08-18
ACC-0053,Syn-Acc-100020,Account,ACC-0169,Ext-Acc-309447,Account,Transferred-To,2.69,Financial,2025-03-02
ACC-0053,Syn-Acc-100020,Account,PER-0081,Dinesh Nathan,Person,Mobile-Account,1.0,Financial,2025-03-02
ACC-0053,Syn-Acc-100020,Account,ACC-0196,Ext-Acc-277820,Account,Transferred-To,2.15,Financial,2025-01-13
ACC-0053,Syn-Acc-100020,Account,PER-0153,Sathish Kumar,Person,Mobile-Account,1.0,Financial,2025-07-08
ACC-0053,Syn-Acc-100020,Account,ACC-0207,Ext-Acc-304763,Account,Transferred-To,0.89,Financial,2026-08-05
ACC-0053,Syn-Acc-100020,Account,ACC-0256,Ext-Acc-217299,Account,Transferred-To,1.65,Financial,2026-08-22
ACC-0053,Syn-Acc-100020,Account,ACC-0269,Ext-Acc-250911,Account,Transferred-To,0.9,Financial,2026-07-28
ACC-0053,Syn-Acc-100020,Account,ACC-0281,Ext-Acc-389764,Account,Transferred-To,7.23,Financial,2026-08-01
ACC-0053,Syn-Acc-100020,Account,PER-0277,Karthik Rajan,Person,Mobile-Account,2.0,Financial,2026-03-03
ACC-0053,Syn-Acc-100020,Account,PER-0033,Vignesh Natarajan,Person,Mobile-Account,1.0,Financial,2026-01-14
ACC-0053,Syn-Acc-100020,Account,ACC-0332,Ext-Acc-345625,Account,Transferred-To,1.86,Financial,2025-06-01
ACC-0053,Syn-Acc-100020,Account,ACC-0058,Syn-Acc-100005,Account,Transferred-To,2.0,Financial,2026-03-12
ACC-0053,Syn-Acc-100020,Account,PER-0290,Latha Murugan,Person,Mobile-Account,1.0,Financial,2026-02-24
ACC-0053,Syn-Acc-100020,Account,PER-0170,Janani Devi,Person,Mobile-Account,1.0,Financial,2026-05-14
ACC-0053,Syn-Acc-100020,Account,PER-0144,Padmini Bai,Person,Mobile-Account,1.0,Financial,2025-05-31
ACC-0053,Syn-Acc-100020,Account,ACC-0436,Ext-Acc-336505,Account,Transferred-To,2.05,Financial,2026-05-16
ACC-0053,Syn-Acc-100020,Account,PER-0390,Vidhya Sri,Person,Mobile-Account,1.0,Financial,2026-05-16
ACC-0053,Syn-Acc-100020,Account,PER-0231,Indhu Murugan,Person,Mobile-Account,1.0,Financial,2025-09-27
ACC-0053,Syn-Acc-100020,Account,ACC-0494,Ext-Acc-282864,Account,Transferred-To,0.89,Financial,2025-08-22
ACC-0053,Syn-Acc-100020,Account,PER-0262,Praveen Anand,Person,Mobile-Account,1.0,Financial,2025-09-01
ACC-0053,Syn-Acc-100020,Account,ACC-0629,Ext-Acc-315913,Account,Transferred-To,6.23,Financial,2025-02-07
ACC-0053,Syn-Acc-100020,Account,PER-0023,Ganesh Shankar,Person,Mobile-Account,1.0,Financial,2025-02-07
ACC-0053,Syn-Acc-100020,Account,ACC-0653,Ext-Acc-238449,Account,Transferred-To,2.79,Financial,2026-02-07
ACC-0053,Syn-Acc-100020,Account,PER-0058,Revathi Ammal,Person,Mobile-Account,1.0,Financial,2026-08-26
ACC-0053,Syn-Acc-100020,Account,ACC-0711,Ext-Acc-322344,Account,Transferred-To,2.49,Financial,2026-03-18
ACC-0053,Syn-Acc-100020,Account,ACC-0828,Ext-Acc-329847,Account,Transferred-To,2.14,Financial,2026-01-29
ACC-0053,Syn-Acc-100020,Account,PER-0256,Bharathi Raman,Person,Mobile-Account,1.0,Financial,2026-01-29
ACC-0053,Syn-Acc-100020,Account,PER-0073,Gokul Sundaram,Person,Mobile-Account,1.0,Financial,2025-04-17
ACC-0053,Syn-Acc-100020,Account,ACC-0851,Ext-Acc-324684,Account,Transferred-To,7.5,Financial,2026-01-20
ACC-0053,Syn-Acc-100020,Account,ACC-0905,Ext-Acc-260749,Account,Transferred-To,1.43,Financial,2026-01-03
ACC-0053,Syn-Acc-100020,Account,ACC-0079,Syn-Acc-100094,Account,Transferred-To,0.93,Financial,2026-01-02
ACC-0053,Syn-Acc-100020,Account,PER-0317,Chithra Devi,Person,Mobile-Account,2.0,Financial,2025-08-20
ACC-0053,Syn-Acc-100020,Account,ACC-0076,Syn-Acc-100050,Account,Transferred-To,2.89,Financial,2025-08-12
ACC-0053,Syn-Acc-100020,Account,ACC-0970,Ext-Acc-254982,Account,Transferred-To,0.86,Financial,2025-09-04
ACC-0053,Syn-Acc-100020,Account,ACC-0060,Syn-Acc-100040,Account,Transferred-To,2.43,Financial,2025-02-24
ACC-0053,Syn-Acc-100020,Account,ACC-0980,Ext-Acc-296606,Account,Transferred-To,1.0,Financial,2026-04-30
ACC-0053,Syn-Acc-100020,Account,PER-0356,Senthil Natarajan,Person,Mobile-Account,1.0,Financial,2025-02-11
ACC-0053,Syn-Acc-100020,Account,ACC-0066,Syn-Acc-100006,Account,Transferred-To,1.62,Financial,2026-02-05
ACC-0053,Syn-Acc-100020,Account,ACC-1008,Ext-Acc-371532,Account,Transferred-To,1.9,Financial,2026-06-30
ACC-0053,Syn-Acc-100020,Account,PER-0401,Harini Selvam,Person,Mobile-Account,1.0,Financial,2026-06-30
ACC-0053,Syn-Acc-100020,Account,ACC-0080,Syn-Acc-100008,Account,Transferred-To,1.47,Financial,2026-03-25
ACC-0053,Syn-Acc-100020,Account,PER-0198,Mohan Sekar,Person,Mobile-Account,1.0,Financial,2026-09-04
ACC-0053,Syn-Acc-100020,Account,ACC-1124,Ext-Acc-372794,Account,Transferred-To,5.48,Financial,2026-04-19
ACC-0053,Syn-Acc-100020,Account,ACC-0054,Syn-Acc-100087,Account,Transferred-To,2.27,Financial,2025-01-08
ACC-0053,Syn-Acc-100020,Account,ACC-0083,Syn-Acc-100096,Account,Transferred-To,0.93,Financial,2025-06-25
ACC-0053,Syn-Acc-100020,Account,PER-0157,Ganesh Natarajan,Person,Mobile-Account,1.0,Financial,2025-06-25
ACC-0053,Syn-Acc-100020,Account,ACC-0086,Syn-Acc-100098,Account,Transferred-To,2.08,Financial,2025-03-03
ACC-0053,Syn-Acc-100020,Account,ACC-1348,Ext-Acc-278987,Account,Transferred-To,1.36,Financial,2026-03-17
ACC-0053,Syn-Acc-100020,Account,ACC-1384,Ext-Acc-382946,Account,Transferred-To,2.14,Financial,2025-11-11
ACC-0054,Syn-Acc-100087,Account,PER-0083,Babu Selvam,Person,Victim-Account,1.5,FIR,12-02-2026
ACC-0054,Syn-Acc-100087,Account,PER-0298,Suresh Selvam,Person,Mobile-Account,1.0,Financial,2025-12-07
ACC-0054,Syn-Acc-100087,Account,PER-0262,Praveen Anand,Person,Mobile-Account,1.0,Financial,2025-08-19
ACC-0054,Syn-Acc-100087,Account,PER-0125,Saranya Murugan,Person,Mobile-Account,1.0,Financial,2026-03-21
ACC-0054,Syn-Acc-100087,Account,PER-0244,Thirumal Velan,Person,Mobile-Account,1.0,Financial,2025-08-31
ACC-0054,Syn-Acc-100087,Account,ACC-0064,Syn-Acc-100068,Account,Transferred-To,1.04,Financial,2026-06-06
ACC-0054,Syn-Acc-100087,Account,ACC-0746,Ext-Acc-306695,Account,Transferred-To,1.75,Financial,2025-12-10
ACC-0054,Syn-Acc-100087,Account,PER-0289,Bhuvana Raman,Person,Mobile-Account,1.0,Financial,2025-12-10
ACC-0054,Syn-Acc-100087,Account,ACC-0785,Ext-Acc-246748,Account,Transferred-To,0.88,Financial,2025-12-03
ACC-0054,Syn-Acc-100087,Account,PER-0295,Gopal Karuppasamy,Person,Mobile-Account,1.0,Financial,2025-01-08
ACC-0054,Syn-Acc-100087,Account,ACC-1228,Ext-Acc-349421,Account,Transferred-To,0.96,Financial,2025-10-29
ACC-0054,Syn-Acc-100087,Account,PER-0263,Naveen Mani,Person,Mobile-Account,1.0,Financial,2025-10-29
ACC-0054,Syn-Acc-100087,Account,ACC-1387,Ext-Acc-235865,Account,Transferred-To,2.03,Financial,2025-02-18
ACC-0055,Syn-Acc-100045,Account,PER-0355,Ajith Nathan,Person,Linked-Account,2.5,FIR,23-03-2026
ACC-0055,Syn-Acc-100045,Account,PER-0115,Nithin Balan,Person,Victim-Account,1.5,FIR,23-03-2026
ACC-0055,Syn-Acc-100045,Account,PER-0022,Pandian Thangaraj,Person,Mobile-Account,1.0,Financial,2025-07-15
ACC-0055,Syn-Acc-100045,Account,ACC-0781,Ext-Acc-350004,Account,Transferred-To,0.91,Financial,2026-03-31
ACC-0055,Syn-Acc-100045,Account,ACC-1338,Ext-Acc-372776,Account,Transferred-To,0.85,Financial,2026-02-14
ACC-0055,Syn-Acc-100045,Account,PER-0306,Dharani Selvam,Person,Mobile-Account,1.0,Financial,2026-02-14
ACC-0055,Syn-Acc-100045,Account,ACC-0082,Syn-Acc-100043,Account,Transferred-To,0.79,Financial,2025-11-06
ACC-0056,Syn-Acc-100007,Account,PER-0356,Senthil Natarajan,Person,Linked-Account,2.5,FIR,17-03-2026
ACC-0056,Syn-Acc-100007,Account,PER-0001,Lavanya Ammal,Person,Victim-Account,1.5,FIR,17-03-2026
ACC-0056,Syn-Acc-100007,Account,PER-0093,Vasanth Mani,Person,Linked-Account,2.5,FIR,08-07-2026
ACC-0056,Syn-Acc-100007,Account,PER-0392,Buvaneswari Devi,Person,Victim-Account,1.5,FIR,08-07-2026
ACC-0056,Syn-Acc-100007,Account,ACC-0420,Ext-Acc-275304,Account,Transferred-To,1.11,Financial,2025-09-25
ACC-0056,Syn-Acc-100007,Account,ACC-0062,Syn-Acc-100060,Account,Transferred-To,0.82,Financial,2025-08-30
ACC-0056,Syn-Acc-100007,Account,PER-0245,Senthil Prakash,Person,Mobile-Account,1.0,Financial,2025-08-30
ACC-0056,Syn-Acc-100007,Account,ACC-0064,Syn-Acc-100068,Account,Transferred-To,0.97,Financial,2025-01-25
ACC-0056,Syn-Acc-100007,Account,PER-0171,Arun Selvam,Person,Mobile-Account,1.0,Financial,2026-06-21
ACC-0056,Syn-Acc-100007,Account,ACC-0550,Ext-Acc-236747,Account,Transferred-To,6.87,Financial,2026-02-20
ACC-0056,Syn-Acc-100007,Account,PER-0379,Gopal Mani,Person,Mobile-Account,1.0,Financial,2025-10-10
ACC-0056,Syn-Acc-100007,Account,PER-0074,Padmini Raj,Person,Mobile-Account,1.0,Financial,2025-06-23
ACC-0056,Syn-Acc-100007,Account,ACC-1205,Ext-Acc-301577,Account,Transferred-To,0.94,Financial,2025-11-17
ACC-0056,Syn-Acc-100007,Account,PER-0008,Lokesh Karuppasamy,Person,Mobile-Account,1.0,Financial,2025-11-17
ACC-0056,Syn-Acc-100007,Account,ACC-0068,Syn-Acc-100066,Account,Transferred-To,0.86,Financial,2025-08-03
ACC-0056,Syn-Acc-100007,Account,ACC-1227,Ext-Acc-285036,Account,Transferred-To,0.81,Financial,2026-06-24
ACC-0056,Syn-Acc-100007,Account,ACC-1418,Ext-Acc-209587,Account,Transferred-To,2.95,Financial,2025-10-23
ACC-0057,Syn-Acc-100041,Account,PER-0060,Madhan Babu,Person,Linked-Account,2.5,FIR,24-03-2026
ACC-0057,Syn-Acc-100041,Account,PER-0358,Venkat Kumar,Person,Victim-Account,1.5,FIR,24-03-2026
ACC-0057,Syn-Acc-100041,Account,PER-0355,Ajith Nathan,Person,Linked-Account,2.5,FIR,10-04-2026
ACC-0057,Syn-Acc-100041,Account,PER-0270,Ravi Gopal,Person,Victim-Account,1.5,FIR,10-04-2026
ACC-0057,Syn-Acc-100041,Account,PER-0379,Gopal Mani,Person,Linked-Account,5.0,FIR,27-05-2026
ACC-0057,Syn-Acc-100041,Account,PER-0144,Padmini Bai,Person,Victim-Account,1.5,FIR,27-05-2026
ACC-0057,Syn-Acc-100041,Account,PER-0027,Sanjay Raj,Person,Victim-Account,1.5,FIR,17-06-2026
ACC-0057,Syn-Acc-100041,Account,PER-0018,Hemanth Murugan,Person,Mobile-Account,1.0,Financial,2026-01-10
ACC-0057,Syn-Acc-100041,Account,ACC-0063,Syn-Acc-100088,Account,Transferred-To,0.95,Financial,2026-04-30
ACC-0057,Syn-Acc-100041,Account,ACC-0080,Syn-Acc-100008,Account,Transferred-To,0.78,Financial,2025-01-20
ACC-0057,Syn-Acc-100041,Account,ACC-0087,Syn-Acc-100099,Account,Transferred-To,7.5,Financial,2025-04-14
ACC-0057,Syn-Acc-100041,Account,PER-0071,Nithin Thangaraj,Person,Mobile-Account,1.0,Financial,2025-04-14
ACC-0057,Syn-Acc-100041,Account,ACC-0589,Ext-Acc-298683,Account,Transferred-To,0.79,Financial,2025-03-14
ACC-0057,Syn-Acc-100041,Account,ACC-0741,Ext-Acc-391692,Account,Transferred-To,0.77,Financial,2025-04-25
ACC-0057,Syn-Acc-100041,Account,PER-0014,Ajith Velan,Person,Mobile-Account,1.0,Financial,2025-04-25
ACC-0057,Syn-Acc-100041,Account,ACC-0064,Syn-Acc-100068,Account,Transferred-To,7.5,Financial,2025-04-25
ACC-0057,Syn-Acc-100041,Account,PER-0106,Elango Krishnan,Person,Mobile-Account,1.0,Financial,2026-02-06
ACC-0057,Syn-Acc-100041,Account,ACC-1105,Ext-Acc-219344,Account,Transferred-To,2.55,Financial,2025-11-12
ACC-0057,Syn-Acc-100041,Account,PER-0037,Elango Balan,Person,Mobile-Account,1.0,Financial,2025-09-23
ACC-0057,Syn-Acc-100041,Account,ACC-1257,Ext-Acc-303466,Account,Transferred-To,2.03,Financial,2025-04-17
ACC-0057,Syn-Acc-100041,Account,PER-0039,Jeeva Natarajan,Person,Mobile-Account,1.0,Financial,2025-04-17
ACC-0057,Syn-Acc-100041,Account,PER-0361,Abirami Rani,Person,Mobile-Account,1.0,Financial,2025-10-24
ACC-0057,Syn-Acc-100041,Account,PER-0074,Padmini Raj,Person,Mobile-Account,1.0,Financial,2026-02-28
ACC-0058,Syn-Acc-100005,Account,PER-0253,Harish Murugan,Person,Linked-Account,2.5,FIR,16-03-2026
ACC-0058,Syn-Acc-100005,Account,PER-0275,Harish Selvam,Person,Victim-Account,1.5,FIR,16-03-2026
ACC-0058,Syn-Acc-100005,Account,PER-0356,Senthil Natarajan,Person,Linked-Account,5.0,FIR,09-04-2026
ACC-0058,Syn-Acc-100005,Account,PER-0366,Deepak Muthu,Person,Victim-Account,1.5,FIR,09-04-2026
ACC-0058,Syn-Acc-100005,Account,PER-0385,Praveen Muthu,Person,Victim-Account,1.5,FIR,25-06-2026
ACC-0058,Syn-Acc-100005,Account,ACC-0088,Ext-Acc-244597,Account,Transferred-To,0.86,Financial,2025-09-25
ACC-0058,Syn-Acc-100005,Account,ACC-0103,Ext-Acc-213104,Account,Transferred-To,7.5,Financial,2025-07-09
ACC-0058,Syn-Acc-100005,Account,ACC-0164,Ext-Acc-329392,Account,Transferred-To,0.89,Financial,2026-08-16
ACC-0058,Syn-Acc-100005,Account,PER-0258,Anand Palanisamy,Person,Mobile-Account,1.0,Financial,2026-08-16
ACC-0058,Syn-Acc-100005,Account,ACC-0087,Syn-Acc-100099,Account,Transferred-To,0.95,Financial,2025-08-22
ACC-0058,Syn-Acc-100005,Account,PER-0061,Dinesh Balan,Person,Mobile-Account,1.0,Financial,2025-08-22
ACC-0058,Syn-Acc-100005,Account,ACC-0086,Syn-Acc-100098,Account,Transferred-To,2.28,Financial,2025-10-19
ACC-0058,Syn-Acc-100005,Account,PER-0325,Rajeshwari Devi,Person,Mobile-Account,1.0,Financial,2025-06-19
ACC-0058,Syn-Acc-100005,Account,ACC-0064,Syn-Acc-100068,Account,Transferred-To,0.96,Financial,2025-12-01
ACC-0058,Syn-Acc-100005,Account,PER-0042,Rakesh Anand,Person,Mobile-Account,1.0,Financial,2025-12-01
ACC-0058,Syn-Acc-100005,Account,ACC-0080,Syn-Acc-100008,Account,Transferred-To,0.88,Financial,2025-12-01
ACC-0058,Syn-Acc-100005,Account,ACC-0074,Syn-Acc-100091,Account,Transferred-To,0.81,Financial,2025-02-26
ACC-0058,Syn-Acc-100005,Account,ACC-0081,Syn-Acc-100095,Account,Transferred-To,0.81,Financial,2025-10-29
ACC-0058,Syn-Acc-100005,Account,ACC-1133,Ext-Acc-222364,Account,Transferred-To,7.14,Financial,2026-02-24
ACC-0058,Syn-Acc-100005,Account,ACC-1438,Ext-Acc-306793,Account,Transferred-To,2.73,Financial,2025-03-14
ACC-0059,Syn-Acc-100037,Account,PER-0365,Karthik Shankar,Person,Linked-Account,5.0,FIR,08-04-2026
ACC-0059,Syn-Acc-100037,Account,PER-0364,Janani Sekar,Person,Victim-Account,1.5,FIR,08-04-2026
ACC-0059,Syn-Acc-100037,Account,PER-0009,Deviga Murugan,Person,Victim-Account,1.5,FIR,12-04-2026
ACC-0059,Syn-Acc-100037,Account,PER-0177,Inban Balan,Person,Mobile-Account,1.0,Financial,2025-03-11
ACC-0059,Syn-Acc-100037,Account,ACC-0068,Syn-Acc-100066,Account,Transferred-To,0.84,Financial,2025-11-18
ACC-0059,Syn-Acc-100037,Account,PER-0005,Vignesh Subramani,Person,Mobile-Account,1.0,Financial,2025-11-18
ACC-0059,Syn-Acc-100037,Account,ACC-0307,Ext-Acc-337567,Account,Transferred-To,0.77,Financial,2025-08-18
ACC-0059,Syn-Acc-100037,Account,PER-0300,Logesh Subramani,Person,Mobile-Account,1.0,Financial,2026-08-14
ACC-0059,Syn-Acc-100037,Account,ACC-1427,Ext-Acc-238296,Account,Transferred-To,0.97,Financial,2025-06-08
ACC-0060,Syn-Acc-100040,Account,PER-0365,Karthik Shankar,Person,Linked-Account,2.5,FIR,13-04-2026
ACC-0060,Syn-Acc-100040,Account,PER-0204,Keerthana Sri,Person,Victim-Account,1.5,FIR,13-04-2026
ACC-0060,Syn-Acc-100040,Account,ACC-0066,Syn-Acc-100006,Account,Transferred-To,0.78,Financial,2025-03-18
ACC-0060,Syn-Acc-100040,Account,ACC-0555,Ext-Acc-227494,Account,Transferred-To,0.94,Financial,2025-03-21
ACC-0060,Syn-Acc-100040,Account,ACC-0588,Ext-Acc-276449,Account,Transferred-To,1.79,Financial,2025-06-21
ACC-0060,Syn-Acc-100040,Account,PER-0125,Saranya Murugan,Person,Mobile-Account,1.0,Financial,2025-02-24
ACC-0060,Syn-Acc-100040,Account,ACC-1132,Ext-Acc-241312,Account,Transferred-To,1.8,Financial,2025-05-15
ACC-0060,Syn-Acc-100040,Account,PER-0376,Harish Pandian,Person,Mobile-Account,1.0,Financial,2026-08-20
ACC-0060,Syn-Acc-100040,Account,PER-0033,Vignesh Natarajan,Person,Mobile-Account,1.0,Financial,2026-03-22
ACC-0060,Syn-Acc-100040,Account,ACC-1308,Ext-Acc-375011,Account,Transferred-To,0.82,Financial,2026-09-08
ACC-0060,Syn-Acc-100040,Account,PER-0385,Praveen Muthu,Person,Mobile-Account,1.0,Financial,2026-03-21
ACC-0061,Syn-Acc-100038,Account,PER-0365,Karthik Shankar,Person,Linked-Account,2.5,FIR,11-04-2026
ACC-0061,Syn-Acc-100038,Account,PER-0269,Selvam Natarajan,Person,Victim-Account,1.5,FIR,11-04-2026
ACC-0061,Syn-Acc-100038,Account,ACC-0264,Ext-Acc-323507,Account,Transferred-To,1.16,Financial,2025-02-23
ACC-0061,Syn-Acc-100038,Account,ACC-0719,Ext-Acc-248382,Account,Transferred-To,2.54,Financial,2026-05-17
ACC-0061,Syn-Acc-100038,Account,ACC-0086,Syn-Acc-100098,Account,Transferred-To,0.8,Financial,2025-07-31
ACC-0061,Syn-Acc-100038,Account,PER-0224,Jothi Selvi,Person,Mobile-Account,1.0,Financial,2025-02-21
ACC-0061,Syn-Acc-100038,Account,ACC-1015,Ext-Acc-335443,Account,Transferred-To,2.64,Financial,2026-01-28
ACC-0061,Syn-Acc-100038,Account,PER-0223,Gunasekar Murugan,Person,Mobile-Account,1.0,Financial,2026-01-28
ACC-0061,Syn-Acc-100038,Account,PER-0389,Babu Krishnan,Person,Mobile-Account,1.0,Financial,2025-03-15
ACC-0062,Syn-Acc-100060,Account,PER-0067,Logesh Karuppasamy,Person,Linked-Account,2.5,FIR,20-04-2026
ACC-0062,Syn-Acc-100060,Account,PER-0257,Geetha Kumari,Person,Victim-Account,1.5,FIR,20-04-2026
ACC-0062,Syn-Acc-100060,Account,PER-0019,Madhan Palanisamy,Person,Mobile-Account,1.0,Financial,2026-01-23
ACC-0062,Syn-Acc-100060,Account,ACC-0190,Ext-Acc-268903,Account,Transferred-To,0.84,Financial,2025-12-16
ACC-0062,Syn-Acc-100060,Account,ACC-0066,Syn-Acc-100006,Account,Transferred-To,1.94,Financial,2025-08-05
ACC-0062,Syn-Acc-100060,Account,ACC-0435,Ext-Acc-258190,Account,Transferred-To,0.98,Financial,2026-01-05
ACC-0062,Syn-Acc-100060,Account,PER-0022,Pandian Thangaraj,Person,Mobile-Account,1.0,Financial,2025-05-11
ACC-0062,Syn-Acc-100060,Account,PER-0163,Rakesh Krishnan,Person,Mobile-Account,1.0,Financial,2025-07-20
ACC-0062,Syn-Acc-100060,Account,ACC-0086,Syn-Acc-100098,Account,Transferred-To,10.44,Financial,2026-05-22
ACC-0062,Syn-Acc-100060,Account,PER-0299,Hemanth Raj,Person,Mobile-Account,1.0,Financial,2026-05-22
ACC-0062,Syn-Acc-100060,Account,ACC-0852,Ext-Acc-371036,Account,Transferred-To,7.5,Financial,2025-01-25
ACC-0062,Syn-Acc-100060,Account,PER-0182,Saravanan Sundaram,Person,Mobile-Account,1.0,Financial,2025-01-25
ACC-0062,Syn-Acc-100060,Account,ACC-0856,Ext-Acc-259139,Account,Transferred-To,0.97,Financial,2025-01-22
ACC-0062,Syn-Acc-100060,Account,ACC-0911,Ext-Acc-335823,Account,Transferred-To,1.71,Financial,2025-07-04
ACC-0062,Syn-Acc-100060,Account,PER-0349,Padmini Rani,Person,Mobile-Account,1.0,Financial,2025-07-04
ACC-0062,Syn-Acc-100060,Account,ACC-1126,Ext-Acc-397106,Account,Transferred-To,7.5,Financial,2025-08-16
ACC-0062,Syn-Acc-100060,Account,PER-0386,Bharathi Sri,Person,Mobile-Account,1.0,Financial,2025-08-16
ACC-0062,Syn-Acc-100060,Account,ACC-1215,Ext-Acc-210888,Account,Transferred-To,7.5,Financial,2026-06-12
ACC-0062,Syn-Acc-100060,Account,PER-0277,Karthik Rajan,Person,Mobile-Account,1.0,Financial,2025-01-11
ACC-0062,Syn-Acc-100060,Account,PER-0263,Naveen Mani,Person,Mobile-Account,1.0,Financial,2025-02-02
ACC-0062,Syn-Acc-100060,Account,PER-0072,Buvaneswari Kannan,Person,Mobile-Account,1.0,Financial,2025-06-28
ACC-0063,Syn-Acc-100088,Account,PER-0373,Anand Muthu,Person,Linked-Account,2.5,FIR,24-04-2026
ACC-0063,Syn-Acc-100088,Account,PER-0047,Uma Raj,Person,Victim-Account,1.5,FIR,24-04-2026
ACC-0063,Syn-Acc-100088,Account,ACC-0148,Ext-Acc-360981,Account,Transferred-To,1.59,Financial,2025-09-26
ACC-0063,Syn-Acc-100088,Account,PER-0109,Ajith Murugan,Person,Mobile-Account,1.0,Financial,2025-09-26
ACC-0063,Syn-Acc-100088,Account,PER-0367,Yogesh Sekar,Person,Mobile-Account,1.0,Financial,2026-01-29
ACC-0063,Syn-Acc-100088,Account,ACC-0400,Ext-Acc-384907,Account,Transferred-To,2.49,Financial,2025-08-21
ACC-0063,Syn-Acc-100088,Account,PER-0280,Sanjay Gopal,Person,Mobile-Account,1.0,Financial,2026-04-30
ACC-0063,Syn-Acc-100088,Account,ACC-0728,Ext-Acc-383211,Account,Transferred-To,0.76,Financial,2025-06-21
ACC-0063,Syn-Acc-100088,Account,PER-0083,Babu Selvam,Person,Mobile-Account,1.0,Financial,2025-06-21
ACC-0063,Syn-Acc-100088,Account,ACC-0081,Syn-Acc-100095,Account,Transferred-To,2.28,Financial,2025-05-04
ACC-0063,Syn-Acc-100088,Account,ACC-1030,Ext-Acc-298639,Account,Transferred-To,1.64,Financial,2025-07-25
ACC-0063,Syn-Acc-100088,Account,PER-0008,Lokesh Karuppasamy,Person,Mobile-Account,1.0,Financial,2026-03-08
ACC-0063,Syn-Acc-100088,Account,ACC-0085,Syn-Acc-100097,Account,Transferred-To,7.5,Financial,2025-04-02
ACC-0063,Syn-Acc-100088,Account,PER-0222,Anand Chandran,Person,Mobile-Account,1.0,Financial,2025-04-02
ACC-0064,Syn-Acc-100068,Account,PER-0355,Ajith Nathan,Person,Linked-Account,2.5,FIR,27-04-2026
ACC-0064,Syn-Acc-100068,Account,PER-0226,Buvaneswari Sri,Person,Victim-Account,2.5,FIR,27-04-2026
ACC-0064,Syn-Acc-100068,Account,ACC-0098,Ext-Acc-221579,Account,Transferred-To,2.76,Financial,2026-06-26
ACC-0064,Syn-Acc-100068,Account,ACC-0115,Ext-Acc-241114,Account,Transferred-To,7.5,Financial,2026-07-05
ACC-0064,Syn-Acc-100068,Account,ACC-0080,Syn-Acc-100008,Account,Transferred-To,0.89,Financial,2025-09-16
ACC-0064,Syn-Acc-100068,Account,PER-0108,Murugan Karuppasamy,Person,Mobile-Account,1.0,Financial,2025-02-07
ACC-0064,Syn-Acc-100068,Account,ACC-0183,Ext-Acc-309835,Account,Transferred-To,0.88,Financial,2026-06-12
ACC-0064,Syn-Acc-100068,Account,ACC-0189,Ext-Acc-331029,Account,Transferred-To,0.89,Financial,2025-12-30
ACC-0064,Syn-Acc-100068,Account,PER-0304,Uma Bai,Person,Mobile-Account,1.0,Financial,2025-12-30
ACC-0064,Syn-Acc-100068,Account,ACC-0087,Syn-Acc-100099,Account,Transferred-To,1.85,Financial,2025-12-25
ACC-0064,Syn-Acc-100068,Account,ACC-0069,Syn-Acc-100049,Account,Transferred-To,1.66,Financial,2025-10-06
ACC-0064,Syn-Acc-100068,Account,PER-0086,Prakash Chandran,Person,Mobile-Account,1.0,Financial,2025-10-06
ACC-0064,Syn-Acc-100068,Account,PER-0298,Suresh Selvam,Person,Mobile-Account,1.0,Financial,2025-07-07
ACC-0064,Syn-Acc-100068,Account,ACC-0336,Ext-Acc-336009,Account,Transferred-To,7.5,Financial,2025-06-22
ACC-0064,Syn-Acc-100068,Account,PER-0170,Janani Devi,Person,Mobile-Account,1.0,Financial,2025-06-22
ACC-0064,Syn-Acc-100068,Account,ACC-0357,Ext-Acc-241307,Account,Transferred-To,0.91,Financial,2026-07-18
ACC-0064,Syn-Acc-100068,Account,ACC-0373,Ext-Acc-234034,Account,Transferred-To,0.9,Financial,2026-07-21
ACC-0064,Syn-Acc-100068,Account,ACC-0460,Ext-Acc-305346,Account,Transferred-To,7.5,Financial,2026-01-18
ACC-0064,Syn-Acc-100068,Account,PER-0050,Sudha Kannan,Person,Mobile-Account,1.0,Financial,2025-01-25
ACC-0064,Syn-Acc-100068,Account,ACC-0499,Ext-Acc-304822,Account,Transferred-To,7.5,Financial,2025-01-06
ACC-0064,Syn-Acc-100068,Account,ACC-0508,Ext-Acc-241674,Account,Transferred-To,0.91,Financial,2026-02-20
ACC-0064,Syn-Acc-100068,Account,ACC-0086,Syn-Acc-100098,Account,Transferred-To,2.92,Financial,2025-10-20
ACC-0064,Syn-Acc-100068,Account,ACC-0556,Ext-Acc-322049,Account,Transferred-To,0.87,Financial,2025-02-10
ACC-0064,Syn-Acc-100068,Account,ACC-0562,Ext-Acc-339107,Account,Transferred-To,0.77,Financial,2026-09-10
ACC-0064,Syn-Acc-100068,Account,PER-0319,Babu Murugan,Person,Mobile-Account,1.0,Financial,2026-09-10
ACC-0064,Syn-Acc-100068,Account,ACC-0580,Ext-Acc-355876,Account,Transferred-To,0.98,Financial,2025-11-13
ACC-0064,Syn-Acc-100068,Account,PER-0141,Senthil Krishnan,Person,Mobile-Account,1.0,Financial,2025-11-13
ACC-0064,Syn-Acc-100068,Account,ACC-0604,Ext-Acc-250807,Account,Transferred-To,7.5,Financial,2026-01-22
ACC-0064,Syn-Acc-100068,Account,PER-0265,Harini Sri,Person,Mobile-Account,1.0,Financial,2026-08-04
ACC-0064,Syn-Acc-100068,Account,PER-0057,Abirami Krishnan,Person,Mobile-Account,1.0,Financial,2025-09-09
ACC-0064,Syn-Acc-100068,Account,ACC-0083,Syn-Acc-100096,Account,Transferred-To,2.24,Financial,2026-08-09
ACC-0064,Syn-Acc-100068,Account,PER-0134,Deepa Kumari,Person,Mobile-Account,1.0,Financial,2025-04-25
ACC-0064,Syn-Acc-100068,Account,PER-0252,Kalaiselvi Sri,Person,Mobile-Account,1.0,Financial,2025-02-02
ACC-0064,Syn-Acc-100068,Account,ACC-0953,Ext-Acc-241116,Account,Transferred-To,0.8,Financial,2025-11-06
ACC-0064,Syn-Acc-100068,Account,ACC-0082,Syn-Acc-100043,Account,Transferred-To,10.41,Financial,2026-02-06
ACC-0064,Syn-Acc-100068,Account,PER-0358,Venkat Kumar,Person,Mobile-Account,1.0,Financial,2026-02-06
ACC-0064,Syn-Acc-100068,Account,ACC-1038,Ext-Acc-342598,Account,Transferred-To,1.54,Financial,2025-06-28
ACC-0064,Syn-Acc-100068,Account,ACC-1050,Ext-Acc-363608,Account,Transferred-To,0.77,Financial,2026-04-05
ACC-0064,Syn-Acc-100068,Account,PER-0376,Harish Pandian,Person,Mobile-Account,1.0,Financial,2026-04-05
ACC-0064,Syn-Acc-100068,Account,ACC-1074,Ext-Acc-208619,Account,Transferred-To,1.83,Financial,2026-08-24
ACC-0064,Syn-Acc-100068,Account,ACC-0085,Syn-Acc-100097,Account,Transferred-To,7.5,Financial,2025-04-30
ACC-0064,Syn-Acc-100068,Account,PER-0096,Udhay Shankar,Person,Mobile-Account,1.0,Financial,2025-07-11
ACC-0064,Syn-Acc-100068,Account,ACC-1235,Ext-Acc-324371,Account,Transferred-To,1.15,Financial,2025-11-29
ACC-0064,Syn-Acc-100068,Account,PER-0111,Dharani Rajan,Person,Mobile-Account,1.0,Financial,2025-11-29
ACC-0064,Syn-Acc-100068,Account,ACC-1298,Ext-Acc-346829,Account,Transferred-To,1.63,Financial,2026-04-06
ACC-0064,Syn-Acc-100068,Account,PER-0247,Elango Shankar,Person,Mobile-Account,1.0,Financial,2026-04-06
ACC-0064,Syn-Acc-100068,Account,PER-0138,Abirami Kannan,Person,Mobile-Account,1.0,Financial,2025-06-14
ACC-0064,Syn-Acc-100068,Account,ACC-1366,Ext-Acc-331524,Account,Transferred-To,1.09,Financial,2025-04-10
ACC-0064,Syn-Acc-100068,Account,ACC-0072,Syn-Acc-100089,Account,Transferred-To,0.83,Financial,2026-08-27
ACC-0064,Syn-Acc-100068,Account,PER-0228,Nandha Natarajan,Person,Mobile-Account,1.0,Financial,2025-12-08
ACC-0064,Syn-Acc-100068,Account,ACC-1463,Ext-Acc-296308,Account,Transferred-To,0.97,Financial,2025-03-13
ACC-0065,Syn-Acc-100061,Account,PER-0067,Logesh Karuppasamy,Person,Linked-Account,2.5,FIR,29-04-2026
ACC-0065,Syn-Acc-100061,Account,PER-0343,Malathi Murugan,Person,Victim-Account,1.5,FIR,29-04-2026
ACC-0065,Syn-Acc-100061,Account,ACC-0561,Ext-Acc-329482,Account,Transferred-To,2.86,Financial,2026-08-02
ACC-0065,Syn-Acc-100061,Account,ACC-0600,Ext-Acc-321603,Account,Transferred-To,0.86,Financial,2025-03-26
ACC-0065,Syn-Acc-100061,Account,PER-0154,Bharathi Raj,Person,Mobile-Account,1.0,Financial,2025-03-26
ACC-0065,Syn-Acc-100061,Account,ACC-0784,Ext-Acc-256685,Account,Transferred-To,0.94,Financial,2025-07-15
ACC-0065,Syn-Acc-100061,Account,ACC-0882,Ext-Acc-293510,Account,Transferred-To,0.86,Financial,2025-08-12
ACC-0065,Syn-Acc-100061,Account,PER-0081,Dinesh Nathan,Person,Mobile-Account,1.0,Financial,2025-06-22
ACC-0065,Syn-Acc-100061,Account,ACC-1041,Ext-Acc-395161,Account,Transferred-To,0.9,Financial,2026-02-21
ACC-0065,Syn-Acc-100061,Account,ACC-1347,Ext-Acc-293646,Account,Transferred-To,7.5,Financial,2025-12-13
ACC-0065,Syn-Acc-100061,Account,ACC-1385,Ext-Acc-350235,Account,Transferred-To,1.32,Financial,2025-12-17
ACC-0065,Syn-Acc-100061,Account,PER-0110,Harish Babu,Person,Mobile-Account,1.0,Financial,2025-12-17
ACC-0066,Syn-Acc-100006,Account,PER-0093,Vasanth Mani,Person,Linked-Account,2.5,FIR,30-04-2026
ACC-0066,Syn-Acc-100006,Account,PER-0375,Inban Babu,Person,Victim-Account,1.5,FIR,30-04-2026
ACC-0066,Syn-Acc-100006,Account,ACC-0092,Ext-Acc-352350,Account,Transferred-To,7.35,Financial,2025-03-12
ACC-0066,Syn-Acc-100006,Account,ACC-0082,Syn-Acc-100043,Account,Transferred-To,4.39,Financial,2026-07-29
ACC-0066,Syn-Acc-100006,Account,PER-0012,Thirumal Palanisamy,Person,Mobile-Account,1.0,Financial,2025-01-23
ACC-0066,Syn-Acc-100006,Account,PER-0188,Meena Bai,Person,Mobile-Account,1.0,Financial,2025-11-11
ACC-0066,Syn-Acc-100006,Account,PER-0298,Suresh Selvam,Person,Mobile-Account,1.0,Financial,2025-05-17
ACC-0066,Syn-Acc-100006,Account,ACC-0292,Ext-Acc-243426,Account,Transferred-To,0.77,Financial,2026-03-30
ACC-0066,Syn-Acc-100006,Account,ACC-0306,Ext-Acc-393077,Account,Transferred-To,2.1,Financial,2025-11-25
ACC-0066,Syn-Acc-100006,Account,PER-0382,Gayathri Krishnan,Person,Mobile-Account,1.0,Financial,2025-11-25
ACC-0066,Syn-Acc-100006,Account,ACC-0072,Syn-Acc-100089,Account,Transferred-To,1.37,Financial,2025-07-03
ACC-0066,Syn-Acc-100006,Account,PER-0386,Bharathi Sri,Person,Mobile-Account,1.0,Financial,2025-08-05
ACC-0066,Syn-Acc-100006,Account,ACC-0403,Ext-Acc-270328,Account,Transferred-To,0.79,Financial,2025-01-15
ACC-0066,Syn-Acc-100006,Account,PER-0370,Kavitha Sri,Person,Mobile-Account,2.0,Financial,2025-03-18
ACC-0066,Syn-Acc-100006,Account,PER-0115,Nithin Balan,Person,Mobile-Account,1.0,Financial,2025-04-16
ACC-0066,Syn-Acc-100006,Account,ACC-0468,Ext-Acc-268562,Account,Transferred-To,7.5,Financial,2025-11-27
ACC-0066,Syn-Acc-100006,Account,ACC-0067,Syn-Acc-100044,Account,Transferred-To,0.86,Financial,2026-04-28
ACC-0066,Syn-Acc-100006,Account,ACC-0538,Ext-Acc-216315,Account,Transferred-To,0.82,Financial,2026-08-07
ACC-0066,Syn-Acc-100006,Account,ACC-0650,Ext-Acc-326149,Account,Transferred-To,0.81,Financial,2025-03-08
ACC-0066,Syn-Acc-100006,Account,PER-0242,Ganesh Selvam,Person,Mobile-Account,1.0,Financial,2025-03-08
ACC-0066,Syn-Acc-100006,Account,ACC-0662,Ext-Acc-380117,Account,Transferred-To,0.77,Financial,2025-03-28
ACC-0066,Syn-Acc-100006,Account,PER-0272,Divya Devi,Person,Mobile-Account,1.0,Financial,2025-03-28
ACC-0066,Syn-Acc-100006,Account,PER-0027,Sanjay Raj,Person,Mobile-Account,1.0,Financial,2025-10-25
ACC-0066,Syn-Acc-100006,Account,ACC-0683,Ext-Acc-256431,Account,Transferred-To,0.83,Financial,2025-08-12
ACC-0066,Syn-Acc-100006,Account,ACC-0796,Ext-Acc-353364,Account,Transferred-To,2.21,Financial,2026-04-19
ACC-0066,Syn-Acc-100006,Account,PER-0212,Rajesh Karuppasamy,Person,Mobile-Account,1.0,Financial,2026-04-19
ACC-0066,Syn-Acc-100006,Account,ACC-0080,Syn-Acc-100008,Account,Transferred-To,3.42,Financial,2026-01-21
ACC-0066,Syn-Acc-100006,Account,ACC-0898,Ext-Acc-308231,Account,Transferred-To,7.5,Financial,2026-04-18
ACC-0066,Syn-Acc-100006,Account,PER-0284,Kishore Arumugam,Person,Mobile-Account,1.0,Financial,2026-04-18
ACC-0066,Syn-Acc-100006,Account,ACC-0946,Ext-Acc-268938,Account,Transferred-To,0.81,Financial,2026-01-06
ACC-0066,Syn-Acc-100006,Account,ACC-0068,Syn-Acc-100066,Account,Transferred-To,0.98,Financial,2025-05-25
ACC-0066,Syn-Acc-100006,Account,PER-0030,Praveen Natarajan,Person,Mobile-Account,1.0,Financial,2025-05-25
ACC-0066,Syn-Acc-100006,Account,ACC-0968,Ext-Acc-329133,Account,Transferred-To,2.43,Financial,2026-01-27
ACC-0066,Syn-Acc-100006,Account,PER-0223,Gunasekar Murugan,Person,Mobile-Account,1.0,Financial,2026-01-27
ACC-0066,Syn-Acc-100006,Account,ACC-0073,Syn-Acc-100029,Account,Transferred-To,0.88,Financial,2025-05-09
ACC-0066,Syn-Acc-100006,Account,PER-0248,Gokul Karuppasamy,Person,Mobile-Account,1.0,Financial,2026-02-05
ACC-0066,Syn-Acc-100006,Account,ACC-1022,Ext-Acc-211835,Account,Transferred-To,1.17,Financial,2026-04-22
ACC-0066,Syn-Acc-100006,Account,ACC-1028,Ext-Acc-201967,Account,Transferred-To,0.88,Financial,2025-04-10
ACC-0066,Syn-Acc-100006,Account,ACC-1113,Ext-Acc-375527,Account,Transferred-To,1.81,Financial,2025-12-17
ACC-0066,Syn-Acc-100006,Account,PER-0359,Suresh Thangaraj,Person,Mobile-Account,1.0,Financial,2025-12-17
ACC-0066,Syn-Acc-100006,Account,PER-0237,Saravanan Murugan,Person,Mobile-Account,1.0,Financial,2026-03-14
ACC-0066,Syn-Acc-100006,Account,ACC-1176,Ext-Acc-379849,Account,Transferred-To,1.27,Financial,2025-08-21
ACC-0066,Syn-Acc-100006,Account,PER-0003,Dinesh Prakash,Person,Mobile-Account,1.0,Financial,2025-08-21
ACC-0066,Syn-Acc-100006,Account,PER-0183,Venkat Palanisamy,Person,Mobile-Account,1.0,Financial,2025-05-15
ACC-0066,Syn-Acc-100006,Account,ACC-1255,Ext-Acc-344813,Account,Transferred-To,1.5,Financial,2025-12-13
ACC-0066,Syn-Acc-100006,Account,PER-0289,Bhuvana Raman,Person,Mobile-Account,1.0,Financial,2025-12-13
ACC-0066,Syn-Acc-100006,Account,PER-0066,Sudha Sekar,Person,Mobile-Account,1.0,Financial,2025-06-29
ACC-0066,Syn-Acc-100006,Account,ACC-1380,Ext-Acc-244310,Account,Transferred-To,7.0,Financial,2026-08-18
ACC-0066,Syn-Acc-100006,Account,ACC-1386,Ext-Acc-310656,Account,Transferred-To,0.82,Financial,2026-06-02
ACC-0066,Syn-Acc-100006,Account,ACC-1396,Ext-Acc-249669,Account,Transferred-To,0.8,Financial,2025-08-09
ACC-0066,Syn-Acc-100006,Account,ACC-1460,Ext-Acc-243209,Account,Transferred-To,7.37,Financial,2025-10-01
ACC-0067,Syn-Acc-100044,Account,PER-0060,Madhan Babu,Person,Linked-Account,2.5,FIR,30-04-2026
ACC-0067,Syn-Acc-100044,Account,PER-0223,Gunasekar Murugan,Person,Victim-Account,1.5,FIR,30-04-2026
ACC-0067,Syn-Acc-100044,Account,PER-0355,Ajith Nathan,Person,Linked-Account,2.5,FIR,16-06-2026
ACC-0067,Syn-Acc-100044,Account,PER-0145,Tamilselvi Devi,Person,Victim-Account,1.5,FIR,16-06-2026
ACC-0067,Syn-Acc-100044,Account,ACC-0178,Ext-Acc-293677,Account,Transferred-To,0.96,Financial,2025-04-18
ACC-0067,Syn-Acc-100044,Account,PER-0310,Mathan Balan,Person,Mobile-Account,1.0,Financial,2026-04-28
ACC-0067,Syn-Acc-100044,Account,ACC-0608,Ext-Acc-373505,Account,Transferred-To,7.5,Financial,2026-03-19
ACC-0067,Syn-Acc-100044,Account,PER-0182,Saravanan Sundaram,Person,Mobile-Account,1.0,Financial,2025-06-03
ACC-0067,Syn-Acc-100044,Account,PER-0102,Malathi Kumari,Person,Mobile-Account,1.0,Financial,2025-01-23
ACC-0067,Syn-Acc-100044,Account,PER-0085,Madhan Murugan,Person,Mobile-Account,1.0,Financial,2025-04-17
ACC-0068,Syn-Acc-100066,Account,PER-0365,Karthik Shankar,Person,Linked-Account,2.5,FIR,13-05-2026
ACC-0068,Syn-Acc-100066,Account,PER-0145,Tamilselvi Devi,Person,Victim-Account,1.5,FIR,13-05-2026
ACC-0068,Syn-Acc-100066,Account,PER-0361,Abirami Rani,Person,Mobile-Account,1.0,Financial,2025-07-20
ACC-0068,Syn-Acc-100066,Account,ACC-0602,Ext-Acc-316976,Account,Transferred-To,0.86,Financial,2026-01-27
ACC-0068,Syn-Acc-100066,Account,PER-0162,Karthik Thangaraj,Person,Mobile-Account,1.0,Financial,2026-01-27
ACC-0068,Syn-Acc-100066,Account,ACC-0086,Syn-Acc-100098,Account,Transferred-To,1.89,Financial,2026-07-30
ACC-0068,Syn-Acc-100066,Account,ACC-0934,Ext-Acc-266062,Account,Transferred-To,0.96,Financial,2026-06-03
ACC-0068,Syn-Acc-100066,Account,ACC-1091,Ext-Acc-350222,Account,Transferred-To,0.8,Financial,2026-02-02
ACC-0068,Syn-Acc-100066,Account,PER-0358,Venkat Kumar,Person,Mobile-Account,1.0,Financial,2026-02-02
ACC-0068,Syn-Acc-100066,Account,ACC-1178,Ext-Acc-297584,Account,Transferred-To,0.95,Financial,2026-06-04
ACC-0068,Syn-Acc-100066,Account,PER-0198,Mohan Sekar,Person,Mobile-Account,1.0,Financial,2025-08-03
ACC-0068,Syn-Acc-100066,Account,ACC-1223,Ext-Acc-399309,Account,Transferred-To,7.5,Financial,2025-10-03
ACC-0068,Syn-Acc-100066,Account,PER-0071,Nithin Thangaraj,Person,Mobile-Account,1.0,Financial,2025-10-03
ACC-0068,Syn-Acc-100066,Account,ACC-1334,Ext-Acc-252244,Account,Transferred-To,0.78,Financial,2025-05-14
ACC-0068,Syn-Acc-100066,Account,PER-0027,Sanjay Raj,Person,Mobile-Account,1.0,Financial,2026-01-23
ACC-0068,Syn-Acc-100066,Account,ACC-1356,Ext-Acc-369968,Account,Transferred-To,2.7,Financial,2025-12-16
ACC-0068,Syn-Acc-100066,Account,PER-0334,Latha Ammal,Person,Mobile-Account,1.0,Financial,2025-12-16
ACC-0068,Syn-Acc-100066,Account,ACC-1369,Ext-Acc-384259,Account,Transferred-To,2.29,Financial,2026-08-12
ACC-0068,Syn-Acc-100066,Account,PER-0274,Tamilarasan Karuppasamy,Person,Mobile-Account,1.0,Financial,2026-08-12
ACC-0069,Syn-Acc-100049,Account,PER-0356,Senthil Natarajan,Person,Linked-Account,2.5,FIR,17-05-2026
ACC-0069,Syn-Acc-100049,Account,PER-0378,Senthil Raman,Person,Victim-Account,1.5,FIR,17-05-2026
ACC-0069,Syn-Acc-100049,Account,ACC-0298,Ext-Acc-221679,Account,Transferred-To,4.58,Financial,2026-03-04
ACC-0069,Syn-Acc-100049,Account,PER-0002,Inban Selvam,Person,Mobile-Account,1.0,Financial,2026-03-07
ACC-0069,Syn-Acc-100049,Account,ACC-0590,Ext-Acc-384877,Account,Transferred-To,0.8,Financial,2026-06-18
ACC-0069,Syn-Acc-100049,Account,PER-0364,Janani Sekar,Person,Mobile-Account,1.0,Financial,2026-06-18
ACC-0069,Syn-Acc-100049,Account,PER-0076,Hariharan Babu,Person,Mobile-Account,1.0,Financial,2025-07-02
ACC-0069,Syn-Acc-100049,Account,ACC-0685,Ext-Acc-348436,Account,Transferred-To,7.5,Financial,2025-12-12
ACC-0069,Syn-Acc-100049,Account,PER-0376,Harish Pandian,Person,Mobile-Account,1.0,Financial,2025-12-12
ACC-0069,Syn-Acc-100049,Account,ACC-0691,Ext-Acc-200419,Account,Transferred-To,1.13,Financial,2025-07-24
ACC-0069,Syn-Acc-100049,Account,PER-0139,Logesh Palanisamy,Person,Mobile-Account,1.0,Financial,2025-10-07
ACC-0069,Syn-Acc-100049,Account,PER-0189,Deepak Subramani,Person,Mobile-Account,1.0,Financial,2026-07-03
ACC-0069,Syn-Acc-100049,Account,PER-0398,Sanjay Shankar,Person,Mobile-Account,1.0,Financial,2026-06-15
ACC-0069,Syn-Acc-100049,Account,ACC-1402,Ext-Acc-378485,Account,Transferred-To,1.09,Financial,2026-02-24
ACC-0070,Syn-Acc-100062,Account,PER-0052,Mathan Raman,Person,Linked-Account,2.5,FIR,18-05-2026
ACC-0070,Syn-Acc-100062,Account,PER-0027,Sanjay Raj,Person,Victim-Account,3.0,FIR,18-05-2026
ACC-0070,Syn-Acc-100062,Account,PER-0365,Karthik Shankar,Person,Linked-Account,2.5,FIR,12-09-2026
ACC-0070,Syn-Acc-100062,Account,ACC-0095,Ext-Acc-210322,Account,Transferred-To,1.47,Financial,2026-01-05
ACC-0070,Syn-Acc-100062,Account,ACC-0381,Ext-Acc-293311,Account,Transferred-To,0.9,Financial,2025-12-12
ACC-0070,Syn-Acc-100062,Account,PER-0295,Gopal Karuppasamy,Person,Mobile-Account,1.0,Financial,2026-09-08
ACC-0070,Syn-Acc-100062,Account,ACC-0548,Ext-Acc-310665,Account,Transferred-To,7.5,Financial,2026-06-28
ACC-0070,Syn-Acc-100062,Account,PER-0300,Logesh Subramani,Person,Mobile-Account,1.0,Financial,2026-06-28
ACC-0070,Syn-Acc-100062,Account,ACC-0579,Ext-Acc-332472,Account,Transferred-To,1.71,Financial,2026-08-19
ACC-0070,Syn-Acc-100062,Account,PER-0331,Sanjay Velan,Person,Mobile-Account,1.0,Financial,2026-06-17
ACC-0070,Syn-Acc-100062,Account,PER-0225,Lakshmi Krishnan,Person,Mobile-Account,1.0,Financial,2026-05-27
ACC-0070,Syn-Acc-100062,Account,ACC-0692,Ext-Acc-323601,Account,Transferred-To,2.12,Financial,2026-01-16
ACC-0070,Syn-Acc-100062,Account,PER-0305,Sudha Bai,Person,Mobile-Account,1.0,Financial,2026-01-16
ACC-0070,Syn-Acc-100062,Account,ACC-0884,Ext-Acc-328255,Account,Transferred-To,1.55,Financial,2026-04-04
ACC-0070,Syn-Acc-100062,Account,PER-0231,Indhu Murugan,Person,Mobile-Account,1.0,Financial,2026-04-04
ACC-0071,Syn-Acc-100090,Account,PER-0095,Udhay Anand,Person,Linked-Account,2.5,FIR,27-05-2026
ACC-0071,Syn-Acc-100090,Account,PER-0126,Mythili Selvi,Person,Victim-Account,1.5,FIR,27-05-2026
ACC-0071,Syn-Acc-100090,Account,ACC-0250,Ext-Acc-206021,Account,Transferred-To,0.98,Financial,2025-12-21
ACC-0071,Syn-Acc-100090,Account,ACC-0082,Syn-Acc-100043,Account,Transferred-To,2.5,Financial,2025-10-24
ACC-0071,Syn-Acc-100090,Account,PER-0172,Arjun Pandian,Person,Mobile-Account,1.0,Financial,2025-10-24
ACC-0071,Syn-Acc-100090,Account,ACC-0289,Ext-Acc-388063,Account,Transferred-To,0.8,Financial,2026-03-10
ACC-0071,Syn-Acc-100090,Account,PER-0007,Babu Rajan,Person,Mobile-Account,1.0,Financial,2026-03-10
ACC-0071,Syn-Acc-100090,Account,PER-0159,Divya Murugan,Person,Mobile-Account,1.0,Financial,2026-04-30
ACC-0071,Syn-Acc-100090,Account,ACC-0870,Ext-Acc-390010,Account,Transferred-To,0.92,Financial,2025-01-08
ACC-0071,Syn-Acc-100090,Account,PER-0100,Balaji Karuppasamy,Person,Mobile-Account,1.0,Financial,2025-01-08
ACC-0071,Syn-Acc-100090,Account,ACC-1029,Ext-Acc-246971,Account,Transferred-To,2.73,Financial,2026-07-12
ACC-0072,Syn-Acc-100089,Account,PER-0069,Jagan Anand,Person,Linked-Account,2.5,FIR,23-05-2026
ACC-0072,Syn-Acc-100089,Account,PER-0257,Geetha Kumari,Person,Victim-Account,1.5,FIR,23-05-2026
ACC-0072,Syn-Acc-100089,Account,ACC-0093,Ext-Acc-255333,Account,Transferred-To,0.82,Financial,2025-01-09
ACC-0072,Syn-Acc-100089,Account,ACC-0218,Ext-Acc-273044,Account,Transferred-To,0.78,Financial,2025-10-16
ACC-0072,Syn-Acc-100089,Account,ACC-0233,Ext-Acc-201617,Account,Transferred-To,7.5,Financial,2025-05-12
ACC-0072,Syn-Acc-100089,Account,PER-0055,Arun Natarajan,Person,Mobile-Account,2.0,Financial,2025-07-03
ACC-0072,Syn-Acc-100089,Account,ACC-0365,Ext-Acc-232207,Account,Transferred-To,1.17,Financial,2025-12-08
ACC-0072,Syn-Acc-100089,Account,PER-0356,Senthil Natarajan,Person,Mobile-Account,1.0,Financial,2026-08-18
ACC-0072,Syn-Acc-100089,Account,ACC-0512,Ext-Acc-376543,Account,Transferred-To,0.81,Financial,2025-07-02
ACC-0072,Syn-Acc-100089,Account,PER-0109,Ajith Murugan,Person,Mobile-Account,1.0,Financial,2025-07-02
ACC-0072,Syn-Acc-100089,Account,ACC-0596,Ext-Acc-219213,Account,Transferred-To,2.86,Financial,2025-03-29
ACC-0072,Syn-Acc-100089,Account,ACC-0626,Ext-Acc-294030,Account,Transferred-To,2.21,Financial,2025-06-09
ACC-0072,Syn-Acc-100089,Account,ACC-0635,Ext-Acc-325419,Account,Transferred-To,0.9,Financial,2026-04-17
ACC-0072,Syn-Acc-100089,Account,PER-0132,Arjun Shankar,Person,Mobile-Account,2.0,Financial,2026-04-17
ACC-0072,Syn-Acc-100089,Account,ACC-0700,Ext-Acc-368603,Account,Transferred-To,1.89,Financial,2026-01-19
ACC-0072,Syn-Acc-100089,Account,ACC-1070,Ext-Acc-307801,Account,Mobile-Account,1.0,Financial,2026-01-19
ACC-0072,Syn-Acc-100089,Account,ACC-0087,Syn-Acc-100099,Account,Transferred-To,2.05,Financial,2026-08-15
ACC-0072,Syn-Acc-100089,Account,ACC-0086,Syn-Acc-100098,Account,Transferred-To,3.33,Financial,2025-05-11
ACC-0072,Syn-Acc-100089,Account,PER-0091,Vignesh Balan,Person,Mobile-Account,1.0,Financial,2025-05-11
ACC-0072,Syn-Acc-100089,Account,ACC-0806,Ext-Acc-264325,Account,Transferred-To,7.5,Financial,2026-05-28
ACC-0072,Syn-Acc-100089,Account,PER-0227,Ezhilan Ramasamy,Person,Mobile-Account,1.0,Financial,2026-07-03
ACC-0072,Syn-Acc-100089,Account,ACC-0883,Ext-Acc-272130,Account,Transferred-To,7.5,Financial,2026-04-16
ACC-0072,Syn-Acc-100089,Account,ACC-0936,Ext-Acc-395156,Account,Transferred-To,2.18,Financial,2025-05-04
ACC-0072,Syn-Acc-100089,Account,PER-0061,Dinesh Balan,Person,Mobile-Account,1.0,Financial,2025-05-04
ACC-0072,Syn-Acc-100089,Account,PER-0078,Gokul Muthu,Person,Mobile-Account,1.0,Financial,2026-06-29
ACC-0072,Syn-Acc-100089,Account,PER-0256,Bharathi Raman,Person,Mobile-Account,1.0,Financial,2026-02-15
ACC-0072,Syn-Acc-100089,Account,PER-0209,Kishore Murugan,Person,Mobile-Account,1.0,Financial,2026-06-20
ACC-0072,Syn-Acc-100089,Account,ACC-1100,Ext-Acc-323818,Account,Transferred-To,3.43,Financial,2025-08-03
ACC-0072,Syn-Acc-100089,Account,PER-0046,Lokesh Balan,Person,Mobile-Account,1.0,Financial,2025-08-03
ACC-0072,Syn-Acc-100089,Account,ACC-1101,Ext-Acc-337475,Account,Transferred-To,2.02,Financial,2026-03-30
ACC-0072,Syn-Acc-100089,Account,PER-0181,Abirami Raj,Person,Mobile-Account,1.0,Financial,2026-03-30
ACC-0072,Syn-Acc-100089,Account,PER-0166,Yogesh Balan,Person,Mobile-Account,1.0,Financial,2025-12-25
ACC-0072,Syn-Acc-100089,Account,PER-0332,Vasanthi Ammal,Person,Mobile-Account,1.0,Financial,2025-01-22
ACC-0072,Syn-Acc-100089,Account,PER-0287,Venkat Prakash,Person,Mobile-Account,1.0,Financial,2025-04-19
ACC-0072,Syn-Acc-100089,Account,ACC-0084,Syn-Acc-100039,Account,Transferred-To,1.8,Financial,2025-09-23
ACC-0072,Syn-Acc-100089,Account,ACC-1243,Ext-Acc-334093,Account,Transferred-To,7.5,Financial,2026-03-04
ACC-0072,Syn-Acc-100089,Account,PER-0291,Mythili Murugan,Person,Mobile-Account,1.0,Financial,2026-03-04
ACC-0072,Syn-Acc-100089,Account,ACC-0080,Syn-Acc-100008,Account,Transferred-To,2.75,Financial,2025-09-30
ACC-0072,Syn-Acc-100089,Account,ACC-0082,Syn-Acc-100043,Account,Transferred-To,3.8,Financial,2026-05-20
ACC-0072,Syn-Acc-100089,Account,ACC-1315,Ext-Acc-283522,Account,Transferred-To,7.5,Financial,2026-03-28
ACC-0072,Syn-Acc-100089,Account,PER-0010,Vasanth Gopal,Person,Mobile-Account,1.0,Financial,2026-05-14
ACC-0072,Syn-Acc-100089,Account,ACC-1454,Ext-Acc-266727,Account,Transferred-To,1.83,Financial,2025-07-03
ACC-0073,Syn-Acc-100029,Account,PER-0258,Anand Palanisamy,Person,Linked-Account,2.5,FIR,08-06-2026
ACC-0073,Syn-Acc-100029,Account,PER-0174,Vasanth Raman,Person,Victim-Account,1.5,FIR,08-06-2026
ACC-0073,Syn-Acc-100029,Account,ACC-0101,Ext-Acc-208981,Account,Transferred-To,0.9,Financial,2026-04-07
ACC-0073,Syn-Acc-100029,Account,ACC-0305,Ext-Acc-289995,Account,Transferred-To,1.67,Financial,2026-06-24
ACC-0073,Syn-Acc-100029,Account,ACC-0393,Ext-Acc-241060,Account,Transferred-To,0.78,Financial,2026-06-17
ACC-0073,Syn-Acc-100029,Account,ACC-0414,Ext-Acc-308601,Account,Transferred-To,5.75,Financial,2025-05-19
ACC-0073,Syn-Acc-100029,Account,ACC-0724,Ext-Acc-233072,Account,Transferred-To,0.83,Financial,2025-10-05
ACC-0073,Syn-Acc-100029,Account,ACC-0080,Syn-Acc-100008,Account,Transferred-To,1.63,Financial,2026-03-15
ACC-0073,Syn-Acc-100029,Account,ACC-0786,Ext-Acc-355290,Account,Transferred-To,1.13,Financial,2026-09-05
ACC-0073,Syn-Acc-100029,Account,PER-0188,Meena Bai,Person,Mobile-Account,1.0,Financial,2025-05-09
ACC-0073,Syn-Acc-100029,Account,ACC-1054,Ext-Acc-372276,Account,Transferred-To,0.93,Financial,2025-04-18
ACC-0073,Syn-Acc-100029,Account,PER-0227,Ezhilan Ramasamy,Person,Mobile-Account,1.0,Financial,2025-04-18
ACC-0074,Syn-Acc-100091,Account,PER-0309,Sathish Ramasamy,Person,Linked-Account,2.5,FIR,07-06-2026
ACC-0074,Syn-Acc-100091,Account,PER-0090,Anand Natarajan,Person,Victim-Account,1.5,FIR,07-06-2026
ACC-0074,Syn-Acc-100091,Account,ACC-0267,Ext-Acc-251936,Account,Transferred-To,3.98,Financial,2025-12-18
ACC-0074,Syn-Acc-100091,Account,PER-0259,Chithra Kannan,Person,Mobile-Account,1.0,Financial,2025-02-12
ACC-0074,Syn-Acc-100091,Account,ACC-0500,Ext-Acc-235956,Account,Transferred-To,1.97,Financial,2025-12-19
ACC-0074,Syn-Acc-100091,Account,PER-0293,Babu Balan,Person,Mobile-Account,1.0,Financial,2025-03-13
ACC-0074,Syn-Acc-100091,Account,PER-0307,Deviga Krishnan,Person,Mobile-Account,1.0,Financial,2025-02-26
ACC-0074,Syn-Acc-100091,Account,ACC-1077,Ext-Acc-359839,Account,Transferred-To,7.5,Financial,2026-02-26
ACC-0074,Syn-Acc-100091,Account,PER-0373,Anand Muthu,Person,Mobile-Account,1.0,Financial,2026-02-26
ACC-0074,Syn-Acc-100091,Account,ACC-0087,Syn-Acc-100099,Account,Transferred-To,2.23,Financial,2025-04-06
ACC-0075,Syn-Acc-100092,Account,PER-0009,Deviga Murugan,Person,Victim-Account,1.5,FIR,16-06-2026
ACC-0075,Syn-Acc-100092,Account,ACC-0083,Syn-Acc-100096,Account,Transferred-To,7.5,Financial,2026-04-13
ACC-0075,Syn-Acc-100092,Account,PER-0074,Padmini Raj,Person,Mobile-Account,1.0,Financial,2026-04-13
ACC-0075,Syn-Acc-100092,Account,PER-0311,Meena Krishnan,Person,Mobile-Account,1.0,Financial,2025-10-13
ACC-0075,Syn-Acc-100092,Account,PER-0125,Saranya Murugan,Person,Mobile-Account,1.0,Financial,2025-09-23
ACC-0075,Syn-Acc-100092,Account,PER-0245,Senthil Prakash,Person,Mobile-Account,1.0,Financial,2026-08-15
ACC-0075,Syn-Acc-100092,Account,ACC-0671,Ext-Acc-249114,Account,Transferred-To,0.77,Financial,2025-04-27
ACC-0075,Syn-Acc-100092,Account,ACC-0753,Ext-Acc-277717,Account,Transferred-To,2.89,Financial,2026-04-17
ACC-0075,Syn-Acc-100092,Account,ACC-1249,Ext-Acc-243435,Account,Transferred-To,7.5,Financial,2025-08-09
ACC-0075,Syn-Acc-100092,Account,ACC-1332,Ext-Acc-351303,Account,Transferred-To,2.66,Financial,2026-04-30
ACC-0075,Syn-Acc-100092,Account,PER-0073,Gokul Sundaram,Person,Mobile-Account,1.0,Financial,2026-04-30
ACC-0075,Syn-Acc-100092,Account,ACC-1357,Ext-Acc-382255,Account,Transferred-To,0.83,Financial,2026-01-03
ACC-0076,Syn-Acc-100050,Account,PER-0253,Harish Murugan,Person,Linked-Account,2.5,FIR,26-06-2026
ACC-0076,Syn-Acc-100050,Account,PER-0319,Babu Murugan,Person,Victim-Account,1.5,FIR,26-06-2026
ACC-0076,Syn-Acc-100050,Account,PER-0037,Elango Balan,Person,Mobile-Account,1.0,Financial,2025-04-03
ACC-0076,Syn-Acc-100050,Account,ACC-0457,Ext-Acc-203771,Account,Transferred-To,7.5,Financial,2026-05-18
ACC-0076,Syn-Acc-100050,Account,ACC-0084,Syn-Acc-100039,Account,Transferred-To,7.5,Financial,2025-06-09
ACC-0076,Syn-Acc-100050,Account,PER-0163,Rakesh Krishnan,Person,Mobile-Account,1.0,Financial,2025-06-09
ACC-0076,Syn-Acc-100050,Account,ACC-0081,Syn-Acc-100095,Account,Transferred-To,2.78,Financial,2026-01-17
ACC-0076,Syn-Acc-100050,Account,PER-0221,Nithin Murugan,Person,Mobile-Account,1.0,Financial,2025-04-27
ACC-0076,Syn-Acc-100050,Account,PER-0086,Prakash Chandran,Person,Mobile-Account,1.0,Financial,2025-08-12
ACC-0076,Syn-Acc-100050,Account,ACC-1129,Ext-Acc-339596,Account,Transferred-To,0.8,Financial,2026-09-09
ACC-0076,Syn-Acc-100050,Account,ACC-1185,Ext-Acc-316310,Account,Transferred-To,0.98,Financial,2025-06-16
ACC-0076,Syn-Acc-100050,Account,PER-0082,Rajeshwari Rani,Person,Mobile-Account,1.0,Financial,2025-06-16
ACC-0076,Syn-Acc-100050,Account,ACC-1276,Ext-Acc-291025,Account,Transferred-To,0.93,Financial,2026-02-28
ACC-0077,Syn-Acc-100067,Account,PER-0365,Karthik Shankar,Person,Linked-Account,3.5,FIR,30-06-2026
ACC-0077,Syn-Acc-100067,Account,PER-0353,Divya Sekar,Person,Victim-Account,1.5,FIR,30-06-2026
ACC-0077,Syn-Acc-100067,Account,ACC-0195,Ext-Acc-368069,Account,Transferred-To,1.52,Financial,2026-04-22
ACC-0077,Syn-Acc-100067,Account,PER-0330,Indhu Sri,Person,Mobile-Account,1.0,Financial,2026-04-22
ACC-0077,Syn-Acc-100067,Account,ACC-0472,Ext-Acc-364972,Account,Transferred-To,2.12,Financial,2025-11-07
ACC-0077,Syn-Acc-100067,Account,PER-0349,Padmini Rani,Person,Mobile-Account,1.0,Financial,2025-11-07
ACC-0077,Syn-Acc-100067,Account,PER-0207,Murugan Babu,Person,Mobile-Account,1.0,Financial,2025-08-18
ACC-0077,Syn-Acc-100067,Account,PER-0114,Elango Selvam,Person,Mobile-Account,1.0,Financial,2026-03-02
ACC-0077,Syn-Acc-100067,Account,PER-0341,Madhan Nathan,Person,Mobile-Account,1.0,Financial,2026-01-18
ACC-0077,Syn-Acc-100067,Account,ACC-0907,Ext-Acc-368806,Account,Transferred-To,7.5,Financial,2025-07-25
ACC-0077,Syn-Acc-100067,Account,PER-0108,Murugan Karuppasamy,Person,Mobile-Account,1.0,Financial,2025-07-25
ACC-0077,Syn-Acc-100067,Account,ACC-1098,Ext-Acc-335160,Account,Transferred-To,7.5,Financial,2025-06-04
ACC-0077,Syn-Acc-100067,Account,PER-0346,Inban Pandian,Person,Mobile-Account,1.0,Financial,2026-08-12
ACC-0077,Syn-Acc-100067,Account,PER-0095,Udhay Anand,Person,Mobile-Account,1.0,Financial,2026-06-04
ACC-0077,Syn-Acc-100067,Account,ACC-1271,Ext-Acc-339278,Account,Transferred-To,0.78,Financial,2025-08-03
ACC-0077,Syn-Acc-100067,Account,PER-0099,Kavitha Selvam,Person,Mobile-Account,1.0,Financial,2025-08-03
ACC-0077,Syn-Acc-100067,Account,ACC-0082,Syn-Acc-100043,Account,Transferred-To,0.9,Financial,2026-03-19
ACC-0078,Syn-Acc-100093,Account,PER-0387,Nandhini Kumari,Person,Victim-Account,1.5,FIR,04-07-2026
ACC-0078,Syn-Acc-100093,Account,ACC-0127,Ext-Acc-263372,Account,Transferred-To,0.82,Financial,2025-03-09
ACC-0078,Syn-Acc-100093,Account,ACC-0156,Ext-Acc-314201,Account,Transferred-To,0.91,Financial,2026-03-13
ACC-0078,Syn-Acc-100093,Account,ACC-0279,Ext-Acc-257067,Account,Transferred-To,2.23,Financial,2025-02-22
ACC-0078,Syn-Acc-100093,Account,ACC-0364,Ext-Acc-351662,Account,Transferred-To,1.13,Financial,2025-12-17
ACC-0078,Syn-Acc-100093,Account,ACC-0082,Syn-Acc-100043,Account,Transferred-To,7.5,Financial,2026-06-03
ACC-0078,Syn-Acc-100093,Account,PER-0135,Vasanthi Bai,Person,Mobile-Account,1.0,Financial,2025-05-07
ACC-0078,Syn-Acc-100093,Account,PER-0077,Anand Arumugam,Person,Mobile-Account,1.0,Financial,2025-09-20
ACC-0078,Syn-Acc-100093,Account,ACC-0978,Ext-Acc-217187,Account,Transferred-To,0.84,Financial,2025-02-23
ACC-0078,Syn-Acc-100093,Account,ACC-1279,Ext-Acc-200796,Account,Transferred-To,0.86,Financial,2025-05-03
ACC-0079,Syn-Acc-100094,Account,PER-0124,Chandran Subramani,Person,Linked-Account,2.5,FIR,06-07-2026
ACC-0079,Syn-Acc-100094,Account,PER-0151,Dharani Gopal,Person,Victim-Account,1.5,FIR,06-07-2026
ACC-0079,Syn-Acc-100094,Account,ACC-0204,Ext-Acc-313178,Account,Transferred-To,0.89,Financial,2025-05-03
ACC-0079,Syn-Acc-100094,Account,PER-0296,Praveen Raman,Person,Mobile-Account,1.0,Financial,2025-05-03
ACC-0079,Syn-Acc-100094,Account,ACC-0304,Ext-Acc-398097,Account,Transferred-To,2.21,Financial,2026-03-06
ACC-0079,Syn-Acc-100094,Account,PER-0152,Pavithra Bai,Person,Mobile-Account,1.0,Financial,2026-03-06
ACC-0079,Syn-Acc-100094,Account,PER-0288,Kumaran Murugan,Person,Mobile-Account,1.0,Financial,2025-12-31
ACC-0079,Syn-Acc-100094,Account,ACC-0405,Ext-Acc-380024,Account,Transferred-To,2.94,Financial,2025-03-10
ACC-0079,Syn-Acc-100094,Account,ACC-0492,Ext-Acc-244558,Account,Transferred-To,0.83,Financial,2025-03-19
ACC-0079,Syn-Acc-100094,Account,PER-0345,Sanjay Anand,Person,Mobile-Account,1.0,Financial,2025-07-13
ACC-0079,Syn-Acc-100094,Account,PER-0251,Kishore Velan,Person,Mobile-Account,1.0,Financial,2026-01-02
ACC-0080,Syn-Acc-100008,Account,PER-0253,Harish Murugan,Person,Linked-Account,2.5,FIR,29-06-2026
ACC-0080,Syn-Acc-100008,Account,PER-0223,Gunasekar Murugan,Person,Victim-Account,1.5,FIR,29-06-2026
ACC-0080,Syn-Acc-100008,Account,PER-0259,Chithra Kannan,Person,Mobile-Account,2.0,Financial,2025-04-27
ACC-0080,Syn-Acc-100008,Account,ACC-0295,Ext-Acc-378167,Account,Transferred-To,0.93,Financial,2025-09-24
ACC-0080,Syn-Acc-100008,Account,PER-0371,Bhuvana Kannan,Person,Mobile-Account,1.0,Financial,2025-09-24
ACC-0080,Syn-Acc-100008,Account,ACC-0411,Ext-Acc-228574,Account,Transferred-To,0.88,Financial,2025-05-06
ACC-0080,Syn-Acc-100008,Account,ACC-0086,Syn-Acc-100098,Account,Transferred-To,1.79,Financial,2025-03-04
ACC-0080,Syn-Acc-100008,Account,ACC-0415,Ext-Acc-365054,Account,Transferred-To,0.92,Financial,2025-11-20
ACC-0080,Syn-Acc-100008,Account,PER-0136,Durga Raman,Person,Mobile-Account,1.0,Financial,2025-11-20
ACC-0080,Syn-Acc-100008,Account,ACC-0419,Ext-Acc-381085,Account,Transferred-To,2.1,Financial,2025-05-17
ACC-0080,Syn-Acc-100008,Account,ACC-0461,Ext-Acc-398295,Account,Transferred-To,0.92,Financial,2026-03-30
ACC-0080,Syn-Acc-100008,Account,PER-0307,Deviga Krishnan,Person,Mobile-Account,1.0,Financial,2026-03-30
ACC-0080,Syn-Acc-100008,Account,ACC-0477,Ext-Acc-387432,Account,Transferred-To,0.8,Financial,2025-03-20
ACC-0080,Syn-Acc-100008,Account,ACC-0479,Ext-Acc-247400,Account,Transferred-To,1.36,Financial,2025-10-10
ACC-0080,Syn-Acc-100008,Account,ACC-0575,Ext-Acc-301401,Account,Transferred-To,0.88,Financial,2025-04-16
ACC-0080,Syn-Acc-100008,Account,PER-0142,Siva Muthu,Person,Mobile-Account,1.0,Financial,2025-04-16
ACC-0080,Syn-Acc-100008,Account,PER-0065,Deepak Gopal,Person,Mobile-Account,1.0,Financial,2025-12-01
ACC-0080,Syn-Acc-100008,Account,ACC-0699,Ext-Acc-366400,Account,Transferred-To,0.88,Financial,2025-10-17
ACC-0080,Syn-Acc-100008,Account,PER-0067,Logesh Karuppasamy,Person,Mobile-Account,1.0,Financial,2025-10-17
ACC-0080,Syn-Acc-100008,Account,PER-0378,Senthil Raman,Person,Mobile-Account,1.0,Financial,2026-03-15
ACC-0080,Syn-Acc-100008,Account,ACC-0087,Syn-Acc-100099,Account,Transferred-To,0.95,Financial,2026-08-26
ACC-0080,Syn-Acc-100008,Account,ACC-0082,Syn-Acc-100043,Account,Transferred-To,12.14,Financial,2026-06-29
ACC-0080,Syn-Acc-100008,Account,PER-0026,Hariharan Subramani,Person,Mobile-Account,1.0,Financial,2026-06-29
ACC-0080,Syn-Acc-100008,Account,PER-0262,Praveen Anand,Person,Mobile-Account,1.0,Financial,2026-02-11
ACC-0080,Syn-Acc-100008,Account,ACC-0974,Ext-Acc-318116,Account,Transferred-To,0.84,Financial,2026-06-04
ACC-0080,Syn-Acc-100008,Account,PER-0121,Chandran Krishnan,Person,Mobile-Account,1.0,Financial,2026-06-04
ACC-0080,Syn-Acc-100008,Account,PER-0058,Revathi Ammal,Person,Mobile-Account,1.0,Financial,2026-04-04
ACC-0080,Syn-Acc-100008,Account,PER-0182,Saravanan Sundaram,Person,Mobile-Account,1.0,Financial,2026-06-09
ACC-0080,Syn-Acc-100008,Account,PER-0277,Karthik Rajan,Person,Mobile-Account,1.0,Financial,2026-02-23
ACC-0080,Syn-Acc-100008,Account,PER-0200,Dharani Shankar,Person,Mobile-Account,1.0,Financial,2026-03-25
ACC-0080,Syn-Acc-100008,Account,ACC-0081,Syn-Acc-100095,Account,Transferred-To,0.78,Financial,2026-04-20
ACC-0080,Syn-Acc-100008,Account,ACC-1128,Ext-Acc-218463,Account,Transferred-To,7.5,Financial,2026-05-23
ACC-0080,Syn-Acc-100008,Account,PER-0078,Gokul Muthu,Person,Mobile-Account,1.0,Financial,2025-08-26
ACC-0080,Syn-Acc-100008,Account,ACC-1182,Ext-Acc-215163,Account,Transferred-To,1.14,Financial,2026-01-30
ACC-0080,Syn-Acc-100008,Account,ACC-1206,Ext-Acc-279588,Account,Transferred-To,0.86,Financial,2025-04-26
ACC-0080,Syn-Acc-100008,Account,PER-0048,Murugan Sundaram,Person,Mobile-Account,1.0,Financial,2025-09-30
ACC-0080,Syn-Acc-100008,Account,PER-0007,Babu Rajan,Person,Mobile-Account,1.0,Financial,2025-10-26
ACC-0080,Syn-Acc-100008,Account,PER-0396,Nithya Devi,Person,Mobile-Account,1.0,Financial,2026-02-24
ACC-0080,Syn-Acc-100008,Account,PER-0021,Vidhya Krishnan,Person,Mobile-Account,1.0,Financial,2025-03-28
ACC-0080,Syn-Acc-100008,Account,ACC-1362,Ext-Acc-275012,Account,Transferred-To,2.03,Financial,2026-04-19
ACC-0080,Syn-Acc-100008,Account,ACC-1395,Ext-Acc-248300,Account,Transferred-To,1.91,Financial,2025-03-03
ACC-0080,Syn-Acc-100008,Account,ACC-1415,Ext-Acc-218694,Account,Transferred-To,1.83,Financial,2025-07-02
ACC-0080,Syn-Acc-100008,Account,ACC-1458,Ext-Acc-279848,Account,Transferred-To,1.4,Financial,2025-09-23
ACC-0081,Syn-Acc-100095,Account,PER-0179,Jagan Arumugam,Person,Victim-Account,1.5,FIR,16-07-2026
ACC-0081,Syn-Acc-100095,Account,ACC-0096,Ext-Acc-274847,Account,Transferred-To,0.78,Financial,2025-12-01
ACC-0081,Syn-Acc-100095,Account,ACC-0237,Ext-Acc-218242,Account,Transferred-To,2.46,Financial,2026-04-10
ACC-0081,Syn-Acc-100095,Account,ACC-0481,Ext-Acc-369422,Account,Transferred-To,0.95,Financial,2025-11-14
ACC-0081,Syn-Acc-100095,Account,ACC-0713,Ext-Acc-378766,Account,Transferred-To,2.16,Financial,2025-07-01
ACC-0081,Syn-Acc-100095,Account,PER-0256,Bharathi Raman,Person,Mobile-Account,1.0,Financial,2025-07-01
ACC-0081,Syn-Acc-100095,Account,PER-0107,Mathan Arumugam,Person,Mobile-Account,1.0,Financial,2025-05-04
ACC-0081,Syn-Acc-100095,Account,PER-0034,Mathan Chandran,Person,Mobile-Account,1.0,Financial,2025-05-30
ACC-0081,Syn-Acc-100095,Account,PER-0147,Kumaran Prakash,Person,Mobile-Account,1.0,Financial,2025-10-29
ACC-0081,Syn-Acc-100095,Account,PER-0268,Jeeva Rajan,Person,Mobile-Account,1.0,Financial,2025-04-26
ACC-0081,Syn-Acc-100095,Account,PER-0088,Naveen Natarajan,Person,Mobile-Account,1.0,Financial,2026-04-20
ACC-0081,Syn-Acc-100095,Account,ACC-1143,Ext-Acc-320207,Account,Transferred-To,0.91,Financial,2026-05-31
ACC-0081,Syn-Acc-100095,Account,PER-0377,Selvam Babu,Person,Mobile-Account,1.0,Financial,2026-05-31
ACC-0081,Syn-Acc-100095,Account,ACC-1196,Ext-Acc-259609,Account,Transferred-To,7.5,Financial,2025-08-23
ACC-0081,Syn-Acc-100095,Account,PER-0290,Latha Murugan,Person,Mobile-Account,1.0,Financial,2026-06-29
ACC-0081,Syn-Acc-100095,Account,ACC-1371,Ext-Acc-270243,Account,Transferred-To,2.25,Financial,2025-02-20
ACC-0082,Syn-Acc-100043,Account,PER-0355,Ajith Nathan,Person,Linked-Account,2.5,FIR,29-07-2026
ACC-0082,Syn-Acc-100043,Account,PER-0222,Anand Chandran,Person,Victim-Account,1.5,FIR,29-07-2026
ACC-0082,Syn-Acc-100043,Account,ACC-0177,Ext-Acc-345820,Account,Transferred-To,0.85,Financial,2025-07-03
ACC-0082,Syn-Acc-100043,Account,PER-0032,Arun Prakash,Person,Mobile-Account,1.0,Financial,2026-07-09
ACC-0082,Syn-Acc-100043,Account,ACC-0278,Ext-Acc-388805,Account,Transferred-To,0.94,Financial,2025-05-10
ACC-0082,Syn-Acc-100043,Account,PER-0082,Rajeshwari Rani,Person,Mobile-Account,1.0,Financial,2026-06-16
ACC-0082,Syn-Acc-100043,Account,PER-0343,Malathi Murugan,Person,Mobile-Account,1.0,Financial,2025-09-30
ACC-0082,Syn-Acc-100043,Account,PER-0243,Bharath Selvam,Person,Mobile-Account,1.0,Financial,2025-05-17
ACC-0082,Syn-Acc-100043,Account,ACC-0421,Ext-Acc-398849,Account,Transferred-To,1.55,Financial,2026-07-20
ACC-0082,Syn-Acc-100043,Account,PER-0232,Yogesh Raman,Person,Mobile-Account,1.0,Financial,2026-07-20
ACC-0082,Syn-Acc-100043,Account,PER-0208,Arun Thangaraj,Person,Mobile-Account,1.0,Financial,2025-09-28
ACC-0082,Syn-Acc-100043,Account,ACC-0524,Ext-Acc-394687,Account,Transferred-To,7.5,Financial,2026-03-06
ACC-0082,Syn-Acc-100043,Account,PER-0360,Sanjay Palanisamy,Person,Mobile-Account,1.0,Financial,2025-09-23
ACC-0082,Syn-Acc-100043,Account,ACC-0549,Ext-Acc-363198,Account,Transferred-To,0.81,Financial,2026-05-28
ACC-0082,Syn-Acc-100043,Account,PER-0384,Naveen Muthu,Person,Mobile-Account,1.0,Financial,2026-05-28
ACC-0082,Syn-Acc-100043,Account,ACC-0084,Syn-Acc-100039,Account,Transferred-To,0.93,Financial,2025-06-08
ACC-0082,Syn-Acc-100043,Account,PER-0167,Saravanan Selvam,Person,Mobile-Account,1.0,Financial,2025-06-08
ACC-0082,Syn-Acc-100043,Account,PER-0023,Ganesh Shankar,Person,Mobile-Account,1.0,Financial,2026-06-03
ACC-0082,Syn-Acc-100043,Account,PER-0223,Gunasekar Murugan,Person,Mobile-Account,1.0,Financial,2026-03-21
ACC-0082,Syn-Acc-100043,Account,ACC-0636,Ext-Acc-228780,Account,Transferred-To,0.89,Financial,2025-06-25
ACC-0082,Syn-Acc-100043,Account,ACC-0658,Ext-Acc-258258,Account,Transferred-To,0.94,Financial,2025-01-08
ACC-0082,Syn-Acc-100043,Account,PER-0128,Durga Bai,Person,Mobile-Account,1.0,Financial,2026-07-16
ACC-0082,Syn-Acc-100043,Account,PER-0207,Murugan Babu,Person,Mobile-Account,1.0,Financial,2026-04-24
ACC-0082,Syn-Acc-100043,Account,ACC-0743,Ext-Acc-384390,Account,Transferred-To,7.5,Financial,2025-10-21
ACC-0082,Syn-Acc-100043,Account,PER-0341,Madhan Nathan,Person,Mobile-Account,1.0,Financial,2025-10-21
ACC-0082,Syn-Acc-100043,Account,ACC-0778,Ext-Acc-362461,Account,Transferred-To,0.83,Financial,2025-07-15
ACC-0082,Syn-Acc-100043,Account,PER-0386,Bharathi Sri,Person,Mobile-Account,1.0,Financial,2025-07-15
ACC-0082,Syn-Acc-100043,Account,ACC-0834,Ext-Acc-240964,Account,Transferred-To,0.84,Financial,2025-09-15
ACC-0082,Syn-Acc-100043,Account,ACC-0835,Ext-Acc-379873,Account,Transferred-To,2.9,Financial,2025-01-16
ACC-0082,Syn-Acc-100043,Account,PER-0215,Arjun Karuppasamy,Person,Mobile-Account,1.0,Financial,2025-01-16
ACC-0082,Syn-Acc-100043,Account,ACC-0951,Ext-Acc-268184,Account,Transferred-To,2.09,Financial,2025-09-25
ACC-0082,Syn-Acc-100043,Account,ACC-0954,Ext-Acc-321527,Account,Transferred-To,0.76,Financial,2026-02-04
ACC-0082,Syn-Acc-100043,Account,PER-0220,Vijay Rajan,Person,Mobile-Account,1.0,Financial,2026-02-04
ACC-0082,Syn-Acc-100043,Account,ACC-1021,Ext-Acc-367605,Account,Transferred-To,0.89,Financial,2026-03-01
ACC-0082,Syn-Acc-100043,Account,PER-0147,Kumaran Prakash,Person,Mobile-Account,1.0,Financial,2026-03-01
ACC-0082,Syn-Acc-100043,Account,ACC-1076,Ext-Acc-241039,Account,Transferred-To,0.89,Financial,2026-03-29
ACC-0082,Syn-Acc-100043,Account,ACC-1122,Ext-Acc-262774,Account,Transferred-To,0.91,Financial,2025-11-17
ACC-0082,Syn-Acc-100043,Account,PER-0166,Yogesh Balan,Person,Mobile-Account,2.0,Financial,2026-04-26
ACC-0082,Syn-Acc-100043,Account,PER-0304,Uma Bai,Person,Mobile-Account,1.0,Financial,2025-12-19
ACC-0082,Syn-Acc-100043,Account,ACC-1239,Ext-Acc-374532,Account,Transferred-To,0.83,Financial,2025-11-05
ACC-0082,Syn-Acc-100043,Account,PER-0233,Sanjay Prakash,Person,Mobile-Account,1.0,Financial,2025-11-05
ACC-0082,Syn-Acc-100043,Account,PER-0300,Logesh Subramani,Person,Mobile-Account,1.0,Financial,2026-05-20
ACC-0082,Syn-Acc-100043,Account,PER-0104,Padmini Sri,Person,Mobile-Account,1.0,Financial,2025-10-15
ACC-0082,Syn-Acc-100043,Account,ACC-1323,Ext-Acc-295410,Account,Transferred-To,2.68,Financial,2026-08-13
ACC-0082,Syn-Acc-100043,Account,ACC-1350,Ext-Acc-286684,Account,Transferred-To,0.84,Financial,2026-01-17
ACC-0082,Syn-Acc-100043,Account,PER-0040,Deepa Selvam,Person,Mobile-Account,1.0,Financial,2025-10-08
ACC-0082,Syn-Acc-100043,Account,ACC-1381,Ext-Acc-350889,Account,Transferred-To,2.15,Financial,2026-01-04
ACC-0082,Syn-Acc-100043,Account,PER-0339,Revathi Bai,Person,Mobile-Account,1.0,Financial,2025-11-06
ACC-0082,Syn-Acc-100043,Account,PER-0242,Ganesh Selvam,Person,Mobile-Account,1.0,Financial,2025-01-24
ACC-0082,Syn-Acc-100043,Account,ACC-1403,Ext-Acc-213412,Account,Transferred-To,0.83,Financial,2025-09-16
ACC-0082,Syn-Acc-100043,Account,ACC-1430,Ext-Acc-392862,Account,Transferred-To,1.17,Financial,2026-02-11
ACC-0082,Syn-Acc-100043,Account,PER-0052,Mathan Raman,Person,Mobile-Account,1.0,Financial,2026-02-11
ACC-0083,Syn-Acc-100096,Account,PER-0331,Sanjay Velan,Person,Linked-Account,2.5,FIR,08-08-2026
ACC-0083,Syn-Acc-100096,Account,PER-0343,Malathi Murugan,Person,Victim-Account,1.5,FIR,08-08-2026
ACC-0083,Syn-Acc-100096,Account,ACC-0087,Syn-Acc-100099,Account,Transferred-To,1.93,Financial,2025-01-02
ACC-0083,Syn-Acc-100096,Account,PER-0114,Elango Selvam,Person,Mobile-Account,1.0,Financial,2025-01-02
ACC-0083,Syn-Acc-100096,Account,ACC-0406,Ext-Acc-362182,Account,Transferred-To,0.77,Financial,2025-10-10
ACC-0083,Syn-Acc-100096,Account,PER-0257,Geetha Kumari,Person,Mobile-Account,1.0,Financial,2025-10-10
ACC-0083,Syn-Acc-100096,Account,PER-0241,Malathi Ammal,Person,Mobile-Account,1.0,Financial,2025-06-23
ACC-0083,Syn-Acc-100096,Account,PER-0125,Saranya Murugan,Person,Mobile-Account,1.0,Financial,2025-05-03
ACC-0083,Syn-Acc-100096,Account,PER-0073,Gokul Sundaram,Person,Mobile-Account,1.0,Financial,2025-07-09
ACC-0083,Syn-Acc-100096,Account,PER-0161,Rajeshwari Ammal,Person,Mobile-Account,1.0,Financial,2025-09-10
ACC-0083,Syn-Acc-100096,Account,PER-0221,Nithin Murugan,Person,Mobile-Account,1.0,Financial,2026-07-05
ACC-0084,Syn-Acc-100039,Account,PER-0015,Dinesh Subramani,Person,Linked-Account,2.5,FIR,20-08-2026
ACC-0084,Syn-Acc-100039,Account,PER-0083,Babu Selvam,Person,Victim-Account,1.5,FIR,20-08-2026
ACC-0084,Syn-Acc-100039,Account,PER-0365,Karthik Shankar,Person,Linked-Account,2.5,FIR,22-08-2026
ACC-0084,Syn-Acc-100039,Account,PER-0397,Buvaneswari Rani,Person,Victim-Account,1.5,FIR,22-08-2026
ACC-0084,Syn-Acc-100039,Account,ACC-0513,Ext-Acc-249034,Account,Transferred-To,0.89,Financial,2026-03-30
ACC-0084,Syn-Acc-100039,Account,ACC-0902,Ext-Acc-346299,Account,Transferred-To,1.96,Financial,2026-04-27
ACC-0084,Syn-Acc-100039,Account,ACC-0939,Ext-Acc-295583,Account,Transferred-To,0.83,Financial,2026-02-03
ACC-0084,Syn-Acc-100039,Account,PER-0305,Sudha Bai,Person,Mobile-Account,1.0,Financial,2026-06-25
ACC-0084,Syn-Acc-100039,Account,PER-0183,Venkat Palanisamy,Person,Mobile-Account,1.0,Financial,2026-06-16
ACC-0085,Syn-Acc-100097,Account,PER-0287,Venkat Prakash,Person,Linked-Account,2.5,FIR,23-08-2026
ACC-0085,Syn-Acc-100097,Account,PER-0001,Lavanya Ammal,Person,Victim-Account,1.5,FIR,23-08-2026
ACC-0085,Syn-Acc-100097,Account,ACC-0846,Ext-Acc-284602,Account,Transferred-To,0.77,Financial,2026-05-01
ACC-0085,Syn-Acc-100097,Account,ACC-1157,Ext-Acc-376284,Account,Transferred-To,1.37,Financial,2025-07-26
ACC-0085,Syn-Acc-100097,Account,ACC-1320,Ext-Acc-394988,Account,Transferred-To,7.5,Financial,2025-12-29
ACC-0085,Syn-Acc-100097,Account,PER-0369,Hemanth Arumugam,Person,Mobile-Account,1.0,Financial,2025-12-29
ACC-0086,Syn-Acc-100098,Account,PER-0010,Vasanth Gopal,Person,Linked-Account,3.5,FIR,26-08-2026
ACC-0086,Syn-Acc-100098,Account,PER-0140,Sangeetha Bai,Person,Victim-Account,1.5,FIR,26-08-2026
ACC-0086,Syn-Acc-100098,Account,PER-0400,Hemanth Krishnan,Person,Mobile-Account,1.0,Financial,2026-08-17
ACC-0086,Syn-Acc-100098,Account,ACC-0132,Ext-Acc-381927,Account,Transferred-To,1.75,Financial,2026-02-27
ACC-0086,Syn-Acc-100098,Account,PER-0178,Saravanan Anand,Person,Mobile-Account,1.0,Financial,2026-02-27
ACC-0086,Syn-Acc-100098,Account,ACC-0174,Ext-Acc-251374,Account,Transferred-To,2.27,Financial,2026-06-05
ACC-0086,Syn-Acc-100098,Account,PER-0385,Praveen Muthu,Person,Mobile-Account,1.0,Financial,2025-10-07
ACC-0086,Syn-Acc-100098,Account,PER-0171,Arun Selvam,Person,Mobile-Account,1.0,Financial,2026-06-29
ACC-0086,Syn-Acc-100098,Account,ACC-0398,Ext-Acc-375319,Account,Transferred-To,2.9,Financial,2025-11-10
ACC-0086,Syn-Acc-100098,Account,PER-0318,Harish Anand,Person,Mobile-Account,1.0,Financial,2025-11-10
ACC-0086,Syn-Acc-100098,Account,ACC-0452,Ext-Acc-217499,Account,Transferred-To,1.75,Financial,2025-10-13
ACC-0086,Syn-Acc-100098,Account,PER-0307,Deviga Krishnan,Person,Mobile-Account,1.0,Financial,2025-11-14
ACC-0086,Syn-Acc-100098,Account,ACC-0496,Ext-Acc-243051,Account,Transferred-To,0.87,Financial,2025-01-08
ACC-0086,Syn-Acc-100098,Account,PER-0306,Dharani Selvam,Person,Mobile-Account,1.0,Financial,2025-05-07
ACC-0086,Syn-Acc-100098,Account,PER-0179,Jagan Arumugam,Person,Mobile-Account,1.0,Financial,2025-10-19
ACC-0086,Syn-Acc-100098,Account,PER-0358,Venkat Kumar,Person,Mobile-Account,1.0,Financial,2026-08-12
ACC-0086,Syn-Acc-100098,Account,PER-0060,Madhan Babu,Person,Mobile-Account,1.0,Financial,2025-10-30
ACC-0086,Syn-Acc-100098,Account,ACC-0087,Syn-Acc-100099,Account,Transferred-To,8.4,Financial,2026-07-08
ACC-0086,Syn-Acc-100098,Account,PER-0116,Latha Sekar,Person,Mobile-Account,1.0,Financial,2025-07-31
ACC-0086,Syn-Acc-100098,Account,ACC-0818,Ext-Acc-258538,Account,Transferred-To,0.9,Financial,2025-04-29
ACC-0086,Syn-Acc-100098,Account,PER-0067,Logesh Karuppasamy,Person,Mobile-Account,1.0,Financial,2026-02-06
ACC-0086,Syn-Acc-100098,Account,ACC-0877,Ext-Acc-273834,Account,Transferred-To,2.5,Financial,2025-10-07
ACC-0086,Syn-Acc-100098,Account,PER-0338,Madhan Rajan,Person,Mobile-Account,1.0,Financial,2026-07-16
ACC-0086,Syn-Acc-100098,Account,ACC-0923,Ext-Acc-398740,Account,Transferred-To,1.08,Financial,2026-05-03
ACC-0086,Syn-Acc-100098,Account,PER-0204,Keerthana Sri,Person,Mobile-Account,1.0,Financial,2026-05-03
ACC-0086,Syn-Acc-100098,Account,ACC-0941,Ext-Acc-344555,Account,Transferred-To,1.2,Financial,2025-08-15
ACC-0086,Syn-Acc-100098,Account,PER-0180,Sangeetha Sri,Person,Mobile-Account,1.0,Financial,2025-08-15
ACC-0086,Syn-Acc-100098,Account,ACC-1057,Ext-Acc-267726,Account,Transferred-To,0.79,Financial,2025-02-26
ACC-0086,Syn-Acc-100098,Account,PER-0382,Gayathri Krishnan,Person,Mobile-Account,1.0,Financial,2026-06-30
ACC-0086,Syn-Acc-100098,Account,PER-0281,Ganesh Subramani,Person,Mobile-Account,1.0,Financial,2026-03-19
ACC-0086,Syn-Acc-100098,Account,ACC-1080,Ext-Acc-261662,Account,Transferred-To,1.17,Financial,2026-08-24
ACC-0086,Syn-Acc-100098,Account,ACC-1131,Ext-Acc-356069,Account,Transferred-To,0.96,Financial,2025-11-28
ACC-0086,Syn-Acc-100098,Account,ACC-1165,Ext-Acc-256063,Account,Transferred-To,0.83,Financial,2025-07-15
ACC-0086,Syn-Acc-100098,Account,ACC-1179,Ext-Acc-205539,Account,Transferred-To,1.37,Financial,2026-07-12
ACC-0086,Syn-Acc-100098,Account,PER-0028,Selvam Rajan,Person,Mobile-Account,1.0,Financial,2025-07-17
ACC-0086,Syn-Acc-100098,Account,PER-0225,Lakshmi Krishnan,Person,Mobile-Account,1.0,Financial,2025-03-03
ACC-0086,Syn-Acc-100098,Account,ACC-1307,Ext-Acc-238832,Account,Transferred-To,7.5,Financial,2026-08-24
ACC-0086,Syn-Acc-100098,Account,ACC-1364,Ext-Acc-287509,Account,Transferred-To,1.77,Financial,2025-12-16
ACC-0086,Syn-Acc-100098,Account,ACC-1457,Ext-Acc-267486,Account,Transferred-To,1.31,Financial,2025-09-10
ACC-0087,Syn-Acc-100099,Account,PER-0048,Murugan Sundaram,Person,Linked-Account,2.5,FIR,27-08-2026
ACC-0087,Syn-Acc-100099,Account,PER-0047,Uma Raj,Person,Victim-Account,1.5,FIR,27-08-2026
ACC-0087,Syn-Acc-100099,Account,ACC-0091,Ext-Acc-341245,Account,Transferred-To,0.97,Financial,2025-12-23
ACC-0087,Syn-Acc-100099,Account,PER-0228,Nandha Natarajan,Person,Mobile-Account,1.0,Financial,2025-12-23
ACC-0087,Syn-Acc-100099,Account,ACC-0111,Ext-Acc-353964,Account,Transferred-To,7.5,Financial,2025-05-04
ACC-0087,Syn-Acc-100099,Account,PER-0092,Babu Thangaraj,Person,Mobile-Account,1.0,Financial,2025-05-04
ACC-0087,Syn-Acc-100099,Account,PER-0149,Deviga Devi,Person,Mobile-Account,2.0,Financial,2026-04-16
ACC-0087,Syn-Acc-100099,Account,PER-0236,Durga Sekar,Person,Mobile-Account,1.0,Financial,2025-12-25
ACC-0087,Syn-Acc-100099,Account,PER-0281,Ganesh Subramani,Person,Mobile-Account,1.0,Financial,2025-03-14
ACC-0087,Syn-Acc-100099,Account,ACC-0282,Ext-Acc-266207,Account,Transferred-To,0.88,Financial,2025-05-18
ACC-0087,Syn-Acc-100099,Account,ACC-0313,Ext-Acc-320152,Account,Transferred-To,1.12,Financial,2025-02-12
ACC-0087,Syn-Acc-100099,Account,PER-0035,Nandhini Sekar,Person,Mobile-Account,1.0,Financial,2025-01-15
ACC-0087,Syn-Acc-100099,Account,ACC-0376,Ext-Acc-368632,Account,Transferred-To,0.95,Financial,2026-02-05
ACC-0087,Syn-Acc-100099,Account,PER-0264,Gayathri Raman,Person,Mobile-Account,1.0,Financial,2026-02-02
ACC-0087,Syn-Acc-100099,Account,ACC-0459,Ext-Acc-219826,Account,Transferred-To,0.81,Financial,2025-06-28
ACC-0087,Syn-Acc-100099,Account,ACC-0498,Ext-Acc-216353,Account,Transferred-To,0.76,Financial,2026-06-13
ACC-0087,Syn-Acc-100099,Account,ACC-0501,Ext-Acc-285200,Account,Transferred-To,7.5,Financial,2026-02-07
ACC-0087,Syn-Acc-100099,Account,ACC-0619,Ext-Acc-297144,Account,Transferred-To,2.03,Financial,2025-07-25
ACC-0087,Syn-Acc-100099,Account,ACC-0690,Ext-Acc-205027,Account,Transferred-To,0.96,Financial,2026-05-02
ACC-0087,Syn-Acc-100099,Account,ACC-0704,Ext-Acc-245214,Account,Transferred-To,2.65,Financial,2025-08-26
ACC-0087,Syn-Acc-100099,Account,PER-0178,Saravanan Anand,Person,Mobile-Account,1.0,Financial,2026-08-15
ACC-0087,Syn-Acc-100099,Account,ACC-0736,Ext-Acc-231367,Account,Transferred-To,0.83,Financial,2025-01-24
ACC-0087,Syn-Acc-100099,Account,PER-0278,Lavanya Raj,Person,Mobile-Account,1.0,Financial,2025-09-20
ACC-0087,Syn-Acc-100099,Account,PER-0315,Chithra Raman,Person,Mobile-Account,1.0,Financial,2026-08-21
ACC-0087,Syn-Acc-100099,Account,PER-0390,Vidhya Sri,Person,Mobile-Account,1.0,Financial,2026-01-08
ACC-0087,Syn-Acc-100099,Account,ACC-0894,Ext-Acc-257060,Account,Transferred-To,2.16,Financial,2025-06-12
ACC-0087,Syn-Acc-100099,Account,ACC-0957,Ext-Acc-221098,Account,Transferred-To,1.06,Financial,2026-02-11
ACC-0087,Syn-Acc-100099,Account,ACC-0958,Ext-Acc-341182,Account,Transferred-To,7.5,Financial,2025-11-08
ACC-0087,Syn-Acc-100099,Account,PER-0265,Harini Sri,Person,Mobile-Account,1.0,Financial,2025-11-08
ACC-0087,Syn-Acc-100099,Account,PER-0361,Abirami Rani,Person,Mobile-Account,1.0,Financial,2026-05-14
ACC-0087,Syn-Acc-100099,Account,ACC-1023,Ext-Acc-247358,Account,Transferred-To,0.78,Financial,2025-03-03
ACC-0087,Syn-Acc-100099,Account,ACC-1046,Ext-Acc-293282,Account,Transferred-To,0.96,Financial,2025-05-24
ACC-0087,Syn-Acc-100099,Account,ACC-1166,Ext-Acc-255304,Account,Transferred-To,0.83,Financial,2025-10-21
ACC-0087,Syn-Acc-100099,Account,ACC-1256,Ext-Acc-335922,Account,Transferred-To,0.97,Financial,2025-11-06
ACC-0087,Syn-Acc-100099,Account,PER-0269,Selvam Natarajan,Person,Mobile-Account,1.0,Financial,2025-11-06
ACC-0087,Syn-Acc-100099,Account,ACC-1282,Ext-Acc-269019,Account,Transferred-To,0.79,Financial,2026-05-28
ACC-0087,Syn-Acc-100099,Account,PER-0205,Ajith Sekar,Person,Mobile-Account,1.0,Financial,2025-09-16
ACC-0088,Ext-Acc-244597,Account,PER-0172,Arjun Pandian,Person,Mobile-Account,1.0,Financial,2025-09-25
ACC-0090,Ext-Acc-213238,Account,PER-0224,Jothi Selvi,Person,Mobile-Account,1.0,Financial,2025-07-27
ACC-0093,Ext-Acc-255333,Account,PER-0110,Harish Babu,Person,Mobile-Account,1.0,Financial,2025-01-09
ACC-0094,Ext-Acc-244587,Account,PER-0389,Babu Krishnan,Person,Mobile-Account,1.0,Financial,2026-01-24
ACC-0095,Ext-Acc-210322,Account,PER-0195,Vidhya Ammal,Person,Mobile-Account,1.0,Financial,2026-01-05
ACC-0096,Ext-Acc-274847,Account,PER-0010,Vasanth Gopal,Person,Mobile-Account,1.0,Financial,2025-12-01
ACC-0097,Ext-Acc-209880,Account,PER-0274,Tamilarasan Karuppasamy,Person,Mobile-Account,1.0,Financial,2025-03-14
ACC-0098,Ext-Acc-221579,Account,PER-0082,Rajeshwari Rani,Person,Mobile-Account,1.0,Financial,2026-06-26
ACC-0099,Ext-Acc-275914,Account,ACC-0100,Ext-Acc-307989,Account,Transferred-To,0.9,Financial,2026-02-17
ACC-0099,Ext-Acc-275914,Account,PER-0321,Revathi Raman,Person,Mobile-Account,1.0,Financial,2026-02-17
ACC-0101,Ext-Acc-208981,Account,PER-0061,Dinesh Balan,Person,Mobile-Account,1.0,Financial,2026-04-07
ACC-0103,Ext-Acc-213104,Account,PER-0106,Elango Krishnan,Person,Mobile-Account,1.0,Financial,2025-07-09
ACC-0104,Ext-Acc-280173,Account,ACC-0105,Ext-Acc-385717,Account,Transferred-To,2.15,Financial,2025-03-22
ACC-0104,Ext-Acc-280173,Account,PER-0389,Babu Krishnan,Person,Mobile-Account,1.0,Financial,2025-03-22
ACC-0106,Ext-Acc-283507,Account,ACC-0107,Ext-Acc-321178,Account,Transferred-To,2.66,Financial,2025-03-28
ACC-0109,Ext-Acc-246357,Account,ACC-0110,Ext-Acc-353264,Account,Transferred-To,1.91,Financial,2026-09-14
ACC-0113,Ext-Acc-243404,Account,ACC-0114,Ext-Acc-315118,Account,Transferred-To,0.9,Financial,2025-07-26
ACC-0113,Ext-Acc-243404,Account,PER-0127,Udhay Muthu,Person,Mobile-Account,1.0,Financial,2025-07-26
ACC-0115,Ext-Acc-241114,Account,PER-0024,Nithin Velan,Person,Mobile-Account,1.0,Financial,2026-07-05
ACC-0116,Ext-Acc-287900,Account,PER-0390,Vidhya Sri,Person,Mobile-Account,1.0,Financial,2025-04-07
ACC-0117,Ext-Acc-279516,Account,ACC-0118,Ext-Acc-360946,Account,Transferred-To,2.99,Financial,2026-09-11
ACC-0117,Ext-Acc-279516,Account,PER-0237,Saravanan Murugan,Person,Mobile-Account,1.0,Financial,2026-09-11
ACC-0119,Ext-Acc-281167,Account,PER-0296,Praveen Raman,Person,Mobile-Account,1.0,Financial,2025-04-25
ACC-0121,Ext-Acc-254921,Account,ACC-1070,Ext-Acc-307801,Account,Mobile-Account,1.0,Financial,2025-12-05
ACC-0124,Ext-Acc-278697,Account,ACC-0125,Ext-Acc-374177,Account,Transferred-To,0.86,Financial,2025-02-23
ACC-0124,Ext-Acc-278697,Account,PER-0351,Rajesh Chandran,Person,Mobile-Account,1.0,Financial,2025-02-23
ACC-0128,Ext-Acc-274691,Account,PER-0177,Inban Balan,Person,Mobile-Account,1.0,Financial,2025-10-03
ACC-0129,Ext-Acc-272848,Account,PER-0288,Kumaran Murugan,Person,Mobile-Account,1.0,Financial,2025-07-06
ACC-0131,Ext-Acc-238829,Account,PER-0368,Gokul Babu,Person,Mobile-Account,1.0,Financial,2025-02-12
ACC-0133,Ext-Acc-277993,Account,ACC-0134,Ext-Acc-374607,Account,Transferred-To,0.87,Financial,2026-06-28
ACC-0135,Ext-Acc-243228,Account,PER-0023,Ganesh Shankar,Person,Mobile-Account,1.0,Financial,2025-12-20
ACC-0136,Ext-Acc-252976,Account,ACC-0137,Ext-Acc-300150,Account,Transferred-To,2.59,Financial,2026-02-07
ACC-0136,Ext-Acc-252976,Account,PER-0209,Kishore Murugan,Person,Mobile-Account,1.0,Financial,2026-02-07
ACC-0138,Ext-Acc-231946,Account,PER-0185,Jagan Sekar,Person,Mobile-Account,1.0,Financial,2025-08-03
ACC-0140,Ext-Acc-285461,Account,ACC-0141,Ext-Acc-364923,Account,Transferred-To,0.9,Financial,2025-03-19
ACC-0140,Ext-Acc-285461,Account,PER-0342,Manoj Sekar,Person,Mobile-Account,1.0,Financial,2025-03-19
ACC-0142,Ext-Acc-253736,Account,ACC-0143,Ext-Acc-320232,Account,Transferred-To,2.02,Financial,2026-06-23
ACC-0142,Ext-Acc-253736,Account,PER-0202,Saravanan Palanisamy,Person,Mobile-Account,1.0,Financial,2026-06-23
ACC-0144,Ext-Acc-249808,Account,ACC-0145,Ext-Acc-382155,Account,Transferred-To,1.12,Financial,2025-07-02
ACC-0144,Ext-Acc-249808,Account,PER-0036,Senthil Rajan,Person,Mobile-Account,1.0,Financial,2025-07-02
ACC-0146,Ext-Acc-256881,Account,ACC-0147,Ext-Acc-399663,Account,Transferred-To,7.5,Financial,2025-08-21
ACC-0146,Ext-Acc-256881,Account,PER-0298,Suresh Selvam,Person,Mobile-Account,1.0,Financial,2025-08-21
ACC-0149,Ext-Acc-297605,Account,ACC-0150,Ext-Acc-379482,Account,Transferred-To,2.1,Financial,2025-06-28
ACC-0152,Ext-Acc-211813,Account,ACC-0153,Ext-Acc-342823,Account,Transferred-To,0.79,Financial,2025-10-12
ACC-0152,Ext-Acc-211813,Account,PER-0019,Madhan Palanisamy,Person,Mobile-Account,1.0,Financial,2025-10-12
ACC-0154,Ext-Acc-252089,Account,ACC-0155,Ext-Acc-373048,Account,Transferred-To,1.03,Financial,2025-04-06
ACC-0154,Ext-Acc-252089,Account,PER-0347,Bharath Balan,Person,Mobile-Account,1.0,Financial,2025-04-06
ACC-0159,Ext-Acc-214408,Account,ACC-0160,Ext-Acc-303379,Account,Transferred-To,0.95,Financial,2025-09-09
ACC-0159,Ext-Acc-214408,Account,PER-0071,Nithin Thangaraj,Person,Mobile-Account,1.0,Financial,2025-09-09
ACC-0162,Ext-Acc-286363,Account,PER-0083,Babu Selvam,Person,Mobile-Account,1.0,Financial,2025-11-28
ACC-0165,Ext-Acc-281490,Account,PER-0087,Anand Krishnan,Person,Mobile-Account,1.0,Financial,2025-01-23
ACC-0166,Ext-Acc-274228,Account,ACC-0167,Ext-Acc-309120,Account,Transferred-To,1.09,Financial,2026-02-17
ACC-0166,Ext-Acc-274228,Account,PER-0376,Harish Pandian,Person,Mobile-Account,1.0,Financial,2026-02-17
ACC-0170,Ext-Acc-229041,Account,PER-0033,Vignesh Natarajan,Person,Mobile-Account,1.0,Financial,2026-08-26
ACC-0171,Ext-Acc-284278,Account,PER-0204,Keerthana Sri,Person,Mobile-Account,1.0,Financial,2025-12-31
ACC-0173,Ext-Acc-268690,Account,PER-0115,Nithin Balan,Person,Mobile-Account,1.0,Financial,2026-06-12
ACC-0178,Ext-Acc-293677,Account,PER-0104,Padmini Sri,Person,Mobile-Account,1.0,Financial,2025-04-18
ACC-0181,Ext-Acc-250678,Account,PER-0154,Bharathi Raj,Person,Mobile-Account,1.0,Financial,2025-03-06
ACC-0184,Ext-Acc-257432,Account,PER-0077,Anand Arumugam,Person,Mobile-Account,1.0,Financial,2025-01-26
ACC-0185,Ext-Acc-228124,Account,ACC-0186,Ext-Acc-337431,Account,Transferred-To,7.5,Financial,2025-02-27
ACC-0185,Ext-Acc-228124,Account,PER-0394,Hemanth Nathan,Person,Mobile-Account,1.0,Financial,2025-02-27
ACC-0187,Ext-Acc-289381,Account,ACC-0188,Ext-Acc-341889,Account,Transferred-To,2.12,Financial,2025-05-03
ACC-0187,Ext-Acc-289381,Account,PER-0229,Kannan Muthu,Person,Mobile-Account,1.0,Financial,2025-05-03
ACC-0190,Ext-Acc-268903,Account,PER-0020,Yogesh Raj,Person,Mobile-Account,1.0,Financial,2025-12-16
ACC-0191,Ext-Acc-272260,Account,PER-0314,Gopal Natarajan,Person,Mobile-Account,1.0,Financial,2025-04-07
ACC-0192,Ext-Acc-254602,Account,PER-0277,Karthik Rajan,Person,Mobile-Account,1.0,Financial,2026-06-17
ACC-0193,Ext-Acc-275718,Account,ACC-0194,Ext-Acc-324881,Account,Transferred-To,0.88,Financial,2025-08-28
ACC-0193,Ext-Acc-275718,Account,PER-0262,Praveen Anand,Person,Mobile-Account,1.0,Financial,2025-08-28
ACC-0196,Ext-Acc-277820,Account,PER-0096,Udhay Shankar,Person,Mobile-Account,1.0,Financial,2025-01-13
ACC-0197,Ext-Acc-295069,Account,ACC-0198,Ext-Acc-382478,Account,Transferred-To,0.92,Financial,2026-08-26
ACC-0197,Ext-Acc-295069,Account,PER-0071,Nithin Thangaraj,Person,Mobile-Account,1.0,Financial,2026-08-26
ACC-0200,Ext-Acc-253788,Account,PER-0101,Abirami Sekar,Person,Mobile-Account,1.0,Financial,2026-02-07
ACC-0202,Ext-Acc-237880,Account,ACC-0203,Ext-Acc-390471,Account,Transferred-To,0.84,Financial,2026-09-10
ACC-0202,Ext-Acc-237880,Account,PER-0081,Dinesh Nathan,Person,Mobile-Account,1.0,Financial,2026-09-10
ACC-0205,Ext-Acc-299078,Account,ACC-0206,Ext-Acc-342096,Account,Transferred-To,0.95,Financial,2026-03-22
ACC-0205,Ext-Acc-299078,Account,PER-0092,Babu Thangaraj,Person,Mobile-Account,1.0,Financial,2026-03-22
ACC-0208,Ext-Acc-224219,Account,ACC-0209,Ext-Acc-362580,Account,Transferred-To,0.82,Financial,2025-12-13
ACC-0210,Ext-Acc-228627,Account,ACC-0211,Ext-Acc-389173,Account,Transferred-To,5.58,Financial,2026-02-15
ACC-0210,Ext-Acc-228627,Account,PER-0006,Meena Sekar,Person,Mobile-Account,1.0,Financial,2026-02-15
ACC-0213,Ext-Acc-232441,Account,PER-0076,Hariharan Babu,Person,Mobile-Account,1.0,Financial,2026-05-28
ACC-0215,Ext-Acc-296365,Account,ACC-0216,Ext-Acc-382050,Account,Transferred-To,1.16,Financial,2026-05-15
ACC-0215,Ext-Acc-296365,Account,PER-0341,Madhan Nathan,Person,Mobile-Account,1.0,Financial,2026-05-15
ACC-0218,Ext-Acc-273044,Account,PER-0091,Vignesh Balan,Person,Mobile-Account,1.0,Financial,2025-10-16
ACC-0219,Ext-Acc-215376,Account,ACC-0220,Ext-Acc-398871,Account,Transferred-To,0.91,Financial,2025-11-05
ACC-0219,Ext-Acc-215376,Account,PER-0089,Praveen Sekar,Person,Mobile-Account,1.0,Financial,2025-11-05
ACC-0221,Ext-Acc-289764,Account,PER-0203,Karthik Velan,Person,Mobile-Account,1.0,Financial,2026-07-24
ACC-0222,Ext-Acc-271058,Account,ACC-0223,Ext-Acc-307698,Account,Transferred-To,1.27,Financial,2026-06-04
ACC-0224,Ext-Acc-285182,Account,ACC-0225,Ext-Acc-312255,Account,Transferred-To,0.87,Financial,2025-01-08
ACC-0224,Ext-Acc-285182,Account,PER-0127,Udhay Muthu,Person,Mobile-Account,1.0,Financial,2025-01-08
ACC-0226,Ext-Acc-274167,Account,ACC-0227,Ext-Acc-312499,Account,Transferred-To,7.5,Financial,2026-06-22
ACC-0226,Ext-Acc-274167,Account,PER-0197,Thirumal Sekar,Person,Mobile-Account,1.0,Financial,2026-06-22
ACC-0228,Ext-Acc-236749,Account,ACC-0229,Ext-Acc-373860,Account,Transferred-To,0.97,Financial,2025-06-10
ACC-0228,Ext-Acc-236749,Account,PER-0083,Babu Selvam,Person,Mobile-Account,1.0,Financial,2025-06-10
ACC-0232,Ext-Acc-210752,Account,PER-0114,Elango Selvam,Person,Mobile-Account,1.0,Financial,2025-03-24
ACC-0233,Ext-Acc-201617,Account,PER-0380,Eswari Sri,Person,Mobile-Account,1.0,Financial,2025-05-12
ACC-0234,Ext-Acc-243544,Account,ACC-0235,Ext-Acc-349792,Account,Transferred-To,0.84,Financial,2026-05-21
ACC-0234,Ext-Acc-243544,Account,PER-0008,Lokesh Karuppasamy,Person,Mobile-Account,1.0,Financial,2026-05-21
ACC-0237,Ext-Acc-218242,Account,PER-0205,Ajith Sekar,Person,Mobile-Account,1.0,Financial,2026-04-10
ACC-0238,Ext-Acc-290663,Account,PER-0039,Jeeva Natarajan,Person,Mobile-Account,1.0,Financial,2025-07-12
ACC-0239,Ext-Acc-245656,Account,PER-0379,Gopal Mani,Person,Mobile-Account,1.0,Financial,2026-07-15
ACC-0240,Ext-Acc-215084,Account,PER-0256,Bharathi Raman,Person,Mobile-Account,1.0,Financial,2026-03-05
ACC-0244,Ext-Acc-299615,Account,ACC-0245,Ext-Acc-371611,Account,Transferred-To,0.94,Financial,2026-08-07
ACC-0244,Ext-Acc-299615,Account,PER-0021,Vidhya Krishnan,Person,Mobile-Account,1.0,Financial,2026-08-07
ACC-0247,Ext-Acc-289037,Account,ACC-0248,Ext-Acc-317771,Account,Transferred-To,1.21,Financial,2026-05-25
ACC-0247,Ext-Acc-289037,Account,PER-0136,Durga Raman,Person,Mobile-Account,1.0,Financial,2026-05-25
ACC-0249,Ext-Acc-252129,Account,PER-0274,Tamilarasan Karuppasamy,Person,Mobile-Account,1.0,Financial,2026-03-02
ACC-0252,Ext-Acc-215806,Account,ACC-0253,Ext-Acc-355353,Account,Transferred-To,0.81,Financial,2026-07-22
ACC-0252,Ext-Acc-215806,Account,PER-0165,Rajesh Rajan,Person,Mobile-Account,1.0,Financial,2026-07-22
ACC-0256,Ext-Acc-217299,Account,PER-0243,Bharath Selvam,Person,Mobile-Account,1.0,Financial,2026-08-22
ACC-0257,Ext-Acc-252163,Account,PER-0218,Arun Mani,Person,Mobile-Account,1.0,Financial,2026-05-13
ACC-0262,Ext-Acc-272465,Account,ACC-0263,Ext-Acc-393588,Account,Transferred-To,0.84,Financial,2026-07-14
ACC-0262,Ext-Acc-272465,Account,PER-0233,Sanjay Prakash,Person,Mobile-Account,1.0,Financial,2026-07-14
ACC-0266,Ext-Acc-241688,Account,PER-0004,Thirumal Babu,Person,Mobile-Account,1.0,Financial,2025-05-01
ACC-0267,Ext-Acc-251936,Account,PER-0057,Abirami Krishnan,Person,Mobile-Account,1.0,Financial,2025-12-18
ACC-0268,Ext-Acc-293502,Account,PER-0177,Inban Balan,Person,Mobile-Account,1.0,Financial,2025-07-30
ACC-0270,Ext-Acc-268982,Account,ACC-0271,Ext-Acc-309506,Account,Transferred-To,7.5,Financial,2025-09-19
ACC-0270,Ext-Acc-268982,Account,PER-0181,Abirami Raj,Person,Mobile-Account,1.0,Financial,2025-09-19
ACC-0272,Ext-Acc-283789,Account,ACC-0273,Ext-Acc-385089,Account,Transferred-To,2.38,Financial,2026-04-03
ACC-0272,Ext-Acc-283789,Account,PER-0244,Thirumal Velan,Person,Mobile-Account,1.0,Financial,2026-04-03
ACC-0276,Ext-Acc-254870,Account,ACC-0277,Ext-Acc-390055,Account,Transferred-To,0.97,Financial,2025-08-21
ACC-0276,Ext-Acc-254870,Account,PER-0394,Hemanth Nathan,Person,Mobile-Account,1.0,Financial,2025-08-21
ACC-0279,Ext-Acc-257067,Account,PER-0045,Elango Ramasamy,Person,Mobile-Account,1.0,Financial,2025-02-22
ACC-0282,Ext-Acc-266207,Account,PER-0070,Arun Muthu,Person,Mobile-Account,1.0,Financial,2025-05-18
ACC-0283,Ext-Acc-290289,Account,PER-0295,Gopal Karuppasamy,Person,Mobile-Account,1.0,Financial,2025-06-21
ACC-0284,Ext-Acc-267276,Account,PER-0224,Jothi Selvi,Person,Mobile-Account,1.0,Financial,2026-04-12
ACC-0285,Ext-Acc-236094,Account,PER-0311,Meena Krishnan,Person,Mobile-Account,1.0,Financial,2026-02-09
ACC-0286,Ext-Acc-249051,Account,PER-0282,Yuvaraj Anand,Person,Mobile-Account,1.0,Financial,2025-08-03
ACC-0287,Ext-Acc-285389,Account,PER-0240,Elango Prakash,Person,Mobile-Account,1.0,Financial,2026-04-12
ACC-0288,Ext-Acc-238745,Account,PER-0014,Ajith Velan,Person,Mobile-Account,1.0,Financial,2025-05-28
ACC-0290,Ext-Acc-295051,Account,ACC-0291,Ext-Acc-399997,Account,Transferred-To,7.5,Financial,2025-06-22
ACC-0290,Ext-Acc-295051,Account,PER-0114,Elango Selvam,Person,Mobile-Account,1.0,Financial,2025-06-22
ACC-0294,Ext-Acc-216961,Account,PER-0144,Padmini Bai,Person,Mobile-Account,1.0,Financial,2026-02-19
ACC-0296,Ext-Acc-252873,Account,PER-0222,Anand Chandran,Person,Mobile-Account,1.0,Financial,2025-05-12
ACC-0298,Ext-Acc-221679,Account,PER-0260,Bharath Babu,Person,Mobile-Account,1.0,Financial,2026-03-04
ACC-0299,Ext-Acc-279194,Account,ACC-0300,Ext-Acc-383563,Account,Transferred-To,1.79,Financial,2025-12-21
ACC-0299,Ext-Acc-279194,Account,PER-0334,Latha Ammal,Person,Mobile-Account,1.0,Financial,2025-12-21
ACC-0301,Ext-Acc-243512,Account,PER-0164,Malathi Selvi,Person,Mobile-Account,1.0,Financial,2026-08-13
ACC-0302,Ext-Acc-238270,Account,PER-0317,Chithra Devi,Person,Mobile-Account,1.0,Financial,2026-07-11
ACC-0305,Ext-Acc-289995,Account,PER-0302,Buvaneswari Murugan,Person,Mobile-Account,1.0,Financial,2026-06-24
ACC-0309,Ext-Acc-258073,Account,ACC-0310,Ext-Acc-383071,Account,Transferred-To,1.75,Financial,2025-05-31
ACC-0309,Ext-Acc-258073,Account,PER-0110,Harish Babu,Person,Mobile-Account,1.0,Financial,2025-05-31
ACC-0314,Ext-Acc-253429,Account,PER-0068,Jagan Gopal,Person,Mobile-Account,1.0,Financial,2025-01-05
ACC-0315,Ext-Acc-209514,Account,PER-0078,Gokul Muthu,Person,Mobile-Account,1.0,Financial,2025-12-06
ACC-0317,Ext-Acc-218350,Account,ACC-0318,Ext-Acc-325746,Account,Transferred-To,5.41,Financial,2025-01-15
ACC-0317,Ext-Acc-218350,Account,PER-0084,Gokul Gopal,Person,Mobile-Account,1.0,Financial,2025-01-15
ACC-0320,Ext-Acc-296458,Account,ACC-0321,Ext-Acc-347028,Account,Transferred-To,1.89,Financial,2025-10-14
ACC-0320,Ext-Acc-296458,Account,PER-0295,Gopal Karuppasamy,Person,Mobile-Account,1.0,Financial,2025-10-14
ACC-0322,Ext-Acc-247349,Account,PER-0204,Keerthana Sri,Person,Mobile-Account,1.0,Financial,2026-07-01
ACC-0323,Ext-Acc-254344,Account,ACC-0324,Ext-Acc-394405,Account,Transferred-To,2.86,Financial,2025-05-06
ACC-0326,Ext-Acc-223839,Account,PER-0136,Durga Raman,Person,Mobile-Account,1.0,Financial,2025-02-23
ACC-0327,Ext-Acc-266107,Account,ACC-0328,Ext-Acc-319603,Account,Transferred-To,0.91,Financial,2026-09-01
ACC-0327,Ext-Acc-266107,Account,PER-0357,Vijay Raman,Person,Mobile-Account,1.0,Financial,2026-09-01
ACC-0333,Ext-Acc-299283,Account,PER-0141,Senthil Krishnan,Person,Mobile-Account,1.0,Financial,2025-04-01
ACC-0338,Ext-Acc-216389,Account,ACC-0339,Ext-Acc-386772,Account,Transferred-To,1.29,Financial,2025-11-05
ACC-0338,Ext-Acc-216389,Account,PER-0206,Mathan Velan,Person,Mobile-Account,1.0,Financial,2025-11-05
ACC-0341,Ext-Acc-278250,Account,PER-0033,Vignesh Natarajan,Person,Mobile-Account,1.0,Financial,2025-07-14
ACC-0343,Ext-Acc-215985,Account,ACC-0344,Ext-Acc-393674,Account,Transferred-To,2.72,Financial,2025-01-27
ACC-0343,Ext-Acc-215985,Account,PER-0215,Arjun Karuppasamy,Person,Mobile-Account,1.0,Financial,2025-01-27
ACC-0345,Ext-Acc-227321,Account,PER-0093,Vasanth Mani,Person,Mobile-Account,1.0,Financial,2026-08-02
ACC-0349,Ext-Acc-257503,Account,ACC-0350,Ext-Acc-302798,Account,Transferred-To,0.79,Financial,2025-01-31
ACC-0349,Ext-Acc-257503,Account,PER-0013,Ramya Bai,Person,Mobile-Account,1.0,Financial,2025-01-31
ACC-0352,Ext-Acc-250789,Account,PER-0028,Selvam Rajan,Person,Mobile-Account,1.0,Financial,2026-05-13
ACC-0353,Ext-Acc-254519,Account,ACC-0354,Ext-Acc-392855,Account,Transferred-To,1.13,Financial,2025-08-25
ACC-0355,Ext-Acc-292084,Account,ACC-0356,Ext-Acc-313644,Account,Transferred-To,0.86,Financial,2026-05-26
ACC-0355,Ext-Acc-292084,Account,PER-0161,Rajeshwari Ammal,Person,Mobile-Account,1.0,Financial,2026-05-26
ACC-0357,Ext-Acc-241307,Account,PER-0006,Meena Sekar,Person,Mobile-Account,1.0,Financial,2026-07-18
ACC-0358,Ext-Acc-233303,Account,PER-0231,Indhu Murugan,Person,Mobile-Account,1.0,Financial,2026-04-08
ACC-0360,Ext-Acc-212499,Account,PER-0127,Udhay Muthu,Person,Mobile-Account,1.0,Financial,2026-08-22
ACC-0361,Ext-Acc-215799,Account,ACC-0362,Ext-Acc-329716,Account,Transferred-To,1.02,Financial,2026-05-07
ACC-0361,Ext-Acc-215799,Account,PER-0341,Madhan Nathan,Person,Mobile-Account,1.0,Financial,2026-05-07
ACC-0366,Ext-Acc-274120,Account,ACC-0367,Ext-Acc-319672,Account,Transferred-To,0.95,Financial,2025-11-22
ACC-0366,Ext-Acc-274120,Account,PER-0111,Dharani Rajan,Person,Mobile-Account,1.0,Financial,2025-11-22
ACC-0368,Ext-Acc-204813,Account,PER-0150,Pavithra Kannan,Person,Mobile-Account,1.0,Financial,2025-02-08
ACC-0369,Ext-Acc-280096,Account,ACC-0370,Ext-Acc-391730,Account,Transferred-To,1.67,Financial,2026-08-06
ACC-0369,Ext-Acc-280096,Account,PER-0052,Mathan Raman,Person,Mobile-Account,1.0,Financial,2026-08-06
ACC-0371,Ext-Acc-242312,Account,PER-0204,Keerthana Sri,Person,Mobile-Account,1.0,Financial,2026-01-01
ACC-0373,Ext-Acc-234034,Account,PER-0072,Buvaneswari Kannan,Person,Mobile-Account,1.0,Financial,2026-07-21
ACC-0374,Ext-Acc-200207,Account,PER-0070,Arun Muthu,Person,Mobile-Account,1.0,Financial,2025-11-19
ACC-0377,Ext-Acc-283735,Account,ACC-0378,Ext-Acc-342058,Account,Transferred-To,0.89,Financial,2025-12-09
ACC-0377,Ext-Acc-283735,Account,PER-0162,Karthik Thangaraj,Person,Mobile-Account,1.0,Financial,2025-12-09
ACC-0379,Ext-Acc-280781,Account,PER-0303,Yogesh Gopal,Person,Mobile-Account,1.0,Financial,2026-08-11
ACC-0381,Ext-Acc-293311,Account,PER-0398,Sanjay Shankar,Person,Mobile-Account,1.0,Financial,2025-12-12
ACC-0382,Ext-Acc-286623,Account,PER-0353,Divya Sekar,Person,Mobile-Account,1.0,Financial,2025-09-03
ACC-0383,Ext-Acc-256980,Account,ACC-0384,Ext-Acc-345123,Account,Transferred-To,2.98,Financial,2025-04-10
ACC-0383,Ext-Acc-256980,Account,PER-0149,Deviga Devi,Person,Mobile-Account,1.0,Financial,2025-04-10
ACC-0389,Ext-Acc-236418,Account,PER-0365,Karthik Shankar,Person,Mobile-Account,1.0,Financial,2025-05-16
ACC-0391,Ext-Acc-233468,Account,ACC-0392,Ext-Acc-351269,Account,Transferred-To,1.93,Financial,2026-04-03
ACC-0391,Ext-Acc-233468,Account,PER-0216,Kalaiselvi Raman,Person,Mobile-Account,1.0,Financial,2026-04-03
ACC-0393,Ext-Acc-241060,Account,PER-0237,Saravanan Murugan,Person,Mobile-Account,1.0,Financial,2026-06-17
ACC-0395,Ext-Acc-287500,Account,ACC-0396,Ext-Acc-342389,Account,Transferred-To,2.07,Financial,2025-10-25
ACC-0395,Ext-Acc-287500,Account,PER-0358,Venkat Kumar,Person,Mobile-Account,1.0,Financial,2025-10-25
ACC-0397,Ext-Acc-234690,Account,PER-0124,Chandran Subramani,Person,Mobile-Account,1.0,Financial,2026-01-18
ACC-0399,Ext-Acc-263185,Account,PER-0205,Ajith Sekar,Person,Mobile-Account,1.0,Financial,2026-05-07
ACC-0401,Ext-Acc-263766,Account,PER-0068,Jagan Gopal,Person,Mobile-Account,1.0,Financial,2026-04-06
ACC-0404,Ext-Acc-228910,Account,PER-0008,Lokesh Karuppasamy,Person,Mobile-Account,1.0,Financial,2026-06-16
ACC-0408,Ext-Acc-222273,Account,PER-0016,Sanjay Mani,Person,Mobile-Account,1.0,Financial,2025-06-18
ACC-0410,Ext-Acc-266088,Account,PER-0351,Rajesh Chandran,Person,Mobile-Account,1.0,Financial,2025-07-06
ACC-0412,Ext-Acc-260786,Account,ACC-0413,Ext-Acc-392161,Account,Transferred-To,2.43,Financial,2026-07-01
ACC-0412,Ext-Acc-260786,Account,PER-0242,Ganesh Selvam,Person,Mobile-Account,1.0,Financial,2026-07-01
ACC-0416,Ext-Acc-202815,Account,PER-0033,Vignesh Natarajan,Person,Mobile-Account,1.0,Financial,2025-11-16
ACC-0417,Ext-Acc-269489,Account,ACC-0418,Ext-Acc-358360,Account,Transferred-To,2.17,Financial,2025-07-21
ACC-0417,Ext-Acc-269489,Account,PER-0036,Senthil Rajan,Person,Mobile-Account,1.0,Financial,2025-07-21
ACC-0420,Ext-Acc-275304,Account,PER-0312,Deepa Devi,Person,Mobile-Account,1.0,Financial,2025-09-25
ACC-0422,Ext-Acc-287394,Account,PER-0111,Dharani Rajan,Person,Mobile-Account,1.0,Financial,2025-09-25
ACC-0423,Ext-Acc-297193,Account,ACC-0424,Ext-Acc-357999,Account,Transferred-To,2.64,Financial,2025-11-18
ACC-0425,Ext-Acc-298991,Account,ACC-0426,Ext-Acc-326117,Account,Transferred-To,0.89,Financial,2025-08-23
ACC-0425,Ext-Acc-298991,Account,PER-0013,Ramya Bai,Person,Mobile-Account,1.0,Financial,2025-08-23
ACC-0428,Ext-Acc-290996,Account,ACC-0429,Ext-Acc-348916,Account,Transferred-To,2.0,Financial,2025-02-15
ACC-0428,Ext-Acc-290996,Account,PER-0268,Jeeva Rajan,Person,Mobile-Account,1.0,Financial,2025-02-15
ACC-0430,Ext-Acc-268898,Account,ACC-0431,Ext-Acc-393394,Account,Transferred-To,1.42,Financial,2025-03-01
ACC-0434,Ext-Acc-262221,Account,PER-0381,Priya Selvi,Person,Mobile-Account,1.0,Financial,2025-10-22
ACC-0435,Ext-Acc-258190,Account,PER-0351,Rajesh Chandran,Person,Mobile-Account,1.0,Financial,2026-01-05
ACC-0437,Ext-Acc-267032,Account,PER-0334,Latha Ammal,Person,Mobile-Account,1.0,Financial,2025-04-15
ACC-0442,Ext-Acc-297282,Account,ACC-0443,Ext-Acc-335118,Account,Transferred-To,2.68,Financial,2026-07-19
ACC-0442,Ext-Acc-297282,Account,PER-0370,Kavitha Sri,Person,Mobile-Account,1.0,Financial,2026-07-19
ACC-0446,Ext-Acc-255426,Account,PER-0286,Gopal Gopal,Person,Mobile-Account,1.0,Financial,2026-04-03
ACC-0448,Ext-Acc-207166,Account,ACC-0449,Ext-Acc-388027,Account,Transferred-To,2.19,Financial,2026-06-29
ACC-0451,Ext-Acc-284466,Account,PER-0289,Bhuvana Raman,Person,Mobile-Account,1.0,Financial,2025-11-17
ACC-0452,Ext-Acc-217499,Account,PER-0377,Selvam Babu,Person,Mobile-Account,1.0,Financial,2025-10-13
ACC-0453,Ext-Acc-284817,Account,PER-0258,Anand Palanisamy,Person,Mobile-Account,1.0,Financial,2025-05-12
ACC-0454,Ext-Acc-222298,Account,ACC-0455,Ext-Acc-315381,Account,Transferred-To,2.76,Financial,2026-01-19
ACC-0454,Ext-Acc-222298,Account,PER-0266,Bharath Gopal,Person,Mobile-Account,1.0,Financial,2026-01-19
ACC-0456,Ext-Acc-234891,Account,PER-0072,Buvaneswari Kannan,Person,Mobile-Account,1.0,Financial,2025-08-08
ACC-0457,Ext-Acc-203771,Account,PER-0254,Tamilarasan Selvam,Person,Mobile-Account,1.0,Financial,2026-05-18
ACC-0458,Ext-Acc-290835,Account,PER-0338,Madhan Rajan,Person,Mobile-Account,1.0,Financial,2025-03-16
ACC-0459,Ext-Acc-219826,Account,PER-0336,Inban Palanisamy,Person,Mobile-Account,1.0,Financial,2025-06-28
ACC-0467,Ext-Acc-264922,Account,PER-0355,Ajith Nathan,Person,Mobile-Account,1.0,Financial,2026-01-06
ACC-0468,Ext-Acc-268562,Account,PER-0078,Gokul Muthu,Person,Mobile-Account,1.0,Financial,2025-11-27
ACC-0470,Ext-Acc-258361,Account,ACC-0471,Ext-Acc-361799,Account,Transferred-To,0.82,Financial,2026-03-19
ACC-0470,Ext-Acc-258361,Account,PER-0217,Sathish Subramani,Person,Mobile-Account,1.0,Financial,2026-03-19
ACC-0474,Ext-Acc-245451,Account,PER-0142,Siva Muthu,Person,Mobile-Account,1.0,Financial,2025-06-30
ACC-0475,Ext-Acc-293742,Account,ACC-0476,Ext-Acc-317191,Account,Transferred-To,2.51,Financial,2026-06-07
ACC-0475,Ext-Acc-293742,Account,PER-0007,Babu Rajan,Person,Mobile-Account,1.0,Financial,2026-06-07
ACC-0478,Ext-Acc-299059,Account,PER-0294,Chithra Ammal,Person,Mobile-Account,1.0,Financial,2025-02-02
ACC-0482,Ext-Acc-247418,Account,ACC-0483,Ext-Acc-358009,Account,Transferred-To,0.96,Financial,2025-02-24
ACC-0482,Ext-Acc-247418,Account,PER-0176,Jagan Shankar,Person,Mobile-Account,1.0,Financial,2025-02-24
ACC-0484,Ext-Acc-201035,Account,ACC-0485,Ext-Acc-369178,Account,Transferred-To,0.86,Financial,2025-06-09
ACC-0484,Ext-Acc-201035,Account,PER-0400,Hemanth Krishnan,Person,Mobile-Account,1.0,Financial,2025-06-09
ACC-0487,Ext-Acc-214475,Account,ACC-0488,Ext-Acc-348887,Account,Transferred-To,1.46,Financial,2026-05-21
ACC-0487,Ext-Acc-214475,Account,PER-0081,Dinesh Nathan,Person,Mobile-Account,1.0,Financial,2026-05-21
ACC-0492,Ext-Acc-244558,Account,PER-0364,Janani Sekar,Person,Mobile-Account,1.0,Financial,2025-03-19
ACC-0494,Ext-Acc-282864,Account,PER-0221,Nithin Murugan,Person,Mobile-Account,1.0,Financial,2025-08-22
ACC-0495,Ext-Acc-256618,Account,PER-0101,Abirami Sekar,Person,Mobile-Account,1.0,Financial,2026-08-08
ACC-0496,Ext-Acc-243051,Account,PER-0329,Nandha Muthu,Person,Mobile-Account,1.0,Financial,2025-01-08
ACC-0498,Ext-Acc-216353,Account,PER-0356,Senthil Natarajan,Person,Mobile-Account,1.0,Financial,2026-06-13
ACC-0501,Ext-Acc-285200,Account,PER-0335,Jeeva Krishnan,Person,Mobile-Account,1.0,Financial,2026-02-07
ACC-0509,Ext-Acc-216575,Account,ACC-0510,Ext-Acc-376556,Account,Transferred-To,0.78,Financial,2026-09-07
ACC-0509,Ext-Acc-216575,Account,PER-0039,Jeeva Natarajan,Person,Mobile-Account,1.0,Financial,2026-09-07
ACC-0513,Ext-Acc-249034,Account,PER-0392,Buvaneswari Devi,Person,Mobile-Account,1.0,Financial,2026-03-30
ACC-0516,Ext-Acc-252928,Account,ACC-0517,Ext-Acc-376015,Account,Transferred-To,0.92,Financial,2026-08-15
ACC-0518,Ext-Acc-227470,Account,PER-0365,Karthik Shankar,Person,Mobile-Account,1.0,Financial,2026-07-28
ACC-0522,Ext-Acc-224044,Account,ACC-0523,Ext-Acc-312521,Account,Transferred-To,7.5,Financial,2025-05-03
ACC-0525,Ext-Acc-251992,Account,PER-0201,Praveen Kumar,Person,Mobile-Account,1.0,Financial,2026-01-12
ACC-0527,Ext-Acc-213473,Account,PER-0239,Sathish Palanisamy,Person,Mobile-Account,1.0,Financial,2025-06-06
ACC-0529,Ext-Acc-242294,Account,PER-0125,Saranya Murugan,Person,Mobile-Account,1.0,Financial,2025-06-16
ACC-0532,Ext-Acc-284940,Account,ACC-0533,Ext-Acc-398376,Account,Transferred-To,2.28,Financial,2025-06-09
ACC-0532,Ext-Acc-284940,Account,PER-0385,Praveen Muthu,Person,Mobile-Account,1.0,Financial,2025-06-09
ACC-0534,Ext-Acc-291262,Account,ACC-0535,Ext-Acc-379700,Account,Transferred-To,1.7,Financial,2025-01-05
ACC-0536,Ext-Acc-206829,Account,PER-0265,Harini Sri,Person,Mobile-Account,1.0,Financial,2026-09-10
ACC-0538,Ext-Acc-216315,Account,PER-0120,Vidhya Devi,Person,Mobile-Account,1.0,Financial,2026-08-07
ACC-0539,Ext-Acc-285315,Account,PER-0385,Praveen Muthu,Person,Mobile-Account,1.0,Financial,2026-07-03
ACC-0540,Ext-Acc-210531,Account,PER-0055,Arun Natarajan,Person,Mobile-Account,1.0,Financial,2026-01-24
ACC-0541,Ext-Acc-295374,Account,ACC-0542,Ext-Acc-314322,Account,Transferred-To,2.33,Financial,2025-07-28
ACC-0543,Ext-Acc-200841,Account,ACC-0544,Ext-Acc-364451,Account,Transferred-To,0.93,Financial,2025-11-20
ACC-0543,Ext-Acc-200841,Account,PER-0124,Chandran Subramani,Person,Mobile-Account,1.0,Financial,2025-11-20
ACC-0546,Ext-Acc-213130,Account,PER-0319,Babu Murugan,Person,Mobile-Account,1.0,Financial,2025-04-06
ACC-0550,Ext-Acc-236747,Account,PER-0148,Kishore Selvam,Person,Mobile-Account,1.0,Financial,2026-02-20
ACC-0553,Ext-Acc-276072,Account,ACC-0554,Ext-Acc-307094,Account,Transferred-To,2.77,Financial,2026-03-25
ACC-0553,Ext-Acc-276072,Account,PER-0135,Vasanthi Bai,Person,Mobile-Account,1.0,Financial,2026-03-25
ACC-0557,Ext-Acc-282178,Account,ACC-0558,Ext-Acc-332112,Account,Transferred-To,0.88,Financial,2026-04-09
ACC-0557,Ext-Acc-282178,Account,PER-0037,Elango Balan,Person,Mobile-Account,1.0,Financial,2026-04-09
ACC-0559,Ext-Acc-287914,Account,ACC-0560,Ext-Acc-360774,Account,Transferred-To,2.06,Financial,2025-12-12
ACC-0559,Ext-Acc-287914,Account,PER-0302,Buvaneswari Murugan,Person,Mobile-Account,1.0,Financial,2025-12-12
ACC-0564,Ext-Acc-200697,Account,PER-0060,Madhan Babu,Person,Mobile-Account,1.0,Financial,2025-03-10
ACC-0565,Ext-Acc-268506,Account,ACC-0566,Ext-Acc-346152,Account,Transferred-To,1.36,Financial,2025-02-04
ACC-0565,Ext-Acc-268506,Account,PER-0269,Selvam Natarajan,Person,Mobile-Account,1.0,Financial,2025-02-04
ACC-0567,Ext-Acc-228208,Account,ACC-0568,Ext-Acc-378924,Account,Transferred-To,2.07,Financial,2026-04-29
ACC-0567,Ext-Acc-228208,Account,PER-0187,Tamilarasan Palanisamy,Person,Mobile-Account,1.0,Financial,2026-04-29
ACC-0572,Ext-Acc-252776,Account,PER-0178,Saravanan Anand,Person,Mobile-Account,1.0,Financial,2025-04-21
ACC-0574,Ext-Acc-229984,Account,PER-0239,Sathish Palanisamy,Person,Mobile-Account,1.0,Financial,2026-05-08
ACC-0576,Ext-Acc-253145,Account,PER-0078,Gokul Muthu,Person,Mobile-Account,1.0,Financial,2026-08-06
ACC-0577,Ext-Acc-287194,Account,ACC-0578,Ext-Acc-315570,Account,Transferred-To,1.48,Financial,2026-08-17
ACC-0577,Ext-Acc-287194,Account,PER-0220,Vijay Rajan,Person,Mobile-Account,1.0,Financial,2026-08-17
ACC-0581,Ext-Acc-242157,Account,PER-0232,Yogesh Raman,Person,Mobile-Account,1.0,Financial,2026-01-17
ACC-0582,Ext-Acc-289517,Account,PER-0030,Praveen Natarajan,Person,Mobile-Account,1.0,Financial,2026-04-03
ACC-0584,Ext-Acc-258783,Account,PER-0204,Keerthana Sri,Person,Mobile-Account,1.0,Financial,2026-01-27
ACC-0587,Ext-Acc-238652,Account,PER-0076,Hariharan Babu,Person,Mobile-Account,1.0,Financial,2025-08-06
ACC-0588,Ext-Acc-276449,Account,PER-0084,Gokul Gopal,Person,Mobile-Account,1.0,Financial,2025-06-21
ACC-0589,Ext-Acc-298683,Account,PER-0359,Suresh Thangaraj,Person,Mobile-Account,1.0,Financial,2025-03-14
ACC-0591,Ext-Acc-284473,Account,ACC-0592,Ext-Acc-317324,Account,Transferred-To,0.79,Financial,2026-04-11
ACC-0594,Ext-Acc-281888,Account,ACC-0595,Ext-Acc-345663,Account,Transferred-To,0.88,Financial,2025-07-26
ACC-0596,Ext-Acc-219213,Account,PER-0183,Venkat Palanisamy,Person,Mobile-Account,1.0,Financial,2025-03-29
ACC-0598,Ext-Acc-231784,Account,PER-0109,Ajith Murugan,Person,Mobile-Account,1.0,Financial,2025-10-21
ACC-0599,Ext-Acc-209669,Account,PER-0056,Bharath Prakash,Person,Mobile-Account,1.0,Financial,2025-03-01
ACC-0603,Ext-Acc-285749,Account,PER-0100,Balaji Karuppasamy,Person,Mobile-Account,1.0,Financial,2025-04-12
ACC-0606,Ext-Acc-260390,Account,PER-0131,Chithra Raj,Person,Mobile-Account,1.0,Financial,2025-04-07
ACC-0609,Ext-Acc-226145,Account,PER-0092,Babu Thangaraj,Person,Mobile-Account,1.0,Financial,2026-01-05
ACC-0612,Ext-Acc-297365,Account,ACC-0613,Ext-Acc-396092,Account,Transferred-To,0.87,Financial,2026-01-23
ACC-0612,Ext-Acc-297365,Account,PER-0241,Malathi Ammal,Person,Mobile-Account,1.0,Financial,2026-01-23
ACC-0615,Ext-Acc-285054,Account,ACC-0616,Ext-Acc-354270,Account,Transferred-To,0.89,Financial,2026-08-18
ACC-0615,Ext-Acc-285054,Account,PER-0189,Deepak Subramani,Person,Mobile-Account,1.0,Financial,2026-08-18
ACC-0617,Ext-Acc-213606,Account,PER-0001,Lavanya Ammal,Person,Mobile-Account,1.0,Financial,2026-02-28
ACC-0621,Ext-Acc-245453,Account,PER-0297,Karthik Balan,Person,Mobile-Account,1.0,Financial,2025-04-05
ACC-0622,Ext-Acc-228351,Account,ACC-0623,Ext-Acc-315045,Account,Transferred-To,0.79,Financial,2026-07-20
ACC-0622,Ext-Acc-228351,Account,PER-0157,Ganesh Natarajan,Person,Mobile-Account,1.0,Financial,2026-07-20
ACC-0624,Ext-Acc-245685,Account,ACC-0625,Ext-Acc-385449,Account,Transferred-To,2.92,Financial,2025-11-07
ACC-0624,Ext-Acc-245685,Account,PER-0090,Anand Natarajan,Person,Mobile-Account,1.0,Financial,2025-11-07
ACC-0626,Ext-Acc-294030,Account,PER-0111,Dharani Rajan,Person,Mobile-Account,1.0,Financial,2025-06-09
ACC-0627,Ext-Acc-200609,Account,ACC-0628,Ext-Acc-337272,Account,Transferred-To,4.16,Financial,2026-02-14
ACC-0627,Ext-Acc-200609,Account,PER-0076,Hariharan Babu,Person,Mobile-Account,1.0,Financial,2026-02-14
ACC-0634,Ext-Acc-259328,Account,PER-0334,Latha Ammal,Person,Mobile-Account,1.0,Financial,2026-01-26
ACC-0636,Ext-Acc-228780,Account,PER-0398,Sanjay Shankar,Person,Mobile-Account,1.0,Financial,2025-06-25
ACC-0637,Ext-Acc-290660,Account,PER-0001,Lavanya Ammal,Person,Mobile-Account,1.0,Financial,2025-08-12
ACC-0638,Ext-Acc-290169,Account,PER-0075,Hariharan Raj,Person,Mobile-Account,1.0,Financial,2025-01-10
ACC-0639,Ext-Acc-222377,Account,ACC-0640,Ext-Acc-301275,Account,Transferred-To,7.5,Financial,2025-07-12
ACC-0639,Ext-Acc-222377,Account,PER-0076,Hariharan Babu,Person,Mobile-Account,1.0,Financial,2025-07-12
ACC-0641,Ext-Acc-238097,Account,ACC-0642,Ext-Acc-368848,Account,Transferred-To,1.35,Financial,2026-07-26
ACC-0641,Ext-Acc-238097,Account,PER-0070,Arun Muthu,Person,Mobile-Account,1.0,Financial,2026-07-26
ACC-0643,Ext-Acc-286424,Account,ACC-0644,Ext-Acc-346818,Account,Transferred-To,0.94,Financial,2025-12-01
ACC-0643,Ext-Acc-286424,Account,PER-0198,Mohan Sekar,Person,Mobile-Account,1.0,Financial,2025-12-01
ACC-0645,Ext-Acc-249516,Account,PER-0353,Divya Sekar,Person,Mobile-Account,1.0,Financial,2026-02-14
ACC-0647,Ext-Acc-245481,Account,PER-0385,Praveen Muthu,Person,Mobile-Account,1.0,Financial,2026-02-11
ACC-0648,Ext-Acc-265797,Account,ACC-0649,Ext-Acc-373498,Account,Transferred-To,0.83,Financial,2026-07-24
ACC-0648,Ext-Acc-265797,Account,PER-0374,Lokesh Murugan,Person,Mobile-Account,1.0,Financial,2026-07-24
ACC-0651,Ext-Acc-203463,Account,ACC-0652,Ext-Acc-355170,Account,Transferred-To,0.83,Financial,2026-03-27
ACC-0651,Ext-Acc-203463,Account,PER-0246,Kishore Pandian,Person,Mobile-Account,1.0,Financial,2026-03-27
ACC-0658,Ext-Acc-258258,Account,PER-0001,Lavanya Ammal,Person,Mobile-Account,1.0,Financial,2025-01-08
ACC-0660,Ext-Acc-279499,Account,PER-0099,Kavitha Selvam,Person,Mobile-Account,1.0,Financial,2026-05-11
ACC-0664,Ext-Acc-204634,Account,PER-0306,Dharani Selvam,Person,Mobile-Account,1.0,Financial,2026-01-07
ACC-0666,Ext-Acc-211211,Account,ACC-0667,Ext-Acc-371146,Account,Transferred-To,1.13,Financial,2025-10-08
ACC-0666,Ext-Acc-211211,Account,PER-0352,Yuvaraj Natarajan,Person,Mobile-Account,1.0,Financial,2025-10-08
ACC-0669,Ext-Acc-202112,Account,ACC-0670,Ext-Acc-346312,Account,Transferred-To,0.82,Financial,2025-03-02
ACC-0669,Ext-Acc-202112,Account,PER-0175,Sathish Sundaram,Person,Mobile-Account,1.0,Financial,2025-03-02
ACC-0671,Ext-Acc-249114,Account,PER-0224,Jothi Selvi,Person,Mobile-Account,1.0,Financial,2025-04-27
ACC-0672,Ext-Acc-266951,Account,ACC-0673,Ext-Acc-397261,Account,Transferred-To,2.33,Financial,2025-10-22
ACC-0672,Ext-Acc-266951,Account,PER-0162,Karthik Thangaraj,Person,Mobile-Account,1.0,Financial,2025-10-22
ACC-0674,Ext-Acc-285093,Account,PER-0024,Nithin Velan,Person,Mobile-Account,1.0,Financial,2026-05-05
ACC-0675,Ext-Acc-279574,Account,PER-0229,Kannan Muthu,Person,Mobile-Account,1.0,Financial,2025-07-09
ACC-0676,Ext-Acc-215127,Account,ACC-0677,Ext-Acc-358328,Account,Transferred-To,7.5,Financial,2026-03-12
ACC-0676,Ext-Acc-215127,Account,PER-0229,Kannan Muthu,Person,Mobile-Account,1.0,Financial,2026-03-12
ACC-0681,Ext-Acc-258837,Account,ACC-0682,Ext-Acc-382684,Account,Transferred-To,2.11,Financial,2026-06-28
ACC-0681,Ext-Acc-258837,Account,PER-0396,Nithya Devi,Person,Mobile-Account,1.0,Financial,2026-06-28
ACC-0683,Ext-Acc-256431,Account,PER-0027,Sanjay Raj,Person,Mobile-Account,1.0,Financial,2025-08-12
ACC-0684,Ext-Acc-298758,Account,PER-0074,Padmini Raj,Person,Mobile-Account,1.0,Financial,2026-08-10
ACC-0686,Ext-Acc-293880,Account,ACC-0687,Ext-Acc-315720,Account,Transferred-To,0.83,Financial,2025-04-17
ACC-0686,Ext-Acc-293880,Account,PER-0302,Buvaneswari Murugan,Person,Mobile-Account,1.0,Financial,2025-04-17
ACC-0688,Ext-Acc-297553,Account,ACC-0689,Ext-Acc-395336,Account,Transferred-To,0.84,Financial,2026-05-05
ACC-0688,Ext-Acc-297553,Account,PER-0277,Karthik Rajan,Person,Mobile-Account,1.0,Financial,2026-05-05
ACC-0691,Ext-Acc-200419,Account,PER-0259,Chithra Kannan,Person,Mobile-Account,1.0,Financial,2025-07-24
ACC-0693,Ext-Acc-245557,Account,ACC-0694,Ext-Acc-392382,Account,Transferred-To,7.5,Financial,2026-01-15
ACC-0693,Ext-Acc-245557,Account,PER-0260,Bharath Babu,Person,Mobile-Account,1.0,Financial,2026-01-15
ACC-0696,Ext-Acc-204728,Account,ACC-0697,Ext-Acc-398975,Account,Transferred-To,0.86,Financial,2025-02-02
ACC-0696,Ext-Acc-204728,Account,PER-0382,Gayathri Krishnan,Person,Mobile-Account,1.0,Financial,2025-02-02
ACC-0698,Ext-Acc-296028,Account,PER-0094,Bharathi Ammal,Person,Mobile-Account,1.0,Financial,2026-04-02
ACC-0701,Ext-Acc-296084,Account,PER-0106,Elango Krishnan,Person,Mobile-Account,1.0,Financial,2026-02-08
ACC-0703,Ext-Acc-200734,Account,PER-0243,Bharath Selvam,Person,Mobile-Account,1.0,Financial,2026-05-01
ACC-0704,Ext-Acc-245214,Account,PER-0395,Udhay Ramasamy,Person,Mobile-Account,1.0,Financial,2025-08-26
ACC-0706,Ext-Acc-293237,Account,PER-0150,Pavithra Kannan,Person,Mobile-Account,1.0,Financial,2026-03-10
ACC-0707,Ext-Acc-287823,Account,PER-0009,Deviga Murugan,Person,Mobile-Account,1.0,Financial,2025-05-20
ACC-0712,Ext-Acc-227190,Account,PER-0010,Vasanth Gopal,Person,Mobile-Account,1.0,Financial,2026-08-24
ACC-0716,Ext-Acc-291590,Account,PER-0278,Lavanya Raj,Person,Mobile-Account,1.0,Financial,2025-03-16
ACC-0717,Ext-Acc-237118,Account,ACC-0718,Ext-Acc-395731,Account,Transferred-To,1.26,Financial,2026-06-05
ACC-0717,Ext-Acc-237118,Account,PER-0224,Jothi Selvi,Person,Mobile-Account,1.0,Financial,2026-06-05
ACC-0719,Ext-Acc-248382,Account,PER-0371,Bhuvana Kannan,Person,Mobile-Account,1.0,Financial,2026-05-17
ACC-0722,Ext-Acc-293326,Account,PER-0179,Jagan Arumugam,Person,Mobile-Account,1.0,Financial,2025-10-25
ACC-0723,Ext-Acc-292741,Account,PER-0120,Vidhya Devi,Person,Mobile-Account,1.0,Financial,2025-12-27
ACC-0724,Ext-Acc-233072,Account,PER-0145,Tamilselvi Devi,Person,Mobile-Account,1.0,Financial,2025-10-05
ACC-0725,Ext-Acc-231994,Account,ACC-0726,Ext-Acc-396034,Account,Transferred-To,1.14,Financial,2025-10-17
ACC-0725,Ext-Acc-231994,Account,PER-0139,Logesh Palanisamy,Person,Mobile-Account,1.0,Financial,2025-10-17
ACC-0727,Ext-Acc-274828,Account,PER-0180,Sangeetha Sri,Person,Mobile-Account,1.0,Financial,2025-02-07
ACC-0729,Ext-Acc-277059,Account,PER-0270,Ravi Gopal,Person,Mobile-Account,1.0,Financial,2025-09-22
ACC-0730,Ext-Acc-227608,Account,PER-0020,Yogesh Raj,Person,Mobile-Account,1.0,Financial,2025-03-03
ACC-0732,Ext-Acc-296267,Account,ACC-0733,Ext-Acc-372098,Account,Transferred-To,2.62,Financial,2025-08-05
ACC-0735,Ext-Acc-258911,Account,PER-0255,Kalaiselvi Devi,Person,Mobile-Account,1.0,Financial,2025-12-27
ACC-0736,Ext-Acc-231367,Account,PER-0393,Vidhya Bai,Person,Mobile-Account,1.0,Financial,2025-01-24
ACC-0737,Ext-Acc-289394,Account,ACC-0738,Ext-Acc-368126,Account,Transferred-To,5.21,Financial,2025-07-21
ACC-0737,Ext-Acc-289394,Account,PER-0094,Bharathi Ammal,Person,Mobile-Account,1.0,Financial,2025-07-21
ACC-0739,Ext-Acc-293685,Account,PER-0384,Naveen Muthu,Person,Mobile-Account,1.0,Financial,2026-07-18
ACC-0742,Ext-Acc-233725,Account,PER-0335,Jeeva Krishnan,Person,Mobile-Account,1.0,Financial,2025-10-10
ACC-0745,Ext-Acc-297158,Account,PER-0222,Anand Chandran,Person,Mobile-Account,1.0,Financial,2025-07-18
ACC-0747,Ext-Acc-232997,Account,ACC-0748,Ext-Acc-378820,Account,Transferred-To,2.27,Financial,2026-02-04
ACC-0750,Ext-Acc-227946,Account,PER-0002,Inban Selvam,Person,Mobile-Account,1.0,Financial,2026-04-19
ACC-0751,Ext-Acc-220701,Account,PER-0272,Divya Devi,Person,Mobile-Account,1.0,Financial,2025-11-20
ACC-0752,Ext-Acc-239795,Account,PER-0056,Bharath Prakash,Person,Mobile-Account,1.0,Financial,2025-11-27
ACC-0753,Ext-Acc-277717,Account,PER-0289,Bhuvana Raman,Person,Mobile-Account,1.0,Financial,2026-04-17
ACC-0758,Ext-Acc-256675,Account,ACC-0759,Ext-Acc-352620,Account,Transferred-To,0.96,Financial,2025-01-07
ACC-0758,Ext-Acc-256675,Account,PER-0085,Madhan Murugan,Person,Mobile-Account,1.0,Financial,2025-01-07
ACC-0760,Ext-Acc-276595,Account,ACC-0761,Ext-Acc-342810,Account,Transferred-To,1.76,Financial,2026-03-23
ACC-0762,Ext-Acc-220002,Account,PER-0107,Mathan Arumugam,Person,Mobile-Account,1.0,Financial,2025-01-31
ACC-0765,Ext-Acc-247167,Account,PER-0087,Anand Krishnan,Person,Mobile-Account,1.0,Financial,2025-11-07
ACC-0767,Ext-Acc-234757,Account,PER-0377,Selvam Babu,Person,Mobile-Account,1.0,Financial,2025-04-23
ACC-0769,Ext-Acc-200094,Account,PER-0360,Sanjay Palanisamy,Person,Mobile-Account,1.0,Financial,2026-04-22
ACC-0770,Ext-Acc-274873,Account,PER-0089,Praveen Sekar,Person,Mobile-Account,1.0,Financial,2026-08-01
ACC-0771,Ext-Acc-204485,Account,ACC-0772,Ext-Acc-350466,Account,Transferred-To,1.69,Financial,2026-05-08
ACC-0773,Ext-Acc-267435,Account,ACC-0774,Ext-Acc-344204,Account,Transferred-To,0.84,Financial,2026-01-14
ACC-0773,Ext-Acc-267435,Account,PER-0128,Durga Bai,Person,Mobile-Account,1.0,Financial,2026-01-14
ACC-0779,Ext-Acc-207762,Account,ACC-0780,Ext-Acc-318389,Account,Transferred-To,1.93,Financial,2025-05-04
ACC-0779,Ext-Acc-207762,Account,PER-0275,Harish Selvam,Person,Mobile-Account,1.0,Financial,2025-05-04
ACC-0782,Ext-Acc-263871,Account,ACC-0783,Ext-Acc-329443,Account,Transferred-To,0.94,Financial,2026-04-11
ACC-0782,Ext-Acc-263871,Account,PER-0385,Praveen Muthu,Person,Mobile-Account,1.0,Financial,2026-04-11
ACC-0784,Ext-Acc-256685,Account,PER-0061,Dinesh Balan,Person,Mobile-Account,1.0,Financial,2025-07-15
ACC-0785,Ext-Acc-246748,Account,PER-0299,Hemanth Raj,Person,Mobile-Account,1.0,Financial,2025-12-03
ACC-0787,Ext-Acc-204885,Account,ACC-0788,Ext-Acc-382328,Account,Transferred-To,0.76,Financial,2025-05-21
ACC-0787,Ext-Acc-204885,Account,PER-0202,Saravanan Palanisamy,Person,Mobile-Account,1.0,Financial,2025-05-21
ACC-0789,Ext-Acc-243747,Account,PER-0118,Dharani Prakash,Person,Mobile-Account,1.0,Financial,2025-03-20
ACC-0792,Ext-Acc-250738,Account,ACC-0793,Ext-Acc-392634,Account,Transferred-To,0.95,Financial,2025-10-15
ACC-0795,Ext-Acc-295389,Account,PER-0024,Nithin Velan,Person,Mobile-Account,1.0,Financial,2025-06-17
ACC-0802,Ext-Acc-240850,Account,ACC-0803,Ext-Acc-314126,Account,Transferred-To,0.89,Financial,2025-03-19
ACC-0802,Ext-Acc-240850,Account,PER-0002,Inban Selvam,Person,Mobile-Account,1.0,Financial,2025-03-19
ACC-0804,Ext-Acc-259594,Account,ACC-0805,Ext-Acc-371824,Account,Transferred-To,1.43,Financial,2025-02-20
ACC-0804,Ext-Acc-259594,Account,PER-0269,Selvam Natarajan,Person,Mobile-Account,1.0,Financial,2025-02-20
ACC-0806,Ext-Acc-264325,Account,PER-0059,Suresh Pandian,Person,Mobile-Account,1.0,Financial,2026-05-28
ACC-0807,Ext-Acc-255878,Account,PER-0036,Senthil Rajan,Person,Mobile-Account,1.0,Financial,2026-04-19
ACC-0808,Ext-Acc-269147,Account,ACC-0809,Ext-Acc-324651,Account,Transferred-To,0.9,Financial,2026-03-20
ACC-0808,Ext-Acc-269147,Account,PER-0118,Dharani Prakash,Person,Mobile-Account,1.0,Financial,2026-03-20
ACC-0818,Ext-Acc-258538,Account,PER-0190,Dharani Thangaraj,Person,Mobile-Account,1.0,Financial,2025-04-29
ACC-0820,Ext-Acc-261972,Account,PER-0331,Sanjay Velan,Person,Mobile-Account,1.0,Financial,2026-03-31
ACC-0822,Ext-Acc-286074,Account,PER-0370,Kavitha Sri,Person,Mobile-Account,1.0,Financial,2026-03-22
ACC-0823,Ext-Acc-235426,Account,ACC-0824,Ext-Acc-343992,Account,Transferred-To,2.64,Financial,2025-09-23
ACC-0826,Ext-Acc-282706,Account,ACC-0827,Ext-Acc-387154,Account,Transferred-To,0.93,Financial,2026-08-03
ACC-0826,Ext-Acc-282706,Account,PER-0046,Lokesh Balan,Person,Mobile-Account,1.0,Financial,2026-08-03
ACC-0829,Ext-Acc-269540,Account,PER-0358,Venkat Kumar,Person,Mobile-Account,1.0,Financial,2025-02-18
ACC-0831,Ext-Acc-229899,Account,PER-0210,Harish Mani,Person,Mobile-Account,1.0,Financial,2026-09-11
ACC-0832,Ext-Acc-254997,Account,ACC-0833,Ext-Acc-318275,Account,Transferred-To,0.97,Financial,2025-11-07
ACC-0832,Ext-Acc-254997,Account,PER-0078,Gokul Muthu,Person,Mobile-Account,1.0,Financial,2025-11-07
ACC-0839,Ext-Acc-247308,Account,PER-0180,Sangeetha Sri,Person,Mobile-Account,1.0,Financial,2026-02-01
ACC-0842,Ext-Acc-226825,Account,PER-0342,Manoj Sekar,Person,Mobile-Account,1.0,Financial,2025-03-29
ACC-0843,Ext-Acc-285220,Account,PER-0198,Mohan Sekar,Person,Mobile-Account,1.0,Financial,2026-07-10
ACC-0844,Ext-Acc-219350,Account,ACC-0845,Ext-Acc-398521,Account,Transferred-To,2.58,Financial,2025-12-02
ACC-0844,Ext-Acc-219350,Account,PER-0310,Mathan Balan,Person,Mobile-Account,1.0,Financial,2025-12-02
ACC-0846,Ext-Acc-284602,Account,PER-0312,Deepa Devi,Person,Mobile-Account,1.0,Financial,2026-05-01
ACC-0847,Ext-Acc-220896,Account,ACC-0848,Ext-Acc-375195,Account,Transferred-To,1.78,Financial,2025-11-04
ACC-0849,Ext-Acc-271302,Account,PER-0075,Hariharan Raj,Person,Mobile-Account,1.0,Financial,2026-07-29
ACC-0854,Ext-Acc-255404,Account,ACC-0855,Ext-Acc-381295,Account,Transferred-To,7.5,Financial,2025-01-22
ACC-0854,Ext-Acc-255404,Account,PER-0082,Rajeshwari Rani,Person,Mobile-Account,1.0,Financial,2025-01-22
ACC-0856,Ext-Acc-259139,Account,PER-0001,Lavanya Ammal,Person,Mobile-Account,1.0,Financial,2025-01-22
ACC-0857,Ext-Acc-205750,Account,PER-0380,Eswari Sri,Person,Mobile-Account,1.0,Financial,2025-12-12
ACC-0858,Ext-Acc-273763,Account,PER-0389,Babu Krishnan,Person,Mobile-Account,1.0,Financial,2026-06-23
ACC-0859,Ext-Acc-253266,Account,PER-0094,Bharathi Ammal,Person,Mobile-Account,1.0,Financial,2026-07-19
ACC-0862,Ext-Acc-217991,Account,PER-0375,Inban Babu,Person,Mobile-Account,1.0,Financial,2025-02-18
ACC-0864,Ext-Acc-224687,Account,ACC-0865,Ext-Acc-318255,Account,Transferred-To,1.72,Financial,2025-10-08
ACC-0864,Ext-Acc-224687,Account,PER-0266,Bharath Gopal,Person,Mobile-Account,1.0,Financial,2025-10-08
ACC-0867,Ext-Acc-259606,Account,ACC-0868,Ext-Acc-372174,Account,Transferred-To,0.9,Financial,2025-07-26
ACC-0872,Ext-Acc-253547,Account,ACC-0873,Ext-Acc-358002,Account,Transferred-To,7.5,Financial,2025-10-23
ACC-0872,Ext-Acc-253547,Account,PER-0019,Madhan Palanisamy,Person,Mobile-Account,1.0,Financial,2025-10-23
ACC-0874,Ext-Acc-264424,Account,PER-0364,Janani Sekar,Person,Mobile-Account,1.0,Financial,2025-12-10
ACC-0875,Ext-Acc-222070,Account,ACC-0876,Ext-Acc-327149,Account,Transferred-To,0.82,Financial,2025-08-14
ACC-0875,Ext-Acc-222070,Account,PER-0254,Tamilarasan Selvam,Person,Mobile-Account,1.0,Financial,2025-08-14
ACC-0877,Ext-Acc-273834,Account,PER-0245,Senthil Prakash,Person,Mobile-Account,1.0,Financial,2025-10-07
ACC-0878,Ext-Acc-247785,Account,PER-0187,Tamilarasan Palanisamy,Person,Mobile-Account,1.0,Financial,2025-02-08
ACC-0879,Ext-Acc-236505,Account,ACC-0880,Ext-Acc-324382,Account,Transferred-To,0.89,Financial,2025-03-13
ACC-0879,Ext-Acc-236505,Account,PER-0354,Naveen Krishnan,Person,Mobile-Account,1.0,Financial,2025-03-13
ACC-0882,Ext-Acc-293510,Account,PER-0120,Vidhya Devi,Person,Mobile-Account,1.0,Financial,2025-08-12
ACC-0883,Ext-Acc-272130,Account,PER-0398,Sanjay Shankar,Person,Mobile-Account,1.0,Financial,2026-04-16
ACC-0885,Ext-Acc-213275,Account,PER-0133,Jagan Velan,Person,Mobile-Account,1.0,Financial,2025-03-02
ACC-0886,Ext-Acc-262843,Account,PER-0382,Gayathri Krishnan,Person,Mobile-Account,1.0,Financial,2025-04-24
ACC-0889,Ext-Acc-264681,Account,PER-0201,Praveen Kumar,Person,Mobile-Account,1.0,Financial,2025-12-31
ACC-0890,Ext-Acc-232602,Account,PER-0379,Gopal Mani,Person,Mobile-Account,1.0,Financial,2025-11-07
ACC-0892,Ext-Acc-247022,Account,ACC-0893,Ext-Acc-340160,Account,Transferred-To,2.55,Financial,2025-07-02
ACC-0892,Ext-Acc-247022,Account,PER-0152,Pavithra Bai,Person,Mobile-Account,1.0,Financial,2025-07-02
ACC-0894,Ext-Acc-257060,Account,PER-0131,Chithra Raj,Person,Mobile-Account,1.0,Financial,2025-06-12
ACC-0896,Ext-Acc-255358,Account,ACC-0897,Ext-Acc-398502,Account,Transferred-To,1.0,Financial,2025-05-08
ACC-0896,Ext-Acc-255358,Account,PER-0082,Rajeshwari Rani,Person,Mobile-Account,1.0,Financial,2025-05-08
ACC-0905,Ext-Acc-260749,Account,PER-0234,Siva Velan,Person,Mobile-Account,1.0,Financial,2026-01-03
ACC-0908,Ext-Acc-213164,Account,ACC-0909,Ext-Acc-398605,Account,Transferred-To,0.97,Financial,2026-05-27
ACC-0908,Ext-Acc-213164,Account,PER-0071,Nithin Thangaraj,Person,Mobile-Account,1.0,Financial,2026-05-27
ACC-0912,Ext-Acc-219125,Account,PER-0093,Vasanth Mani,Person,Mobile-Account,1.0,Financial,2026-01-15
ACC-0915,Ext-Acc-287614,Account,ACC-0916,Ext-Acc-380425,Account,Transferred-To,7.5,Financial,2026-02-15
ACC-0915,Ext-Acc-287614,Account,PER-0331,Sanjay Velan,Person,Mobile-Account,1.0,Financial,2026-02-15
ACC-0917,Ext-Acc-272597,Account,PER-0019,Madhan Palanisamy,Person,Mobile-Account,1.0,Financial,2026-08-17
ACC-0918,Ext-Acc-278849,Account,PER-0140,Sangeetha Bai,Person,Mobile-Account,1.0,Financial,2025-09-19
ACC-0920,Ext-Acc-271901,Account,PER-0285,Saravanan Gopal,Person,Mobile-Account,1.0,Financial,2025-01-10
ACC-0921,Ext-Acc-264166,Account,ACC-0922,Ext-Acc-328358,Account,Transferred-To,6.15,Financial,2026-03-29
ACC-0925,Ext-Acc-255096,Account,PER-0059,Suresh Pandian,Person,Mobile-Account,1.0,Financial,2026-06-28
ACC-0926,Ext-Acc-277553,Account,ACC-0927,Ext-Acc-376758,Account,Transferred-To,7.5,Financial,2026-04-07
ACC-0926,Ext-Acc-277553,Account,PER-0180,Sangeetha Sri,Person,Mobile-Account,1.0,Financial,2026-04-07
ACC-0929,Ext-Acc-215118,Account,ACC-0930,Ext-Acc-316617,Account,Transferred-To,0.93,Financial,2025-03-29
ACC-0929,Ext-Acc-215118,Account,PER-0069,Jagan Anand,Person,Mobile-Account,1.0,Financial,2025-03-29
ACC-0931,Ext-Acc-217723,Account,PER-0277,Karthik Rajan,Person,Mobile-Account,1.0,Financial,2026-01-30
ACC-0932,Ext-Acc-287147,Account,ACC-0933,Ext-Acc-394776,Account,Transferred-To,0.94,Financial,2026-05-10
ACC-0932,Ext-Acc-287147,Account,PER-0244,Thirumal Velan,Person,Mobile-Account,1.0,Financial,2026-05-10
ACC-0934,Ext-Acc-266062,Account,PER-0036,Senthil Rajan,Person,Mobile-Account,1.0,Financial,2026-06-03
ACC-0942,Ext-Acc-225471,Account,ACC-0943,Ext-Acc-333779,Account,Transferred-To,6.84,Financial,2025-06-22
ACC-0947,Ext-Acc-295777,Account,PER-0280,Sanjay Gopal,Person,Mobile-Account,1.0,Financial,2026-08-28
ACC-0948,Ext-Acc-217890,Account,PER-0207,Murugan Babu,Person,Mobile-Account,1.0,Financial,2026-06-03
ACC-0950,Ext-Acc-256344,Account,PER-0003,Dinesh Prakash,Person,Mobile-Account,1.0,Financial,2026-03-10
ACC-0952,Ext-Acc-274221,Account,PER-0169,Anitha Raj,Person,Mobile-Account,1.0,Financial,2026-08-16
ACC-0953,Ext-Acc-241116,Account,PER-0097,Rajesh Mani,Person,Mobile-Account,1.0,Financial,2025-11-06
ACC-0955,Ext-Acc-253955,Account,ACC-0956,Ext-Acc-378159,Account,Transferred-To,0.96,Financial,2026-01-18
ACC-0957,Ext-Acc-221098,Account,PER-0243,Bharath Selvam,Person,Mobile-Account,1.0,Financial,2026-02-11
ACC-0959,Ext-Acc-210301,Account,PER-0163,Rakesh Krishnan,Person,Mobile-Account,1.0,Financial,2026-06-05
ACC-0961,Ext-Acc-286449,Account,PER-0277,Karthik Rajan,Person,Mobile-Account,1.0,Financial,2025-11-11
ACC-0962,Ext-Acc-209535,Account,ACC-0963,Ext-Acc-318185,Account,Transferred-To,0.87,Financial,2025-01-31
ACC-0962,Ext-Acc-209535,Account,PER-0110,Harish Babu,Person,Mobile-Account,1.0,Financial,2025-01-31
ACC-0964,Ext-Acc-260477,Account,PER-0218,Arun Mani,Person,Mobile-Account,1.0,Financial,2025-12-06
ACC-0965,Ext-Acc-286975,Account,ACC-0966,Ext-Acc-347232,Account,Transferred-To,0.94,Financial,2026-06-17
ACC-0965,Ext-Acc-286975,Account,PER-0193,Vignesh Thangaraj,Person,Mobile-Account,1.0,Financial,2026-06-17
ACC-0970,Ext-Acc-254982,Account,PER-0246,Kishore Pandian,Person,Mobile-Account,1.0,Financial,2025-09-04
ACC-0972,Ext-Acc-273060,Account,ACC-0973,Ext-Acc-356118,Account,Transferred-To,7.5,Financial,2026-01-29
ACC-0975,Ext-Acc-241592,Account,ACC-0976,Ext-Acc-380432,Account,Transferred-To,2.17,Financial,2025-04-03
ACC-0977,Ext-Acc-203328,Account,PER-0383,Jothi Murugan,Person,Mobile-Account,1.0,Financial,2026-05-12
ACC-0978,Ext-Acc-217187,Account,PER-0164,Malathi Selvi,Person,Mobile-Account,1.0,Financial,2025-02-23
ACC-0979,Ext-Acc-218883,Account,PER-0236,Durga Sekar,Person,Mobile-Account,1.0,Financial,2026-09-05
ACC-0980,Ext-Acc-296606,Account,PER-0217,Sathish Subramani,Person,Mobile-Account,1.0,Financial,2026-04-30
ACC-0982,Ext-Acc-287789,Account,ACC-0983,Ext-Acc-350123,Account,Transferred-To,1.38,Financial,2026-03-03
ACC-0982,Ext-Acc-287789,Account,PER-0344,Malathi Bai,Person,Mobile-Account,1.0,Financial,2026-03-03
ACC-0986,Ext-Acc-260689,Account,ACC-0987,Ext-Acc-364631,Account,Transferred-To,2.11,Financial,2025-01-16
ACC-0986,Ext-Acc-260689,Account,PER-0093,Vasanth Mani,Person,Mobile-Account,1.0,Financial,2025-01-16
ACC-0988,Ext-Acc-265289,Account,PER-0307,Deviga Krishnan,Person,Mobile-Account,1.0,Financial,2026-03-29
ACC-0991,Ext-Acc-287470,Account,PER-0183,Venkat Palanisamy,Person,Mobile-Account,1.0,Financial,2026-08-07
ACC-0993,Ext-Acc-202993,Account,ACC-0994,Ext-Acc-384267,Account,Transferred-To,2.34,Financial,2025-03-13
ACC-0993,Ext-Acc-202993,Account,PER-0282,Yuvaraj Anand,Person,Mobile-Account,1.0,Financial,2025-03-13
ACC-0995,Ext-Acc-267027,Account,PER-0209,Kishore Murugan,Person,Mobile-Account,1.0,Financial,2025-03-06
ACC-0996,Ext-Acc-288268,Account,PER-0279,Rakesh Muthu,Person,Mobile-Account,1.0,Financial,2026-04-25
ACC-0998,Ext-Acc-208653,Account,ACC-0999,Ext-Acc-396466,Account,Transferred-To,1.82,Financial,2026-03-18
ACC-0998,Ext-Acc-208653,Account,PER-0207,Murugan Babu,Person,Mobile-Account,1.0,Financial,2026-03-18
ACC-1001,Ext-Acc-245617,Account,PER-0318,Harish Anand,Person,Mobile-Account,1.0,Financial,2025-04-17
ACC-1002,Ext-Acc-267394,Account,PER-0148,Kishore Selvam,Person,Mobile-Account,1.0,Financial,2025-03-19
ACC-1006,Ext-Acc-270851,Account,ACC-1007,Ext-Acc-313853,Account,Transferred-To,0.8,Financial,2026-05-28
ACC-1006,Ext-Acc-270851,Account,PER-0078,Gokul Muthu,Person,Mobile-Account,1.0,Financial,2026-05-28
ACC-1009,Ext-Acc-258796,Account,ACC-1010,Ext-Acc-314674,Account,Transferred-To,0.76,Financial,2026-02-22
ACC-1009,Ext-Acc-258796,Account,PER-0248,Gokul Karuppasamy,Person,Mobile-Account,1.0,Financial,2026-02-22
ACC-1012,Ext-Acc-274853,Account,ACC-1013,Ext-Acc-366433,Account,Transferred-To,7.5,Financial,2025-01-20
ACC-1012,Ext-Acc-274853,Account,PER-0061,Dinesh Balan,Person,Mobile-Account,1.0,Financial,2025-01-20
ACC-1016,Ext-Acc-287854,Account,ACC-1017,Ext-Acc-362539,Account,Transferred-To,0.77,Financial,2025-06-28
ACC-1016,Ext-Acc-287854,Account,PER-0198,Mohan Sekar,Person,Mobile-Account,1.0,Financial,2025-06-28
ACC-1019,Ext-Acc-249324,Account,PER-0270,Ravi Gopal,Person,Mobile-Account,1.0,Financial,2026-02-02
ACC-1020,Ext-Acc-278602,Account,PER-0065,Deepak Gopal,Person,Mobile-Account,1.0,Financial,2025-06-15
ACC-1022,Ext-Acc-211835,Account,PER-0353,Divya Sekar,Person,Mobile-Account,1.0,Financial,2026-04-22
ACC-1023,Ext-Acc-247358,Account,PER-0005,Vignesh Subramani,Person,Mobile-Account,1.0,Financial,2025-03-03
ACC-1025,Ext-Acc-235910,Account,ACC-1026,Ext-Acc-397066,Account,Transferred-To,2.67,Financial,2025-02-08
ACC-1030,Ext-Acc-298639,Account,PER-0355,Ajith Nathan,Person,Mobile-Account,1.0,Financial,2025-07-25
ACC-1031,Ext-Acc-291057,Account,ACC-1032,Ext-Acc-365989,Account,Transferred-To,0.95,Financial,2025-07-28
ACC-1031,Ext-Acc-291057,Account,PER-0258,Anand Palanisamy,Person,Mobile-Account,1.0,Financial,2025-07-28
ACC-1034,Ext-Acc-237416,Account,ACC-1035,Ext-Acc-380580,Account,Transferred-To,2.91,Financial,2026-04-28
ACC-1034,Ext-Acc-237416,Account,PER-0045,Elango Ramasamy,Person,Mobile-Account,1.0,Financial,2026-04-28
ACC-1036,Ext-Acc-207966,Account,ACC-1037,Ext-Acc-308817,Account,Transferred-To,0.82,Financial,2025-07-18
ACC-1036,Ext-Acc-207966,Account,PER-0086,Prakash Chandran,Person,Mobile-Account,1.0,Financial,2025-07-18
ACC-1039,Ext-Acc-297033,Account,PER-0125,Saranya Murugan,Person,Mobile-Account,1.0,Financial,2025-02-22
ACC-1040,Ext-Acc-234295,Account,PER-0077,Anand Arumugam,Person,Mobile-Account,1.0,Financial,2026-01-05
ACC-1042,Ext-Acc-270630,Account,ACC-1043,Ext-Acc-381539,Account,Transferred-To,0.9,Financial,2026-08-27
ACC-1045,Ext-Acc-278409,Account,PER-0077,Anand Arumugam,Person,Mobile-Account,1.0,Financial,2026-03-09
ACC-1046,Ext-Acc-293282,Account,PER-0318,Harish Anand,Person,Mobile-Account,1.0,Financial,2025-05-24
ACC-1047,Ext-Acc-297280,Account,PER-0167,Saravanan Selvam,Person,Mobile-Account,1.0,Financial,2025-12-03
ACC-1049,Ext-Acc-277526,Account,PER-0201,Praveen Kumar,Person,Mobile-Account,1.0,Financial,2026-08-14
ACC-1051,Ext-Acc-203063,Account,ACC-1052,Ext-Acc-331030,Account,Transferred-To,7.17,Financial,2026-06-29
ACC-1051,Ext-Acc-203063,Account,PER-0115,Nithin Balan,Person,Mobile-Account,1.0,Financial,2026-06-29
ACC-1055,Ext-Acc-202367,Account,ACC-1056,Ext-Acc-306524,Account,Transferred-To,0.93,Financial,2025-11-15
ACC-1058,Ext-Acc-248908,Account,PER-0192,Dinesh Raj,Person,Mobile-Account,1.0,Financial,2025-02-15
ACC-1059,Ext-Acc-214314,Account,ACC-1060,Ext-Acc-386106,Account,Transferred-To,0.78,Financial,2025-02-03
ACC-1059,Ext-Acc-214314,Account,PER-0346,Inban Pandian,Person,Mobile-Account,1.0,Financial,2025-02-03
ACC-1061,Ext-Acc-217847,Account,PER-0319,Babu Murugan,Person,Mobile-Account,1.0,Financial,2025-01-04
ACC-1064,Ext-Acc-287030,Account,PER-0341,Madhan Nathan,Person,Mobile-Account,1.0,Financial,2026-09-01
ACC-1069,Ext-Acc-246837,Account,ACC-1070,Ext-Acc-307801,Account,Transferred-To,8.5,Financial,2025-02-09
ACC-1070,Ext-Acc-307801,Account,PER-0071,Nithin Thangaraj,Person,Called,1.29,CDR,2025-06-05
ACC-1070,Ext-Acc-307801,Account,PER-0347,Bharath Balan,Person,Called,0.5,CDR,2025-12-04
ACC-1070,Ext-Acc-307801,Account,PER-0202,Saravanan Palanisamy,Person,Called,1.36,CDR,2025-04-25
ACC-1070,Ext-Acc-307801,Account,PER-0152,Pavithra Bai,Person,Called,0.5,CDR,2026-07-17
ACC-1070,Ext-Acc-307801,Account,PER-0173,Manoj Karuppasamy,Person,Called,2.89,CDR,2025-07-04
ACC-1070,Ext-Acc-307801,Account,PER-0320,Kavitha Devi,Person,Called,0.5,CDR,2026-05-25
ACC-1070,Ext-Acc-307801,Account,PER-0004,Thirumal Babu,Person,Called,1.24,CDR,2026-06-24
ACC-1070,Ext-Acc-307801,Account,PER-0225,Lakshmi Krishnan,Person,Called,3.0,CDR,2025-11-29
ACC-1070,Ext-Acc-307801,Account,PER-0258,Anand Palanisamy,Person,Called,1.67,CDR,2025-06-02
ACC-1070,Ext-Acc-307801,Account,PER-0334,Latha Ammal,Person,Called,0.5,CDR,2025-05-23
ACC-1070,Ext-Acc-307801,Account,PER-0128,Durga Bai,Person,Called,2.72,CDR,2026-04-02
ACC-1070,Ext-Acc-307801,Account,PER-0050,Sudha Kannan,Person,Called,1.85,CDR,2026-03-16
ACC-1070,Ext-Acc-307801,Account,PER-0223,Gunasekar Murugan,Person,Called,0.91,CDR,2025-01-11
ACC-1070,Ext-Acc-307801,Account,PER-0009,Deviga Murugan,Person,Called,0.5,CDR,2026-07-10
ACC-1070,Ext-Acc-307801,Account,PER-0098,Karthik Nathan,Person,Called,0.6,CDR,2025-10-25
ACC-1070,Ext-Acc-307801,Account,PER-0187,Tamilarasan Palanisamy,Person,Called,1.45,CDR,2026-05-28
ACC-1070,Ext-Acc-307801,Account,PER-0211,Nithya Selvi,Person,Called,2.94,CDR,2026-02-09
ACC-1070,Ext-Acc-307801,Account,PER-0084,Gokul Gopal,Person,Called,2.62,CDR,2026-07-09
ACC-1070,Ext-Acc-307801,Account,PER-0266,Bharath Gopal,Person,Called,0.5,CDR,2025-06-12
ACC-1070,Ext-Acc-307801,Account,PER-0395,Udhay Ramasamy,Person,Called,0.63,CDR,2026-03-18
ACC-1070,Ext-Acc-307801,Account,PER-0025,Bhuvana Bai,Person,Called,3.0,CDR,2025-08-31
ACC-1070,Ext-Acc-307801,Account,PER-0400,Hemanth Krishnan,Person,Called,1.15,CDR,2025-12-11
ACC-1071,Ext-Acc-223998,Account,ACC-1072,Ext-Acc-345485,Account,Transferred-To,2.0,Financial,2026-04-25
ACC-1071,Ext-Acc-223998,Account,PER-0089,Praveen Sekar,Person,Mobile-Account,1.0,Financial,2026-04-25
ACC-1073,Ext-Acc-264528,Account,PER-0214,Dharani Anand,Person,Mobile-Account,1.0,Financial,2025-10-02
ACC-1074,Ext-Acc-208619,Account,PER-0015,Dinesh Subramani,Person,Mobile-Account,1.0,Financial,2026-08-24
ACC-1076,Ext-Acc-241039,Account,PER-0078,Gokul Muthu,Person,Mobile-Account,1.0,Financial,2026-03-29
ACC-1081,Ext-Acc-279150,Account,ACC-1082,Ext-Acc-308803,Account,Transferred-To,0.8,Financial,2026-03-28
ACC-1084,Ext-Acc-268799,Account,ACC-1085,Ext-Acc-308655,Account,Transferred-To,7.5,Financial,2026-07-06
ACC-1084,Ext-Acc-268799,Account,PER-0347,Bharath Balan,Person,Mobile-Account,1.0,Financial,2026-07-06
ACC-1086,Ext-Acc-296309,Account,PER-0106,Elango Krishnan,Person,Mobile-Account,1.0,Financial,2025-06-20
ACC-1089,Ext-Acc-226610,Account,ACC-1090,Ext-Acc-355023,Account,Transferred-To,2.42,Financial,2025-10-14
ACC-1093,Ext-Acc-296841,Account,PER-0074,Padmini Raj,Person,Mobile-Account,1.0,Financial,2026-02-04
ACC-1094,Ext-Acc-277872,Account,ACC-1095,Ext-Acc-380963,Account,Transferred-To,2.58,Financial,2025-07-06
ACC-1097,Ext-Acc-247798,Account,PER-0066,Sudha Sekar,Person,Mobile-Account,1.0,Financial,2026-06-20
ACC-1102,Ext-Acc-215988,Account,PER-0011,Meena Ammal,Person,Mobile-Account,1.0,Financial,2026-07-21
ACC-1104,Ext-Acc-265281,Account,PER-0168,Mohan Gopal,Person,Mobile-Account,1.0,Financial,2026-06-10
ACC-1105,Ext-Acc-219344,Account,PER-0318,Harish Anand,Person,Mobile-Account,1.0,Financial,2025-11-12
ACC-1107,Ext-Acc-205980,Account,PER-0086,Prakash Chandran,Person,Mobile-Account,1.0,Financial,2025-05-25
ACC-1114,Ext-Acc-274917,Account,PER-0373,Anand Muthu,Person,Mobile-Account,1.0,Financial,2026-05-18
ACC-1116,Ext-Acc-269522,Account,PER-0281,Ganesh Subramani,Person,Mobile-Account,1.0,Financial,2025-06-11
ACC-1118,Ext-Acc-238293,Account,ACC-1119,Ext-Acc-340290,Account,Transferred-To,2.18,Financial,2025-11-04
ACC-1122,Ext-Acc-262774,Account,PER-0119,Amudha Kannan,Person,Mobile-Account,1.0,Financial,2025-11-17
ACC-1123,Ext-Acc-213977,Account,PER-0223,Gunasekar Murugan,Person,Mobile-Account,1.0,Financial,2025-10-04
ACC-1128,Ext-Acc-218463,Account,PER-0082,Rajeshwari Rani,Person,Mobile-Account,1.0,Financial,2026-05-23
ACC-1132,Ext-Acc-241312,Account,PER-0329,Nandha Muthu,Person,Mobile-Account,1.0,Financial,2025-05-15
ACC-1133,Ext-Acc-222364,Account,PER-0084,Gokul Gopal,Person,Mobile-Account,1.0,Financial,2026-02-24
ACC-1134,Ext-Acc-202147,Account,PER-0199,Sudha Rani,Person,Mobile-Account,1.0,Financial,2025-10-17
ACC-1138,Ext-Acc-298099,Account,PER-0189,Deepak Subramani,Person,Mobile-Account,1.0,Financial,2025-04-27
ACC-1144,Ext-Acc-229419,Account,ACC-1145,Ext-Acc-320582,Account,Transferred-To,1.67,Financial,2025-03-15
ACC-1146,Ext-Acc-267025,Account,ACC-1147,Ext-Acc-314765,Account,Transferred-To,2.69,Financial,2026-02-21
ACC-1148,Ext-Acc-213629,Account,ACC-1149,Ext-Acc-314383,Account,Transferred-To,0.89,Financial,2025-08-29
ACC-1151,Ext-Acc-214669,Account,PER-0366,Deepak Muthu,Person,Mobile-Account,1.0,Financial,2026-04-07
ACC-1153,Ext-Acc-270679,Account,PER-0153,Sathish Kumar,Person,Mobile-Account,1.0,Financial,2025-09-11
ACC-1156,Ext-Acc-229334,Account,PER-0157,Ganesh Natarajan,Person,Mobile-Account,1.0,Financial,2025-09-10
ACC-1160,Ext-Acc-202369,Account,ACC-1161,Ext-Acc-323480,Account,Transferred-To,2.38,Financial,2026-08-22
ACC-1160,Ext-Acc-202369,Account,PER-0312,Deepa Devi,Person,Mobile-Account,1.0,Financial,2026-08-22
ACC-1164,Ext-Acc-256622,Account,PER-0214,Dharani Anand,Person,Mobile-Account,1.0,Financial,2026-02-17
ACC-1165,Ext-Acc-256063,Account,PER-0172,Arjun Pandian,Person,Mobile-Account,1.0,Financial,2025-07-15
ACC-1167,Ext-Acc-230377,Account,PER-0039,Jeeva Natarajan,Person,Mobile-Account,1.0,Financial,2026-07-20
ACC-1168,Ext-Acc-207386,Account,PER-0003,Dinesh Prakash,Person,Mobile-Account,1.0,Financial,2025-02-22
ACC-1172,Ext-Acc-279040,Account,PER-0107,Mathan Arumugam,Person,Mobile-Account,1.0,Financial,2026-02-16
ACC-1173,Ext-Acc-263259,Account,ACC-1174,Ext-Acc-367090,Account,Transferred-To,1.4,Financial,2026-06-17
ACC-1173,Ext-Acc-263259,Account,PER-0183,Venkat Palanisamy,Person,Mobile-Account,1.0,Financial,2026-06-17
ACC-1178,Ext-Acc-297584,Account,PER-0347,Bharath Balan,Person,Mobile-Account,1.0,Financial,2026-06-04
ACC-1179,Ext-Acc-205539,Account,PER-0043,Arun Babu,Person,Mobile-Account,1.0,Financial,2026-07-12
ACC-1180,Ext-Acc-259029,Account,ACC-1181,Ext-Acc-311265,Account,Transferred-To,7.5,Financial,2026-03-31
ACC-1180,Ext-Acc-259029,Account,PER-0305,Sudha Bai,Person,Mobile-Account,1.0,Financial,2026-03-31
ACC-1182,Ext-Acc-215163,Account,PER-0267,Siva Selvam,Person,Mobile-Account,1.0,Financial,2026-01-30
ACC-1184,Ext-Acc-210032,Account,PER-0054,Vasanth Chandran,Person,Mobile-Account,1.0,Financial,2025-06-09
ACC-1187,Ext-Acc-241930,Account,ACC-1188,Ext-Acc-345954,Account,Transferred-To,2.27,Financial,2025-12-19
ACC-1189,Ext-Acc-204602,Account,PER-0222,Anand Chandran,Person,Mobile-Account,1.0,Financial,2025-06-09
ACC-1190,Ext-Acc-203039,Account,PER-0343,Malathi Murugan,Person,Mobile-Account,1.0,Financial,2025-07-23
ACC-1192,Ext-Acc-218894,Account,PER-0392,Buvaneswari Devi,Person,Mobile-Account,1.0,Financial,2025-03-19
ACC-1194,Ext-Acc-230991,Account,PER-0121,Chandran Krishnan,Person,Mobile-Account,1.0,Financial,2026-02-27
ACC-1195,Ext-Acc-233277,Account,PER-0107,Mathan Arumugam,Person,Mobile-Account,1.0,Financial,2025-03-28
ACC-1198,Ext-Acc-254214,Account,PER-0358,Venkat Kumar,Person,Mobile-Account,1.0,Financial,2025-04-09
ACC-1199,Ext-Acc-217121,Account,PER-0090,Anand Natarajan,Person,Mobile-Account,1.0,Financial,2026-07-22
ACC-1200,Ext-Acc-236516,Account,PER-0195,Vidhya Ammal,Person,Mobile-Account,1.0,Financial,2025-04-02
ACC-1202,Ext-Acc-219958,Account,ACC-1203,Ext-Acc-318201,Account,Transferred-To,0.87,Financial,2026-03-29
ACC-1202,Ext-Acc-219958,Account,PER-0098,Karthik Nathan,Person,Mobile-Account,1.0,Financial,2026-03-29
ACC-1206,Ext-Acc-279588,Account,PER-0149,Deviga Devi,Person,Mobile-Account,1.0,Financial,2025-04-26
ACC-1207,Ext-Acc-218255,Account,ACC-1208,Ext-Acc-370657,Account,Transferred-To,1.57,Financial,2026-05-22
ACC-1207,Ext-Acc-218255,Account,PER-0177,Inban Balan,Person,Mobile-Account,1.0,Financial,2026-05-22
ACC-1209,Ext-Acc-219567,Account,ACC-1210,Ext-Acc-351259,Account,Transferred-To,2.94,Financial,2026-01-21
ACC-1209,Ext-Acc-219567,Account,PER-0290,Latha Murugan,Person,Mobile-Account,1.0,Financial,2026-01-21
ACC-1211,Ext-Acc-273402,Account,ACC-1212,Ext-Acc-372307,Account,Transferred-To,0.79,Financial,2025-02-23
ACC-1211,Ext-Acc-273402,Account,PER-0115,Nithin Balan,Person,Mobile-Account,1.0,Financial,2025-02-23
ACC-1217,Ext-Acc-281448,Account,ACC-1218,Ext-Acc-353578,Account,Transferred-To,0.97,Financial,2026-09-06
ACC-1217,Ext-Acc-281448,Account,PER-0010,Vasanth Gopal,Person,Mobile-Account,1.0,Financial,2026-09-06
ACC-1219,Ext-Acc-275783,Account,PER-0231,Indhu Murugan,Person,Mobile-Account,1.0,Financial,2025-08-24
ACC-1220,Ext-Acc-227456,Account,PER-0139,Logesh Palanisamy,Person,Mobile-Account,1.0,Financial,2025-03-27
ACC-1221,Ext-Acc-265594,Account,ACC-1222,Ext-Acc-365888,Account,Transferred-To,2.07,Financial,2025-11-23
ACC-1221,Ext-Acc-265594,Account,PER-0398,Sanjay Shankar,Person,Mobile-Account,1.0,Financial,2025-11-23
ACC-1226,Ext-Acc-218617,Account,PER-0217,Sathish Subramani,Person,Mobile-Account,1.0,Financial,2025-10-29
ACC-1227,Ext-Acc-285036,Account,PER-0014,Ajith Velan,Person,Mobile-Account,1.0,Financial,2026-06-24
ACC-1229,Ext-Acc-280539,Account,ACC-1230,Ext-Acc-330496,Account,Transferred-To,0.76,Financial,2025-04-03
ACC-1232,Ext-Acc-298649,Account,PER-0182,Saravanan Sundaram,Person,Mobile-Account,1.0,Financial,2025-06-27
ACC-1233,Ext-Acc-265962,Account,ACC-1234,Ext-Acc-392494,Account,Transferred-To,0.77,Financial,2025-05-15
ACC-1233,Ext-Acc-265962,Account,PER-0262,Praveen Anand,Person,Mobile-Account,1.0,Financial,2025-05-15
ACC-1236,Ext-Acc-218850,Account,PER-0268,Jeeva Rajan,Person,Mobile-Account,1.0,Financial,2026-03-03
ACC-1247,Ext-Acc-277990,Account,PER-0309,Sathish Ramasamy,Person,Mobile-Account,1.0,Financial,2025-07-05
ACC-1250,Ext-Acc-229627,Account,ACC-1251,Ext-Acc-376139,Account,Transferred-To,2.1,Financial,2025-06-11
ACC-1250,Ext-Acc-229627,Account,PER-0263,Naveen Mani,Person,Mobile-Account,1.0,Financial,2025-06-11
ACC-1252,Ext-Acc-238606,Account,ACC-1253,Ext-Acc-351657,Account,Transferred-To,1.5,Financial,2026-02-22
ACC-1252,Ext-Acc-238606,Account,PER-0024,Nithin Velan,Person,Mobile-Account,1.0,Financial,2026-02-22
ACC-1260,Ext-Acc-207492,Account,PER-0212,Rajesh Karuppasamy,Person,Mobile-Account,1.0,Financial,2026-02-08
ACC-1264,Ext-Acc-279362,Account,ACC-1265,Ext-Acc-354723,Account,Transferred-To,2.71,Financial,2025-11-15
ACC-1264,Ext-Acc-279362,Account,PER-0279,Rakesh Muthu,Person,Mobile-Account,1.0,Financial,2025-11-15
ACC-1266,Ext-Acc-247357,Account,PER-0018,Hemanth Murugan,Person,Mobile-Account,1.0,Financial,2025-06-29
ACC-1269,Ext-Acc-229220,Account,ACC-1270,Ext-Acc-326946,Account,Transferred-To,7.5,Financial,2025-01-10
ACC-1273,Ext-Acc-252970,Account,PER-0335,Jeeva Krishnan,Person,Mobile-Account,1.0,Financial,2026-06-24
ACC-1275,Ext-Acc-255132,Account,PER-0397,Buvaneswari Rani,Person,Mobile-Account,1.0,Financial,2026-08-22
ACC-1276,Ext-Acc-291025,Account,PER-0032,Arun Prakash,Person,Mobile-Account,1.0,Financial,2026-02-28
ACC-1278,Ext-Acc-220937,Account,PER-0166,Yogesh Balan,Person,Mobile-Account,1.0,Financial,2026-08-24
ACC-1279,Ext-Acc-200796,Account,PER-0040,Deepa Selvam,Person,Mobile-Account,1.0,Financial,2025-05-03
ACC-1280,Ext-Acc-261067,Account,ACC-1281,Ext-Acc-314633,Account,Transferred-To,1.0,Financial,2025-10-20
ACC-1280,Ext-Acc-261067,Account,PER-0014,Ajith Velan,Person,Mobile-Account,1.0,Financial,2025-10-20
ACC-1286,Ext-Acc-253444,Account,PER-0235,Nithin Subramani,Person,Mobile-Account,1.0,Financial,2026-06-02
ACC-1287,Ext-Acc-278750,Account,ACC-1288,Ext-Acc-320227,Account,Transferred-To,1.95,Financial,2026-08-07
ACC-1287,Ext-Acc-278750,Account,PER-0287,Venkat Prakash,Person,Mobile-Account,1.0,Financial,2026-08-07
ACC-1289,Ext-Acc-212536,Account,PER-0104,Padmini Sri,Person,Mobile-Account,1.0,Financial,2025-04-08
ACC-1290,Ext-Acc-286274,Account,ACC-1291,Ext-Acc-352284,Account,Transferred-To,1.24,Financial,2025-08-25
ACC-1290,Ext-Acc-286274,Account,PER-0060,Madhan Babu,Person,Mobile-Account,1.0,Financial,2025-08-25
ACC-1292,Ext-Acc-273927,Account,PER-0021,Vidhya Krishnan,Person,Mobile-Account,1.0,Financial,2026-05-09
ACC-1293,Ext-Acc-212705,Account,PER-0304,Uma Bai,Person,Mobile-Account,1.0,Financial,2025-09-29
ACC-1294,Ext-Acc-223506,Account,ACC-1295,Ext-Acc-319216,Account,Transferred-To,1.25,Financial,2026-02-05
ACC-1294,Ext-Acc-223506,Account,PER-0393,Vidhya Bai,Person,Mobile-Account,1.0,Financial,2026-02-05
ACC-1299,Ext-Acc-296785,Account,ACC-1300,Ext-Acc-331266,Account,Transferred-To,7.5,Financial,2026-06-16
ACC-1299,Ext-Acc-296785,Account,PER-0207,Murugan Babu,Person,Mobile-Account,1.0,Financial,2026-06-16
ACC-1301,Ext-Acc-244898,Account,ACC-1302,Ext-Acc-317321,Account,Transferred-To,7.5,Financial,2025-08-22
ACC-1303,Ext-Acc-207002,Account,ACC-1304,Ext-Acc-356623,Account,Transferred-To,2.87,Financial,2025-02-03
ACC-1303,Ext-Acc-207002,Account,PER-0353,Divya Sekar,Person,Mobile-Account,1.0,Financial,2025-02-03
ACC-1305,Ext-Acc-288111,Account,ACC-1306,Ext-Acc-319233,Account,Transferred-To,0.87,Financial,2026-01-05
ACC-1310,Ext-Acc-248623,Account,PER-0344,Malathi Bai,Person,Mobile-Account,1.0,Financial,2025-01-07
ACC-1312,Ext-Acc-260302,Account,ACC-1313,Ext-Acc-374504,Account,Transferred-To,1.88,Financial,2026-03-23
ACC-1315,Ext-Acc-283522,Account,PER-0073,Gokul Sundaram,Person,Mobile-Account,1.0,Financial,2026-03-28
ACC-1316,Ext-Acc-262134,Account,ACC-1317,Ext-Acc-311626,Account,Transferred-To,0.76,Financial,2025-03-19
ACC-1316,Ext-Acc-262134,Account,PER-0249,Vasanthi Selvam,Person,Mobile-Account,1.0,Financial,2025-03-19
ACC-1321,Ext-Acc-266352,Account,ACC-1322,Ext-Acc-304426,Account,Transferred-To,0.83,Financial,2025-01-22
ACC-1321,Ext-Acc-266352,Account,PER-0011,Meena Ammal,Person,Mobile-Account,1.0,Financial,2025-01-22
ACC-1323,Ext-Acc-295410,Account,PER-0258,Anand Palanisamy,Person,Mobile-Account,1.0,Financial,2026-08-13
ACC-1325,Ext-Acc-252892,Account,ACC-1326,Ext-Acc-334389,Account,Transferred-To,2.09,Financial,2025-07-27
ACC-1325,Ext-Acc-252892,Account,PER-0033,Vignesh Natarajan,Person,Mobile-Account,1.0,Financial,2025-07-27
ACC-1327,Ext-Acc-241286,Account,ACC-1328,Ext-Acc-301862,Account,Transferred-To,1.78,Financial,2025-11-20
ACC-1327,Ext-Acc-241286,Account,PER-0355,Ajith Nathan,Person,Mobile-Account,1.0,Financial,2025-11-20
ACC-1329,Ext-Acc-277395,Account,PER-0171,Arun Selvam,Person,Mobile-Account,1.0,Financial,2026-02-19
ACC-1330,Ext-Acc-292169,Account,ACC-1331,Ext-Acc-365235,Account,Transferred-To,1.61,Financial,2026-07-10
ACC-1330,Ext-Acc-292169,Account,PER-0040,Deepa Selvam,Person,Mobile-Account,1.0,Financial,2026-07-10
ACC-1334,Ext-Acc-252244,Account,PER-0204,Keerthana Sri,Person,Mobile-Account,1.0,Financial,2025-05-14
ACC-1336,Ext-Acc-236435,Account,ACC-1337,Ext-Acc-327864,Account,Transferred-To,2.68,Financial,2026-04-17
ACC-1336,Ext-Acc-236435,Account,PER-0315,Chithra Raman,Person,Mobile-Account,1.0,Financial,2026-04-17
ACC-1339,Ext-Acc-276608,Account,ACC-1340,Ext-Acc-399780,Account,Transferred-To,0.87,Financial,2026-07-12
ACC-1339,Ext-Acc-276608,Account,PER-0169,Anitha Raj,Person,Mobile-Account,1.0,Financial,2026-07-12
ACC-1341,Ext-Acc-205805,Account,ACC-1342,Ext-Acc-311799,Account,Transferred-To,1.53,Financial,2025-08-06
ACC-1344,Ext-Acc-247423,Account,ACC-1345,Ext-Acc-373810,Account,Transferred-To,1.07,Financial,2025-04-29
ACC-1344,Ext-Acc-247423,Account,PER-0364,Janani Sekar,Person,Mobile-Account,1.0,Financial,2025-04-29
ACC-1346,Ext-Acc-215603,Account,PER-0299,Hemanth Raj,Person,Mobile-Account,1.0,Financial,2026-06-12
ACC-1347,Ext-Acc-293646,Account,PER-0309,Sathish Ramasamy,Person,Mobile-Account,1.0,Financial,2025-12-13
ACC-1349,Ext-Acc-299931,Account,PER-0177,Inban Balan,Person,Mobile-Account,1.0,Financial,2025-11-09
ACC-1350,Ext-Acc-286684,Account,PER-0356,Senthil Natarajan,Person,Mobile-Account,1.0,Financial,2026-01-17
ACC-1351,Ext-Acc-229528,Account,ACC-1352,Ext-Acc-325035,Account,Transferred-To,1.03,Financial,2025-12-10
ACC-1351,Ext-Acc-229528,Account,PER-0343,Malathi Murugan,Person,Mobile-Account,1.0,Financial,2025-12-10
ACC-1353,Ext-Acc-228576,Account,PER-0303,Yogesh Gopal,Person,Mobile-Account,1.0,Financial,2025-01-26
ACC-1354,Ext-Acc-285380,Account,ACC-1355,Ext-Acc-313422,Account,Transferred-To,7.5,Financial,2025-02-08
ACC-1354,Ext-Acc-285380,Account,PER-0270,Ravi Gopal,Person,Mobile-Account,1.0,Financial,2025-02-08
ACC-1358,Ext-Acc-230395,Account,ACC-1359,Ext-Acc-355477,Account,Transferred-To,0.83,Financial,2025-02-21
ACC-1358,Ext-Acc-230395,Account,PER-0278,Lavanya Raj,Person,Mobile-Account,1.0,Financial,2025-02-21
ACC-1361,Ext-Acc-229723,Account,PER-0024,Nithin Velan,Person,Mobile-Account,1.0,Financial,2025-09-27
ACC-1362,Ext-Acc-275012,Account,PER-0032,Arun Prakash,Person,Mobile-Account,1.0,Financial,2026-04-19
ACC-1364,Ext-Acc-287509,Account,PER-0355,Ajith Nathan,Person,Mobile-Account,1.0,Financial,2025-12-16
ACC-1368,Ext-Acc-247250,Account,PER-0355,Ajith Nathan,Person,Mobile-Account,1.0,Financial,2025-10-26
ACC-1371,Ext-Acc-270243,Account,PER-0157,Ganesh Natarajan,Person,Mobile-Account,1.0,Financial,2025-02-20
ACC-1373,Ext-Acc-223488,Account,ACC-1374,Ext-Acc-325713,Account,Transferred-To,0.81,Financial,2025-05-24
ACC-1373,Ext-Acc-223488,Account,PER-0075,Hariharan Raj,Person,Mobile-Account,1.0,Financial,2025-05-24
ACC-1375,Ext-Acc-243927,Account,ACC-1376,Ext-Acc-302472,Account,Transferred-To,7.35,Financial,2026-07-30
ACC-1375,Ext-Acc-243927,Account,PER-0218,Arun Mani,Person,Mobile-Account,1.0,Financial,2026-07-30
ACC-1378,Ext-Acc-212531,Account,ACC-1379,Ext-Acc-396883,Account,Transferred-To,0.78,Financial,2025-06-11
ACC-1378,Ext-Acc-212531,Account,PER-0152,Pavithra Bai,Person,Mobile-Account,1.0,Financial,2025-06-11
ACC-1380,Ext-Acc-244310,Account,PER-0121,Chandran Krishnan,Person,Mobile-Account,1.0,Financial,2026-08-18
ACC-1382,Ext-Acc-288317,Account,ACC-1383,Ext-Acc-310918,Account,Transferred-To,7.5,Financial,2026-06-24
ACC-1382,Ext-Acc-288317,Account,PER-0263,Naveen Mani,Person,Mobile-Account,1.0,Financial,2026-06-24
ACC-1389,Ext-Acc-221174,Account,ACC-1390,Ext-Acc-305066,Account,Transferred-To,2.62,Financial,2025-04-03
ACC-1391,Ext-Acc-209483,Account,ACC-1392,Ext-Acc-378934,Account,Transferred-To,0.79,Financial,2026-08-21
ACC-1391,Ext-Acc-209483,Account,PER-0202,Saravanan Palanisamy,Person,Mobile-Account,1.0,Financial,2026-08-21
ACC-1396,Ext-Acc-249669,Account,PER-0030,Praveen Natarajan,Person,Mobile-Account,1.0,Financial,2025-08-09
ACC-1399,Ext-Acc-200449,Account,ACC-1400,Ext-Acc-353982,Account,Transferred-To,2.04,Financial,2026-08-14
ACC-1399,Ext-Acc-200449,Account,PER-0297,Karthik Balan,Person,Mobile-Account,1.0,Financial,2026-08-14
ACC-1405,Ext-Acc-287508,Account,PER-0144,Padmini Bai,Person,Mobile-Account,1.0,Financial,2025-07-06
ACC-1408,Ext-Acc-248661,Account,PER-0107,Mathan Arumugam,Person,Mobile-Account,1.0,Financial,2025-06-22
ACC-1409,Ext-Acc-265391,Account,ACC-1410,Ext-Acc-323638,Account,Transferred-To,3.29,Financial,2026-06-09
ACC-1409,Ext-Acc-265391,Account,PER-0269,Selvam Natarajan,Person,Mobile-Account,1.0,Financial,2026-06-09
ACC-1413,Ext-Acc-249358,Account,ACC-1414,Ext-Acc-388737,Account,Transferred-To,0.88,Financial,2025-10-02
ACC-1413,Ext-Acc-249358,Account,PER-0077,Anand Arumugam,Person,Mobile-Account,1.0,Financial,2025-10-02
ACC-1418,Ext-Acc-209587,Account,PER-0160,Mohan Natarajan,Person,Mobile-Account,1.0,Financial,2025-10-23
ACC-1420,Ext-Acc-287464,Account,ACC-1421,Ext-Acc-350834,Account,Transferred-To,0.86,Financial,2025-05-23
ACC-1420,Ext-Acc-287464,Account,PER-0226,Buvaneswari Sri,Person,Mobile-Account,1.0,Financial,2025-05-23
ACC-1422,Ext-Acc-234102,Account,PER-0344,Malathi Bai,Person,Mobile-Account,1.0,Financial,2026-03-25
ACC-1423,Ext-Acc-298394,Account,PER-0119,Amudha Kannan,Person,Mobile-Account,1.0,Financial,2026-06-30
ACC-1427,Ext-Acc-238296,Account,PER-0067,Logesh Karuppasamy,Person,Mobile-Account,1.0,Financial,2025-06-08
ACC-1432,Ext-Acc-275825,Account,ACC-1433,Ext-Acc-399756,Account,Transferred-To,0.85,Financial,2025-04-21
ACC-1432,Ext-Acc-275825,Account,PER-0319,Babu Murugan,Person,Mobile-Account,1.0,Financial,2025-04-21
ACC-1436,Ext-Acc-201003,Account,PER-0384,Naveen Muthu,Person,Mobile-Account,1.0,Financial,2025-12-21
ACC-1437,Ext-Acc-262274,Account,PER-0268,Jeeva Rajan,Person,Mobile-Account,1.0,Financial,2025-08-16
ACC-1439,Ext-Acc-215769,Account,ACC-1440,Ext-Acc-376357,Account,Transferred-To,0.85,Financial,2025-12-04
ACC-1441,Ext-Acc-253309,Account,PER-0356,Senthil Natarajan,Person,Mobile-Account,1.0,Financial,2025-08-12
ACC-1442,Ext-Acc-236903,Account,ACC-1443,Ext-Acc-388403,Account,Transferred-To,1.75,Financial,2026-04-30
ACC-1447,Ext-Acc-291235,Account,ACC-1448,Ext-Acc-330732,Account,Transferred-To,0.92,Financial,2025-10-24
ACC-1447,Ext-Acc-291235,Account,PER-0370,Kavitha Sri,Person,Mobile-Account,1.0,Financial,2025-10-24
ACC-1451,Ext-Acc-245545,Account,ACC-1452,Ext-Acc-328873,Account,Transferred-To,1.32,Financial,2025-09-28
ACC-1451,Ext-Acc-245545,Account,PER-0042,Rakesh Anand,Person,Mobile-Account,1.0,Financial,2025-09-28
ACC-1453,Ext-Acc-232048,Account,PER-0119,Amudha Kannan,Person,Mobile-Account,1.0,Financial,2025-08-14
ACC-1454,Ext-Acc-266727,Account,PER-0385,Praveen Muthu,Person,Mobile-Account,1.0,Financial,2025-07-03
ACC-1455,Ext-Acc-251971,Account,ACC-1456,Ext-Acc-383870,Account,Transferred-To,7.5,Financial,2025-05-23
ACC-1455,Ext-Acc-251971,Account,PER-0270,Ravi Gopal,Person,Mobile-Account,1.0,Financial,2025-05-23
ACC-1457,Ext-Acc-267486,Account,PER-0012,Thirumal Palanisamy,Person,Mobile-Account,1.0,Financial,2025-09-10
ACC-1458,Ext-Acc-279848,Account,PER-0004,Thirumal Babu,Person,Mobile-Account,1.0,Financial,2025-09-23
ACC-1459,Ext-Acc-249831,Account,PER-0346,Inban Pandian,Person,Mobile-Account,1.0,Financial,2025-02-26
ACC-1460,Ext-Acc-243209,Account,PER-0303,Yogesh Gopal,Person,Mobile-Account,1.0,Financial,2025-10-01
ACC-1464,Ext-Acc-248166,Account,ACC-1465,Ext-Acc-388904,Account,Transferred-To,0.77,Financial,2026-02-26
LOC-0001,Sindhu Puram Industrial Area,Location,PER-0001,Lavanya Ammal,Person,Located-At,4.0,FIR,02-01-2025
LOC-0001,Sindhu Puram Industrial Area,Location,PER-0241,Malathi Ammal,Person,Located-At,2.0,FIR,07-05-2026
LOC-0002,Roja Park Main Street,Location,PER-0003,Dinesh Prakash,Person,Located-At,1.0,FIR,02-01-2025
LOC-0002,Roja Park Main Street,Location,PER-0002,Inban Selvam,Person,Located-At,2.0,FIR,02-01-2025
LOC-0002,Roja Park Main Street,Location,PER-0026,Hariharan Subramani,Person,Located-At,1.0,FIR,25-01-2025
LOC-0002,Roja Park Main Street,Location,PER-0025,Bhuvana Bai,Person,Located-At,2.0,FIR,25-01-2025
LOC-0002,Roja Park Main Street,Location,PER-0031,Prakash Palanisamy,Person,Located-At,1.0,FIR,16-01-2025
LOC-0002,Roja Park Main Street,Location,PER-0030,Praveen Natarajan,Person,Located-At,2.0,FIR,16-01-2025
LOC-0002,Roja Park Main Street,Location,PER-0060,Madhan Babu,Person,Located-At,1.0,FIR,28-02-2025
LOC-0002,Roja Park Main Street,Location,PER-0059,Suresh Pandian,Person,Located-At,2.0,FIR,28-02-2025
LOC-0002,Roja Park Main Street,Location,PER-0087,Anand Krishnan,Person,Located-At,1.0,FIR,16-05-2025
LOC-0002,Roja Park Main Street,Location,PER-0027,Sanjay Raj,Person,Located-At,4.0,FIR,16-05-2025
LOC-0002,Roja Park Main Street,Location,PER-0141,Senthil Krishnan,Person,Located-At,5.0,FIR,17-05-2025
LOC-0002,Roja Park Main Street,Location,PER-0032,Arun Prakash,Person,Located-At,4.0,FIR,17-05-2025
LOC-0002,Roja Park Main Street,Location,PER-0137,Gunasekar Anand,Person,Located-At,2.0,FIR,19-05-2025
LOC-0002,Roja Park Main Street,Location,PER-0149,Deviga Devi,Person,Located-At,2.0,FIR,19-05-2025
LOC-0002,Roja Park Main Street,Location,PER-0154,Bharathi Raj,Person,Located-At,1.0,FIR,20-05-2025
LOC-0002,Roja Park Main Street,Location,PER-0097,Rajesh Mani,Person,Located-At,2.0,FIR,20-05-2025
LOC-0002,Roja Park Main Street,Location,PER-0156,Kumaran Anand,Person,Located-At,1.0,FIR,21-05-2025
LOC-0002,Roja Park Main Street,Location,PER-0106,Elango Krishnan,Person,Located-At,1.0,FIR,21-05-2025
LOC-0002,Roja Park Main Street,Location,PER-0022,Pandian Thangaraj,Person,Located-At,1.0,FIR,21-05-2025
LOC-0002,Roja Park Main Street,Location,PER-0018,Hemanth Murugan,Person,Located-At,2.0,FIR,21-05-2025
LOC-0002,Roja Park Main Street,Location,PER-0166,Yogesh Balan,Person,Located-At,2.0,FIR,05-06-2025
LOC-0002,Roja Park Main Street,Location,PER-0083,Babu Selvam,Person,Located-At,2.0,FIR,08-06-2025
LOC-0002,Roja Park Main Street,Location,PER-0178,Saravanan Anand,Person,Located-At,1.0,FIR,13-06-2025
LOC-0002,Roja Park Main Street,Location,PER-0177,Inban Balan,Person,Located-At,2.0,FIR,13-06-2025
LOC-0002,Roja Park Main Street,Location,PER-0185,Jagan Sekar,Person,Located-At,2.0,FIR,20-06-2025
LOC-0002,Roja Park Main Street,Location,PER-0047,Uma Raj,Person,Located-At,1.0,FIR,26-06-2025
LOC-0002,Roja Park Main Street,Location,PER-0189,Deepak Subramani,Person,Located-At,1.0,FIR,26-06-2025
LOC-0002,Roja Park Main Street,Location,PER-0197,Thirumal Sekar,Person,Located-At,1.0,FIR,05-07-2025
LOC-0002,Roja Park Main Street,Location,PER-0196,Kannan Thangaraj,Person,Located-At,3.0,FIR,05-07-2025
LOC-0002,Roja Park Main Street,Location,PER-0211,Nithya Selvi,Person,Located-At,1.0,FIR,17-07-2025
LOC-0002,Roja Park Main Street,Location,PER-0147,Kumaran Prakash,Person,Located-At,1.0,FIR,17-07-2025
LOC-0002,Roja Park Main Street,Location,PER-0240,Elango Prakash,Person,Located-At,1.0,FIR,14-08-2025
LOC-0002,Roja Park Main Street,Location,PER-0239,Sathish Palanisamy,Person,Located-At,2.0,FIR,14-08-2025
LOC-0002,Roja Park Main Street,Location,PER-0076,Hariharan Babu,Person,Located-At,1.0,FIR,05-09-2025
LOC-0002,Roja Park Main Street,Location,PER-0260,Bharath Babu,Person,Located-At,2.0,FIR,05-09-2025
LOC-0002,Roja Park Main Street,Location,PER-0084,Gokul Gopal,Person,Located-At,1.0,FIR,11-09-2025
LOC-0002,Roja Park Main Street,Location,PER-0164,Malathi Selvi,Person,Located-At,1.0,FIR,11-09-2025
LOC-0002,Roja Park Main Street,Location,PER-0209,Kishore Murugan,Person,Located-At,1.0,FIR,11-09-2025
LOC-0002,Roja Park Main Street,Location,PER-0284,Kishore Arumugam,Person,Located-At,5.0,FIR,18-10-2025
LOC-0002,Roja Park Main Street,Location,PER-0161,Rajeshwari Ammal,Person,Located-At,2.0,FIR,18-10-2025
LOC-0002,Roja Park Main Street,Location,PER-0292,Ezhilan Sundaram,Person,Located-At,2.0,FIR,22-10-2025
LOC-0002,Roja Park Main Street,Location,PER-0303,Yogesh Gopal,Person,Located-At,3.0,FIR,12-11-2025
LOC-0002,Roja Park Main Street,Location,PER-0320,Kavitha Devi,Person,Located-At,2.0,FIR,21-12-2025
LOC-0002,Roja Park Main Street,Location,PER-0326,Gopal Balan,Person,Located-At,1.0,FIR,29-12-2025
LOC-0002,Roja Park Main Street,Location,PER-0325,Rajeshwari Devi,Person,Located-At,1.0,FIR,29-12-2025
LOC-0002,Roja Park Main Street,Location,PER-0208,Arun Thangaraj,Person,Located-At,2.0,FIR,13-01-2026
LOC-0002,Roja Park Main Street,Location,PER-0349,Padmini Rani,Person,Located-At,2.0,FIR,27-02-2026
LOC-0002,Roja Park Main Street,Location,PER-0300,Logesh Subramani,Person,Located-At,1.0,FIR,01-04-2026
LOC-0002,Roja Park Main Street,Location,PER-0015,Dinesh Subramani,Person,Located-At,1.0,FIR,03-05-2026
LOC-0002,Roja Park Main Street,Location,PER-0020,Yogesh Raj,Person,Located-At,2.0,FIR,03-05-2026
LOC-0002,Roja Park Main Street,Location,PER-0253,Harish Murugan,Person,Located-At,1.0,FIR,29-06-2026
LOC-0002,Roja Park Main Street,Location,PER-0223,Gunasekar Murugan,Person,Located-At,2.0,FIR,29-06-2026
LOC-0002,Roja Park Main Street,Location,PER-0369,Hemanth Arumugam,Person,Located-At,1.0,FIR,18-08-2026
LOC-0002,Roja Park Main Street,Location,PER-0380,Eswari Sri,Person,Located-At,2.0,FIR,18-08-2026
LOC-0003,Amudham Garden Market Road,Location,PER-0005,Vignesh Subramani,Person,Located-At,1.0,FIR,05-01-2025
LOC-0003,Amudham Garden Market Road,Location,PER-0004,Thirumal Babu,Person,Located-At,2.0,FIR,05-01-2025
LOC-0003,Amudham Garden Market Road,Location,PER-0297,Karthik Balan,Person,Located-At,2.0,FIR,06-12-2025
LOC-0003,Amudham Garden Market Road,Location,PER-0223,Gunasekar Murugan,Person,Located-At,2.0,FIR,06-12-2025
LOC-0003,Amudham Garden Market Road,Location,PER-0290,Latha Murugan,Person,Located-At,2.0,FIR,20-12-2025
LOC-0003,Amudham Garden Market Road,Location,PER-0124,Chandran Subramani,Person,Located-At,1.0,FIR,31-01-2026
LOC-0003,Amudham Garden Market Road,Location,PER-0032,Arun Prakash,Person,Located-At,1.0,FIR,31-01-2026
LOC-0003,Amudham Garden Market Road,Location,PER-0065,Deepak Gopal,Person,Located-At,1.0,FIR,31-01-2026
LOC-0003,Amudham Garden Market Road,Location,PER-0089,Praveen Sekar,Person,Located-At,1.0,FIR,04-02-2026
LOC-0003,Amudham Garden Market Road,Location,PER-0094,Bharathi Ammal,Person,Located-At,2.0,FIR,04-02-2026
LOC-0004,Sevvanthi Park Shopping Complex,Location,PER-0007,Babu Rajan,Person,Located-At,2.0,FIR,07-01-2025
LOC-0004,Sevvanthi Park Shopping Complex,Location,PER-0041,Hariharan Palanisamy,Person,Located-At,1.0,FIR,27-02-2025
LOC-0004,Sevvanthi Park Shopping Complex,Location,PER-0001,Lavanya Ammal,Person,Located-At,2.0,FIR,27-02-2025
LOC-0004,Sevvanthi Park Shopping Complex,Location,PER-0097,Rajesh Mani,Person,Located-At,1.0,FIR,26-09-2025
LOC-0004,Sevvanthi Park Shopping Complex,Location,PER-0272,Divya Devi,Person,Located-At,1.0,FIR,26-09-2025
LOC-0004,Sevvanthi Park Shopping Complex,Location,PER-0280,Sanjay Gopal,Person,Located-At,1.0,FIR,04-10-2025
LOC-0004,Sevvanthi Park Shopping Complex,Location,PER-0210,Harish Mani,Person,Located-At,2.0,FIR,04-10-2025
LOC-0004,Sevvanthi Park Shopping Complex,Location,PER-0300,Logesh Subramani,Person,Located-At,2.0,FIR,28-10-2025
LOC-0004,Sevvanthi Park Shopping Complex,Location,PER-0177,Inban Balan,Person,Located-At,2.0,FIR,28-10-2025
LOC-0004,Sevvanthi Park Shopping Complex,Location,PER-0259,Chithra Kannan,Person,Located-At,1.0,FIR,11-11-2025
LOC-0004,Sevvanthi Park Shopping Complex,Location,PER-0102,Malathi Kumari,Person,Located-At,2.0,FIR,11-11-2025
LOC-0004,Sevvanthi Park Shopping Complex,Location,PER-0035,Nandhini Sekar,Person,Located-At,2.0,FIR,06-12-2025
LOC-0004,Sevvanthi Park Shopping Complex,Location,PER-0339,Revathi Bai,Person,Located-At,2.0,FIR,08-03-2026
LOC-0004,Sevvanthi Park Shopping Complex,Location,PER-0212,Rajesh Karuppasamy,Person,Located-At,1.0,FIR,21-03-2026
LOC-0004,Sevvanthi Park Shopping Complex,Location,PER-0081,Dinesh Nathan,Person,Located-At,2.0,FIR,21-03-2026
LOC-0004,Sevvanthi Park Shopping Complex,Location,PER-0258,Anand Palanisamy,Person,Located-At,1.0,FIR,19-06-2026
LOC-0004,Sevvanthi Park Shopping Complex,Location,PER-0032,Arun Prakash,Person,Located-At,2.0,FIR,19-06-2026
LOC-0004,Sevvanthi Park Shopping Complex,Location,PER-0398,Sanjay Shankar,Person,Located-At,1.0,FIR,25-08-2026
LOC-0004,Sevvanthi Park Shopping Complex,Location,PER-0172,Arjun Pandian,Person,Located-At,2.0,FIR,25-08-2026
LOC-0005,Palar Park Industrial Area,Location,PER-0010,Vasanth Gopal,Person,Located-At,2.0,FIR,09-01-2025
LOC-0005,Palar Park Industrial Area,Location,PER-0009,Deviga Murugan,Person,Located-At,2.0,FIR,09-01-2025
LOC-0005,Palar Park Industrial Area,Location,PER-0073,Gokul Sundaram,Person,Located-At,1.0,FIR,13-03-2025
LOC-0005,Palar Park Industrial Area,Location,PER-0072,Buvaneswari Kannan,Person,Located-At,2.0,FIR,13-03-2025
LOC-0005,Palar Park Industrial Area,Location,PER-0236,Durga Sekar,Person,Located-At,2.0,FIR,12-08-2025
LOC-0005,Palar Park Industrial Area,Location,PER-0135,Vasanthi Bai,Person,Located-At,1.0,FIR,11-01-2026
LOC-0005,Palar Park Industrial Area,Location,PER-0032,Arun Prakash,Person,Located-At,2.0,FIR,11-01-2026
LOC-0005,Palar Park Industrial Area,Location,PER-0089,Praveen Sekar,Person,Located-At,1.0,FIR,26-02-2026
LOC-0005,Palar Park Industrial Area,Location,PER-0056,Bharath Prakash,Person,Located-At,2.0,FIR,26-02-2026
LOC-0006,Nallur Park Main Street,Location,PER-0012,Thirumal Palanisamy,Person,Located-At,1.0,FIR,10-01-2025
LOC-0006,Nallur Park Main Street,Location,PER-0011,Meena Ammal,Person,Located-At,2.0,FIR,10-01-2025
LOC-0006,Nallur Park Main Street,Location,PER-0078,Gokul Muthu,Person,Located-At,1.0,FIR,17-03-2025
LOC-0006,Nallur Park Main Street,Location,PER-0077,Anand Arumugam,Person,Located-At,2.0,FIR,17-03-2025
LOC-0006,Nallur Park Main Street,Location,PER-0087,Anand Krishnan,Person,Located-At,1.0,FIR,22-03-2025
LOC-0006,Nallur Park Main Street,Location,PER-0014,Ajith Velan,Person,Located-At,2.0,FIR,22-03-2025
LOC-0006,Nallur Park Main Street,Location,PER-0129,Kishore Babu,Person,Located-At,2.0,FIR,27-04-2025
LOC-0006,Nallur Park Main Street,Location,PER-0128,Durga Bai,Person,Located-At,2.0,FIR,27-04-2025
LOC-0006,Nallur Park Main Street,Location,PER-0132,Arjun Shankar,Person,Located-At,2.0,FIR,30-04-2025
LOC-0006,Nallur Park Main Street,Location,PER-0131,Chithra Raj,Person,Located-At,2.0,FIR,30-04-2025
LOC-0006,Nallur Park Main Street,Location,PER-0162,Karthik Thangaraj,Person,Located-At,1.0,FIR,13-05-2025
LOC-0006,Nallur Park Main Street,Location,PER-0161,Rajeshwari Ammal,Person,Located-At,4.0,FIR,13-05-2025
LOC-0006,Nallur Park Main Street,Location,PER-0234,Siva Velan,Person,Located-At,2.0,FIR,10-08-2025
LOC-0006,Nallur Park Main Street,Location,PER-0185,Jagan Sekar,Person,Located-At,2.0,FIR,18-08-2025
LOC-0006,Nallur Park Main Street,Location,PER-0080,Nandha Karuppasamy,Person,Located-At,2.0,FIR,24-08-2025
LOC-0006,Nallur Park Main Street,Location,PER-0245,Senthil Prakash,Person,Located-At,2.0,FIR,24-08-2025
LOC-0006,Nallur Park Main Street,Location,PER-0041,Hariharan Palanisamy,Person,Located-At,1.0,FIR,09-09-2025
LOC-0006,Nallur Park Main Street,Location,PER-0262,Praveen Anand,Person,Located-At,2.0,FIR,09-09-2025
LOC-0006,Nallur Park Main Street,Location,PER-0257,Geetha Kumari,Person,Located-At,2.0,FIR,08-10-2025
LOC-0006,Nallur Park Main Street,Location,PER-0048,Murugan Sundaram,Person,Located-At,2.0,FIR,10-03-2026
LOC-0006,Nallur Park Main Street,Location,PER-0216,Kalaiselvi Raman,Person,Located-At,2.0,FIR,01-05-2026
LOC-0006,Nallur Park Main Street,Location,PER-0147,Kumaran Prakash,Person,Located-At,2.0,FIR,30-05-2026
LOC-0006,Nallur Park Main Street,Location,PER-0357,Vijay Raman,Person,Located-At,1.0,FIR,31-05-2026
LOC-0006,Nallur Park Main Street,Location,PER-0381,Priya Selvi,Person,Located-At,2.0,FIR,31-05-2026
LOC-0006,Nallur Park Main Street,Location,PER-0047,Uma Raj,Person,Located-At,2.0,FIR,27-08-2026
LOC-0007,Mullai Park Shopping Complex,Location,PER-0015,Dinesh Subramani,Person,Located-At,1.0,FIR,10-01-2025
LOC-0007,Mullai Park Shopping Complex,Location,PER-0014,Ajith Velan,Person,Located-At,2.0,FIR,10-01-2025
LOC-0007,Mullai Park Shopping Complex,Location,PER-0129,Kishore Babu,Person,Located-At,1.0,FIR,19-05-2025
LOC-0007,Mullai Park Shopping Complex,Location,PER-0147,Kumaran Prakash,Person,Located-At,2.0,FIR,19-05-2025
LOC-0007,Mullai Park Shopping Complex,Location,PER-0161,Rajeshwari Ammal,Person,Located-At,2.0,FIR,16-06-2025
LOC-0007,Mullai Park Shopping Complex,Location,PER-0287,Venkat Prakash,Person,Located-At,1.0,FIR,18-10-2025
LOC-0007,Mullai Park Shopping Complex,Location,PER-0286,Gopal Gopal,Person,Located-At,2.0,FIR,18-10-2025
LOC-0007,Mullai Park Shopping Complex,Location,PER-0010,Vasanth Gopal,Person,Located-At,2.0,FIR,03-01-2026
LOC-0007,Mullai Park Shopping Complex,Location,PER-0251,Kishore Velan,Person,Located-At,2.0,FIR,03-01-2026
LOC-0007,Mullai Park Shopping Complex,Location,PER-0069,Jagan Anand,Person,Located-At,1.0,FIR,23-05-2026
LOC-0007,Mullai Park Shopping Complex,Location,PER-0257,Geetha Kumari,Person,Located-At,2.0,FIR,23-05-2026
LOC-0007,Mullai Park Shopping Complex,Location,PER-0140,Sangeetha Bai,Person,Located-At,2.0,FIR,26-08-2026
LOC-0008,Kalai Layout Parking Area,Location,PER-0019,Madhan Palanisamy,Person,Located-At,1.0,FIR,15-01-2025
LOC-0008,Kalai Layout Parking Area,Location,PER-0018,Hemanth Murugan,Person,Located-At,2.0,FIR,15-01-2025
LOC-0008,Kalai Layout Parking Area,Location,PER-0203,Karthik Velan,Person,Located-At,2.0,FIR,24-09-2025
LOC-0008,Kalai Layout Parking Area,Location,PER-0224,Jothi Selvi,Person,Located-At,2.0,FIR,24-09-2025
LOC-0008,Kalai Layout Parking Area,Location,PER-0140,Sangeetha Bai,Person,Located-At,1.0,FIR,15-11-2025
LOC-0008,Kalai Layout Parking Area,Location,PER-0065,Deepak Gopal,Person,Located-At,1.0,FIR,15-11-2025
LOC-0009,Amudham Puram Apartment Complex,Location,PER-0005,Vignesh Subramani,Person,Located-At,1.0,FIR,17-01-2025
LOC-0009,Amudham Puram Apartment Complex,Location,PER-0020,Yogesh Raj,Person,Located-At,2.0,FIR,17-01-2025
LOC-0010,Mullai Puram Parking Area,Location,PER-0022,Pandian Thangaraj,Person,Located-At,3.0,FIR,21-01-2025
LOC-0010,Mullai Puram Parking Area,Location,PER-0021,Vidhya Krishnan,Person,Located-At,2.0,FIR,21-01-2025
LOC-0010,Mullai Puram Parking Area,Location,PER-0018,Hemanth Murugan,Person,Located-At,2.0,FIR,22-02-2025
LOC-0010,Mullai Puram Parking Area,Location,PER-0051,Mohan Kumar,Person,Located-At,2.0,FIR,20-02-2025
LOC-0010,Mullai Puram Parking Area,Location,PER-0050,Sudha Kannan,Person,Located-At,2.0,FIR,20-02-2025
LOC-0010,Mullai Puram Parking Area,Location,PER-0040,Deepa Selvam,Person,Located-At,2.0,FIR,01-03-2025
LOC-0010,Mullai Puram Parking Area,Location,PER-0057,Abirami Krishnan,Person,Located-At,1.0,FIR,24-03-2025
LOC-0010,Mullai Puram Parking Area,Location,PER-0086,Prakash Chandran,Person,Located-At,2.0,FIR,24-03-2025
LOC-0010,Mullai Puram Parking Area,Location,PER-0002,Inban Selvam,Person,Located-At,2.0,FIR,18-04-2025
LOC-0010,Mullai Puram Parking Area,Location,PER-0005,Vignesh Subramani,Person,Located-At,1.0,FIR,08-12-2025
LOC-0010,Mullai Puram Parking Area,Location,PER-0281,Ganesh Subramani,Person,Located-At,2.0,FIR,08-12-2025
LOC-0011,Kalai Park Main Street,Location,PER-0028,Selvam Rajan,Person,Located-At,1.0,FIR,28-01-2025
LOC-0011,Kalai Park Main Street,Location,PER-0027,Sanjay Raj,Person,Located-At,2.0,FIR,28-01-2025
LOC-0011,Kalai Park Main Street,Location,PER-0022,Pandian Thangaraj,Person,Located-At,1.0,FIR,26-02-2025
LOC-0011,Kalai Park Main Street,Location,PER-0055,Arun Natarajan,Person,Located-At,2.0,FIR,26-02-2025
LOC-0011,Kalai Park Main Street,Location,PER-0090,Anand Natarajan,Person,Located-At,2.0,FIR,28-03-2025
LOC-0011,Kalai Park Main Street,Location,PER-0112,Eswari Raj,Person,Located-At,1.0,FIR,12-04-2025
LOC-0011,Kalai Park Main Street,Location,PER-0115,Nithin Balan,Person,Located-At,2.0,FIR,12-04-2025
LOC-0011,Kalai Park Main Street,Location,PER-0089,Praveen Sekar,Person,Located-At,1.0,FIR,03-07-2025
LOC-0011,Kalai Park Main Street,Location,PER-0208,Arun Thangaraj,Person,Located-At,2.0,FIR,03-07-2025
LOC-0011,Kalai Park Main Street,Location,PER-0277,Karthik Rajan,Person,Located-At,1.0,FIR,16-02-2026
LOC-0011,Kalai Park Main Street,Location,PER-0344,Malathi Bai,Person,Located-At,2.0,FIR,16-02-2026
LOC-0011,Kalai Park Main Street,Location,PER-0331,Sanjay Velan,Person,Located-At,1.0,FIR,08-08-2026
LOC-0011,Kalai Park Main Street,Location,PER-0343,Malathi Murugan,Person,Located-At,2.0,FIR,08-08-2026
LOC-0012,Nallur Garden Residential Colony,Location,PER-0033,Vignesh Natarajan,Person,Located-At,1.0,FIR,04-02-2025
LOC-0012,Nallur Garden Residential Colony,Location,PER-0261,Nithya Rani,Person,Located-At,1.0,FIR,04-02-2025
LOC-0012,Nallur Garden Residential Colony,Location,PER-0032,Arun Prakash,Person,Located-At,1.0,FIR,04-02-2025
LOC-0012,Nallur Garden Residential Colony,Location,PER-0141,Senthil Krishnan,Person,Located-At,2.0,FIR,10-05-2025
LOC-0012,Nallur Garden Residential Colony,Location,PER-0140,Sangeetha Bai,Person,Located-At,2.0,FIR,10-05-2025
LOC-0012,Nallur Garden Residential Colony,Location,PER-0154,Bharathi Raj,Person,Located-At,1.0,FIR,17-06-2025
LOC-0012,Nallur Garden Residential Colony,Location,PER-0094,Bharathi Ammal,Person,Located-At,2.0,FIR,17-06-2025
LOC-0012,Nallur Garden Residential Colony,Location,PER-0106,Elango Krishnan,Person,Located-At,2.0,FIR,03-08-2025
LOC-0012,Nallur Garden Residential Colony,Location,PER-0284,Kishore Arumugam,Person,Located-At,1.0,FIR,30-11-2025
LOC-0012,Nallur Garden Residential Colony,Location,PER-0239,Sathish Palanisamy,Person,Located-At,2.0,FIR,30-11-2025
LOC-0012,Nallur Garden Residential Colony,Location,PER-0085,Madhan Murugan,Person,Located-At,1.0,FIR,22-12-2025
LOC-0012,Nallur Garden Residential Colony,Location,PER-0324,Malathi Devi,Person,Located-At,2.0,FIR,22-12-2025
LOC-0012,Nallur Garden Residential Colony,Location,PER-0027,Sanjay Raj,Person,Located-At,2.0,FIR,03-01-2026
LOC-0012,Nallur Garden Residential Colony,Location,PER-0019,Madhan Palanisamy,Person,Located-At,2.0,FIR,18-01-2026
LOC-0012,Nallur Garden Residential Colony,Location,PER-0187,Tamilarasan Palanisamy,Person,Located-At,2.0,FIR,18-01-2026
LOC-0012,Nallur Garden Residential Colony,Location,PER-0365,Karthik Shankar,Person,Located-At,3.0,FIR,08-04-2026
LOC-0012,Nallur Garden Residential Colony,Location,PER-0364,Janani Sekar,Person,Located-At,2.0,FIR,08-04-2026
LOC-0012,Nallur Garden Residential Colony,Location,PER-0039,Jeeva Natarajan,Person,Located-At,1.0,FIR,15-04-2026
LOC-0012,Nallur Garden Residential Colony,Location,PER-0042,Rakesh Anand,Person,Located-At,2.0,FIR,15-04-2026
LOC-0012,Nallur Garden Residential Colony,Location,PER-0093,Vasanth Mani,Person,Located-At,1.0,FIR,30-04-2026
LOC-0012,Nallur Garden Residential Colony,Location,PER-0375,Inban Babu,Person,Located-At,2.0,FIR,30-04-2026
LOC-0012,Nallur Garden Residential Colony,Location,PER-0145,Tamilselvi Devi,Person,Located-At,2.0,FIR,13-05-2026
LOC-0012,Nallur Garden Residential Colony,Location,PER-0356,Senthil Natarajan,Person,Located-At,1.0,FIR,17-05-2026
LOC-0012,Nallur Garden Residential Colony,Location,PER-0378,Senthil Raman,Person,Located-At,2.0,FIR,17-05-2026
LOC-0012,Nallur Garden Residential Colony,Location,PER-0131,Chithra Raj,Person,Located-At,2.0,FIR,19-06-2026
LOC-0012,Nallur Garden Residential Colony,Location,PER-0280,Sanjay Gopal,Person,Located-At,1.0,FIR,31-07-2026
LOC-0012,Nallur Garden Residential Colony,Location,PER-0001,Lavanya Ammal,Person,Located-At,2.0,FIR,31-07-2026
LOC-0012,Nallur Garden Residential Colony,Location,PER-0397,Buvaneswari Rani,Person,Located-At,2.0,FIR,22-08-2026
LOC-0013,Nallur Colony College Road,Location,PER-0036,Senthil Rajan,Person,Located-At,1.0,FIR,05-02-2025
LOC-0013,Nallur Colony College Road,Location,PER-0035,Nandhini Sekar,Person,Located-At,1.0,FIR,05-02-2025
LOC-0013,Nallur Colony College Road,Location,PER-0047,Uma Raj,Person,Located-At,2.0,FIR,14-05-2025
LOC-0013,Nallur Colony College Road,Location,PER-0328,Latha Selvi,Person,Located-At,1.0,FIR,29-12-2025
LOC-0013,Nallur Colony College Road,Location,PER-0327,Abirami Bai,Person,Located-At,1.0,FIR,29-12-2025
LOC-0013,Nallur Colony College Road,Location,PER-0140,Sangeetha Bai,Person,Located-At,1.0,FIR,14-06-2026
LOC-0013,Nallur Colony College Road,Location,PER-0013,Ramya Bai,Person,Located-At,1.0,FIR,14-06-2026
LOC-0013,Nallur Colony College Road,Location,PER-0400,Hemanth Krishnan,Person,Located-At,2.0,FIR,01-09-2026
LOC-0014,Amudham Nagar Main Street,Location,PER-0039,Jeeva Natarajan,Person,Located-At,1.0,FIR,05-02-2025
LOC-0014,Amudham Nagar Main Street,Location,PER-0038,Naveen Balan,Person,Located-At,1.0,FIR,05-02-2025
LOC-0014,Amudham Nagar Main Street,Location,PER-0037,Elango Balan,Person,Located-At,1.0,FIR,05-02-2025
LOC-0014,Amudham Nagar Main Street,Location,PER-0095,Udhay Anand,Person,Located-At,1.0,FIR,30-03-2025
LOC-0014,Amudham Nagar Main Street,Location,PER-0094,Bharathi Ammal,Person,Located-At,2.0,FIR,30-03-2025
LOC-0014,Amudham Nagar Main Street,Location,PER-0308,Kannan Shankar,Person,Located-At,1.0,FIR,26-11-2025
LOC-0014,Amudham Nagar Main Street,Location,PER-0032,Arun Prakash,Person,Located-At,2.0,FIR,26-11-2025
LOC-0014,Amudham Nagar Main Street,Location,PER-0331,Sanjay Velan,Person,Located-At,1.0,FIR,05-01-2026
LOC-0014,Amudham Nagar Main Street,Location,PER-0027,Sanjay Raj,Person,Located-At,2.0,FIR,05-01-2026
LOC-0014,Amudham Nagar Main Street,Location,PER-0023,Ganesh Shankar,Person,Located-At,1.0,FIR,03-04-2026
LOC-0014,Amudham Nagar Main Street,Location,PER-0307,Deviga Krishnan,Person,Located-At,1.0,FIR,03-04-2026
LOC-0014,Amudham Nagar Main Street,Location,PER-0359,Suresh Thangaraj,Person,Located-At,1.0,FIR,03-04-2026
LOC-0014,Amudham Nagar Main Street,Location,PER-0373,Anand Muthu,Person,Located-At,1.0,FIR,24-04-2026
LOC-0014,Amudham Nagar Main Street,Location,PER-0047,Uma Raj,Person,Located-At,2.0,FIR,24-04-2026
LOC-0014,Amudham Nagar Main Street,Location,PER-0213,Hariharan Prakash,Person,Located-At,1.0,FIR,11-06-2026
LOC-0014,Amudham Nagar Main Street,Location,PER-0161,Rajeshwari Ammal,Person,Located-At,2.0,FIR,11-06-2026
LOC-0015,Kalai Nagar College Road,Location,PER-0041,Hariharan Palanisamy,Person,Located-At,1.0,FIR,06-02-2025
LOC-0015,Kalai Nagar College Road,Location,PER-0040,Deepa Selvam,Person,Located-At,2.0,FIR,06-02-2025
LOC-0015,Kalai Nagar College Road,Location,PER-0164,Malathi Selvi,Person,Located-At,2.0,FIR,03-06-2025
LOC-0016,Sindhu Garden Residential Colony,Location,PER-0043,Arun Babu,Person,Located-At,1.0,FIR,26-01-2025
LOC-0016,Sindhu Garden Residential Colony,Location,PER-0042,Rakesh Anand,Person,Located-At,2.0,FIR,26-01-2025
LOC-0016,Sindhu Garden Residential Colony,Location,PER-0113,Jagan Raman,Person,Located-At,4.0,FIR,11-04-2025
LOC-0016,Sindhu Garden Residential Colony,Location,PER-0035,Nandhini Sekar,Person,Located-At,2.0,FIR,11-04-2025
LOC-0016,Sindhu Garden Residential Colony,Location,PER-0100,Balaji Karuppasamy,Person,Located-At,5.0,FIR,19-04-2025
LOC-0016,Sindhu Garden Residential Colony,Location,PER-0036,Senthil Rajan,Person,Located-At,1.0,FIR,19-04-2025
LOC-0016,Sindhu Garden Residential Colony,Location,PER-0123,Karthik Pandian,Person,Located-At,3.0,FIR,19-04-2025
LOC-0016,Sindhu Garden Residential Colony,Location,PER-0139,Logesh Palanisamy,Person,Located-At,1.0,FIR,08-05-2025
LOC-0016,Sindhu Garden Residential Colony,Location,PER-0138,Abirami Kannan,Person,Located-At,1.0,FIR,08-05-2025
LOC-0016,Sindhu Garden Residential Colony,Location,PER-0144,Padmini Bai,Person,Located-At,2.0,FIR,16-05-2025
LOC-0016,Sindhu Garden Residential Colony,Location,PER-0150,Pavithra Kannan,Person,Located-At,2.0,FIR,19-05-2025
LOC-0016,Sindhu Garden Residential Colony,Location,PER-0153,Sathish Kumar,Person,Located-At,2.0,FIR,19-05-2025
LOC-0016,Sindhu Garden Residential Colony,Location,PER-0117,Tamilarasan Muthu,Person,Located-At,1.0,FIR,23-05-2025
LOC-0016,Sindhu Garden Residential Colony,Location,PER-0163,Rakesh Krishnan,Person,Located-At,2.0,FIR,23-05-2025
LOC-0016,Sindhu Garden Residential Colony,Location,PER-0179,Jagan Arumugam,Person,Located-At,2.0,FIR,15-06-2025
LOC-0016,Sindhu Garden Residential Colony,Location,PER-0021,Vidhya Krishnan,Person,Located-At,2.0,FIR,26-06-2025
LOC-0016,Sindhu Garden Residential Colony,Location,PER-0175,Sathish Sundaram,Person,Located-At,2.0,FIR,31-07-2025
LOC-0016,Sindhu Garden Residential Colony,Location,PER-0219,Kishore Krishnan,Person,Located-At,2.0,FIR,31-07-2025
LOC-0016,Sindhu Garden Residential Colony,Location,PER-0230,Eswari Selvam,Person,Located-At,1.0,FIR,05-08-2025
LOC-0016,Sindhu Garden Residential Colony,Location,PER-0201,Praveen Kumar,Person,Located-At,1.0,FIR,05-08-2025
LOC-0016,Sindhu Garden Residential Colony,Location,PER-0094,Bharathi Ammal,Person,Located-At,1.0,FIR,21-08-2025
LOC-0016,Sindhu Garden Residential Colony,Location,PER-0013,Ramya Bai,Person,Located-At,1.0,FIR,21-08-2025
LOC-0016,Sindhu Garden Residential Colony,Location,PER-0250,Vasanthi Kannan,Person,Located-At,2.0,FIR,28-08-2025
LOC-0016,Sindhu Garden Residential Colony,Location,PER-0222,Anand Chandran,Person,Located-At,2.0,FIR,12-10-2025
LOC-0016,Sindhu Garden Residential Colony,Location,PER-0108,Murugan Karuppasamy,Person,Located-At,1.0,FIR,28-10-2025
LOC-0016,Sindhu Garden Residential Colony,Location,PER-0101,Abirami Sekar,Person,Located-At,2.0,FIR,28-10-2025
LOC-0016,Sindhu Garden Residential Colony,Location,PER-0005,Vignesh Subramani,Person,Located-At,1.0,FIR,06-12-2025
LOC-0016,Sindhu Garden Residential Colony,Location,PER-0083,Babu Selvam,Person,Located-At,4.0,FIR,06-12-2025
LOC-0016,Sindhu Garden Residential Colony,Location,PER-0365,Karthik Shankar,Person,Located-At,3.0,FIR,13-04-2026
LOC-0016,Sindhu Garden Residential Colony,Location,PER-0204,Keerthana Sri,Person,Located-At,2.0,FIR,13-04-2026
LOC-0016,Sindhu Garden Residential Colony,Location,PER-0060,Madhan Babu,Person,Located-At,1.0,FIR,30-04-2026
LOC-0016,Sindhu Garden Residential Colony,Location,PER-0223,Gunasekar Murugan,Person,Located-At,2.0,FIR,30-04-2026
LOC-0016,Sindhu Garden Residential Colony,Location,PER-0379,Gopal Mani,Person,Located-At,1.0,FIR,24-05-2026
LOC-0016,Sindhu Garden Residential Colony,Location,PER-0027,Sanjay Raj,Person,Located-At,4.0,FIR,24-05-2026
LOC-0016,Sindhu Garden Residential Colony,Location,PER-0198,Mohan Sekar,Person,Located-At,1.0,FIR,27-05-2026
LOC-0016,Sindhu Garden Residential Colony,Location,PER-0380,Eswari Sri,Person,Located-At,2.0,FIR,27-05-2026
LOC-0016,Sindhu Garden Residential Colony,Location,PER-0355,Ajith Nathan,Person,Located-At,2.0,FIR,24-05-2026
LOC-0016,Sindhu Garden Residential Colony,Location,PER-0338,Madhan Rajan,Person,Located-At,2.0,FIR,24-05-2026
LOC-0016,Sindhu Garden Residential Colony,Location,PER-0309,Sathish Ramasamy,Person,Located-At,1.0,FIR,07-06-2026
LOC-0016,Sindhu Garden Residential Colony,Location,PER-0090,Anand Natarajan,Person,Located-At,2.0,FIR,07-06-2026
LOC-0016,Sindhu Garden Residential Colony,Location,PER-0015,Dinesh Subramani,Person,Located-At,1.0,FIR,20-08-2026
LOC-0016,Sindhu Garden Residential Colony,Location,PER-0032,Arun Prakash,Person,Located-At,2.0,FIR,29-08-2026
LOC-0017,Arasu Nagar Residential Colony,Location,PER-0045,Elango Ramasamy,Person,Located-At,2.0,FIR,14-02-2025
LOC-0017,Arasu Nagar Residential Colony,Location,PER-0308,Kannan Shankar,Person,Located-At,2.0,FIR,17-11-2025
LOC-0017,Arasu Nagar Residential Colony,Location,PER-0273,Lakshmi Raman,Person,Located-At,2.0,FIR,17-11-2025
LOC-0017,Arasu Nagar Residential Colony,Location,PER-0256,Bharathi Raman,Person,Located-At,1.0,FIR,27-01-2026
LOC-0017,Arasu Nagar Residential Colony,Location,PER-0292,Ezhilan Sundaram,Person,Located-At,1.0,FIR,27-01-2026
LOC-0018,Sevvanthi Layout Residential Colony,Location,PER-0048,Murugan Sundaram,Person,Located-At,1.0,FIR,13-02-2025
LOC-0018,Sevvanthi Layout Residential Colony,Location,PER-0047,Uma Raj,Person,Located-At,2.0,FIR,13-02-2025
LOC-0019,Ezhil Garden Shopping Complex,Location,PER-0005,Vignesh Subramani,Person,Located-At,1.0,FIR,17-02-2025
LOC-0019,Ezhil Garden Shopping Complex,Location,PER-0042,Rakesh Anand,Person,Located-At,2.0,FIR,17-02-2025
LOC-0019,Ezhil Garden Shopping Complex,Location,PER-0194,Rakesh Gopal,Person,Located-At,4.0,FIR,02-07-2025
LOC-0019,Ezhil Garden Shopping Complex,Location,PER-0027,Sanjay Raj,Person,Located-At,2.0,FIR,02-07-2025
LOC-0019,Ezhil Garden Shopping Complex,Location,PER-0083,Babu Selvam,Person,Located-At,2.0,FIR,10-07-2025
LOC-0019,Ezhil Garden Shopping Complex,Location,PER-0221,Nithin Murugan,Person,Located-At,4.0,FIR,27-07-2025
LOC-0019,Ezhil Garden Shopping Complex,Location,PER-0220,Vijay Rajan,Person,Located-At,2.0,FIR,27-07-2025
LOC-0019,Ezhil Garden Shopping Complex,Location,PER-0222,Anand Chandran,Person,Located-At,2.0,FIR,01-08-2025
LOC-0019,Ezhil Garden Shopping Complex,Location,PER-0192,Dinesh Raj,Person,Located-At,2.0,FIR,18-08-2025
LOC-0019,Ezhil Garden Shopping Complex,Location,PER-0123,Karthik Pandian,Person,Located-At,2.0,FIR,19-08-2025
LOC-0019,Ezhil Garden Shopping Complex,Location,PER-0001,Lavanya Ammal,Person,Located-At,2.0,FIR,02-09-2025
LOC-0019,Ezhil Garden Shopping Complex,Location,PER-0084,Gokul Gopal,Person,Located-At,1.0,FIR,16-09-2025
LOC-0019,Ezhil Garden Shopping Complex,Location,PER-0270,Ravi Gopal,Person,Located-At,2.0,FIR,16-09-2025
LOC-0019,Ezhil Garden Shopping Complex,Location,PER-0145,Tamilselvi Devi,Person,Located-At,2.0,FIR,13-09-2025
LOC-0019,Ezhil Garden Shopping Complex,Location,PER-0023,Ganesh Shankar,Person,Located-At,1.0,FIR,01-06-2026
LOC-0019,Ezhil Garden Shopping Complex,Location,PER-0101,Abirami Sekar,Person,Located-At,2.0,FIR,01-06-2026
LOC-0020,Roja Layout Industrial Area,Location,PER-0057,Abirami Krishnan,Person,Located-At,1.0,FIR,26-02-2025
LOC-0020,Roja Layout Industrial Area,Location,PER-0056,Bharath Prakash,Person,Located-At,2.0,FIR,26-02-2025
LOC-0020,Roja Layout Industrial Area,Location,PER-0078,Gokul Muthu,Person,Located-At,1.0,FIR,03-04-2025
LOC-0020,Roja Layout Industrial Area,Location,PER-0101,Abirami Sekar,Person,Located-At,2.0,FIR,03-04-2025
LOC-0020,Roja Layout Industrial Area,Location,PER-0022,Pandian Thangaraj,Person,Located-At,1.0,FIR,27-04-2025
LOC-0020,Roja Layout Industrial Area,Location,PER-0027,Sanjay Raj,Person,Located-At,2.0,FIR,27-04-2025
LOC-0021,Mullai Colony Shopping Complex,Location,PER-0065,Deepak Gopal,Person,Located-At,2.0,FIR,05-03-2025
LOC-0021,Mullai Colony Shopping Complex,Location,PER-0066,Sudha Sekar,Person,Located-At,2.0,FIR,11-03-2025
LOC-0021,Mullai Colony Shopping Complex,Location,PER-0100,Balaji Karuppasamy,Person,Located-At,1.0,FIR,31-03-2025
LOC-0021,Mullai Colony Shopping Complex,Location,PER-0099,Kavitha Selvam,Person,Located-At,2.0,FIR,31-03-2025
LOC-0021,Mullai Colony Shopping Complex,Location,PER-0076,Hariharan Babu,Person,Located-At,4.0,FIR,05-07-2025
LOC-0021,Mullai Colony Shopping Complex,Location,PER-0209,Kishore Murugan,Person,Located-At,2.0,FIR,05-07-2025
LOC-0021,Mullai Colony Shopping Complex,Location,PER-0144,Padmini Bai,Person,Located-At,2.0,FIR,18-09-2025
LOC-0021,Mullai Colony Shopping Complex,Location,PER-0213,Hariharan Prakash,Person,Located-At,3.0,FIR,02-10-2025
LOC-0021,Mullai Colony Shopping Complex,Location,PER-0001,Lavanya Ammal,Person,Located-At,2.0,FIR,02-10-2025
LOC-0021,Mullai Colony Shopping Complex,Location,PER-0283,Nandhini Selvi,Person,Located-At,2.0,FIR,05-10-2025
LOC-0021,Mullai Colony Shopping Complex,Location,PER-0284,Kishore Arumugam,Person,Located-At,1.0,FIR,12-10-2025
LOC-0021,Mullai Colony Shopping Complex,Location,PER-0042,Rakesh Anand,Person,Located-At,2.0,FIR,12-10-2025
LOC-0021,Mullai Colony Shopping Complex,Location,PER-0302,Buvaneswari Murugan,Person,Located-At,2.0,FIR,07-11-2025
LOC-0021,Mullai Colony Shopping Complex,Location,PER-0104,Padmini Sri,Person,Located-At,2.0,FIR,10-11-2025
LOC-0021,Mullai Colony Shopping Complex,Location,PER-0307,Deviga Krishnan,Person,Located-At,2.0,FIR,18-11-2025
LOC-0021,Mullai Colony Shopping Complex,Location,PER-0310,Mathan Balan,Person,Located-At,1.0,FIR,22-11-2025
LOC-0021,Mullai Colony Shopping Complex,Location,PER-0054,Vasanth Chandran,Person,Located-At,2.0,FIR,22-11-2025
LOC-0021,Mullai Colony Shopping Complex,Location,PER-0132,Arjun Shankar,Person,Located-At,1.0,FIR,08-12-2025
LOC-0021,Mullai Colony Shopping Complex,Location,PER-0032,Arun Prakash,Person,Located-At,2.0,FIR,08-12-2025
LOC-0021,Mullai Colony Shopping Complex,Location,PER-0085,Madhan Murugan,Person,Located-At,2.0,FIR,09-02-2026
LOC-0021,Mullai Colony Shopping Complex,Location,PER-0013,Ramya Bai,Person,Located-At,2.0,FIR,09-02-2026
LOC-0021,Mullai Colony Shopping Complex,Location,PER-0342,Manoj Sekar,Person,Located-At,2.0,FIR,14-02-2026
LOC-0021,Mullai Colony Shopping Complex,Location,PER-0360,Sanjay Palanisamy,Person,Located-At,1.0,FIR,05-04-2026
LOC-0021,Mullai Colony Shopping Complex,Location,PER-0020,Yogesh Raj,Person,Located-At,2.0,FIR,05-04-2026
LOC-0021,Mullai Colony Shopping Complex,Location,PER-0369,Hemanth Arumugam,Person,Located-At,1.0,FIR,27-03-2026
LOC-0021,Mullai Colony Shopping Complex,Location,PER-0368,Gokul Babu,Person,Located-At,2.0,FIR,27-03-2026
LOC-0021,Mullai Colony Shopping Complex,Location,PER-0253,Harish Murugan,Person,Located-At,1.0,FIR,26-06-2026
LOC-0021,Mullai Colony Shopping Complex,Location,PER-0319,Babu Murugan,Person,Located-At,2.0,FIR,26-06-2026
LOC-0021,Mullai Colony Shopping Complex,Location,PER-0365,Karthik Shankar,Person,Located-At,1.0,FIR,30-06-2026
LOC-0021,Mullai Colony Shopping Complex,Location,PER-0353,Divya Sekar,Person,Located-At,2.0,FIR,30-06-2026
LOC-0021,Mullai Colony Shopping Complex,Location,PER-0291,Mythili Murugan,Person,Located-At,2.0,FIR,07-07-2026
LOC-0021,Mullai Colony Shopping Complex,Location,PER-0093,Vasanth Mani,Person,Located-At,1.0,FIR,13-08-2026
LOC-0021,Mullai Colony Shopping Complex,Location,PER-0205,Ajith Sekar,Person,Located-At,2.0,FIR,13-08-2026
LOC-0022,Kalai Colony Apartment Complex,Location,PER-0069,Jagan Anand,Person,Located-At,1.0,FIR,13-03-2025
LOC-0022,Kalai Colony Apartment Complex,Location,PER-0068,Jagan Gopal,Person,Located-At,2.0,FIR,13-03-2025
LOC-0022,Kalai Colony Apartment Complex,Location,PER-0175,Sathish Sundaram,Person,Located-At,1.0,FIR,29-06-2025
LOC-0022,Kalai Colony Apartment Complex,Location,PER-0195,Vidhya Ammal,Person,Located-At,2.0,FIR,29-06-2025
LOC-0022,Kalai Colony Apartment Complex,Location,PER-0041,Hariharan Palanisamy,Person,Located-At,1.0,FIR,28-07-2025
LOC-0022,Kalai Colony Apartment Complex,Location,PER-0218,Arun Mani,Person,Located-At,2.0,FIR,28-07-2025
LOC-0022,Kalai Colony Apartment Complex,Location,PER-0183,Venkat Palanisamy,Person,Located-At,1.0,FIR,28-07-2025
LOC-0022,Kalai Colony Apartment Complex,Location,PER-0094,Bharathi Ammal,Person,Located-At,2.0,FIR,28-07-2025
LOC-0022,Kalai Colony Apartment Complex,Location,PER-0266,Bharath Gopal,Person,Located-At,2.0,FIR,16-09-2025
LOC-0022,Kalai Colony Apartment Complex,Location,PER-0113,Jagan Raman,Person,Located-At,1.0,FIR,15-10-2025
LOC-0022,Kalai Colony Apartment Complex,Location,PER-0027,Sanjay Raj,Person,Located-At,2.0,FIR,15-10-2025
LOC-0022,Kalai Colony Apartment Complex,Location,PER-0355,Ajith Nathan,Person,Located-At,4.0,FIR,23-03-2026
LOC-0022,Kalai Colony Apartment Complex,Location,PER-0115,Nithin Balan,Person,Located-At,2.0,FIR,23-03-2026
LOC-0022,Kalai Colony Apartment Complex,Location,PER-0270,Ravi Gopal,Person,Located-At,2.0,FIR,10-04-2026
LOC-0022,Kalai Colony Apartment Complex,Location,PER-0226,Buvaneswari Sri,Person,Located-At,2.0,FIR,27-04-2026
LOC-0022,Kalai Colony Apartment Complex,Location,PER-0222,Anand Chandran,Person,Located-At,2.0,FIR,29-07-2026
LOC-0022,Kalai Colony Apartment Complex,Location,PER-0121,Chandran Krishnan,Person,Located-At,2.0,FIR,08-09-2026
LOC-0023,Vaigai Park Parking Area,Location,PER-0075,Hariharan Raj,Person,Located-At,1.0,FIR,17-03-2025
LOC-0023,Vaigai Park Parking Area,Location,PER-0047,Uma Raj,Person,Located-At,2.0,FIR,17-03-2025
LOC-0023,Vaigai Park Parking Area,Location,PER-0132,Arjun Shankar,Person,Located-At,1.0,FIR,22-05-2025
LOC-0023,Vaigai Park Parking Area,Location,PER-0160,Mohan Natarajan,Person,Located-At,2.0,FIR,22-05-2025
LOC-0023,Vaigai Park Parking Area,Location,PER-0345,Sanjay Anand,Person,Located-At,1.0,FIR,18-02-2026
LOC-0023,Vaigai Park Parking Area,Location,PER-0118,Dharani Prakash,Person,Located-At,2.0,FIR,18-02-2026
LOC-0023,Vaigai Park Parking Area,Location,PER-0352,Yuvaraj Natarajan,Person,Located-At,1.0,FIR,24-04-2026
LOC-0023,Vaigai Park Parking Area,Location,PER-0116,Latha Sekar,Person,Located-At,2.0,FIR,24-04-2026
LOC-0023,Vaigai Park Parking Area,Location,PER-0283,Nandhini Selvi,Person,Located-At,2.0,FIR,27-04-2026
LOC-0023,Vaigai Park Parking Area,Location,PER-0347,Bharath Balan,Person,Located-At,1.0,FIR,07-05-2026
LOC-0023,Vaigai Park Parking Area,Location,PER-0097,Rajesh Mani,Person,Located-At,2.0,FIR,07-05-2026
LOC-0024,Anbu Layout Bus Stand Area,Location,PER-0079,Jothi Bai,Person,Located-At,2.0,FIR,18-03-2025
LOC-0024,Anbu Layout Bus Stand Area,Location,PER-0009,Deviga Murugan,Person,Located-At,1.0,FIR,30-04-2025
LOC-0024,Anbu Layout Bus Stand Area,Location,PER-0101,Abirami Sekar,Person,Located-At,1.0,FIR,30-04-2025
LOC-0024,Anbu Layout Bus Stand Area,Location,PER-0202,Saravanan Palanisamy,Person,Located-At,1.0,FIR,10-07-2025
LOC-0024,Anbu Layout Bus Stand Area,Location,PER-0027,Sanjay Raj,Person,Located-At,1.0,FIR,10-07-2025
LOC-0025,Kalai Puram Apartment Complex,Location,PER-0080,Nandha Karuppasamy,Person,Located-At,3.0,FIR,18-03-2025
LOC-0025,Kalai Puram Apartment Complex,Location,PER-0001,Lavanya Ammal,Person,Located-At,2.0,FIR,18-03-2025
LOC-0025,Kalai Puram Apartment Complex,Location,PER-0112,Eswari Raj,Person,Located-At,1.0,FIR,09-04-2025
LOC-0025,Kalai Puram Apartment Complex,Location,PER-0049,Madhan Kumar,Person,Located-At,1.0,FIR,09-04-2025
LOC-0025,Kalai Puram Apartment Complex,Location,PER-0111,Dharani Rajan,Person,Located-At,1.0,FIR,09-04-2025
LOC-0025,Kalai Puram Apartment Complex,Location,PER-0031,Prakash Palanisamy,Person,Located-At,1.0,FIR,06-06-2025
LOC-0025,Kalai Puram Apartment Complex,Location,PER-0106,Elango Krishnan,Person,Located-At,2.0,FIR,06-06-2025
LOC-0025,Kalai Puram Apartment Complex,Location,PER-0012,Thirumal Palanisamy,Person,Located-At,1.0,FIR,07-07-2025
LOC-0025,Kalai Puram Apartment Complex,Location,PER-0201,Praveen Kumar,Person,Located-At,2.0,FIR,07-07-2025
LOC-0025,Kalai Puram Apartment Complex,Location,PER-0204,Keerthana Sri,Person,Located-At,2.0,FIR,11-07-2025
LOC-0025,Kalai Puram Apartment Complex,Location,PER-0129,Kishore Babu,Person,Located-At,1.0,FIR,07-07-2025
LOC-0025,Kalai Puram Apartment Complex,Location,PER-0102,Malathi Kumari,Person,Located-At,2.0,FIR,07-07-2025
LOC-0025,Kalai Puram Apartment Complex,Location,PER-0214,Dharani Anand,Person,Located-At,2.0,FIR,18-07-2025
LOC-0025,Kalai Puram Apartment Complex,Location,PER-0248,Gokul Karuppasamy,Person,Located-At,2.0,FIR,26-08-2025
LOC-0025,Kalai Puram Apartment Complex,Location,PER-0041,Hariharan Palanisamy,Person,Located-At,1.0,FIR,28-08-2025
LOC-0025,Kalai Puram Apartment Complex,Location,PER-0128,Durga Bai,Person,Located-At,2.0,FIR,28-08-2025
LOC-0025,Kalai Puram Apartment Complex,Location,PER-0309,Sathish Ramasamy,Person,Located-At,1.0,FIR,19-11-2025
LOC-0025,Kalai Puram Apartment Complex,Location,PER-0285,Saravanan Gopal,Person,Located-At,2.0,FIR,19-11-2025
LOC-0025,Kalai Puram Apartment Complex,Location,PER-0124,Chandran Subramani,Person,Located-At,1.0,FIR,06-07-2026
LOC-0025,Kalai Puram Apartment Complex,Location,PER-0151,Dharani Gopal,Person,Located-At,2.0,FIR,06-07-2026
LOC-0026,Nila Nagar Bus Stand Area,Location,PER-0082,Rajeshwari Rani,Person,Located-At,1.0,FIR,18-03-2025
LOC-0026,Nila Nagar Bus Stand Area,Location,PER-0081,Dinesh Nathan,Person,Located-At,1.0,FIR,18-03-2025
LOC-0026,Nila Nagar Bus Stand Area,Location,PER-0087,Anand Krishnan,Person,Located-At,1.0,FIR,08-06-2025
LOC-0026,Nila Nagar Bus Stand Area,Location,PER-0167,Saravanan Selvam,Person,Located-At,2.0,FIR,08-06-2025
LOC-0026,Nila Nagar Bus Stand Area,Location,PER-0347,Bharath Balan,Person,Located-At,1.0,FIR,23-02-2026
LOC-0026,Nila Nagar Bus Stand Area,Location,PER-0180,Sangeetha Sri,Person,Located-At,2.0,FIR,23-02-2026
LOC-0026,Nila Nagar Bus Stand Area,Location,PER-0357,Vijay Raman,Person,Located-At,1.0,FIR,10-05-2026
LOC-0026,Nila Nagar Bus Stand Area,Location,PER-0377,Selvam Babu,Person,Located-At,2.0,FIR,10-05-2026
LOC-0026,Nila Nagar Bus Stand Area,Location,PER-0345,Sanjay Anand,Person,Located-At,1.0,FIR,09-09-2026
LOC-0026,Nila Nagar Bus Stand Area,Location,PER-0401,Harini Selvam,Person,Located-At,2.0,FIR,09-09-2026
LOC-0027,Nila Garden Bus Stand Area,Location,PER-0084,Gokul Gopal,Person,Located-At,1.0,FIR,22-03-2025
LOC-0027,Nila Garden Bus Stand Area,Location,PER-0083,Babu Selvam,Person,Located-At,2.0,FIR,22-03-2025
LOC-0027,Nila Garden Bus Stand Area,Location,PER-0158,Divya Kumari,Person,Located-At,1.0,FIR,21-05-2025
LOC-0027,Nila Garden Bus Stand Area,Location,PER-0157,Ganesh Natarajan,Person,Located-At,1.0,FIR,21-05-2025
LOC-0027,Nila Garden Bus Stand Area,Location,PER-0244,Thirumal Velan,Person,Located-At,1.0,FIR,22-02-2026
LOC-0027,Nila Garden Bus Stand Area,Location,PER-0172,Arjun Pandian,Person,Located-At,2.0,FIR,22-02-2026
LOC-0028,Roja Colony Residential Colony,Location,PER-0005,Vignesh Subramani,Person,Located-At,1.0,FIR,27-03-2025
LOC-0028,Roja Colony Residential Colony,Location,PER-0088,Naveen Natarajan,Person,Located-At,2.0,FIR,27-03-2025
LOC-0028,Roja Colony Residential Colony,Location,PER-0015,Dinesh Subramani,Person,Located-At,1.0,FIR,20-11-2025
LOC-0028,Roja Colony Residential Colony,Location,PER-0001,Lavanya Ammal,Person,Located-At,2.0,FIR,20-11-2025
LOC-0028,Roja Colony Residential Colony,Location,PER-0350,Priya Raman,Person,Located-At,2.0,FIR,04-03-2026
LOC-0028,Roja Colony Residential Colony,Location,PER-0247,Elango Shankar,Person,Located-At,2.0,FIR,06-04-2026
LOC-0028,Roja Colony Residential Colony,Location,PER-0177,Inban Balan,Person,Located-At,2.0,FIR,06-04-2026
LOC-0028,Roja Colony Residential Colony,Location,PER-0330,Indhu Sri,Person,Located-At,2.0,FIR,12-05-2026
LOC-0029,Kadal Nagar Bus Stand Area,Location,PER-0092,Babu Thangaraj,Person,Located-At,2.0,FIR,30-03-2025
LOC-0029,Kadal Nagar Bus Stand Area,Location,PER-0105,Yogesh Arumugam,Person,Located-At,2.0,FIR,06-04-2025
LOC-0029,Kadal Nagar Bus Stand Area,Location,PER-0191,Rajesh Krishnan,Person,Located-At,1.0,FIR,28-06-2025
LOC-0029,Kadal Nagar Bus Stand Area,Location,PER-0190,Dharani Thangaraj,Person,Located-At,1.0,FIR,28-06-2025
LOC-0029,Kadal Nagar Bus Stand Area,Location,PER-0141,Senthil Krishnan,Person,Located-At,2.0,FIR,02-08-2025
LOC-0029,Kadal Nagar Bus Stand Area,Location,PER-0225,Lakshmi Krishnan,Person,Located-At,2.0,FIR,02-08-2025
LOC-0029,Kadal Nagar Bus Stand Area,Location,PER-0168,Mohan Gopal,Person,Located-At,1.0,FIR,12-08-2025
LOC-0029,Kadal Nagar Bus Stand Area,Location,PER-0238,Nithya Murugan,Person,Located-At,1.0,FIR,12-08-2025
LOC-0029,Kadal Nagar Bus Stand Area,Location,PER-0085,Madhan Murugan,Person,Located-At,2.0,FIR,21-01-2026
LOC-0029,Kadal Nagar Bus Stand Area,Location,PER-0335,Jeeva Krishnan,Person,Located-At,2.0,FIR,21-01-2026
LOC-0029,Kadal Nagar Bus Stand Area,Location,PER-0343,Malathi Murugan,Person,Located-At,2.0,FIR,14-02-2026
LOC-0029,Kadal Nagar Bus Stand Area,Location,PER-0348,Arun Raj,Person,Located-At,1.0,FIR,24-02-2026
LOC-0029,Kadal Nagar Bus Stand Area,Location,PER-0174,Vasanth Raman,Person,Located-At,1.0,FIR,24-02-2026
LOC-0029,Kadal Nagar Bus Stand Area,Location,PER-0043,Arun Babu,Person,Located-At,1.0,FIR,22-03-2026
LOC-0029,Kadal Nagar Bus Stand Area,Location,PER-0161,Rajeshwari Ammal,Person,Located-At,2.0,FIR,22-03-2026
LOC-0030,Anbu Park Main Street,Location,PER-0098,Karthik Nathan,Person,Located-At,1.0,FIR,28-03-2025
LOC-0030,Anbu Park Main Street,Location,PER-0097,Rajesh Mani,Person,Located-At,2.0,FIR,28-03-2025
LOC-0030,Anbu Park Main Street,Location,PER-0108,Murugan Karuppasamy,Person,Located-At,2.0,FIR,21-10-2025
LOC-0030,Anbu Park Main Street,Location,PER-0291,Mythili Murugan,Person,Located-At,1.0,FIR,21-10-2025
LOC-0030,Anbu Park Main Street,Location,PER-0001,Lavanya Ammal,Person,Located-At,1.0,FIR,21-10-2025
LOC-0030,Anbu Park Main Street,Location,PER-0010,Vasanth Gopal,Person,Located-At,1.0,FIR,12-11-2025
LOC-0030,Anbu Park Main Street,Location,PER-0283,Nandhini Selvi,Person,Located-At,2.0,FIR,12-11-2025
LOC-0030,Anbu Park Main Street,Location,PER-0004,Thirumal Babu,Person,Located-At,2.0,FIR,21-12-2025
LOC-0030,Anbu Park Main Street,Location,PER-0247,Elango Shankar,Person,Located-At,2.0,FIR,07-01-2026
LOC-0030,Anbu Park Main Street,Location,PER-0032,Arun Prakash,Person,Located-At,2.0,FIR,07-01-2026
LOC-0030,Anbu Park Main Street,Location,PER-0024,Nithin Velan,Person,Located-At,2.0,FIR,18-03-2026
LOC-0030,Anbu Park Main Street,Location,PER-0185,Jagan Sekar,Person,Located-At,2.0,FIR,18-03-2026
LOC-0030,Anbu Park Main Street,Location,PER-0068,Jagan Gopal,Person,Located-At,2.0,FIR,21-03-2026
LOC-0030,Anbu Park Main Street,Location,PER-0104,Padmini Sri,Person,Located-At,2.0,FIR,10-05-2026
LOC-0030,Anbu Park Main Street,Location,PER-0132,Arjun Shankar,Person,Located-At,1.0,FIR,01-07-2026
LOC-0030,Anbu Park Main Street,Location,PER-0261,Nithya Rani,Person,Located-At,1.0,FIR,01-07-2026
LOC-0030,Anbu Park Main Street,Location,PER-0025,Bhuvana Bai,Person,Located-At,1.0,FIR,01-07-2026
LOC-0030,Anbu Park Main Street,Location,PER-0124,Chandran Subramani,Person,Located-At,1.0,FIR,01-09-2026
LOC-0030,Anbu Park Main Street,Location,PER-0169,Anitha Raj,Person,Located-At,2.0,FIR,01-09-2026
LOC-0031,Iniyan Layout Parking Area,Location,PER-0102,Malathi Kumari,Person,Located-At,2.0,FIR,04-04-2025
LOC-0032,Sindhu Colony College Road,Location,PER-0095,Udhay Anand,Person,Located-At,1.0,FIR,03-04-2025
LOC-0032,Sindhu Colony College Road,Location,PER-0020,Yogesh Raj,Person,Located-At,2.0,FIR,03-04-2025
LOC-0032,Sindhu Colony College Road,Location,PER-0010,Vasanth Gopal,Person,Located-At,1.0,FIR,09-04-2025
LOC-0032,Sindhu Colony College Road,Location,PER-0101,Abirami Sekar,Person,Located-At,1.0,FIR,09-04-2025
LOC-0032,Sindhu Colony College Road,Location,PER-0118,Dharani Prakash,Person,Located-At,1.0,FIR,09-04-2025
LOC-0032,Sindhu Colony College Road,Location,PER-0110,Harish Babu,Person,Located-At,2.0,FIR,28-05-2025
LOC-0032,Sindhu Colony College Road,Location,PER-0175,Sathish Sundaram,Person,Located-At,2.0,FIR,19-06-2025
LOC-0032,Sindhu Colony College Road,Location,PER-0188,Meena Bai,Person,Located-At,2.0,FIR,19-06-2025
LOC-0032,Sindhu Colony College Road,Location,PER-0183,Venkat Palanisamy,Person,Located-At,1.0,FIR,24-07-2025
LOC-0032,Sindhu Colony College Road,Location,PER-0215,Arjun Karuppasamy,Person,Located-At,2.0,FIR,24-07-2025
LOC-0032,Sindhu Colony College Road,Location,PER-0184,Prakash Muthu,Person,Located-At,1.0,FIR,12-08-2025
LOC-0032,Sindhu Colony College Road,Location,PER-0165,Rajesh Rajan,Person,Located-At,2.0,FIR,12-08-2025
LOC-0032,Sindhu Colony College Road,Location,PER-0255,Kalaiselvi Devi,Person,Located-At,2.0,FIR,03-09-2025
LOC-0032,Sindhu Colony College Road,Location,PER-0351,Rajesh Chandran,Person,Located-At,1.0,FIR,10-03-2026
LOC-0032,Sindhu Colony College Road,Location,PER-0283,Nandhini Selvi,Person,Located-At,2.0,FIR,10-03-2026
LOC-0032,Sindhu Colony College Road,Location,PER-0379,Gopal Mani,Person,Located-At,1.0,FIR,17-06-2026
LOC-0032,Sindhu Colony College Road,Location,PER-0027,Sanjay Raj,Person,Located-At,2.0,FIR,17-06-2026
LOC-0033,Thendral Nagar Atm Area,Location,PER-0108,Murugan Karuppasamy,Person,Located-At,1.0,FIR,07-04-2025
LOC-0033,Thendral Nagar Atm Area,Location,PER-0107,Mathan Arumugam,Person,Located-At,2.0,FIR,07-04-2025
LOC-0033,Thendral Nagar Atm Area,Location,PER-0015,Dinesh Subramani,Person,Located-At,1.0,FIR,29-10-2025
LOC-0033,Thendral Nagar Atm Area,Location,PER-0223,Gunasekar Murugan,Person,Located-At,1.0,FIR,29-10-2025
LOC-0033,Thendral Nagar Atm Area,Location,PER-0074,Padmini Raj,Person,Located-At,1.0,FIR,29-10-2025
LOC-0034,Senthil Garden Main Street,Location,PER-0117,Tamilarasan Muthu,Person,Located-At,1.0,FIR,11-04-2025
LOC-0034,Senthil Garden Main Street,Location,PER-0116,Latha Sekar,Person,Located-At,3.0,FIR,11-04-2025
LOC-0034,Senthil Garden Main Street,Location,PER-0227,Ezhilan Ramasamy,Person,Located-At,1.0,FIR,30-07-2025
LOC-0034,Senthil Garden Main Street,Location,PER-0045,Elango Ramasamy,Person,Located-At,3.0,FIR,30-07-2025
LOC-0034,Senthil Garden Main Street,Location,PER-0253,Harish Murugan,Person,Located-At,1.0,FIR,17-10-2025
LOC-0034,Senthil Garden Main Street,Location,PER-0139,Logesh Palanisamy,Person,Located-At,2.0,FIR,17-10-2025
LOC-0034,Senthil Garden Main Street,Location,PER-0297,Karthik Balan,Person,Located-At,4.0,FIR,27-10-2025
LOC-0034,Senthil Garden Main Street,Location,PER-0296,Praveen Raman,Person,Located-At,2.0,FIR,27-10-2025
LOC-0034,Senthil Garden Main Street,Location,PER-0032,Arun Prakash,Person,Located-At,4.0,FIR,02-11-2025
LOC-0034,Senthil Garden Main Street,Location,PER-0306,Dharani Selvam,Person,Located-At,3.0,FIR,17-11-2025
LOC-0034,Senthil Garden Main Street,Location,PER-0120,Vidhya Devi,Person,Located-At,2.0,FIR,17-11-2025
LOC-0034,Senthil Garden Main Street,Location,PER-0316,Mohan Ramasamy,Person,Located-At,2.0,FIR,04-12-2025
LOC-0034,Senthil Garden Main Street,Location,PER-0315,Chithra Raman,Person,Located-At,1.0,FIR,04-12-2025
LOC-0034,Senthil Garden Main Street,Location,PER-0144,Padmini Bai,Person,Located-At,1.0,FIR,02-12-2025
LOC-0034,Senthil Garden Main Street,Location,PER-0136,Durga Raman,Person,Located-At,2.0,FIR,05-12-2025
LOC-0034,Senthil Garden Main Street,Location,PER-0125,Saranya Murugan,Person,Located-At,2.0,FIR,15-12-2025
LOC-0034,Senthil Garden Main Street,Location,PER-0334,Latha Ammal,Person,Located-At,2.0,FIR,17-01-2026
LOC-0034,Senthil Garden Main Street,Location,PER-0351,Rajesh Chandran,Person,Located-At,1.0,FIR,29-05-2026
LOC-0034,Senthil Garden Main Street,Location,PER-0214,Dharani Anand,Person,Located-At,2.0,FIR,29-05-2026
LOC-0034,Senthil Garden Main Street,Location,PER-0310,Mathan Balan,Person,Located-At,1.0,FIR,26-08-2026
LOC-0034,Senthil Garden Main Street,Location,PER-0119,Amudha Kannan,Person,Located-At,2.0,FIR,26-08-2026
LOC-0035,Vennila Park Shopping Complex,Location,PER-0041,Hariharan Palanisamy,Person,Located-At,1.0,FIR,15-04-2025
LOC-0035,Vennila Park Shopping Complex,Location,PER-0120,Vidhya Devi,Person,Located-At,2.0,FIR,15-04-2025
LOC-0035,Vennila Park Shopping Complex,Location,PER-0290,Latha Murugan,Person,Located-At,2.0,FIR,22-10-2025
LOC-0035,Vennila Park Shopping Complex,Location,PER-0112,Eswari Raj,Person,Located-At,1.0,FIR,22-02-2026
LOC-0035,Vennila Park Shopping Complex,Location,PER-0346,Inban Pandian,Person,Located-At,2.0,FIR,22-02-2026
LOC-0036,Vaigai Nagar College Road,Location,PER-0124,Chandran Subramani,Person,Located-At,1.0,FIR,22-04-2025
LOC-0036,Vaigai Nagar College Road,Location,PER-0097,Rajesh Mani,Person,Located-At,2.0,FIR,22-04-2025
LOC-0036,Vaigai Nagar College Road,Location,PER-0002,Inban Selvam,Person,Located-At,1.0,FIR,08-10-2025
LOC-0036,Vaigai Nagar College Road,Location,PER-0027,Sanjay Raj,Person,Located-At,1.0,FIR,08-10-2025
LOC-0037,Sevvanthi Colony Bus Stand Area,Location,PER-0126,Mythili Selvi,Person,Located-At,1.0,FIR,25-04-2025
LOC-0037,Sevvanthi Colony Bus Stand Area,Location,PER-0125,Saranya Murugan,Person,Located-At,1.0,FIR,25-04-2025
LOC-0037,Sevvanthi Colony Bus Stand Area,Location,PER-0352,Yuvaraj Natarajan,Person,Located-At,3.0,FIR,19-03-2026
LOC-0037,Sevvanthi Colony Bus Stand Area,Location,PER-0236,Durga Sekar,Person,Located-At,2.0,FIR,19-03-2026
LOC-0037,Sevvanthi Colony Bus Stand Area,Location,PER-0372,Amudha Sri,Person,Located-At,2.0,FIR,19-04-2026
LOC-0037,Sevvanthi Colony Bus Stand Area,Location,PER-0047,Uma Raj,Person,Located-At,2.0,FIR,03-05-2026
LOC-0037,Sevvanthi Colony Bus Stand Area,Location,PER-0345,Sanjay Anand,Person,Located-At,2.0,FIR,02-06-2026
LOC-0037,Sevvanthi Colony Bus Stand Area,Location,PER-0330,Indhu Sri,Person,Located-At,2.0,FIR,02-06-2026
LOC-0037,Sevvanthi Colony Bus Stand Area,Location,PER-0393,Vidhya Bai,Person,Located-At,2.0,FIR,26-07-2026
LOC-0037,Sevvanthi Colony Bus Stand Area,Location,PER-0395,Udhay Ramasamy,Person,Located-At,2.0,FIR,05-08-2026
LOC-0038,Nallur Puram Market Road,Location,PER-0135,Vasanthi Bai,Person,Located-At,1.0,FIR,02-05-2025
LOC-0038,Nallur Puram Market Road,Location,PER-0134,Deepa Kumari,Person,Located-At,2.0,FIR,02-05-2025
LOC-0038,Nallur Puram Market Road,Location,PER-0060,Madhan Babu,Person,Located-At,1.0,FIR,30-09-2025
LOC-0038,Nallur Puram Market Road,Location,PER-0275,Harish Selvam,Person,Located-At,2.0,FIR,30-09-2025
LOC-0038,Nallur Puram Market Road,Location,PER-0274,Tamilarasan Karuppasamy,Person,Located-At,1.0,FIR,30-09-2025
LOC-0038,Nallur Puram Market Road,Location,PER-0080,Nandha Karuppasamy,Person,Located-At,1.0,FIR,10-10-2025
LOC-0038,Nallur Puram Market Road,Location,PER-0285,Saravanan Gopal,Person,Located-At,2.0,FIR,10-10-2025
LOC-0038,Nallur Puram Market Road,Location,PER-0187,Tamilarasan Palanisamy,Person,Located-At,1.0,FIR,16-05-2026
LOC-0039,Kurinji Puram Railway Station Road,Location,PER-0137,Gunasekar Anand,Person,Located-At,2.0,FIR,08-05-2025
LOC-0039,Kurinji Puram Railway Station Road,Location,PER-0136,Durga Raman,Person,Located-At,4.0,FIR,08-05-2025
LOC-0039,Kurinji Puram Railway Station Road,Location,PER-0145,Tamilselvi Devi,Person,Located-At,2.0,FIR,15-05-2025
LOC-0039,Kurinji Puram Railway Station Road,Location,PER-0042,Rakesh Anand,Person,Located-At,2.0,FIR,24-05-2025
LOC-0039,Kurinji Puram Railway Station Road,Location,PER-0360,Sanjay Palanisamy,Person,Located-At,1.0,FIR,02-05-2026
LOC-0039,Kurinji Puram Railway Station Road,Location,PER-0023,Ganesh Shankar,Person,Located-At,2.0,FIR,19-06-2026
LOC-0039,Kurinji Puram Railway Station Road,Location,PER-0190,Dharani Thangaraj,Person,Located-At,2.0,FIR,19-06-2026
LOC-0039,Kurinji Puram Railway Station Road,Location,PER-0047,Uma Raj,Person,Located-At,2.0,FIR,07-07-2026
LOC-0040,Sevvanthi Puram Industrial Area,Location,PER-0132,Arjun Shankar,Person,Located-At,1.0,FIR,11-05-2025
LOC-0040,Sevvanthi Puram Industrial Area,Location,PER-0115,Nithin Balan,Person,Located-At,2.0,FIR,11-05-2025
LOC-0040,Sevvanthi Puram Industrial Area,Location,PER-0234,Siva Velan,Person,Located-At,2.0,FIR,10-08-2025
LOC-0040,Sevvanthi Puram Industrial Area,Location,PER-0162,Karthik Thangaraj,Person,Located-At,1.0,FIR,12-08-2025
LOC-0040,Sevvanthi Puram Industrial Area,Location,PER-0237,Saravanan Murugan,Person,Located-At,2.0,FIR,12-08-2025
LOC-0041,Selvapuram Puram Main Street,Location,PER-0151,Dharani Gopal,Person,Located-At,2.0,FIR,19-05-2025
LOC-0041,Selvapuram Puram Main Street,Location,PER-0010,Vasanth Gopal,Person,Located-At,1.0,FIR,05-06-2025
LOC-0041,Selvapuram Puram Main Street,Location,PER-0145,Tamilselvi Devi,Person,Located-At,2.0,FIR,05-06-2025
LOC-0041,Selvapuram Puram Main Street,Location,PER-0005,Vignesh Subramani,Person,Located-At,1.0,FIR,26-08-2025
LOC-0041,Selvapuram Puram Main Street,Location,PER-0009,Deviga Murugan,Person,Located-At,2.0,FIR,26-08-2025
LOC-0041,Selvapuram Puram Main Street,Location,PER-0039,Jeeva Natarajan,Person,Located-At,1.0,FIR,29-08-2025
LOC-0041,Selvapuram Puram Main Street,Location,PER-0027,Sanjay Raj,Person,Located-At,2.0,FIR,29-08-2025
LOC-0041,Selvapuram Puram Main Street,Location,PER-0277,Karthik Rajan,Person,Located-At,1.0,FIR,03-10-2025
LOC-0041,Selvapuram Puram Main Street,Location,PER-0276,Harish Subramani,Person,Located-At,2.0,FIR,03-10-2025
LOC-0041,Selvapuram Puram Main Street,Location,PER-0003,Dinesh Prakash,Person,Located-At,1.0,FIR,07-11-2025
LOC-0041,Selvapuram Puram Main Street,Location,PER-0301,Venkat Pandian,Person,Located-At,2.0,FIR,07-11-2025
LOC-0041,Selvapuram Puram Main Street,Location,PER-0067,Logesh Karuppasamy,Person,Located-At,6.0,FIR,09-01-2026
LOC-0041,Selvapuram Puram Main Street,Location,PER-0208,Arun Thangaraj,Person,Located-At,2.0,FIR,09-01-2026
LOC-0041,Selvapuram Puram Main Street,Location,PER-0052,Mathan Raman,Person,Located-At,1.0,FIR,08-01-2026
LOC-0041,Selvapuram Puram Main Street,Location,PER-0332,Vasanthi Ammal,Person,Located-At,2.0,FIR,08-01-2026
LOC-0041,Selvapuram Puram Main Street,Location,PER-0018,Hemanth Murugan,Person,Located-At,2.0,FIR,15-03-2026
LOC-0041,Selvapuram Puram Main Street,Location,PER-0020,Yogesh Raj,Person,Located-At,2.0,FIR,06-04-2026
LOC-0041,Selvapuram Puram Main Street,Location,PER-0352,Yuvaraj Natarajan,Person,Located-At,1.0,FIR,16-04-2026
LOC-0041,Selvapuram Puram Main Street,Location,PER-0148,Kishore Selvam,Person,Located-At,2.0,FIR,16-04-2026
LOC-0041,Selvapuram Puram Main Street,Location,PER-0095,Udhay Anand,Person,Located-At,1.0,FIR,12-04-2026
LOC-0041,Selvapuram Puram Main Street,Location,PER-0371,Bhuvana Kannan,Person,Located-At,2.0,FIR,12-04-2026
LOC-0041,Selvapuram Puram Main Street,Location,PER-0257,Geetha Kumari,Person,Located-At,2.0,FIR,20-04-2026
LOC-0041,Selvapuram Puram Main Street,Location,PER-0184,Prakash Muthu,Person,Located-At,1.0,FIR,22-04-2026
LOC-0041,Selvapuram Puram Main Street,Location,PER-0125,Saranya Murugan,Person,Located-At,2.0,FIR,22-04-2026
LOC-0041,Selvapuram Puram Main Street,Location,PER-0343,Malathi Murugan,Person,Located-At,2.0,FIR,29-04-2026
LOC-0041,Selvapuram Puram Main Street,Location,PER-0353,Divya Sekar,Person,Located-At,2.0,FIR,01-05-2026
LOC-0041,Selvapuram Puram Main Street,Location,PER-0376,Harish Pandian,Person,Located-At,2.0,FIR,09-05-2026
LOC-0042,Oviya Colony Railway Station Road,Location,PER-0155,Hariharan Ramasamy,Person,Located-At,1.0,FIR,20-05-2025
LOC-0042,Oviya Colony Railway Station Road,Location,PER-0123,Karthik Pandian,Person,Located-At,1.0,FIR,20-05-2025
LOC-0042,Oviya Colony Railway Station Road,Location,PER-0047,Uma Raj,Person,Located-At,1.0,FIR,17-07-2025
LOC-0042,Oviya Colony Railway Station Road,Location,PER-0189,Deepak Subramani,Person,Located-At,1.0,FIR,17-07-2025
LOC-0042,Oviya Colony Railway Station Road,Location,PER-0351,Rajesh Chandran,Person,Located-At,2.0,FIR,07-03-2026
LOC-0042,Oviya Colony Railway Station Road,Location,PER-0115,Nithin Balan,Person,Located-At,2.0,FIR,07-03-2026
LOC-0042,Oviya Colony Railway Station Road,Location,PER-0353,Divya Sekar,Person,Located-At,2.0,FIR,20-03-2026
LOC-0042,Oviya Colony Railway Station Road,Location,PER-0026,Hariharan Subramani,Person,Located-At,1.0,FIR,11-06-2026
LOC-0042,Oviya Colony Railway Station Road,Location,PER-0382,Gayathri Krishnan,Person,Located-At,2.0,FIR,11-06-2026
LOC-0042,Oviya Colony Railway Station Road,Location,PER-0360,Sanjay Palanisamy,Person,Located-At,1.0,FIR,11-07-2026
LOC-0042,Oviya Colony Railway Station Road,Location,PER-0315,Chithra Raman,Person,Located-At,2.0,FIR,11-07-2026
LOC-0043,Roja Nagar Residential Colony,Location,PER-0170,Janani Devi,Person,Located-At,1.0,FIR,09-06-2025
LOC-0043,Roja Nagar Residential Colony,Location,PER-0169,Anitha Raj,Person,Located-At,3.0,FIR,09-06-2025
LOC-0043,Roja Nagar Residential Colony,Location,PER-0168,Mohan Gopal,Person,Located-At,1.0,FIR,09-06-2025
LOC-0043,Roja Nagar Residential Colony,Location,PER-0206,Mathan Velan,Person,Located-At,6.0,FIR,12-07-2025
LOC-0043,Roja Nagar Residential Colony,Location,PER-0205,Ajith Sekar,Person,Located-At,2.0,FIR,12-07-2025
LOC-0043,Roja Nagar Residential Colony,Location,PER-0212,Rajesh Karuppasamy,Person,Located-At,3.0,FIR,02-08-2025
LOC-0043,Roja Nagar Residential Colony,Location,PER-0229,Kannan Muthu,Person,Located-At,2.0,FIR,02-08-2025
LOC-0043,Roja Nagar Residential Colony,Location,PER-0246,Kishore Pandian,Person,Located-At,2.0,FIR,25-08-2025
LOC-0043,Roja Nagar Residential Colony,Location,PER-0217,Sathish Subramani,Person,Located-At,1.0,FIR,08-09-2025
LOC-0043,Roja Nagar Residential Colony,Location,PER-0152,Pavithra Bai,Person,Located-At,2.0,FIR,05-10-2025
LOC-0043,Roja Nagar Residential Colony,Location,PER-0165,Rajesh Rajan,Person,Located-At,2.0,FIR,07-10-2025
LOC-0043,Roja Nagar Residential Colony,Location,PER-0323,Meena Murugan,Person,Located-At,1.0,FIR,23-12-2025
LOC-0043,Roja Nagar Residential Colony,Location,PER-0319,Babu Murugan,Person,Located-At,1.0,FIR,23-12-2025
LOC-0043,Roja Nagar Residential Colony,Location,PER-0333,Kishore Chandran,Person,Located-At,2.0,FIR,10-01-2026
LOC-0043,Roja Nagar Residential Colony,Location,PER-0317,Chithra Devi,Person,Located-At,2.0,FIR,22-01-2026
LOC-0043,Roja Nagar Residential Colony,Location,PER-0209,Kishore Murugan,Person,Located-At,2.0,FIR,05-02-2026
LOC-0044,Vennila Puram Shopping Complex,Location,PER-0117,Tamilarasan Muthu,Person,Located-At,1.0,FIR,09-06-2025
LOC-0044,Vennila Puram Shopping Complex,Location,PER-0172,Arjun Pandian,Person,Located-At,2.0,FIR,09-06-2025
LOC-0044,Vennila Puram Shopping Complex,Location,PER-0175,Sathish Sundaram,Person,Located-At,2.0,FIR,10-06-2025
LOC-0044,Vennila Puram Shopping Complex,Location,PER-0174,Vasanth Raman,Person,Located-At,2.0,FIR,10-06-2025
LOC-0044,Vennila Puram Shopping Complex,Location,PER-0216,Kalaiselvi Raman,Person,Located-At,2.0,FIR,25-07-2025
LOC-0044,Vennila Puram Shopping Complex,Location,PER-0183,Venkat Palanisamy,Person,Located-At,1.0,FIR,27-09-2025
LOC-0044,Vennila Puram Shopping Complex,Location,PER-0273,Lakshmi Raman,Person,Located-At,2.0,FIR,27-09-2025
LOC-0044,Vennila Puram Shopping Complex,Location,PER-0153,Sathish Kumar,Person,Located-At,2.0,FIR,28-09-2025
LOC-0044,Vennila Puram Shopping Complex,Location,PER-0289,Bhuvana Raman,Person,Located-At,2.0,FIR,21-10-2025
LOC-0044,Vennila Puram Shopping Complex,Location,PER-0277,Karthik Rajan,Person,Located-At,1.0,FIR,16-12-2025
LOC-0044,Vennila Puram Shopping Complex,Location,PER-0318,Harish Anand,Person,Located-At,2.0,FIR,16-12-2025
LOC-0045,Mangai Colony Railway Station Road,Location,PER-0162,Karthik Thangaraj,Person,Located-At,1.0,FIR,14-06-2025
LOC-0045,Mangai Colony Railway Station Road,Location,PER-0176,Jagan Shankar,Person,Located-At,2.0,FIR,14-06-2025
LOC-0045,Mangai Colony Railway Station Road,Location,PER-0242,Ganesh Selvam,Person,Located-At,1.0,FIR,16-08-2025
LOC-0045,Mangai Colony Railway Station Road,Location,PER-0013,Ramya Bai,Person,Located-At,2.0,FIR,16-08-2025
LOC-0046,Nila Puram Main Street,Location,PER-0181,Abirami Raj,Person,Located-At,3.0,FIR,17-06-2025
LOC-0046,Nila Puram Main Street,Location,PER-0180,Sangeetha Sri,Person,Located-At,2.0,FIR,17-06-2025
LOC-0046,Nila Puram Main Street,Location,PER-0187,Tamilarasan Palanisamy,Person,Located-At,2.0,FIR,25-06-2025
LOC-0046,Nila Puram Main Street,Location,PER-0193,Vignesh Thangaraj,Person,Located-At,1.0,FIR,28-06-2025
LOC-0046,Nila Puram Main Street,Location,PER-0192,Dinesh Raj,Person,Located-At,2.0,FIR,28-06-2025
LOC-0046,Nila Puram Main Street,Location,PER-0252,Kalaiselvi Sri,Person,Located-At,2.0,FIR,31-08-2025
LOC-0047,Mynthan Colony Main Street,Location,PER-0183,Venkat Palanisamy,Person,Located-At,2.0,FIR,18-06-2025
LOC-0047,Mynthan Colony Main Street,Location,PER-0182,Saravanan Sundaram,Person,Located-At,2.0,FIR,18-06-2025
LOC-0047,Mynthan Colony Main Street,Location,PER-0213,Hariharan Prakash,Person,Located-At,1.0,FIR,19-07-2025
LOC-0047,Mynthan Colony Main Street,Location,PER-0157,Ganesh Natarajan,Person,Located-At,2.0,FIR,19-07-2025
LOC-0047,Mynthan Colony Main Street,Location,PER-0175,Sathish Sundaram,Person,Located-At,1.0,FIR,27-07-2025
LOC-0047,Mynthan Colony Main Street,Location,PER-0083,Babu Selvam,Person,Located-At,2.0,FIR,27-07-2025
LOC-0047,Mynthan Colony Main Street,Location,PER-0244,Thirumal Velan,Person,Located-At,2.0,FIR,22-08-2025
LOC-0047,Mynthan Colony Main Street,Location,PER-0115,Nithin Balan,Person,Located-At,2.0,FIR,22-08-2025
LOC-0047,Mynthan Colony Main Street,Location,PER-0105,Yogesh Arumugam,Person,Located-At,2.0,FIR,27-08-2025
LOC-0047,Mynthan Colony Main Street,Location,PER-0033,Vignesh Natarajan,Person,Located-At,1.0,FIR,16-09-2025
LOC-0047,Mynthan Colony Main Street,Location,PER-0265,Harini Sri,Person,Located-At,2.0,FIR,16-09-2025
LOC-0047,Mynthan Colony Main Street,Location,PER-0178,Saravanan Anand,Person,Located-At,1.0,FIR,23-10-2025
LOC-0047,Mynthan Colony Main Street,Location,PER-0246,Kishore Pandian,Person,Located-At,2.0,FIR,23-10-2025
LOC-0047,Mynthan Colony Main Street,Location,PER-0028,Selvam Rajan,Person,Located-At,1.0,FIR,18-10-2025
LOC-0047,Mynthan Colony Main Street,Location,PER-0055,Arun Natarajan,Person,Located-At,2.0,FIR,18-10-2025
LOC-0047,Mynthan Colony Main Street,Location,PER-0313,Ezhilan Rajan,Person,Located-At,1.0,FIR,03-12-2025
LOC-0047,Mynthan Colony Main Street,Location,PER-0237,Saravanan Murugan,Person,Located-At,2.0,FIR,03-12-2025
LOC-0047,Mynthan Colony Main Street,Location,PER-0274,Tamilarasan Karuppasamy,Person,Located-At,2.0,FIR,19-01-2026
LOC-0047,Mynthan Colony Main Street,Location,PER-0339,Revathi Bai,Person,Located-At,2.0,FIR,10-02-2026
LOC-0047,Mynthan Colony Main Street,Location,PER-0277,Karthik Rajan,Person,Located-At,2.0,FIR,14-03-2026
LOC-0047,Mynthan Colony Main Street,Location,PER-0188,Meena Bai,Person,Located-At,2.0,FIR,14-03-2026
LOC-0047,Mynthan Colony Main Street,Location,PER-0353,Divya Sekar,Person,Located-At,2.0,FIR,23-03-2026
LOC-0047,Mynthan Colony Main Street,Location,PER-0060,Madhan Babu,Person,Located-At,2.0,FIR,24-03-2026
LOC-0047,Mynthan Colony Main Street,Location,PER-0358,Venkat Kumar,Person,Located-At,2.0,FIR,24-03-2026
LOC-0047,Mynthan Colony Main Street,Location,PER-0379,Gopal Mani,Person,Located-At,1.0,FIR,27-05-2026
LOC-0047,Mynthan Colony Main Street,Location,PER-0144,Padmini Bai,Person,Located-At,2.0,FIR,27-05-2026
LOC-0047,Mynthan Colony Main Street,Location,PER-0355,Ajith Nathan,Person,Located-At,1.0,FIR,16-06-2026
LOC-0047,Mynthan Colony Main Street,Location,PER-0145,Tamilselvi Devi,Person,Located-At,2.0,FIR,16-06-2026
LOC-0047,Mynthan Colony Main Street,Location,PER-0389,Babu Krishnan,Person,Located-At,1.0,FIR,05-07-2026
LOC-0047,Mynthan Colony Main Street,Location,PER-0388,Jothi Selvam,Person,Located-At,1.0,FIR,05-07-2026
LOC-0047,Mynthan Colony Main Street,Location,PER-0009,Deviga Murugan,Person,Located-At,1.0,FIR,05-07-2026
LOC-0047,Mynthan Colony Main Street,Location,PER-0394,Hemanth Nathan,Person,Located-At,2.0,FIR,26-07-2026
LOC-0048,Poongodi Layout Residential Colony,Location,PER-0198,Mohan Sekar,Person,Located-At,1.0,FIR,01-07-2025
LOC-0048,Poongodi Layout Residential Colony,Location,PER-0047,Uma Raj,Person,Located-At,2.0,FIR,01-07-2025
LOC-0048,Poongodi Layout Residential Colony,Location,PER-0224,Jothi Selvi,Person,Located-At,1.0,FIR,02-08-2025
LOC-0048,Poongodi Layout Residential Colony,Location,PER-0223,Gunasekar Murugan,Person,Located-At,1.0,FIR,02-08-2025
LOC-0048,Poongodi Layout Residential Colony,Location,PER-0170,Janani Devi,Person,Located-At,1.0,FIR,07-08-2025
LOC-0048,Poongodi Layout Residential Colony,Location,PER-0071,Nithin Thangaraj,Person,Located-At,2.0,FIR,07-08-2025
LOC-0048,Poongodi Layout Residential Colony,Location,PER-0203,Karthik Velan,Person,Located-At,3.0,FIR,06-08-2025
LOC-0048,Poongodi Layout Residential Colony,Location,PER-0231,Indhu Murugan,Person,Located-At,2.0,FIR,06-08-2025
LOC-0048,Poongodi Layout Residential Colony,Location,PER-0091,Vignesh Balan,Person,Located-At,2.0,FIR,07-08-2025
LOC-0048,Poongodi Layout Residential Colony,Location,PER-0232,Yogesh Raman,Person,Located-At,2.0,FIR,07-08-2025
LOC-0048,Poongodi Layout Residential Colony,Location,PER-0241,Malathi Ammal,Person,Located-At,2.0,FIR,16-08-2025
LOC-0048,Poongodi Layout Residential Colony,Location,PER-0122,Abirami Sri,Person,Located-At,1.0,FIR,05-09-2025
LOC-0048,Poongodi Layout Residential Colony,Location,PER-0256,Bharathi Raman,Person,Located-At,1.0,FIR,05-09-2025
LOC-0048,Poongodi Layout Residential Colony,Location,PER-0263,Naveen Mani,Person,Located-At,2.0,FIR,10-09-2025
LOC-0048,Poongodi Layout Residential Colony,Location,PER-0259,Chithra Kannan,Person,Located-At,1.0,FIR,22-09-2025
LOC-0048,Poongodi Layout Residential Colony,Location,PER-0088,Naveen Natarajan,Person,Located-At,2.0,FIR,22-09-2025
LOC-0048,Poongodi Layout Residential Colony,Location,PER-0279,Rakesh Muthu,Person,Located-At,1.0,FIR,04-10-2025
LOC-0048,Poongodi Layout Residential Colony,Location,PER-0278,Lavanya Raj,Person,Located-At,2.0,FIR,04-10-2025
LOC-0048,Poongodi Layout Residential Colony,Location,PER-0258,Anand Palanisamy,Person,Located-At,1.0,FIR,16-06-2026
LOC-0048,Poongodi Layout Residential Colony,Location,PER-0274,Tamilarasan Karuppasamy,Person,Located-At,1.0,FIR,16-06-2026
LOC-0048,Poongodi Layout Residential Colony,Location,PER-0383,Jothi Murugan,Person,Located-At,1.0,FIR,16-06-2026
LOC-0048,Poongodi Layout Residential Colony,Location,PER-0178,Saravanan Anand,Person,Located-At,1.0,FIR,05-07-2026
LOC-0048,Poongodi Layout Residential Colony,Location,PER-0042,Rakesh Anand,Person,Located-At,2.0,FIR,05-07-2026
LOC-0049,Kaveri Park Bus Stand Area,Location,PER-0200,Dharani Shankar,Person,Located-At,1.0,FIR,07-07-2025
LOC-0049,Kaveri Park Bus Stand Area,Location,PER-0199,Sudha Rani,Person,Located-At,1.0,FIR,07-07-2025
LOC-0049,Kaveri Park Bus Stand Area,Location,PER-0235,Nithin Subramani,Person,Located-At,1.0,FIR,10-08-2025
LOC-0049,Kaveri Park Bus Stand Area,Location,PER-0042,Rakesh Anand,Person,Located-At,2.0,FIR,10-08-2025
LOC-0049,Kaveri Park Bus Stand Area,Location,PER-0115,Nithin Balan,Person,Located-At,2.0,FIR,25-08-2025
LOC-0049,Kaveri Park Bus Stand Area,Location,PER-0210,Harish Mani,Person,Located-At,2.0,FIR,20-03-2026
LOC-0050,Amudham Layout Residential Colony,Location,PER-0073,Gokul Sundaram,Person,Located-At,1.0,FIR,15-07-2025
LOC-0050,Amudham Layout Residential Colony,Location,PER-0169,Anitha Raj,Person,Located-At,1.0,FIR,15-07-2025
LOC-0050,Amudham Layout Residential Colony,Location,PER-0032,Arun Prakash,Person,Located-At,1.0,FIR,15-07-2025
LOC-0050,Amudham Layout Residential Colony,Location,PER-0299,Hemanth Raj,Person,Located-At,1.0,FIR,25-10-2025
LOC-0050,Amudham Layout Residential Colony,Location,PER-0200,Dharani Shankar,Person,Located-At,2.0,FIR,25-10-2025
LOC-0050,Amudham Layout Residential Colony,Location,PER-0190,Dharani Thangaraj,Person,Located-At,2.0,FIR,29-10-2025
LOC-0050,Amudham Layout Residential Colony,Location,PER-0128,Durga Bai,Person,Located-At,2.0,FIR,14-01-2026
LOC-0050,Amudham Layout Residential Colony,Location,PER-0117,Tamilarasan Muthu,Person,Located-At,1.0,FIR,12-02-2026
LOC-0050,Amudham Layout Residential Colony,Location,PER-0341,Madhan Nathan,Person,Located-At,2.0,FIR,12-02-2026
LOC-0050,Amudham Layout Residential Colony,Location,PER-0287,Venkat Prakash,Person,Located-At,1.0,FIR,23-08-2026
LOC-0050,Amudham Layout Residential Colony,Location,PER-0001,Lavanya Ammal,Person,Located-At,2.0,FIR,23-08-2026
LOC-0051,Kaveri Nagar Apartment Complex,Location,PER-0212,Rajesh Karuppasamy,Person,Located-At,1.0,FIR,19-07-2025
LOC-0051,Kaveri Nagar Apartment Complex,Location,PER-0115,Nithin Balan,Person,Located-At,2.0,FIR,19-07-2025
LOC-0051,Kaveri Nagar Apartment Complex,Location,PER-0206,Mathan Velan,Person,Located-At,1.0,FIR,03-10-2025
LOC-0051,Kaveri Nagar Apartment Complex,Location,PER-0281,Ganesh Subramani,Person,Located-At,2.0,FIR,03-10-2025
LOC-0052,Mynthan Layout Shopping Complex,Location,PER-0193,Vignesh Thangaraj,Person,Located-At,1.0,FIR,20-07-2025
LOC-0052,Mynthan Layout Shopping Complex,Location,PER-0125,Saranya Murugan,Person,Located-At,2.0,FIR,20-07-2025
LOC-0053,Iniyan Puram College Road,Location,PER-0076,Hariharan Babu,Person,Located-At,2.0,FIR,27-07-2025
LOC-0053,Iniyan Puram College Road,Location,PER-0196,Kannan Thangaraj,Person,Located-At,2.0,FIR,27-07-2025
LOC-0053,Iniyan Puram College Road,Location,PER-0007,Babu Rajan,Person,Located-At,2.0,FIR,16-08-2025
LOC-0053,Iniyan Puram College Road,Location,PER-0294,Chithra Ammal,Person,Located-At,1.0,FIR,07-02-2026
LOC-0053,Iniyan Puram College Road,Location,PER-0001,Lavanya Ammal,Person,Located-At,1.0,FIR,07-02-2026
LOC-0053,Iniyan Puram College Road,Location,PER-0083,Babu Selvam,Person,Located-At,2.0,FIR,12-02-2026
LOC-0053,Iniyan Puram College Road,Location,PER-0365,Karthik Shankar,Person,Located-At,1.0,FIR,11-04-2026
LOC-0053,Iniyan Puram College Road,Location,PER-0269,Selvam Natarajan,Person,Located-At,2.0,FIR,11-04-2026
LOC-0053,Iniyan Puram College Road,Location,PER-0253,Harish Murugan,Person,Located-At,1.0,FIR,02-07-2026
LOC-0053,Iniyan Puram College Road,Location,PER-0177,Inban Balan,Person,Located-At,2.0,FIR,02-07-2026
LOC-0053,Iniyan Puram College Road,Location,PER-0280,Sanjay Gopal,Person,Located-At,1.0,FIR,21-07-2026
LOC-0053,Iniyan Puram College Road,Location,PER-0027,Sanjay Raj,Person,Located-At,2.0,FIR,21-07-2026
LOC-0054,Vaigai Layout Market Road,Location,PER-0233,Sanjay Prakash,Person,Located-At,2.0,FIR,10-08-2025
LOC-0054,Vaigai Layout Market Road,Location,PER-0243,Bharath Selvam,Person,Located-At,2.0,FIR,19-08-2025
LOC-0054,Vaigai Layout Market Road,Location,PER-0004,Thirumal Babu,Person,Located-At,2.0,FIR,19-08-2025
LOC-0054,Vaigai Layout Market Road,Location,PER-0259,Chithra Kannan,Person,Located-At,5.0,FIR,06-09-2025
LOC-0054,Vaigai Layout Market Road,Location,PER-0025,Bhuvana Bai,Person,Located-At,2.0,FIR,06-09-2025
LOC-0054,Vaigai Layout Market Road,Location,PER-0179,Jagan Arumugam,Person,Located-At,2.0,FIR,04-09-2025
LOC-0054,Vaigai Layout Market Road,Location,PER-0068,Jagan Gopal,Person,Located-At,2.0,FIR,03-10-2025
LOC-0054,Vaigai Layout Market Road,Location,PER-0282,Yuvaraj Anand,Person,Located-At,2.0,FIR,10-10-2025
LOC-0054,Vaigai Layout Market Road,Location,PER-0203,Karthik Velan,Person,Located-At,1.0,FIR,22-10-2025
LOC-0054,Vaigai Layout Market Road,Location,PER-0027,Sanjay Raj,Person,Located-At,2.0,FIR,22-10-2025
LOC-0054,Vaigai Layout Market Road,Location,PER-0300,Logesh Subramani,Person,Located-At,2.0,FIR,01-11-2025
LOC-0054,Vaigai Layout Market Road,Location,PER-0187,Tamilarasan Palanisamy,Person,Located-At,1.0,FIR,01-11-2025
LOC-0054,Vaigai Layout Market Road,Location,PER-0286,Gopal Gopal,Person,Located-At,1.0,FIR,01-11-2025
LOC-0054,Vaigai Layout Market Road,Location,PER-0081,Dinesh Nathan,Person,Located-At,2.0,FIR,13-11-2025
LOC-0054,Vaigai Layout Market Road,Location,PER-0312,Deepa Devi,Person,Located-At,2.0,FIR,02-12-2025
LOC-0054,Vaigai Layout Market Road,Location,PER-0289,Bhuvana Raman,Person,Located-At,2.0,FIR,29-11-2025
LOC-0054,Vaigai Layout Market Road,Location,PER-0048,Murugan Sundaram,Person,Located-At,1.0,FIR,23-12-2025
LOC-0054,Vaigai Layout Market Road,Location,PER-0307,Deviga Krishnan,Person,Located-At,2.0,FIR,23-12-2025
LOC-0054,Vaigai Layout Market Road,Location,PER-0258,Anand Palanisamy,Person,Located-At,3.0,FIR,08-06-2026
LOC-0054,Vaigai Layout Market Road,Location,PER-0174,Vasanth Raman,Person,Located-At,2.0,FIR,08-06-2026
LOC-0054,Vaigai Layout Market Road,Location,PER-0202,Saravanan Palanisamy,Person,Located-At,2.0,FIR,18-07-2026
LOC-0054,Vaigai Layout Market Road,Location,PER-0054,Vasanth Chandran,Person,Located-At,2.0,FIR,28-07-2026
LOC-0055,Sevvanthi Garden College Road,Location,PER-0117,Tamilarasan Muthu,Person,Located-At,1.0,FIR,05-08-2025
LOC-0055,Sevvanthi Garden College Road,Location,PER-0197,Thirumal Sekar,Person,Located-At,2.0,FIR,05-08-2025
LOC-0056,Nila Park Industrial Area,Location,PER-0227,Ezhilan Ramasamy,Person,Located-At,1.0,FIR,25-08-2025
LOC-0056,Nila Park Industrial Area,Location,PER-0215,Arjun Karuppasamy,Person,Located-At,2.0,FIR,25-08-2025
LOC-0056,Nila Park Industrial Area,Location,PER-0357,Vijay Raman,Person,Located-At,2.0,FIR,23-03-2026
LOC-0056,Nila Park Industrial Area,Location,PER-0074,Padmini Raj,Person,Located-At,2.0,FIR,23-03-2026
LOC-0056,Nila Park Industrial Area,Location,PER-0037,Elango Balan,Person,Located-At,2.0,FIR,24-06-2026
LOC-0057,Palar Layout Market Road,Location,PER-0206,Mathan Velan,Person,Located-At,1.0,FIR,24-08-2025
LOC-0057,Palar Layout Market Road,Location,PER-0169,Anitha Raj,Person,Located-At,2.0,FIR,24-08-2025
LOC-0057,Palar Layout Market Road,Location,PER-0235,Nithin Subramani,Person,Located-At,1.0,FIR,26-12-2025
LOC-0057,Palar Layout Market Road,Location,PER-0036,Senthil Rajan,Person,Located-At,2.0,FIR,26-12-2025
LOC-0057,Palar Layout Market Road,Location,PER-0222,Anand Chandran,Person,Located-At,2.0,FIR,12-01-2026
LOC-0058,Neithal Colony Residential Colony,Location,PER-0112,Eswari Raj,Person,Located-At,1.0,FIR,30-08-2025
LOC-0058,Neithal Colony Residential Colony,Location,PER-0251,Kishore Velan,Person,Located-At,2.0,FIR,30-08-2025
LOC-0058,Neithal Colony Residential Colony,Location,PER-0095,Udhay Anand,Person,Located-At,1.0,FIR,29-05-2026
LOC-0058,Neithal Colony Residential Colony,Location,PER-0353,Divya Sekar,Person,Located-At,1.0,FIR,29-05-2026
LOC-0058,Neithal Colony Residential Colony,Location,PER-0118,Dharani Prakash,Person,Located-At,1.0,FIR,29-05-2026
LOC-0059,Anbu Colony Highway Junction,Location,PER-0080,Nandha Karuppasamy,Person,Located-At,1.0,FIR,06-09-2025
LOC-0059,Anbu Colony Highway Junction,Location,PER-0257,Geetha Kumari,Person,Located-At,2.0,FIR,06-09-2025
LOC-0059,Anbu Colony Highway Junction,Location,PER-0112,Eswari Raj,Person,Located-At,1.0,FIR,20-01-2026
LOC-0059,Anbu Colony Highway Junction,Location,PER-0163,Rakesh Krishnan,Person,Located-At,1.0,FIR,20-01-2026
LOC-0059,Anbu Colony Highway Junction,Location,PER-0056,Bharath Prakash,Person,Located-At,1.0,FIR,20-01-2026
LOC-0060,Ponni Nagar College Road,Location,PER-0203,Karthik Velan,Person,Located-At,1.0,FIR,08-09-2025
LOC-0060,Ponni Nagar College Road,Location,PER-0145,Tamilselvi Devi,Person,Located-At,2.0,FIR,08-09-2025
LOC-0060,Ponni Nagar College Road,Location,PER-0108,Murugan Karuppasamy,Person,Located-At,1.0,FIR,22-10-2025
LOC-0060,Ponni Nagar College Road,Location,PER-0200,Dharani Shankar,Person,Located-At,2.0,FIR,22-10-2025
LOC-0060,Ponni Nagar College Road,Location,PER-0243,Bharath Selvam,Person,Located-At,1.0,FIR,23-12-2025
LOC-0060,Ponni Nagar College Road,Location,PER-0330,Indhu Sri,Person,Located-At,2.0,FIR,23-12-2025
LOC-0061,Mangai Puram Railway Station Road,Location,PER-0187,Tamilarasan Palanisamy,Person,Located-At,1.0,FIR,11-09-2025
LOC-0061,Mangai Puram Railway Station Road,Location,PER-0250,Vasanthi Kannan,Person,Located-At,1.0,FIR,11-09-2025
LOC-0061,Mangai Puram Railway Station Road,Location,PER-0048,Murugan Sundaram,Person,Located-At,1.0,FIR,22-09-2025
LOC-0061,Mangai Puram Railway Station Road,Location,PER-0271,Kumaran Subramani,Person,Located-At,1.0,FIR,22-09-2025
LOC-0061,Mangai Puram Railway Station Road,Location,PER-0056,Bharath Prakash,Person,Located-At,1.0,FIR,22-09-2025
LOC-0062,Nallur Nagar Main Street,Location,PER-0181,Abirami Raj,Person,Located-At,1.0,FIR,12-09-2025
LOC-0062,Nallur Nagar Main Street,Location,PER-0264,Gayathri Raman,Person,Located-At,4.0,FIR,12-09-2025
LOC-0062,Nallur Nagar Main Street,Location,PER-0227,Ezhilan Ramasamy,Person,Located-At,1.0,FIR,18-12-2025
LOC-0062,Nallur Nagar Main Street,Location,PER-0117,Tamilarasan Muthu,Person,Located-At,1.0,FIR,22-12-2025
LOC-0062,Nallur Nagar Main Street,Location,PER-0037,Elango Balan,Person,Located-At,2.0,FIR,22-12-2025
LOC-0062,Nallur Nagar Main Street,Location,PER-0356,Senthil Natarajan,Person,Located-At,3.0,FIR,17-03-2026
LOC-0062,Nallur Nagar Main Street,Location,PER-0001,Lavanya Ammal,Person,Located-At,2.0,FIR,17-03-2026
LOC-0062,Nallur Nagar Main Street,Location,PER-0253,Harish Murugan,Person,Located-At,1.0,FIR,16-03-2026
LOC-0062,Nallur Nagar Main Street,Location,PER-0275,Harish Selvam,Person,Located-At,2.0,FIR,16-03-2026
LOC-0062,Nallur Nagar Main Street,Location,PER-0366,Deepak Muthu,Person,Located-At,2.0,FIR,09-04-2026
LOC-0062,Nallur Nagar Main Street,Location,PER-0385,Praveen Muthu,Person,Located-At,2.0,FIR,25-06-2026
LOC-0062,Nallur Nagar Main Street,Location,PER-0093,Vasanth Mani,Person,Located-At,1.0,FIR,08-07-2026
LOC-0062,Nallur Nagar Main Street,Location,PER-0392,Buvaneswari Devi,Person,Located-At,2.0,FIR,08-07-2026
LOC-0063,Vetri Colony Industrial Area,Location,PER-0113,Jagan Raman,Person,Located-At,1.0,FIR,18-09-2025
LOC-0063,Vetri Colony Industrial Area,Location,PER-0269,Selvam Natarajan,Person,Located-At,2.0,FIR,18-09-2025
LOC-0063,Vetri Colony Industrial Area,Location,PER-0124,Chandran Subramani,Person,Located-At,1.0,FIR,13-11-2025
LOC-0063,Vetri Colony Industrial Area,Location,PER-0072,Buvaneswari Kannan,Person,Located-At,2.0,FIR,13-11-2025
LOC-0063,Vetri Colony Industrial Area,Location,PER-0311,Meena Krishnan,Person,Located-At,2.0,FIR,25-11-2025
LOC-0063,Vetri Colony Industrial Area,Location,PER-0317,Chithra Devi,Person,Located-At,2.0,FIR,04-12-2025
LOC-0064,Alli Park Shopping Complex,Location,PER-0036,Senthil Rajan,Person,Located-At,1.0,FIR,26-09-2025
LOC-0064,Alli Park Shopping Complex,Location,PER-0139,Logesh Palanisamy,Person,Located-At,1.0,FIR,26-09-2025
LOC-0064,Alli Park Shopping Complex,Location,PER-0043,Arun Babu,Person,Located-At,1.0,FIR,27-10-2025
LOC-0064,Alli Park Shopping Complex,Location,PER-0294,Chithra Ammal,Person,Located-At,2.0,FIR,27-10-2025
LOC-0064,Alli Park Shopping Complex,Location,PER-0266,Bharath Gopal,Person,Located-At,2.0,FIR,05-11-2025
LOC-0064,Alli Park Shopping Complex,Location,PER-0005,Vignesh Subramani,Person,Located-At,1.0,FIR,21-07-2026
LOC-0064,Alli Park Shopping Complex,Location,PER-0301,Venkat Pandian,Person,Located-At,2.0,FIR,21-07-2026
LOC-0065,Oviya Puram Parking Area,Location,PER-0178,Saravanan Anand,Person,Located-At,1.0,FIR,02-10-2025
LOC-0065,Oviya Puram Parking Area,Location,PER-0123,Karthik Pandian,Person,Located-At,2.0,FIR,02-10-2025
LOC-0066,Iniyan Colony Apartment Complex,Location,PER-0170,Janani Devi,Person,Located-At,1.0,FIR,18-10-2025
LOC-0066,Iniyan Colony Apartment Complex,Location,PER-0083,Babu Selvam,Person,Located-At,2.0,FIR,18-10-2025
LOC-0066,Iniyan Colony Apartment Complex,Location,PER-0072,Buvaneswari Kannan,Person,Located-At,2.0,FIR,30-05-2026
LOC-0066,Iniyan Colony Apartment Complex,Location,PER-0183,Venkat Palanisamy,Person,Located-At,1.0,FIR,25-08-2026
LOC-0066,Iniyan Colony Apartment Complex,Location,PER-0332,Vasanthi Ammal,Person,Located-At,2.0,FIR,25-08-2026
LOC-0066,Iniyan Colony Apartment Complex,Location,PER-0373,Anand Muthu,Person,Located-At,1.0,FIR,04-09-2026
LOC-0066,Iniyan Colony Apartment Complex,Location,PER-0399,Praveen Shankar,Person,Located-At,2.0,FIR,04-09-2026
LOC-0067,Vetri Layout Industrial Area,Location,PER-0284,Kishore Arumugam,Person,Located-At,1.0,FIR,25-10-2025
LOC-0067,Vetri Layout Industrial Area,Location,PER-0097,Rajesh Mani,Person,Located-At,2.0,FIR,25-10-2025
LOC-0067,Vetri Layout Industrial Area,Location,PER-0085,Madhan Murugan,Person,Located-At,2.0,FIR,21-12-2025
LOC-0067,Vetri Layout Industrial Area,Location,PER-0319,Babu Murugan,Person,Located-At,2.0,FIR,21-12-2025
LOC-0067,Vetri Layout Industrial Area,Location,PER-0120,Vidhya Devi,Person,Located-At,2.0,FIR,08-01-2026
LOC-0067,Vetri Layout Industrial Area,Location,PER-0172,Arjun Pandian,Person,Located-At,2.0,FIR,17-02-2026
LOC-0067,Vetri Layout Industrial Area,Location,PER-0169,Anitha Raj,Person,Located-At,3.0,FIR,18-02-2026
LOC-0067,Vetri Layout Industrial Area,Location,PER-0023,Ganesh Shankar,Person,Located-At,1.0,FIR,17-04-2026
LOC-0067,Vetri Layout Industrial Area,Location,PER-0226,Buvaneswari Sri,Person,Located-At,1.0,FIR,17-04-2026
LOC-0067,Vetri Layout Industrial Area,Location,PER-0360,Sanjay Palanisamy,Person,Located-At,1.0,FIR,26-06-2026
LOC-0067,Vetri Layout Industrial Area,Location,PER-0189,Deepak Subramani,Person,Located-At,1.0,FIR,26-06-2026
LOC-0067,Vetri Layout Industrial Area,Location,PER-0216,Kalaiselvi Raman,Person,Located-At,1.0,FIR,26-06-2026
LOC-0067,Vetri Layout Industrial Area,Location,PER-0247,Elango Shankar,Person,Located-At,1.0,FIR,08-08-2026
LOC-0067,Vetri Layout Industrial Area,Location,PER-0214,Dharani Anand,Person,Located-At,2.0,FIR,08-08-2026
LOC-0068,Tamarai Garden Parking Area,Location,PER-0005,Vignesh Subramani,Person,Located-At,1.0,FIR,27-10-2025
LOC-0068,Tamarai Garden Parking Area,Location,PER-0295,Gopal Karuppasamy,Person,Located-At,2.0,FIR,27-10-2025
LOC-0068,Tamarai Garden Parking Area,Location,PER-0043,Arun Babu,Person,Located-At,2.0,FIR,21-01-2026
LOC-0068,Tamarai Garden Parking Area,Location,PER-0011,Meena Ammal,Person,Located-At,2.0,FIR,21-01-2026
LOC-0068,Tamarai Garden Parking Area,Location,PER-0276,Harish Subramani,Person,Located-At,2.0,FIR,21-01-2026
LOC-0069,Neithal Park Highway Junction,Location,PER-0141,Senthil Krishnan,Person,Located-At,1.0,FIR,12-11-2025
LOC-0069,Neithal Park Highway Junction,Location,PER-0305,Sudha Bai,Person,Located-At,2.0,FIR,12-11-2025
LOC-0070,Kayal Puram Highway Junction,Location,PER-0314,Gopal Natarajan,Person,Located-At,1.0,FIR,03-12-2025
LOC-0070,Kayal Puram Highway Junction,Location,PER-0196,Kannan Thangaraj,Person,Located-At,2.0,FIR,03-12-2025
LOC-0071,Alli Colony College Road,Location,PER-0073,Gokul Sundaram,Person,Located-At,1.0,FIR,26-12-2025
LOC-0071,Alli Colony College Road,Location,PER-0245,Senthil Prakash,Person,Located-At,2.0,FIR,26-12-2025
LOC-0071,Alli Colony College Road,Location,PER-0067,Logesh Karuppasamy,Person,Located-At,2.0,FIR,26-01-2026
LOC-0071,Alli Colony College Road,Location,PER-0088,Naveen Natarajan,Person,Located-At,2.0,FIR,26-01-2026
LOC-0071,Alli Colony College Road,Location,PER-0184,Prakash Muthu,Person,Located-At,1.0,FIR,09-02-2026
LOC-0071,Alli Colony College Road,Location,PER-0338,Madhan Rajan,Person,Located-At,2.0,FIR,09-02-2026
LOC-0071,Alli Colony College Road,Location,PER-0010,Vasanth Gopal,Person,Located-At,1.0,FIR,14-03-2026
LOC-0071,Alli Colony College Road,Location,PER-0263,Naveen Mani,Person,Located-At,2.0,FIR,14-03-2026
LOC-0071,Alli Colony College Road,Location,PER-0367,Yogesh Sekar,Person,Located-At,2.0,FIR,08-04-2026
LOC-0071,Alli Colony College Road,Location,PER-0374,Lokesh Murugan,Person,Located-At,2.0,FIR,24-04-2026
LOC-0071,Alli Colony College Road,Location,PER-0052,Mathan Raman,Person,Located-At,1.0,FIR,18-05-2026
LOC-0071,Alli Colony College Road,Location,PER-0027,Sanjay Raj,Person,Located-At,2.0,FIR,18-05-2026
LOC-0071,Alli Colony College Road,Location,PER-0352,Yuvaraj Natarajan,Person,Located-At,1.0,FIR,25-07-2026
LOC-0071,Alli Colony College Road,Location,PER-0229,Kannan Muthu,Person,Located-At,2.0,FIR,25-07-2026
LOC-0072,Neithal Garden Apartment Complex,Location,PER-0316,Mohan Ramasamy,Person,Located-At,1.0,FIR,01-01-2026
LOC-0072,Neithal Garden Apartment Complex,Location,PER-0013,Ramya Bai,Person,Located-At,2.0,FIR,01-01-2026
LOC-0072,Neithal Garden Apartment Complex,Location,PER-0351,Rajesh Chandran,Person,Located-At,2.0,FIR,04-07-2026
LOC-0072,Neithal Garden Apartment Complex,Location,PER-0077,Anand Arumugam,Person,Located-At,2.0,FIR,04-07-2026
LOC-0072,Neithal Garden Apartment Complex,Location,PER-0118,Dharani Prakash,Person,Located-At,2.0,FIR,29-08-2026
LOC-0073,Anbu Puram Apartment Complex,Location,PER-0043,Arun Babu,Person,Located-At,1.0,FIR,07-01-2026
LOC-0073,Anbu Puram Apartment Complex,Location,PER-0278,Lavanya Raj,Person,Located-At,2.0,FIR,07-01-2026
LOC-0073,Anbu Puram Apartment Complex,Location,PER-0085,Madhan Murugan,Person,Located-At,1.0,FIR,08-04-2026
LOC-0073,Anbu Puram Apartment Complex,Location,PER-0363,Gunasekar Prakash,Person,Located-At,1.0,FIR,08-04-2026
LOC-0073,Anbu Puram Apartment Complex,Location,PER-0149,Deviga Devi,Person,Located-At,1.0,FIR,08-04-2026
LOC-0073,Anbu Puram Apartment Complex,Location,PER-0356,Senthil Natarajan,Person,Located-At,1.0,FIR,12-06-2026
LOC-0073,Anbu Puram Apartment Complex,Location,PER-0372,Amudha Sri,Person,Located-At,2.0,FIR,12-06-2026
LOC-0074,Amudham Park Railway Station Road,Location,PER-0212,Rajesh Karuppasamy,Person,Located-At,1.0,FIR,30-12-2025
LOC-0074,Amudham Park Railway Station Road,Location,PER-0047,Uma Raj,Person,Located-At,2.0,FIR,30-12-2025
LOC-0074,Amudham Park Railway Station Road,Location,PER-0095,Udhay Anand,Person,Located-At,1.0,FIR,04-07-2026
LOC-0074,Amudham Park Railway Station Road,Location,PER-0044,Yuvaraj Palanisamy,Person,Located-At,1.0,FIR,04-07-2026
LOC-0074,Amudham Park Railway Station Road,Location,PER-0260,Bharath Babu,Person,Located-At,1.0,FIR,04-07-2026
LOC-0074,Amudham Park Railway Station Road,Location,PER-0027,Sanjay Raj,Person,Located-At,1.0,FIR,11-07-2026
LOC-0074,Amudham Park Railway Station Road,Location,PER-0013,Ramya Bai,Person,Located-At,1.0,FIR,11-07-2026
LOC-0075,Arasu Garden Atm Area,Location,PER-0085,Madhan Murugan,Person,Located-At,1.0,FIR,03-02-2026
LOC-0075,Arasu Garden Atm Area,Location,PER-0336,Inban Palanisamy,Person,Located-At,2.0,FIR,03-02-2026
LOC-0076,Vetri Nagar Shopping Complex,Location,PER-0210,Harish Mani,Person,Located-At,1.0,FIR,02-03-2026
LOC-0076,Vetri Nagar Shopping Complex,Location,PER-0021,Vidhya Krishnan,Person,Located-At,1.0,FIR,02-03-2026
LOC-0076,Vetri Nagar Shopping Complex,Location,PER-0277,Karthik Rajan,Person,Located-At,1.0,FIR,01-04-2026
LOC-0076,Vetri Nagar Shopping Complex,Location,PER-0001,Lavanya Ammal,Person,Located-At,2.0,FIR,01-04-2026
LOC-0076,Vetri Nagar Shopping Complex,Location,PER-0163,Rakesh Krishnan,Person,Located-At,1.0,FIR,12-05-2026
LOC-0076,Vetri Nagar Shopping Complex,Location,PER-0358,Venkat Kumar,Person,Located-At,1.0,FIR,12-05-2026
LOC-0076,Vetri Nagar Shopping Complex,Location,PER-0095,Udhay Anand,Person,Located-At,1.0,FIR,27-05-2026
LOC-0076,Vetri Nagar Shopping Complex,Location,PER-0126,Mythili Selvi,Person,Located-At,2.0,FIR,27-05-2026
LOC-0077,Kayal Colony Bus Stand Area,Location,PER-0087,Anand Krishnan,Person,Located-At,1.0,FIR,26-03-2026
LOC-0077,Kayal Colony Bus Stand Area,Location,PER-0188,Meena Bai,Person,Located-At,2.0,FIR,26-03-2026
LOC-0078,Anbu Garden Apartment Complex,Location,PER-0365,Karthik Shankar,Person,Located-At,1.0,FIR,12-04-2026
LOC-0078,Anbu Garden Apartment Complex,Location,PER-0009,Deviga Murugan,Person,Located-At,2.0,FIR,12-04-2026
LOC-0078,Anbu Garden Apartment Complex,Location,PER-0015,Dinesh Subramani,Person,Located-At,1.0,FIR,02-07-2026
LOC-0078,Anbu Garden Apartment Complex,Location,PER-0390,Vidhya Sri,Person,Located-At,2.0,FIR,02-07-2026
LOC-0079,Mangai Layout Shopping Complex,Location,PER-0052,Mathan Raman,Person,Located-At,1.0,FIR,04-05-2026
LOC-0079,Mangai Layout Shopping Complex,Location,PER-0083,Babu Selvam,Person,Located-At,2.0,FIR,04-05-2026
LOC-0079,Mangai Layout Shopping Complex,Location,PER-0187,Tamilarasan Palanisamy,Person,Located-At,2.0,FIR,23-08-2026
LOC-0080,Mynthan Nagar Apartment Complex,Location,PER-0009,Deviga Murugan,Person,Located-At,2.0,FIR,16-06-2026
LOC-0081,Selvapuram Garden College Road,Location,PER-0387,Nandhini Kumari,Person,Located-At,1.0,FIR,04-07-2026
LOC-0081,Selvapuram Garden College Road,Location,PER-0386,Bharathi Sri,Person,Located-At,1.0,FIR,04-07-2026
LOC-0082,Kadal Layout Highway Junction,Location,PER-0179,Jagan Arumugam,Person,Located-At,2.0,FIR,16-07-2026
LOC-0083,Mathi Layout Apartment Complex,Location,PER-0183,Venkat Palanisamy,Person,Located-At,1.0,FIR,09-09-2026
LOC-0083,Mathi Layout Apartment Complex,Location,PER-0201,Praveen Kumar,Person,Located-At,1.0,FIR,09-09-2026
LOC-0083,Mathi Layout Apartment Complex,Location,PER-0082,Rajeshwari Rani,Person,Located-At,1.0,FIR,09-09-2026
MOB-0090,9000000312,Mobile,PER-0066,Sudha Sekar,Person,Called,0.62,CDR,2025-05-20
MOB-0090,9000000312,Mobile,PER-0194,Rakesh Gopal,Person,Called,0.5,CDR,2026-05-01
MOB-0090,9000000312,Mobile,PER-0233,Sanjay Prakash,Person,Called,0.5,CDR,2025-12-23
MOB-0090,9000000312,Mobile,PER-0193,Vignesh Thangaraj,Person,Called,3.0,CDR,2025-01-26
MOB-0090,9000000312,Mobile,PER-0209,Kishore Murugan,Person,Called,0.5,CDR,2025-02-15
MOB-0090,9000000312,Mobile,PER-0086,Prakash Chandran,Person,Called,3.0,CDR,2025-07-05
MOB-0090,9000000312,Mobile,PER-0040,Deepa Selvam,Person,Called,2.2,CDR,2026-07-30
MOB-0090,9000000312,Mobile,PER-0157,Ganesh Natarajan,Person,Called,0.5,CDR,2026-04-06
MOB-0090,9000000312,Mobile,PER-0394,Hemanth Nathan,Person,Called,0.5,CDR,2025-04-10
MOB-0093,9000000167,Mobile,PER-0257,Geetha Kumari,Person,Called,0.7,CDR,2026-05-22
MOB-0093,9000000167,Mobile,PER-0296,Praveen Raman,Person,Called,3.0,CDR,2026-03-02
MOB-0093,9000000167,Mobile,PER-0144,Padmini Bai,Person,Called,0.83,CDR,2025-03-20
MOB-0093,9000000167,Mobile,PER-0068,Jagan Gopal,Person,Called,1.0,CDR,2026-07-02
MOB-0093,9000000167,Mobile,PER-0223,Gunasekar Murugan,Person,Called,0.5,CDR,2026-01-11
MOB-0093,9000000167,Mobile,PER-0079,Jothi Bai,Person,Called,2.33,CDR,2025-05-13
MOB-0093,9000000167,Mobile,PER-0343,Malathi Murugan,Person,Called,3.0,CDR,2025-01-08
MOB-0093,9000000167,Mobile,PER-0371,Bhuvana Kannan,Person,Called,0.5,CDR,2025-06-01
MOB-0093,9000000167,Mobile,PER-0091,Vignesh Balan,Person,Called,2.71,CDR,2026-06-18
MOB-0093,9000000167,Mobile,PER-0207,Murugan Babu,Person,Called,0.5,CDR,2025-01-05
MOB-0117,9000000035,Mobile,PER-0035,Nandhini Sekar,Person,Called,1.62,CDR,2026-08-02
MOB-0117,9000000035,Mobile,PER-0158,Divya Kumari,Person,Called,2.8,CDR,2025-11-25
MOB-0117,9000000035,Mobile,PER-0134,Deepa Kumari,Person,Called,3.0,CDR,2026-03-23
MOB-0117,9000000035,Mobile,PER-0242,Ganesh Selvam,Person,Called,2.77,CDR,2026-01-13
MOB-0117,9000000035,Mobile,PER-0258,Anand Palanisamy,Person,Called,0.5,CDR,2025-10-13
MOB-0117,9000000035,Mobile,PER-0136,Durga Raman,Person,Called,3.0,CDR,2025-02-20
MOB-0117,9000000035,Mobile,PER-0123,Karthik Pandian,Person,Called,0.56,CDR,2025-05-01
MOB-0117,9000000035,Mobile,PER-0368,Gokul Babu,Person,Called,2.78,CDR,2025-04-21
MOB-0117,9000000035,Mobile,PER-0324,Malathi Devi,Person,Called,0.5,CDR,2026-04-29
MOB-0117,9000000035,Mobile,PER-0149,Deviga Devi,Person,Called,0.5,CDR,2025-01-23
MOB-0161,9000000480,Mobile,PER-0020,Yogesh Raj,Person,Called,0.5,CDR,2025-03-22
MOB-0161,9000000480,Mobile,PER-0348,Arun Raj,Person,Called,3.0,CDR,2025-01-13
MOB-0161,9000000480,Mobile,PER-0281,Ganesh Subramani,Person,Called,3.0,CDR,2026-07-09
MOB-0161,9000000480,Mobile,PER-0291,Mythili Murugan,Person,Called,3.0,CDR,2025-12-01
MOB-0161,9000000480,Mobile,PER-0247,Elango Shankar,Person,Called,0.5,CDR,2026-07-18
MOB-0161,9000000480,Mobile,PER-0332,Vasanthi Ammal,Person,Called,0.5,CDR,2025-08-25
MOB-0161,9000000480,Mobile,PER-0300,Logesh Subramani,Person,Called,0.5,CDR,2025-10-31
MOB-0161,9000000480,Mobile,PER-0298,Suresh Selvam,Person,Called,2.02,CDR,2025-06-06
MOB-0161,9000000480,Mobile,PER-0321,Revathi Raman,Person,Called,2.81,CDR,2026-07-10
MOB-0161,9000000480,Mobile,PER-0200,Dharani Shankar,Person,Called,1.09,CDR,2025-03-23
MOB-0161,9000000480,Mobile,PER-0119,Amudha Kannan,Person,Called,3.0,CDR,2025-09-27
MOB-0161,9000000480,Mobile,PER-0058,Revathi Ammal,Person,Called,2.59,CDR,2026-03-05
MOB-0161,9000000480,Mobile,PER-0242,Ganesh Selvam,Person,Called,0.5,CDR,2025-07-13
PER-0001,Lavanya Ammal,Person,PER-0041,Hariharan Palanisamy,Person,Reported-Suspect,6.0,FIR,27-02-2025
PER-0001,Lavanya Ammal,Person,PER-0080,Nandha Karuppasamy,Person,Reported-Suspect,6.0,FIR,18-03-2025
PER-0001,Lavanya Ammal,Person,PER-0221,Nithin Murugan,Person,Reported-Suspect,6.0,FIR,02-09-2025
PER-0001,Lavanya Ammal,Person,PER-0213,Hariharan Prakash,Person,Reported-Suspect,6.0,FIR,02-10-2025
PER-0001,Lavanya Ammal,Person,PER-0291,Mythili Murugan,Person,Complainant-Victim,2.0,FIR,21-10-2025
PER-0001,Lavanya Ammal,Person,PER-0108,Murugan Karuppasamy,Person,Reported-Suspect,3.0,FIR,21-10-2025
PER-0001,Lavanya Ammal,Person,PER-0015,Dinesh Subramani,Person,Reported-Suspect,6.0,FIR,20-11-2025
PER-0001,Lavanya Ammal,Person,PER-0294,Chithra Ammal,Person,Complainant-Victim,2.0,FIR,07-02-2026
PER-0001,Lavanya Ammal,Person,PER-0356,Senthil Natarajan,Person,Reported-Suspect,6.0,FIR,17-03-2026
PER-0001,Lavanya Ammal,Person,PER-0277,Karthik Rajan,Person,Reported-Suspect,6.0,FIR,01-04-2026
PER-0001,Lavanya Ammal,Person,PER-0280,Sanjay Gopal,Person,Reported-Suspect,6.0,FIR,31-07-2026
PER-0001,Lavanya Ammal,Person,PER-0287,Venkat Prakash,Person,Reported-Suspect,6.0,FIR,23-08-2026
PER-0001,Lavanya Ammal,Person,PER-0327,Abirami Bai,Person,Called,1.58,CDR,2025-10-11
PER-0001,Lavanya Ammal,Person,PER-0079,Jothi Bai,Person,Called,3.0,CDR,2026-06-30
PER-0001,Lavanya Ammal,Person,PER-0187,Tamilarasan Palanisamy,Person,Called,1.5,CDR,2026-06-11
PER-0001,Lavanya Ammal,Person,PER-0281,Ganesh Subramani,Person,Called,0.5,CDR,2025-05-21
PER-0001,Lavanya Ammal,Person,PER-0120,Vidhya Devi,Person,Called,2.25,CDR,2026-06-27
PER-0001,Lavanya Ammal,Person,PER-0050,Sudha Kannan,Person,Called,0.57,CDR,2025-03-18
PER-0001,Lavanya Ammal,Person,PER-0154,Bharathi Raj,Person,Called,0.5,CDR,2025-07-03
PER-0001,Lavanya Ammal,Person,PER-0063,Anitha Raman,Person,Called,0.5,CDR,2025-09-09
PER-0001,Lavanya Ammal,Person,PER-0380,Eswari Sri,Person,Called,0.5,CDR,2026-03-15
PER-0001,Lavanya Ammal,Person,PER-0037,Elango Balan,Person,Called,1.24,CDR,2026-03-25
PER-0001,Lavanya Ammal,Person,PER-0318,Harish Anand,Person,Called,1.65,CDR,2025-05-17
PER-0001,Lavanya Ammal,Person,PER-0054,Vasanth Chandran,Person,Called,1.51,CDR,2025-07-25
PER-0001,Lavanya Ammal,Person,PER-0174,Vasanth Raman,Person,Called,0.5,CDR,2025-06-26
PER-0001,Lavanya Ammal,Person,PER-0016,Sanjay Mani,Person,Called,0.77,CDR,2026-05-05
PER-0001,Lavanya Ammal,Person,PER-0324,Malathi Devi,Person,Called,2.33,CDR,2025-02-12
PER-0001,Lavanya Ammal,Person,PER-0252,Kalaiselvi Sri,Person,Called,0.5,CDR,2025-11-28
PER-0001,Lavanya Ammal,Person,PER-0088,Naveen Natarajan,Person,Called,0.84,CDR,2025-05-24
PER-0001,Lavanya Ammal,Person,PER-0219,Kishore Krishnan,Person,Called,1.71,CDR,2025-03-17
PER-0002,Inban Selvam,Person,PER-0003,Dinesh Prakash,Person,Reported-Suspect,6.0,FIR,02-01-2025
PER-0002,Inban Selvam,Person,PER-0051,Mohan Kumar,Person,Reported-Suspect,6.0,FIR,18-04-2025
PER-0002,Inban Selvam,Person,PER-0027,Sanjay Raj,Person,Complainant-Victim,2.0,FIR,08-10-2025
PER-0002,Inban Selvam,Person,PER-0128,Durga Bai,Person,Called,2.77,CDR,2025-03-18
PER-0002,Inban Selvam,Person,PER-0356,Senthil Natarajan,Person,Called,0.5,CDR,2026-02-07
PER-0002,Inban Selvam,Person,PER-0269,Selvam Natarajan,Person,Called,0.5,CDR,2026-02-20
PER-0002,Inban Selvam,Person,PER-0150,Pavithra Kannan,Person,Called,3.0,CDR,2025-08-27
PER-0002,Inban Selvam,Person,PER-0330,Indhu Sri,Person,Called,3.0,CDR,2025-11-03
PER-0002,Inban Selvam,Person,PER-0063,Anitha Raman,Person,Called,0.5,CDR,2026-06-06
PER-0002,Inban Selvam,Person,PER-0185,Jagan Sekar,Person,Called,0.5,CDR,2025-12-16
PER-0002,Inban Selvam,Person,PER-0342,Manoj Sekar,Person,Called,0.5,CDR,2026-07-10
PER-0002,Inban Selvam,Person,PER-0149,Deviga Devi,Person,Called,0.5,CDR,2025-08-17
PER-0002,Inban Selvam,Person,PER-0276,Harish Subramani,Person,Called,2.47,CDR,2025-01-26
PER-0002,Inban Selvam,Person,PER-0392,Buvaneswari Devi,Person,Called,0.5,CDR,2026-07-11
PER-0002,Inban Selvam,Person,PER-0274,Tamilarasan Karuppasamy,Person,Called,0.5,CDR,2025-01-11
PER-0002,Inban Selvam,Person,PER-0086,Prakash Chandran,Person,Called,0.5,CDR,2025-09-07
PER-0002,Inban Selvam,Person,PER-0375,Inban Babu,Person,Called,1.99,CDR,2026-01-08
PER-0002,Inban Selvam,Person,PER-0093,Vasanth Mani,Person,Called,0.5,CDR,2025-08-05
PER-0002,Inban Selvam,Person,PER-0278,Lavanya Raj,Person,Called,0.5,CDR,2025-10-25
PER-0002,Inban Selvam,Person,PER-0183,Venkat Palanisamy,Person,Called,2.89,CDR,2025-10-02
PER-0003,Dinesh Prakash,Person,PER-0301,Venkat Pandian,Person,Reported-Suspect,6.0,FIR,07-11-2025
PER-0003,Dinesh Prakash,Person,PER-0152,Pavithra Bai,Person,Suspect-Witness,1.5,FIR,07-11-2025
PER-0003,Dinesh Prakash,Person,PER-0310,Mathan Balan,Person,Suspect-Associate,3.5,FIR,26-08-2026
PER-0003,Dinesh Prakash,Person,PER-0030,Praveen Natarajan,Person,Associate-Witness,1.0,FIR,26-08-2026
PER-0003,Dinesh Prakash,Person,PER-0332,Vasanthi Ammal,Person,Called,2.51,CDR,2026-04-07
PER-0003,Dinesh Prakash,Person,PER-0373,Anand Muthu,Person,Called,0.5,CDR,2026-02-21
PER-0003,Dinesh Prakash,Person,PER-0129,Kishore Babu,Person,Called,3.0,CDR,2025-07-08
PER-0003,Dinesh Prakash,Person,PER-0396,Nithya Devi,Person,Called,0.5,CDR,2025-04-11
PER-0003,Dinesh Prakash,Person,PER-0104,Padmini Sri,Person,Called,2.21,CDR,2025-02-21
PER-0003,Dinesh Prakash,Person,PER-0156,Kumaran Anand,Person,Called,2.28,CDR,2026-07-24
PER-0003,Dinesh Prakash,Person,PER-0016,Sanjay Mani,Person,Called,1.9,CDR,2026-06-24
PER-0004,Thirumal Babu,Person,PER-0005,Vignesh Subramani,Person,Reported-Suspect,6.0,FIR,05-01-2025
PER-0004,Thirumal Babu,Person,PER-0243,Bharath Selvam,Person,Reported-Suspect,6.0,FIR,19-08-2025
PER-0004,Thirumal Babu,Person,PER-0108,Murugan Karuppasamy,Person,Reported-Suspect,6.0,FIR,21-12-2025
PER-0004,Thirumal Babu,Person,PER-0115,Nithin Balan,Person,Called,0.5,CDR,2025-11-04
PER-0004,Thirumal Babu,Person,PER-0395,Udhay Ramasamy,Person,Called,0.5,CDR,2025-11-19
PER-0004,Thirumal Babu,Person,PER-0346,Inban Pandian,Person,Called,0.85,CDR,2026-03-10
PER-0004,Thirumal Babu,Person,PER-0176,Jagan Shankar,Person,Called,2.63,CDR,2025-06-21
PER-0004,Thirumal Babu,Person,PER-0361,Abirami Rani,Person,Called,1.66,CDR,2025-06-28
PER-0004,Thirumal Babu,Person,PER-0381,Priya Selvi,Person,Called,0.5,CDR,2025-02-27
PER-0004,Thirumal Babu,Person,PER-0089,Praveen Sekar,Person,Called,0.5,CDR,2025-02-12
PER-0004,Thirumal Babu,Person,PER-0235,Nithin Subramani,Person,Called,2.41,CDR,2026-01-08
PER-0004,Thirumal Babu,Person,PER-0318,Harish Anand,Person,Called,2.4,CDR,2026-01-21
PER-0004,Thirumal Babu,Person,PER-0326,Gopal Balan,Person,Called,0.5,CDR,2026-05-04
PER-0004,Thirumal Babu,Person,PER-0374,Lokesh Murugan,Person,Called,2.03,CDR,2026-04-25
PER-0004,Thirumal Babu,Person,PER-0032,Arun Prakash,Person,Called,1.49,CDR,2025-01-25
PER-0004,Thirumal Babu,Person,PER-0127,Udhay Muthu,Person,Called,0.5,CDR,2026-04-20
PER-0004,Thirumal Babu,Person,PER-0073,Gokul Sundaram,Person,Called,0.83,CDR,2025-03-04
PER-0004,Thirumal Babu,Person,PER-0256,Bharathi Raman,Person,Called,3.0,CDR,2026-03-22
PER-0004,Thirumal Babu,Person,PER-0164,Malathi Selvi,Person,Called,3.14,CDR,2025-01-06
PER-0004,Thirumal Babu,Person,PER-0102,Malathi Kumari,Person,Called,1.92,CDR,2026-05-08
PER-0004,Thirumal Babu,Person,PER-0133,Jagan Velan,Person,Called,0.5,CDR,2025-02-13
PER-0004,Thirumal Babu,Person,PER-0098,Karthik Nathan,Person,Called,0.5,CDR,2026-04-30
PER-0004,Thirumal Babu,Person,PER-0225,Lakshmi Krishnan,Person,Called,2.98,CDR,2026-07-03
PER-0004,Thirumal Babu,Person,PER-0257,Geetha Kumari,Person,Called,1.72,CDR,2025-08-27
PER-0004,Thirumal Babu,Person,PER-0020,Yogesh Raj,Person,Called,1.37,CDR,2025-10-12
PER-0005,Vignesh Subramani,Person,PER-0006,Meena Sekar,Person,Suspect-Witness,1.5,FIR,05-01-2025
PER-0005,Vignesh Subramani,Person,VEH-0001,Tn-47-Zz-1038,Vehicle,Used-Vehicle,2.0,FIR,05-01-2025
PER-0005,Vignesh Subramani,Person,PER-0020,Yogesh Raj,Person,Reported-Suspect,6.0,FIR,17-01-2025
PER-0005,Vignesh Subramani,Person,PER-0042,Rakesh Anand,Person,Reported-Suspect,7.43,FIR,17-02-2025
PER-0005,Vignesh Subramani,Person,PER-0054,Vasanth Chandran,Person,Suspect-Witness,1.5,FIR,17-02-2025
PER-0005,Vignesh Subramani,Person,PER-0088,Naveen Natarajan,Person,Reported-Suspect,6.5,FIR,27-03-2025
PER-0005,Vignesh Subramani,Person,PER-0089,Praveen Sekar,Person,Suspect-Associate,3.5,FIR,27-03-2025
PER-0005,Vignesh Subramani,Person,PER-0044,Yuvaraj Palanisamy,Person,Suspect-Witness,1.5,FIR,27-03-2025
PER-0005,Vignesh Subramani,Person,PER-0009,Deviga Murugan,Person,Reported-Suspect,6.0,FIR,26-08-2025
PER-0005,Vignesh Subramani,Person,PER-0130,Ramesh Pandian,Person,Suspect-Witness,1.5,FIR,26-08-2025
PER-0005,Vignesh Subramani,Person,PER-0295,Gopal Karuppasamy,Person,Reported-Suspect,6.0,FIR,27-10-2025
PER-0005,Vignesh Subramani,Person,PER-0129,Kishore Babu,Person,Suspect-Associate,3.5,FIR,27-10-2025
PER-0005,Vignesh Subramani,Person,VEH-0040,Tn-68-Yy-1088,Vehicle,Used-Vehicle,2.0,FIR,27-10-2025
PER-0005,Vignesh Subramani,Person,PER-0083,Babu Selvam,Person,Reported-Suspect,6.0,FIR,06-12-2025
PER-0005,Vignesh Subramani,Person,PER-0073,Gokul Sundaram,Person,Suspect-Associate,3.5,FIR,06-12-2025
PER-0005,Vignesh Subramani,Person,PER-0281,Ganesh Subramani,Person,Reported-Suspect,6.0,FIR,08-12-2025
PER-0005,Vignesh Subramani,Person,PER-0362,Indhu Rani,Person,Suspect-Witness,1.5,FIR,08-12-2025
PER-0005,Vignesh Subramani,Person,VEH-0045,Tn-39-Yy-1091,Vehicle,Used-Vehicle,2.0,FIR,08-12-2025
PER-0005,Vignesh Subramani,Person,PER-0301,Venkat Pandian,Person,Reported-Suspect,6.0,FIR,21-07-2026
PER-0005,Vignesh Subramani,Person,PER-0063,Anitha Raman,Person,Suspect-Witness,1.5,FIR,21-07-2026
PER-0005,Vignesh Subramani,Person,VEH-0077,Tn-57-Yy-1097,Vehicle,Used-Vehicle,2.0,FIR,21-07-2026
PER-0005,Vignesh Subramani,Person,PER-0039,Jeeva Natarajan,Person,Called,0.5,CDR,2025-06-25
PER-0005,Vignesh Subramani,Person,PER-0285,Saravanan Gopal,Person,Called,1.6,CDR,2025-02-04
PER-0005,Vignesh Subramani,Person,PER-0384,Naveen Muthu,Person,Called,0.5,CDR,2025-05-11
PER-0005,Vignesh Subramani,Person,PER-0055,Arun Natarajan,Person,Called,1.47,CDR,2025-11-11
PER-0005,Vignesh Subramani,Person,PER-0207,Murugan Babu,Person,Called,0.5,CDR,2026-05-26
PER-0005,Vignesh Subramani,Person,PER-0109,Ajith Murugan,Person,Called,0.5,CDR,2025-08-02
PER-0005,Vignesh Subramani,Person,PER-0026,Hariharan Subramani,Person,Called,0.5,CDR,2025-07-11
PER-0005,Vignesh Subramani,Person,PER-0169,Anitha Raj,Person,Called,3.0,CDR,2026-07-14
PER-0006,Meena Sekar,Person,PER-0206,Mathan Velan,Person,Suspect-Witness,1.5,FIR,24-08-2025
PER-0006,Meena Sekar,Person,PER-0061,Dinesh Balan,Person,Associate-Witness,1.0,FIR,24-08-2025
PER-0006,Meena Sekar,Person,PER-0076,Hariharan Babu,Person,Suspect-Associate,3.5,FIR,10-11-2025
PER-0006,Meena Sekar,Person,PER-0122,Abirami Sri,Person,Associate-Witness,1.0,FIR,10-11-2025
PER-0006,Meena Sekar,Person,PER-0213,Hariharan Prakash,Person,Suspect-Associate,3.5,FIR,18-11-2025
PER-0006,Meena Sekar,Person,PER-0277,Karthik Rajan,Person,Suspect-Witness,1.5,FIR,16-02-2026
PER-0006,Meena Sekar,Person,PER-0289,Bhuvana Raman,Person,Called,0.5,CDR,2025-04-30
PER-0006,Meena Sekar,Person,PER-0378,Senthil Raman,Person,Called,3.0,CDR,2026-06-14
PER-0006,Meena Sekar,Person,PER-0225,Lakshmi Krishnan,Person,Called,0.8,CDR,2026-04-12
PER-0006,Meena Sekar,Person,PER-0113,Jagan Raman,Person,Called,1.88,CDR,2025-09-21
PER-0006,Meena Sekar,Person,PER-0070,Arun Muthu,Person,Called,2.59,CDR,2026-05-17
PER-0006,Meena Sekar,Person,PER-0013,Ramya Bai,Person,Called,0.8,CDR,2025-10-01
PER-0006,Meena Sekar,Person,PER-0079,Jothi Bai,Person,Called,2.7,CDR,2025-01-03
PER-0007,Babu Rajan,Person,PER-0084,Gokul Gopal,Person,Suspect-Witness,1.5,FIR,22-03-2025
PER-0007,Babu Rajan,Person,PER-0085,Madhan Murugan,Person,Associate-Witness,1.0,FIR,22-03-2025
PER-0007,Babu Rajan,Person,PER-0181,Abirami Raj,Person,Suspect-Witness,1.5,FIR,25-06-2025
PER-0007,Babu Rajan,Person,PER-0034,Mathan Chandran,Person,Associate-Witness,1.0,FIR,25-06-2025
PER-0007,Babu Rajan,Person,PER-0076,Hariharan Babu,Person,Suspect-Witness,7.5,FIR,27-07-2025
PER-0007,Babu Rajan,Person,PER-0217,Sathish Subramani,Person,Associate-Witness,1.0,FIR,27-07-2025
PER-0007,Babu Rajan,Person,PER-0400,Hemanth Krishnan,Person,Called,0.97,CDR,2026-03-05
PER-0007,Babu Rajan,Person,PER-0065,Deepak Gopal,Person,Called,0.5,CDR,2026-05-19
PER-0007,Babu Rajan,Person,PER-0147,Kumaran Prakash,Person,Called,1.64,CDR,2025-06-03
PER-0007,Babu Rajan,Person,PER-0149,Deviga Devi,Person,Called,0.5,CDR,2026-02-09
PER-0007,Babu Rajan,Person,PER-0319,Babu Murugan,Person,Called,0.5,CDR,2026-02-04
PER-0007,Babu Rajan,Person,PER-0233,Sanjay Prakash,Person,Called,0.5,CDR,2025-05-01
PER-0007,Babu Rajan,Person,PER-0248,Gokul Karuppasamy,Person,Called,1.34,CDR,2025-07-29
PER-0007,Babu Rajan,Person,PER-0059,Suresh Pandian,Person,Called,3.0,CDR,2025-08-28
PER-0007,Babu Rajan,Person,PER-0311,Meena Krishnan,Person,Called,1.16,CDR,2025-03-02
PER-0007,Babu Rajan,Person,PER-0032,Arun Prakash,Person,Called,0.5,CDR,2025-06-15
PER-0007,Babu Rajan,Person,PER-0049,Madhan Kumar,Person,Called,0.5,CDR,2026-02-20
PER-0007,Babu Rajan,Person,PER-0298,Suresh Selvam,Person,Called,2.09,CDR,2025-04-21
PER-0007,Babu Rajan,Person,PER-0342,Manoj Sekar,Person,Called,1.76,CDR,2026-01-08
PER-0007,Babu Rajan,Person,PER-0224,Jothi Selvi,Person,Called,1.09,CDR,2025-12-29
PER-0008,Lokesh Karuppasamy,Person,PER-0351,Rajesh Chandran,Person,Suspect-Associate,3.5,FIR,04-07-2026
PER-0008,Lokesh Karuppasamy,Person,VEH-0074,Tn-47-Zz-1041,Vehicle,Used-Vehicle,1.5,FIR,04-07-2026
PER-0008,Lokesh Karuppasamy,Person,PER-0239,Sathish Palanisamy,Person,Called,2.73,CDR,2025-12-23
PER-0008,Lokesh Karuppasamy,Person,PER-0335,Jeeva Krishnan,Person,Called,0.5,CDR,2025-09-15
PER-0008,Lokesh Karuppasamy,Person,PER-0195,Vidhya Ammal,Person,Called,0.5,CDR,2025-08-24
PER-0008,Lokesh Karuppasamy,Person,PER-0317,Chithra Devi,Person,Called,0.59,CDR,2025-01-29
PER-0008,Lokesh Karuppasamy,Person,PER-0401,Harini Selvam,Person,Called,0.5,CDR,2025-10-08
PER-0008,Lokesh Karuppasamy,Person,PER-0342,Manoj Sekar,Person,Called,0.5,CDR,2025-10-03
PER-0008,Lokesh Karuppasamy,Person,PER-0124,Chandran Subramani,Person,Called,1.93,CDR,2025-10-01
PER-0008,Lokesh Karuppasamy,Person,PER-0028,Selvam Rajan,Person,Called,2.76,CDR,2025-07-03
PER-0008,Lokesh Karuppasamy,Person,PER-0073,Gokul Sundaram,Person,Called,1.25,CDR,2025-08-23
PER-0008,Lokesh Karuppasamy,Person,PER-0177,Inban Balan,Person,Called,0.5,CDR,2025-10-29
PER-0009,Deviga Murugan,Person,PER-0010,Vasanth Gopal,Person,Reported-Suspect,6.0,FIR,09-01-2025
PER-0009,Deviga Murugan,Person,PER-0101,Abirami Sekar,Person,Complainant-Victim,2.0,FIR,30-04-2025
PER-0009,Deviga Murugan,Person,PER-0365,Karthik Shankar,Person,Reported-Suspect,6.0,FIR,12-04-2026
PER-0009,Deviga Murugan,Person,PER-0388,Jothi Selvam,Person,Complainant-Victim,2.0,FIR,05-07-2026
PER-0009,Deviga Murugan,Person,PER-0389,Babu Krishnan,Person,Reported-Suspect,3.0,FIR,05-07-2026
PER-0009,Deviga Murugan,Person,PER-0286,Gopal Gopal,Person,Called,0.5,CDR,2026-06-12
PER-0009,Deviga Murugan,Person,PER-0066,Sudha Sekar,Person,Called,2.08,CDR,2025-02-26
PER-0009,Deviga Murugan,Person,PER-0179,Jagan Arumugam,Person,Called,0.5,CDR,2025-03-04
PER-0009,Deviga Murugan,Person,PER-0358,Venkat Kumar,Person,Called,1.82,CDR,2026-03-06
PER-0009,Deviga Murugan,Person,PER-0157,Ganesh Natarajan,Person,Called,0.5,CDR,2025-06-05
PER-0009,Deviga Murugan,Person,PER-0301,Venkat Pandian,Person,Called,1.93,CDR,2025-01-12
PER-0009,Deviga Murugan,Person,PER-0150,Pavithra Kannan,Person,Called,1.98,CDR,2026-04-15
PER-0009,Deviga Murugan,Person,PER-0394,Hemanth Nathan,Person,Called,1.84,CDR,2026-06-20
PER-0009,Deviga Murugan,Person,PER-0020,Yogesh Raj,Person,Called,1.52,CDR,2025-11-29
PER-0009,Deviga Murugan,Person,PER-0182,Saravanan Sundaram,Person,Called,1.38,CDR,2025-06-02
PER-0009,Deviga Murugan,Person,PER-0310,Mathan Balan,Person,Called,0.5,CDR,2025-01-10
PER-0009,Deviga Murugan,Person,PER-0108,Murugan Karuppasamy,Person,Called,2.43,CDR,2026-02-21
PER-0009,Deviga Murugan,Person,PER-0357,Vijay Raman,Person,Called,0.5,CDR,2025-05-28
PER-0009,Deviga Murugan,Person,PER-0337,Jeeva Muthu,Person,Called,1.81,CDR,2025-08-21
PER-0009,Deviga Murugan,Person,PER-0283,Nandhini Selvi,Person,Called,0.83,CDR,2025-05-29
PER-0009,Deviga Murugan,Person,PER-0343,Malathi Murugan,Person,Called,0.5,CDR,2026-06-28
PER-0009,Deviga Murugan,Person,PER-0073,Gokul Sundaram,Person,Called,1.21,CDR,2025-05-18
PER-0009,Deviga Murugan,Person,PER-0105,Yogesh Arumugam,Person,Called,0.5,CDR,2025-06-17
PER-0009,Deviga Murugan,Person,PER-0297,Karthik Balan,Person,Called,1.96,CDR,2025-12-24
PER-0010,Vasanth Gopal,Person,PER-0118,Dharani Prakash,Person,Reported-Suspect,3.0,FIR,09-04-2025
PER-0010,Vasanth Gopal,Person,PER-0119,Amudha Kannan,Person,Suspect-Witness,1.5,FIR,09-04-2025
PER-0010,Vasanth Gopal,Person,PER-0101,Abirami Sekar,Person,Victim-Suspect,3.0,FIR,09-04-2025
PER-0010,Vasanth Gopal,Person,PER-0145,Tamilselvi Devi,Person,Reported-Suspect,6.0,FIR,05-06-2025
PER-0010,Vasanth Gopal,Person,PER-0061,Dinesh Balan,Person,Suspect-Associate,3.5,FIR,05-06-2025
PER-0010,Vasanth Gopal,Person,PER-0236,Durga Sekar,Person,Reported-Suspect,6.0,FIR,12-08-2025
PER-0010,Vasanth Gopal,Person,PER-0203,Karthik Velan,Person,Suspect-Associate,3.5,FIR,12-08-2025
PER-0010,Vasanth Gopal,Person,VEH-0030,Tn-38-Yy-1082,Vehicle,Used-Vehicle,2.0,FIR,12-08-2025
PER-0010,Vasanth Gopal,Person,PER-0283,Nandhini Selvi,Person,Reported-Suspect,6.0,FIR,12-11-2025
PER-0010,Vasanth Gopal,Person,PER-0016,Sanjay Mani,Person,Suspect-Associate,3.5,FIR,12-11-2025
PER-0010,Vasanth Gopal,Person,PER-0251,Kishore Velan,Person,Reported-Suspect,6.0,FIR,03-01-2026
PER-0010,Vasanth Gopal,Person,PER-0121,Chandran Krishnan,Person,Associate-Witness,2.5,FIR,12-02-2026
PER-0010,Vasanth Gopal,Person,PER-0263,Naveen Mani,Person,Reported-Suspect,6.0,FIR,14-03-2026
PER-0010,Vasanth Gopal,Person,PER-0217,Sathish Subramani,Person,Suspect-Associate,3.5,FIR,14-03-2026
PER-0010,Vasanth Gopal,Person,PER-0183,Venkat Palanisamy,Person,Suspect-Associate,3.5,FIR,25-08-2026
PER-0010,Vasanth Gopal,Person,PER-0140,Sangeetha Bai,Person,Reported-Suspect,6.0,FIR,26-08-2026
PER-0010,Vasanth Gopal,Person,PER-0231,Indhu Murugan,Person,Called,1.52,CDR,2026-07-04
PER-0010,Vasanth Gopal,Person,PER-0235,Nithin Subramani,Person,Called,0.5,CDR,2026-07-02
PER-0010,Vasanth Gopal,Person,PER-0021,Vidhya Krishnan,Person,Called,3.0,CDR,2025-03-07
PER-0010,Vasanth Gopal,Person,PER-0306,Dharani Selvam,Person,Called,0.5,CDR,2025-02-23
PER-0010,Vasanth Gopal,Person,PER-0149,Deviga Devi,Person,Called,0.61,CDR,2025-06-30
PER-0010,Vasanth Gopal,Person,PER-0018,Hemanth Murugan,Person,Called,3.0,CDR,2025-09-16
PER-0010,Vasanth Gopal,Person,PER-0380,Eswari Sri,Person,Called,1.28,CDR,2025-06-01
PER-0010,Vasanth Gopal,Person,PER-0243,Bharath Selvam,Person,Called,2.07,CDR,2026-06-08
PER-0010,Vasanth Gopal,Person,PER-0068,Jagan Gopal,Person,Called,0.5,CDR,2025-03-22
PER-0011,Meena Ammal,Person,PER-0012,Thirumal Palanisamy,Person,Reported-Suspect,8.05,FIR,10-01-2025
PER-0011,Meena Ammal,Person,PER-0043,Arun Babu,Person,Reported-Suspect,6.0,FIR,21-01-2026
PER-0011,Meena Ammal,Person,PER-0150,Pavithra Kannan,Person,Called,2.82,CDR,2025-07-27
PER-0011,Meena Ammal,Person,PER-0247,Elango Shankar,Person,Called,0.5,CDR,2025-07-05
PER-0011,Meena Ammal,Person,PER-0296,Praveen Raman,Person,Called,0.5,CDR,2026-07-17
PER-0011,Meena Ammal,Person,PER-0342,Manoj Sekar,Person,Called,1.2,CDR,2025-10-26
PER-0011,Meena Ammal,Person,PER-0354,Naveen Krishnan,Person,Called,2.86,CDR,2025-02-07
PER-0011,Meena Ammal,Person,PER-0207,Murugan Babu,Person,Called,1.79,CDR,2025-05-25
PER-0011,Meena Ammal,Person,PER-0055,Arun Natarajan,Person,Called,0.5,CDR,2026-03-08
PER-0011,Meena Ammal,Person,PER-0115,Nithin Balan,Person,Called,0.5,CDR,2025-12-06
PER-0011,Meena Ammal,Person,PER-0373,Anand Muthu,Person,Called,0.5,CDR,2026-02-17
PER-0011,Meena Ammal,Person,PER-0120,Vidhya Devi,Person,Called,0.96,CDR,2026-01-28
PER-0011,Meena Ammal,Person,PER-0213,Hariharan Prakash,Person,Called,2.02,CDR,2025-04-23
PER-0011,Meena Ammal,Person,PER-0257,Geetha Kumari,Person,Called,0.5,CDR,2026-05-07
PER-0011,Meena Ammal,Person,PER-0144,Padmini Bai,Person,Called,1.09,CDR,2025-03-21
PER-0011,Meena Ammal,Person,PER-0301,Venkat Pandian,Person,Called,1.03,CDR,2025-12-20
PER-0011,Meena Ammal,Person,PER-0334,Latha Ammal,Person,Called,2.94,CDR,2026-02-03
PER-0011,Meena Ammal,Person,PER-0234,Siva Velan,Person,Called,0.5,CDR,2025-03-20
PER-0011,Meena Ammal,Person,PER-0338,Madhan Rajan,Person,Called,0.5,CDR,2025-07-13
PER-0011,Meena Ammal,Person,PER-0286,Gopal Gopal,Person,Called,1.56,CDR,2025-08-27
PER-0011,Meena Ammal,Person,PER-0192,Dinesh Raj,Person,Called,1.5,CDR,2025-08-23
PER-0011,Meena Ammal,Person,PER-0159,Divya Murugan,Person,Called,0.5,CDR,2025-10-09
PER-0011,Meena Ammal,Person,PER-0315,Chithra Raman,Person,Called,2.6,CDR,2026-02-21
PER-0012,Thirumal Palanisamy,Person,PER-0013,Ramya Bai,Person,Suspect-Witness,1.5,FIR,10-01-2025
PER-0012,Thirumal Palanisamy,Person,PER-0201,Praveen Kumar,Person,Reported-Suspect,6.0,FIR,07-07-2025
PER-0012,Thirumal Palanisamy,Person,PER-0052,Mathan Raman,Person,Suspect-Associate,3.5,FIR,07-07-2025
PER-0012,Thirumal Palanisamy,Person,PER-0049,Madhan Kumar,Person,Suspect-Witness,1.5,FIR,07-07-2025
PER-0012,Thirumal Palanisamy,Person,PER-0244,Thirumal Velan,Person,Called,0.5,CDR,2025-05-27
PER-0012,Thirumal Palanisamy,Person,PER-0015,Dinesh Subramani,Person,Called,1.86,CDR,2025-01-04
PER-0012,Thirumal Palanisamy,Person,PER-0346,Inban Pandian,Person,Called,1.76,CDR,2025-10-07
PER-0012,Thirumal Palanisamy,Person,PER-0273,Lakshmi Raman,Person,Called,0.61,CDR,2025-09-15
PER-0012,Thirumal Palanisamy,Person,PER-0050,Sudha Kannan,Person,Called,0.5,CDR,2025-12-05
PER-0012,Thirumal Palanisamy,Person,PER-0127,Udhay Muthu,Person,Called,1.9,CDR,2025-08-13
PER-0012,Thirumal Palanisamy,Person,PER-0097,Rajesh Mani,Person,Called,2.45,CDR,2025-11-02
PER-0012,Thirumal Palanisamy,Person,PER-0367,Yogesh Sekar,Person,Called,0.5,CDR,2026-01-17
PER-0012,Thirumal Palanisamy,Person,PER-0164,Malathi Selvi,Person,Called,0.5,CDR,2025-09-05
PER-0013,Ramya Bai,Person,PER-0041,Hariharan Palanisamy,Person,Suspect-Witness,1.5,FIR,28-07-2025
PER-0013,Ramya Bai,Person,PER-0242,Ganesh Selvam,Person,Reported-Suspect,6.0,FIR,16-08-2025
PER-0013,Ramya Bai,Person,PER-0094,Bharathi Ammal,Person,Complainant-Victim,2.0,FIR,21-08-2025
PER-0013,Ramya Bai,Person,PER-0113,Jagan Raman,Person,Reported-Suspect,3.0,FIR,21-08-2025
PER-0013,Ramya Bai,Person,PER-0309,Sathish Ramasamy,Person,Suspect-Witness,1.5,FIR,19-11-2025
PER-0013,Ramya Bai,Person,PER-0316,Mohan Ramasamy,Person,Reported-Suspect,6.5,FIR,01-01-2026
PER-0013,Ramya Bai,Person,PER-0089,Praveen Sekar,Person,Suspect-Witness,1.5,FIR,04-02-2026
PER-0013,Ramya Bai,Person,PER-0337,Jeeva Muthu,Person,Associate-Witness,1.0,FIR,04-02-2026
PER-0013,Ramya Bai,Person,PER-0085,Madhan Murugan,Person,Reported-Suspect,6.0,FIR,09-02-2026
PER-0013,Ramya Bai,Person,PER-0277,Karthik Rajan,Person,Suspect-Witness,1.5,FIR,01-04-2026
PER-0013,Ramya Bai,Person,PER-0360,Sanjay Palanisamy,Person,Suspect-Witness,1.5,FIR,05-04-2026
PER-0013,Ramya Bai,Person,PER-0361,Abirami Rani,Person,Associate-Witness,3.14,FIR,05-04-2026
PER-0013,Ramya Bai,Person,PER-0355,Ajith Nathan,Person,Suspect-Witness,3.0,FIR,27-04-2026
PER-0013,Ramya Bai,Person,PER-0067,Logesh Karuppasamy,Person,Associate-Witness,2.0,FIR,27-04-2026
PER-0013,Ramya Bai,Person,PER-0373,Anand Muthu,Person,Associate-Witness,1.0,FIR,03-05-2026
PER-0013,Ramya Bai,Person,PER-0379,Gopal Mani,Person,Suspect-Witness,3.0,FIR,24-05-2026
PER-0013,Ramya Bai,Person,PER-0140,Sangeetha Bai,Person,Complainant-Victim,2.0,FIR,14-06-2026
PER-0013,Ramya Bai,Person,PER-0027,Sanjay Raj,Person,Complainant-Victim,5.0,FIR,11-07-2026
PER-0013,Ramya Bai,Person,PER-0109,Ajith Murugan,Person,Called,3.0,CDR,2025-10-09
PER-0013,Ramya Bai,Person,PER-0097,Rajesh Mani,Person,Called,3.0,CDR,2025-07-29
PER-0013,Ramya Bai,Person,PER-0208,Arun Thangaraj,Person,Called,0.9,CDR,2025-04-16
PER-0013,Ramya Bai,Person,PER-0190,Dharani Thangaraj,Person,Called,0.56,CDR,2026-06-25
PER-0013,Ramya Bai,Person,PER-0349,Padmini Rani,Person,Called,0.5,CDR,2026-03-27
PER-0013,Ramya Bai,Person,PER-0342,Manoj Sekar,Person,Called,3.0,CDR,2025-01-16
PER-0013,Ramya Bai,Person,PER-0317,Chithra Devi,Person,Called,2.5,CDR,2026-01-16
PER-0013,Ramya Bai,Person,PER-0053,Janani Krishnan,Person,Called,0.96,CDR,2025-09-30
PER-0013,Ramya Bai,Person,PER-0330,Indhu Sri,Person,Called,1.43,CDR,2025-03-09
PER-0013,Ramya Bai,Person,PER-0052,Mathan Raman,Person,Called,1.05,CDR,2026-01-12
PER-0013,Ramya Bai,Person,PER-0395,Udhay Ramasamy,Person,Called,1.87,CDR,2025-04-03
PER-0014,Ajith Velan,Person,PER-0015,Dinesh Subramani,Person,Reported-Suspect,6.0,FIR,10-01-2025
PER-0014,Ajith Velan,Person,PER-0087,Anand Krishnan,Person,Reported-Suspect,6.0,FIR,22-03-2025
PER-0014,Ajith Velan,Person,PER-0250,Vasanthi Kannan,Person,Called,0.5,CDR,2025-05-09
PER-0014,Ajith Velan,Person,PER-0226,Buvaneswari Sri,Person,Called,3.0,CDR,2026-06-12
PER-0014,Ajith Velan,Person,PER-0244,Thirumal Velan,Person,Called,0.8,CDR,2025-05-06
PER-0014,Ajith Velan,Person,PER-0240,Elango Prakash,Person,Called,1.76,CDR,2026-06-01
PER-0014,Ajith Velan,Person,PER-0372,Amudha Sri,Person,Called,0.5,CDR,2026-08-02
PER-0014,Ajith Velan,Person,PER-0187,Tamilarasan Palanisamy,Person,Called,1.56,CDR,2025-03-07
PER-0014,Ajith Velan,Person,PER-0072,Buvaneswari Kannan,Person,Called,0.62,CDR,2025-05-26
PER-0014,Ajith Velan,Person,PER-0339,Revathi Bai,Person,Called,1.88,CDR,2026-07-31
PER-0014,Ajith Velan,Person,PER-0022,Pandian Thangaraj,Person,Called,2.19,CDR,2026-01-03
PER-0014,Ajith Velan,Person,PER-0293,Babu Balan,Person,Called,1.35,CDR,2025-08-08
PER-0014,Ajith Velan,Person,PER-0179,Jagan Arumugam,Person,Called,1.16,CDR,2025-07-02
PER-0014,Ajith Velan,Person,PER-0120,Vidhya Devi,Person,Called,1.08,CDR,2025-09-05
PER-0014,Ajith Velan,Person,PER-0066,Sudha Sekar,Person,Called,1.36,CDR,2025-05-18
PER-0014,Ajith Velan,Person,PER-0123,Karthik Pandian,Person,Called,0.5,CDR,2025-01-01
PER-0014,Ajith Velan,Person,PER-0262,Praveen Anand,Person,Called,1.36,CDR,2026-06-01
PER-0014,Ajith Velan,Person,PER-0202,Saravanan Palanisamy,Person,Called,2.65,CDR,2026-04-04
PER-0014,Ajith Velan,Person,PER-0043,Arun Babu,Person,Called,2.07,CDR,2025-10-30
PER-0015,Dinesh Subramani,Person,PER-0016,Sanjay Mani,Person,Suspect-Associate,3.5,FIR,10-01-2025
PER-0015,Dinesh Subramani,Person,PER-0017,Tamilarasan Velan,Person,Suspect-Witness,1.5,FIR,10-01-2025
PER-0015,Dinesh Subramani,Person,PER-0141,Senthil Krishnan,Person,Suspect-Witness,7.5,FIR,05-06-2025
PER-0015,Dinesh Subramani,Person,PER-0181,Abirami Raj,Person,Suspect-Associate,3.5,FIR,17-06-2025
PER-0015,Dinesh Subramani,Person,PER-0063,Anitha Raman,Person,Associate-Witness,1.0,FIR,17-06-2025
PER-0015,Dinesh Subramani,Person,VEH-0010,Tn-39-Zz-1044,Vehicle,Used-Vehicle,1.5,FIR,17-06-2025
PER-0015,Dinesh Subramani,Person,PER-0186,Gopal Muthu,Person,Associate-Witness,1.0,FIR,20-06-2025
PER-0015,Dinesh Subramani,Person,PER-0142,Siva Muthu,Person,Associate-Witness,1.0,FIR,05-07-2025
PER-0015,Dinesh Subramani,Person,PER-0170,Janani Devi,Person,Suspect-Witness,1.5,FIR,07-08-2025
PER-0015,Dinesh Subramani,Person,PER-0203,Karthik Velan,Person,Suspect-Witness,3.0,FIR,06-08-2025
PER-0015,Dinesh Subramani,Person,PER-0070,Arun Muthu,Person,Associate-Witness,1.0,FIR,06-08-2025
PER-0015,Dinesh Subramani,Person,PER-0137,Gunasekar Anand,Person,Associate-Witness,1.0,FIR,12-08-2025
PER-0015,Dinesh Subramani,Person,PER-0074,Padmini Raj,Person,Reported-Suspect,3.0,FIR,29-10-2025
PER-0015,Dinesh Subramani,Person,PER-0226,Buvaneswari Sri,Person,Suspect-Witness,1.5,FIR,29-10-2025
PER-0015,Dinesh Subramani,Person,PER-0223,Gunasekar Murugan,Person,Victim-Suspect,3.0,FIR,29-10-2025
PER-0015,Dinesh Subramani,Person,PER-0020,Yogesh Raj,Person,Reported-Suspect,6.0,FIR,03-05-2026
PER-0015,Dinesh Subramani,Person,PER-0253,Harish Murugan,Person,Suspect-Associate,3.5,FIR,03-05-2026
PER-0015,Dinesh Subramani,Person,PER-0213,Hariharan Prakash,Person,Suspect-Witness,1.5,FIR,11-06-2026
PER-0015,Dinesh Subramani,Person,PER-0390,Vidhya Sri,Person,Reported-Suspect,6.0,FIR,02-07-2026
PER-0015,Dinesh Subramani,Person,PER-0391,Mohan Velan,Person,Suspect-Associate,3.5,FIR,02-07-2026
PER-0015,Dinesh Subramani,Person,PER-0083,Babu Selvam,Person,Reported-Suspect,6.0,FIR,20-08-2026
PER-0015,Dinesh Subramani,Person,PER-0029,Praveen Balan,Person,Suspect-Witness,1.5,FIR,20-08-2026
PER-0015,Dinesh Subramani,Person,PER-0062,Pandian Balan,Person,Called,2.91,CDR,2025-08-23
PER-0015,Dinesh Subramani,Person,PER-0053,Janani Krishnan,Person,Called,0.5,CDR,2025-12-26
PER-0015,Dinesh Subramani,Person,PER-0291,Mythili Murugan,Person,Called,1.42,CDR,2025-01-08
PER-0015,Dinesh Subramani,Person,PER-0270,Ravi Gopal,Person,Called,0.88,CDR,2026-07-22
PER-0015,Dinesh Subramani,Person,PER-0370,Kavitha Sri,Person,Called,0.5,CDR,2025-08-04
PER-0016,Sanjay Mani,Person,PER-0017,Tamilarasan Velan,Person,Associate-Witness,1.0,FIR,10-01-2025
PER-0016,Sanjay Mani,Person,PER-0137,Gunasekar Anand,Person,Suspect-Associate,7.0,FIR,08-05-2025
PER-0016,Sanjay Mani,Person,PER-0093,Vasanth Mani,Person,Associate-Witness,1.0,FIR,08-05-2025
PER-0016,Sanjay Mani,Person,VEH-0020,Tn-38-Yy-1022,Vehicle,Used-Vehicle,1.5,FIR,19-05-2025
PER-0016,Sanjay Mani,Person,PER-0203,Karthik Velan,Person,Suspect-Associate,3.5,FIR,05-09-2025
PER-0016,Sanjay Mani,Person,PER-0043,Arun Babu,Person,Associate-Witness,1.0,FIR,29-12-2025
PER-0016,Sanjay Mani,Person,PER-0247,Elango Shankar,Person,Suspect-Associate,3.5,FIR,12-05-2026
PER-0016,Sanjay Mani,Person,PER-0061,Dinesh Balan,Person,Called,0.5,CDR,2026-06-11
PER-0016,Sanjay Mani,Person,PER-0150,Pavithra Kannan,Person,Called,2.34,CDR,2026-03-14
PER-0016,Sanjay Mani,Person,PER-0155,Hariharan Ramasamy,Person,Called,3.0,CDR,2026-02-05
PER-0016,Sanjay Mani,Person,PER-0021,Vidhya Krishnan,Person,Called,0.5,CDR,2025-12-16
PER-0016,Sanjay Mani,Person,PER-0163,Rakesh Krishnan,Person,Called,3.0,CDR,2026-04-03
PER-0016,Sanjay Mani,Person,PER-0079,Jothi Bai,Person,Called,2.47,CDR,2026-07-26
PER-0016,Sanjay Mani,Person,PER-0223,Gunasekar Murugan,Person,Called,0.5,CDR,2025-01-21
PER-0016,Sanjay Mani,Person,PER-0025,Bhuvana Bai,Person,Called,2.4,CDR,2025-03-09
PER-0016,Sanjay Mani,Person,PER-0160,Mohan Natarajan,Person,Called,2.53,CDR,2025-03-04
PER-0016,Sanjay Mani,Person,PER-0306,Dharani Selvam,Person,Called,2.57,CDR,2025-02-01
PER-0016,Sanjay Mani,Person,PER-0343,Malathi Murugan,Person,Called,3.0,CDR,2025-02-15
PER-0017,Tamilarasan Velan,Person,PER-0240,Elango Prakash,Person,Suspect-Witness,1.5,FIR,14-08-2025
PER-0017,Tamilarasan Velan,Person,PER-0043,Arun Babu,Person,Suspect-Witness,1.5,FIR,07-01-2026
PER-0017,Tamilarasan Velan,Person,PER-0267,Siva Selvam,Person,Associate-Witness,1.0,FIR,07-01-2026
PER-0017,Tamilarasan Velan,Person,PER-0184,Prakash Muthu,Person,Suspect-Witness,1.5,FIR,09-02-2026
PER-0017,Tamilarasan Velan,Person,PER-0142,Siva Muthu,Person,Associate-Witness,1.0,FIR,09-02-2026
PER-0017,Tamilarasan Velan,Person,PER-0351,Rajesh Chandran,Person,Called,0.5,CDR,2026-07-03
PER-0017,Tamilarasan Velan,Person,PER-0308,Kannan Shankar,Person,Called,2.84,CDR,2025-06-15
PER-0017,Tamilarasan Velan,Person,PER-0190,Dharani Thangaraj,Person,Called,1.15,CDR,2026-03-31
PER-0017,Tamilarasan Velan,Person,PER-0366,Deepak Muthu,Person,Called,1.44,CDR,2026-03-03
PER-0017,Tamilarasan Velan,Person,PER-0102,Malathi Kumari,Person,Called,2.54,CDR,2025-08-21
PER-0017,Tamilarasan Velan,Person,PER-0279,Rakesh Muthu,Person,Called,1.46,CDR,2025-06-17
PER-0017,Tamilarasan Velan,Person,PER-0073,Gokul Sundaram,Person,Called,3.0,CDR,2025-11-13
PER-0017,Tamilarasan Velan,Person,PER-0097,Rajesh Mani,Person,Called,1.94,CDR,2025-07-21
PER-0017,Tamilarasan Velan,Person,PER-0206,Mathan Velan,Person,Called,2.88,CDR,2025-03-29
PER-0017,Tamilarasan Velan,Person,PER-0094,Bharathi Ammal,Person,Called,0.5,CDR,2025-09-23
PER-0017,Tamilarasan Velan,Person,PER-0099,Kavitha Selvam,Person,Called,3.0,CDR,2025-03-19
PER-0017,Tamilarasan Velan,Person,PER-0035,Nandhini Sekar,Person,Called,2.73,CDR,2025-02-28
PER-0017,Tamilarasan Velan,Person,PER-0045,Elango Ramasamy,Person,Called,3.0,CDR,2026-01-17
PER-0017,Tamilarasan Velan,Person,PER-0176,Jagan Shankar,Person,Called,1.45,CDR,2025-06-08
PER-0017,Tamilarasan Velan,Person,PER-0363,Gunasekar Prakash,Person,Called,0.5,CDR,2025-06-01
PER-0018,Hemanth Murugan,Person,PER-0019,Madhan Palanisamy,Person,Reported-Suspect,6.0,FIR,15-01-2025
PER-0018,Hemanth Murugan,Person,PER-0022,Pandian Thangaraj,Person,Reported-Suspect,12.0,FIR,22-02-2025
PER-0018,Hemanth Murugan,Person,PER-0067,Logesh Karuppasamy,Person,Reported-Suspect,6.0,FIR,15-03-2026
PER-0018,Hemanth Murugan,Person,PER-0272,Divya Devi,Person,Called,0.5,CDR,2025-09-13
PER-0018,Hemanth Murugan,Person,PER-0182,Saravanan Sundaram,Person,Called,2.1,CDR,2025-07-15
PER-0018,Hemanth Murugan,Person,PER-0203,Karthik Velan,Person,Called,2.54,CDR,2026-05-23
PER-0018,Hemanth Murugan,Person,PER-0345,Sanjay Anand,Person,Called,0.5,CDR,2026-02-07
PER-0018,Hemanth Murugan,Person,PER-0295,Gopal Karuppasamy,Person,Called,2.32,CDR,2025-04-16
PER-0018,Hemanth Murugan,Person,PER-0131,Chithra Raj,Person,Called,0.5,CDR,2026-05-31
PER-0018,Hemanth Murugan,Person,PER-0166,Yogesh Balan,Person,Called,2.59,CDR,2025-06-09
PER-0018,Hemanth Murugan,Person,PER-0148,Kishore Selvam,Person,Called,0.99,CDR,2025-09-09
PER-0018,Hemanth Murugan,Person,PER-0146,Siva Sekar,Person,Called,0.5,CDR,2025-10-06
PER-0018,Hemanth Murugan,Person,PER-0232,Yogesh Raman,Person,Called,1.29,CDR,2025-10-22
PER-0018,Hemanth Murugan,Person,PER-0023,Ganesh Shankar,Person,Called,1.28,CDR,2026-07-22
PER-0018,Hemanth Murugan,Person,PER-0137,Gunasekar Anand,Person,Called,2.47,CDR,2025-03-02
PER-0018,Hemanth Murugan,Person,PER-0374,Lokesh Murugan,Person,Called,0.5,CDR,2025-10-18
PER-0018,Hemanth Murugan,Person,PER-0349,Padmini Rani,Person,Called,1.56,CDR,2025-10-23
PER-0018,Hemanth Murugan,Person,PER-0202,Saravanan Palanisamy,Person,Called,2.92,CDR,2025-01-09
PER-0019,Madhan Palanisamy,Person,VEH-0002,Tn-38-Yy-1073,Vehicle,Used-Vehicle,2.0,FIR,15-01-2025
PER-0019,Madhan Palanisamy,Person,PER-0100,Balaji Karuppasamy,Person,Suspect-Witness,3.0,FIR,19-04-2025
PER-0019,Madhan Palanisamy,Person,PER-0113,Jagan Raman,Person,Suspect-Witness,3.0,FIR,19-05-2025
PER-0019,Madhan Palanisamy,Person,PER-0093,Vasanth Mani,Person,Associate-Witness,1.0,FIR,19-05-2025
PER-0019,Madhan Palanisamy,Person,PER-0244,Thirumal Velan,Person,Suspect-Associate,3.5,FIR,22-08-2025
PER-0019,Madhan Palanisamy,Person,PER-0206,Mathan Velan,Person,Suspect-Associate,7.0,FIR,05-10-2025
PER-0019,Madhan Palanisamy,Person,PER-0122,Abirami Sri,Person,Associate-Witness,1.0,FIR,05-10-2025
PER-0019,Madhan Palanisamy,Person,PER-0142,Siva Muthu,Person,Associate-Witness,1.0,FIR,15-10-2025
PER-0019,Madhan Palanisamy,Person,PER-0277,Karthik Rajan,Person,Suspect-Associate,3.5,FIR,16-12-2025
PER-0019,Madhan Palanisamy,Person,PER-0173,Manoj Karuppasamy,Person,Associate-Witness,1.0,FIR,16-12-2025
PER-0019,Madhan Palanisamy,Person,PER-0024,Nithin Velan,Person,Associate-Witness,1.0,FIR,23-12-2025
PER-0019,Madhan Palanisamy,Person,PER-0187,Tamilarasan Palanisamy,Person,Reported-Suspect,6.0,FIR,18-01-2026
PER-0019,Madhan Palanisamy,Person,PER-0148,Kishore Selvam,Person,Suspect-Witness,1.5,FIR,18-01-2026
PER-0019,Madhan Palanisamy,Person,PER-0356,Senthil Natarajan,Person,Suspect-Associate,3.5,FIR,17-03-2026
PER-0019,Madhan Palanisamy,Person,PER-0074,Padmini Raj,Person,Associate-Witness,3.3,FIR,17-03-2026
PER-0019,Madhan Palanisamy,Person,PER-0131,Chithra Raj,Person,Reported-Suspect,6.0,FIR,19-06-2026
PER-0019,Madhan Palanisamy,Person,PER-0384,Naveen Muthu,Person,Suspect-Associate,3.5,FIR,19-06-2026
PER-0019,Madhan Palanisamy,Person,PER-0146,Siva Sekar,Person,Suspect-Witness,1.5,FIR,19-06-2026
PER-0019,Madhan Palanisamy,Person,PER-0369,Hemanth Arumugam,Person,Suspect-Associate,3.5,FIR,18-08-2026
PER-0019,Madhan Palanisamy,Person,PER-0252,Kalaiselvi Sri,Person,Called,1.88,CDR,2026-01-25
PER-0019,Madhan Palanisamy,Person,PER-0257,Geetha Kumari,Person,Called,0.5,CDR,2025-12-25
PER-0019,Madhan Palanisamy,Person,PER-0235,Nithin Subramani,Person,Called,1.84,CDR,2026-04-15
PER-0019,Madhan Palanisamy,Person,PER-0160,Mohan Natarajan,Person,Called,2.71,CDR,2026-06-24
PER-0020,Yogesh Raj,Person,PER-0095,Udhay Anand,Person,Reported-Suspect,6.0,FIR,03-04-2025
PER-0020,Yogesh Raj,Person,PER-0360,Sanjay Palanisamy,Person,Reported-Suspect,6.0,FIR,05-04-2026
PER-0020,Yogesh Raj,Person,PER-0220,Vijay Rajan,Person,Called,0.5,CDR,2025-02-24
PER-0020,Yogesh Raj,Person,PER-0205,Ajith Sekar,Person,Called,0.5,CDR,2026-02-05
PER-0020,Yogesh Raj,Person,PER-0394,Hemanth Nathan,Person,Called,2.79,CDR,2025-08-07
PER-0020,Yogesh Raj,Person,PER-0311,Meena Krishnan,Person,Called,2.31,CDR,2025-01-06
PER-0020,Yogesh Raj,Person,PER-0054,Vasanth Chandran,Person,Called,2.16,CDR,2025-09-01
PER-0020,Yogesh Raj,Person,PER-0286,Gopal Gopal,Person,Called,2.71,CDR,2025-06-12
PER-0020,Yogesh Raj,Person,PER-0269,Selvam Natarajan,Person,Called,1.23,CDR,2026-06-14
PER-0020,Yogesh Raj,Person,PER-0235,Nithin Subramani,Person,Called,0.5,CDR,2025-07-03
PER-0020,Yogesh Raj,Person,PER-0326,Gopal Balan,Person,Called,0.5,CDR,2025-09-26
PER-0020,Yogesh Raj,Person,PER-0195,Vidhya Ammal,Person,Called,0.83,CDR,2025-11-16
PER-0020,Yogesh Raj,Person,PER-0226,Buvaneswari Sri,Person,Called,0.5,CDR,2025-12-31
PER-0020,Yogesh Raj,Person,PER-0299,Hemanth Raj,Person,Called,1.2,CDR,2025-01-17
PER-0020,Yogesh Raj,Person,PER-0034,Mathan Chandran,Person,Called,2.04,CDR,2026-06-25
PER-0020,Yogesh Raj,Person,PER-0330,Indhu Sri,Person,Called,1.98,CDR,2026-06-10
PER-0020,Yogesh Raj,Person,PER-0236,Durga Sekar,Person,Called,0.5,CDR,2025-06-20
PER-0020,Yogesh Raj,Person,PER-0185,Jagan Sekar,Person,Called,0.5,CDR,2025-07-20
PER-0020,Yogesh Raj,Person,PER-0366,Deepak Muthu,Person,Called,0.97,CDR,2026-05-10
PER-0020,Yogesh Raj,Person,PER-0204,Keerthana Sri,Person,Called,0.5,CDR,2025-03-21
PER-0020,Yogesh Raj,Person,PER-0251,Kishore Velan,Person,Called,0.5,CDR,2025-12-31
PER-0021,Vidhya Krishnan,Person,PER-0022,Pandian Thangaraj,Person,Reported-Suspect,6.0,FIR,21-01-2025
PER-0021,Vidhya Krishnan,Person,PER-0100,Balaji Karuppasamy,Person,Reported-Suspect,6.0,FIR,26-06-2025
PER-0021,Vidhya Krishnan,Person,PER-0210,Harish Mani,Person,Complainant-Victim,2.0,FIR,02-03-2026
PER-0021,Vidhya Krishnan,Person,PER-0167,Saravanan Selvam,Person,Called,2.3,CDR,2025-10-09
PER-0021,Vidhya Krishnan,Person,PER-0179,Jagan Arumugam,Person,Called,0.74,CDR,2026-03-09
PER-0021,Vidhya Krishnan,Person,PER-0197,Thirumal Sekar,Person,Called,1.0,CDR,2025-06-21
PER-0021,Vidhya Krishnan,Person,PER-0214,Dharani Anand,Person,Called,2.87,CDR,2025-08-06
PER-0021,Vidhya Krishnan,Person,PER-0270,Ravi Gopal,Person,Called,0.5,CDR,2025-10-17
PER-0021,Vidhya Krishnan,Person,PER-0330,Indhu Sri,Person,Called,1.73,CDR,2026-03-01
PER-0021,Vidhya Krishnan,Person,PER-0031,Prakash Palanisamy,Person,Called,0.5,CDR,2026-03-10
PER-0021,Vidhya Krishnan,Person,PER-0157,Ganesh Natarajan,Person,Called,3.0,CDR,2025-10-10
PER-0021,Vidhya Krishnan,Person,PER-0139,Logesh Palanisamy,Person,Called,3.0,CDR,2025-01-18
PER-0021,Vidhya Krishnan,Person,PER-0352,Yuvaraj Natarajan,Person,Called,0.5,CDR,2026-05-28
PER-0021,Vidhya Krishnan,Person,PER-0144,Padmini Bai,Person,Called,2.04,CDR,2026-05-10
PER-0021,Vidhya Krishnan,Person,PER-0110,Harish Babu,Person,Called,2.07,CDR,2025-01-20
PER-0021,Vidhya Krishnan,Person,PER-0074,Padmini Raj,Person,Called,0.5,CDR,2026-06-27
PER-0021,Vidhya Krishnan,Person,PER-0382,Gayathri Krishnan,Person,Called,2.1,CDR,2026-02-05
PER-0021,Vidhya Krishnan,Person,PER-0376,Harish Pandian,Person,Called,0.5,CDR,2025-05-26
PER-0021,Vidhya Krishnan,Person,PER-0372,Amudha Sri,Person,Called,2.79,CDR,2025-10-14
PER-0021,Vidhya Krishnan,Person,PER-0129,Kishore Babu,Person,Called,0.5,CDR,2025-12-14
PER-0021,Vidhya Krishnan,Person,PER-0311,Meena Krishnan,Person,Called,2.63,CDR,2025-10-16
PER-0021,Vidhya Krishnan,Person,PER-0223,Gunasekar Murugan,Person,Called,3.0,CDR,2025-05-28
PER-0022,Pandian Thangaraj,Person,PER-0023,Ganesh Shankar,Person,Suspect-Associate,7.0,FIR,21-01-2025
PER-0022,Pandian Thangaraj,Person,PER-0024,Nithin Velan,Person,Suspect-Witness,1.5,FIR,21-01-2025
PER-0022,Pandian Thangaraj,Person,VEH-0003,Tn-38-Xx-1054,Vehicle,Used-Vehicle,2.0,FIR,21-01-2025
PER-0022,Pandian Thangaraj,Person,PER-0049,Madhan Kumar,Person,Suspect-Witness,1.5,FIR,22-02-2025
PER-0022,Pandian Thangaraj,Person,VEH-0006,Kl-07-Yy-1055,Vehicle,Used-Vehicle,2.0,FIR,22-02-2025
PER-0022,Pandian Thangaraj,Person,PER-0055,Arun Natarajan,Person,Reported-Suspect,6.0,FIR,26-02-2025
PER-0022,Pandian Thangaraj,Person,VEH-0007,Tn-68-Xx-1018,Vehicle,Used-Vehicle,2.0,FIR,26-02-2025
PER-0022,Pandian Thangaraj,Person,PER-0040,Deepa Selvam,Person,Reported-Suspect,6.0,FIR,01-03-2025
PER-0022,Pandian Thangaraj,Person,PER-0058,Revathi Ammal,Person,Suspect-Associate,3.5,FIR,01-03-2025
PER-0022,Pandian Thangaraj,Person,PER-0064,Ezhilan Palanisamy,Person,Suspect-Witness,1.5,FIR,01-03-2025
PER-0022,Pandian Thangaraj,Person,VEH-0009,Tn-01-Xx-1057,Vehicle,Used-Vehicle,2.0,FIR,01-03-2025
PER-0022,Pandian Thangaraj,Person,PER-0027,Sanjay Raj,Person,Reported-Suspect,6.0,FIR,27-04-2025
PER-0022,Pandian Thangaraj,Person,PER-0122,Abirami Sri,Person,Suspect-Witness,1.5,FIR,27-04-2025
PER-0022,Pandian Thangaraj,Person,VEH-0018,Tn-45-Xx-1060,Vehicle,Used-Vehicle,2.0,FIR,27-04-2025
PER-0022,Pandian Thangaraj,Person,PER-0320,Kavitha Devi,Person,Called,0.5,CDR,2026-06-18
PER-0022,Pandian Thangaraj,Person,PER-0343,Malathi Murugan,Person,Called,0.57,CDR,2026-06-29
PER-0022,Pandian Thangaraj,Person,PER-0135,Vasanthi Bai,Person,Called,0.5,CDR,2025-09-20
PER-0022,Pandian Thangaraj,Person,PER-0125,Saranya Murugan,Person,Called,3.0,CDR,2025-12-28
PER-0022,Pandian Thangaraj,Person,PER-0394,Hemanth Nathan,Person,Called,1.26,CDR,2025-03-14
PER-0022,Pandian Thangaraj,Person,PER-0223,Gunasekar Murugan,Person,Called,0.5,CDR,2025-07-12
PER-0022,Pandian Thangaraj,Person,PER-0244,Thirumal Velan,Person,Called,0.5,CDR,2026-01-27
PER-0022,Pandian Thangaraj,Person,PER-0210,Harish Mani,Person,Called,0.5,CDR,2025-06-22
PER-0022,Pandian Thangaraj,Person,PER-0253,Harish Murugan,Person,Called,1.23,CDR,2025-03-22
PER-0022,Pandian Thangaraj,Person,PER-0170,Janani Devi,Person,Called,1.61,CDR,2025-07-29
PER-0022,Pandian Thangaraj,Person,PER-0086,Prakash Chandran,Person,Called,0.5,CDR,2026-05-24
PER-0022,Pandian Thangaraj,Person,PER-0391,Mohan Velan,Person,Called,1.62,CDR,2025-05-10
PER-0023,Ganesh Shankar,Person,PER-0024,Nithin Velan,Person,Associate-Witness,1.0,FIR,21-01-2025
PER-0023,Ganesh Shankar,Person,VEH-0003,Tn-38-Xx-1054,Vehicle,Used-Vehicle,1.5,FIR,21-01-2025
PER-0023,Ganesh Shankar,Person,PER-0051,Mohan Kumar,Person,Suspect-Associate,3.5,FIR,18-04-2025
PER-0023,Ganesh Shankar,Person,PER-0122,Abirami Sri,Person,Associate-Witness,2.0,FIR,18-04-2025
PER-0023,Ganesh Shankar,Person,VEH-0018,Tn-45-Xx-1060,Vehicle,Used-Vehicle,1.5,FIR,27-04-2025
PER-0023,Ganesh Shankar,Person,PER-0183,Venkat Palanisamy,Person,Suspect-Witness,3.0,FIR,24-07-2025
PER-0023,Ganesh Shankar,Person,PER-0127,Udhay Muthu,Person,Associate-Witness,2.0,FIR,24-07-2025
PER-0023,Ganesh Shankar,Person,PER-0184,Prakash Muthu,Person,Associate-Witness,6.0,FIR,27-08-2025
PER-0023,Ganesh Shankar,Person,PER-0306,Dharani Selvam,Person,Suspect-Witness,1.5,FIR,17-11-2025
PER-0023,Ganesh Shankar,Person,PER-0352,Yuvaraj Natarajan,Person,Suspect-Witness,1.5,FIR,19-03-2026
PER-0023,Ganesh Shankar,Person,PER-0142,Siva Muthu,Person,Associate-Witness,1.0,FIR,19-03-2026
PER-0023,Ganesh Shankar,Person,PER-0359,Suresh Thangaraj,Person,Reported-Suspect,3.0,FIR,03-04-2026
PER-0023,Ganesh Shankar,Person,PER-0307,Deviga Krishnan,Person,Victim-Suspect,3.0,FIR,03-04-2026
PER-0023,Ganesh Shankar,Person,PER-0169,Anitha Raj,Person,Reported-Suspect,3.0,FIR,17-04-2026
PER-0023,Ganesh Shankar,Person,PER-0226,Buvaneswari Sri,Person,Victim-Suspect,5.53,FIR,17-04-2026
PER-0023,Ganesh Shankar,Person,VEH-0065,Tn-38-Zz-1005,Vehicle,Used-Vehicle,2.0,FIR,17-04-2026
PER-0023,Ganesh Shankar,Person,PER-0031,Prakash Palanisamy,Person,Associate-Witness,1.0,FIR,24-04-2026
PER-0023,Ganesh Shankar,Person,PER-0067,Logesh Karuppasamy,Person,Suspect-Associate,7.0,FIR,01-05-2026
PER-0023,Ganesh Shankar,Person,PER-0104,Padmini Sri,Person,Associate-Witness,1.0,FIR,01-05-2026
PER-0023,Ganesh Shankar,Person,PER-0152,Pavithra Bai,Person,Associate-Witness,1.0,FIR,09-05-2026
PER-0023,Ganesh Shankar,Person,PER-0101,Abirami Sekar,Person,Reported-Suspect,6.0,FIR,01-06-2026
PER-0023,Ganesh Shankar,Person,PER-0191,Rajesh Krishnan,Person,Suspect-Witness,1.5,FIR,01-06-2026
PER-0023,Ganesh Shankar,Person,PER-0190,Dharani Thangaraj,Person,Reported-Suspect,6.0,FIR,19-06-2026
PER-0023,Ganesh Shankar,Person,PER-0043,Arun Babu,Person,Suspect-Associate,3.5,FIR,19-06-2026
PER-0023,Ganesh Shankar,Person,PER-0054,Vasanth Chandran,Person,Suspect-Witness,1.5,FIR,19-06-2026
PER-0023,Ganesh Shankar,Person,PER-0253,Harish Murugan,Person,Suspect-Witness,1.5,FIR,02-07-2026
PER-0023,Ganesh Shankar,Person,PER-0047,Uma Raj,Person,Reported-Suspect,6.0,FIR,07-07-2026
PER-0023,Ganesh Shankar,Person,PER-0116,Latha Sekar,Person,Called,3.0,CDR,2025-05-25
PER-0023,Ganesh Shankar,Person,PER-0094,Bharathi Ammal,Person,Called,2.72,CDR,2026-01-19
PER-0023,Ganesh Shankar,Person,PER-0367,Yogesh Sekar,Person,Called,0.5,CDR,2026-03-11
PER-0023,Ganesh Shankar,Person,PER-0312,Deepa Devi,Person,Called,3.0,CDR,2025-03-19
PER-0023,Ganesh Shankar,Person,PER-0137,Gunasekar Anand,Person,Called,2.42,CDR,2025-10-29
PER-0023,Ganesh Shankar,Person,PER-0187,Tamilarasan Palanisamy,Person,Called,0.5,CDR,2025-01-24
PER-0024,Nithin Velan,Person,PER-0130,Ramesh Pandian,Person,Associate-Witness,1.0,FIR,15-06-2025
PER-0024,Nithin Velan,Person,PER-0206,Mathan Velan,Person,Suspect-Witness,3.0,FIR,25-08-2025
PER-0024,Nithin Velan,Person,PER-0178,Saravanan Anand,Person,Suspect-Associate,3.5,FIR,23-10-2025
PER-0024,Nithin Velan,Person,PER-0103,Udhay Pandian,Person,Associate-Witness,1.0,FIR,23-10-2025
PER-0024,Nithin Velan,Person,VEH-0001,Tn-47-Zz-1038,Vehicle,Used-Vehicle,1.5,FIR,23-10-2025
PER-0024,Nithin Velan,Person,PER-0185,Jagan Sekar,Person,Reported-Suspect,6.0,FIR,18-03-2026
PER-0024,Nithin Velan,Person,PER-0337,Jeeva Muthu,Person,Suspect-Associate,3.5,FIR,18-03-2026
PER-0024,Nithin Velan,Person,PER-0226,Buvaneswari Sri,Person,Suspect-Witness,1.5,FIR,18-03-2026
PER-0024,Nithin Velan,Person,PER-0357,Vijay Raman,Person,Suspect-Associate,10.5,FIR,23-03-2026
PER-0024,Nithin Velan,Person,PER-0104,Padmini Sri,Person,Associate-Witness,7.0,FIR,23-03-2026
PER-0024,Nithin Velan,Person,VEH-0063,Tn-72-Yy-1031,Vehicle,Used-Vehicle,1.5,FIR,23-03-2026
PER-0024,Nithin Velan,Person,VEH-0072,Tn-01-Xx-1033,Vehicle,Used-Vehicle,1.5,FIR,10-05-2026
PER-0024,Nithin Velan,Person,PER-0146,Siva Sekar,Person,Suspect-Witness,1.5,FIR,10-05-2026
PER-0024,Nithin Velan,Person,PER-0085,Madhan Murugan,Person,Associate-Witness,1.0,FIR,24-06-2026
PER-0024,Nithin Velan,Person,VEH-0073,Tn-47-Yy-1034,Vehicle,Used-Vehicle,1.5,FIR,24-06-2026
PER-0024,Nithin Velan,Person,PER-0192,Dinesh Raj,Person,Called,0.5,CDR,2025-04-19
PER-0024,Nithin Velan,Person,PER-0346,Inban Pandian,Person,Called,2.05,CDR,2025-05-04
PER-0024,Nithin Velan,Person,PER-0137,Gunasekar Anand,Person,Called,2.89,CDR,2025-08-23
PER-0024,Nithin Velan,Person,PER-0370,Kavitha Sri,Person,Called,0.82,CDR,2026-08-01
PER-0024,Nithin Velan,Person,PER-0306,Dharani Selvam,Person,Called,0.5,CDR,2025-10-26
PER-0024,Nithin Velan,Person,PER-0182,Saravanan Sundaram,Person,Called,0.5,CDR,2026-01-14
PER-0024,Nithin Velan,Person,PER-0173,Manoj Karuppasamy,Person,Called,0.53,CDR,2026-05-27
PER-0025,Bhuvana Bai,Person,PER-0026,Hariharan Subramani,Person,Reported-Suspect,6.0,FIR,25-01-2025
PER-0025,Bhuvana Bai,Person,PER-0259,Chithra Kannan,Person,Reported-Suspect,6.0,FIR,06-09-2025
PER-0025,Bhuvana Bai,Person,PER-0261,Nithya Rani,Person,Complainant-Victim,2.0,FIR,01-07-2026
PER-0025,Bhuvana Bai,Person,PER-0132,Arjun Shankar,Person,Reported-Suspect,3.0,FIR,01-07-2026
PER-0025,Bhuvana Bai,Person,PER-0102,Malathi Kumari,Person,Called,2.26,CDR,2025-07-25
PER-0025,Bhuvana Bai,Person,PER-0147,Kumaran Prakash,Person,Called,0.5,CDR,2025-04-29
PER-0025,Bhuvana Bai,Person,PER-0273,Lakshmi Raman,Person,Called,1.57,CDR,2025-06-13
PER-0025,Bhuvana Bai,Person,PER-0171,Arun Selvam,Person,Called,2.4,CDR,2026-02-11
PER-0025,Bhuvana Bai,Person,PER-0190,Dharani Thangaraj,Person,Called,3.0,CDR,2025-01-31
PER-0025,Bhuvana Bai,Person,PER-0053,Janani Krishnan,Person,Called,0.5,CDR,2026-03-11
PER-0025,Bhuvana Bai,Person,PER-0201,Praveen Kumar,Person,Called,3.0,CDR,2025-03-18
PER-0025,Bhuvana Bai,Person,PER-0346,Inban Pandian,Person,Called,3.0,CDR,2026-07-13
PER-0025,Bhuvana Bai,Person,PER-0182,Saravanan Sundaram,Person,Called,0.5,CDR,2025-12-17
PER-0025,Bhuvana Bai,Person,PER-0161,Rajeshwari Ammal,Person,Called,0.5,CDR,2025-02-10
PER-0025,Bhuvana Bai,Person,PER-0344,Malathi Bai,Person,Called,0.79,CDR,2025-02-14
PER-0025,Bhuvana Bai,Person,PER-0401,Harini Selvam,Person,Called,0.5,CDR,2025-08-02
PER-0025,Bhuvana Bai,Person,PER-0108,Murugan Karuppasamy,Person,Called,0.5,CDR,2026-02-25
PER-0025,Bhuvana Bai,Person,PER-0091,Vignesh Balan,Person,Called,1.66,CDR,2025-03-15
PER-0025,Bhuvana Bai,Person,PER-0163,Rakesh Krishnan,Person,Called,2.93,CDR,2025-12-03
PER-0025,Bhuvana Bai,Person,PER-0084,Gokul Gopal,Person,Called,1.5,CDR,2025-03-28
PER-0026,Hariharan Subramani,Person,PER-0162,Karthik Thangaraj,Person,Suspect-Associate,7.0,FIR,14-06-2025
PER-0026,Hariharan Subramani,Person,PER-0143,Yuvaraj Selvam,Person,Associate-Witness,1.0,FIR,10-08-2025
PER-0026,Hariharan Subramani,Person,PER-0382,Gayathri Krishnan,Person,Reported-Suspect,6.0,FIR,11-06-2026
PER-0026,Hariharan Subramani,Person,VEH-0064,Tn-58-Zz-1035,Vehicle,Used-Vehicle,2.0,FIR,11-06-2026
PER-0026,Hariharan Subramani,Person,PER-0068,Jagan Gopal,Person,Called,3.0,CDR,2025-09-19
PER-0026,Hariharan Subramani,Person,PER-0389,Babu Krishnan,Person,Called,2.07,CDR,2025-12-28
PER-0026,Hariharan Subramani,Person,PER-0042,Rakesh Anand,Person,Called,3.8,CDR,2026-06-09
PER-0026,Hariharan Subramani,Person,PER-0148,Kishore Selvam,Person,Called,3.0,CDR,2025-02-12
PER-0026,Hariharan Subramani,Person,PER-0081,Dinesh Nathan,Person,Called,3.0,CDR,2025-10-24
PER-0026,Hariharan Subramani,Person,PER-0090,Anand Natarajan,Person,Called,0.5,CDR,2025-01-11
PER-0026,Hariharan Subramani,Person,PER-0343,Malathi Murugan,Person,Called,0.5,CDR,2026-03-31
PER-0026,Hariharan Subramani,Person,PER-0271,Kumaran Subramani,Person,Called,0.5,CDR,2026-05-02
PER-0027,Sanjay Raj,Person,PER-0028,Selvam Rajan,Person,Reported-Suspect,6.0,FIR,28-01-2025
PER-0027,Sanjay Raj,Person,PER-0087,Anand Krishnan,Person,Reported-Suspect,6.0,FIR,16-05-2025
PER-0027,Sanjay Raj,Person,PER-0194,Rakesh Gopal,Person,Reported-Suspect,6.0,FIR,02-07-2025
PER-0027,Sanjay Raj,Person,PER-0202,Saravanan Palanisamy,Person,Complainant-Victim,2.0,FIR,10-07-2025
PER-0027,Sanjay Raj,Person,PER-0039,Jeeva Natarajan,Person,Reported-Suspect,6.0,FIR,29-08-2025
PER-0027,Sanjay Raj,Person,PER-0113,Jagan Raman,Person,Reported-Suspect,6.0,FIR,15-10-2025
PER-0027,Sanjay Raj,Person,PER-0203,Karthik Velan,Person,Reported-Suspect,6.0,FIR,22-10-2025
PER-0027,Sanjay Raj,Person,PER-0331,Sanjay Velan,Person,Reported-Suspect,6.0,FIR,05-01-2026
PER-0027,Sanjay Raj,Person,PER-0300,Logesh Subramani,Person,Reported-Suspect,6.0,FIR,01-04-2026
PER-0027,Sanjay Raj,Person,PER-0052,Mathan Raman,Person,Reported-Suspect,9.0,FIR,18-05-2026
PER-0027,Sanjay Raj,Person,PER-0379,Gopal Mani,Person,Reported-Suspect,12.0,FIR,24-05-2026
PER-0027,Sanjay Raj,Person,PER-0280,Sanjay Gopal,Person,Reported-Suspect,6.0,FIR,21-07-2026
PER-0027,Sanjay Raj,Person,PER-0365,Karthik Shankar,Person,Reported-Suspect,6.0,FIR,12-09-2026
PER-0027,Sanjay Raj,Person,PER-0320,Kavitha Devi,Person,Called,1.09,CDR,2025-10-22
PER-0027,Sanjay Raj,Person,PER-0291,Mythili Murugan,Person,Called,0.98,CDR,2026-04-07
PER-0027,Sanjay Raj,Person,PER-0083,Babu Selvam,Person,Called,1.91,CDR,2025-04-22
PER-0027,Sanjay Raj,Person,PER-0234,Siva Velan,Person,Called,2.56,CDR,2025-05-15
PER-0027,Sanjay Raj,Person,PER-0217,Sathish Subramani,Person,Called,0.5,CDR,2026-03-11
PER-0027,Sanjay Raj,Person,PER-0055,Arun Natarajan,Person,Called,0.68,CDR,2025-08-03
PER-0027,Sanjay Raj,Person,PER-0147,Kumaran Prakash,Person,Called,1.58,CDR,2025-03-04
PER-0027,Sanjay Raj,Person,PER-0088,Naveen Natarajan,Person,Called,2.7,CDR,2026-04-28
PER-0027,Sanjay Raj,Person,PER-0204,Keerthana Sri,Person,Called,2.78,CDR,2026-01-01
PER-0028,Selvam Rajan,Person,PER-0029,Praveen Balan,Person,Suspect-Witness,1.5,FIR,28-01-2025
PER-0028,Selvam Rajan,Person,PER-0055,Arun Natarajan,Person,Reported-Suspect,6.0,FIR,18-10-2025
PER-0028,Selvam Rajan,Person,PER-0298,Suresh Selvam,Person,Suspect-Associate,3.5,FIR,18-10-2025
PER-0028,Selvam Rajan,Person,PER-0141,Senthil Krishnan,Person,Called,2.06,CDR,2026-04-03
PER-0028,Selvam Rajan,Person,PER-0246,Kishore Pandian,Person,Called,2.52,CDR,2026-03-06
PER-0028,Selvam Rajan,Person,PER-0106,Elango Krishnan,Person,Called,2.72,CDR,2025-08-23
PER-0028,Selvam Rajan,Person,PER-0287,Venkat Prakash,Person,Called,2.7,CDR,2025-04-22
PER-0028,Selvam Rajan,Person,PER-0348,Arun Raj,Person,Called,1.81,CDR,2026-03-04
PER-0028,Selvam Rajan,Person,PER-0182,Saravanan Sundaram,Person,Called,2.86,CDR,2025-07-11
PER-0028,Selvam Rajan,Person,PER-0101,Abirami Sekar,Person,Called,3.0,CDR,2025-12-06
PER-0028,Selvam Rajan,Person,PER-0367,Yogesh Sekar,Person,Called,0.6,CDR,2026-05-19
PER-0029,Praveen Balan,Person,PER-0159,Divya Murugan,Person,Associate-Witness,1.0,FIR,21-05-2025
PER-0029,Praveen Balan,Person,PER-0227,Ezhilan Ramasamy,Person,Suspect-Witness,1.5,FIR,30-07-2025
PER-0029,Praveen Balan,Person,PER-0228,Nandha Natarajan,Person,Associate-Witness,1.0,FIR,30-07-2025
PER-0029,Praveen Balan,Person,PER-0297,Karthik Balan,Person,Suspect-Witness,1.5,FIR,05-12-2025
PER-0029,Praveen Balan,Person,PER-0365,Karthik Shankar,Person,Suspect-Witness,3.0,FIR,08-04-2026
PER-0029,Praveen Balan,Person,PER-0253,Harish Murugan,Person,Associate-Witness,1.0,FIR,08-04-2026
PER-0029,Praveen Balan,Person,PER-0034,Mathan Chandran,Person,Associate-Witness,1.0,FIR,14-06-2026
PER-0029,Praveen Balan,Person,PER-0241,Malathi Ammal,Person,Called,2.67,CDR,2025-05-05
PER-0029,Praveen Balan,Person,PER-0368,Gokul Babu,Person,Called,1.5,CDR,2025-12-21
PER-0029,Praveen Balan,Person,PER-0123,Karthik Pandian,Person,Called,0.5,CDR,2025-04-07
PER-0029,Praveen Balan,Person,PER-0068,Jagan Gopal,Person,Called,2.35,CDR,2025-12-15
PER-0029,Praveen Balan,Person,PER-0334,Latha Ammal,Person,Called,1.55,CDR,2026-06-25
PER-0029,Praveen Balan,Person,PER-0125,Saranya Murugan,Person,Called,1.01,CDR,2025-03-23
PER-0029,Praveen Balan,Person,PER-0087,Anand Krishnan,Person,Called,2.92,CDR,2026-05-09
PER-0030,Praveen Natarajan,Person,PER-0031,Prakash Palanisamy,Person,Reported-Suspect,7.0,FIR,16-01-2025
PER-0030,Praveen Natarajan,Person,PER-0046,Lokesh Balan,Person,Associate-Witness,1.0,FIR,14-02-2025
PER-0030,Praveen Natarajan,Person,PER-0080,Nandha Karuppasamy,Person,Suspect-Witness,1.5,FIR,18-03-2025
PER-0030,Praveen Natarajan,Person,PER-0052,Mathan Raman,Person,Associate-Witness,1.0,FIR,18-03-2025
PER-0030,Praveen Natarajan,Person,PER-0124,Chandran Subramani,Person,Suspect-Witness,1.5,FIR,22-04-2025
PER-0030,Praveen Natarajan,Person,PER-0203,Karthik Velan,Person,Associate-Witness,1.0,FIR,10-07-2025
PER-0030,Praveen Natarajan,Person,PER-0316,Mohan Ramasamy,Person,Suspect-Witness,1.5,FIR,04-12-2025
PER-0030,Praveen Natarajan,Person,PER-0310,Mathan Balan,Person,Suspect-Witness,1.5,FIR,26-08-2026
PER-0030,Praveen Natarajan,Person,PER-0229,Kannan Muthu,Person,Called,1.64,CDR,2025-04-01
PER-0030,Praveen Natarajan,Person,PER-0153,Sathish Kumar,Person,Called,0.5,CDR,2026-02-24
PER-0030,Praveen Natarajan,Person,PER-0235,Nithin Subramani,Person,Called,1.61,CDR,2025-04-03
PER-0030,Praveen Natarajan,Person,PER-0288,Kumaran Murugan,Person,Called,0.5,CDR,2025-06-29
PER-0030,Praveen Natarajan,Person,PER-0136,Durga Raman,Person,Called,2.39,CDR,2026-06-24
PER-0030,Praveen Natarajan,Person,PER-0095,Udhay Anand,Person,Called,0.5,CDR,2025-10-06
PER-0030,Praveen Natarajan,Person,PER-0216,Kalaiselvi Raman,Person,Called,0.5,CDR,2026-01-05
PER-0030,Praveen Natarajan,Person,PER-0239,Sathish Palanisamy,Person,Called,1.22,CDR,2025-02-15
PER-0030,Praveen Natarajan,Person,PER-0361,Abirami Rani,Person,Called,0.5,CDR,2026-01-22
PER-0030,Praveen Natarajan,Person,PER-0041,Hariharan Palanisamy,Person,Called,0.5,CDR,2026-04-17
PER-0030,Praveen Natarajan,Person,PER-0152,Pavithra Bai,Person,Called,0.5,CDR,2025-08-23
PER-0030,Praveen Natarajan,Person,PER-0378,Senthil Raman,Person,Called,1.37,CDR,2025-09-12
PER-0030,Praveen Natarajan,Person,PER-0194,Rakesh Gopal,Person,Called,2.68,CDR,2025-09-13
PER-0030,Praveen Natarajan,Person,PER-0113,Jagan Raman,Person,Called,3.0,CDR,2025-06-24
PER-0030,Praveen Natarajan,Person,PER-0032,Arun Prakash,Person,Called,1.27,CDR,2026-02-01
PER-0031,Prakash Palanisamy,Person,PER-0124,Chandran Subramani,Person,Suspect-Associate,3.5,FIR,22-04-2025
PER-0031,Prakash Palanisamy,Person,PER-0106,Elango Krishnan,Person,Reported-Suspect,6.0,FIR,06-06-2025
PER-0031,Prakash Palanisamy,Person,PER-0127,Udhay Muthu,Person,Suspect-Associate,3.5,FIR,06-06-2025
PER-0031,Prakash Palanisamy,Person,PER-0242,Ganesh Selvam,Person,Called,0.5,CDR,2026-01-15
PER-0031,Prakash Palanisamy,Person,PER-0063,Anitha Raman,Person,Called,2.24,CDR,2026-04-20
PER-0031,Prakash Palanisamy,Person,PER-0233,Sanjay Prakash,Person,Called,0.5,CDR,2025-03-03
PER-0031,Prakash Palanisamy,Person,PER-0065,Deepak Gopal,Person,Called,0.85,CDR,2025-01-20
PER-0031,Prakash Palanisamy,Person,PER-0205,Ajith Sekar,Person,Called,0.55,CDR,2025-10-07
PER-0031,Prakash Palanisamy,Person,PER-0161,Rajeshwari Ammal,Person,Called,0.84,CDR,2026-07-17
PER-0032,Arun Prakash,Person,PER-0261,Nithya Rani,Person,Complainant-Victim,2.0,FIR,04-02-2025
PER-0032,Arun Prakash,Person,PER-0033,Vignesh Natarajan,Person,Reported-Suspect,3.0,FIR,04-02-2025
PER-0032,Arun Prakash,Person,PER-0141,Senthil Krishnan,Person,Reported-Suspect,6.0,FIR,17-05-2025
PER-0032,Arun Prakash,Person,PER-0169,Anitha Raj,Person,Complainant-Victim,2.0,FIR,15-07-2025
PER-0032,Arun Prakash,Person,PER-0073,Gokul Sundaram,Person,Reported-Suspect,3.0,FIR,15-07-2025
PER-0032,Arun Prakash,Person,PER-0284,Kishore Arumugam,Person,Reported-Suspect,6.0,FIR,21-10-2025
PER-0032,Arun Prakash,Person,PER-0297,Karthik Balan,Person,Reported-Suspect,6.0,FIR,02-11-2025
PER-0032,Arun Prakash,Person,PER-0308,Kannan Shankar,Person,Reported-Suspect,6.0,FIR,26-11-2025
PER-0032,Arun Prakash,Person,PER-0132,Arjun Shankar,Person,Reported-Suspect,6.0,FIR,08-12-2025
PER-0032,Arun Prakash,Person,PER-0247,Elango Shankar,Person,Reported-Suspect,6.0,FIR,07-01-2026
PER-0032,Arun Prakash,Person,PER-0135,Vasanthi Bai,Person,Reported-Suspect,6.0,FIR,11-01-2026
PER-0032,Arun Prakash,Person,PER-0306,Dharani Selvam,Person,Reported-Suspect,6.0,FIR,13-01-2026
PER-0032,Arun Prakash,Person,PER-0065,Deepak Gopal,Person,Complainant-Victim,2.0,FIR,31-01-2026
PER-0032,Arun Prakash,Person,PER-0124,Chandran Subramani,Person,Victim-Suspect,3.0,FIR,31-01-2026
PER-0032,Arun Prakash,Person,PER-0258,Anand Palanisamy,Person,Reported-Suspect,6.0,FIR,19-06-2026
PER-0032,Arun Prakash,Person,PER-0365,Karthik Shankar,Person,Reported-Suspect,6.0,FIR,29-08-2026
PER-0032,Arun Prakash,Person,PER-0229,Kannan Muthu,Person,Called,2.98,CDR,2025-12-29
PER-0032,Arun Prakash,Person,PER-0381,Priya Selvi,Person,Called,2.65,CDR,2025-05-01
PER-0032,Arun Prakash,Person,PER-0263,Naveen Mani,Person,Called,1.47,CDR,2025-08-06
PER-0032,Arun Prakash,Person,PER-0203,Karthik Velan,Person,Called,0.98,CDR,2025-03-26
PER-0032,Arun Prakash,Person,PER-0373,Anand Muthu,Person,Called,1.74,CDR,2026-02-06
PER-0032,Arun Prakash,Person,PER-0241,Malathi Ammal,Person,Called,1.31,CDR,2025-03-18
PER-0032,Arun Prakash,Person,PER-0101,Abirami Sekar,Person,Called,2.14,CDR,2025-07-22
PER-0032,Arun Prakash,Person,PER-0049,Madhan Kumar,Person,Called,2.12,CDR,2025-11-23
PER-0032,Arun Prakash,Person,PER-0200,Dharani Shankar,Person,Called,0.5,CDR,2025-04-08
PER-0032,Arun Prakash,Person,PER-0401,Harini Selvam,Person,Called,1.9,CDR,2026-06-26
PER-0032,Arun Prakash,Person,PER-0216,Kalaiselvi Raman,Person,Called,1.46,CDR,2025-04-07
PER-0032,Arun Prakash,Person,PER-0094,Bharathi Ammal,Person,Called,0.5,CDR,2025-08-03
PER-0033,Vignesh Natarajan,Person,PER-0034,Mathan Chandran,Person,Suspect-Associate,3.5,FIR,04-02-2025
PER-0033,Vignesh Natarajan,Person,PER-0292,Ezhilan Sundaram,Person,Suspect-Witness,1.5,FIR,04-02-2025
PER-0033,Vignesh Natarajan,Person,PER-0261,Nithya Rani,Person,Victim-Suspect,3.0,FIR,04-02-2025
PER-0033,Vignesh Natarajan,Person,PER-0265,Harini Sri,Person,Reported-Suspect,6.0,FIR,16-09-2025
PER-0033,Vignesh Natarajan,Person,VEH-0034,Tn-58-Yy-1085,Vehicle,Used-Vehicle,2.0,FIR,16-09-2025
PER-0033,Vignesh Natarajan,Person,PER-0309,Sathish Ramasamy,Person,Called,2.85,CDR,2026-02-21
PER-0033,Vignesh Natarajan,Person,PER-0151,Dharani Gopal,Person,Called,0.68,CDR,2025-01-10
PER-0033,Vignesh Natarajan,Person,PER-0217,Sathish Subramani,Person,Called,0.5,CDR,2025-12-16
PER-0033,Vignesh Natarajan,Person,PER-0166,Yogesh Balan,Person,Called,1.11,CDR,2026-06-19
PER-0033,Vignesh Natarajan,Person,PER-0067,Logesh Karuppasamy,Person,Called,1.26,CDR,2025-04-29
PER-0034,Mathan Chandran,Person,PER-0292,Ezhilan Sundaram,Person,Associate-Witness,1.0,FIR,04-02-2025
PER-0034,Mathan Chandran,Person,PER-0181,Abirami Raj,Person,Suspect-Associate,3.5,FIR,25-06-2025
PER-0034,Mathan Chandran,Person,VEH-0025,Kl-07-Xx-1012,Vehicle,Used-Vehicle,1.5,FIR,25-06-2025
PER-0034,Mathan Chandran,Person,PER-0373,Anand Muthu,Person,Suspect-Associate,3.5,FIR,24-04-2026
PER-0034,Mathan Chandran,Person,PER-0074,Padmini Raj,Person,Associate-Witness,1.0,FIR,24-04-2026
PER-0034,Mathan Chandran,Person,PER-0035,Nandhini Sekar,Person,Called,2.51,CDR,2025-01-20
PER-0034,Mathan Chandran,Person,PER-0248,Gokul Karuppasamy,Person,Called,1.72,CDR,2026-02-11
PER-0034,Mathan Chandran,Person,PER-0090,Anand Natarajan,Person,Called,3.0,CDR,2026-06-20
PER-0034,Mathan Chandran,Person,PER-0338,Madhan Rajan,Person,Called,1.76,CDR,2025-11-22
PER-0034,Mathan Chandran,Person,PER-0204,Keerthana Sri,Person,Called,2.17,CDR,2025-05-01
PER-0034,Mathan Chandran,Person,PER-0139,Logesh Palanisamy,Person,Called,1.56,CDR,2026-04-09
PER-0034,Mathan Chandran,Person,PER-0051,Mohan Kumar,Person,Called,0.76,CDR,2025-12-02
PER-0034,Mathan Chandran,Person,PER-0339,Revathi Bai,Person,Called,0.94,CDR,2026-02-18
PER-0035,Nandhini Sekar,Person,PER-0036,Senthil Rajan,Person,Complainant-Victim,2.0,FIR,05-02-2025
PER-0035,Nandhini Sekar,Person,PER-0113,Jagan Raman,Person,Reported-Suspect,6.0,FIR,11-04-2025
PER-0035,Nandhini Sekar,Person,PER-0300,Logesh Subramani,Person,Reported-Suspect,6.0,FIR,06-12-2025
PER-0035,Nandhini Sekar,Person,PER-0186,Gopal Muthu,Person,Called,2.65,CDR,2026-03-13
PER-0035,Nandhini Sekar,Person,PER-0401,Harini Selvam,Person,Called,3.0,CDR,2026-06-25
PER-0035,Nandhini Sekar,Person,PER-0099,Kavitha Selvam,Person,Called,0.99,CDR,2026-02-12
PER-0035,Nandhini Sekar,Person,PER-0302,Buvaneswari Murugan,Person,Called,2.88,CDR,2026-04-07
PER-0035,Nandhini Sekar,Person,PER-0271,Kumaran Subramani,Person,Called,0.5,CDR,2025-09-21
PER-0035,Nandhini Sekar,Person,PER-0159,Divya Murugan,Person,Called,1.77,CDR,2025-01-29
PER-0035,Nandhini Sekar,Person,PER-0399,Praveen Shankar,Person,Called,2.67,CDR,2026-05-01
PER-0035,Nandhini Sekar,Person,PER-0264,Gayathri Raman,Person,Called,0.5,CDR,2025-04-24
PER-0035,Nandhini Sekar,Person,PER-0256,Bharathi Raman,Person,Called,0.5,CDR,2026-04-01
PER-0035,Nandhini Sekar,Person,PER-0067,Logesh Karuppasamy,Person,Called,0.5,CDR,2025-06-03
PER-0035,Nandhini Sekar,Person,PER-0074,Padmini Raj,Person,Called,0.5,CDR,2025-01-06
PER-0035,Nandhini Sekar,Person,PER-0056,Bharath Prakash,Person,Called,3.0,CDR,2026-05-05
PER-0035,Nandhini Sekar,Person,PER-0200,Dharani Shankar,Person,Called,0.5,CDR,2025-03-25
PER-0035,Nandhini Sekar,Person,PER-0045,Elango Ramasamy,Person,Called,0.54,CDR,2026-03-14
PER-0035,Nandhini Sekar,Person,PER-0307,Deviga Krishnan,Person,Called,0.5,CDR,2026-04-26
PER-0035,Nandhini Sekar,Person,PER-0395,Udhay Ramasamy,Person,Called,2.7,CDR,2026-01-05
PER-0036,Senthil Rajan,Person,PER-0123,Karthik Pandian,Person,Complainant-Victim,2.0,FIR,19-04-2025
PER-0036,Senthil Rajan,Person,PER-0100,Balaji Karuppasamy,Person,Victim-Suspect,3.0,FIR,19-04-2025
PER-0036,Senthil Rajan,Person,PER-0139,Logesh Palanisamy,Person,Complainant-Victim,2.0,FIR,26-09-2025
PER-0036,Senthil Rajan,Person,PER-0235,Nithin Subramani,Person,Reported-Suspect,6.0,FIR,26-12-2025
PER-0036,Senthil Rajan,Person,PER-0250,Vasanthi Kannan,Person,Called,0.5,CDR,2026-01-31
PER-0036,Senthil Rajan,Person,PER-0285,Saravanan Gopal,Person,Called,1.38,CDR,2025-12-24
PER-0036,Senthil Rajan,Person,PER-0274,Tamilarasan Karuppasamy,Person,Called,0.85,CDR,2026-01-10
PER-0036,Senthil Rajan,Person,PER-0394,Hemanth Nathan,Person,Called,1.94,CDR,2025-05-27
PER-0036,Senthil Rajan,Person,PER-0264,Gayathri Raman,Person,Called,2.07,CDR,2026-04-28
PER-0036,Senthil Rajan,Person,PER-0279,Rakesh Muthu,Person,Called,0.5,CDR,2026-06-26
PER-0036,Senthil Rajan,Person,PER-0319,Babu Murugan,Person,Called,3.0,CDR,2025-08-07
PER-0036,Senthil Rajan,Person,PER-0344,Malathi Bai,Person,Called,0.5,CDR,2025-04-08
PER-0036,Senthil Rajan,Person,PER-0335,Jeeva Krishnan,Person,Called,2.67,CDR,2026-07-16
PER-0036,Senthil Rajan,Person,PER-0248,Gokul Karuppasamy,Person,Called,0.63,CDR,2026-04-26
PER-0036,Senthil Rajan,Person,PER-0294,Chithra Ammal,Person,Called,2.7,CDR,2025-03-04
PER-0036,Senthil Rajan,Person,PER-0337,Jeeva Muthu,Person,Called,3.0,CDR,2026-05-28
PER-0036,Senthil Rajan,Person,PER-0376,Harish Pandian,Person,Called,1.27,CDR,2025-03-15
PER-0036,Senthil Rajan,Person,PER-0263,Naveen Mani,Person,Called,1.76,CDR,2025-12-27
PER-0037,Elango Balan,Person,PER-0038,Naveen Balan,Person,Complainant-Victim,2.0,FIR,05-02-2025
PER-0037,Elango Balan,Person,PER-0039,Jeeva Natarajan,Person,Reported-Suspect,3.0,FIR,05-02-2025
PER-0037,Elango Balan,Person,PER-0117,Tamilarasan Muthu,Person,Reported-Suspect,6.0,FIR,22-12-2025
PER-0037,Elango Balan,Person,PER-0357,Vijay Raman,Person,Reported-Suspect,6.0,FIR,24-06-2026
PER-0037,Elango Balan,Person,PER-0166,Yogesh Balan,Person,Called,2.89,CDR,2026-01-05
PER-0037,Elango Balan,Person,PER-0249,Vasanthi Selvam,Person,Called,1.4,CDR,2026-06-02
PER-0037,Elango Balan,Person,PER-0240,Elango Prakash,Person,Called,0.66,CDR,2025-02-14
PER-0037,Elango Balan,Person,PER-0298,Suresh Selvam,Person,Called,1.52,CDR,2025-04-19
PER-0037,Elango Balan,Person,PER-0359,Suresh Thangaraj,Person,Called,0.5,CDR,2026-03-03
PER-0037,Elango Balan,Person,PER-0343,Malathi Murugan,Person,Called,1.3,CDR,2025-04-28
PER-0037,Elango Balan,Person,PER-0253,Harish Murugan,Person,Called,1.13,CDR,2025-08-28
PER-0037,Elango Balan,Person,PER-0315,Chithra Raman,Person,Called,0.5,CDR,2025-04-16
PER-0037,Elango Balan,Person,PER-0381,Priya Selvi,Person,Called,0.5,CDR,2025-04-08
PER-0037,Elango Balan,Person,PER-0054,Vasanth Chandran,Person,Called,2.1,CDR,2025-05-26
PER-0037,Elango Balan,Person,PER-0161,Rajeshwari Ammal,Person,Called,3.0,CDR,2025-09-02
PER-0037,Elango Balan,Person,PER-0394,Hemanth Nathan,Person,Called,3.0,CDR,2025-11-09
PER-0037,Elango Balan,Person,PER-0042,Rakesh Anand,Person,Called,0.5,CDR,2025-03-27
PER-0037,Elango Balan,Person,PER-0163,Rakesh Krishnan,Person,Called,0.5,CDR,2025-01-21
PER-0037,Elango Balan,Person,PER-0044,Yuvaraj Palanisamy,Person,Called,0.5,CDR,2026-03-07
PER-0037,Elango Balan,Person,PER-0134,Deepa Kumari,Person,Called,0.55,CDR,2026-01-06
PER-0037,Elango Balan,Person,PER-0308,Kannan Shankar,Person,Called,3.0,CDR,2025-11-10
PER-0037,Elango Balan,Person,PER-0071,Nithin Thangaraj,Person,Called,2.56,CDR,2025-12-11
PER-0038,Naveen Balan,Person,PER-0039,Jeeva Natarajan,Person,Victim-Suspect,3.0,FIR,05-02-2025
PER-0038,Naveen Balan,Person,PER-0050,Sudha Kannan,Person,Called,0.69,CDR,2025-01-29
PER-0038,Naveen Balan,Person,PER-0182,Saravanan Sundaram,Person,Called,0.5,CDR,2026-03-29
PER-0038,Naveen Balan,Person,PER-0054,Vasanth Chandran,Person,Called,0.5,CDR,2025-07-20
PER-0038,Naveen Balan,Person,PER-0081,Dinesh Nathan,Person,Called,0.76,CDR,2025-10-25
PER-0038,Naveen Balan,Person,PER-0157,Ganesh Natarajan,Person,Called,1.12,CDR,2026-05-25
PER-0038,Naveen Balan,Person,PER-0284,Kishore Arumugam,Person,Called,2.73,CDR,2026-07-07
PER-0038,Naveen Balan,Person,PER-0098,Karthik Nathan,Person,Called,3.0,CDR,2025-03-03
PER-0038,Naveen Balan,Person,PER-0338,Madhan Rajan,Person,Called,3.0,CDR,2025-03-09
PER-0039,Jeeva Natarajan,Person,PER-0132,Arjun Shankar,Person,Suspect-Associate,3.5,FIR,11-05-2025
PER-0039,Jeeva Natarajan,Person,PER-0143,Yuvaraj Selvam,Person,Associate-Witness,1.0,FIR,11-05-2025
PER-0039,Jeeva Natarajan,Person,PER-0152,Pavithra Bai,Person,Suspect-Witness,1.5,FIR,29-08-2025
PER-0039,Jeeva Natarajan,Person,PER-0042,Rakesh Anand,Person,Reported-Suspect,6.0,FIR,15-04-2026
PER-0039,Jeeva Natarajan,Person,PER-0104,Padmini Sri,Person,Suspect-Witness,1.5,FIR,15-04-2026
PER-0039,Jeeva Natarajan,Person,PER-0154,Bharathi Raj,Person,Called,0.5,CDR,2025-05-09
PER-0039,Jeeva Natarajan,Person,PER-0253,Harish Murugan,Person,Called,1.81,CDR,2025-09-21
PER-0039,Jeeva Natarajan,Person,PER-0296,Praveen Raman,Person,Called,0.95,CDR,2025-02-03
PER-0039,Jeeva Natarajan,Person,PER-0400,Hemanth Krishnan,Person,Called,3.0,CDR,2026-07-31
PER-0039,Jeeva Natarajan,Person,PER-0115,Nithin Balan,Person,Called,0.5,CDR,2025-06-10
PER-0039,Jeeva Natarajan,Person,PER-0209,Kishore Murugan,Person,Called,3.0,CDR,2026-01-15
PER-0039,Jeeva Natarajan,Person,PER-0382,Gayathri Krishnan,Person,Called,0.5,CDR,2025-08-16
PER-0039,Jeeva Natarajan,Person,PER-0190,Dharani Thangaraj,Person,Called,1.01,CDR,2026-06-24
PER-0039,Jeeva Natarajan,Person,PER-0286,Gopal Gopal,Person,Called,1.36,CDR,2025-02-27
PER-0039,Jeeva Natarajan,Person,PER-0384,Naveen Muthu,Person,Called,2.46,CDR,2026-01-03
PER-0040,Deepa Selvam,Person,PER-0041,Hariharan Palanisamy,Person,Reported-Suspect,6.0,FIR,06-02-2025
PER-0040,Deepa Selvam,Person,PER-0104,Padmini Sri,Person,Called,3.0,CDR,2025-09-14
PER-0040,Deepa Selvam,Person,PER-0271,Kumaran Subramani,Person,Called,0.84,CDR,2026-07-22
PER-0040,Deepa Selvam,Person,PER-0147,Kumaran Prakash,Person,Called,0.5,CDR,2026-07-09
PER-0040,Deepa Selvam,Person,PER-0081,Dinesh Nathan,Person,Called,3.53,CDR,2026-04-03
PER-0040,Deepa Selvam,Person,PER-0177,Inban Balan,Person,Called,3.0,CDR,2025-07-13
PER-0040,Deepa Selvam,Person,PER-0254,Tamilarasan Selvam,Person,Called,2.48,CDR,2026-07-21
PER-0040,Deepa Selvam,Person,PER-0252,Kalaiselvi Sri,Person,Called,0.8,CDR,2025-11-26
PER-0040,Deepa Selvam,Person,PER-0180,Sangeetha Sri,Person,Called,2.76,CDR,2025-08-23
PER-0040,Deepa Selvam,Person,PER-0212,Rajesh Karuppasamy,Person,Called,0.5,CDR,2025-04-23
PER-0040,Deepa Selvam,Person,PER-0330,Indhu Sri,Person,Called,1.2,CDR,2026-05-11
PER-0040,Deepa Selvam,Person,PER-0236,Durga Sekar,Person,Called,2.07,CDR,2026-03-10
PER-0040,Deepa Selvam,Person,PER-0209,Kishore Murugan,Person,Called,0.5,CDR,2025-08-28
PER-0040,Deepa Selvam,Person,PER-0313,Ezhilan Rajan,Person,Called,1.9,CDR,2025-01-30
PER-0040,Deepa Selvam,Person,PER-0060,Madhan Babu,Person,Called,2.85,CDR,2026-03-25
PER-0040,Deepa Selvam,Person,PER-0353,Divya Sekar,Person,Called,3.0,CDR,2025-06-30
PER-0040,Deepa Selvam,Person,PER-0364,Janani Sekar,Person,Called,2.14,CDR,2025-08-24
PER-0040,Deepa Selvam,Person,PER-0179,Jagan Arumugam,Person,Called,0.5,CDR,2025-03-07
PER-0040,Deepa Selvam,Person,PER-0318,Harish Anand,Person,Called,0.5,CDR,2026-03-02
PER-0040,Deepa Selvam,Person,PER-0371,Bhuvana Kannan,Person,Called,3.0,CDR,2025-10-29
PER-0041,Hariharan Palanisamy,Person,PER-0184,Prakash Muthu,Person,Suspect-Witness,1.5,FIR,06-02-2025
PER-0041,Hariharan Palanisamy,Person,VEH-0004,Tn-33-Xx-1072,Vehicle,Used-Vehicle,2.0,FIR,06-02-2025
PER-0041,Hariharan Palanisamy,Person,PER-0063,Anitha Raman,Person,Suspect-Witness,1.5,FIR,27-02-2025
PER-0041,Hariharan Palanisamy,Person,PER-0120,Vidhya Devi,Person,Reported-Suspect,6.0,FIR,15-04-2025
PER-0041,Hariharan Palanisamy,Person,PER-0121,Chandran Krishnan,Person,Suspect-Witness,1.5,FIR,15-04-2025
PER-0041,Hariharan Palanisamy,Person,PER-0218,Arun Mani,Person,Reported-Suspect,6.0,FIR,28-07-2025
PER-0041,Hariharan Palanisamy,Person,PER-0128,Durga Bai,Person,Reported-Suspect,6.0,FIR,28-08-2025
PER-0041,Hariharan Palanisamy,Person,PER-0049,Madhan Kumar,Person,Suspect-Witness,1.5,FIR,28-08-2025
PER-0041,Hariharan Palanisamy,Person,PER-0262,Praveen Anand,Person,Reported-Suspect,6.0,FIR,09-09-2025
PER-0041,Hariharan Palanisamy,Person,PER-0165,Rajesh Rajan,Person,Suspect-Witness,1.5,FIR,09-09-2025
PER-0041,Hariharan Palanisamy,Person,PER-0131,Chithra Raj,Person,Called,0.5,CDR,2025-03-24
PER-0041,Hariharan Palanisamy,Person,PER-0090,Anand Natarajan,Person,Called,1.22,CDR,2025-03-25
PER-0041,Hariharan Palanisamy,Person,PER-0339,Revathi Bai,Person,Called,1.02,CDR,2026-02-24
PER-0041,Hariharan Palanisamy,Person,PER-0185,Jagan Sekar,Person,Called,1.81,CDR,2025-04-16
PER-0041,Hariharan Palanisamy,Person,PER-0059,Suresh Pandian,Person,Called,2.46,CDR,2025-03-21
PER-0041,Hariharan Palanisamy,Person,PER-0098,Karthik Nathan,Person,Called,2.46,CDR,2025-09-03
PER-0041,Hariharan Palanisamy,Person,PER-0173,Manoj Karuppasamy,Person,Called,2.62,CDR,2025-01-27
PER-0042,Rakesh Anand,Person,PER-0043,Arun Babu,Person,Reported-Suspect,6.0,FIR,26-01-2025
PER-0042,Rakesh Anand,Person,PER-0235,Nithin Subramani,Person,Reported-Suspect,6.0,FIR,10-08-2025
PER-0042,Rakesh Anand,Person,PER-0284,Kishore Arumugam,Person,Reported-Suspect,6.5,FIR,12-10-2025
PER-0042,Rakesh Anand,Person,PER-0178,Saravanan Anand,Person,Reported-Suspect,6.0,FIR,05-07-2026
PER-0042,Rakesh Anand,Person,PER-0314,Gopal Natarajan,Person,Called,1.13,CDR,2026-06-25
PER-0042,Rakesh Anand,Person,PER-0294,Chithra Ammal,Person,Called,2.48,CDR,2025-10-06
PER-0042,Rakesh Anand,Person,PER-0106,Elango Krishnan,Person,Called,0.5,CDR,2026-07-12
PER-0042,Rakesh Anand,Person,PER-0285,Saravanan Gopal,Person,Called,2.62,CDR,2025-08-10
PER-0042,Rakesh Anand,Person,PER-0055,Arun Natarajan,Person,Called,2.32,CDR,2025-04-26
PER-0042,Rakesh Anand,Person,PER-0114,Elango Selvam,Person,Called,2.11,CDR,2026-06-12
PER-0042,Rakesh Anand,Person,PER-0249,Vasanthi Selvam,Person,Called,0.5,CDR,2025-06-02
PER-0042,Rakesh Anand,Person,PER-0099,Kavitha Selvam,Person,Called,0.5,CDR,2025-02-26
PER-0042,Rakesh Anand,Person,PER-0147,Kumaran Prakash,Person,Called,2.2,CDR,2025-06-30
PER-0042,Rakesh Anand,Person,PER-0059,Suresh Pandian,Person,Called,0.5,CDR,2026-01-28
PER-0042,Rakesh Anand,Person,PER-0276,Harish Subramani,Person,Called,0.5,CDR,2026-05-20
PER-0042,Rakesh Anand,Person,PER-0145,Tamilselvi Devi,Person,Called,1.04,CDR,2026-05-23
PER-0042,Rakesh Anand,Person,PER-0097,Rajesh Mani,Person,Called,0.5,CDR,2025-03-10
PER-0042,Rakesh Anand,Person,PER-0105,Yogesh Arumugam,Person,Called,3.0,CDR,2025-10-03
PER-0042,Rakesh Anand,Person,PER-0199,Sudha Rani,Person,Called,0.5,CDR,2025-06-09
PER-0042,Rakesh Anand,Person,PER-0263,Naveen Mani,Person,Called,1.79,CDR,2026-06-10
PER-0042,Rakesh Anand,Person,PER-0353,Divya Sekar,Person,Called,2.18,CDR,2026-05-30
PER-0042,Rakesh Anand,Person,PER-0358,Venkat Kumar,Person,Called,2.4,CDR,2026-04-26
PER-0042,Rakesh Anand,Person,PER-0233,Sanjay Prakash,Person,Called,1.25,CDR,2026-04-09
PER-0042,Rakesh Anand,Person,PER-0182,Saravanan Sundaram,Person,Called,0.5,CDR,2025-07-31
PER-0042,Rakesh Anand,Person,PER-0368,Gokul Babu,Person,Called,1.95,CDR,2025-11-26
PER-0042,Rakesh Anand,Person,PER-0270,Ravi Gopal,Person,Called,3.0,CDR,2025-01-25
PER-0043,Arun Babu,Person,PER-0044,Yuvaraj Palanisamy,Person,Suspect-Witness,1.5,FIR,26-01-2025
PER-0043,Arun Babu,Person,PER-0080,Nandha Karuppasamy,Person,Suspect-Associate,7.0,FIR,18-07-2025
PER-0043,Arun Babu,Person,PER-0294,Chithra Ammal,Person,Reported-Suspect,6.0,FIR,27-10-2025
PER-0043,Arun Babu,Person,PER-0063,Anitha Raman,Person,Suspect-Witness,1.5,FIR,27-10-2025
PER-0043,Arun Babu,Person,PER-0127,Udhay Muthu,Person,Associate-Witness,1.0,FIR,29-10-2025
PER-0043,Arun Babu,Person,PER-0297,Karthik Balan,Person,Suspect-Witness,1.5,FIR,02-11-2025
PER-0043,Arun Babu,Person,PER-0316,Mohan Ramasamy,Person,Suspect-Witness,1.5,FIR,15-12-2025
PER-0043,Arun Babu,Person,PER-0278,Lavanya Raj,Person,Reported-Suspect,6.0,FIR,07-01-2026
PER-0043,Arun Babu,Person,PER-0267,Siva Selvam,Person,Suspect-Associate,3.5,FIR,07-01-2026
PER-0043,Arun Babu,Person,VEH-0047,Tn-57-Yy-1064,Vehicle,Used-Vehicle,2.0,FIR,07-01-2026
PER-0043,Arun Babu,Person,PER-0101,Abirami Sekar,Person,Suspect-Witness,3.0,FIR,21-01-2026
PER-0043,Arun Babu,Person,VEH-0051,Tn-33-Xx-1066,Vehicle,Used-Vehicle,2.0,FIR,21-01-2026
PER-0043,Arun Babu,Person,PER-0276,Harish Subramani,Person,Reported-Suspect,6.0,FIR,21-01-2026
PER-0043,Arun Babu,Person,VEH-0052,Tn-72-Yy-1067,Vehicle,Used-Vehicle,2.0,FIR,21-01-2026
PER-0043,Arun Babu,Person,PER-0161,Rajeshwari Ammal,Person,Reported-Suspect,6.0,FIR,22-03-2026
PER-0043,Arun Babu,Person,PER-0054,Vasanth Chandran,Person,Associate-Witness,1.0,FIR,19-06-2026
PER-0043,Arun Babu,Person,PER-0239,Sathish Palanisamy,Person,Called,0.78,CDR,2025-02-16
PER-0043,Arun Babu,Person,PER-0089,Praveen Sekar,Person,Called,2.39,CDR,2026-01-01
PER-0043,Arun Babu,Person,PER-0121,Chandran Krishnan,Person,Called,0.5,CDR,2026-01-19
PER-0043,Arun Babu,Person,PER-0266,Bharath Gopal,Person,Called,2.8,CDR,2026-03-29
PER-0043,Arun Babu,Person,PER-0130,Ramesh Pandian,Person,Called,0.5,CDR,2025-10-18
PER-0044,Yuvaraj Palanisamy,Person,PER-0089,Praveen Sekar,Person,Associate-Witness,1.0,FIR,27-03-2025
PER-0044,Yuvaraj Palanisamy,Person,PER-0259,Chithra Kannan,Person,Suspect-Witness,1.5,FIR,04-09-2025
PER-0044,Yuvaraj Palanisamy,Person,PER-0093,Vasanth Mani,Person,Associate-Witness,1.0,FIR,04-09-2025
PER-0044,Yuvaraj Palanisamy,Person,PER-0260,Bharath Babu,Person,Complainant-Victim,2.0,FIR,04-07-2026
PER-0044,Yuvaraj Palanisamy,Person,PER-0095,Udhay Anand,Person,Victim-Suspect,3.0,FIR,04-07-2026
PER-0044,Yuvaraj Palanisamy,Person,PER-0220,Vijay Rajan,Person,Called,1.36,CDR,2025-12-21
PER-0044,Yuvaraj Palanisamy,Person,PER-0151,Dharani Gopal,Person,Called,1.94,CDR,2025-12-09
PER-0044,Yuvaraj Palanisamy,Person,PER-0248,Gokul Karuppasamy,Person,Called,0.5,CDR,2026-07-21
PER-0044,Yuvaraj Palanisamy,Person,PER-0134,Deepa Kumari,Person,Called,0.5,CDR,2026-01-20
PER-0044,Yuvaraj Palanisamy,Person,PER-0062,Pandian Balan,Person,Called,1.43,CDR,2025-03-17
PER-0044,Yuvaraj Palanisamy,Person,PER-0312,Deepa Devi,Person,Called,0.5,CDR,2025-04-24
PER-0045,Elango Ramasamy,Person,PER-0227,Ezhilan Ramasamy,Person,Reported-Suspect,6.0,FIR,30-07-2025
PER-0045,Elango Ramasamy,Person,PER-0144,Padmini Bai,Person,Complainant-Victim,2.0,FIR,02-12-2025
PER-0045,Elango Ramasamy,Person,PER-0297,Karthik Balan,Person,Reported-Suspect,3.0,FIR,02-12-2025
PER-0045,Elango Ramasamy,Person,PER-0268,Jeeva Rajan,Person,Called,0.5,CDR,2025-11-25
PER-0045,Elango Ramasamy,Person,PER-0151,Dharani Gopal,Person,Called,3.0,CDR,2025-06-30
PER-0045,Elango Ramasamy,Person,PER-0140,Sangeetha Bai,Person,Called,3.0,CDR,2025-10-30
PER-0045,Elango Ramasamy,Person,PER-0155,Hariharan Ramasamy,Person,Called,0.56,CDR,2026-01-22
PER-0045,Elango Ramasamy,Person,PER-0053,Janani Krishnan,Person,Called,0.6,CDR,2025-09-10
PER-0045,Elango Ramasamy,Person,PER-0080,Nandha Karuppasamy,Person,Called,0.56,CDR,2025-08-20
PER-0045,Elango Ramasamy,Person,PER-0063,Anitha Raman,Person,Called,3.0,CDR,2026-05-05
PER-0045,Elango Ramasamy,Person,PER-0173,Manoj Karuppasamy,Person,Called,3.0,CDR,2026-04-27
PER-0045,Elango Ramasamy,Person,PER-0290,Latha Murugan,Person,Called,3.0,CDR,2026-02-04
PER-0045,Elango Ramasamy,Person,PER-0233,Sanjay Prakash,Person,Called,3.0,CDR,2026-01-10
PER-0045,Elango Ramasamy,Person,PER-0179,Jagan Arumugam,Person,Called,1.26,CDR,2025-09-02
PER-0045,Elango Ramasamy,Person,PER-0174,Vasanth Raman,Person,Called,0.5,CDR,2025-09-16
PER-0045,Elango Ramasamy,Person,PER-0181,Abirami Raj,Person,Called,2.34,CDR,2026-05-12
PER-0045,Elango Ramasamy,Person,PER-0220,Vijay Rajan,Person,Called,3.0,CDR,2026-01-03
PER-0045,Elango Ramasamy,Person,PER-0244,Thirumal Velan,Person,Called,2.32,CDR,2025-04-30
PER-0045,Elango Ramasamy,Person,PER-0125,Saranya Murugan,Person,Called,1.86,CDR,2026-07-01
PER-0045,Elango Ramasamy,Person,PER-0166,Yogesh Balan,Person,Called,1.79,CDR,2025-06-07
PER-0045,Elango Ramasamy,Person,PER-0338,Madhan Rajan,Person,Called,0.5,CDR,2025-10-06
PER-0045,Elango Ramasamy,Person,PER-0295,Gopal Karuppasamy,Person,Called,3.0,CDR,2026-03-13
PER-0045,Elango Ramasamy,Person,PER-0317,Chithra Devi,Person,Called,2.3,CDR,2026-01-19
PER-0046,Lokesh Balan,Person,VEH-0005,Tn-38-Zz-1071,Vehicle,Used-Vehicle,1.5,FIR,14-02-2025
PER-0046,Lokesh Balan,Person,PER-0308,Kannan Shankar,Person,Called,1.1,CDR,2026-04-16
PER-0046,Lokesh Balan,Person,PER-0145,Tamilselvi Devi,Person,Called,3.0,CDR,2025-04-27
PER-0046,Lokesh Balan,Person,PER-0375,Inban Babu,Person,Called,1.54,CDR,2025-07-25
PER-0046,Lokesh Balan,Person,PER-0179,Jagan Arumugam,Person,Called,2.48,CDR,2025-11-07
PER-0046,Lokesh Balan,Person,PER-0386,Bharathi Sri,Person,Called,2.37,CDR,2026-05-26
PER-0046,Lokesh Balan,Person,PER-0336,Inban Palanisamy,Person,Called,2.75,CDR,2025-04-20
PER-0046,Lokesh Balan,Person,PER-0066,Sudha Sekar,Person,Called,0.5,CDR,2025-05-22
PER-0046,Lokesh Balan,Person,PER-0297,Karthik Balan,Person,Called,3.0,CDR,2025-10-18
PER-0047,Uma Raj,Person,PER-0048,Murugan Sundaram,Person,Reported-Suspect,12.0,FIR,13-02-2025
PER-0047,Uma Raj,Person,PER-0075,Hariharan Raj,Person,Reported-Suspect,6.0,FIR,17-03-2025
PER-0047,Uma Raj,Person,PER-0189,Deepak Subramani,Person,Complainant-Victim,4.0,FIR,26-06-2025
PER-0047,Uma Raj,Person,PER-0141,Senthil Krishnan,Person,Victim-Suspect,3.0,FIR,26-06-2025
PER-0047,Uma Raj,Person,PER-0198,Mohan Sekar,Person,Reported-Suspect,6.0,FIR,01-07-2025
PER-0047,Uma Raj,Person,PER-0212,Rajesh Karuppasamy,Person,Reported-Suspect,6.0,FIR,30-12-2025
PER-0047,Uma Raj,Person,PER-0373,Anand Muthu,Person,Reported-Suspect,6.0,FIR,24-04-2026
PER-0047,Uma Raj,Person,PER-0316,Mohan Ramasamy,Person,Called,1.51,CDR,2026-01-02
PER-0047,Uma Raj,Person,PER-0347,Bharath Balan,Person,Called,0.5,CDR,2026-07-30
PER-0047,Uma Raj,Person,PER-0100,Balaji Karuppasamy,Person,Called,2.41,CDR,2025-05-03
PER-0047,Uma Raj,Person,PER-0200,Dharani Shankar,Person,Called,2.28,CDR,2026-07-13
PER-0047,Uma Raj,Person,PER-0110,Harish Babu,Person,Called,3.0,CDR,2025-10-24
PER-0047,Uma Raj,Person,PER-0266,Bharath Gopal,Person,Called,0.5,CDR,2025-08-07
PER-0047,Uma Raj,Person,PER-0172,Arjun Pandian,Person,Called,0.5,CDR,2025-09-19
PER-0047,Uma Raj,Person,PER-0385,Praveen Muthu,Person,Called,0.5,CDR,2025-02-15
PER-0047,Uma Raj,Person,PER-0078,Gokul Muthu,Person,Called,2.69,CDR,2026-06-25
PER-0047,Uma Raj,Person,PER-0236,Durga Sekar,Person,Called,0.5,CDR,2025-01-10
PER-0047,Uma Raj,Person,PER-0325,Rajeshwari Devi,Person,Called,1.19,CDR,2026-04-16
PER-0047,Uma Raj,Person,PER-0307,Deviga Krishnan,Person,Called,1.24,CDR,2026-01-16
PER-0047,Uma Raj,Person,PER-0370,Kavitha Sri,Person,Called,3.0,CDR,2025-07-05
PER-0048,Murugan Sundaram,Person,PER-0076,Hariharan Babu,Person,Suspect-Witness,1.5,FIR,05-07-2025
PER-0048,Murugan Sundaram,Person,PER-0056,Bharath Prakash,Person,Reported-Suspect,3.0,FIR,22-09-2025
PER-0048,Murugan Sundaram,Person,PER-0271,Kumaran Subramani,Person,Victim-Suspect,3.0,FIR,22-09-2025
PER-0048,Murugan Sundaram,Person,VEH-0035,Tn-23-Zz-1086,Vehicle,Used-Vehicle,2.0,FIR,22-09-2025
PER-0048,Murugan Sundaram,Person,PER-0254,Tamilarasan Selvam,Person,Associate-Witness,1.0,FIR,26-09-2025
PER-0048,Murugan Sundaram,Person,PER-0213,Hariharan Prakash,Person,Suspect-Witness,1.5,FIR,05-10-2025
PER-0048,Murugan Sundaram,Person,PER-0170,Janani Devi,Person,Suspect-Associate,3.5,FIR,18-10-2025
PER-0048,Murugan Sundaram,Person,PER-0307,Deviga Krishnan,Person,Reported-Suspect,6.0,FIR,23-12-2025
PER-0048,Murugan Sundaram,Person,PER-0321,Revathi Raman,Person,Suspect-Associate,3.5,FIR,23-12-2025
PER-0048,Murugan Sundaram,Person,PER-0322,Kishore Muthu,Person,Suspect-Witness,1.5,FIR,23-12-2025
PER-0048,Murugan Sundaram,Person,PER-0067,Logesh Karuppasamy,Person,Suspect-Associate,10.5,FIR,09-01-2026
PER-0048,Murugan Sundaram,Person,PER-0161,Rajeshwari Ammal,Person,Reported-Suspect,6.0,FIR,10-03-2026
PER-0048,Murugan Sundaram,Person,PER-0267,Siva Selvam,Person,Suspect-Associate,3.5,FIR,10-03-2026
PER-0048,Murugan Sundaram,Person,PER-0152,Pavithra Bai,Person,Associate-Witness,1.0,FIR,15-03-2026
PER-0048,Murugan Sundaram,Person,PER-0106,Elango Krishnan,Person,Associate-Witness,1.0,FIR,29-04-2026
PER-0048,Murugan Sundaram,Person,PER-0095,Udhay Anand,Person,Suspect-Witness,1.5,FIR,27-05-2026
PER-0048,Murugan Sundaram,Person,PER-0355,Ajith Nathan,Person,Suspect-Associate,7.0,FIR,16-06-2026
PER-0048,Murugan Sundaram,Person,PER-0379,Gopal Mani,Person,Suspect-Associate,3.5,FIR,17-06-2026
PER-0048,Murugan Sundaram,Person,PER-0165,Rajesh Rajan,Person,Associate-Witness,1.0,FIR,17-06-2026
PER-0048,Murugan Sundaram,Person,PER-0121,Chandran Krishnan,Person,Associate-Witness,1.0,FIR,29-07-2026
PER-0048,Murugan Sundaram,Person,PER-0127,Udhay Muthu,Person,Suspect-Associate,3.5,FIR,27-08-2026
PER-0048,Murugan Sundaram,Person,PER-0104,Padmini Sri,Person,Suspect-Witness,1.5,FIR,27-08-2026
PER-0048,Murugan Sundaram,Person,PER-0108,Murugan Karuppasamy,Person,Called,1.6,CDR,2026-04-13
PER-0048,Murugan Sundaram,Person,PER-0065,Deepak Gopal,Person,Called,0.5,CDR,2025-02-24
PER-0048,Murugan Sundaram,Person,PER-0399,Praveen Shankar,Person,Called,0.5,CDR,2025-03-25
PER-0048,Murugan Sundaram,Person,PER-0169,Anitha Raj,Person,Called,2.36,CDR,2026-04-18
PER-0049,Madhan Kumar,Person,PER-0078,Gokul Muthu,Person,Suspect-Witness,1.5,FIR,03-04-2025
PER-0049,Madhan Kumar,Person,PER-0111,Dharani Rajan,Person,Complainant-Victim,2.0,FIR,09-04-2025
PER-0049,Madhan Kumar,Person,PER-0112,Eswari Raj,Person,Victim-Suspect,3.0,FIR,09-04-2025
PER-0049,Madhan Kumar,Person,PER-0052,Mathan Raman,Person,Associate-Witness,1.0,FIR,07-07-2025
PER-0049,Madhan Kumar,Person,PER-0053,Janani Krishnan,Person,Called,1.01,CDR,2025-06-25
PER-0049,Madhan Kumar,Person,PER-0178,Saravanan Anand,Person,Called,3.0,CDR,2026-04-11
PER-0049,Madhan Kumar,Person,PER-0266,Bharath Gopal,Person,Called,2.44,CDR,2026-08-01
PER-0049,Madhan Kumar,Person,PER-0081,Dinesh Nathan,Person,Called,0.8,CDR,2026-01-06
PER-0049,Madhan Kumar,Person,PER-0291,Mythili Murugan,Person,Called,2.76,CDR,2026-05-14
PER-0049,Madhan Kumar,Person,PER-0136,Durga Raman,Person,Called,1.17,CDR,2026-01-14
PER-0049,Madhan Kumar,Person,PER-0208,Arun Thangaraj,Person,Called,0.76,CDR,2025-09-30
PER-0049,Madhan Kumar,Person,PER-0156,Kumaran Anand,Person,Called,1.0,CDR,2026-07-15
PER-0050,Sudha Kannan,Person,PER-0051,Mohan Kumar,Person,Reported-Suspect,6.0,FIR,20-02-2025
PER-0050,Sudha Kannan,Person,PER-0335,Jeeva Krishnan,Person,Called,2.88,CDR,2026-04-07
PER-0050,Sudha Kannan,Person,PER-0241,Malathi Ammal,Person,Called,2.52,CDR,2025-08-27
PER-0050,Sudha Kannan,Person,PER-0339,Revathi Bai,Person,Called,2.96,CDR,2025-12-11
PER-0050,Sudha Kannan,Person,PER-0111,Dharani Rajan,Person,Called,2.53,CDR,2025-08-17
PER-0050,Sudha Kannan,Person,PER-0185,Jagan Sekar,Person,Called,0.5,CDR,2026-04-27
PER-0050,Sudha Kannan,Person,PER-0363,Gunasekar Prakash,Person,Called,1.28,CDR,2026-04-26
PER-0050,Sudha Kannan,Person,PER-0072,Buvaneswari Kannan,Person,Called,2.05,CDR,2025-10-06
PER-0050,Sudha Kannan,Person,PER-0365,Karthik Shankar,Person,Called,0.9,CDR,2025-11-20
PER-0050,Sudha Kannan,Person,PER-0349,Padmini Rani,Person,Called,1.74,CDR,2025-08-17
PER-0050,Sudha Kannan,Person,PER-0078,Gokul Muthu,Person,Called,0.5,CDR,2026-03-16
PER-0050,Sudha Kannan,Person,PER-0212,Rajesh Karuppasamy,Person,Called,0.5,CDR,2025-10-19
PER-0050,Sudha Kannan,Person,PER-0150,Pavithra Kannan,Person,Called,0.5,CDR,2025-08-18
PER-0050,Sudha Kannan,Person,PER-0090,Anand Natarajan,Person,Called,1.78,CDR,2026-02-03
PER-0050,Sudha Kannan,Person,PER-0254,Tamilarasan Selvam,Person,Called,0.5,CDR,2025-03-03
PER-0050,Sudha Kannan,Person,PER-0266,Bharath Gopal,Person,Called,0.5,CDR,2025-09-09
PER-0050,Sudha Kannan,Person,PER-0257,Geetha Kumari,Person,Called,3.0,CDR,2025-06-19
PER-0050,Sudha Kannan,Person,PER-0338,Madhan Rajan,Person,Called,1.75,CDR,2025-06-07
PER-0051,Mohan Kumar,Person,PER-0052,Mathan Raman,Person,Suspect-Associate,3.5,FIR,20-02-2025
PER-0051,Mohan Kumar,Person,PER-0053,Janani Krishnan,Person,Suspect-Witness,1.5,FIR,20-02-2025
PER-0051,Mohan Kumar,Person,PER-0122,Abirami Sri,Person,Suspect-Witness,1.5,FIR,18-04-2025
PER-0051,Mohan Kumar,Person,PER-0190,Dharani Thangaraj,Person,Called,2.25,CDR,2026-04-04
PER-0051,Mohan Kumar,Person,PER-0363,Gunasekar Prakash,Person,Called,0.5,CDR,2025-08-12
PER-0051,Mohan Kumar,Person,PER-0220,Vijay Rajan,Person,Called,0.5,CDR,2026-03-26
PER-0051,Mohan Kumar,Person,PER-0324,Malathi Devi,Person,Called,0.5,CDR,2025-02-03
PER-0051,Mohan Kumar,Person,PER-0192,Dinesh Raj,Person,Called,0.54,CDR,2026-05-12
PER-0051,Mohan Kumar,Person,PER-0182,Saravanan Sundaram,Person,Called,3.0,CDR,2025-06-08
PER-0052,Mathan Raman,Person,PER-0053,Janani Krishnan,Person,Associate-Witness,1.0,FIR,20-02-2025
PER-0052,Mathan Raman,Person,PER-0080,Nandha Karuppasamy,Person,Suspect-Associate,7.0,FIR,18-03-2025
PER-0052,Mathan Raman,Person,PER-0243,Bharath Selvam,Person,Suspect-Associate,3.5,FIR,19-08-2025
PER-0052,Mathan Raman,Person,PER-0300,Logesh Subramani,Person,Suspect-Associate,3.5,FIR,28-10-2025
PER-0052,Mathan Raman,Person,PER-0062,Pandian Balan,Person,Associate-Witness,1.0,FIR,28-10-2025
PER-0052,Mathan Raman,Person,PER-0259,Chithra Kannan,Person,Suspect-Associate,3.5,FIR,11-11-2025
PER-0052,Mathan Raman,Person,PER-0332,Vasanthi Ammal,Person,Reported-Suspect,6.0,FIR,08-01-2026
PER-0052,Mathan Raman,Person,PER-0253,Harish Murugan,Person,Suspect-Associate,7.0,FIR,16-03-2026
PER-0052,Mathan Raman,Person,PER-0074,Padmini Raj,Person,Associate-Witness,1.0,FIR,16-03-2026
PER-0052,Mathan Raman,Person,PER-0083,Babu Selvam,Person,Reported-Suspect,6.0,FIR,04-05-2026
PER-0052,Mathan Raman,Person,PER-0277,Karthik Rajan,Person,Suspect-Witness,1.5,FIR,04-05-2026
PER-0052,Mathan Raman,Person,PER-0356,Senthil Natarajan,Person,Suspect-Associate,3.5,FIR,17-05-2026
PER-0052,Mathan Raman,Person,PER-0191,Rajesh Krishnan,Person,Associate-Witness,1.0,FIR,26-06-2026
PER-0052,Mathan Raman,Person,PER-0093,Vasanth Mani,Person,Suspect-Associate,3.5,FIR,13-08-2026
PER-0052,Mathan Raman,Person,PER-0214,Dharani Anand,Person,Associate-Witness,1.0,FIR,13-08-2026
PER-0052,Mathan Raman,Person,PER-0195,Vidhya Ammal,Person,Called,3.0,CDR,2026-03-13
PER-0052,Mathan Raman,Person,PER-0388,Jothi Selvam,Person,Called,1.51,CDR,2025-11-25
PER-0052,Mathan Raman,Person,PER-0312,Deepa Devi,Person,Called,0.98,CDR,2026-06-06
PER-0052,Mathan Raman,Person,PER-0237,Saravanan Murugan,Person,Called,2.66,CDR,2026-06-23
PER-0052,Mathan Raman,Person,PER-0166,Yogesh Balan,Person,Called,2.72,CDR,2026-02-27
PER-0052,Mathan Raman,Person,PER-0400,Hemanth Krishnan,Person,Called,0.5,CDR,2025-07-14
PER-0052,Mathan Raman,Person,PER-0392,Buvaneswari Devi,Person,Called,0.5,CDR,2026-01-13
PER-0053,Janani Krishnan,Person,PER-0095,Udhay Anand,Person,Suspect-Witness,1.5,FIR,12-04-2026
PER-0053,Janani Krishnan,Person,PER-0370,Kavitha Sri,Person,Associate-Witness,1.0,FIR,12-04-2026
PER-0053,Janani Krishnan,Person,PER-0194,Rakesh Gopal,Person,Called,0.5,CDR,2026-03-17
PER-0053,Janani Krishnan,Person,PER-0273,Lakshmi Raman,Person,Called,1.11,CDR,2025-01-16
PER-0053,Janani Krishnan,Person,PER-0364,Janani Sekar,Person,Called,1.62,CDR,2025-12-28
PER-0053,Janani Krishnan,Person,PER-0098,Karthik Nathan,Person,Called,0.66,CDR,2026-02-28
PER-0053,Janani Krishnan,Person,PER-0147,Kumaran Prakash,Person,Called,0.53,CDR,2025-04-29
PER-0053,Janani Krishnan,Person,PER-0271,Kumaran Subramani,Person,Called,1.07,CDR,2026-01-15
PER-0054,Vasanth Chandran,Person,PER-0112,Eswari Raj,Person,Suspect-Witness,1.5,FIR,12-04-2025
PER-0054,Vasanth Chandran,Person,PER-0109,Ajith Murugan,Person,Associate-Witness,1.0,FIR,12-04-2025
PER-0054,Vasanth Chandran,Person,PER-0308,Kannan Shankar,Person,Suspect-Witness,3.0,FIR,17-11-2025
PER-0054,Vasanth Chandran,Person,PER-0298,Suresh Selvam,Person,Associate-Witness,1.0,FIR,17-11-2025
PER-0054,Vasanth Chandran,Person,PER-0310,Mathan Balan,Person,Reported-Suspect,6.0,FIR,22-11-2025
PER-0054,Vasanth Chandran,Person,PER-0108,Murugan Karuppasamy,Person,Suspect-Witness,1.5,FIR,21-12-2025
PER-0054,Vasanth Chandran,Person,PER-0306,Dharani Selvam,Person,Suspect-Witness,1.5,FIR,13-01-2026
PER-0054,Vasanth Chandran,Person,PER-0258,Anand Palanisamy,Person,Reported-Suspect,6.0,FIR,28-07-2026
PER-0054,Vasanth Chandran,Person,PER-0289,Bhuvana Raman,Person,Called,3.0,CDR,2026-07-12
PER-0054,Vasanth Chandran,Person,PER-0096,Udhay Shankar,Person,Called,0.5,CDR,2025-05-18
PER-0054,Vasanth Chandran,Person,PER-0125,Saranya Murugan,Person,Called,3.0,CDR,2026-01-29
PER-0054,Vasanth Chandran,Person,PER-0247,Elango Shankar,Person,Called,0.5,CDR,2025-05-05
PER-0054,Vasanth Chandran,Person,PER-0297,Karthik Balan,Person,Called,0.5,CDR,2026-02-14
PER-0054,Vasanth Chandran,Person,PER-0315,Chithra Raman,Person,Called,3.0,CDR,2025-12-12
PER-0054,Vasanth Chandran,Person,PER-0209,Kishore Murugan,Person,Called,0.85,CDR,2025-03-12
PER-0054,Vasanth Chandran,Person,PER-0342,Manoj Sekar,Person,Called,0.5,CDR,2025-01-11
PER-0054,Vasanth Chandran,Person,PER-0123,Karthik Pandian,Person,Called,1.17,CDR,2025-09-07
PER-0055,Arun Natarajan,Person,PER-0192,Dinesh Raj,Person,Called,3.0,CDR,2025-12-25
PER-0055,Arun Natarajan,Person,PER-0394,Hemanth Nathan,Person,Called,1.46,CDR,2025-12-15
PER-0055,Arun Natarajan,Person,PER-0229,Kannan Muthu,Person,Called,1.24,CDR,2026-04-01
PER-0055,Arun Natarajan,Person,PER-0240,Elango Prakash,Person,Called,2.28,CDR,2025-06-07
PER-0055,Arun Natarajan,Person,PER-0135,Vasanthi Bai,Person,Called,0.5,CDR,2026-05-04
PER-0055,Arun Natarajan,Person,PER-0126,Mythili Selvi,Person,Called,0.5,CDR,2026-05-22
PER-0055,Arun Natarajan,Person,PER-0071,Nithin Thangaraj,Person,Called,0.9,CDR,2025-05-08
PER-0055,Arun Natarajan,Person,PER-0286,Gopal Gopal,Person,Called,0.5,CDR,2025-12-12
PER-0055,Arun Natarajan,Person,PER-0197,Thirumal Sekar,Person,Called,2.94,CDR,2025-08-20
PER-0055,Arun Natarajan,Person,PER-0179,Jagan Arumugam,Person,Called,0.5,CDR,2026-02-22
PER-0055,Arun Natarajan,Person,PER-0151,Dharani Gopal,Person,Called,0.5,CDR,2025-11-01
PER-0055,Arun Natarajan,Person,PER-0295,Gopal Karuppasamy,Person,Called,2.29,CDR,2026-05-20
PER-0055,Arun Natarajan,Person,PER-0384,Naveen Muthu,Person,Called,0.5,CDR,2025-11-17
PER-0055,Arun Natarajan,Person,PER-0242,Ganesh Selvam,Person,Called,2.11,CDR,2025-01-14
PER-0055,Arun Natarajan,Person,PER-0317,Chithra Devi,Person,Called,2.64,CDR,2026-01-03
PER-0055,Arun Natarajan,Person,PER-0104,Padmini Sri,Person,Called,2.02,CDR,2026-04-23
PER-0056,Bharath Prakash,Person,PER-0057,Abirami Krishnan,Person,Reported-Suspect,6.0,FIR,26-02-2025
PER-0056,Bharath Prakash,Person,PER-0271,Kumaran Subramani,Person,Complainant-Victim,2.0,FIR,22-09-2025
PER-0056,Bharath Prakash,Person,PER-0163,Rakesh Krishnan,Person,Complainant-Victim,2.0,FIR,20-01-2026
PER-0056,Bharath Prakash,Person,PER-0112,Eswari Raj,Person,Reported-Suspect,3.0,FIR,20-01-2026
PER-0056,Bharath Prakash,Person,PER-0089,Praveen Sekar,Person,Reported-Suspect,6.0,FIR,26-02-2026
PER-0056,Bharath Prakash,Person,PER-0220,Vijay Rajan,Person,Called,3.0,CDR,2025-11-23
PER-0056,Bharath Prakash,Person,PER-0375,Inban Babu,Person,Called,0.5,CDR,2025-10-20
PER-0056,Bharath Prakash,Person,PER-0227,Ezhilan Ramasamy,Person,Called,0.5,CDR,2025-06-11
PER-0056,Bharath Prakash,Person,PER-0284,Kishore Arumugam,Person,Called,0.98,CDR,2025-06-03
PER-0056,Bharath Prakash,Person,PER-0316,Mohan Ramasamy,Person,Called,0.5,CDR,2025-08-18
PER-0056,Bharath Prakash,Person,PER-0352,Yuvaraj Natarajan,Person,Called,1.41,CDR,2025-07-25
PER-0056,Bharath Prakash,Person,PER-0349,Padmini Rani,Person,Called,1.74,CDR,2026-04-16
PER-0056,Bharath Prakash,Person,PER-0327,Abirami Bai,Person,Called,0.72,CDR,2025-08-23
PER-0056,Bharath Prakash,Person,PER-0150,Pavithra Kannan,Person,Called,2.7,CDR,2026-06-19
PER-0056,Bharath Prakash,Person,PER-0338,Madhan Rajan,Person,Called,2.5,CDR,2026-04-12
PER-0056,Bharath Prakash,Person,PER-0142,Siva Muthu,Person,Called,0.5,CDR,2025-07-14
PER-0056,Bharath Prakash,Person,PER-0161,Rajeshwari Ammal,Person,Called,0.78,CDR,2026-03-14
PER-0056,Bharath Prakash,Person,PER-0109,Ajith Murugan,Person,Called,0.86,CDR,2026-02-27
PER-0056,Bharath Prakash,Person,PER-0305,Sudha Bai,Person,Called,0.5,CDR,2025-01-25
PER-0057,Abirami Krishnan,Person,PER-0058,Revathi Ammal,Person,Suspect-Associate,3.5,FIR,26-02-2025
PER-0057,Abirami Krishnan,Person,VEH-0008,Tn-45-Zz-1056,Vehicle,Used-Vehicle,2.0,FIR,26-02-2025
PER-0057,Abirami Krishnan,Person,PER-0086,Prakash Chandran,Person,Reported-Suspect,6.0,FIR,24-03-2025
PER-0057,Abirami Krishnan,Person,VEH-0013,Tn-68-Yy-1058,Vehicle,Used-Vehicle,2.0,FIR,24-03-2025
PER-0057,Abirami Krishnan,Person,PER-0157,Ganesh Natarajan,Person,Called,3.0,CDR,2025-04-05
PER-0057,Abirami Krishnan,Person,PER-0305,Sudha Bai,Person,Called,3.0,CDR,2025-11-03
PER-0057,Abirami Krishnan,Person,PER-0380,Eswari Sri,Person,Called,1.86,CDR,2025-07-08
PER-0057,Abirami Krishnan,Person,PER-0214,Dharani Anand,Person,Called,1.05,CDR,2026-06-21
PER-0057,Abirami Krishnan,Person,PER-0118,Dharani Prakash,Person,Called,2.89,CDR,2025-01-17
PER-0057,Abirami Krishnan,Person,PER-0266,Bharath Gopal,Person,Called,2.86,CDR,2025-10-17
PER-0057,Abirami Krishnan,Person,PER-0318,Harish Anand,Person,Called,2.4,CDR,2025-09-04
PER-0058,Revathi Ammal,Person,VEH-0008,Tn-45-Zz-1056,Vehicle,Used-Vehicle,1.5,FIR,26-02-2025
PER-0058,Revathi Ammal,Person,PER-0064,Ezhilan Palanisamy,Person,Associate-Witness,1.0,FIR,01-03-2025
PER-0058,Revathi Ammal,Person,VEH-0009,Tn-01-Xx-1057,Vehicle,Used-Vehicle,1.5,FIR,01-03-2025
PER-0058,Revathi Ammal,Person,PER-0197,Thirumal Sekar,Person,Called,2.07,CDR,2025-06-27
PER-0058,Revathi Ammal,Person,PER-0393,Vidhya Bai,Person,Called,0.5,CDR,2025-10-02
PER-0058,Revathi Ammal,Person,PER-0276,Harish Subramani,Person,Called,0.74,CDR,2025-11-06
PER-0058,Revathi Ammal,Person,PER-0155,Hariharan Ramasamy,Person,Called,0.84,CDR,2026-07-07
PER-0058,Revathi Ammal,Person,PER-0249,Vasanthi Selvam,Person,Called,3.0,CDR,2026-05-05
PER-0058,Revathi Ammal,Person,PER-0203,Karthik Velan,Person,Called,0.5,CDR,2025-01-26
PER-0058,Revathi Ammal,Person,PER-0195,Vidhya Ammal,Person,Called,0.5,CDR,2025-07-13
PER-0058,Revathi Ammal,Person,PER-0274,Tamilarasan Karuppasamy,Person,Called,3.0,CDR,2025-08-01
PER-0058,Revathi Ammal,Person,PER-0173,Manoj Karuppasamy,Person,Called,0.5,CDR,2025-12-18
PER-0059,Suresh Pandian,Person,PER-0060,Madhan Babu,Person,Reported-Suspect,6.0,FIR,28-02-2025
PER-0059,Suresh Pandian,Person,PER-0104,Padmini Sri,Person,Called,1.0,CDR,2025-07-02
PER-0059,Suresh Pandian,Person,PER-0135,Vasanthi Bai,Person,Called,0.5,CDR,2025-08-03
PER-0059,Suresh Pandian,Person,PER-0204,Keerthana Sri,Person,Called,0.5,CDR,2026-03-19
PER-0059,Suresh Pandian,Person,PER-0196,Kannan Thangaraj,Person,Called,2.89,CDR,2025-10-15
PER-0059,Suresh Pandian,Person,PER-0090,Anand Natarajan,Person,Called,0.5,CDR,2025-03-07
PER-0059,Suresh Pandian,Person,PER-0257,Geetha Kumari,Person,Called,0.5,CDR,2026-06-13
PER-0059,Suresh Pandian,Person,PER-0365,Karthik Shankar,Person,Called,1.0,CDR,2025-11-22
PER-0059,Suresh Pandian,Person,PER-0179,Jagan Arumugam,Person,Called,3.0,CDR,2026-03-24
PER-0059,Suresh Pandian,Person,PER-0236,Durga Sekar,Person,Called,2.3,CDR,2025-03-02
PER-0059,Suresh Pandian,Person,PER-0134,Deepa Kumari,Person,Called,3.0,CDR,2025-11-17
PER-0059,Suresh Pandian,Person,PER-0199,Sudha Rani,Person,Called,1.33,CDR,2025-11-26
PER-0059,Suresh Pandian,Person,PER-0377,Selvam Babu,Person,Called,1.25,CDR,2026-04-20
PER-0059,Suresh Pandian,Person,PER-0281,Ganesh Subramani,Person,Called,1.0,CDR,2026-02-09
PER-0059,Suresh Pandian,Person,PER-0176,Jagan Shankar,Person,Called,0.5,CDR,2026-02-04
PER-0060,Madhan Babu,Person,PER-0061,Dinesh Balan,Person,Suspect-Associate,3.5,FIR,28-02-2025
PER-0060,Madhan Babu,Person,PER-0062,Pandian Balan,Person,Suspect-Witness,1.5,FIR,28-02-2025
PER-0060,Madhan Babu,Person,PER-0274,Tamilarasan Karuppasamy,Person,Reported-Suspect,3.0,FIR,30-09-2025
PER-0060,Madhan Babu,Person,PER-0275,Harish Selvam,Person,Victim-Suspect,3.0,FIR,30-09-2025
PER-0060,Madhan Babu,Person,PER-0358,Venkat Kumar,Person,Reported-Suspect,6.0,FIR,24-03-2026
PER-0060,Madhan Babu,Person,PER-0127,Udhay Muthu,Person,Suspect-Associate,7.0,FIR,24-03-2026
PER-0060,Madhan Babu,Person,PER-0130,Ramesh Pandian,Person,Suspect-Witness,1.5,FIR,24-03-2026
PER-0060,Madhan Babu,Person,PER-0223,Gunasekar Murugan,Person,Reported-Suspect,6.0,FIR,30-04-2026
PER-0060,Madhan Babu,Person,PER-0394,Hemanth Nathan,Person,Reported-Suspect,7.65,FIR,26-07-2026
PER-0060,Madhan Babu,Person,PER-0069,Jagan Anand,Person,Called,2.37,CDR,2025-11-02
PER-0060,Madhan Babu,Person,PER-0156,Kumaran Anand,Person,Called,2.03,CDR,2026-07-15
PER-0060,Madhan Babu,Person,PER-0140,Sangeetha Bai,Person,Called,2.64,CDR,2025-05-15
PER-0060,Madhan Babu,Person,PER-0305,Sudha Bai,Person,Called,1.63,CDR,2025-09-25
PER-0060,Madhan Babu,Person,PER-0267,Siva Selvam,Person,Called,2.27,CDR,2025-03-21
PER-0060,Madhan Babu,Person,PER-0074,Padmini Raj,Person,Called,0.55,CDR,2026-03-10
PER-0060,Madhan Babu,Person,PER-0072,Buvaneswari Kannan,Person,Called,2.89,CDR,2025-10-09
PER-0060,Madhan Babu,Person,PER-0310,Mathan Balan,Person,Called,1.08,CDR,2026-01-24
PER-0060,Madhan Babu,Person,PER-0238,Nithya Murugan,Person,Called,2.16,CDR,2026-05-27
PER-0060,Madhan Babu,Person,PER-0233,Sanjay Prakash,Person,Called,2.61,CDR,2025-09-19
PER-0060,Madhan Babu,Person,PER-0320,Kavitha Devi,Person,Called,3.0,CDR,2026-01-24
PER-0060,Madhan Babu,Person,PER-0151,Dharani Gopal,Person,Called,0.5,CDR,2026-06-30
PER-0061,Dinesh Balan,Person,PER-0062,Pandian Balan,Person,Associate-Witness,1.0,FIR,28-02-2025
PER-0061,Dinesh Balan,Person,PER-0098,Karthik Nathan,Person,Suspect-Associate,3.5,FIR,28-03-2025
PER-0061,Dinesh Balan,Person,PER-0212,Rajesh Karuppasamy,Person,Suspect-Associate,7.0,FIR,02-08-2025
PER-0061,Dinesh Balan,Person,PER-0206,Mathan Velan,Person,Suspect-Associate,7.0,FIR,24-08-2025
PER-0061,Dinesh Balan,Person,PER-0122,Abirami Sri,Person,Associate-Witness,2.0,FIR,07-10-2025
PER-0061,Dinesh Balan,Person,PER-0284,Kishore Arumugam,Person,Suspect-Associate,3.5,FIR,25-10-2025
PER-0061,Dinesh Balan,Person,PER-0130,Ramesh Pandian,Person,Associate-Witness,1.0,FIR,25-10-2025
PER-0061,Dinesh Balan,Person,PER-0360,Sanjay Palanisamy,Person,Suspect-Associate,7.0,FIR,02-05-2026
PER-0061,Dinesh Balan,Person,PER-0258,Anand Palanisamy,Person,Suspect-Associate,10.5,FIR,16-06-2026
PER-0061,Dinesh Balan,Person,PER-0074,Padmini Raj,Person,Associate-Witness,1.0,FIR,16-06-2026
PER-0061,Dinesh Balan,Person,VEH-0005,Tn-38-Zz-1071,Vehicle,Used-Vehicle,1.5,FIR,19-06-2026
PER-0061,Dinesh Balan,Person,PER-0214,Dharani Anand,Person,Associate-Witness,1.0,FIR,18-07-2026
PER-0061,Dinesh Balan,Person,PER-0216,Kalaiselvi Raman,Person,Called,3.0,CDR,2025-01-16
PER-0061,Dinesh Balan,Person,PER-0245,Senthil Prakash,Person,Called,2.17,CDR,2025-11-08
PER-0061,Dinesh Balan,Person,PER-0225,Lakshmi Krishnan,Person,Called,2.2,CDR,2026-04-07
PER-0061,Dinesh Balan,Person,PER-0230,Eswari Selvam,Person,Called,0.5,CDR,2025-12-12
PER-0061,Dinesh Balan,Person,PER-0106,Elango Krishnan,Person,Called,2.5,CDR,2026-07-30
PER-0061,Dinesh Balan,Person,PER-0105,Yogesh Arumugam,Person,Called,1.79,CDR,2025-02-04
PER-0061,Dinesh Balan,Person,PER-0177,Inban Balan,Person,Called,0.5,CDR,2025-12-25
PER-0062,Pandian Balan,Person,PER-0194,Rakesh Gopal,Person,Suspect-Witness,1.5,FIR,19-08-2025
PER-0062,Pandian Balan,Person,PER-0247,Elango Shankar,Person,Associate-Witness,1.0,FIR,19-08-2025
PER-0062,Pandian Balan,Person,PER-0300,Logesh Subramani,Person,Suspect-Witness,1.5,FIR,28-10-2025
PER-0062,Pandian Balan,Person,PER-0244,Thirumal Velan,Person,Suspect-Witness,1.5,FIR,10-02-2026
PER-0062,Pandian Balan,Person,PER-0340,Vignesh Babu,Person,Associate-Witness,1.0,FIR,10-02-2026
PER-0062,Pandian Balan,Person,PER-0336,Inban Palanisamy,Person,Called,1.18,CDR,2025-03-15
PER-0062,Pandian Balan,Person,PER-0368,Gokul Babu,Person,Called,2.49,CDR,2026-06-29
PER-0062,Pandian Balan,Person,PER-0157,Ganesh Natarajan,Person,Called,0.5,CDR,2026-02-17
PER-0062,Pandian Balan,Person,PER-0259,Chithra Kannan,Person,Called,3.0,CDR,2025-12-01
PER-0062,Pandian Balan,Person,PER-0213,Hariharan Prakash,Person,Called,1.54,CDR,2026-03-19
PER-0062,Pandian Balan,Person,PER-0080,Nandha Karuppasamy,Person,Called,3.0,CDR,2025-02-04
PER-0062,Pandian Balan,Person,PER-0248,Gokul Karuppasamy,Person,Called,0.5,CDR,2025-12-06
PER-0062,Pandian Balan,Person,PER-0350,Priya Raman,Person,Called,2.37,CDR,2025-02-12
PER-0062,Pandian Balan,Person,PER-0326,Gopal Balan,Person,Called,0.72,CDR,2025-04-18
PER-0062,Pandian Balan,Person,PER-0282,Yuvaraj Anand,Person,Called,0.5,CDR,2026-05-18
PER-0062,Pandian Balan,Person,PER-0166,Yogesh Balan,Person,Called,0.97,CDR,2025-09-05
PER-0062,Pandian Balan,Person,PER-0263,Naveen Mani,Person,Called,1.64,CDR,2026-07-16
PER-0062,Pandian Balan,Person,PER-0279,Rakesh Muthu,Person,Called,0.5,CDR,2026-01-20
PER-0063,Anitha Raman,Person,PER-0137,Gunasekar Anand,Person,Suspect-Witness,1.5,FIR,08-06-2025
PER-0063,Anitha Raman,Person,PER-0067,Logesh Karuppasamy,Person,Associate-Witness,1.0,FIR,08-06-2025
PER-0063,Anitha Raman,Person,PER-0181,Abirami Raj,Person,Suspect-Witness,1.5,FIR,17-06-2025
PER-0063,Anitha Raman,Person,PER-0100,Balaji Karuppasamy,Person,Suspect-Witness,1.5,FIR,26-06-2025
PER-0063,Anitha Raman,Person,PER-0203,Karthik Velan,Person,Associate-Witness,1.0,FIR,26-09-2025
PER-0063,Anitha Raman,Person,PER-0171,Arun Selvam,Person,Called,0.5,CDR,2026-02-03
PER-0063,Anitha Raman,Person,PER-0278,Lavanya Raj,Person,Called,1.28,CDR,2025-02-27
PER-0063,Anitha Raman,Person,PER-0288,Kumaran Murugan,Person,Called,2.74,CDR,2025-05-05
PER-0063,Anitha Raman,Person,PER-0186,Gopal Muthu,Person,Called,2.98,CDR,2025-11-25
PER-0063,Anitha Raman,Person,PER-0173,Manoj Karuppasamy,Person,Called,1.81,CDR,2025-06-23
PER-0063,Anitha Raman,Person,PER-0336,Inban Palanisamy,Person,Called,3.0,CDR,2025-12-21
PER-0063,Anitha Raman,Person,PER-0080,Nandha Karuppasamy,Person,Called,0.5,CDR,2026-03-28
PER-0063,Anitha Raman,Person,PER-0281,Ganesh Subramani,Person,Called,0.5,CDR,2026-05-13
PER-0064,Ezhilan Palanisamy,Person,PER-0193,Vignesh Thangaraj,Person,Suspect-Witness,1.5,FIR,28-06-2025
PER-0064,Ezhilan Palanisamy,Person,PER-0087,Anand Krishnan,Person,Called,3.0,CDR,2025-01-25
PER-0064,Ezhilan Palanisamy,Person,PER-0152,Pavithra Bai,Person,Called,0.5,CDR,2025-08-13
PER-0064,Ezhilan Palanisamy,Person,PER-0342,Manoj Sekar,Person,Called,0.5,CDR,2025-05-14
PER-0064,Ezhilan Palanisamy,Person,PER-0317,Chithra Devi,Person,Called,2.5,CDR,2025-10-29
PER-0064,Ezhilan Palanisamy,Person,PER-0122,Abirami Sri,Person,Called,0.5,CDR,2025-06-19
PER-0064,Ezhilan Palanisamy,Person,PER-0281,Ganesh Subramani,Person,Called,1.72,CDR,2025-12-04
PER-0064,Ezhilan Palanisamy,Person,PER-0398,Sanjay Shankar,Person,Called,0.5,CDR,2025-02-03
PER-0064,Ezhilan Palanisamy,Person,PER-0341,Madhan Nathan,Person,Called,0.5,CDR,2025-07-27
PER-0064,Ezhilan Palanisamy,Person,PER-0269,Selvam Natarajan,Person,Called,0.5,CDR,2026-02-11
PER-0064,Ezhilan Palanisamy,Person,PER-0287,Venkat Prakash,Person,Called,1.05,CDR,2025-08-15
PER-0064,Ezhilan Palanisamy,Person,PER-0331,Sanjay Velan,Person,Called,0.5,CDR,2026-06-15
PER-0065,Deepak Gopal,Person,PER-0140,Sangeetha Bai,Person,Complainant-Victim,2.0,FIR,15-11-2025
PER-0065,Deepak Gopal,Person,PER-0203,Karthik Velan,Person,Reported-Suspect,3.0,FIR,15-11-2025
PER-0065,Deepak Gopal,Person,PER-0124,Chandran Subramani,Person,Reported-Suspect,3.0,FIR,31-01-2026
PER-0065,Deepak Gopal,Person,PER-0296,Praveen Raman,Person,Called,1.76,CDR,2025-09-25
PER-0065,Deepak Gopal,Person,PER-0068,Jagan Gopal,Person,Called,2.7,CDR,2025-10-11
PER-0065,Deepak Gopal,Person,PER-0299,Hemanth Raj,Person,Called,1.48,CDR,2025-12-17
PER-0065,Deepak Gopal,Person,PER-0311,Meena Krishnan,Person,Called,4.04,CDR,2025-08-19
PER-0065,Deepak Gopal,Person,PER-0206,Mathan Velan,Person,Called,0.5,CDR,2025-09-03
PER-0065,Deepak Gopal,Person,PER-0134,Deepa Kumari,Person,Called,0.5,CDR,2025-02-09
PER-0065,Deepak Gopal,Person,PER-0208,Arun Thangaraj,Person,Called,2.72,CDR,2025-09-08
PER-0065,Deepak Gopal,Person,PER-0375,Inban Babu,Person,Called,0.5,CDR,2026-07-06
PER-0065,Deepak Gopal,Person,PER-0172,Arjun Pandian,Person,Called,2.62,CDR,2026-07-31
PER-0065,Deepak Gopal,Person,PER-0169,Anitha Raj,Person,Called,3.0,CDR,2025-02-22
PER-0065,Deepak Gopal,Person,PER-0309,Sathish Ramasamy,Person,Called,0.5,CDR,2025-06-15
PER-0065,Deepak Gopal,Person,PER-0330,Indhu Sri,Person,Called,1.47,CDR,2025-04-05
PER-0065,Deepak Gopal,Person,PER-0378,Senthil Raman,Person,Called,0.5,CDR,2025-05-28
PER-0065,Deepak Gopal,Person,PER-0067,Logesh Karuppasamy,Person,Called,3.0,CDR,2025-10-16
PER-0065,Deepak Gopal,Person,PER-0329,Nandha Muthu,Person,Called,1.62,CDR,2025-05-19
PER-0065,Deepak Gopal,Person,PER-0210,Harish Mani,Person,Called,0.5,CDR,2025-10-06
PER-0065,Deepak Gopal,Person,PER-0340,Vignesh Babu,Person,Called,2.03,CDR,2025-11-07
PER-0065,Deepak Gopal,Person,PER-0182,Saravanan Sundaram,Person,Called,0.5,CDR,2025-04-07
PER-0065,Deepak Gopal,Person,PER-0168,Mohan Gopal,Person,Called,1.18,CDR,2026-03-28
PER-0065,Deepak Gopal,Person,PER-0337,Jeeva Muthu,Person,Called,0.65,CDR,2026-06-25
PER-0066,Sudha Sekar,Person,PER-0076,Hariharan Babu,Person,Called,2.03,CDR,2025-07-02
PER-0066,Sudha Sekar,Person,PER-0396,Nithya Devi,Person,Called,0.93,CDR,2025-12-19
PER-0066,Sudha Sekar,Person,PER-0327,Abirami Bai,Person,Called,0.5,CDR,2025-01-02
PER-0066,Sudha Sekar,Person,PER-0256,Bharathi Raman,Person,Called,0.5,CDR,2026-03-05
PER-0066,Sudha Sekar,Person,PER-0226,Buvaneswari Sri,Person,Called,0.5,CDR,2026-04-10
PER-0066,Sudha Sekar,Person,PER-0273,Lakshmi Raman,Person,Called,2.65,CDR,2026-05-04
PER-0066,Sudha Sekar,Person,PER-0119,Amudha Kannan,Person,Called,2.11,CDR,2025-10-15
PER-0066,Sudha Sekar,Person,PER-0105,Yogesh Arumugam,Person,Called,2.36,CDR,2026-07-30
PER-0066,Sudha Sekar,Person,PER-0205,Ajith Sekar,Person,Called,1.35,CDR,2025-11-05
PER-0066,Sudha Sekar,Person,PER-0307,Deviga Krishnan,Person,Called,1.06,CDR,2025-03-23
PER-0066,Sudha Sekar,Person,PER-0210,Harish Mani,Person,Called,0.97,CDR,2026-04-16
PER-0066,Sudha Sekar,Person,PER-0075,Hariharan Raj,Person,Called,1.96,CDR,2025-04-03
PER-0066,Sudha Sekar,Person,PER-0160,Mohan Natarajan,Person,Called,0.5,CDR,2025-02-24
PER-0066,Sudha Sekar,Person,PER-0099,Kavitha Selvam,Person,Called,3.0,CDR,2025-12-12
PER-0067,Logesh Karuppasamy,Person,PER-0137,Gunasekar Anand,Person,Suspect-Associate,3.5,FIR,08-06-2025
PER-0067,Logesh Karuppasamy,Person,PER-0208,Arun Thangaraj,Person,Reported-Suspect,6.0,FIR,09-01-2026
PER-0067,Logesh Karuppasamy,Person,PER-0088,Naveen Natarajan,Person,Reported-Suspect,6.0,FIR,26-01-2026
PER-0067,Logesh Karuppasamy,Person,PER-0106,Elango Krishnan,Person,Suspect-Witness,3.0,FIR,26-01-2026
PER-0067,Logesh Karuppasamy,Person,PER-0152,Pavithra Bai,Person,Suspect-Witness,4.5,FIR,15-03-2026
PER-0067,Logesh Karuppasamy,Person,PER-0367,Yogesh Sekar,Person,Reported-Suspect,6.0,FIR,08-04-2026
PER-0067,Logesh Karuppasamy,Person,PER-0142,Siva Muthu,Person,Suspect-Associate,3.5,FIR,08-04-2026
PER-0067,Logesh Karuppasamy,Person,PER-0257,Geetha Kumari,Person,Reported-Suspect,6.0,FIR,20-04-2026
PER-0067,Logesh Karuppasamy,Person,PER-0355,Ajith Nathan,Person,Suspect-Associate,3.5,FIR,27-04-2026
PER-0067,Logesh Karuppasamy,Person,PER-0343,Malathi Murugan,Person,Reported-Suspect,6.0,FIR,29-04-2026
PER-0067,Logesh Karuppasamy,Person,PER-0353,Divya Sekar,Person,Reported-Suspect,6.0,FIR,01-05-2026
PER-0067,Logesh Karuppasamy,Person,PER-0104,Padmini Sri,Person,Suspect-Witness,1.5,FIR,01-05-2026
PER-0067,Logesh Karuppasamy,Person,PER-0376,Harish Pandian,Person,Reported-Suspect,6.0,FIR,09-05-2026
PER-0067,Logesh Karuppasamy,Person,PER-0379,Gopal Mani,Person,Suspect-Associate,3.5,FIR,24-05-2026
PER-0067,Logesh Karuppasamy,Person,PER-0218,Arun Mani,Person,Called,3.0,CDR,2025-08-18
PER-0067,Logesh Karuppasamy,Person,PER-0105,Yogesh Arumugam,Person,Called,3.0,CDR,2025-06-15
PER-0067,Logesh Karuppasamy,Person,PER-0229,Kannan Muthu,Person,Called,0.5,CDR,2025-12-04
PER-0067,Logesh Karuppasamy,Person,PER-0330,Indhu Sri,Person,Called,3.0,CDR,2026-07-11
PER-0067,Logesh Karuppasamy,Person,PER-0339,Revathi Bai,Person,Called,0.99,CDR,2025-08-31
PER-0067,Logesh Karuppasamy,Person,PER-0283,Nandhini Selvi,Person,Called,3.0,CDR,2026-01-17
PER-0067,Logesh Karuppasamy,Person,PER-0126,Mythili Selvi,Person,Called,1.24,CDR,2026-01-29
PER-0067,Logesh Karuppasamy,Person,PER-0085,Madhan Murugan,Person,Called,1.96,CDR,2026-01-10
PER-0067,Logesh Karuppasamy,Person,PER-0117,Tamilarasan Muthu,Person,Called,0.5,CDR,2026-01-04
PER-0068,Jagan Gopal,Person,PER-0069,Jagan Anand,Person,Reported-Suspect,6.0,FIR,13-03-2025
PER-0068,Jagan Gopal,Person,PER-0259,Chithra Kannan,Person,Reported-Suspect,6.0,FIR,03-10-2025
PER-0068,Jagan Gopal,Person,PER-0247,Elango Shankar,Person,Reported-Suspect,6.0,FIR,21-03-2026
PER-0068,Jagan Gopal,Person,PER-0174,Vasanth Raman,Person,Called,0.93,CDR,2026-05-19
PER-0068,Jagan Gopal,Person,PER-0324,Malathi Devi,Person,Called,0.5,CDR,2025-08-09
PER-0068,Jagan Gopal,Person,PER-0152,Pavithra Bai,Person,Called,2.94,CDR,2025-06-10
PER-0068,Jagan Gopal,Person,PER-0393,Vidhya Bai,Person,Called,3.0,CDR,2026-07-04
PER-0068,Jagan Gopal,Person,PER-0159,Divya Murugan,Person,Called,0.5,CDR,2025-06-10
PER-0068,Jagan Gopal,Person,PER-0088,Naveen Natarajan,Person,Called,2.63,CDR,2025-08-07
PER-0068,Jagan Gopal,Person,PER-0257,Geetha Kumari,Person,Called,2.73,CDR,2025-02-02
PER-0068,Jagan Gopal,Person,PER-0082,Rajeshwari Rani,Person,Called,0.5,CDR,2026-01-24
PER-0068,Jagan Gopal,Person,PER-0141,Senthil Krishnan,Person,Called,2.87,CDR,2025-11-10
PER-0068,Jagan Gopal,Person,PER-0333,Kishore Chandran,Person,Called,0.5,CDR,2025-01-31
PER-0068,Jagan Gopal,Person,PER-0326,Gopal Balan,Person,Called,0.5,CDR,2026-07-26
PER-0068,Jagan Gopal,Person,PER-0117,Tamilarasan Muthu,Person,Called,0.79,CDR,2025-10-13
PER-0068,Jagan Gopal,Person,PER-0325,Rajeshwari Devi,Person,Called,1.56,CDR,2025-03-07
PER-0068,Jagan Gopal,Person,PER-0199,Sudha Rani,Person,Called,3.0,CDR,2025-12-27
PER-0068,Jagan Gopal,Person,PER-0232,Yogesh Raman,Person,Called,0.5,CDR,2026-07-21
PER-0068,Jagan Gopal,Person,PER-0375,Inban Babu,Person,Called,3.0,CDR,2025-05-28
PER-0068,Jagan Gopal,Person,PER-0390,Vidhya Sri,Person,Called,0.5,CDR,2025-03-15
PER-0068,Jagan Gopal,Person,PER-0188,Meena Bai,Person,Called,0.5,CDR,2025-05-31
PER-0068,Jagan Gopal,Person,PER-0295,Gopal Karuppasamy,Person,Called,0.68,CDR,2025-02-02
PER-0069,Jagan Anand,Person,PER-0070,Arun Muthu,Person,Suspect-Associate,3.5,FIR,13-03-2025
PER-0069,Jagan Anand,Person,PER-0071,Nithin Thangaraj,Person,Suspect-Witness,1.5,FIR,13-03-2025
PER-0069,Jagan Anand,Person,PER-0257,Geetha Kumari,Person,Reported-Suspect,6.0,FIR,23-05-2026
PER-0069,Jagan Anand,Person,PER-0127,Udhay Muthu,Person,Suspect-Associate,3.5,FIR,23-05-2026
PER-0069,Jagan Anand,Person,PER-0308,Kannan Shankar,Person,Called,1.08,CDR,2025-11-11
PER-0069,Jagan Anand,Person,PER-0227,Ezhilan Ramasamy,Person,Called,0.5,CDR,2025-06-28
PER-0069,Jagan Anand,Person,PER-0171,Arun Selvam,Person,Called,0.5,CDR,2026-06-03
PER-0069,Jagan Anand,Person,PER-0237,Saravanan Murugan,Person,Called,0.68,CDR,2025-02-21
PER-0069,Jagan Anand,Person,PER-0294,Chithra Ammal,Person,Called,1.61,CDR,2025-10-20
PER-0069,Jagan Anand,Person,PER-0125,Saranya Murugan,Person,Called,0.5,CDR,2025-06-07
PER-0069,Jagan Anand,Person,PER-0210,Harish Mani,Person,Called,0.91,CDR,2025-04-04
PER-0069,Jagan Anand,Person,PER-0094,Bharathi Ammal,Person,Called,0.98,CDR,2025-05-28
PER-0069,Jagan Anand,Person,PER-0118,Dharani Prakash,Person,Called,3.0,CDR,2025-09-19
PER-0070,Arun Muthu,Person,PER-0071,Nithin Thangaraj,Person,Associate-Witness,1.0,FIR,13-03-2025
PER-0070,Arun Muthu,Person,PER-0203,Karthik Velan,Person,Suspect-Associate,7.0,FIR,06-08-2025
PER-0070,Arun Muthu,Person,PER-0136,Durga Raman,Person,Called,1.65,CDR,2025-04-25
PER-0070,Arun Muthu,Person,PER-0120,Vidhya Devi,Person,Called,1.56,CDR,2025-09-08
PER-0070,Arun Muthu,Person,PER-0094,Bharathi Ammal,Person,Called,2.21,CDR,2026-01-31
PER-0070,Arun Muthu,Person,PER-0209,Kishore Murugan,Person,Called,2.3,CDR,2025-05-27
PER-0070,Arun Muthu,Person,PER-0097,Rajesh Mani,Person,Called,0.5,CDR,2025-11-16
PER-0070,Arun Muthu,Person,PER-0103,Udhay Pandian,Person,Called,0.5,CDR,2025-05-28
PER-0070,Arun Muthu,Person,PER-0083,Babu Selvam,Person,Called,1.08,CDR,2025-04-28
PER-0070,Arun Muthu,Person,PER-0240,Elango Prakash,Person,Called,0.85,CDR,2025-10-14
PER-0070,Arun Muthu,Person,PER-0153,Sathish Kumar,Person,Called,0.5,CDR,2025-10-12
PER-0070,Arun Muthu,Person,PER-0166,Yogesh Balan,Person,Called,1.29,CDR,2026-04-18
PER-0071,Nithin Thangaraj,Person,PER-0170,Janani Devi,Person,Reported-Suspect,6.0,FIR,07-08-2025
PER-0071,Nithin Thangaraj,Person,PER-0267,Siva Selvam,Person,Associate-Witness,1.0,FIR,16-09-2025
PER-0071,Nithin Thangaraj,Person,PER-0089,Praveen Sekar,Person,Associate-Witness,1.0,FIR,08-10-2025
PER-0071,Nithin Thangaraj,Person,PER-0310,Mathan Balan,Person,Suspect-Witness,1.5,FIR,22-11-2025
PER-0071,Nithin Thangaraj,Person,PER-0331,Sanjay Velan,Person,Suspect-Witness,1.5,FIR,08-08-2026
PER-0071,Nithin Thangaraj,Person,PER-0320,Kavitha Devi,Person,Called,0.5,CDR,2025-01-29
PER-0071,Nithin Thangaraj,Person,PER-0082,Rajeshwari Rani,Person,Called,1.56,CDR,2025-04-05
PER-0071,Nithin Thangaraj,Person,PER-0121,Chandran Krishnan,Person,Called,2.39,CDR,2026-01-12
PER-0071,Nithin Thangaraj,Person,PER-0167,Saravanan Selvam,Person,Called,2.32,CDR,2025-02-01
PER-0071,Nithin Thangaraj,Person,PER-0194,Rakesh Gopal,Person,Called,0.98,CDR,2025-06-07
PER-0071,Nithin Thangaraj,Person,PER-0333,Kishore Chandran,Person,Called,1.83,CDR,2025-12-05
PER-0071,Nithin Thangaraj,Person,PER-0284,Kishore Arumugam,Person,Called,1.84,CDR,2026-06-12
PER-0071,Nithin Thangaraj,Person,PER-0218,Arun Mani,Person,Called,1.42,CDR,2025-03-19
PER-0071,Nithin Thangaraj,Person,PER-0301,Venkat Pandian,Person,Called,0.5,CDR,2026-07-31
PER-0071,Nithin Thangaraj,Person,PER-0391,Mohan Velan,Person,Called,3.0,CDR,2026-07-24
PER-0071,Nithin Thangaraj,Person,PER-0397,Buvaneswari Rani,Person,Called,2.69,CDR,2026-05-23
PER-0071,Nithin Thangaraj,Person,PER-0244,Thirumal Velan,Person,Called,3.0,CDR,2026-07-25
PER-0071,Nithin Thangaraj,Person,PER-0114,Elango Selvam,Person,Called,3.0,CDR,2025-01-09
PER-0071,Nithin Thangaraj,Person,PER-0251,Kishore Velan,Person,Called,2.92,CDR,2026-01-27
PER-0071,Nithin Thangaraj,Person,PER-0139,Logesh Palanisamy,Person,Called,0.5,CDR,2025-03-03
PER-0071,Nithin Thangaraj,Person,PER-0190,Dharani Thangaraj,Person,Called,2.59,CDR,2025-03-25
PER-0072,Buvaneswari Kannan,Person,PER-0073,Gokul Sundaram,Person,Reported-Suspect,6.0,FIR,13-03-2025
PER-0072,Buvaneswari Kannan,Person,PER-0124,Chandran Subramani,Person,Reported-Suspect,6.0,FIR,13-11-2025
PER-0072,Buvaneswari Kannan,Person,PER-0245,Senthil Prakash,Person,Called,2.44,CDR,2026-07-15
PER-0072,Buvaneswari Kannan,Person,PER-0397,Buvaneswari Rani,Person,Called,0.81,CDR,2025-04-24
PER-0072,Buvaneswari Kannan,Person,PER-0165,Rajesh Rajan,Person,Called,0.83,CDR,2026-01-22
PER-0072,Buvaneswari Kannan,Person,PER-0163,Rakesh Krishnan,Person,Called,4.49,CDR,2025-04-17
PER-0072,Buvaneswari Kannan,Person,PER-0106,Elango Krishnan,Person,Called,0.5,CDR,2026-06-17
PER-0072,Buvaneswari Kannan,Person,PER-0335,Jeeva Krishnan,Person,Called,1.49,CDR,2026-01-13
PER-0072,Buvaneswari Kannan,Person,PER-0390,Vidhya Sri,Person,Called,0.5,CDR,2025-10-23
PER-0072,Buvaneswari Kannan,Person,PER-0332,Vasanthi Ammal,Person,Called,1.74,CDR,2025-07-13
PER-0072,Buvaneswari Kannan,Person,PER-0156,Kumaran Anand,Person,Called,1.52,CDR,2026-06-03
PER-0072,Buvaneswari Kannan,Person,PER-0180,Sangeetha Sri,Person,Called,2.3,CDR,2026-05-27
PER-0072,Buvaneswari Kannan,Person,PER-0224,Jothi Selvi,Person,Called,2.24,CDR,2025-08-22
PER-0072,Buvaneswari Kannan,Person,PER-0307,Deviga Krishnan,Person,Called,0.5,CDR,2025-08-10
PER-0073,Gokul Sundaram,Person,PER-0074,Padmini Raj,Person,Suspect-Witness,1.5,FIR,13-03-2025
PER-0073,Gokul Sundaram,Person,VEH-0010,Tn-39-Zz-1044,Vehicle,Used-Vehicle,2.0,FIR,13-03-2025
PER-0073,Gokul Sundaram,Person,PER-0117,Tamilarasan Muthu,Person,Suspect-Associate,3.5,FIR,09-06-2025
PER-0073,Gokul Sundaram,Person,PER-0173,Manoj Karuppasamy,Person,Associate-Witness,1.0,FIR,09-06-2025
PER-0073,Gokul Sundaram,Person,VEH-0024,Tn-39-Xx-1078,Vehicle,Used-Vehicle,1.5,FIR,09-06-2025
PER-0073,Gokul Sundaram,Person,PER-0210,Harish Mani,Person,Suspect-Witness,1.5,FIR,15-07-2025
PER-0073,Gokul Sundaram,Person,PER-0169,Anitha Raj,Person,Victim-Suspect,3.0,FIR,15-07-2025
PER-0073,Gokul Sundaram,Person,VEH-0026,Tn-30-Yy-1079,Vehicle,Used-Vehicle,2.0,FIR,15-07-2025
PER-0073,Gokul Sundaram,Person,PER-0245,Senthil Prakash,Person,Reported-Suspect,6.0,FIR,26-12-2025
PER-0073,Gokul Sundaram,Person,PER-0385,Praveen Muthu,Person,Called,0.5,CDR,2026-07-17
PER-0073,Gokul Sundaram,Person,PER-0232,Yogesh Raman,Person,Called,0.5,CDR,2025-07-06
PER-0073,Gokul Sundaram,Person,PER-0092,Babu Thangaraj,Person,Called,1.05,CDR,2025-02-08
PER-0073,Gokul Sundaram,Person,PER-0339,Revathi Bai,Person,Called,0.98,CDR,2025-05-24
PER-0073,Gokul Sundaram,Person,PER-0154,Bharathi Raj,Person,Called,1.65,CDR,2026-03-19
PER-0073,Gokul Sundaram,Person,PER-0262,Praveen Anand,Person,Called,1.02,CDR,2025-02-25
PER-0073,Gokul Sundaram,Person,PER-0219,Kishore Krishnan,Person,Called,0.5,CDR,2025-06-06
PER-0073,Gokul Sundaram,Person,PER-0275,Harish Selvam,Person,Called,1.48,CDR,2025-11-25
PER-0073,Gokul Sundaram,Person,PER-0094,Bharathi Ammal,Person,Called,0.5,CDR,2025-04-04
PER-0074,Padmini Raj,Person,PER-0132,Arjun Shankar,Person,Suspect-Witness,1.5,FIR,30-04-2025
PER-0074,Padmini Raj,Person,PER-0129,Kishore Babu,Person,Suspect-Witness,1.5,FIR,10-08-2025
PER-0074,Padmini Raj,Person,PER-0080,Nandha Karuppasamy,Person,Suspect-Witness,1.5,FIR,10-10-2025
PER-0074,Padmini Raj,Person,PER-0223,Gunasekar Murugan,Person,Complainant-Victim,2.0,FIR,29-10-2025
PER-0074,Padmini Raj,Person,PER-0308,Kannan Shankar,Person,Suspect-Witness,1.5,FIR,26-11-2025
PER-0074,Padmini Raj,Person,PER-0254,Tamilarasan Selvam,Person,Associate-Witness,1.0,FIR,26-11-2025
PER-0074,Padmini Raj,Person,PER-0297,Karthik Balan,Person,Suspect-Witness,1.5,FIR,06-12-2025
PER-0074,Padmini Raj,Person,PER-0331,Sanjay Velan,Person,Suspect-Witness,1.5,FIR,05-01-2026
PER-0074,Padmini Raj,Person,PER-0093,Vasanth Mani,Person,Associate-Witness,2.5,FIR,05-01-2026
PER-0074,Padmini Raj,Person,PER-0356,Senthil Natarajan,Person,Suspect-Witness,6.0,FIR,17-03-2026
PER-0074,Padmini Raj,Person,PER-0357,Vijay Raman,Person,Reported-Suspect,6.0,FIR,23-03-2026
PER-0074,Padmini Raj,Person,PER-0253,Harish Murugan,Person,Suspect-Witness,1.5,FIR,16-03-2026
PER-0074,Padmini Raj,Person,PER-0373,Anand Muthu,Person,Suspect-Witness,1.5,FIR,24-04-2026
PER-0074,Padmini Raj,Person,PER-0258,Anand Palanisamy,Person,Suspect-Witness,1.5,FIR,16-06-2026
PER-0074,Padmini Raj,Person,PER-0174,Vasanth Raman,Person,Called,3.0,CDR,2025-02-23
PER-0074,Padmini Raj,Person,PER-0163,Rakesh Krishnan,Person,Called,2.4,CDR,2025-01-01
PER-0074,Padmini Raj,Person,PER-0305,Sudha Bai,Person,Called,0.5,CDR,2026-02-19
PER-0074,Padmini Raj,Person,PER-0342,Manoj Sekar,Person,Called,2.79,CDR,2025-03-20
PER-0074,Padmini Raj,Person,PER-0224,Jothi Selvi,Person,Called,2.65,CDR,2025-07-28
PER-0074,Padmini Raj,Person,PER-0156,Kumaran Anand,Person,Called,3.0,CDR,2026-02-18
PER-0074,Padmini Raj,Person,PER-0317,Chithra Devi,Person,Called,0.62,CDR,2025-11-11
PER-0074,Padmini Raj,Person,PER-0169,Anitha Raj,Person,Called,2.86,CDR,2026-06-13
PER-0074,Padmini Raj,Person,PER-0175,Sathish Sundaram,Person,Called,0.9,CDR,2025-01-05
PER-0074,Padmini Raj,Person,PER-0256,Bharathi Raman,Person,Called,2.35,CDR,2026-07-14
PER-0074,Padmini Raj,Person,PER-0232,Yogesh Raman,Person,Called,0.5,CDR,2025-08-11
PER-0074,Padmini Raj,Person,PER-0248,Gokul Karuppasamy,Person,Called,2.12,CDR,2026-03-17
PER-0074,Padmini Raj,Person,PER-0189,Deepak Subramani,Person,Called,0.5,CDR,2026-05-31
PER-0074,Padmini Raj,Person,PER-0273,Lakshmi Raman,Person,Called,1.55,CDR,2026-03-17
PER-0074,Padmini Raj,Person,PER-0386,Bharathi Sri,Person,Called,0.5,CDR,2026-01-11
PER-0075,Hariharan Raj,Person,PER-0076,Hariharan Babu,Person,Suspect-Associate,3.5,FIR,17-03-2025
PER-0075,Hariharan Raj,Person,VEH-0011,Tn-45-Zz-1074,Vehicle,Used-Vehicle,2.0,FIR,17-03-2025
PER-0075,Hariharan Raj,Person,PER-0250,Vasanthi Kannan,Person,Called,0.5,CDR,2025-10-20
PER-0075,Hariharan Raj,Person,PER-0118,Dharani Prakash,Person,Called,0.5,CDR,2026-07-07
PER-0075,Hariharan Raj,Person,PER-0241,Malathi Ammal,Person,Called,3.0,CDR,2025-01-17
PER-0075,Hariharan Raj,Person,PER-0218,Arun Mani,Person,Called,1.52,CDR,2025-10-07
PER-0075,Hariharan Raj,Person,PER-0320,Kavitha Devi,Person,Called,0.5,CDR,2025-07-29
PER-0075,Hariharan Raj,Person,PER-0155,Hariharan Ramasamy,Person,Called,1.81,CDR,2026-05-29
PER-0076,Hariharan Babu,Person,VEH-0011,Tn-45-Zz-1074,Vehicle,Used-Vehicle,1.5,FIR,17-03-2025
PER-0076,Hariharan Babu,Person,PER-0209,Kishore Murugan,Person,Reported-Suspect,6.0,FIR,05-07-2025
PER-0076,Hariharan Babu,Person,PER-0196,Kannan Thangaraj,Person,Reported-Suspect,6.0,FIR,27-07-2025
PER-0076,Hariharan Babu,Person,PER-0217,Sathish Subramani,Person,Suspect-Associate,3.5,FIR,27-07-2025
PER-0076,Hariharan Babu,Person,PER-0130,Ramesh Pandian,Person,Suspect-Witness,3.0,FIR,16-08-2025
PER-0076,Hariharan Babu,Person,PER-0260,Bharath Babu,Person,Reported-Suspect,6.0,FIR,05-09-2025
PER-0076,Hariharan Babu,Person,PER-0144,Padmini Bai,Person,Reported-Suspect,6.0,FIR,18-09-2025
PER-0076,Hariharan Babu,Person,PER-0268,Jeeva Rajan,Person,Suspect-Associate,3.5,FIR,18-09-2025
PER-0076,Hariharan Babu,Person,PER-0143,Yuvaraj Selvam,Person,Suspect-Witness,1.5,FIR,18-09-2025
PER-0076,Hariharan Babu,Person,PER-0302,Buvaneswari Murugan,Person,Reported-Suspect,6.0,FIR,07-11-2025
PER-0076,Hariharan Babu,Person,PER-0183,Venkat Palanisamy,Person,Suspect-Associate,3.5,FIR,07-11-2025
PER-0076,Hariharan Babu,Person,PER-0104,Padmini Sri,Person,Reported-Suspect,6.0,FIR,10-11-2025
PER-0076,Hariharan Babu,Person,PER-0122,Abirami Sri,Person,Suspect-Witness,1.5,FIR,10-11-2025
PER-0076,Hariharan Babu,Person,PER-0355,Ajith Nathan,Person,Called,3.0,CDR,2025-04-12
PER-0076,Hariharan Babu,Person,PER-0150,Pavithra Kannan,Person,Called,2.4,CDR,2025-09-20
PER-0076,Hariharan Babu,Person,PER-0298,Suresh Selvam,Person,Called,0.5,CDR,2026-05-17
PER-0076,Hariharan Babu,Person,PER-0251,Kishore Velan,Person,Called,2.12,CDR,2025-07-24
PER-0076,Hariharan Babu,Person,PER-0377,Selvam Babu,Person,Called,1.21,CDR,2026-06-17
PER-0076,Hariharan Babu,Person,PER-0236,Durga Sekar,Person,Called,2.49,CDR,2025-08-29
PER-0076,Hariharan Babu,Person,PER-0220,Vijay Rajan,Person,Called,0.5,CDR,2025-03-25
PER-0076,Hariharan Babu,Person,PER-0358,Venkat Kumar,Person,Called,0.66,CDR,2025-05-27
PER-0076,Hariharan Babu,Person,PER-0392,Buvaneswari Devi,Person,Called,2.39,CDR,2025-08-19
PER-0076,Hariharan Babu,Person,PER-0109,Ajith Murugan,Person,Called,1.23,CDR,2025-10-22
PER-0076,Hariharan Babu,Person,PER-0263,Naveen Mani,Person,Called,2.09,CDR,2025-05-25
PER-0077,Anand Arumugam,Person,PER-0078,Gokul Muthu,Person,Reported-Suspect,6.0,FIR,17-03-2025
PER-0077,Anand Arumugam,Person,PER-0351,Rajesh Chandran,Person,Reported-Suspect,6.0,FIR,04-07-2026
PER-0077,Anand Arumugam,Person,PER-0090,Anand Natarajan,Person,Called,2.35,CDR,2026-07-01
PER-0077,Anand Arumugam,Person,PER-0236,Durga Sekar,Person,Called,3.51,CDR,2025-11-05
PER-0077,Anand Arumugam,Person,PER-0219,Kishore Krishnan,Person,Called,0.57,CDR,2026-07-04
PER-0077,Anand Arumugam,Person,PER-0371,Bhuvana Kannan,Person,Called,3.0,CDR,2025-01-30
PER-0077,Anand Arumugam,Person,PER-0180,Sangeetha Sri,Person,Called,0.5,CDR,2025-07-03
PER-0077,Anand Arumugam,Person,PER-0141,Senthil Krishnan,Person,Called,0.5,CDR,2026-06-29
PER-0077,Anand Arumugam,Person,PER-0287,Venkat Prakash,Person,Called,1.38,CDR,2025-05-20
PER-0077,Anand Arumugam,Person,PER-0195,Vidhya Ammal,Person,Called,1.83,CDR,2025-12-27
PER-0077,Anand Arumugam,Person,PER-0265,Harini Sri,Person,Called,0.5,CDR,2025-04-18
PER-0077,Anand Arumugam,Person,PER-0123,Karthik Pandian,Person,Called,0.5,CDR,2026-07-20
PER-0077,Anand Arumugam,Person,PER-0080,Nandha Karuppasamy,Person,Called,0.56,CDR,2025-03-20
PER-0077,Anand Arumugam,Person,PER-0279,Rakesh Muthu,Person,Called,3.0,CDR,2025-02-12
PER-0077,Anand Arumugam,Person,PER-0202,Saravanan Palanisamy,Person,Called,2.36,CDR,2025-03-15
PER-0077,Anand Arumugam,Person,PER-0392,Buvaneswari Devi,Person,Called,0.5,CDR,2025-08-17
PER-0077,Anand Arumugam,Person,PER-0099,Kavitha Selvam,Person,Called,0.5,CDR,2026-07-17
PER-0077,Anand Arumugam,Person,PER-0147,Kumaran Prakash,Person,Called,1.73,CDR,2026-05-18
PER-0078,Gokul Muthu,Person,PER-0101,Abirami Sekar,Person,Reported-Suspect,6.0,FIR,03-04-2025
PER-0078,Gokul Muthu,Person,VEH-0016,Tn-39-Zz-1059,Vehicle,Used-Vehicle,2.0,FIR,03-04-2025
PER-0078,Gokul Muthu,Person,PER-0121,Chandran Krishnan,Person,Called,1.73,CDR,2025-03-22
PER-0078,Gokul Muthu,Person,PER-0105,Yogesh Arumugam,Person,Called,1.21,CDR,2025-03-17
PER-0078,Gokul Muthu,Person,PER-0199,Sudha Rani,Person,Called,0.5,CDR,2025-09-06
PER-0078,Gokul Muthu,Person,PER-0113,Jagan Raman,Person,Called,0.5,CDR,2025-09-07
PER-0078,Gokul Muthu,Person,PER-0265,Harini Sri,Person,Called,0.5,CDR,2025-08-31
PER-0078,Gokul Muthu,Person,PER-0221,Nithin Murugan,Person,Called,2.67,CDR,2025-12-13
PER-0078,Gokul Muthu,Person,PER-0349,Padmini Rani,Person,Called,0.9,CDR,2025-03-02
PER-0078,Gokul Muthu,Person,PER-0114,Elango Selvam,Person,Called,0.5,CDR,2025-05-18
PER-0078,Gokul Muthu,Person,PER-0188,Meena Bai,Person,Called,2.67,CDR,2026-06-22
PER-0079,Jothi Bai,Person,PER-0122,Abirami Sri,Person,Called,0.5,CDR,2025-01-21
PER-0079,Jothi Bai,Person,PER-0312,Deepa Devi,Person,Called,2.82,CDR,2025-03-30
PER-0079,Jothi Bai,Person,PER-0185,Jagan Sekar,Person,Called,3.0,CDR,2025-03-30
PER-0079,Jothi Bai,Person,PER-0260,Bharath Babu,Person,Called,0.5,CDR,2026-05-07
PER-0079,Jothi Bai,Person,PER-0224,Jothi Selvi,Person,Called,1.34,CDR,2026-05-17
PER-0079,Jothi Bai,Person,PER-0192,Dinesh Raj,Person,Called,0.8,CDR,2026-06-15
PER-0079,Jothi Bai,Person,PER-0127,Udhay Muthu,Person,Called,3.0,CDR,2026-01-21
PER-0079,Jothi Bai,Person,PER-0268,Jeeva Rajan,Person,Called,2.39,CDR,2026-02-22
PER-0079,Jothi Bai,Person,PER-0332,Vasanthi Ammal,Person,Called,0.87,CDR,2026-03-26
PER-0079,Jothi Bai,Person,PER-0120,Vidhya Devi,Person,Called,0.82,CDR,2025-07-26
PER-0079,Jothi Bai,Person,PER-0290,Latha Murugan,Person,Called,1.87,CDR,2025-02-13
PER-0079,Jothi Bai,Person,PER-0205,Ajith Sekar,Person,Called,0.61,CDR,2026-06-20
PER-0080,Nandha Karuppasamy,Person,PER-0204,Keerthana Sri,Person,Reported-Suspect,6.0,FIR,11-07-2025
PER-0080,Nandha Karuppasamy,Person,PER-0214,Dharani Anand,Person,Reported-Suspect,6.0,FIR,18-07-2025
PER-0080,Nandha Karuppasamy,Person,PER-0245,Senthil Prakash,Person,Reported-Suspect,6.0,FIR,24-08-2025
PER-0080,Nandha Karuppasamy,Person,PER-0257,Geetha Kumari,Person,Reported-Suspect,12.0,FIR,06-09-2025
PER-0080,Nandha Karuppasamy,Person,PER-0258,Anand Palanisamy,Person,Suspect-Associate,3.5,FIR,06-09-2025
PER-0080,Nandha Karuppasamy,Person,VEH-0001,Tn-47-Zz-1038,Vehicle,Used-Vehicle,2.0,FIR,06-09-2025
PER-0080,Nandha Karuppasamy,Person,PER-0277,Karthik Rajan,Person,Suspect-Associate,3.5,FIR,03-10-2025
PER-0080,Nandha Karuppasamy,Person,PER-0148,Kishore Selvam,Person,Associate-Witness,1.0,FIR,03-10-2025
PER-0080,Nandha Karuppasamy,Person,PER-0285,Saravanan Gopal,Person,Reported-Suspect,6.0,FIR,10-10-2025
PER-0080,Nandha Karuppasamy,Person,PER-0357,Vijay Raman,Person,Called,0.5,CDR,2025-09-19
PER-0080,Nandha Karuppasamy,Person,PER-0213,Hariharan Prakash,Person,Called,0.5,CDR,2025-10-23
PER-0080,Nandha Karuppasamy,Person,PER-0330,Indhu Sri,Person,Called,0.63,CDR,2026-07-27
PER-0080,Nandha Karuppasamy,Person,PER-0133,Jagan Velan,Person,Called,1.45,CDR,2025-04-08
PER-0080,Nandha Karuppasamy,Person,PER-0085,Madhan Murugan,Person,Called,0.5,CDR,2025-12-22
PER-0080,Nandha Karuppasamy,Person,PER-0278,Lavanya Raj,Person,Called,1.52,CDR,2026-03-07
PER-0080,Nandha Karuppasamy,Person,PER-0224,Jothi Selvi,Person,Called,0.78,CDR,2025-06-17
PER-0080,Nandha Karuppasamy,Person,PER-0328,Latha Selvi,Person,Called,0.5,CDR,2026-06-06
PER-0080,Nandha Karuppasamy,Person,PER-0398,Sanjay Shankar,Person,Called,1.7,CDR,2026-01-14
PER-0080,Nandha Karuppasamy,Person,PER-0237,Saravanan Murugan,Person,Called,3.0,CDR,2026-06-10
PER-0081,Dinesh Nathan,Person,PER-0082,Rajeshwari Rani,Person,Complainant-Victim,2.0,FIR,18-03-2025
PER-0081,Dinesh Nathan,Person,PER-0259,Chithra Kannan,Person,Reported-Suspect,6.0,FIR,13-11-2025
PER-0081,Dinesh Nathan,Person,PER-0212,Rajesh Karuppasamy,Person,Reported-Suspect,6.0,FIR,21-03-2026
PER-0081,Dinesh Nathan,Person,PER-0128,Durga Bai,Person,Called,3.0,CDR,2025-03-26
PER-0081,Dinesh Nathan,Person,PER-0360,Sanjay Palanisamy,Person,Called,1.68,CDR,2025-08-03
PER-0081,Dinesh Nathan,Person,PER-0216,Kalaiselvi Raman,Person,Called,0.87,CDR,2025-06-03
PER-0081,Dinesh Nathan,Person,PER-0183,Venkat Palanisamy,Person,Called,3.0,CDR,2025-11-16
PER-0081,Dinesh Nathan,Person,PER-0180,Sangeetha Sri,Person,Called,0.5,CDR,2025-06-26
PER-0081,Dinesh Nathan,Person,PER-0353,Divya Sekar,Person,Called,0.5,CDR,2025-03-04
PER-0081,Dinesh Nathan,Person,PER-0276,Harish Subramani,Person,Called,2.64,CDR,2025-12-17
PER-0081,Dinesh Nathan,Person,PER-0105,Yogesh Arumugam,Person,Called,2.69,CDR,2026-03-31
PER-0081,Dinesh Nathan,Person,PER-0104,Padmini Sri,Person,Called,0.59,CDR,2026-04-18
PER-0081,Dinesh Nathan,Person,PER-0365,Karthik Shankar,Person,Called,0.84,CDR,2025-09-22
PER-0081,Dinesh Nathan,Person,PER-0317,Chithra Devi,Person,Called,0.5,CDR,2026-06-17
PER-0081,Dinesh Nathan,Person,PER-0170,Janani Devi,Person,Called,2.18,CDR,2025-10-23
PER-0082,Rajeshwari Rani,Person,PER-0201,Praveen Kumar,Person,Complainant-Victim,2.0,FIR,09-09-2026
PER-0082,Rajeshwari Rani,Person,PER-0183,Venkat Palanisamy,Person,Reported-Suspect,3.0,FIR,09-09-2026
PER-0082,Rajeshwari Rani,Person,PER-0128,Durga Bai,Person,Called,1.85,CDR,2025-02-15
PER-0082,Rajeshwari Rani,Person,PER-0196,Kannan Thangaraj,Person,Called,0.5,CDR,2026-07-14
PER-0082,Rajeshwari Rani,Person,PER-0255,Kalaiselvi Devi,Person,Called,2.57,CDR,2026-02-21
PER-0082,Rajeshwari Rani,Person,PER-0268,Jeeva Rajan,Person,Called,2.29,CDR,2025-12-29
PER-0082,Rajeshwari Rani,Person,PER-0176,Jagan Shankar,Person,Called,0.5,CDR,2026-01-07
PER-0082,Rajeshwari Rani,Person,PER-0134,Deepa Kumari,Person,Called,0.78,CDR,2025-10-18
PER-0082,Rajeshwari Rani,Person,PER-0349,Padmini Rani,Person,Called,0.5,CDR,2026-01-19
PER-0082,Rajeshwari Rani,Person,PER-0117,Tamilarasan Muthu,Person,Called,0.5,CDR,2026-01-22
PER-0082,Rajeshwari Rani,Person,PER-0366,Deepak Muthu,Person,Called,1.78,CDR,2025-12-28
PER-0082,Rajeshwari Rani,Person,PER-0285,Saravanan Gopal,Person,Called,1.25,CDR,2025-08-25
PER-0082,Rajeshwari Rani,Person,PER-0397,Buvaneswari Rani,Person,Called,1.57,CDR,2025-02-28
PER-0082,Rajeshwari Rani,Person,PER-0251,Kishore Velan,Person,Called,0.5,CDR,2026-01-03
PER-0082,Rajeshwari Rani,Person,PER-0258,Anand Palanisamy,Person,Called,0.5,CDR,2026-01-01
PER-0082,Rajeshwari Rani,Person,PER-0282,Yuvaraj Anand,Person,Called,0.5,CDR,2026-05-02
PER-0082,Rajeshwari Rani,Person,PER-0119,Amudha Kannan,Person,Called,1.14,CDR,2025-05-04
PER-0082,Rajeshwari Rani,Person,PER-0131,Chithra Raj,Person,Called,0.5,CDR,2025-09-15
PER-0082,Rajeshwari Rani,Person,PER-0151,Dharani Gopal,Person,Called,2.6,CDR,2026-07-17
PER-0083,Babu Selvam,Person,PER-0084,Gokul Gopal,Person,Reported-Suspect,6.0,FIR,22-03-2025
PER-0083,Babu Selvam,Person,PER-0137,Gunasekar Anand,Person,Reported-Suspect,6.0,FIR,08-06-2025
PER-0083,Babu Selvam,Person,PER-0194,Rakesh Gopal,Person,Reported-Suspect,6.0,FIR,10-07-2025
PER-0083,Babu Selvam,Person,PER-0175,Sathish Sundaram,Person,Reported-Suspect,6.0,FIR,27-07-2025
PER-0083,Babu Selvam,Person,PER-0170,Janani Devi,Person,Reported-Suspect,6.0,FIR,18-10-2025
PER-0083,Babu Selvam,Person,PER-0302,Buvaneswari Murugan,Person,Called,0.5,CDR,2025-06-04
PER-0083,Babu Selvam,Person,PER-0365,Karthik Shankar,Person,Called,0.72,CDR,2025-05-19
PER-0083,Babu Selvam,Person,PER-0219,Kishore Krishnan,Person,Called,0.91,CDR,2026-05-10
PER-0083,Babu Selvam,Person,PER-0091,Vignesh Balan,Person,Called,1.75,CDR,2025-05-02
PER-0083,Babu Selvam,Person,PER-0246,Kishore Pandian,Person,Called,1.06,CDR,2026-05-03
PER-0083,Babu Selvam,Person,PER-0390,Vidhya Sri,Person,Called,2.94,CDR,2025-10-14
PER-0083,Babu Selvam,Person,PER-0388,Jothi Selvam,Person,Called,1.05,CDR,2026-06-28
PER-0083,Babu Selvam,Person,PER-0372,Amudha Sri,Person,Called,0.5,CDR,2025-11-25
PER-0083,Babu Selvam,Person,PER-0109,Ajith Murugan,Person,Called,1.9,CDR,2025-06-05
PER-0083,Babu Selvam,Person,PER-0280,Sanjay Gopal,Person,Called,1.39,CDR,2025-03-31
PER-0083,Babu Selvam,Person,PER-0250,Vasanthi Kannan,Person,Called,0.5,CDR,2026-05-12
PER-0083,Babu Selvam,Person,PER-0385,Praveen Muthu,Person,Called,3.0,CDR,2025-10-18
PER-0084,Gokul Gopal,Person,PER-0085,Madhan Murugan,Person,Suspect-Associate,3.5,FIR,22-03-2025
PER-0084,Gokul Gopal,Person,PER-0209,Kishore Murugan,Person,Reported-Suspect,3.0,FIR,11-09-2025
PER-0084,Gokul Gopal,Person,PER-0119,Amudha Kannan,Person,Suspect-Witness,1.5,FIR,11-09-2025
PER-0084,Gokul Gopal,Person,PER-0164,Malathi Selvi,Person,Victim-Suspect,3.0,FIR,11-09-2025
PER-0084,Gokul Gopal,Person,PER-0270,Ravi Gopal,Person,Reported-Suspect,6.0,FIR,16-09-2025
PER-0084,Gokul Gopal,Person,PER-0191,Rajesh Krishnan,Person,Suspect-Witness,1.5,FIR,16-09-2025
PER-0084,Gokul Gopal,Person,PER-0195,Vidhya Ammal,Person,Called,2.03,CDR,2025-07-09
PER-0084,Gokul Gopal,Person,PER-0107,Mathan Arumugam,Person,Called,0.5,CDR,2026-05-18
PER-0084,Gokul Gopal,Person,PER-0331,Sanjay Velan,Person,Called,2.79,CDR,2025-05-14
PER-0085,Madhan Murugan,Person,PER-0183,Venkat Palanisamy,Person,Suspect-Witness,5.0,FIR,18-06-2025
PER-0085,Madhan Murugan,Person,PER-0184,Prakash Muthu,Person,Associate-Witness,1.0,FIR,18-06-2025
PER-0085,Madhan Murugan,Person,PER-0141,Senthil Krishnan,Person,Suspect-Witness,2.0,FIR,03-08-2025
PER-0085,Madhan Murugan,Person,PER-0319,Babu Murugan,Person,Reported-Suspect,6.0,FIR,21-12-2025
PER-0085,Madhan Murugan,Person,PER-0191,Rajesh Krishnan,Person,Suspect-Witness,1.5,FIR,21-12-2025
PER-0085,Madhan Murugan,Person,VEH-0046,Tn-28-Xx-1063,Vehicle,Used-Vehicle,2.0,FIR,21-12-2025
PER-0085,Madhan Murugan,Person,PER-0324,Malathi Devi,Person,Reported-Suspect,6.0,FIR,22-12-2025
PER-0085,Madhan Murugan,Person,PER-0267,Siva Selvam,Person,Suspect-Associate,7.0,FIR,22-12-2025
PER-0085,Madhan Murugan,Person,PER-0335,Jeeva Krishnan,Person,Reported-Suspect,6.0,FIR,21-01-2026
PER-0085,Madhan Murugan,Person,PER-0130,Ramesh Pandian,Person,Suspect-Witness,1.5,FIR,21-01-2026
PER-0085,Madhan Murugan,Person,PER-0336,Inban Palanisamy,Person,Reported-Suspect,6.0,FIR,03-02-2026
PER-0085,Madhan Murugan,Person,PER-0148,Kishore Selvam,Person,Suspect-Witness,2.0,FIR,09-02-2026
PER-0085,Madhan Murugan,Person,VEH-0053,Tn-01-Zz-1068,Vehicle,Used-Vehicle,2.0,FIR,09-02-2026
PER-0085,Madhan Murugan,Person,PER-0342,Manoj Sekar,Person,Reported-Suspect,6.0,FIR,14-02-2026
PER-0085,Madhan Murugan,Person,VEH-0054,Tn-38-Xx-1069,Vehicle,Used-Vehicle,2.0,FIR,14-02-2026
PER-0085,Madhan Murugan,Person,PER-0343,Malathi Murugan,Person,Reported-Suspect,6.0,FIR,14-02-2026
PER-0085,Madhan Murugan,Person,PER-0277,Karthik Rajan,Person,Suspect-Associate,10.5,FIR,14-02-2026
PER-0085,Madhan Murugan,Person,PER-0172,Arjun Pandian,Person,Reported-Suspect,6.0,FIR,17-02-2026
PER-0085,Madhan Murugan,Person,PER-0091,Vignesh Balan,Person,Suspect-Witness,3.0,FIR,17-02-2026
PER-0085,Madhan Murugan,Person,VEH-0056,Tn-38-Xx-1024,Vehicle,Used-Vehicle,2.0,FIR,17-02-2026
PER-0085,Madhan Murugan,Person,PER-0351,Rajesh Chandran,Person,Suspect-Witness,1.5,FIR,10-03-2026
PER-0085,Madhan Murugan,Person,PER-0149,Deviga Devi,Person,Reported-Suspect,3.0,FIR,08-04-2026
PER-0085,Madhan Murugan,Person,PER-0363,Gunasekar Prakash,Person,Victim-Suspect,3.0,FIR,08-04-2026
PER-0085,Madhan Murugan,Person,PER-0347,Bharath Balan,Person,Suspect-Witness,1.5,FIR,07-05-2026
PER-0085,Madhan Murugan,Person,PER-0357,Vijay Raman,Person,Suspect-Witness,1.5,FIR,24-06-2026
PER-0085,Madhan Murugan,Person,PER-0398,Sanjay Shankar,Person,Suspect-Witness,1.5,FIR,25-08-2026
PER-0085,Madhan Murugan,Person,PER-0099,Kavitha Selvam,Person,Called,1.81,CDR,2025-05-06
PER-0085,Madhan Murugan,Person,PER-0382,Gayathri Krishnan,Person,Called,3.63,CDR,2025-07-10
PER-0085,Madhan Murugan,Person,PER-0289,Bhuvana Raman,Person,Called,0.5,CDR,2026-01-31
PER-0085,Madhan Murugan,Person,PER-0372,Amudha Sri,Person,Called,0.5,CDR,2025-03-14
PER-0085,Madhan Murugan,Person,PER-0121,Chandran Krishnan,Person,Called,1.18,CDR,2025-08-10
PER-0085,Madhan Murugan,Person,PER-0318,Harish Anand,Person,Called,2.8,CDR,2025-07-26
PER-0085,Madhan Murugan,Person,PER-0189,Deepak Subramani,Person,Called,0.5,CDR,2026-07-01
PER-0086,Prakash Chandran,Person,PER-0339,Revathi Bai,Person,Called,1.72,CDR,2025-11-14
PER-0086,Prakash Chandran,Person,PER-0368,Gokul Babu,Person,Called,0.5,CDR,2026-05-22
PER-0086,Prakash Chandran,Person,PER-0129,Kishore Babu,Person,Called,0.5,CDR,2025-10-16
PER-0086,Prakash Chandran,Person,PER-0094,Bharathi Ammal,Person,Called,0.5,CDR,2025-08-18
PER-0086,Prakash Chandran,Person,PER-0118,Dharani Prakash,Person,Called,1.82,CDR,2025-11-23
PER-0086,Prakash Chandran,Person,PER-0275,Harish Selvam,Person,Called,3.0,CDR,2025-12-17
PER-0086,Prakash Chandran,Person,PER-0356,Senthil Natarajan,Person,Called,3.0,CDR,2025-02-13
PER-0086,Prakash Chandran,Person,PER-0382,Gayathri Krishnan,Person,Called,1.59,CDR,2025-03-15
PER-0086,Prakash Chandran,Person,PER-0243,Bharath Selvam,Person,Called,0.5,CDR,2026-03-13
PER-0086,Prakash Chandran,Person,PER-0290,Latha Murugan,Person,Called,0.71,CDR,2026-06-05
PER-0086,Prakash Chandran,Person,PER-0113,Jagan Raman,Person,Called,3.0,CDR,2026-06-17
PER-0086,Prakash Chandran,Person,PER-0380,Eswari Sri,Person,Called,2.58,CDR,2025-12-05
PER-0086,Prakash Chandran,Person,PER-0123,Karthik Pandian,Person,Called,2.94,CDR,2025-12-16
PER-0086,Prakash Chandran,Person,PER-0105,Yogesh Arumugam,Person,Called,0.86,CDR,2026-04-25
PER-0086,Prakash Chandran,Person,PER-0374,Lokesh Murugan,Person,Called,0.75,CDR,2026-02-20
PER-0086,Prakash Chandran,Person,PER-0269,Selvam Natarajan,Person,Called,0.5,CDR,2025-11-07
PER-0086,Prakash Chandran,Person,PER-0278,Lavanya Raj,Person,Called,1.97,CDR,2025-01-22
PER-0086,Prakash Chandran,Person,PER-0252,Kalaiselvi Sri,Person,Called,2.55,CDR,2026-03-03
PER-0086,Prakash Chandran,Person,PER-0366,Deepak Muthu,Person,Called,1.92,CDR,2026-02-12
PER-0086,Prakash Chandran,Person,PER-0281,Ganesh Subramani,Person,Called,1.3,CDR,2026-03-16
PER-0086,Prakash Chandran,Person,PER-0200,Dharani Shankar,Person,Called,0.92,CDR,2026-05-02
PER-0086,Prakash Chandran,Person,PER-0196,Kannan Thangaraj,Person,Called,0.5,CDR,2026-01-04
PER-0086,Prakash Chandran,Person,PER-0197,Thirumal Sekar,Person,Called,2.88,CDR,2025-04-01
PER-0086,Prakash Chandran,Person,PER-0355,Ajith Nathan,Person,Called,3.0,CDR,2026-06-17
PER-0087,Anand Krishnan,Person,PER-0146,Siva Sekar,Person,Suspect-Witness,1.5,FIR,16-05-2025
PER-0087,Anand Krishnan,Person,PER-0167,Saravanan Selvam,Person,Reported-Suspect,6.0,FIR,08-06-2025
PER-0087,Anand Krishnan,Person,VEH-0019,Tn-69-Yy-1061,Vehicle,Used-Vehicle,2.0,FIR,08-06-2025
PER-0087,Anand Krishnan,Person,PER-0188,Meena Bai,Person,Reported-Suspect,6.0,FIR,26-03-2026
PER-0087,Anand Krishnan,Person,PER-0270,Ravi Gopal,Person,Called,1.12,CDR,2026-01-15
PER-0087,Anand Krishnan,Person,PER-0334,Latha Ammal,Person,Called,1.99,CDR,2025-11-11
PER-0087,Anand Krishnan,Person,PER-0225,Lakshmi Krishnan,Person,Called,0.63,CDR,2025-02-20
PER-0087,Anand Krishnan,Person,PER-0313,Ezhilan Rajan,Person,Called,0.5,CDR,2026-03-24
PER-0087,Anand Krishnan,Person,PER-0163,Rakesh Krishnan,Person,Called,1.25,CDR,2025-02-07
PER-0087,Anand Krishnan,Person,PER-0275,Harish Selvam,Person,Called,0.5,CDR,2026-07-18
PER-0087,Anand Krishnan,Person,PER-0286,Gopal Gopal,Person,Called,0.5,CDR,2025-07-14
PER-0088,Naveen Natarajan,Person,PER-0259,Chithra Kannan,Person,Reported-Suspect,6.0,FIR,22-09-2025
PER-0088,Naveen Natarajan,Person,PER-0343,Malathi Murugan,Person,Called,1.69,CDR,2026-01-30
PER-0088,Naveen Natarajan,Person,PER-0350,Priya Raman,Person,Called,0.5,CDR,2026-05-25
PER-0088,Naveen Natarajan,Person,PER-0134,Deepa Kumari,Person,Called,0.5,CDR,2025-11-25
PER-0088,Naveen Natarajan,Person,PER-0125,Saranya Murugan,Person,Called,0.5,CDR,2025-08-26
PER-0088,Naveen Natarajan,Person,PER-0273,Lakshmi Raman,Person,Called,2.93,CDR,2025-04-29
PER-0088,Naveen Natarajan,Person,PER-0379,Gopal Mani,Person,Called,2.87,CDR,2026-04-09
PER-0088,Naveen Natarajan,Person,PER-0377,Selvam Babu,Person,Called,1.22,CDR,2026-04-20
PER-0088,Naveen Natarajan,Person,PER-0156,Kumaran Anand,Person,Called,0.5,CDR,2025-10-13
PER-0088,Naveen Natarajan,Person,PER-0368,Gokul Babu,Person,Called,1.23,CDR,2025-07-01
PER-0088,Naveen Natarajan,Person,PER-0117,Tamilarasan Muthu,Person,Called,0.73,CDR,2025-10-14
PER-0088,Naveen Natarajan,Person,PER-0337,Jeeva Muthu,Person,Called,3.0,CDR,2025-11-19
PER-0088,Naveen Natarajan,Person,PER-0140,Sangeetha Bai,Person,Called,2.85,CDR,2025-08-11
PER-0088,Naveen Natarajan,Person,PER-0314,Gopal Natarajan,Person,Called,2.84,CDR,2025-08-19
PER-0088,Naveen Natarajan,Person,PER-0330,Indhu Sri,Person,Called,2.39,CDR,2025-02-18
PER-0089,Praveen Sekar,Person,PER-0208,Arun Thangaraj,Person,Reported-Suspect,6.0,FIR,03-07-2025
PER-0089,Praveen Sekar,Person,PER-0165,Rajesh Rajan,Person,Suspect-Witness,1.5,FIR,03-07-2025
PER-0089,Praveen Sekar,Person,VEH-0013,Tn-68-Yy-1058,Vehicle,Used-Vehicle,2.0,FIR,03-07-2025
PER-0089,Praveen Sekar,Person,PER-0094,Bharathi Ammal,Person,Reported-Suspect,6.0,FIR,04-02-2026
PER-0089,Praveen Sekar,Person,PER-0337,Jeeva Muthu,Person,Suspect-Associate,3.5,FIR,04-02-2026
PER-0089,Praveen Sekar,Person,VEH-0001,Tn-47-Zz-1038,Vehicle,Used-Vehicle,2.0,FIR,04-02-2026
PER-0089,Praveen Sekar,Person,PER-0286,Gopal Gopal,Person,Called,2.92,CDR,2026-06-01
PER-0089,Praveen Sekar,Person,PER-0161,Rajeshwari Ammal,Person,Called,1.67,CDR,2025-03-05
PER-0089,Praveen Sekar,Person,PER-0188,Meena Bai,Person,Called,0.5,CDR,2026-03-11
PER-0089,Praveen Sekar,Person,PER-0291,Mythili Murugan,Person,Called,0.5,CDR,2025-07-22
PER-0089,Praveen Sekar,Person,PER-0110,Harish Babu,Person,Called,1.28,CDR,2026-07-25
PER-0089,Praveen Sekar,Person,PER-0379,Gopal Mani,Person,Called,2.39,CDR,2026-01-09
PER-0090,Anand Natarajan,Person,PER-0309,Sathish Ramasamy,Person,Reported-Suspect,6.0,FIR,07-06-2026
PER-0090,Anand Natarajan,Person,PER-0211,Nithya Selvi,Person,Called,0.5,CDR,2025-02-13
PER-0090,Anand Natarajan,Person,PER-0148,Kishore Selvam,Person,Called,0.5,CDR,2025-11-18
PER-0090,Anand Natarajan,Person,PER-0205,Ajith Sekar,Person,Called,2.25,CDR,2026-04-03
PER-0090,Anand Natarajan,Person,PER-0108,Murugan Karuppasamy,Person,Called,0.95,CDR,2025-09-30
PER-0090,Anand Natarajan,Person,PER-0126,Mythili Selvi,Person,Called,0.5,CDR,2025-01-07
PER-0090,Anand Natarajan,Person,PER-0245,Senthil Prakash,Person,Called,1.8,CDR,2025-12-15
PER-0090,Anand Natarajan,Person,PER-0237,Saravanan Murugan,Person,Called,1.32,CDR,2026-01-30
PER-0090,Anand Natarajan,Person,PER-0226,Buvaneswari Sri,Person,Called,3.0,CDR,2025-08-06
PER-0090,Anand Natarajan,Person,PER-0401,Harini Selvam,Person,Called,1.22,CDR,2026-05-13
PER-0090,Anand Natarajan,Person,PER-0147,Kumaran Prakash,Person,Called,2.16,CDR,2026-08-01
PER-0090,Anand Natarajan,Person,PER-0253,Harish Murugan,Person,Called,1.92,CDR,2026-07-30
PER-0090,Anand Natarajan,Person,PER-0178,Saravanan Anand,Person,Called,0.5,CDR,2026-03-28
PER-0090,Anand Natarajan,Person,PER-0399,Praveen Shankar,Person,Called,0.5,CDR,2026-02-24
PER-0090,Anand Natarajan,Person,PER-0100,Balaji Karuppasamy,Person,Called,2.41,CDR,2026-06-18
PER-0090,Anand Natarajan,Person,PER-0102,Malathi Kumari,Person,Called,2.68,CDR,2026-03-25
PER-0090,Anand Natarajan,Person,PER-0121,Chandran Krishnan,Person,Called,1.38,CDR,2025-08-03
PER-0090,Anand Natarajan,Person,PER-0385,Praveen Muthu,Person,Called,0.5,CDR,2025-12-01
PER-0091,Vignesh Balan,Person,VEH-0014,Tn-45-Xx-1036,Vehicle,Used-Vehicle,1.5,FIR,28-03-2025
PER-0091,Vignesh Balan,Person,PER-0198,Mohan Sekar,Person,Suspect-Witness,1.5,FIR,01-07-2025
PER-0091,Vignesh Balan,Person,PER-0232,Yogesh Raman,Person,Reported-Suspect,6.0,FIR,07-08-2025
PER-0091,Vignesh Balan,Person,PER-0103,Udhay Pandian,Person,Suspect-Witness,1.5,FIR,07-08-2025
PER-0091,Vignesh Balan,Person,PER-0181,Abirami Raj,Person,Suspect-Associate,3.5,FIR,31-08-2025
PER-0091,Vignesh Balan,Person,PER-0263,Naveen Mani,Person,Reported-Suspect,6.0,FIR,10-09-2025
PER-0091,Vignesh Balan,Person,PER-0280,Sanjay Gopal,Person,Suspect-Witness,1.5,FIR,04-10-2025
PER-0091,Vignesh Balan,Person,PER-0284,Kishore Arumugam,Person,Suspect-Associate,10.5,FIR,18-10-2025
PER-0091,Vignesh Balan,Person,PER-0119,Amudha Kannan,Person,Associate-Witness,1.0,FIR,18-10-2025
PER-0091,Vignesh Balan,Person,VEH-0039,Tn-38-Xx-1015,Vehicle,Used-Vehicle,3.0,FIR,18-10-2025
PER-0091,Vignesh Balan,Person,PER-0121,Chandran Krishnan,Person,Associate-Witness,1.0,FIR,13-01-2026
PER-0091,Vignesh Balan,Person,PER-0277,Karthik Rajan,Person,Associate-Witness,2.0,FIR,17-02-2026
PER-0091,Vignesh Balan,Person,PER-0160,Mohan Natarajan,Person,Called,3.0,CDR,2025-04-19
PER-0091,Vignesh Balan,Person,PER-0257,Geetha Kumari,Person,Called,0.5,CDR,2026-07-14
PER-0091,Vignesh Balan,Person,PER-0187,Tamilarasan Palanisamy,Person,Called,0.5,CDR,2025-05-21
PER-0091,Vignesh Balan,Person,PER-0185,Jagan Sekar,Person,Called,1.11,CDR,2025-08-18
PER-0091,Vignesh Balan,Person,PER-0100,Balaji Karuppasamy,Person,Called,3.0,CDR,2026-07-26
PER-0091,Vignesh Balan,Person,PER-0214,Dharani Anand,Person,Called,3.0,CDR,2025-03-28
PER-0091,Vignesh Balan,Person,PER-0126,Mythili Selvi,Person,Called,2.49,CDR,2026-06-29
PER-0092,Babu Thangaraj,Person,PER-0179,Jagan Arumugam,Person,Called,1.0,CDR,2025-08-29
PER-0092,Babu Thangaraj,Person,PER-0221,Nithin Murugan,Person,Called,2.88,CDR,2025-08-25
PER-0092,Babu Thangaraj,Person,PER-0210,Harish Mani,Person,Called,1.66,CDR,2025-11-16
PER-0092,Babu Thangaraj,Person,PER-0302,Buvaneswari Murugan,Person,Called,2.02,CDR,2025-11-07
PER-0092,Babu Thangaraj,Person,PER-0205,Ajith Sekar,Person,Called,1.65,CDR,2026-05-29
PER-0092,Babu Thangaraj,Person,PER-0329,Nandha Muthu,Person,Called,0.5,CDR,2025-02-15
PER-0092,Babu Thangaraj,Person,PER-0255,Kalaiselvi Devi,Person,Called,0.5,CDR,2026-02-23
PER-0092,Babu Thangaraj,Person,PER-0146,Siva Sekar,Person,Called,2.25,CDR,2026-06-13
PER-0092,Babu Thangaraj,Person,PER-0121,Chandran Krishnan,Person,Called,1.14,CDR,2026-01-18
PER-0092,Babu Thangaraj,Person,PER-0394,Hemanth Nathan,Person,Called,0.63,CDR,2026-04-04
PER-0092,Babu Thangaraj,Person,PER-0392,Buvaneswari Devi,Person,Called,1.34,CDR,2026-07-28
PER-0092,Babu Thangaraj,Person,PER-0099,Kavitha Selvam,Person,Called,1.77,CDR,2026-02-27
PER-0092,Babu Thangaraj,Person,PER-0323,Meena Murugan,Person,Called,2.92,CDR,2025-12-16
PER-0092,Babu Thangaraj,Person,PER-0284,Kishore Arumugam,Person,Called,2.47,CDR,2026-05-29
PER-0092,Babu Thangaraj,Person,PER-0192,Dinesh Raj,Person,Called,1.03,CDR,2025-07-23
PER-0092,Babu Thangaraj,Person,PER-0188,Meena Bai,Person,Called,1.31,CDR,2025-12-24
PER-0092,Babu Thangaraj,Person,PER-0104,Padmini Sri,Person,Called,1.66,CDR,2025-01-23
PER-0092,Babu Thangaraj,Person,PER-0233,Sanjay Prakash,Person,Called,0.5,CDR,2026-04-19
PER-0092,Babu Thangaraj,Person,PER-0336,Inban Palanisamy,Person,Called,0.5,CDR,2025-03-06
PER-0092,Babu Thangaraj,Person,PER-0380,Eswari Sri,Person,Called,2.16,CDR,2025-06-03
PER-0093,Vasanth Mani,Person,PER-0137,Gunasekar Anand,Person,Suspect-Witness,1.5,FIR,08-05-2025
PER-0093,Vasanth Mani,Person,PER-0100,Balaji Karuppasamy,Person,Suspect-Associate,3.5,FIR,16-05-2025
PER-0093,Vasanth Mani,Person,PER-0101,Abirami Sekar,Person,Associate-Witness,1.0,FIR,16-05-2025
PER-0093,Vasanth Mani,Person,VEH-0004,Tn-33-Xx-1072,Vehicle,Used-Vehicle,1.5,FIR,16-05-2025
PER-0093,Vasanth Mani,Person,PER-0113,Jagan Raman,Person,Suspect-Associate,3.5,FIR,19-05-2025
PER-0093,Vasanth Mani,Person,VEH-0021,Tn-33-Zz-1029,Vehicle,Used-Vehicle,1.5,FIR,19-05-2025
PER-0093,Vasanth Mani,Person,PER-0175,Sathish Sundaram,Person,Suspect-Witness,1.5,FIR,19-06-2025
PER-0093,Vasanth Mani,Person,PER-0127,Udhay Muthu,Person,Associate-Witness,2.0,FIR,19-06-2025
PER-0093,Vasanth Mani,Person,PER-0183,Venkat Palanisamy,Person,Suspect-Witness,1.5,FIR,28-07-2025
PER-0093,Vasanth Mani,Person,PER-0259,Chithra Kannan,Person,Suspect-Associate,7.0,FIR,06-09-2025
PER-0093,Vasanth Mani,Person,PER-0110,Harish Babu,Person,Associate-Witness,3.0,FIR,06-09-2025
PER-0093,Vasanth Mani,Person,PER-0279,Rakesh Muthu,Person,Suspect-Associate,3.5,FIR,04-10-2025
PER-0093,Vasanth Mani,Person,PER-0300,Logesh Subramani,Person,Suspect-Associate,3.5,FIR,02-12-2025
PER-0093,Vasanth Mani,Person,PER-0243,Bharath Selvam,Person,Suspect-Associate,3.5,FIR,23-12-2025
PER-0093,Vasanth Mani,Person,PER-0331,Sanjay Velan,Person,Suspect-Associate,3.5,FIR,05-01-2026
PER-0093,Vasanth Mani,Person,PER-0375,Inban Babu,Person,Reported-Suspect,6.0,FIR,30-04-2026
PER-0093,Vasanth Mani,Person,PER-0370,Kavitha Sri,Person,Suspect-Associate,3.5,FIR,30-04-2026
PER-0093,Vasanth Mani,Person,PER-0121,Chandran Krishnan,Person,Suspect-Witness,1.5,FIR,30-04-2026
PER-0093,Vasanth Mani,Person,PER-0392,Buvaneswari Devi,Person,Reported-Suspect,6.0,FIR,08-07-2026
PER-0093,Vasanth Mani,Person,PER-0205,Ajith Sekar,Person,Reported-Suspect,6.0,FIR,13-08-2026
PER-0093,Vasanth Mani,Person,PER-0214,Dharani Anand,Person,Suspect-Witness,1.5,FIR,13-08-2026
PER-0093,Vasanth Mani,Person,PER-0313,Ezhilan Rajan,Person,Called,0.5,CDR,2025-10-06
PER-0093,Vasanth Mani,Person,PER-0319,Babu Murugan,Person,Called,1.76,CDR,2025-08-18
PER-0093,Vasanth Mani,Person,PER-0142,Siva Muthu,Person,Called,2.82,CDR,2026-05-26
PER-0093,Vasanth Mani,Person,PER-0245,Senthil Prakash,Person,Called,1.47,CDR,2025-03-04
PER-0093,Vasanth Mani,Person,PER-0390,Vidhya Sri,Person,Called,0.82,CDR,2026-05-09
PER-0093,Vasanth Mani,Person,PER-0248,Gokul Karuppasamy,Person,Called,1.66,CDR,2026-05-13
PER-0093,Vasanth Mani,Person,PER-0161,Rajeshwari Ammal,Person,Called,0.6,CDR,2025-11-18
PER-0093,Vasanth Mani,Person,PER-0231,Indhu Murugan,Person,Called,0.5,CDR,2026-01-01
PER-0093,Vasanth Mani,Person,PER-0350,Priya Raman,Person,Called,1.71,CDR,2026-07-13
PER-0094,Bharathi Ammal,Person,PER-0095,Udhay Anand,Person,Reported-Suspect,6.0,FIR,30-03-2025
PER-0094,Bharathi Ammal,Person,PER-0154,Bharathi Raj,Person,Reported-Suspect,6.0,FIR,17-06-2025
PER-0094,Bharathi Ammal,Person,PER-0183,Venkat Palanisamy,Person,Reported-Suspect,6.0,FIR,28-07-2025
PER-0094,Bharathi Ammal,Person,PER-0113,Jagan Raman,Person,Victim-Suspect,3.0,FIR,21-08-2025
PER-0094,Bharathi Ammal,Person,PER-0239,Sathish Palanisamy,Person,Called,0.7,CDR,2025-09-17
PER-0094,Bharathi Ammal,Person,PER-0180,Sangeetha Sri,Person,Called,0.5,CDR,2026-02-26
PER-0094,Bharathi Ammal,Person,PER-0256,Bharathi Raman,Person,Called,2.77,CDR,2026-03-26
PER-0094,Bharathi Ammal,Person,PER-0379,Gopal Mani,Person,Called,3.0,CDR,2025-10-27
PER-0094,Bharathi Ammal,Person,PER-0352,Yuvaraj Natarajan,Person,Called,0.5,CDR,2025-11-01
PER-0094,Bharathi Ammal,Person,PER-0230,Eswari Selvam,Person,Called,1.64,CDR,2026-07-01
PER-0094,Bharathi Ammal,Person,PER-0139,Logesh Palanisamy,Person,Called,1.55,CDR,2025-08-14
PER-0094,Bharathi Ammal,Person,PER-0375,Inban Babu,Person,Called,2.4,CDR,2025-10-18
PER-0094,Bharathi Ammal,Person,PER-0257,Geetha Kumari,Person,Called,2.14,CDR,2025-04-15
PER-0094,Bharathi Ammal,Person,PER-0353,Divya Sekar,Person,Called,1.21,CDR,2025-09-21
PER-0094,Bharathi Ammal,Person,PER-0325,Rajeshwari Devi,Person,Called,3.0,CDR,2025-02-20
PER-0094,Bharathi Ammal,Person,PER-0337,Jeeva Muthu,Person,Called,2.27,CDR,2025-10-29
PER-0094,Bharathi Ammal,Person,PER-0301,Venkat Pandian,Person,Called,0.5,CDR,2025-04-25
PER-0094,Bharathi Ammal,Person,PER-0262,Praveen Anand,Person,Called,0.5,CDR,2025-02-25
PER-0094,Bharathi Ammal,Person,PER-0350,Priya Raman,Person,Called,1.59,CDR,2025-06-10
PER-0094,Bharathi Ammal,Person,PER-0371,Bhuvana Kannan,Person,Called,2.3,CDR,2026-02-19
PER-0094,Bharathi Ammal,Person,PER-0253,Harish Murugan,Person,Called,0.6,CDR,2025-01-07
PER-0094,Bharathi Ammal,Person,PER-0384,Naveen Muthu,Person,Called,2.48,CDR,2025-07-04
PER-0095,Udhay Anand,Person,PER-0096,Udhay Shankar,Person,Suspect-Associate,3.5,FIR,30-03-2025
PER-0095,Udhay Anand,Person,PER-0104,Padmini Sri,Person,Suspect-Witness,1.5,FIR,03-04-2025
PER-0095,Udhay Anand,Person,PER-0371,Bhuvana Kannan,Person,Reported-Suspect,6.0,FIR,12-04-2026
PER-0095,Udhay Anand,Person,PER-0370,Kavitha Sri,Person,Suspect-Associate,3.5,FIR,12-04-2026
PER-0095,Udhay Anand,Person,PER-0126,Mythili Selvi,Person,Reported-Suspect,6.0,FIR,27-05-2026
PER-0095,Udhay Anand,Person,PER-0118,Dharani Prakash,Person,Reported-Suspect,3.0,FIR,29-05-2026
PER-0095,Udhay Anand,Person,PER-0353,Divya Sekar,Person,Victim-Suspect,3.0,FIR,29-05-2026
PER-0095,Udhay Anand,Person,PER-0260,Bharath Babu,Person,Reported-Suspect,3.0,FIR,04-07-2026
PER-0095,Udhay Anand,Person,PER-0121,Chandran Krishnan,Person,Suspect-Witness,2.0,FIR,04-07-2026
PER-0095,Udhay Anand,Person,PER-0395,Udhay Ramasamy,Person,Called,0.5,CDR,2025-07-03
PER-0095,Udhay Anand,Person,PER-0334,Latha Ammal,Person,Called,2.64,CDR,2025-03-21
PER-0095,Udhay Anand,Person,PER-0266,Bharath Gopal,Person,Called,0.5,CDR,2026-03-31
PER-0095,Udhay Anand,Person,PER-0230,Eswari Selvam,Person,Called,0.5,CDR,2025-02-09
PER-0095,Udhay Anand,Person,PER-0262,Praveen Anand,Person,Called,2.34,CDR,2025-08-07
PER-0096,Udhay Shankar,Person,PER-0377,Selvam Babu,Person,Called,2.53,CDR,2026-03-13
PER-0096,Udhay Shankar,Person,PER-0136,Durga Raman,Person,Called,1.53,CDR,2025-07-22
PER-0096,Udhay Shankar,Person,PER-0318,Harish Anand,Person,Called,0.5,CDR,2025-07-18
PER-0096,Udhay Shankar,Person,PER-0387,Nandhini Kumari,Person,Called,2.44,CDR,2025-06-03
PER-0096,Udhay Shankar,Person,PER-0157,Ganesh Natarajan,Person,Called,2.14,CDR,2026-06-09
PER-0096,Udhay Shankar,Person,PER-0357,Vijay Raman,Person,Called,2.69,CDR,2025-02-08
PER-0096,Udhay Shankar,Person,PER-0274,Tamilarasan Karuppasamy,Person,Called,0.5,CDR,2026-06-17
PER-0096,Udhay Shankar,Person,PER-0229,Kannan Muthu,Person,Called,2.58,CDR,2025-06-17
PER-0096,Udhay Shankar,Person,PER-0375,Inban Babu,Person,Called,1.76,CDR,2026-07-30
PER-0096,Udhay Shankar,Person,PER-0389,Babu Krishnan,Person,Called,0.5,CDR,2026-07-31
PER-0096,Udhay Shankar,Person,PER-0332,Vasanthi Ammal,Person,Called,1.85,CDR,2025-12-18
PER-0097,Rajesh Mani,Person,PER-0098,Karthik Nathan,Person,Reported-Suspect,6.0,FIR,28-03-2025
PER-0097,Rajesh Mani,Person,PER-0124,Chandran Subramani,Person,Reported-Suspect,6.0,FIR,22-04-2025
PER-0097,Rajesh Mani,Person,PER-0154,Bharathi Raj,Person,Reported-Suspect,6.0,FIR,20-05-2025
PER-0097,Rajesh Mani,Person,PER-0272,Divya Devi,Person,Complainant-Victim,2.0,FIR,26-09-2025
PER-0097,Rajesh Mani,Person,PER-0284,Kishore Arumugam,Person,Reported-Suspect,6.0,FIR,25-10-2025
PER-0097,Rajesh Mani,Person,PER-0347,Bharath Balan,Person,Reported-Suspect,6.0,FIR,07-05-2026
PER-0097,Rajesh Mani,Person,PER-0320,Kavitha Devi,Person,Called,1.25,CDR,2026-03-17
PER-0097,Rajesh Mani,Person,PER-0236,Durga Sekar,Person,Called,1.28,CDR,2025-11-04
PER-0097,Rajesh Mani,Person,PER-0106,Elango Krishnan,Person,Called,0.84,CDR,2025-11-02
PER-0097,Rajesh Mani,Person,PER-0366,Deepak Muthu,Person,Called,2.83,CDR,2026-04-15
PER-0097,Rajesh Mani,Person,PER-0180,Sangeetha Sri,Person,Called,2.28,CDR,2026-01-22
PER-0097,Rajesh Mani,Person,PER-0134,Deepa Kumari,Person,Called,2.96,CDR,2026-05-08
PER-0097,Rajesh Mani,Person,PER-0193,Vignesh Thangaraj,Person,Called,1.44,CDR,2025-04-04
PER-0097,Rajesh Mani,Person,PER-0290,Latha Murugan,Person,Called,2.64,CDR,2025-06-21
PER-0097,Rajesh Mani,Person,PER-0198,Mohan Sekar,Person,Called,0.5,CDR,2026-02-18
PER-0097,Rajesh Mani,Person,PER-0156,Kumaran Anand,Person,Called,0.5,CDR,2026-04-12
PER-0097,Rajesh Mani,Person,PER-0304,Uma Bai,Person,Called,2.71,CDR,2026-03-30
PER-0097,Rajesh Mani,Person,PER-0388,Jothi Selvam,Person,Called,0.71,CDR,2026-04-10
PER-0097,Rajesh Mani,Person,PER-0242,Ganesh Selvam,Person,Called,3.0,CDR,2025-11-19
PER-0097,Rajesh Mani,Person,PER-0187,Tamilarasan Palanisamy,Person,Called,1.21,CDR,2025-03-13
PER-0097,Rajesh Mani,Person,PER-0161,Rajeshwari Ammal,Person,Called,0.5,CDR,2025-06-12
PER-0098,Karthik Nathan,Person,PER-0182,Saravanan Sundaram,Person,Called,0.5,CDR,2025-02-18
PER-0098,Karthik Nathan,Person,PER-0304,Uma Bai,Person,Called,0.5,CDR,2025-08-01
PER-0098,Karthik Nathan,Person,PER-0186,Gopal Muthu,Person,Called,1.11,CDR,2025-01-15
PER-0098,Karthik Nathan,Person,PER-0262,Praveen Anand,Person,Called,3.0,CDR,2025-10-10
PER-0098,Karthik Nathan,Person,PER-0340,Vignesh Babu,Person,Called,1.54,CDR,2025-10-30
PER-0099,Kavitha Selvam,Person,PER-0100,Balaji Karuppasamy,Person,Reported-Suspect,6.0,FIR,31-03-2025
PER-0099,Kavitha Selvam,Person,PER-0127,Udhay Muthu,Person,Associate-Witness,1.0,FIR,18-08-2025
PER-0099,Kavitha Selvam,Person,PER-0258,Anand Palanisamy,Person,Suspect-Witness,3.0,FIR,08-06-2026
PER-0099,Kavitha Selvam,Person,PER-0247,Elango Shankar,Person,Suspect-Witness,1.5,FIR,08-08-2026
PER-0099,Kavitha Selvam,Person,PER-0222,Anand Chandran,Person,Called,0.5,CDR,2025-09-23
PER-0099,Kavitha Selvam,Person,PER-0366,Deepak Muthu,Person,Called,0.5,CDR,2025-11-21
PER-0099,Kavitha Selvam,Person,PER-0121,Chandran Krishnan,Person,Called,3.0,CDR,2025-05-13
PER-0099,Kavitha Selvam,Person,PER-0157,Ganesh Natarajan,Person,Called,2.41,CDR,2026-05-15
PER-0099,Kavitha Selvam,Person,PER-0226,Buvaneswari Sri,Person,Called,2.12,CDR,2026-05-02
PER-0099,Kavitha Selvam,Person,PER-0161,Rajeshwari Ammal,Person,Called,1.99,CDR,2026-07-18
PER-0099,Kavitha Selvam,Person,PER-0188,Meena Bai,Person,Called,2.51,CDR,2025-09-04
PER-0099,Kavitha Selvam,Person,PER-0267,Siva Selvam,Person,Called,2.87,CDR,2025-12-20
PER-0099,Kavitha Selvam,Person,PER-0216,Kalaiselvi Raman,Person,Called,2.42,CDR,2026-02-20
PER-0099,Kavitha Selvam,Person,PER-0381,Priya Selvi,Person,Called,3.0,CDR,2026-03-11
PER-0099,Kavitha Selvam,Person,PER-0156,Kumaran Anand,Person,Called,0.5,CDR,2025-09-01
PER-0100,Balaji Karuppasamy,Person,PER-0123,Karthik Pandian,Person,Reported-Suspect,3.0,FIR,19-04-2025
PER-0100,Balaji Karuppasamy,Person,PER-0138,Abirami Kannan,Person,Reported-Suspect,3.0,FIR,08-05-2025
PER-0100,Balaji Karuppasamy,Person,PER-0139,Logesh Palanisamy,Person,Victim-Suspect,3.0,FIR,08-05-2025
PER-0100,Balaji Karuppasamy,Person,PER-0144,Padmini Bai,Person,Reported-Suspect,6.0,FIR,16-05-2025
PER-0100,Balaji Karuppasamy,Person,PER-0101,Abirami Sekar,Person,Suspect-Witness,1.5,FIR,16-05-2025
PER-0100,Balaji Karuppasamy,Person,VEH-0004,Tn-33-Xx-1072,Vehicle,Used-Vehicle,2.0,FIR,16-05-2025
PER-0100,Balaji Karuppasamy,Person,PER-0150,Pavithra Kannan,Person,Reported-Suspect,8.09,FIR,19-05-2025
PER-0100,Balaji Karuppasamy,Person,PER-0105,Yogesh Arumugam,Person,Called,2.33,CDR,2025-12-21
PER-0100,Balaji Karuppasamy,Person,PER-0232,Yogesh Raman,Person,Called,1.1,CDR,2026-06-24
PER-0100,Balaji Karuppasamy,Person,PER-0268,Jeeva Rajan,Person,Called,2.77,CDR,2025-07-07
PER-0100,Balaji Karuppasamy,Person,PER-0157,Ganesh Natarajan,Person,Called,0.67,CDR,2025-08-14
PER-0100,Balaji Karuppasamy,Person,PER-0394,Hemanth Nathan,Person,Called,0.5,CDR,2025-02-24
PER-0100,Balaji Karuppasamy,Person,PER-0351,Rajesh Chandran,Person,Called,2.27,CDR,2025-11-08
PER-0100,Balaji Karuppasamy,Person,PER-0399,Praveen Shankar,Person,Called,2.43,CDR,2025-12-02
PER-0100,Balaji Karuppasamy,Person,PER-0165,Rajesh Rajan,Person,Called,0.5,CDR,2026-04-03
PER-0100,Balaji Karuppasamy,Person,PER-0106,Elango Krishnan,Person,Called,2.59,CDR,2025-05-01
PER-0101,Abirami Sekar,Person,PER-0113,Jagan Raman,Person,Suspect-Witness,3.0,FIR,11-04-2025
PER-0101,Abirami Sekar,Person,PER-0114,Elango Selvam,Person,Associate-Witness,1.0,FIR,11-04-2025
PER-0101,Abirami Sekar,Person,PER-0118,Dharani Prakash,Person,Complainant-Victim,2.0,FIR,09-04-2025
PER-0101,Abirami Sekar,Person,PER-0184,Prakash Muthu,Person,Suspect-Witness,1.5,FIR,12-08-2025
PER-0101,Abirami Sekar,Person,PER-0127,Udhay Muthu,Person,Associate-Witness,1.0,FIR,12-08-2025
PER-0101,Abirami Sekar,Person,PER-0142,Siva Muthu,Person,Associate-Witness,1.0,FIR,21-08-2025
PER-0101,Abirami Sekar,Person,PER-0203,Karthik Velan,Person,Suspect-Witness,1.5,FIR,24-09-2025
PER-0101,Abirami Sekar,Person,PER-0108,Murugan Karuppasamy,Person,Reported-Suspect,6.0,FIR,28-10-2025
PER-0101,Abirami Sekar,Person,PER-0401,Harini Selvam,Person,Called,2.11,CDR,2025-07-14
PER-0101,Abirami Sekar,Person,PER-0272,Divya Devi,Person,Called,0.5,CDR,2025-09-18
PER-0101,Abirami Sekar,Person,PER-0397,Buvaneswari Rani,Person,Called,2.76,CDR,2025-05-30
PER-0101,Abirami Sekar,Person,PER-0197,Thirumal Sekar,Person,Called,1.13,CDR,2026-05-17
PER-0101,Abirami Sekar,Person,PER-0301,Venkat Pandian,Person,Called,1.89,CDR,2025-06-22
PER-0101,Abirami Sekar,Person,PER-0179,Jagan Arumugam,Person,Called,2.45,CDR,2026-03-18
PER-0101,Abirami Sekar,Person,PER-0275,Harish Selvam,Person,Called,0.82,CDR,2025-04-17
PER-0101,Abirami Sekar,Person,PER-0121,Chandran Krishnan,Person,Called,2.69,CDR,2025-12-07
PER-0101,Abirami Sekar,Person,PER-0165,Rajesh Rajan,Person,Called,2.25,CDR,2025-03-27
PER-0101,Abirami Sekar,Person,PER-0334,Latha Ammal,Person,Called,1.74,CDR,2025-12-31
PER-0101,Abirami Sekar,Person,PER-0188,Meena Bai,Person,Called,2.1,CDR,2025-01-11
PER-0101,Abirami Sekar,Person,PER-0295,Gopal Karuppasamy,Person,Called,0.75,CDR,2025-08-17
PER-0101,Abirami Sekar,Person,PER-0187,Tamilarasan Palanisamy,Person,Called,1.3,CDR,2025-05-12
PER-0101,Abirami Sekar,Person,PER-0307,Deviga Krishnan,Person,Called,0.82,CDR,2025-06-11
PER-0101,Abirami Sekar,Person,PER-0379,Gopal Mani,Person,Called,2.47,CDR,2025-01-08
PER-0101,Abirami Sekar,Person,PER-0344,Malathi Bai,Person,Called,2.6,CDR,2026-04-01
PER-0101,Abirami Sekar,Person,PER-0269,Selvam Natarajan,Person,Called,1.59,CDR,2025-10-03
PER-0101,Abirami Sekar,Person,PER-0147,Kumaran Prakash,Person,Called,1.1,CDR,2026-07-29
PER-0101,Abirami Sekar,Person,PER-0373,Anand Muthu,Person,Called,0.5,CDR,2026-04-21
PER-0102,Malathi Kumari,Person,PER-0129,Kishore Babu,Person,Reported-Suspect,6.0,FIR,07-07-2025
PER-0102,Malathi Kumari,Person,PER-0259,Chithra Kannan,Person,Reported-Suspect,6.0,FIR,11-11-2025
PER-0102,Malathi Kumari,Person,PER-0230,Eswari Selvam,Person,Called,2.02,CDR,2026-07-22
PER-0102,Malathi Kumari,Person,PER-0220,Vijay Rajan,Person,Called,1.48,CDR,2026-03-10
PER-0102,Malathi Kumari,Person,PER-0125,Saranya Murugan,Person,Called,1.89,CDR,2025-07-11
PER-0102,Malathi Kumari,Person,PER-0393,Vidhya Bai,Person,Called,0.5,CDR,2026-01-08
PER-0102,Malathi Kumari,Person,PER-0121,Chandran Krishnan,Person,Called,2.61,CDR,2025-09-03
PER-0102,Malathi Kumari,Person,PER-0335,Jeeva Krishnan,Person,Called,2.48,CDR,2025-04-08
PER-0102,Malathi Kumari,Person,PER-0367,Yogesh Sekar,Person,Called,0.7,CDR,2025-09-02
PER-0102,Malathi Kumari,Person,PER-0324,Malathi Devi,Person,Called,0.5,CDR,2025-06-28
PER-0102,Malathi Kumari,Person,PER-0197,Thirumal Sekar,Person,Called,0.5,CDR,2025-10-03
PER-0102,Malathi Kumari,Person,PER-0110,Harish Babu,Person,Called,0.5,CDR,2026-05-26
PER-0102,Malathi Kumari,Person,PER-0245,Senthil Prakash,Person,Called,0.5,CDR,2026-01-17
PER-0102,Malathi Kumari,Person,PER-0123,Karthik Pandian,Person,Called,3.0,CDR,2026-07-23
PER-0103,Udhay Pandian,Person,PER-0178,Saravanan Anand,Person,Suspect-Witness,1.5,FIR,23-10-2025
PER-0103,Udhay Pandian,Person,PER-0354,Naveen Krishnan,Person,Called,2.35,CDR,2025-11-29
PER-0103,Udhay Pandian,Person,PER-0278,Lavanya Raj,Person,Called,1.59,CDR,2026-02-05
PER-0103,Udhay Pandian,Person,PER-0123,Karthik Pandian,Person,Called,2.49,CDR,2026-04-09
PER-0103,Udhay Pandian,Person,PER-0380,Eswari Sri,Person,Called,2.35,CDR,2026-05-11
PER-0103,Udhay Pandian,Person,PER-0272,Divya Devi,Person,Called,0.5,CDR,2025-05-20
PER-0103,Udhay Pandian,Person,PER-0264,Gayathri Raman,Person,Called,2.28,CDR,2026-04-28
PER-0103,Udhay Pandian,Person,PER-0310,Mathan Balan,Person,Called,0.5,CDR,2026-06-30
PER-0103,Udhay Pandian,Person,PER-0326,Gopal Balan,Person,Called,2.3,CDR,2025-08-05
PER-0103,Udhay Pandian,Person,PER-0364,Janani Sekar,Person,Called,0.84,CDR,2025-08-27
PER-0103,Udhay Pandian,Person,PER-0393,Vidhya Bai,Person,Called,2.79,CDR,2026-06-20
PER-0104,Padmini Sri,Person,PER-0227,Ezhilan Ramasamy,Person,Suspect-Witness,1.5,FIR,25-08-2025
PER-0104,Padmini Sri,Person,PER-0357,Vijay Raman,Person,Suspect-Witness,1.5,FIR,23-03-2026
PER-0104,Padmini Sri,Person,PER-0127,Udhay Muthu,Person,Associate-Witness,1.0,FIR,27-08-2026
PER-0104,Padmini Sri,Person,PER-0250,Vasanthi Kannan,Person,Called,3.0,CDR,2025-09-10
PER-0104,Padmini Sri,Person,PER-0331,Sanjay Velan,Person,Called,0.5,CDR,2025-05-04
PER-0104,Padmini Sri,Person,PER-0214,Dharani Anand,Person,Called,3.0,CDR,2025-02-13
PER-0104,Padmini Sri,Person,PER-0288,Kumaran Murugan,Person,Called,1.46,CDR,2026-06-30
PER-0104,Padmini Sri,Person,PER-0105,Yogesh Arumugam,Person,Called,2.04,CDR,2026-05-06
PER-0104,Padmini Sri,Person,PER-0376,Harish Pandian,Person,Called,1.28,CDR,2026-01-28
PER-0104,Padmini Sri,Person,PER-0321,Revathi Raman,Person,Called,3.0,CDR,2025-03-25
PER-0104,Padmini Sri,Person,PER-0333,Kishore Chandran,Person,Called,0.5,CDR,2026-02-18
PER-0104,Padmini Sri,Person,PER-0249,Vasanthi Selvam,Person,Called,1.56,CDR,2026-01-29
PER-0104,Padmini Sri,Person,PER-0223,Gunasekar Murugan,Person,Called,3.08,CDR,2025-04-01
PER-0104,Padmini Sri,Person,PER-0243,Bharath Selvam,Person,Called,0.5,CDR,2025-04-03
PER-0104,Padmini Sri,Person,PER-0134,Deepa Kumari,Person,Called,2.1,CDR,2026-07-04
PER-0104,Padmini Sri,Person,PER-0283,Nandhini Selvi,Person,Called,1.96,CDR,2026-02-11
PER-0104,Padmini Sri,Person,PER-0262,Praveen Anand,Person,Called,0.5,CDR,2026-01-11
PER-0104,Padmini Sri,Person,PER-0349,Padmini Rani,Person,Called,1.45,CDR,2026-01-30
PER-0104,Padmini Sri,Person,PER-0226,Buvaneswari Sri,Person,Called,3.0,CDR,2025-12-13
PER-0104,Padmini Sri,Person,PER-0193,Vignesh Thangaraj,Person,Called,2.59,CDR,2026-05-21
PER-0105,Yogesh Arumugam,Person,PER-0183,Venkat Palanisamy,Person,Reported-Suspect,6.0,FIR,27-08-2025
PER-0105,Yogesh Arumugam,Person,PER-0270,Ravi Gopal,Person,Called,0.5,CDR,2025-08-10
PER-0105,Yogesh Arumugam,Person,PER-0223,Gunasekar Murugan,Person,Called,2.18,CDR,2025-12-27
PER-0105,Yogesh Arumugam,Person,PER-0399,Praveen Shankar,Person,Called,2.0,CDR,2026-05-21
PER-0105,Yogesh Arumugam,Person,PER-0344,Malathi Bai,Person,Called,3.04,CDR,2026-06-15
PER-0105,Yogesh Arumugam,Person,PER-0327,Abirami Bai,Person,Called,1.79,CDR,2026-03-03
PER-0105,Yogesh Arumugam,Person,PER-0367,Yogesh Sekar,Person,Called,0.5,CDR,2026-05-11
PER-0105,Yogesh Arumugam,Person,PER-0198,Mohan Sekar,Person,Called,0.5,CDR,2025-02-28
PER-0105,Yogesh Arumugam,Person,PER-0260,Bharath Babu,Person,Called,1.4,CDR,2026-04-03
PER-0105,Yogesh Arumugam,Person,PER-0377,Selvam Babu,Person,Called,1.18,CDR,2025-04-26
PER-0105,Yogesh Arumugam,Person,PER-0390,Vidhya Sri,Person,Called,0.5,CDR,2026-02-03
PER-0105,Yogesh Arumugam,Person,PER-0197,Thirumal Sekar,Person,Called,3.0,CDR,2026-01-21
PER-0105,Yogesh Arumugam,Person,PER-0209,Kishore Murugan,Person,Called,0.85,CDR,2026-01-16
PER-0105,Yogesh Arumugam,Person,PER-0154,Bharathi Raj,Person,Called,0.5,CDR,2025-08-18
PER-0105,Yogesh Arumugam,Person,PER-0180,Sangeetha Sri,Person,Called,2.49,CDR,2026-02-11
PER-0106,Elango Krishnan,Person,PER-0112,Eswari Raj,Person,Suspect-Witness,1.5,FIR,09-04-2025
PER-0106,Elango Krishnan,Person,PER-0156,Kumaran Anand,Person,Complainant-Victim,2.0,FIR,21-05-2025
PER-0106,Elango Krishnan,Person,PER-0141,Senthil Krishnan,Person,Reported-Suspect,6.0,FIR,03-08-2025
PER-0106,Elango Krishnan,Person,PER-0168,Mohan Gopal,Person,Called,0.5,CDR,2026-03-28
PER-0106,Elango Krishnan,Person,PER-0231,Indhu Murugan,Person,Called,0.94,CDR,2026-07-15
PER-0106,Elango Krishnan,Person,PER-0393,Vidhya Bai,Person,Called,0.5,CDR,2025-04-22
PER-0106,Elango Krishnan,Person,PER-0169,Anitha Raj,Person,Called,1.42,CDR,2025-11-22
PER-0106,Elango Krishnan,Person,PER-0386,Bharathi Sri,Person,Called,2.82,CDR,2025-02-03
PER-0106,Elango Krishnan,Person,PER-0118,Dharani Prakash,Person,Called,2.25,CDR,2025-07-23
PER-0106,Elango Krishnan,Person,PER-0319,Babu Murugan,Person,Called,1.82,CDR,2026-03-20
PER-0106,Elango Krishnan,Person,PER-0245,Senthil Prakash,Person,Called,4.83,CDR,2025-01-20
PER-0106,Elango Krishnan,Person,PER-0327,Abirami Bai,Person,Called,1.56,CDR,2026-06-07
PER-0106,Elango Krishnan,Person,PER-0129,Kishore Babu,Person,Called,2.66,CDR,2025-11-10
PER-0106,Elango Krishnan,Person,PER-0380,Eswari Sri,Person,Called,3.0,CDR,2025-10-02
PER-0106,Elango Krishnan,Person,PER-0199,Sudha Rani,Person,Called,0.5,CDR,2025-10-17
PER-0106,Elango Krishnan,Person,PER-0172,Arjun Pandian,Person,Called,0.5,CDR,2025-05-25
PER-0106,Elango Krishnan,Person,PER-0306,Dharani Selvam,Person,Called,0.5,CDR,2025-12-05
PER-0106,Elango Krishnan,Person,PER-0312,Deepa Devi,Person,Called,2.06,CDR,2025-12-03
PER-0106,Elango Krishnan,Person,PER-0115,Nithin Balan,Person,Called,1.07,CDR,2025-08-24
PER-0107,Mathan Arumugam,Person,PER-0108,Murugan Karuppasamy,Person,Reported-Suspect,6.0,FIR,07-04-2025
PER-0107,Mathan Arumugam,Person,PER-0397,Buvaneswari Rani,Person,Called,0.5,CDR,2025-04-07
PER-0107,Mathan Arumugam,Person,PER-0149,Deviga Devi,Person,Called,0.5,CDR,2026-03-21
PER-0107,Mathan Arumugam,Person,PER-0358,Venkat Kumar,Person,Called,0.96,CDR,2025-05-03
PER-0107,Mathan Arumugam,Person,PER-0219,Kishore Krishnan,Person,Called,0.5,CDR,2026-05-28
PER-0107,Mathan Arumugam,Person,PER-0119,Amudha Kannan,Person,Called,0.5,CDR,2026-03-30
PER-0107,Mathan Arumugam,Person,PER-0246,Kishore Pandian,Person,Called,1.14,CDR,2026-03-09
PER-0107,Mathan Arumugam,Person,PER-0207,Murugan Babu,Person,Called,1.18,CDR,2026-03-19
PER-0107,Mathan Arumugam,Person,PER-0152,Pavithra Bai,Person,Called,3.0,CDR,2026-05-27
PER-0107,Mathan Arumugam,Person,PER-0396,Nithya Devi,Person,Called,2.68,CDR,2026-06-04
PER-0108,Murugan Karuppasamy,Person,PER-0109,Ajith Murugan,Person,Suspect-Associate,3.5,FIR,07-04-2025
PER-0108,Murugan Karuppasamy,Person,PER-0110,Harish Babu,Person,Suspect-Witness,1.5,FIR,07-04-2025
PER-0108,Murugan Karuppasamy,Person,PER-0200,Dharani Shankar,Person,Reported-Suspect,6.0,FIR,22-10-2025
PER-0108,Murugan Karuppasamy,Person,PER-0291,Mythili Murugan,Person,Victim-Suspect,3.0,FIR,21-10-2025
PER-0108,Murugan Karuppasamy,Person,PER-0129,Kishore Babu,Person,Called,0.5,CDR,2025-10-23
PER-0108,Murugan Karuppasamy,Person,PER-0322,Kishore Muthu,Person,Called,0.89,CDR,2025-02-27
PER-0108,Murugan Karuppasamy,Person,PER-0288,Kumaran Murugan,Person,Called,0.5,CDR,2025-12-31
PER-0108,Murugan Karuppasamy,Person,PER-0246,Kishore Pandian,Person,Called,0.5,CDR,2025-03-21
PER-0108,Murugan Karuppasamy,Person,PER-0339,Revathi Bai,Person,Called,0.5,CDR,2026-03-17
PER-0109,Ajith Murugan,Person,PER-0110,Harish Babu,Person,Associate-Witness,1.0,FIR,07-04-2025
PER-0109,Ajith Murugan,Person,PER-0112,Eswari Raj,Person,Suspect-Associate,3.5,FIR,12-04-2025
PER-0109,Ajith Murugan,Person,VEH-0071,Tn-33-Xx-1009,Vehicle,Used-Vehicle,1.5,FIR,07-05-2026
PER-0109,Ajith Murugan,Person,PER-0351,Rajesh Chandran,Person,Suspect-Associate,3.5,FIR,29-05-2026
PER-0109,Ajith Murugan,Person,PER-0389,Babu Krishnan,Person,Suspect-Associate,3.5,FIR,05-07-2026
PER-0109,Ajith Murugan,Person,VEH-0075,Tn-33-Zz-1008,Vehicle,Used-Vehicle,1.5,FIR,05-07-2026
PER-0109,Ajith Murugan,Person,PER-0119,Amudha Kannan,Person,Associate-Witness,1.0,FIR,08-09-2026
PER-0109,Ajith Murugan,Person,VEH-0081,Tn-39-Yy-1043,Vehicle,Used-Vehicle,1.5,FIR,08-09-2026
PER-0109,Ajith Murugan,Person,PER-0394,Hemanth Nathan,Person,Called,0.5,CDR,2025-12-15
PER-0109,Ajith Murugan,Person,PER-0298,Suresh Selvam,Person,Called,2.06,CDR,2025-02-02
PER-0109,Ajith Murugan,Person,PER-0296,Praveen Raman,Person,Called,0.5,CDR,2025-01-20
PER-0109,Ajith Murugan,Person,PER-0220,Vijay Rajan,Person,Called,1.52,CDR,2025-05-08
PER-0109,Ajith Murugan,Person,PER-0276,Harish Subramani,Person,Called,2.6,CDR,2026-01-12
PER-0109,Ajith Murugan,Person,PER-0274,Tamilarasan Karuppasamy,Person,Called,0.5,CDR,2025-01-26
PER-0109,Ajith Murugan,Person,PER-0176,Jagan Shankar,Person,Called,0.5,CDR,2025-08-24
PER-0109,Ajith Murugan,Person,PER-0352,Yuvaraj Natarajan,Person,Called,1.77,CDR,2025-09-20
PER-0110,Harish Babu,Person,PER-0259,Chithra Kannan,Person,Suspect-Witness,1.5,FIR,06-09-2025
PER-0110,Harish Babu,Person,PER-0279,Rakesh Muthu,Person,Suspect-Witness,1.5,FIR,04-10-2025
PER-0110,Harish Babu,Person,PER-0300,Logesh Subramani,Person,Suspect-Witness,3.0,FIR,01-11-2025
PER-0110,Harish Babu,Person,PER-0117,Tamilarasan Muthu,Person,Suspect-Witness,1.5,FIR,22-12-2025
PER-0110,Harish Babu,Person,PER-0222,Anand Chandran,Person,Called,1.79,CDR,2025-08-10
PER-0110,Harish Babu,Person,PER-0309,Sathish Ramasamy,Person,Called,0.5,CDR,2026-05-17
PER-0110,Harish Babu,Person,PER-0145,Tamilselvi Devi,Person,Called,2.46,CDR,2025-06-05
PER-0110,Harish Babu,Person,PER-0128,Durga Bai,Person,Called,3.0,CDR,2026-05-07
PER-0110,Harish Babu,Person,PER-0395,Udhay Ramasamy,Person,Called,2.08,CDR,2025-07-31
PER-0110,Harish Babu,Person,PER-0313,Ezhilan Rajan,Person,Called,2.09,CDR,2025-05-29
PER-0110,Harish Babu,Person,PER-0296,Praveen Raman,Person,Called,1.26,CDR,2026-05-31
PER-0110,Harish Babu,Person,PER-0266,Bharath Gopal,Person,Called,2.79,CDR,2026-05-14
PER-0110,Harish Babu,Person,PER-0397,Buvaneswari Rani,Person,Called,1.07,CDR,2025-08-01
PER-0110,Harish Babu,Person,PER-0401,Harini Selvam,Person,Called,2.52,CDR,2026-04-02
PER-0110,Harish Babu,Person,PER-0338,Madhan Rajan,Person,Called,1.91,CDR,2026-06-05
PER-0110,Harish Babu,Person,PER-0170,Janani Devi,Person,Called,2.28,CDR,2025-02-18
PER-0110,Harish Babu,Person,PER-0250,Vasanthi Kannan,Person,Called,1.96,CDR,2025-02-21
PER-0110,Harish Babu,Person,PER-0360,Sanjay Palanisamy,Person,Called,0.5,CDR,2025-05-21
PER-0110,Harish Babu,Person,PER-0318,Harish Anand,Person,Called,0.5,CDR,2025-03-04
PER-0111,Dharani Rajan,Person,PER-0112,Eswari Raj,Person,Reported-Suspect,3.0,FIR,09-04-2025
PER-0111,Dharani Rajan,Person,PER-0298,Suresh Selvam,Person,Called,3.0,CDR,2025-07-28
PER-0111,Dharani Rajan,Person,PER-0126,Mythili Selvi,Person,Called,1.07,CDR,2026-01-24
PER-0111,Dharani Rajan,Person,PER-0193,Vignesh Thangaraj,Person,Called,1.27,CDR,2026-02-12
PER-0111,Dharani Rajan,Person,PER-0273,Lakshmi Raman,Person,Called,1.57,CDR,2025-08-17
PER-0111,Dharani Rajan,Person,PER-0167,Saravanan Selvam,Person,Called,0.5,CDR,2025-03-24
PER-0111,Dharani Rajan,Person,PER-0380,Eswari Sri,Person,Called,0.95,CDR,2025-01-08
PER-0111,Dharani Rajan,Person,PER-0119,Amudha Kannan,Person,Called,0.5,CDR,2025-11-20
PER-0111,Dharani Rajan,Person,PER-0190,Dharani Thangaraj,Person,Called,0.5,CDR,2025-07-15
PER-0111,Dharani Rajan,Person,PER-0252,Kalaiselvi Sri,Person,Called,1.96,CDR,2025-05-14
PER-0112,Eswari Raj,Person,PER-0115,Nithin Balan,Person,Reported-Suspect,8.53,FIR,12-04-2025
PER-0112,Eswari Raj,Person,PER-0251,Kishore Velan,Person,Reported-Suspect,6.0,FIR,30-08-2025
PER-0112,Eswari Raj,Person,PER-0163,Rakesh Krishnan,Person,Victim-Suspect,3.0,FIR,20-01-2026
PER-0112,Eswari Raj,Person,PER-0346,Inban Pandian,Person,Reported-Suspect,7.23,FIR,22-02-2026
PER-0112,Eswari Raj,Person,PER-0177,Inban Balan,Person,Called,0.5,CDR,2025-09-30
PER-0112,Eswari Raj,Person,PER-0334,Latha Ammal,Person,Called,1.94,CDR,2025-08-30
PER-0112,Eswari Raj,Person,PER-0120,Vidhya Devi,Person,Called,2.71,CDR,2025-09-24
PER-0112,Eswari Raj,Person,PER-0224,Jothi Selvi,Person,Called,3.0,CDR,2026-05-28
PER-0113,Jagan Raman,Person,PER-0114,Elango Selvam,Person,Suspect-Associate,3.5,FIR,11-04-2025
PER-0113,Jagan Raman,Person,PER-0153,Sathish Kumar,Person,Reported-Suspect,6.0,FIR,19-05-2025
PER-0113,Jagan Raman,Person,VEH-0021,Tn-33-Zz-1029,Vehicle,Used-Vehicle,4.0,FIR,19-05-2025
PER-0113,Jagan Raman,Person,PER-0142,Siva Muthu,Person,Suspect-Associate,10.5,FIR,21-08-2025
PER-0113,Jagan Raman,Person,PER-0250,Vasanthi Kannan,Person,Reported-Suspect,6.0,FIR,28-08-2025
PER-0113,Jagan Raman,Person,PER-0269,Selvam Natarajan,Person,Reported-Suspect,6.0,FIR,18-09-2025
PER-0113,Jagan Raman,Person,PER-0144,Padmini Bai,Person,Called,0.5,CDR,2025-04-02
PER-0113,Jagan Raman,Person,PER-0188,Meena Bai,Person,Called,2.15,CDR,2025-04-17
PER-0113,Jagan Raman,Person,PER-0115,Nithin Balan,Person,Called,1.24,CDR,2026-04-20
PER-0113,Jagan Raman,Person,PER-0370,Kavitha Sri,Person,Called,0.5,CDR,2025-07-23
PER-0113,Jagan Raman,Person,PER-0173,Manoj Karuppasamy,Person,Called,2.27,CDR,2025-08-13
PER-0114,Elango Selvam,Person,PER-0121,Chandran Krishnan,Person,Called,1.03,CDR,2025-07-09
PER-0114,Elango Selvam,Person,PER-0249,Vasanthi Selvam,Person,Called,0.5,CDR,2025-03-07
PER-0114,Elango Selvam,Person,PER-0195,Vidhya Ammal,Person,Called,0.5,CDR,2025-04-10
PER-0114,Elango Selvam,Person,PER-0190,Dharani Thangaraj,Person,Called,0.5,CDR,2026-04-11
PER-0114,Elango Selvam,Person,PER-0349,Padmini Rani,Person,Called,1.27,CDR,2025-12-06
PER-0114,Elango Selvam,Person,PER-0311,Meena Krishnan,Person,Called,3.0,CDR,2026-01-12
PER-0114,Elango Selvam,Person,PER-0215,Arjun Karuppasamy,Person,Called,2.85,CDR,2025-05-09
PER-0115,Nithin Balan,Person,PER-0132,Arjun Shankar,Person,Reported-Suspect,6.0,FIR,11-05-2025
PER-0115,Nithin Balan,Person,PER-0212,Rajesh Karuppasamy,Person,Reported-Suspect,6.0,FIR,19-07-2025
PER-0115,Nithin Balan,Person,PER-0244,Thirumal Velan,Person,Reported-Suspect,6.0,FIR,22-08-2025
PER-0115,Nithin Balan,Person,PER-0351,Rajesh Chandran,Person,Reported-Suspect,6.0,FIR,07-03-2026
PER-0115,Nithin Balan,Person,PER-0355,Ajith Nathan,Person,Reported-Suspect,6.0,FIR,23-03-2026
PER-0115,Nithin Balan,Person,PER-0253,Harish Murugan,Person,Called,4.83,CDR,2025-12-09
PER-0115,Nithin Balan,Person,PER-0216,Kalaiselvi Raman,Person,Called,1.0,CDR,2025-12-07
PER-0115,Nithin Balan,Person,PER-0263,Naveen Mani,Person,Called,1.21,CDR,2026-05-17
PER-0115,Nithin Balan,Person,PER-0171,Arun Selvam,Person,Called,0.5,CDR,2026-01-27
PER-0115,Nithin Balan,Person,PER-0178,Saravanan Anand,Person,Called,2.93,CDR,2026-02-09
PER-0115,Nithin Balan,Person,PER-0168,Mohan Gopal,Person,Called,0.97,CDR,2026-03-22
PER-0115,Nithin Balan,Person,PER-0268,Jeeva Rajan,Person,Called,0.5,CDR,2025-11-01
PER-0115,Nithin Balan,Person,PER-0368,Gokul Babu,Person,Called,0.99,CDR,2025-07-30
PER-0115,Nithin Balan,Person,PER-0221,Nithin Murugan,Person,Called,0.5,CDR,2025-12-21
PER-0115,Nithin Balan,Person,PER-0201,Praveen Kumar,Person,Called,0.5,CDR,2025-12-15
PER-0116,Latha Sekar,Person,PER-0117,Tamilarasan Muthu,Person,Reported-Suspect,6.0,FIR,11-04-2025
PER-0116,Latha Sekar,Person,PER-0315,Chithra Raman,Person,Complainant-Victim,2.0,FIR,04-12-2025
PER-0116,Latha Sekar,Person,PER-0316,Mohan Ramasamy,Person,Victim-Suspect,3.0,FIR,04-12-2025
PER-0116,Latha Sekar,Person,PER-0352,Yuvaraj Natarajan,Person,Reported-Suspect,6.0,FIR,24-04-2026
PER-0116,Latha Sekar,Person,PER-0377,Selvam Babu,Person,Called,1.16,CDR,2025-02-09
PER-0116,Latha Sekar,Person,PER-0324,Malathi Devi,Person,Called,2.72,CDR,2025-08-28
PER-0116,Latha Sekar,Person,PER-0257,Geetha Kumari,Person,Called,0.5,CDR,2025-05-22
PER-0116,Latha Sekar,Person,PER-0297,Karthik Balan,Person,Called,1.57,CDR,2025-01-12
PER-0116,Latha Sekar,Person,PER-0226,Buvaneswari Sri,Person,Called,1.89,CDR,2025-09-05
PER-0116,Latha Sekar,Person,PER-0120,Vidhya Devi,Person,Called,0.5,CDR,2026-05-21
PER-0116,Latha Sekar,Person,PER-0326,Gopal Balan,Person,Called,0.5,CDR,2025-05-06
PER-0116,Latha Sekar,Person,PER-0129,Kishore Babu,Person,Called,1.25,CDR,2026-07-19
PER-0116,Latha Sekar,Person,PER-0189,Deepak Subramani,Person,Called,2.04,CDR,2025-07-31
PER-0116,Latha Sekar,Person,PER-0197,Thirumal Sekar,Person,Called,1.46,CDR,2026-07-16
PER-0116,Latha Sekar,Person,PER-0158,Divya Kumari,Person,Called,0.5,CDR,2025-03-01
PER-0116,Latha Sekar,Person,PER-0260,Bharath Babu,Person,Called,0.68,CDR,2026-06-25
PER-0116,Latha Sekar,Person,PER-0335,Jeeva Krishnan,Person,Called,0.5,CDR,2025-05-19
PER-0117,Tamilarasan Muthu,Person,PER-0163,Rakesh Krishnan,Person,Reported-Suspect,6.0,FIR,23-05-2025
PER-0117,Tamilarasan Muthu,Person,PER-0172,Arjun Pandian,Person,Reported-Suspect,6.0,FIR,09-06-2025
PER-0117,Tamilarasan Muthu,Person,PER-0173,Manoj Karuppasamy,Person,Suspect-Witness,1.5,FIR,09-06-2025
PER-0117,Tamilarasan Muthu,Person,VEH-0024,Tn-39-Xx-1078,Vehicle,Used-Vehicle,2.0,FIR,09-06-2025
PER-0117,Tamilarasan Muthu,Person,PER-0197,Thirumal Sekar,Person,Reported-Suspect,6.0,FIR,05-08-2025
PER-0117,Tamilarasan Muthu,Person,PER-0341,Madhan Nathan,Person,Reported-Suspect,6.0,FIR,12-02-2026
PER-0117,Tamilarasan Muthu,Person,PER-0133,Jagan Velan,Person,Suspect-Associate,3.5,FIR,12-02-2026
PER-0117,Tamilarasan Muthu,Person,VEH-0041,Tn-33-Xx-1030,Vehicle,Used-Vehicle,2.0,FIR,12-02-2026
PER-0117,Tamilarasan Muthu,Person,PER-0311,Meena Krishnan,Person,Called,0.5,CDR,2025-05-04
PER-0117,Tamilarasan Muthu,Person,PER-0363,Gunasekar Prakash,Person,Called,2.33,CDR,2026-02-27
PER-0117,Tamilarasan Muthu,Person,PER-0205,Ajith Sekar,Person,Called,3.0,CDR,2026-06-04
PER-0117,Tamilarasan Muthu,Person,PER-0148,Kishore Selvam,Person,Called,0.5,CDR,2025-10-26
PER-0117,Tamilarasan Muthu,Person,PER-0168,Mohan Gopal,Person,Called,0.5,CDR,2025-12-23
PER-0117,Tamilarasan Muthu,Person,PER-0151,Dharani Gopal,Person,Called,0.5,CDR,2025-06-07
PER-0118,Dharani Prakash,Person,PER-0345,Sanjay Anand,Person,Reported-Suspect,6.0,FIR,18-02-2026
PER-0118,Dharani Prakash,Person,PER-0353,Divya Sekar,Person,Complainant-Victim,2.0,FIR,29-05-2026
PER-0118,Dharani Prakash,Person,PER-0351,Rajesh Chandran,Person,Reported-Suspect,6.0,FIR,29-08-2026
PER-0118,Dharani Prakash,Person,PER-0136,Durga Raman,Person,Called,2.08,CDR,2025-01-03
PER-0118,Dharani Prakash,Person,PER-0253,Harish Murugan,Person,Called,0.97,CDR,2026-07-30
PER-0118,Dharani Prakash,Person,PER-0222,Anand Chandran,Person,Called,2.07,CDR,2025-08-18
PER-0118,Dharani Prakash,Person,PER-0315,Chithra Raman,Person,Called,1.38,CDR,2026-02-25
PER-0118,Dharani Prakash,Person,PER-0179,Jagan Arumugam,Person,Called,0.5,CDR,2025-06-01
PER-0118,Dharani Prakash,Person,PER-0192,Dinesh Raj,Person,Called,2.58,CDR,2025-05-21
PER-0118,Dharani Prakash,Person,PER-0341,Madhan Nathan,Person,Called,1.44,CDR,2025-04-02
PER-0118,Dharani Prakash,Person,PER-0370,Kavitha Sri,Person,Called,1.65,CDR,2025-07-08
PER-0118,Dharani Prakash,Person,PER-0318,Harish Anand,Person,Called,0.5,CDR,2026-06-15
PER-0119,Amudha Kannan,Person,PER-0127,Udhay Muthu,Person,Associate-Witness,1.0,FIR,25-04-2025
PER-0119,Amudha Kannan,Person,PER-0284,Kishore Arumugam,Person,Suspect-Witness,1.5,FIR,18-10-2025
PER-0119,Amudha Kannan,Person,PER-0351,Rajesh Chandran,Person,Suspect-Witness,1.5,FIR,20-03-2026
PER-0119,Amudha Kannan,Person,PER-0310,Mathan Balan,Person,Reported-Suspect,6.0,FIR,26-08-2026
PER-0119,Amudha Kannan,Person,PER-0354,Naveen Krishnan,Person,Called,0.5,CDR,2026-08-02
PER-0119,Amudha Kannan,Person,PER-0256,Bharathi Raman,Person,Called,2.11,CDR,2025-08-07
PER-0119,Amudha Kannan,Person,PER-0315,Chithra Raman,Person,Called,2.8,CDR,2026-06-04
PER-0119,Amudha Kannan,Person,PER-0215,Arjun Karuppasamy,Person,Called,0.5,CDR,2026-03-20
PER-0119,Amudha Kannan,Person,PER-0373,Anand Muthu,Person,Called,2.83,CDR,2025-06-13
PER-0119,Amudha Kannan,Person,PER-0122,Abirami Sri,Person,Called,1.05,CDR,2025-01-12
PER-0119,Amudha Kannan,Person,PER-0352,Yuvaraj Natarajan,Person,Called,1.4,CDR,2025-08-22
PER-0119,Amudha Kannan,Person,PER-0125,Saranya Murugan,Person,Called,0.61,CDR,2026-03-10
PER-0119,Amudha Kannan,Person,PER-0169,Anitha Raj,Person,Called,0.5,CDR,2026-04-01
PER-0119,Amudha Kannan,Person,PER-0219,Kishore Krishnan,Person,Called,3.0,CDR,2025-08-08
PER-0119,Amudha Kannan,Person,PER-0153,Sathish Kumar,Person,Called,2.45,CDR,2026-04-09
PER-0119,Amudha Kannan,Person,PER-0241,Malathi Ammal,Person,Called,2.87,CDR,2025-04-25
PER-0119,Amudha Kannan,Person,PER-0255,Kalaiselvi Devi,Person,Called,0.5,CDR,2025-12-12
PER-0119,Amudha Kannan,Person,PER-0299,Hemanth Raj,Person,Called,2.53,CDR,2025-10-20
PER-0119,Amudha Kannan,Person,PER-0326,Gopal Balan,Person,Called,0.5,CDR,2025-05-01
PER-0119,Amudha Kannan,Person,PER-0177,Inban Balan,Person,Called,0.5,CDR,2026-04-22
PER-0119,Amudha Kannan,Person,PER-0401,Harini Selvam,Person,Called,0.5,CDR,2026-05-02
PER-0120,Vidhya Devi,Person,PER-0306,Dharani Selvam,Person,Reported-Suspect,6.0,FIR,17-11-2025
PER-0120,Vidhya Devi,Person,PER-0326,Gopal Balan,Person,Called,3.0,CDR,2026-03-27
PER-0120,Vidhya Devi,Person,PER-0333,Kishore Chandran,Person,Called,2.6,CDR,2025-10-01
PER-0120,Vidhya Devi,Person,PER-0125,Saranya Murugan,Person,Called,0.5,CDR,2025-03-12
PER-0120,Vidhya Devi,Person,PER-0338,Madhan Rajan,Person,Called,1.23,CDR,2025-05-28
PER-0120,Vidhya Devi,Person,PER-0353,Divya Sekar,Person,Called,1.77,CDR,2026-04-21
PER-0120,Vidhya Devi,Person,PER-0237,Saravanan Murugan,Person,Called,0.5,CDR,2025-01-07
PER-0120,Vidhya Devi,Person,PER-0375,Inban Babu,Person,Called,0.5,CDR,2025-10-27
PER-0120,Vidhya Devi,Person,PER-0276,Harish Subramani,Person,Called,3.0,CDR,2026-06-11
PER-0120,Vidhya Devi,Person,PER-0229,Kannan Muthu,Person,Called,1.39,CDR,2026-01-17
PER-0120,Vidhya Devi,Person,PER-0266,Bharath Gopal,Person,Called,1.06,CDR,2025-02-16
PER-0120,Vidhya Devi,Person,PER-0140,Sangeetha Bai,Person,Called,1.94,CDR,2025-02-27
PER-0120,Vidhya Devi,Person,PER-0311,Meena Krishnan,Person,Called,0.93,CDR,2025-03-05
PER-0121,Chandran Krishnan,Person,PER-0287,Venkat Prakash,Person,Suspect-Witness,1.5,FIR,18-10-2025
PER-0121,Chandran Krishnan,Person,PER-0288,Kumaran Murugan,Person,Associate-Witness,1.0,FIR,18-10-2025
PER-0121,Chandran Krishnan,Person,PER-0284,Kishore Arumugam,Person,Suspect-Witness,3.0,FIR,30-11-2025
PER-0121,Chandran Krishnan,Person,PER-0370,Kavitha Sri,Person,Associate-Witness,1.0,FIR,30-04-2026
PER-0121,Chandran Krishnan,Person,PER-0355,Ajith Nathan,Person,Suspect-Witness,1.5,FIR,29-07-2026
PER-0121,Chandran Krishnan,Person,PER-0306,Dharani Selvam,Person,Called,0.5,CDR,2026-01-12
PER-0121,Chandran Krishnan,Person,PER-0349,Padmini Rani,Person,Called,3.0,CDR,2025-03-12
PER-0121,Chandran Krishnan,Person,PER-0308,Kannan Shankar,Person,Called,0.5,CDR,2026-03-01
PER-0121,Chandran Krishnan,Person,PER-0200,Dharani Shankar,Person,Called,3.0,CDR,2026-01-14
PER-0121,Chandran Krishnan,Person,PER-0368,Gokul Babu,Person,Called,1.7,CDR,2026-06-23
PER-0121,Chandran Krishnan,Person,PER-0344,Malathi Bai,Person,Called,1.22,CDR,2025-09-18
PER-0121,Chandran Krishnan,Person,PER-0131,Chithra Raj,Person,Called,1.75,CDR,2026-06-10
PER-0121,Chandran Krishnan,Person,PER-0265,Harini Sri,Person,Called,2.92,CDR,2026-07-07
PER-0121,Chandran Krishnan,Person,PER-0177,Inban Balan,Person,Called,0.97,CDR,2026-07-21
PER-0121,Chandran Krishnan,Person,PER-0135,Vasanthi Bai,Person,Called,3.0,CDR,2025-01-03
PER-0122,Abirami Sri,Person,PER-0256,Bharathi Raman,Person,Complainant-Victim,2.0,FIR,05-09-2025
PER-0122,Abirami Sri,Person,PER-0203,Karthik Velan,Person,Victim-Suspect,3.0,FIR,05-09-2025
PER-0122,Abirami Sri,Person,PER-0217,Sathish Subramani,Person,Suspect-Witness,1.5,FIR,08-09-2025
PER-0122,Abirami Sri,Person,PER-0207,Murugan Babu,Person,Associate-Witness,1.0,FIR,08-09-2025
PER-0122,Abirami Sri,Person,PER-0206,Mathan Velan,Person,Suspect-Witness,3.0,FIR,05-10-2025
PER-0122,Abirami Sri,Person,PER-0212,Rajesh Karuppasamy,Person,Suspect-Witness,1.5,FIR,07-10-2025
PER-0122,Abirami Sri,Person,PER-0295,Gopal Karuppasamy,Person,Called,1.94,CDR,2025-09-14
PER-0122,Abirami Sri,Person,PER-0233,Sanjay Prakash,Person,Called,2.7,CDR,2026-06-23
PER-0122,Abirami Sri,Person,PER-0262,Praveen Anand,Person,Called,0.5,CDR,2026-04-30
PER-0122,Abirami Sri,Person,PER-0378,Senthil Raman,Person,Called,1.85,CDR,2025-08-09
PER-0122,Abirami Sri,Person,PER-0374,Lokesh Murugan,Person,Called,0.62,CDR,2025-04-17
PER-0122,Abirami Sri,Person,PER-0361,Abirami Rani,Person,Called,2.24,CDR,2025-09-06
PER-0123,Karthik Pandian,Person,PER-0155,Hariharan Ramasamy,Person,Complainant-Victim,2.0,FIR,20-05-2025
PER-0123,Karthik Pandian,Person,PER-0194,Rakesh Gopal,Person,Reported-Suspect,6.0,FIR,19-08-2025
PER-0123,Karthik Pandian,Person,PER-0178,Saravanan Anand,Person,Reported-Suspect,6.0,FIR,02-10-2025
PER-0123,Karthik Pandian,Person,PER-0355,Ajith Nathan,Person,Reported-Suspect,6.0,FIR,12-08-2026
PER-0123,Karthik Pandian,Person,PER-0242,Ganesh Selvam,Person,Called,0.5,CDR,2025-10-12
PER-0123,Karthik Pandian,Person,PER-0296,Praveen Raman,Person,Called,1.46,CDR,2025-05-30
PER-0123,Karthik Pandian,Person,PER-0260,Bharath Babu,Person,Called,0.5,CDR,2025-10-26
PER-0123,Karthik Pandian,Person,PER-0151,Dharani Gopal,Person,Called,3.0,CDR,2025-12-11
PER-0123,Karthik Pandian,Person,PER-0350,Priya Raman,Person,Called,1.76,CDR,2025-05-27
PER-0123,Karthik Pandian,Person,PER-0400,Hemanth Krishnan,Person,Called,0.5,CDR,2026-05-21
PER-0123,Karthik Pandian,Person,PER-0257,Geetha Kumari,Person,Called,0.5,CDR,2026-02-01
PER-0123,Karthik Pandian,Person,PER-0139,Logesh Palanisamy,Person,Called,2.49,CDR,2025-04-25
PER-0123,Karthik Pandian,Person,PER-0314,Gopal Natarajan,Person,Called,2.16,CDR,2025-06-30
PER-0123,Karthik Pandian,Person,PER-0215,Arjun Karuppasamy,Person,Called,0.5,CDR,2025-12-31
PER-0123,Karthik Pandian,Person,PER-0248,Gokul Karuppasamy,Person,Called,2.74,CDR,2025-01-13
PER-0123,Karthik Pandian,Person,PER-0368,Gokul Babu,Person,Called,0.85,CDR,2025-06-08
PER-0123,Karthik Pandian,Person,PER-0307,Deviga Krishnan,Person,Called,0.5,CDR,2026-03-11
PER-0123,Karthik Pandian,Person,PER-0156,Kumaran Anand,Person,Called,0.5,CDR,2025-04-16
PER-0123,Karthik Pandian,Person,PER-0221,Nithin Murugan,Person,Called,1.03,CDR,2026-05-10
PER-0123,Karthik Pandian,Person,PER-0291,Mythili Murugan,Person,Called,0.5,CDR,2025-05-23
PER-0123,Karthik Pandian,Person,PER-0203,Karthik Velan,Person,Called,1.88,CDR,2025-06-19
PER-0123,Karthik Pandian,Person,PER-0277,Karthik Rajan,Person,Called,2.05,CDR,2026-08-01
PER-0123,Karthik Pandian,Person,PER-0213,Hariharan Prakash,Person,Called,0.5,CDR,2025-04-28
PER-0123,Karthik Pandian,Person,PER-0148,Kishore Selvam,Person,Called,3.0,CDR,2025-09-11
PER-0124,Chandran Subramani,Person,PER-0146,Siva Sekar,Person,Suspect-Witness,1.5,FIR,31-01-2026
PER-0124,Chandran Subramani,Person,PER-0151,Dharani Gopal,Person,Reported-Suspect,6.0,FIR,06-07-2026
PER-0124,Chandran Subramani,Person,PER-0169,Anitha Raj,Person,Reported-Suspect,6.0,FIR,01-09-2026
PER-0124,Chandran Subramani,Person,PER-0321,Revathi Raman,Person,Suspect-Associate,3.5,FIR,01-09-2026
PER-0124,Chandran Subramani,Person,PER-0191,Rajesh Krishnan,Person,Suspect-Witness,1.5,FIR,01-09-2026
PER-0124,Chandran Subramani,Person,PER-0385,Praveen Muthu,Person,Called,2.68,CDR,2026-03-24
PER-0124,Chandran Subramani,Person,PER-0301,Venkat Pandian,Person,Called,0.72,CDR,2026-01-24
PER-0124,Chandran Subramani,Person,PER-0172,Arjun Pandian,Person,Called,0.65,CDR,2025-03-14
PER-0124,Chandran Subramani,Person,PER-0253,Harish Murugan,Person,Called,2.87,CDR,2026-05-16
PER-0124,Chandran Subramani,Person,PER-0314,Gopal Natarajan,Person,Called,0.5,CDR,2025-05-20
PER-0124,Chandran Subramani,Person,PER-0239,Sathish Palanisamy,Person,Called,0.64,CDR,2025-05-02
PER-0124,Chandran Subramani,Person,PER-0378,Senthil Raman,Person,Called,0.5,CDR,2026-07-04
PER-0124,Chandran Subramani,Person,PER-0375,Inban Babu,Person,Called,3.0,CDR,2025-03-31
PER-0125,Saranya Murugan,Person,PER-0126,Mythili Selvi,Person,Complainant-Victim,2.0,FIR,25-04-2025
PER-0125,Saranya Murugan,Person,PER-0193,Vignesh Thangaraj,Person,Reported-Suspect,6.0,FIR,20-07-2025
PER-0125,Saranya Murugan,Person,PER-0316,Mohan Ramasamy,Person,Reported-Suspect,6.0,FIR,15-12-2025
PER-0125,Saranya Murugan,Person,PER-0184,Prakash Muthu,Person,Reported-Suspect,6.0,FIR,22-04-2026
PER-0125,Saranya Murugan,Person,PER-0321,Revathi Raman,Person,Called,0.5,CDR,2025-02-23
PER-0125,Saranya Murugan,Person,PER-0209,Kishore Murugan,Person,Called,1.09,CDR,2026-03-15
PER-0125,Saranya Murugan,Person,PER-0234,Siva Velan,Person,Called,1.95,CDR,2026-07-14
PER-0125,Saranya Murugan,Person,PER-0378,Senthil Raman,Person,Called,1.91,CDR,2026-05-18
PER-0125,Saranya Murugan,Person,PER-0315,Chithra Raman,Person,Called,3.0,CDR,2026-01-22
PER-0125,Saranya Murugan,Person,PER-0128,Durga Bai,Person,Called,2.33,CDR,2026-05-04
PER-0125,Saranya Murugan,Person,PER-0169,Anitha Raj,Person,Called,2.25,CDR,2025-09-11
PER-0125,Saranya Murugan,Person,PER-0162,Karthik Thangaraj,Person,Called,0.5,CDR,2025-07-06
PER-0125,Saranya Murugan,Person,PER-0201,Praveen Kumar,Person,Called,2.35,CDR,2025-07-05
PER-0125,Saranya Murugan,Person,PER-0246,Kishore Pandian,Person,Called,0.5,CDR,2025-09-17
PER-0125,Saranya Murugan,Person,PER-0335,Jeeva Krishnan,Person,Called,3.0,CDR,2026-05-25
PER-0125,Saranya Murugan,Person,PER-0326,Gopal Balan,Person,Called,0.5,CDR,2025-11-23
PER-0125,Saranya Murugan,Person,PER-0183,Venkat Palanisamy,Person,Called,0.5,CDR,2025-01-08
PER-0125,Saranya Murugan,Person,PER-0395,Udhay Ramasamy,Person,Called,0.66,CDR,2025-04-24
PER-0125,Saranya Murugan,Person,PER-0202,Saravanan Palanisamy,Person,Called,0.5,CDR,2025-06-20
PER-0125,Saranya Murugan,Person,PER-0289,Bhuvana Raman,Person,Called,2.71,CDR,2026-07-22
PER-0126,Mythili Selvi,Person,PER-0229,Kannan Muthu,Person,Called,0.5,CDR,2025-02-11
PER-0126,Mythili Selvi,Person,PER-0334,Latha Ammal,Person,Called,0.5,CDR,2026-04-03
PER-0126,Mythili Selvi,Person,PER-0189,Deepak Subramani,Person,Called,0.5,CDR,2025-04-12
PER-0126,Mythili Selvi,Person,PER-0370,Kavitha Sri,Person,Called,2.82,CDR,2025-11-18
PER-0126,Mythili Selvi,Person,PER-0160,Mohan Natarajan,Person,Called,1.43,CDR,2026-06-29
PER-0126,Mythili Selvi,Person,PER-0239,Sathish Palanisamy,Person,Called,1.11,CDR,2026-03-17
PER-0126,Mythili Selvi,Person,PER-0245,Senthil Prakash,Person,Called,0.5,CDR,2026-02-16
PER-0126,Mythili Selvi,Person,PER-0392,Buvaneswari Devi,Person,Called,1.09,CDR,2025-10-29
PER-0126,Mythili Selvi,Person,PER-0179,Jagan Arumugam,Person,Called,2.92,CDR,2025-04-06
PER-0126,Mythili Selvi,Person,PER-0255,Kalaiselvi Devi,Person,Called,2.01,CDR,2025-11-14
PER-0126,Mythili Selvi,Person,PER-0271,Kumaran Subramani,Person,Called,2.96,CDR,2025-12-24
PER-0126,Mythili Selvi,Person,PER-0226,Buvaneswari Sri,Person,Called,1.15,CDR,2025-08-21
PER-0126,Mythili Selvi,Person,PER-0215,Arjun Karuppasamy,Person,Called,3.0,CDR,2026-01-03
PER-0126,Mythili Selvi,Person,PER-0270,Ravi Gopal,Person,Called,0.5,CDR,2025-08-02
PER-0127,Udhay Muthu,Person,PER-0175,Sathish Sundaram,Person,Suspect-Associate,10.5,FIR,10-06-2025
PER-0127,Udhay Muthu,Person,PER-0183,Venkat Palanisamy,Person,Suspect-Associate,7.0,FIR,24-07-2025
PER-0127,Udhay Muthu,Person,PER-0184,Prakash Muthu,Person,Suspect-Associate,3.5,FIR,12-08-2025
PER-0127,Udhay Muthu,Person,PER-0306,Dharani Selvam,Person,Suspect-Associate,3.5,FIR,17-11-2025
PER-0127,Udhay Muthu,Person,VEH-0050,Tn-01-Xx-1093,Vehicle,Used-Vehicle,1.5,FIR,19-01-2026
PER-0127,Udhay Muthu,Person,PER-0130,Ramesh Pandian,Person,Associate-Witness,1.0,FIR,24-03-2026
PER-0127,Udhay Muthu,Person,PER-0256,Bharathi Raman,Person,Called,0.5,CDR,2025-06-20
PER-0127,Udhay Muthu,Person,PER-0378,Senthil Raman,Person,Called,0.5,CDR,2025-02-13
PER-0127,Udhay Muthu,Person,PER-0220,Vijay Rajan,Person,Called,3.0,CDR,2025-05-14
PER-0127,Udhay Muthu,Person,PER-0276,Harish Subramani,Person,Called,0.5,CDR,2026-01-03
PER-0128,Durga Bai,Person,PER-0129,Kishore Babu,Person,Reported-Suspect,6.0,FIR,27-04-2025
PER-0128,Durga Bai,Person,PER-0369,Hemanth Arumugam,Person,Called,2.01,CDR,2025-10-09
PER-0128,Durga Bai,Person,PER-0270,Ravi Gopal,Person,Called,3.0,CDR,2025-03-20
PER-0128,Durga Bai,Person,PER-0343,Malathi Murugan,Person,Called,3.0,CDR,2025-03-29
PER-0128,Durga Bai,Person,PER-0265,Harini Sri,Person,Called,2.47,CDR,2025-05-25
PER-0128,Durga Bai,Person,PER-0134,Deepa Kumari,Person,Called,0.5,CDR,2026-06-29
PER-0128,Durga Bai,Person,PER-0274,Tamilarasan Karuppasamy,Person,Called,3.0,CDR,2025-05-27
PER-0128,Durga Bai,Person,PER-0315,Chithra Raman,Person,Called,1.02,CDR,2026-01-28
PER-0128,Durga Bai,Person,PER-0325,Rajeshwari Devi,Person,Called,2.34,CDR,2025-09-28
PER-0128,Durga Bai,Person,PER-0372,Amudha Sri,Person,Called,0.7,CDR,2026-04-11
PER-0128,Durga Bai,Person,PER-0173,Manoj Karuppasamy,Person,Called,0.5,CDR,2025-03-11
PER-0129,Kishore Babu,Person,PER-0130,Ramesh Pandian,Person,Suspect-Witness,1.5,FIR,27-04-2025
PER-0129,Kishore Babu,Person,PER-0147,Kumaran Prakash,Person,Reported-Suspect,6.0,FIR,19-05-2025
PER-0129,Kishore Babu,Person,PER-0148,Kishore Selvam,Person,Suspect-Witness,1.5,FIR,19-05-2025
PER-0129,Kishore Babu,Person,PER-0234,Siva Velan,Person,Reported-Suspect,6.0,FIR,10-08-2025
PER-0129,Kishore Babu,Person,VEH-0040,Tn-68-Yy-1088,Vehicle,Used-Vehicle,1.5,FIR,27-10-2025
PER-0129,Kishore Babu,Person,PER-0132,Arjun Shankar,Person,Suspect-Associate,3.5,FIR,01-05-2026
PER-0129,Kishore Babu,Person,PER-0192,Dinesh Raj,Person,Called,0.5,CDR,2025-11-07
PER-0129,Kishore Babu,Person,PER-0133,Jagan Velan,Person,Called,2.28,CDR,2026-05-30
PER-0129,Kishore Babu,Person,PER-0361,Abirami Rani,Person,Called,0.5,CDR,2026-03-17
PER-0129,Kishore Babu,Person,PER-0222,Anand Chandran,Person,Called,2.11,CDR,2026-06-09
PER-0129,Kishore Babu,Person,PER-0399,Praveen Shankar,Person,Called,0.5,CDR,2025-10-30
PER-0129,Kishore Babu,Person,PER-0235,Nithin Subramani,Person,Called,0.5,CDR,2025-11-25
PER-0129,Kishore Babu,Person,PER-0199,Sudha Rani,Person,Called,0.69,CDR,2025-01-23
PER-0129,Kishore Babu,Person,PER-0196,Kannan Thangaraj,Person,Called,0.5,CDR,2025-04-18
PER-0129,Kishore Babu,Person,PER-0368,Gokul Babu,Person,Called,1.42,CDR,2025-10-10
PER-0129,Kishore Babu,Person,PER-0377,Selvam Babu,Person,Called,0.5,CDR,2025-05-22
PER-0130,Ramesh Pandian,Person,PER-0259,Chithra Kannan,Person,Suspect-Witness,1.5,FIR,22-09-2025
PER-0130,Ramesh Pandian,Person,PER-0284,Kishore Arumugam,Person,Suspect-Witness,1.5,FIR,25-10-2025
PER-0130,Ramesh Pandian,Person,PER-0183,Venkat Palanisamy,Person,Associate-Witness,1.0,FIR,21-01-2026
PER-0130,Ramesh Pandian,Person,PER-0277,Karthik Rajan,Person,Suspect-Witness,1.5,FIR,14-03-2026
PER-0130,Ramesh Pandian,Person,PER-0165,Rajesh Rajan,Person,Called,0.5,CDR,2025-06-13
PER-0130,Ramesh Pandian,Person,PER-0157,Ganesh Natarajan,Person,Called,2.57,CDR,2026-05-24
PER-0130,Ramesh Pandian,Person,PER-0396,Nithya Devi,Person,Called,1.83,CDR,2025-11-03
PER-0130,Ramesh Pandian,Person,PER-0189,Deepak Subramani,Person,Called,1.59,CDR,2025-05-07
PER-0130,Ramesh Pandian,Person,PER-0351,Rajesh Chandran,Person,Called,0.74,CDR,2025-02-18
PER-0131,Chithra Raj,Person,PER-0132,Arjun Shankar,Person,Reported-Suspect,6.0,FIR,30-04-2025
PER-0131,Chithra Raj,Person,PER-0165,Rajesh Rajan,Person,Called,0.5,CDR,2026-01-19
PER-0131,Chithra Raj,Person,PER-0272,Divya Devi,Person,Called,0.5,CDR,2025-10-03
PER-0131,Chithra Raj,Person,PER-0200,Dharani Shankar,Person,Called,0.66,CDR,2025-04-17
PER-0131,Chithra Raj,Person,PER-0324,Malathi Devi,Person,Called,0.87,CDR,2025-12-06
PER-0131,Chithra Raj,Person,PER-0205,Ajith Sekar,Person,Called,1.94,CDR,2025-01-28
PER-0131,Chithra Raj,Person,PER-0338,Madhan Rajan,Person,Called,1.15,CDR,2026-03-31
PER-0131,Chithra Raj,Person,PER-0134,Deepa Kumari,Person,Called,1.69,CDR,2026-01-11
PER-0131,Chithra Raj,Person,PER-0143,Yuvaraj Selvam,Person,Called,3.0,CDR,2025-10-31
PER-0131,Chithra Raj,Person,PER-0144,Padmini Bai,Person,Called,1.89,CDR,2026-04-26
PER-0131,Chithra Raj,Person,PER-0375,Inban Babu,Person,Called,0.71,CDR,2025-10-28
PER-0131,Chithra Raj,Person,PER-0269,Selvam Natarajan,Person,Called,1.96,CDR,2025-07-11
PER-0132,Arjun Shankar,Person,PER-0143,Yuvaraj Selvam,Person,Suspect-Witness,1.5,FIR,11-05-2025
PER-0132,Arjun Shankar,Person,PER-0160,Mohan Natarajan,Person,Reported-Suspect,6.0,FIR,22-05-2025
PER-0132,Arjun Shankar,Person,PER-0261,Nithya Rani,Person,Suspect-Witness,4.5,FIR,08-12-2025
PER-0132,Arjun Shankar,Person,PER-0216,Kalaiselvi Raman,Person,Reported-Suspect,6.5,FIR,01-05-2026
PER-0132,Arjun Shankar,Person,PER-0252,Kalaiselvi Sri,Person,Called,1.04,CDR,2026-03-17
PER-0132,Arjun Shankar,Person,PER-0298,Suresh Selvam,Person,Called,2.91,CDR,2026-07-19
PER-0132,Arjun Shankar,Person,PER-0309,Sathish Ramasamy,Person,Called,2.11,CDR,2025-05-13
PER-0132,Arjun Shankar,Person,PER-0226,Buvaneswari Sri,Person,Called,2.12,CDR,2025-03-27
PER-0132,Arjun Shankar,Person,PER-0399,Praveen Shankar,Person,Called,0.5,CDR,2026-02-08
PER-0132,Arjun Shankar,Person,PER-0301,Venkat Pandian,Person,Called,1.34,CDR,2025-06-08
PER-0133,Jagan Velan,Person,PER-0175,Sathish Sundaram,Person,Suspect-Associate,3.5,FIR,03-09-2025
PER-0133,Jagan Velan,Person,VEH-0041,Tn-33-Xx-1030,Vehicle,Used-Vehicle,1.5,FIR,12-02-2026
PER-0133,Jagan Velan,Person,PER-0378,Senthil Raman,Person,Called,2.26,CDR,2025-03-23
PER-0133,Jagan Velan,Person,PER-0147,Kumaran Prakash,Person,Called,0.5,CDR,2025-05-14
PER-0133,Jagan Velan,Person,PER-0311,Meena Krishnan,Person,Called,2.97,CDR,2025-07-02
PER-0134,Deepa Kumari,Person,PER-0135,Vasanthi Bai,Person,Reported-Suspect,6.0,FIR,02-05-2025
PER-0134,Deepa Kumari,Person,PER-0234,Siva Velan,Person,Called,1.6,CDR,2025-05-15
PER-0134,Deepa Kumari,Person,PER-0344,Malathi Bai,Person,Called,0.5,CDR,2026-02-27
PER-0134,Deepa Kumari,Person,PER-0167,Saravanan Selvam,Person,Called,2.71,CDR,2025-11-29
PER-0134,Deepa Kumari,Person,PER-0333,Kishore Chandran,Person,Called,1.16,CDR,2026-02-09
PER-0134,Deepa Kumari,Person,PER-0259,Chithra Kannan,Person,Called,2.1,CDR,2026-07-11
PER-0134,Deepa Kumari,Person,PER-0301,Venkat Pandian,Person,Called,0.5,CDR,2025-07-13
PER-0134,Deepa Kumari,Person,PER-0267,Siva Selvam,Person,Called,0.5,CDR,2025-10-02
PER-0134,Deepa Kumari,Person,PER-0357,Vijay Raman,Person,Called,3.0,CDR,2025-12-19
PER-0134,Deepa Kumari,Person,PER-0394,Hemanth Nathan,Person,Called,1.55,CDR,2026-01-17
PER-0134,Deepa Kumari,Person,PER-0233,Sanjay Prakash,Person,Called,0.5,CDR,2026-05-05
PER-0134,Deepa Kumari,Person,PER-0377,Selvam Babu,Person,Called,1.14,CDR,2025-06-18
PER-0134,Deepa Kumari,Person,PER-0141,Senthil Krishnan,Person,Called,3.0,CDR,2025-12-03
PER-0134,Deepa Kumari,Person,PER-0281,Ganesh Subramani,Person,Called,2.45,CDR,2026-02-17
PER-0134,Deepa Kumari,Person,PER-0271,Kumaran Subramani,Person,Called,0.5,CDR,2025-09-23
PER-0135,Vasanthi Bai,Person,VEH-0019,Tn-69-Yy-1061,Vehicle,Used-Vehicle,2.0,FIR,02-05-2025
PER-0135,Vasanthi Bai,Person,PER-0142,Siva Muthu,Person,Called,1.83,CDR,2026-04-08
PER-0135,Vasanthi Bai,Person,PER-0390,Vidhya Sri,Person,Called,0.71,CDR,2025-05-01
PER-0135,Vasanthi Bai,Person,PER-0216,Kalaiselvi Raman,Person,Called,2.33,CDR,2025-12-13
PER-0135,Vasanthi Bai,Person,PER-0394,Hemanth Nathan,Person,Called,2.3,CDR,2025-04-15
PER-0135,Vasanthi Bai,Person,PER-0189,Deepak Subramani,Person,Called,0.5,CDR,2026-01-24
PER-0135,Vasanthi Bai,Person,PER-0149,Deviga Devi,Person,Called,2.76,CDR,2025-10-19
PER-0135,Vasanthi Bai,Person,PER-0371,Bhuvana Kannan,Person,Called,3.0,CDR,2025-01-29
PER-0136,Durga Raman,Person,PER-0137,Gunasekar Anand,Person,Reported-Suspect,6.0,FIR,08-05-2025
PER-0136,Durga Raman,Person,PER-0297,Karthik Balan,Person,Reported-Suspect,6.0,FIR,05-12-2025
PER-0136,Durga Raman,Person,PER-0360,Sanjay Palanisamy,Person,Reported-Suspect,6.0,FIR,02-05-2026
PER-0136,Durga Raman,Person,PER-0361,Abirami Rani,Person,Called,3.0,CDR,2026-02-10
PER-0136,Durga Raman,Person,PER-0220,Vijay Rajan,Person,Called,0.5,CDR,2026-01-12
PER-0136,Durga Raman,Person,PER-0260,Bharath Babu,Person,Called,0.5,CDR,2025-02-14
PER-0136,Durga Raman,Person,PER-0367,Yogesh Sekar,Person,Called,0.5,CDR,2026-05-12
PER-0136,Durga Raman,Person,PER-0177,Inban Balan,Person,Called,4.7,CDR,2025-12-26
PER-0136,Durga Raman,Person,PER-0264,Gayathri Raman,Person,Called,2.91,CDR,2025-02-07
PER-0136,Durga Raman,Person,PER-0389,Babu Krishnan,Person,Called,0.5,CDR,2025-01-23
PER-0136,Durga Raman,Person,PER-0145,Tamilselvi Devi,Person,Called,1.27,CDR,2025-01-23
PER-0136,Durga Raman,Person,PER-0181,Abirami Raj,Person,Called,1.49,CDR,2025-01-31
PER-0136,Durga Raman,Person,PER-0223,Gunasekar Murugan,Person,Called,2.21,CDR,2025-01-19
PER-0136,Durga Raman,Person,PER-0211,Nithya Selvi,Person,Called,2.2,CDR,2026-06-02
PER-0137,Gunasekar Anand,Person,PER-0145,Tamilselvi Devi,Person,Reported-Suspect,6.0,FIR,15-05-2025
PER-0137,Gunasekar Anand,Person,VEH-0012,Tn-45-Zz-1062,Vehicle,Used-Vehicle,2.0,FIR,15-05-2025
PER-0137,Gunasekar Anand,Person,PER-0149,Deviga Devi,Person,Reported-Suspect,6.0,FIR,19-05-2025
PER-0137,Gunasekar Anand,Person,VEH-0020,Tn-38-Yy-1022,Vehicle,Used-Vehicle,2.0,FIR,19-05-2025
PER-0137,Gunasekar Anand,Person,PER-0141,Senthil Krishnan,Person,Suspect-Associate,3.5,FIR,12-08-2025
PER-0137,Gunasekar Anand,Person,PER-0259,Chithra Kannan,Person,Suspect-Associate,3.5,FIR,13-11-2025
PER-0137,Gunasekar Anand,Person,PER-0309,Sathish Ramasamy,Person,Suspect-Associate,3.5,FIR,07-06-2026
PER-0137,Gunasekar Anand,Person,PER-0172,Arjun Pandian,Person,Called,2.8,CDR,2025-07-17
PER-0137,Gunasekar Anand,Person,PER-0376,Harish Pandian,Person,Called,0.83,CDR,2025-11-08
PER-0137,Gunasekar Anand,Person,PER-0377,Selvam Babu,Person,Called,0.69,CDR,2025-09-25
PER-0137,Gunasekar Anand,Person,PER-0245,Senthil Prakash,Person,Called,1.1,CDR,2025-05-21
PER-0137,Gunasekar Anand,Person,PER-0328,Latha Selvi,Person,Called,0.5,CDR,2026-06-03
PER-0137,Gunasekar Anand,Person,PER-0311,Meena Krishnan,Person,Called,2.47,CDR,2025-02-07
PER-0137,Gunasekar Anand,Person,PER-0353,Divya Sekar,Person,Called,0.86,CDR,2025-10-04
PER-0137,Gunasekar Anand,Person,PER-0356,Senthil Natarajan,Person,Called,0.5,CDR,2025-02-10
PER-0137,Gunasekar Anand,Person,PER-0214,Dharani Anand,Person,Called,1.03,CDR,2025-10-02
PER-0137,Gunasekar Anand,Person,PER-0234,Siva Velan,Person,Called,1.64,CDR,2026-03-10
PER-0137,Gunasekar Anand,Person,PER-0173,Manoj Karuppasamy,Person,Called,3.0,CDR,2025-02-07
PER-0138,Abirami Kannan,Person,PER-0139,Logesh Palanisamy,Person,Complainant-Victim,2.0,FIR,08-05-2025
PER-0138,Abirami Kannan,Person,PER-0226,Buvaneswari Sri,Person,Called,0.5,CDR,2026-03-20
PER-0138,Abirami Kannan,Person,PER-0147,Kumaran Prakash,Person,Called,0.5,CDR,2025-10-12
PER-0138,Abirami Kannan,Person,PER-0378,Senthil Raman,Person,Called,2.09,CDR,2026-03-15
PER-0138,Abirami Kannan,Person,PER-0365,Karthik Shankar,Person,Called,2.0,CDR,2025-12-15
PER-0138,Abirami Kannan,Person,PER-0344,Malathi Bai,Person,Called,2.96,CDR,2025-09-08
PER-0138,Abirami Kannan,Person,PER-0256,Bharathi Raman,Person,Called,0.5,CDR,2025-05-15
PER-0138,Abirami Kannan,Person,PER-0187,Tamilarasan Palanisamy,Person,Called,0.5,CDR,2026-05-20
PER-0138,Abirami Kannan,Person,PER-0250,Vasanthi Kannan,Person,Called,2.16,CDR,2026-03-20
PER-0138,Abirami Kannan,Person,PER-0202,Saravanan Palanisamy,Person,Called,1.45,CDR,2025-04-21
PER-0138,Abirami Kannan,Person,PER-0385,Praveen Muthu,Person,Called,0.5,CDR,2026-02-16
PER-0138,Abirami Kannan,Person,PER-0240,Elango Prakash,Person,Called,1.83,CDR,2026-07-03
PER-0138,Abirami Kannan,Person,PER-0311,Meena Krishnan,Person,Called,0.74,CDR,2025-06-11
PER-0138,Abirami Kannan,Person,PER-0333,Kishore Chandran,Person,Called,0.76,CDR,2025-04-19
PER-0139,Logesh Palanisamy,Person,PER-0253,Harish Murugan,Person,Reported-Suspect,6.0,FIR,17-10-2025
PER-0139,Logesh Palanisamy,Person,PER-0255,Kalaiselvi Devi,Person,Called,1.47,CDR,2025-11-24
PER-0139,Logesh Palanisamy,Person,PER-0390,Vidhya Sri,Person,Called,0.5,CDR,2025-01-24
PER-0139,Logesh Palanisamy,Person,PER-0350,Priya Raman,Person,Called,2.57,CDR,2026-04-04
PER-0139,Logesh Palanisamy,Person,PER-0380,Eswari Sri,Person,Called,0.5,CDR,2025-09-20
PER-0139,Logesh Palanisamy,Person,PER-0246,Kishore Pandian,Person,Called,0.5,CDR,2026-04-10
PER-0139,Logesh Palanisamy,Person,PER-0262,Praveen Anand,Person,Called,2.71,CDR,2025-09-04
PER-0139,Logesh Palanisamy,Person,PER-0256,Bharathi Raman,Person,Called,2.2,CDR,2025-12-12
PER-0139,Logesh Palanisamy,Person,PER-0239,Sathish Palanisamy,Person,Called,1.31,CDR,2025-06-26
PER-0139,Logesh Palanisamy,Person,PER-0275,Harish Selvam,Person,Called,1.39,CDR,2025-05-15
PER-0139,Logesh Palanisamy,Person,PER-0353,Divya Sekar,Person,Called,0.97,CDR,2026-04-28
PER-0139,Logesh Palanisamy,Person,PER-0384,Naveen Muthu,Person,Called,2.46,CDR,2025-12-06
PER-0140,Sangeetha Bai,Person,PER-0141,Senthil Krishnan,Person,Reported-Suspect,6.0,FIR,10-05-2025
PER-0140,Sangeetha Bai,Person,PER-0203,Karthik Velan,Person,Victim-Suspect,3.0,FIR,15-11-2025
PER-0140,Sangeetha Bai,Person,PER-0360,Sanjay Palanisamy,Person,Called,0.5,CDR,2025-12-11
PER-0140,Sangeetha Bai,Person,PER-0151,Dharani Gopal,Person,Called,2.42,CDR,2025-10-19
PER-0140,Sangeetha Bai,Person,PER-0370,Kavitha Sri,Person,Called,1.64,CDR,2025-10-20
PER-0140,Sangeetha Bai,Person,PER-0383,Jothi Murugan,Person,Called,0.5,CDR,2026-01-09
PER-0140,Sangeetha Bai,Person,PER-0290,Latha Murugan,Person,Called,0.5,CDR,2025-10-06
PER-0140,Sangeetha Bai,Person,PER-0229,Kannan Muthu,Person,Called,0.5,CDR,2025-09-10
PER-0140,Sangeetha Bai,Person,PER-0180,Sangeetha Sri,Person,Called,2.67,CDR,2025-08-23
PER-0140,Sangeetha Bai,Person,PER-0317,Chithra Devi,Person,Called,2.92,CDR,2025-03-29
PER-0140,Sangeetha Bai,Person,PER-0311,Meena Krishnan,Person,Called,0.5,CDR,2026-02-23
PER-0140,Sangeetha Bai,Person,PER-0341,Madhan Nathan,Person,Called,0.5,CDR,2025-09-30
PER-0140,Sangeetha Bai,Person,PER-0339,Revathi Bai,Person,Called,0.5,CDR,2026-07-13
PER-0140,Sangeetha Bai,Person,PER-0185,Jagan Sekar,Person,Called,2.15,CDR,2026-05-18
PER-0140,Sangeetha Bai,Person,PER-0206,Mathan Velan,Person,Called,1.95,CDR,2025-01-19
PER-0140,Sangeetha Bai,Person,PER-0377,Selvam Babu,Person,Called,1.81,CDR,2026-02-22
PER-0140,Sangeetha Bai,Person,PER-0189,Deepak Subramani,Person,Called,0.5,CDR,2026-02-23
PER-0140,Sangeetha Bai,Person,PER-0331,Sanjay Velan,Person,Called,3.0,CDR,2025-11-11
PER-0140,Sangeetha Bai,Person,PER-0315,Chithra Raman,Person,Called,1.58,CDR,2026-05-06
PER-0141,Senthil Krishnan,Person,PER-0142,Siva Muthu,Person,Suspect-Associate,10.5,FIR,10-05-2025
PER-0141,Senthil Krishnan,Person,PER-0166,Yogesh Balan,Person,Reported-Suspect,6.0,FIR,05-06-2025
PER-0141,Senthil Krishnan,Person,VEH-0022,Tn-38-Yy-1028,Vehicle,Used-Vehicle,2.0,FIR,05-06-2025
PER-0141,Senthil Krishnan,Person,PER-0185,Jagan Sekar,Person,Reported-Suspect,6.0,FIR,20-06-2025
PER-0141,Senthil Krishnan,Person,PER-0186,Gopal Muthu,Person,Suspect-Associate,7.0,FIR,20-06-2025
PER-0141,Senthil Krishnan,Person,PER-0189,Deepak Subramani,Person,Reported-Suspect,3.0,FIR,26-06-2025
PER-0141,Senthil Krishnan,Person,PER-0196,Kannan Thangaraj,Person,Reported-Suspect,3.0,FIR,05-07-2025
PER-0141,Senthil Krishnan,Person,PER-0197,Thirumal Sekar,Person,Victim-Suspect,3.0,FIR,05-07-2025
PER-0141,Senthil Krishnan,Person,PER-0225,Lakshmi Krishnan,Person,Reported-Suspect,6.0,FIR,02-08-2025
PER-0141,Senthil Krishnan,Person,PER-0226,Buvaneswari Sri,Person,Suspect-Witness,1.5,FIR,02-08-2025
PER-0141,Senthil Krishnan,Person,PER-0238,Nithya Murugan,Person,Reported-Suspect,3.5,FIR,12-08-2025
PER-0141,Senthil Krishnan,Person,PER-0168,Mohan Gopal,Person,Victim-Suspect,4.24,FIR,12-08-2025
PER-0141,Senthil Krishnan,Person,PER-0305,Sudha Bai,Person,Reported-Suspect,6.0,FIR,12-11-2025
PER-0141,Senthil Krishnan,Person,PER-0312,Deepa Devi,Person,Called,0.5,CDR,2026-04-29
PER-0141,Senthil Krishnan,Person,PER-0237,Saravanan Murugan,Person,Called,3.0,CDR,2025-11-08
PER-0141,Senthil Krishnan,Person,PER-0366,Deepak Muthu,Person,Called,1.59,CDR,2026-07-22
PER-0141,Senthil Krishnan,Person,PER-0268,Jeeva Rajan,Person,Called,2.55,CDR,2025-05-31
PER-0141,Senthil Krishnan,Person,PER-0231,Indhu Murugan,Person,Called,0.82,CDR,2025-01-11
PER-0141,Senthil Krishnan,Person,PER-0290,Latha Murugan,Person,Called,3.0,CDR,2025-09-04
PER-0142,Siva Muthu,Person,PER-0181,Abirami Raj,Person,Suspect-Associate,3.5,FIR,12-09-2025
PER-0142,Siva Muthu,Person,VEH-0033,Kl-07-Zz-1011,Vehicle,Used-Vehicle,1.5,FIR,12-09-2025
PER-0142,Siva Muthu,Person,PER-0184,Prakash Muthu,Person,Suspect-Associate,3.5,FIR,09-02-2026
PER-0142,Siva Muthu,Person,PER-0352,Yuvaraj Natarajan,Person,Suspect-Associate,10.5,FIR,19-03-2026
PER-0142,Siva Muthu,Person,VEH-0061,Tn-01-Yy-1046,Vehicle,Used-Vehicle,3.0,FIR,19-03-2026
PER-0142,Siva Muthu,Person,PER-0300,Logesh Subramani,Person,Suspect-Associate,3.5,FIR,01-04-2026
PER-0142,Siva Muthu,Person,VEH-0067,Tn-39-Xx-1048,Vehicle,Used-Vehicle,1.5,FIR,24-04-2026
PER-0142,Siva Muthu,Person,PER-0307,Deviga Krishnan,Person,Called,2.54,CDR,2026-03-07
PER-0142,Siva Muthu,Person,PER-0252,Kalaiselvi Sri,Person,Called,1.66,CDR,2026-02-26
PER-0142,Siva Muthu,Person,PER-0251,Kishore Velan,Person,Called,1.8,CDR,2025-03-04
PER-0142,Siva Muthu,Person,PER-0328,Latha Selvi,Person,Called,0.63,CDR,2026-03-31
PER-0142,Siva Muthu,Person,PER-0276,Harish Subramani,Person,Called,0.5,CDR,2026-02-22
PER-0142,Siva Muthu,Person,PER-0190,Dharani Thangaraj,Person,Called,0.5,CDR,2026-02-23
PER-0142,Siva Muthu,Person,PER-0384,Naveen Muthu,Person,Called,1.1,CDR,2025-01-27
PER-0142,Siva Muthu,Person,PER-0159,Divya Murugan,Person,Called,0.5,CDR,2025-08-12
PER-0142,Siva Muthu,Person,PER-0271,Kumaran Subramani,Person,Called,0.5,CDR,2025-11-18
PER-0143,Yuvaraj Selvam,Person,PER-0178,Saravanan Anand,Person,Suspect-Witness,1.5,FIR,13-06-2025
PER-0143,Yuvaraj Selvam,Person,PER-0213,Hariharan Prakash,Person,Suspect-Witness,1.5,FIR,19-07-2025
PER-0143,Yuvaraj Selvam,Person,PER-0268,Jeeva Rajan,Person,Associate-Witness,1.0,FIR,18-09-2025
PER-0143,Yuvaraj Selvam,Person,PER-0289,Bhuvana Raman,Person,Called,0.5,CDR,2025-04-04
PER-0143,Yuvaraj Selvam,Person,PER-0205,Ajith Sekar,Person,Called,0.5,CDR,2026-02-01
PER-0143,Yuvaraj Selvam,Person,PER-0325,Rajeshwari Devi,Person,Called,0.5,CDR,2025-09-20
PER-0143,Yuvaraj Selvam,Person,PER-0248,Gokul Karuppasamy,Person,Called,0.86,CDR,2025-04-12
PER-0143,Yuvaraj Selvam,Person,PER-0399,Praveen Shankar,Person,Called,0.89,CDR,2025-03-02
PER-0143,Yuvaraj Selvam,Person,PER-0202,Saravanan Palanisamy,Person,Called,0.5,CDR,2025-05-20
PER-0143,Yuvaraj Selvam,Person,PER-0266,Bharath Gopal,Person,Called,0.5,CDR,2026-01-27
PER-0144,Padmini Bai,Person,PER-0297,Karthik Balan,Person,Victim-Suspect,3.0,FIR,02-12-2025
PER-0144,Padmini Bai,Person,PER-0379,Gopal Mani,Person,Reported-Suspect,6.0,FIR,27-05-2026
PER-0144,Padmini Bai,Person,PER-0202,Saravanan Palanisamy,Person,Called,1.08,CDR,2026-06-29
PER-0144,Padmini Bai,Person,PER-0361,Abirami Rani,Person,Called,1.09,CDR,2025-05-06
PER-0144,Padmini Bai,Person,PER-0387,Nandhini Kumari,Person,Called,1.48,CDR,2026-05-25
PER-0144,Padmini Bai,Person,PER-0363,Gunasekar Prakash,Person,Called,2.13,CDR,2025-12-20
PER-0144,Padmini Bai,Person,PER-0307,Deviga Krishnan,Person,Called,1.88,CDR,2025-07-14
PER-0144,Padmini Bai,Person,PER-0284,Kishore Arumugam,Person,Called,2.32,CDR,2025-03-22
PER-0144,Padmini Bai,Person,PER-0172,Arjun Pandian,Person,Called,2.77,CDR,2026-05-17
PER-0144,Padmini Bai,Person,PER-0309,Sathish Ramasamy,Person,Called,2.79,CDR,2025-07-09
PER-0144,Padmini Bai,Person,PER-0337,Jeeva Muthu,Person,Called,0.5,CDR,2025-09-20
PER-0144,Padmini Bai,Person,PER-0168,Mohan Gopal,Person,Called,2.23,CDR,2026-04-30
PER-0144,Padmini Bai,Person,PER-0160,Mohan Natarajan,Person,Called,3.0,CDR,2025-02-12
PER-0144,Padmini Bai,Person,PER-0367,Yogesh Sekar,Person,Called,0.5,CDR,2026-03-27
PER-0144,Padmini Bai,Person,PER-0333,Kishore Chandran,Person,Called,3.0,CDR,2025-12-10
PER-0144,Padmini Bai,Person,PER-0327,Abirami Bai,Person,Called,2.13,CDR,2026-01-07
PER-0144,Padmini Bai,Person,PER-0376,Harish Pandian,Person,Called,2.13,CDR,2025-07-10
PER-0145,Tamilselvi Devi,Person,PER-0203,Karthik Velan,Person,Reported-Suspect,6.0,FIR,08-09-2025
PER-0145,Tamilselvi Devi,Person,PER-0194,Rakesh Gopal,Person,Reported-Suspect,6.0,FIR,13-09-2025
PER-0145,Tamilselvi Devi,Person,PER-0365,Karthik Shankar,Person,Reported-Suspect,6.0,FIR,13-05-2026
PER-0145,Tamilselvi Devi,Person,PER-0355,Ajith Nathan,Person,Reported-Suspect,6.0,FIR,16-06-2026
PER-0145,Tamilselvi Devi,Person,PER-0310,Mathan Balan,Person,Called,0.5,CDR,2025-04-13
PER-0145,Tamilselvi Devi,Person,PER-0300,Logesh Subramani,Person,Called,1.6,CDR,2025-11-22
PER-0145,Tamilselvi Devi,Person,PER-0199,Sudha Rani,Person,Called,1.3,CDR,2026-07-19
PER-0145,Tamilselvi Devi,Person,PER-0207,Murugan Babu,Person,Called,0.5,CDR,2025-10-10
PER-0145,Tamilselvi Devi,Person,PER-0360,Sanjay Palanisamy,Person,Called,3.0,CDR,2026-05-20
PER-0145,Tamilselvi Devi,Person,PER-0186,Gopal Muthu,Person,Called,0.5,CDR,2025-02-05
PER-0145,Tamilselvi Devi,Person,PER-0270,Ravi Gopal,Person,Called,3.0,CDR,2025-12-01
PER-0145,Tamilselvi Devi,Person,PER-0274,Tamilarasan Karuppasamy,Person,Called,2.5,CDR,2026-01-23
PER-0145,Tamilselvi Devi,Person,PER-0260,Bharath Babu,Person,Called,1.37,CDR,2026-07-03
PER-0145,Tamilselvi Devi,Person,PER-0364,Janani Sekar,Person,Called,0.5,CDR,2026-04-01
PER-0145,Tamilselvi Devi,Person,PER-0366,Deepak Muthu,Person,Called,3.0,CDR,2025-05-19
PER-0145,Tamilselvi Devi,Person,PER-0388,Jothi Selvam,Person,Called,1.3,CDR,2025-09-08
PER-0145,Tamilselvi Devi,Person,PER-0241,Malathi Ammal,Person,Called,0.63,CDR,2026-01-22
PER-0145,Tamilselvi Devi,Person,PER-0153,Sathish Kumar,Person,Called,1.19,CDR,2026-02-03
PER-0145,Tamilselvi Devi,Person,PER-0172,Arjun Pandian,Person,Called,0.5,CDR,2025-03-16
PER-0146,Siva Sekar,Person,PER-0247,Elango Shankar,Person,Suspect-Witness,1.5,FIR,07-01-2026
PER-0146,Siva Sekar,Person,PER-0337,Jeeva Muthu,Person,Associate-Witness,1.0,FIR,20-03-2026
PER-0146,Siva Sekar,Person,PER-0384,Naveen Muthu,Person,Associate-Witness,1.0,FIR,19-06-2026
PER-0146,Siva Sekar,Person,PER-0187,Tamilarasan Palanisamy,Person,Called,3.0,CDR,2026-01-10
PER-0146,Siva Sekar,Person,PER-0346,Inban Pandian,Person,Called,1.97,CDR,2026-01-20
PER-0146,Siva Sekar,Person,PER-0322,Kishore Muthu,Person,Called,1.98,CDR,2026-01-09
PER-0146,Siva Sekar,Person,PER-0168,Mohan Gopal,Person,Called,0.5,CDR,2026-07-12
PER-0146,Siva Sekar,Person,PER-0195,Vidhya Ammal,Person,Called,2.77,CDR,2025-02-08
PER-0146,Siva Sekar,Person,PER-0389,Babu Krishnan,Person,Called,1.64,CDR,2026-07-03
PER-0147,Kumaran Prakash,Person,PER-0211,Nithya Selvi,Person,Complainant-Victim,2.0,FIR,17-07-2025
PER-0147,Kumaran Prakash,Person,PER-0288,Kumaran Murugan,Person,Called,0.5,CDR,2025-09-22
PER-0147,Kumaran Prakash,Person,PER-0242,Ganesh Selvam,Person,Called,2.08,CDR,2025-10-14
PER-0147,Kumaran Prakash,Person,PER-0329,Nandha Muthu,Person,Called,3.0,CDR,2025-03-25
PER-0147,Kumaran Prakash,Person,PER-0290,Latha Murugan,Person,Called,1.09,CDR,2025-09-12
PER-0147,Kumaran Prakash,Person,PER-0228,Nandha Natarajan,Person,Called,0.5,CDR,2026-05-11
PER-0147,Kumaran Prakash,Person,PER-0395,Udhay Ramasamy,Person,Called,2.53,CDR,2026-05-08
PER-0147,Kumaran Prakash,Person,PER-0169,Anitha Raj,Person,Called,2.46,CDR,2025-08-25
PER-0147,Kumaran Prakash,Person,PER-0350,Priya Raman,Person,Called,2.48,CDR,2025-12-22
PER-0147,Kumaran Prakash,Person,PER-0293,Babu Balan,Person,Called,3.0,CDR,2025-11-18
PER-0147,Kumaran Prakash,Person,PER-0301,Venkat Pandian,Person,Called,1.48,CDR,2026-02-18
PER-0147,Kumaran Prakash,Person,PER-0239,Sathish Palanisamy,Person,Called,0.5,CDR,2026-03-26
PER-0147,Kumaran Prakash,Person,PER-0264,Gayathri Raman,Person,Called,1.84,CDR,2025-03-06
PER-0147,Kumaran Prakash,Person,PER-0232,Yogesh Raman,Person,Called,1.62,CDR,2026-05-08
PER-0147,Kumaran Prakash,Person,PER-0258,Anand Palanisamy,Person,Called,1.63,CDR,2025-04-16
PER-0148,Kishore Selvam,Person,PER-0249,Vasanthi Selvam,Person,Associate-Witness,1.0,FIR,26-08-2025
PER-0148,Kishore Selvam,Person,PER-0277,Karthik Rajan,Person,Suspect-Witness,1.5,FIR,03-10-2025
PER-0148,Kishore Selvam,Person,PER-0352,Yuvaraj Natarajan,Person,Reported-Suspect,6.0,FIR,16-04-2026
PER-0148,Kishore Selvam,Person,PER-0287,Venkat Prakash,Person,Suspect-Witness,1.5,FIR,23-08-2026
PER-0148,Kishore Selvam,Person,PER-0396,Nithya Devi,Person,Associate-Witness,1.0,FIR,23-08-2026
PER-0148,Kishore Selvam,Person,PER-0279,Rakesh Muthu,Person,Called,3.0,CDR,2026-02-18
PER-0148,Kishore Selvam,Person,PER-0218,Arun Mani,Person,Called,1.54,CDR,2025-06-22
PER-0148,Kishore Selvam,Person,PER-0202,Saravanan Palanisamy,Person,Called,2.44,CDR,2025-11-20
PER-0148,Kishore Selvam,Person,PER-0284,Kishore Arumugam,Person,Called,0.5,CDR,2026-07-15
PER-0148,Kishore Selvam,Person,PER-0383,Jothi Murugan,Person,Called,0.5,CDR,2025-04-21
PER-0148,Kishore Selvam,Person,PER-0373,Anand Muthu,Person,Called,2.83,CDR,2025-04-02
PER-0148,Kishore Selvam,Person,PER-0350,Priya Raman,Person,Called,2.06,CDR,2026-04-17
PER-0148,Kishore Selvam,Person,PER-0266,Bharath Gopal,Person,Called,1.82,CDR,2025-09-01
PER-0148,Kishore Selvam,Person,PER-0234,Siva Velan,Person,Called,0.5,CDR,2025-10-07
PER-0148,Kishore Selvam,Person,PER-0392,Buvaneswari Devi,Person,Called,2.17,CDR,2026-03-14
PER-0148,Kishore Selvam,Person,PER-0347,Bharath Balan,Person,Called,3.0,CDR,2025-03-26
PER-0148,Kishore Selvam,Person,PER-0333,Kishore Chandran,Person,Called,0.5,CDR,2025-11-02
PER-0148,Kishore Selvam,Person,PER-0344,Malathi Bai,Person,Called,3.0,CDR,2026-06-06
PER-0148,Kishore Selvam,Person,PER-0269,Selvam Natarajan,Person,Called,1.55,CDR,2026-05-09
PER-0148,Kishore Selvam,Person,PER-0342,Manoj Sekar,Person,Called,0.77,CDR,2025-05-18
PER-0149,Deviga Devi,Person,PER-0363,Gunasekar Prakash,Person,Complainant-Victim,2.0,FIR,08-04-2026
PER-0149,Deviga Devi,Person,PER-0234,Siva Velan,Person,Called,0.5,CDR,2025-07-05
PER-0149,Deviga Devi,Person,PER-0294,Chithra Ammal,Person,Called,2.79,CDR,2026-02-09
PER-0149,Deviga Devi,Person,PER-0215,Arjun Karuppasamy,Person,Called,0.85,CDR,2026-05-24
PER-0149,Deviga Devi,Person,PER-0161,Rajeshwari Ammal,Person,Called,0.5,CDR,2026-08-01
PER-0149,Deviga Devi,Person,PER-0264,Gayathri Raman,Person,Called,1.9,CDR,2026-04-04
PER-0149,Deviga Devi,Person,PER-0192,Dinesh Raj,Person,Called,0.5,CDR,2025-08-25
PER-0149,Deviga Devi,Person,PER-0200,Dharani Shankar,Person,Called,1.93,CDR,2025-04-24
PER-0149,Deviga Devi,Person,PER-0157,Ganesh Natarajan,Person,Called,0.5,CDR,2025-10-16
PER-0149,Deviga Devi,Person,PER-0365,Karthik Shankar,Person,Called,0.99,CDR,2025-01-11
PER-0149,Deviga Devi,Person,PER-0196,Kannan Thangaraj,Person,Called,0.5,CDR,2026-06-15
PER-0149,Deviga Devi,Person,PER-0177,Inban Balan,Person,Called,0.5,CDR,2026-05-08
PER-0149,Deviga Devi,Person,PER-0187,Tamilarasan Palanisamy,Person,Called,1.22,CDR,2025-03-19
PER-0149,Deviga Devi,Person,PER-0401,Harini Selvam,Person,Called,0.61,CDR,2025-05-23
PER-0149,Deviga Devi,Person,PER-0368,Gokul Babu,Person,Called,1.58,CDR,2025-05-22
PER-0150,Pavithra Kannan,Person,PER-0257,Geetha Kumari,Person,Called,0.5,CDR,2026-02-17
PER-0150,Pavithra Kannan,Person,PER-0234,Siva Velan,Person,Called,2.08,CDR,2026-04-16
PER-0150,Pavithra Kannan,Person,PER-0341,Madhan Nathan,Person,Called,1.94,CDR,2026-04-13
PER-0150,Pavithra Kannan,Person,PER-0394,Hemanth Nathan,Person,Called,2.83,CDR,2026-02-01
PER-0150,Pavithra Kannan,Person,PER-0249,Vasanthi Selvam,Person,Called,0.5,CDR,2025-03-05
PER-0150,Pavithra Kannan,Person,PER-0168,Mohan Gopal,Person,Called,0.5,CDR,2025-01-02
PER-0150,Pavithra Kannan,Person,PER-0185,Jagan Sekar,Person,Called,3.0,CDR,2026-04-28
PER-0150,Pavithra Kannan,Person,PER-0157,Ganesh Natarajan,Person,Called,3.0,CDR,2025-09-15
PER-0150,Pavithra Kannan,Person,PER-0192,Dinesh Raj,Person,Called,2.13,CDR,2026-07-16
PER-0150,Pavithra Kannan,Person,PER-0349,Padmini Rani,Person,Called,0.5,CDR,2025-06-05
PER-0150,Pavithra Kannan,Person,PER-0283,Nandhini Selvi,Person,Called,0.5,CDR,2025-09-04
PER-0150,Pavithra Kannan,Person,PER-0267,Siva Selvam,Person,Called,0.5,CDR,2026-03-25
PER-0150,Pavithra Kannan,Person,PER-0280,Sanjay Gopal,Person,Called,0.89,CDR,2026-07-26
PER-0150,Pavithra Kannan,Person,PER-0174,Vasanth Raman,Person,Called,0.5,CDR,2026-02-16
PER-0151,Dharani Gopal,Person,PER-0239,Sathish Palanisamy,Person,Called,3.0,CDR,2025-07-20
PER-0151,Dharani Gopal,Person,PER-0245,Senthil Prakash,Person,Called,0.5,CDR,2025-01-28
PER-0151,Dharani Gopal,Person,PER-0168,Mohan Gopal,Person,Called,2.35,CDR,2026-03-05
PER-0151,Dharani Gopal,Person,PER-0185,Jagan Sekar,Person,Called,2.52,CDR,2025-01-02
PER-0151,Dharani Gopal,Person,PER-0226,Buvaneswari Sri,Person,Called,2.76,CDR,2025-08-15
PER-0151,Dharani Gopal,Person,PER-0241,Malathi Ammal,Person,Called,0.5,CDR,2026-06-09
PER-0151,Dharani Gopal,Person,PER-0190,Dharani Thangaraj,Person,Called,2.19,CDR,2026-02-03
PER-0151,Dharani Gopal,Person,PER-0328,Latha Selvi,Person,Called,0.94,CDR,2025-02-25
PER-0151,Dharani Gopal,Person,PER-0397,Buvaneswari Rani,Person,Called,1.75,CDR,2025-01-05
PER-0151,Dharani Gopal,Person,PER-0163,Rakesh Krishnan,Person,Called,1.77,CDR,2025-08-11
PER-0151,Dharani Gopal,Person,PER-0170,Janani Devi,Person,Called,0.5,CDR,2025-05-10
PER-0151,Dharani Gopal,Person,PER-0195,Vidhya Ammal,Person,Called,2.97,CDR,2025-07-21
PER-0151,Dharani Gopal,Person,PER-0218,Arun Mani,Person,Called,3.0,CDR,2025-06-14
PER-0151,Dharani Gopal,Person,PER-0265,Harini Sri,Person,Called,0.67,CDR,2026-04-19
PER-0151,Dharani Gopal,Person,PER-0307,Deviga Krishnan,Person,Called,0.5,CDR,2026-03-16
PER-0151,Dharani Gopal,Person,PER-0388,Jothi Selvam,Person,Called,3.0,CDR,2025-11-09
PER-0152,Pavithra Bai,Person,PER-0206,Mathan Velan,Person,Reported-Suspect,6.0,FIR,05-10-2025
PER-0152,Pavithra Bai,Person,PER-0207,Murugan Babu,Person,Called,1.64,CDR,2025-07-12
PER-0152,Pavithra Bai,Person,PER-0258,Anand Palanisamy,Person,Called,1.16,CDR,2026-02-26
PER-0152,Pavithra Bai,Person,PER-0231,Indhu Murugan,Person,Called,1.43,CDR,2025-09-28
PER-0152,Pavithra Bai,Person,PER-0401,Harini Selvam,Person,Called,0.5,CDR,2025-06-02
PER-0152,Pavithra Bai,Person,PER-0246,Kishore Pandian,Person,Called,0.62,CDR,2026-07-14
PER-0152,Pavithra Bai,Person,PER-0349,Padmini Rani,Person,Called,3.0,CDR,2025-06-25
PER-0152,Pavithra Bai,Person,PER-0280,Sanjay Gopal,Person,Called,0.91,CDR,2026-03-20
PER-0152,Pavithra Bai,Person,PER-0161,Rajeshwari Ammal,Person,Called,3.0,CDR,2025-05-05
PER-0152,Pavithra Bai,Person,PER-0344,Malathi Bai,Person,Called,0.5,CDR,2025-07-10
PER-0152,Pavithra Bai,Person,PER-0154,Bharathi Raj,Person,Called,2.53,CDR,2025-09-08
PER-0152,Pavithra Bai,Person,PER-0368,Gokul Babu,Person,Called,0.5,CDR,2025-08-13
PER-0153,Sathish Kumar,Person,PER-0164,Malathi Selvi,Person,Called,2.29,CDR,2026-05-31
PER-0153,Sathish Kumar,Person,PER-0245,Senthil Prakash,Person,Called,0.9,CDR,2025-03-13
PER-0153,Sathish Kumar,Person,PER-0246,Kishore Pandian,Person,Called,1.35,CDR,2026-05-24
PER-0153,Sathish Kumar,Person,PER-0336,Inban Palanisamy,Person,Called,0.5,CDR,2025-08-31
PER-0153,Sathish Kumar,Person,PER-0273,Lakshmi Raman,Person,Called,2.64,CDR,2025-12-10
PER-0153,Sathish Kumar,Person,PER-0166,Yogesh Balan,Person,Called,3.0,CDR,2026-02-24
PER-0153,Sathish Kumar,Person,PER-0274,Tamilarasan Karuppasamy,Person,Called,1.69,CDR,2025-12-30
PER-0153,Sathish Kumar,Person,PER-0177,Inban Balan,Person,Called,1.23,CDR,2025-08-29
PER-0153,Sathish Kumar,Person,PER-0339,Revathi Bai,Person,Called,1.3,CDR,2025-03-21
PER-0153,Sathish Kumar,Person,PER-0233,Sanjay Prakash,Person,Called,2.44,CDR,2025-01-10
PER-0153,Sathish Kumar,Person,PER-0400,Hemanth Krishnan,Person,Called,2.77,CDR,2025-09-21
PER-0153,Sathish Kumar,Person,PER-0234,Siva Velan,Person,Called,0.66,CDR,2025-04-22
PER-0154,Bharathi Raj,Person,PER-0215,Arjun Karuppasamy,Person,Called,1.92,CDR,2025-07-12
PER-0154,Bharathi Raj,Person,PER-0364,Janani Sekar,Person,Called,0.6,CDR,2025-09-20
PER-0154,Bharathi Raj,Person,PER-0319,Babu Murugan,Person,Called,1.17,CDR,2026-03-08
PER-0154,Bharathi Raj,Person,PER-0296,Praveen Raman,Person,Called,2.91,CDR,2026-04-03
PER-0155,Hariharan Ramasamy,Person,PER-0322,Kishore Muthu,Person,Called,1.87,CDR,2026-04-24
PER-0155,Hariharan Ramasamy,Person,PER-0396,Nithya Devi,Person,Called,0.5,CDR,2025-12-21
PER-0155,Hariharan Ramasamy,Person,PER-0202,Saravanan Palanisamy,Person,Called,0.5,CDR,2026-05-28
PER-0155,Hariharan Ramasamy,Person,PER-0335,Jeeva Krishnan,Person,Called,0.5,CDR,2025-06-22
PER-0155,Hariharan Ramasamy,Person,PER-0390,Vidhya Sri,Person,Called,0.93,CDR,2025-10-26
PER-0155,Hariharan Ramasamy,Person,PER-0274,Tamilarasan Karuppasamy,Person,Called,0.5,CDR,2025-05-30
PER-0155,Hariharan Ramasamy,Person,PER-0216,Kalaiselvi Raman,Person,Called,2.68,CDR,2025-08-06
PER-0156,Kumaran Anand,Person,PER-0393,Vidhya Bai,Person,Called,2.28,CDR,2026-04-07
PER-0156,Kumaran Anand,Person,PER-0201,Praveen Kumar,Person,Called,0.74,CDR,2025-12-16
PER-0156,Kumaran Anand,Person,PER-0291,Mythili Murugan,Person,Called,0.5,CDR,2025-06-04
PER-0156,Kumaran Anand,Person,PER-0315,Chithra Raman,Person,Called,0.5,CDR,2025-04-09
PER-0156,Kumaran Anand,Person,PER-0312,Deepa Devi,Person,Called,0.5,CDR,2026-04-14
PER-0156,Kumaran Anand,Person,PER-0215,Arjun Karuppasamy,Person,Called,0.94,CDR,2026-05-27
PER-0156,Kumaran Anand,Person,PER-0178,Saravanan Anand,Person,Called,3.0,CDR,2026-07-24
PER-0156,Kumaran Anand,Person,PER-0257,Geetha Kumari,Person,Called,3.0,CDR,2026-02-21
PER-0156,Kumaran Anand,Person,PER-0237,Saravanan Murugan,Person,Called,0.97,CDR,2025-09-08
PER-0157,Ganesh Natarajan,Person,PER-0158,Divya Kumari,Person,Complainant-Victim,2.0,FIR,21-05-2025
PER-0157,Ganesh Natarajan,Person,PER-0213,Hariharan Prakash,Person,Reported-Suspect,6.0,FIR,19-07-2025
PER-0157,Ganesh Natarajan,Person,PER-0285,Saravanan Gopal,Person,Called,1.65,CDR,2025-06-14
PER-0157,Ganesh Natarajan,Person,PER-0187,Tamilarasan Palanisamy,Person,Called,1.52,CDR,2025-02-02
PER-0157,Ganesh Natarajan,Person,PER-0353,Divya Sekar,Person,Called,0.5,CDR,2025-12-03
PER-0157,Ganesh Natarajan,Person,PER-0361,Abirami Rani,Person,Called,0.5,CDR,2026-07-23
PER-0157,Ganesh Natarajan,Person,PER-0244,Thirumal Velan,Person,Called,2.45,CDR,2026-04-24
PER-0157,Ganesh Natarajan,Person,PER-0306,Dharani Selvam,Person,Called,3.0,CDR,2025-03-28
PER-0157,Ganesh Natarajan,Person,PER-0233,Sanjay Prakash,Person,Called,0.94,CDR,2025-06-30
PER-0157,Ganesh Natarajan,Person,PER-0342,Manoj Sekar,Person,Called,0.5,CDR,2025-12-24
PER-0157,Ganesh Natarajan,Person,PER-0202,Saravanan Palanisamy,Person,Called,1.28,CDR,2025-03-31
PER-0157,Ganesh Natarajan,Person,PER-0241,Malathi Ammal,Person,Called,1.0,CDR,2025-09-30
PER-0157,Ganesh Natarajan,Person,PER-0326,Gopal Balan,Person,Called,0.5,CDR,2025-03-03
PER-0158,Divya Kumari,Person,PER-0278,Lavanya Raj,Person,Called,3.0,CDR,2025-02-27
PER-0158,Divya Kumari,Person,PER-0196,Kannan Thangaraj,Person,Called,2.23,CDR,2025-06-29
PER-0158,Divya Kumari,Person,PER-0335,Jeeva Krishnan,Person,Called,0.5,CDR,2025-09-28
PER-0158,Divya Kumari,Person,PER-0210,Harish Mani,Person,Called,0.5,CDR,2025-08-06
PER-0158,Divya Kumari,Person,PER-0211,Nithya Selvi,Person,Called,2.47,CDR,2025-09-27
PER-0159,Divya Murugan,Person,PER-0355,Ajith Nathan,Person,Suspect-Associate,3.5,FIR,24-05-2026
PER-0159,Divya Murugan,Person,PER-0255,Kalaiselvi Devi,Person,Called,0.5,CDR,2025-12-27
PER-0159,Divya Murugan,Person,PER-0283,Nandhini Selvi,Person,Called,3.0,CDR,2025-10-07
PER-0159,Divya Murugan,Person,PER-0253,Harish Murugan,Person,Called,0.59,CDR,2026-07-05
PER-0160,Mohan Natarajan,Person,PER-0285,Saravanan Gopal,Person,Called,2.72,CDR,2026-06-19
PER-0160,Mohan Natarajan,Person,PER-0353,Divya Sekar,Person,Called,0.5,CDR,2026-07-28
PER-0160,Mohan Natarajan,Person,PER-0196,Kannan Thangaraj,Person,Called,0.5,CDR,2026-03-04
PER-0160,Mohan Natarajan,Person,PER-0272,Divya Devi,Person,Called,0.5,CDR,2025-08-28
PER-0160,Mohan Natarajan,Person,PER-0360,Sanjay Palanisamy,Person,Called,3.0,CDR,2026-05-28
PER-0160,Mohan Natarajan,Person,PER-0368,Gokul Babu,Person,Called,1.05,CDR,2026-06-17
PER-0160,Mohan Natarajan,Person,PER-0174,Vasanth Raman,Person,Called,3.0,CDR,2025-05-22
PER-0160,Mohan Natarajan,Person,PER-0372,Amudha Sri,Person,Called,0.5,CDR,2025-01-31
PER-0160,Mohan Natarajan,Person,PER-0326,Gopal Balan,Person,Called,3.0,CDR,2026-07-14
PER-0160,Mohan Natarajan,Person,PER-0235,Nithin Subramani,Person,Called,2.35,CDR,2026-06-26
PER-0160,Mohan Natarajan,Person,PER-0246,Kishore Pandian,Person,Called,2.1,CDR,2026-03-19
PER-0160,Mohan Natarajan,Person,PER-0234,Siva Velan,Person,Called,2.04,CDR,2025-03-06
PER-0161,Rajeshwari Ammal,Person,PER-0162,Karthik Thangaraj,Person,Reported-Suspect,6.0,FIR,13-05-2025
PER-0161,Rajeshwari Ammal,Person,PER-0284,Kishore Arumugam,Person,Reported-Suspect,6.0,FIR,18-10-2025
PER-0161,Rajeshwari Ammal,Person,PER-0213,Hariharan Prakash,Person,Reported-Suspect,6.0,FIR,11-06-2026
PER-0161,Rajeshwari Ammal,Person,PER-0205,Ajith Sekar,Person,Called,1.41,CDR,2025-06-03
PER-0161,Rajeshwari Ammal,Person,PER-0368,Gokul Babu,Person,Called,1.81,CDR,2025-06-24
PER-0161,Rajeshwari Ammal,Person,PER-0335,Jeeva Krishnan,Person,Called,0.58,CDR,2025-05-10
PER-0161,Rajeshwari Ammal,Person,PER-0349,Padmini Rani,Person,Called,0.68,CDR,2025-02-01
PER-0161,Rajeshwari Ammal,Person,PER-0281,Ganesh Subramani,Person,Called,1.35,CDR,2025-03-30
PER-0161,Rajeshwari Ammal,Person,PER-0188,Meena Bai,Person,Called,0.5,CDR,2026-04-27
PER-0161,Rajeshwari Ammal,Person,PER-0342,Manoj Sekar,Person,Called,0.5,CDR,2026-03-28
PER-0161,Rajeshwari Ammal,Person,PER-0283,Nandhini Selvi,Person,Called,0.5,CDR,2025-05-26
PER-0161,Rajeshwari Ammal,Person,PER-0199,Sudha Rani,Person,Called,1.93,CDR,2025-10-02
PER-0162,Karthik Thangaraj,Person,PER-0176,Jagan Shankar,Person,Reported-Suspect,6.0,FIR,14-06-2025
PER-0162,Karthik Thangaraj,Person,PER-0237,Saravanan Murugan,Person,Reported-Suspect,6.0,FIR,12-08-2025
PER-0162,Karthik Thangaraj,Person,PER-0168,Mohan Gopal,Person,Called,1.0,CDR,2025-10-18
PER-0162,Karthik Thangaraj,Person,PER-0212,Rajesh Karuppasamy,Person,Called,1.89,CDR,2025-10-21
PER-0162,Karthik Thangaraj,Person,PER-0298,Suresh Selvam,Person,Called,0.82,CDR,2025-10-21
PER-0162,Karthik Thangaraj,Person,PER-0211,Nithya Selvi,Person,Called,3.0,CDR,2025-05-29
PER-0163,Rakesh Krishnan,Person,PER-0358,Venkat Kumar,Person,Complainant-Victim,2.0,FIR,12-05-2026
PER-0163,Rakesh Krishnan,Person,PER-0383,Jothi Murugan,Person,Called,1.14,CDR,2026-03-27
PER-0163,Rakesh Krishnan,Person,PER-0273,Lakshmi Raman,Person,Called,0.5,CDR,2025-02-16
PER-0163,Rakesh Krishnan,Person,PER-0369,Hemanth Arumugam,Person,Called,2.4,CDR,2026-06-15
PER-0163,Rakesh Krishnan,Person,PER-0177,Inban Balan,Person,Called,0.5,CDR,2026-06-29
PER-0163,Rakesh Krishnan,Person,PER-0394,Hemanth Nathan,Person,Called,0.7,CDR,2025-05-07
PER-0163,Rakesh Krishnan,Person,PER-0173,Manoj Karuppasamy,Person,Called,0.5,CDR,2025-01-23
PER-0163,Rakesh Krishnan,Person,PER-0220,Vijay Rajan,Person,Called,3.0,CDR,2025-08-30
PER-0163,Rakesh Krishnan,Person,PER-0225,Lakshmi Krishnan,Person,Called,2.72,CDR,2026-05-14
PER-0163,Rakesh Krishnan,Person,PER-0226,Buvaneswari Sri,Person,Called,0.5,CDR,2025-07-20
PER-0163,Rakesh Krishnan,Person,PER-0350,Priya Raman,Person,Called,0.94,CDR,2026-03-15
PER-0163,Rakesh Krishnan,Person,PER-0379,Gopal Mani,Person,Called,4.38,CDR,2026-02-22
PER-0163,Rakesh Krishnan,Person,PER-0289,Bhuvana Raman,Person,Called,0.5,CDR,2025-03-12
PER-0163,Rakesh Krishnan,Person,PER-0276,Harish Subramani,Person,Called,0.5,CDR,2025-09-05
PER-0164,Malathi Selvi,Person,PER-0209,Kishore Murugan,Person,Complainant-Victim,2.0,FIR,11-09-2025
PER-0164,Malathi Selvi,Person,PER-0401,Harini Selvam,Person,Called,0.63,CDR,2025-03-14
PER-0164,Malathi Selvi,Person,PER-0269,Selvam Natarajan,Person,Called,0.5,CDR,2026-05-17
PER-0164,Malathi Selvi,Person,PER-0245,Senthil Prakash,Person,Called,0.5,CDR,2025-03-16
PER-0164,Malathi Selvi,Person,PER-0237,Saravanan Murugan,Person,Called,0.5,CDR,2026-04-01
PER-0164,Malathi Selvi,Person,PER-0225,Lakshmi Krishnan,Person,Called,0.5,CDR,2025-06-06
PER-0164,Malathi Selvi,Person,PER-0252,Kalaiselvi Sri,Person,Called,1.15,CDR,2025-11-02
PER-0164,Malathi Selvi,Person,PER-0307,Deviga Krishnan,Person,Called,1.9,CDR,2025-05-08
PER-0164,Malathi Selvi,Person,PER-0317,Chithra Devi,Person,Called,0.5,CDR,2025-09-06
PER-0164,Malathi Selvi,Person,PER-0363,Gunasekar Prakash,Person,Called,2.6,CDR,2025-04-28
PER-0165,Rajesh Rajan,Person,PER-0184,Prakash Muthu,Person,Reported-Suspect,6.0,FIR,12-08-2025
PER-0165,Rajesh Rajan,Person,PER-0212,Rajesh Karuppasamy,Person,Reported-Suspect,6.0,FIR,07-10-2025
PER-0165,Rajesh Rajan,Person,PER-0306,Dharani Selvam,Person,Suspect-Witness,2.16,FIR,17-01-2026
PER-0165,Rajesh Rajan,Person,PER-0379,Gopal Mani,Person,Suspect-Witness,1.5,FIR,17-06-2026
PER-0165,Rajesh Rajan,Person,PER-0293,Babu Balan,Person,Called,2.38,CDR,2025-03-04
PER-0165,Rajesh Rajan,Person,PER-0260,Bharath Babu,Person,Called,0.92,CDR,2026-02-27
PER-0165,Rajesh Rajan,Person,PER-0265,Harini Sri,Person,Called,2.89,CDR,2026-01-07
PER-0165,Rajesh Rajan,Person,PER-0394,Hemanth Nathan,Person,Called,0.5,CDR,2025-12-12
PER-0165,Rajesh Rajan,Person,PER-0341,Madhan Nathan,Person,Called,0.5,CDR,2026-04-29
PER-0165,Rajesh Rajan,Person,PER-0339,Revathi Bai,Person,Called,2.34,CDR,2026-02-04
PER-0165,Rajesh Rajan,Person,PER-0320,Kavitha Devi,Person,Called,1.16,CDR,2025-01-03
PER-0165,Rajesh Rajan,Person,PER-0315,Chithra Raman,Person,Called,0.7,CDR,2026-01-19
PER-0165,Rajesh Rajan,Person,PER-0376,Harish Pandian,Person,Called,0.5,CDR,2026-07-20
PER-0165,Rajesh Rajan,Person,PER-0219,Kishore Krishnan,Person,Called,1.02,CDR,2026-05-08
PER-0165,Rajesh Rajan,Person,PER-0336,Inban Palanisamy,Person,Called,0.5,CDR,2025-11-28
PER-0165,Rajesh Rajan,Person,PER-0386,Bharathi Sri,Person,Called,1.02,CDR,2026-02-25
PER-0166,Yogesh Balan,Person,PER-0330,Indhu Sri,Person,Called,0.5,CDR,2026-07-28
PER-0166,Yogesh Balan,Person,PER-0218,Arun Mani,Person,Called,0.5,CDR,2026-05-14
PER-0166,Yogesh Balan,Person,PER-0367,Yogesh Sekar,Person,Called,1.87,CDR,2026-03-21
PER-0166,Yogesh Balan,Person,PER-0232,Yogesh Raman,Person,Called,2.16,CDR,2026-04-23
PER-0166,Yogesh Balan,Person,PER-0311,Meena Krishnan,Person,Called,0.5,CDR,2025-02-21
PER-0166,Yogesh Balan,Person,PER-0366,Deepak Muthu,Person,Called,0.5,CDR,2025-10-01
PER-0166,Yogesh Balan,Person,PER-0377,Selvam Babu,Person,Called,2.37,CDR,2025-03-05
PER-0166,Yogesh Balan,Person,PER-0176,Jagan Shankar,Person,Called,0.5,CDR,2025-05-11
PER-0166,Yogesh Balan,Person,PER-0185,Jagan Sekar,Person,Called,0.5,CDR,2026-01-20
PER-0166,Yogesh Balan,Person,PER-0338,Madhan Rajan,Person,Called,0.55,CDR,2025-12-01
PER-0166,Yogesh Balan,Person,PER-0303,Yogesh Gopal,Person,Called,0.5,CDR,2025-03-24
PER-0166,Yogesh Balan,Person,PER-0177,Inban Balan,Person,Called,0.5,CDR,2026-01-31
PER-0166,Yogesh Balan,Person,PER-0332,Vasanthi Ammal,Person,Called,3.0,CDR,2025-08-12
PER-0166,Yogesh Balan,Person,PER-0234,Siva Velan,Person,Called,3.0,CDR,2026-03-20
PER-0166,Yogesh Balan,Person,PER-0350,Priya Raman,Person,Called,0.5,CDR,2025-07-24
PER-0167,Saravanan Selvam,Person,PER-0344,Malathi Bai,Person,Called,1.76,CDR,2025-05-20
PER-0167,Saravanan Selvam,Person,PER-0375,Inban Babu,Person,Called,3.0,CDR,2025-07-15
PER-0167,Saravanan Selvam,Person,PER-0400,Hemanth Krishnan,Person,Called,2.11,CDR,2026-05-17
PER-0167,Saravanan Selvam,Person,PER-0255,Kalaiselvi Devi,Person,Called,2.91,CDR,2026-04-21
PER-0167,Saravanan Selvam,Person,PER-0328,Latha Selvi,Person,Called,1.8,CDR,2025-09-26
PER-0167,Saravanan Selvam,Person,PER-0189,Deepak Subramani,Person,Called,0.5,CDR,2025-07-03
PER-0167,Saravanan Selvam,Person,PER-0345,Sanjay Anand,Person,Called,1.81,CDR,2025-06-08
PER-0167,Saravanan Selvam,Person,PER-0380,Eswari Sri,Person,Called,2.24,CDR,2026-06-13
PER-0167,Saravanan Selvam,Person,PER-0353,Divya Sekar,Person,Called,0.5,CDR,2025-08-25
PER-0167,Saravanan Selvam,Person,PER-0188,Meena Bai,Person,Called,1.99,CDR,2025-09-23
PER-0167,Saravanan Selvam,Person,PER-0284,Kishore Arumugam,Person,Called,0.6,CDR,2026-04-21
PER-0168,Mohan Gopal,Person,PER-0169,Anitha Raj,Person,Complainant-Victim,2.0,FIR,09-06-2025
PER-0168,Mohan Gopal,Person,PER-0170,Janani Devi,Person,Reported-Suspect,3.0,FIR,09-06-2025
PER-0168,Mohan Gopal,Person,PER-0238,Nithya Murugan,Person,Complainant-Victim,2.0,FIR,12-08-2025
PER-0168,Mohan Gopal,Person,PER-0188,Meena Bai,Person,Called,3.0,CDR,2025-02-22
PER-0168,Mohan Gopal,Person,PER-0180,Sangeetha Sri,Person,Called,0.5,CDR,2026-03-30
PER-0168,Mohan Gopal,Person,PER-0274,Tamilarasan Karuppasamy,Person,Called,2.42,CDR,2025-05-05
PER-0168,Mohan Gopal,Person,PER-0393,Vidhya Bai,Person,Called,2.86,CDR,2025-09-07
PER-0168,Mohan Gopal,Person,PER-0312,Deepa Devi,Person,Called,0.5,CDR,2025-05-04
PER-0168,Mohan Gopal,Person,PER-0223,Gunasekar Murugan,Person,Called,0.81,CDR,2025-01-05
PER-0168,Mohan Gopal,Person,PER-0338,Madhan Rajan,Person,Called,2.82,CDR,2025-08-25
PER-0168,Mohan Gopal,Person,PER-0371,Bhuvana Kannan,Person,Called,0.5,CDR,2025-05-27
PER-0168,Mohan Gopal,Person,PER-0171,Arun Selvam,Person,Called,3.0,CDR,2026-05-28
PER-0168,Mohan Gopal,Person,PER-0372,Amudha Sri,Person,Called,1.44,CDR,2025-01-23
PER-0168,Mohan Gopal,Person,PER-0213,Hariharan Prakash,Person,Called,0.5,CDR,2026-01-06
PER-0168,Mohan Gopal,Person,PER-0318,Harish Anand,Person,Called,3.0,CDR,2025-11-23
PER-0168,Mohan Gopal,Person,PER-0186,Gopal Muthu,Person,Called,3.0,CDR,2026-05-18
PER-0169,Anitha Raj,Person,PER-0170,Janani Devi,Person,Victim-Suspect,3.0,FIR,09-06-2025
PER-0169,Anitha Raj,Person,PER-0206,Mathan Velan,Person,Reported-Suspect,6.0,FIR,24-08-2025
PER-0169,Anitha Raj,Person,PER-0217,Sathish Subramani,Person,Reported-Suspect,6.0,FIR,08-09-2025
PER-0169,Anitha Raj,Person,PER-0226,Buvaneswari Sri,Person,Complainant-Victim,2.0,FIR,17-04-2026
PER-0169,Anitha Raj,Person,PER-0196,Kannan Thangaraj,Person,Called,1.31,CDR,2026-06-08
PER-0169,Anitha Raj,Person,PER-0241,Malathi Ammal,Person,Called,0.58,CDR,2025-10-06
PER-0169,Anitha Raj,Person,PER-0205,Ajith Sekar,Person,Called,1.74,CDR,2026-03-07
PER-0169,Anitha Raj,Person,PER-0257,Geetha Kumari,Person,Called,1.0,CDR,2026-01-19
PER-0169,Anitha Raj,Person,PER-0322,Kishore Muthu,Person,Called,0.5,CDR,2025-06-20
PER-0169,Anitha Raj,Person,PER-0187,Tamilarasan Palanisamy,Person,Called,2.26,CDR,2025-11-05
PER-0169,Anitha Raj,Person,PER-0254,Tamilarasan Selvam,Person,Called,0.5,CDR,2025-07-26
PER-0169,Anitha Raj,Person,PER-0375,Inban Babu,Person,Called,0.8,CDR,2026-06-19
PER-0169,Anitha Raj,Person,PER-0342,Manoj Sekar,Person,Called,2.3,CDR,2025-09-12
PER-0169,Anitha Raj,Person,PER-0193,Vignesh Thangaraj,Person,Called,0.5,CDR,2026-06-17
PER-0169,Anitha Raj,Person,PER-0216,Kalaiselvi Raman,Person,Called,1.45,CDR,2025-04-07
PER-0169,Anitha Raj,Person,PER-0180,Sangeetha Sri,Person,Called,0.82,CDR,2026-07-02
PER-0169,Anitha Raj,Person,PER-0368,Gokul Babu,Person,Called,0.85,CDR,2026-01-21
PER-0169,Anitha Raj,Person,PER-0349,Padmini Rani,Person,Called,1.69,CDR,2026-01-25
PER-0169,Anitha Raj,Person,PER-0317,Chithra Devi,Person,Called,0.5,CDR,2025-01-31
PER-0170,Janani Devi,Person,PER-0171,Arun Selvam,Person,Suspect-Associate,3.5,FIR,09-06-2025
PER-0170,Janani Devi,Person,VEH-0023,Tn-28-Zz-1077,Vehicle,Used-Vehicle,2.0,FIR,09-06-2025
PER-0170,Janani Devi,Person,PER-0260,Bharath Babu,Person,Called,0.5,CDR,2025-08-08
PER-0170,Janani Devi,Person,PER-0322,Kishore Muthu,Person,Called,0.5,CDR,2025-11-20
PER-0170,Janani Devi,Person,PER-0291,Mythili Murugan,Person,Called,0.5,CDR,2026-03-15
PER-0170,Janani Devi,Person,PER-0315,Chithra Raman,Person,Called,0.5,CDR,2025-08-12
PER-0170,Janani Devi,Person,PER-0183,Venkat Palanisamy,Person,Called,1.01,CDR,2026-03-01
PER-0170,Janani Devi,Person,PER-0379,Gopal Mani,Person,Called,1.07,CDR,2025-03-19
PER-0171,Arun Selvam,Person,VEH-0023,Tn-28-Zz-1077,Vehicle,Used-Vehicle,1.5,FIR,09-06-2025
PER-0171,Arun Selvam,Person,VEH-0034,Tn-58-Yy-1085,Vehicle,Used-Vehicle,1.5,FIR,21-10-2025
PER-0171,Arun Selvam,Person,PER-0251,Kishore Velan,Person,Called,2.79,CDR,2025-03-05
PER-0171,Arun Selvam,Person,PER-0253,Harish Murugan,Person,Called,0.5,CDR,2025-01-06
PER-0171,Arun Selvam,Person,PER-0252,Kalaiselvi Sri,Person,Called,2.64,CDR,2025-02-13
PER-0171,Arun Selvam,Person,PER-0369,Hemanth Arumugam,Person,Called,3.0,CDR,2025-12-20
PER-0172,Arjun Pandian,Person,PER-0244,Thirumal Velan,Person,Reported-Suspect,6.0,FIR,22-02-2026
PER-0172,Arjun Pandian,Person,PER-0398,Sanjay Shankar,Person,Reported-Suspect,6.0,FIR,25-08-2026
PER-0172,Arjun Pandian,Person,PER-0370,Kavitha Sri,Person,Called,2.49,CDR,2025-11-11
PER-0172,Arjun Pandian,Person,PER-0205,Ajith Sekar,Person,Called,1.55,CDR,2025-04-17
PER-0172,Arjun Pandian,Person,PER-0254,Tamilarasan Selvam,Person,Called,2.07,CDR,2025-08-01
PER-0172,Arjun Pandian,Person,PER-0255,Kalaiselvi Devi,Person,Called,0.5,CDR,2025-04-01
PER-0172,Arjun Pandian,Person,PER-0319,Babu Murugan,Person,Called,0.5,CDR,2025-04-10
PER-0172,Arjun Pandian,Person,PER-0304,Uma Bai,Person,Called,3.0,CDR,2026-04-04
PER-0172,Arjun Pandian,Person,PER-0251,Kishore Velan,Person,Called,0.5,CDR,2026-03-19
PER-0172,Arjun Pandian,Person,PER-0273,Lakshmi Raman,Person,Called,2.83,CDR,2025-01-07
PER-0172,Arjun Pandian,Person,PER-0270,Ravi Gopal,Person,Called,0.5,CDR,2025-04-23
PER-0172,Arjun Pandian,Person,PER-0253,Harish Murugan,Person,Called,1.28,CDR,2025-05-26
PER-0172,Arjun Pandian,Person,PER-0301,Venkat Pandian,Person,Called,0.5,CDR,2026-07-31
PER-0172,Arjun Pandian,Person,PER-0286,Gopal Gopal,Person,Called,3.0,CDR,2026-05-14
PER-0172,Arjun Pandian,Person,PER-0258,Anand Palanisamy,Person,Called,0.5,CDR,2025-05-28
PER-0173,Manoj Karuppasamy,Person,PER-0175,Sathish Sundaram,Person,Suspect-Witness,1.5,FIR,25-07-2025
PER-0173,Manoj Karuppasamy,Person,PER-0183,Venkat Palanisamy,Person,Suspect-Witness,1.5,FIR,27-09-2025
PER-0173,Manoj Karuppasamy,Person,PER-0277,Karthik Rajan,Person,Suspect-Witness,1.5,FIR,16-12-2025
PER-0173,Manoj Karuppasamy,Person,PER-0249,Vasanthi Selvam,Person,Called,3.0,CDR,2025-06-19
PER-0173,Manoj Karuppasamy,Person,PER-0295,Gopal Karuppasamy,Person,Called,0.5,CDR,2025-08-26
PER-0173,Manoj Karuppasamy,Person,PER-0312,Deepa Devi,Person,Called,0.5,CDR,2025-02-08
PER-0174,Vasanth Raman,Person,PER-0175,Sathish Sundaram,Person,Reported-Suspect,6.0,FIR,10-06-2025
PER-0174,Vasanth Raman,Person,PER-0348,Arun Raj,Person,Complainant-Victim,2.0,FIR,24-02-2026
PER-0174,Vasanth Raman,Person,PER-0258,Anand Palanisamy,Person,Reported-Suspect,6.0,FIR,08-06-2026
PER-0174,Vasanth Raman,Person,PER-0283,Nandhini Selvi,Person,Called,0.5,CDR,2026-05-20
PER-0174,Vasanth Raman,Person,PER-0234,Siva Velan,Person,Called,1.9,CDR,2026-01-17
PER-0174,Vasanth Raman,Person,PER-0356,Senthil Natarajan,Person,Called,0.5,CDR,2026-02-01
PER-0174,Vasanth Raman,Person,PER-0344,Malathi Bai,Person,Called,3.0,CDR,2025-05-25
PER-0174,Vasanth Raman,Person,PER-0187,Tamilarasan Palanisamy,Person,Called,3.0,CDR,2025-10-15
PER-0174,Vasanth Raman,Person,PER-0276,Harish Subramani,Person,Called,0.5,CDR,2026-01-16
PER-0174,Vasanth Raman,Person,PER-0208,Arun Thangaraj,Person,Called,2.23,CDR,2025-06-04
PER-0174,Vasanth Raman,Person,PER-0368,Gokul Babu,Person,Called,2.38,CDR,2026-07-17
PER-0174,Vasanth Raman,Person,PER-0248,Gokul Karuppasamy,Person,Called,0.82,CDR,2025-11-06
PER-0174,Vasanth Raman,Person,PER-0389,Babu Krishnan,Person,Called,2.56,CDR,2026-04-24
PER-0174,Vasanth Raman,Person,PER-0296,Praveen Raman,Person,Called,1.14,CDR,2025-07-06
PER-0174,Vasanth Raman,Person,PER-0381,Priya Selvi,Person,Called,0.5,CDR,2025-09-13
PER-0174,Vasanth Raman,Person,PER-0245,Senthil Prakash,Person,Called,0.5,CDR,2025-11-12
PER-0174,Vasanth Raman,Person,PER-0401,Harini Selvam,Person,Called,1.42,CDR,2025-08-23
PER-0174,Vasanth Raman,Person,PER-0392,Buvaneswari Devi,Person,Called,3.0,CDR,2025-01-27
PER-0174,Vasanth Raman,Person,PER-0285,Saravanan Gopal,Person,Called,1.45,CDR,2026-01-13
PER-0174,Vasanth Raman,Person,PER-0342,Manoj Sekar,Person,Called,0.93,CDR,2025-12-05
PER-0174,Vasanth Raman,Person,PER-0336,Inban Palanisamy,Person,Called,1.39,CDR,2026-07-16
PER-0174,Vasanth Raman,Person,PER-0194,Rakesh Gopal,Person,Called,0.5,CDR,2025-08-10
PER-0174,Vasanth Raman,Person,PER-0231,Indhu Murugan,Person,Called,0.5,CDR,2025-03-18
PER-0174,Vasanth Raman,Person,PER-0330,Indhu Sri,Person,Called,0.5,CDR,2025-01-20
PER-0175,Sathish Sundaram,Person,PER-0188,Meena Bai,Person,Reported-Suspect,6.0,FIR,19-06-2025
PER-0175,Sathish Sundaram,Person,PER-0195,Vidhya Ammal,Person,Reported-Suspect,6.0,FIR,29-06-2025
PER-0175,Sathish Sundaram,Person,PER-0216,Kalaiselvi Raman,Person,Reported-Suspect,6.0,FIR,25-07-2025
PER-0175,Sathish Sundaram,Person,PER-0191,Rajesh Krishnan,Person,Suspect-Witness,1.5,FIR,27-07-2025
PER-0175,Sathish Sundaram,Person,PER-0219,Kishore Krishnan,Person,Reported-Suspect,6.0,FIR,31-07-2025
PER-0175,Sathish Sundaram,Person,PER-0184,Prakash Muthu,Person,Suspect-Associate,3.5,FIR,31-07-2025
PER-0175,Sathish Sundaram,Person,PER-0255,Kalaiselvi Devi,Person,Reported-Suspect,6.0,FIR,03-09-2025
PER-0175,Sathish Sundaram,Person,PER-0222,Anand Chandran,Person,Reported-Suspect,6.0,FIR,12-10-2025
PER-0175,Sathish Sundaram,Person,PER-0380,Eswari Sri,Person,Called,0.72,CDR,2025-04-28
PER-0175,Sathish Sundaram,Person,PER-0290,Latha Murugan,Person,Called,0.5,CDR,2025-01-05
PER-0175,Sathish Sundaram,Person,PER-0193,Vignesh Thangaraj,Person,Called,2.32,CDR,2025-06-16
PER-0175,Sathish Sundaram,Person,PER-0400,Hemanth Krishnan,Person,Called,0.93,CDR,2026-01-23
PER-0176,Jagan Shankar,Person,PER-0325,Rajeshwari Devi,Person,Called,0.77,CDR,2026-07-04
PER-0176,Jagan Shankar,Person,PER-0312,Deepa Devi,Person,Called,0.93,CDR,2025-05-23
PER-0176,Jagan Shankar,Person,PER-0221,Nithin Murugan,Person,Called,1.25,CDR,2026-07-27
PER-0176,Jagan Shankar,Person,PER-0337,Jeeva Muthu,Person,Called,3.0,CDR,2026-05-08
PER-0176,Jagan Shankar,Person,PER-0377,Selvam Babu,Person,Called,1.04,CDR,2025-05-03
PER-0176,Jagan Shankar,Person,PER-0220,Vijay Rajan,Person,Called,0.5,CDR,2025-03-16
PER-0176,Jagan Shankar,Person,PER-0182,Saravanan Sundaram,Person,Called,1.07,CDR,2026-07-20
PER-0176,Jagan Shankar,Person,PER-0251,Kishore Velan,Person,Called,3.0,CDR,2026-04-11
PER-0176,Jagan Shankar,Person,PER-0226,Buvaneswari Sri,Person,Called,1.55,CDR,2026-01-11
PER-0176,Jagan Shankar,Person,PER-0295,Gopal Karuppasamy,Person,Called,2.95,CDR,2025-07-28
PER-0176,Jagan Shankar,Person,PER-0269,Selvam Natarajan,Person,Called,2.18,CDR,2026-04-22
PER-0176,Jagan Shankar,Person,PER-0227,Ezhilan Ramasamy,Person,Called,3.0,CDR,2026-06-22
PER-0176,Jagan Shankar,Person,PER-0248,Gokul Karuppasamy,Person,Called,0.5,CDR,2025-08-30
PER-0177,Inban Balan,Person,PER-0178,Saravanan Anand,Person,Reported-Suspect,6.0,FIR,13-06-2025
PER-0177,Inban Balan,Person,PER-0300,Logesh Subramani,Person,Reported-Suspect,6.0,FIR,28-10-2025
PER-0177,Inban Balan,Person,PER-0247,Elango Shankar,Person,Reported-Suspect,6.0,FIR,06-04-2026
PER-0177,Inban Balan,Person,PER-0253,Harish Murugan,Person,Reported-Suspect,6.0,FIR,02-07-2026
PER-0177,Inban Balan,Person,PER-0260,Bharath Babu,Person,Called,1.73,CDR,2026-01-30
PER-0177,Inban Balan,Person,PER-0183,Venkat Palanisamy,Person,Called,0.5,CDR,2025-08-15
PER-0177,Inban Balan,Person,PER-0265,Harini Sri,Person,Called,2.41,CDR,2025-09-05
PER-0177,Inban Balan,Person,PER-0376,Harish Pandian,Person,Called,0.5,CDR,2025-12-13
PER-0177,Inban Balan,Person,PER-0228,Nandha Natarajan,Person,Called,0.5,CDR,2025-03-11
PER-0177,Inban Balan,Person,PER-0232,Yogesh Raman,Person,Called,0.89,CDR,2026-04-19
PER-0177,Inban Balan,Person,PER-0333,Kishore Chandran,Person,Called,0.5,CDR,2025-01-16
PER-0177,Inban Balan,Person,PER-0335,Jeeva Krishnan,Person,Called,0.5,CDR,2025-07-26
PER-0177,Inban Balan,Person,PER-0368,Gokul Babu,Person,Called,0.5,CDR,2026-06-03
PER-0178,Saravanan Anand,Person,PER-0191,Rajesh Krishnan,Person,Suspect-Witness,1.5,FIR,02-10-2025
PER-0178,Saravanan Anand,Person,PER-0246,Kishore Pandian,Person,Reported-Suspect,6.0,FIR,23-10-2025
PER-0178,Saravanan Anand,Person,VEH-0001,Tn-47-Zz-1038,Vehicle,Used-Vehicle,2.0,FIR,23-10-2025
PER-0178,Saravanan Anand,Person,VEH-0076,Tn-39-Xx-1096,Vehicle,Used-Vehicle,2.0,FIR,05-07-2026
PER-0178,Saravanan Anand,Person,PER-0262,Praveen Anand,Person,Called,0.6,CDR,2025-03-28
PER-0178,Saravanan Anand,Person,PER-0325,Rajeshwari Devi,Person,Called,1.13,CDR,2025-07-26
PER-0178,Saravanan Anand,Person,PER-0314,Gopal Natarajan,Person,Called,0.5,CDR,2026-08-01
PER-0178,Saravanan Anand,Person,PER-0270,Ravi Gopal,Person,Called,1.0,CDR,2026-02-02
PER-0178,Saravanan Anand,Person,PER-0354,Naveen Krishnan,Person,Called,0.5,CDR,2025-01-31
PER-0179,Jagan Arumugam,Person,PER-0259,Chithra Kannan,Person,Reported-Suspect,6.0,FIR,04-09-2025
PER-0179,Jagan Arumugam,Person,PER-0291,Mythili Murugan,Person,Called,1.4,CDR,2025-02-04
PER-0179,Jagan Arumugam,Person,PER-0223,Gunasekar Murugan,Person,Called,0.5,CDR,2026-07-06
PER-0179,Jagan Arumugam,Person,PER-0239,Sathish Palanisamy,Person,Called,1.16,CDR,2026-02-22
PER-0179,Jagan Arumugam,Person,PER-0202,Saravanan Palanisamy,Person,Called,1.38,CDR,2026-07-27
PER-0179,Jagan Arumugam,Person,PER-0271,Kumaran Subramani,Person,Called,0.5,CDR,2025-09-16
PER-0179,Jagan Arumugam,Person,PER-0276,Harish Subramani,Person,Called,0.5,CDR,2026-05-10
PER-0179,Jagan Arumugam,Person,PER-0254,Tamilarasan Selvam,Person,Called,3.0,CDR,2025-07-11
PER-0179,Jagan Arumugam,Person,PER-0303,Yogesh Gopal,Person,Called,2.81,CDR,2026-01-12
PER-0179,Jagan Arumugam,Person,PER-0295,Gopal Karuppasamy,Person,Called,1.73,CDR,2026-02-22
PER-0179,Jagan Arumugam,Person,PER-0330,Indhu Sri,Person,Called,0.68,CDR,2025-12-24
PER-0179,Jagan Arumugam,Person,PER-0262,Praveen Anand,Person,Called,0.91,CDR,2026-06-04
PER-0180,Sangeetha Sri,Person,PER-0181,Abirami Raj,Person,Reported-Suspect,6.0,FIR,17-06-2025
PER-0180,Sangeetha Sri,Person,PER-0347,Bharath Balan,Person,Reported-Suspect,6.0,FIR,23-02-2026
PER-0180,Sangeetha Sri,Person,PER-0374,Lokesh Murugan,Person,Called,2.04,CDR,2026-07-11
PER-0180,Sangeetha Sri,Person,PER-0294,Chithra Ammal,Person,Called,2.06,CDR,2025-07-27
PER-0180,Sangeetha Sri,Person,PER-0228,Nandha Natarajan,Person,Called,0.5,CDR,2025-07-03
PER-0180,Sangeetha Sri,Person,PER-0367,Yogesh Sekar,Person,Called,1.1,CDR,2026-05-10
PER-0180,Sangeetha Sri,Person,PER-0328,Latha Selvi,Person,Called,3.1,CDR,2026-07-07
PER-0180,Sangeetha Sri,Person,PER-0255,Kalaiselvi Devi,Person,Called,0.5,CDR,2025-09-02
PER-0180,Sangeetha Sri,Person,PER-0215,Arjun Karuppasamy,Person,Called,3.0,CDR,2026-06-18
PER-0180,Sangeetha Sri,Person,PER-0282,Yuvaraj Anand,Person,Called,3.0,CDR,2025-05-30
PER-0180,Sangeetha Sri,Person,PER-0256,Bharathi Raman,Person,Called,2.05,CDR,2026-07-27
PER-0180,Sangeetha Sri,Person,PER-0318,Harish Anand,Person,Called,0.5,CDR,2025-02-21
PER-0180,Sangeetha Sri,Person,PER-0350,Priya Raman,Person,Called,0.5,CDR,2025-12-18
PER-0180,Sangeetha Sri,Person,PER-0368,Gokul Babu,Person,Called,0.5,CDR,2025-12-20
PER-0180,Sangeetha Sri,Person,PER-0381,Priya Selvi,Person,Called,2.06,CDR,2026-05-05
PER-0180,Sangeetha Sri,Person,PER-0358,Venkat Kumar,Person,Called,1.1,CDR,2025-04-03
PER-0180,Sangeetha Sri,Person,PER-0224,Jothi Selvi,Person,Called,1.14,CDR,2025-05-08
PER-0180,Sangeetha Sri,Person,PER-0291,Mythili Murugan,Person,Called,0.5,CDR,2025-04-25
PER-0180,Sangeetha Sri,Person,PER-0332,Vasanthi Ammal,Person,Called,3.0,CDR,2025-04-03
PER-0181,Abirami Raj,Person,VEH-0010,Tn-39-Zz-1044,Vehicle,Used-Vehicle,2.0,FIR,17-06-2025
PER-0181,Abirami Raj,Person,PER-0187,Tamilarasan Palanisamy,Person,Reported-Suspect,6.0,FIR,25-06-2025
PER-0181,Abirami Raj,Person,VEH-0025,Kl-07-Xx-1012,Vehicle,Used-Vehicle,2.0,FIR,25-06-2025
PER-0181,Abirami Raj,Person,PER-0252,Kalaiselvi Sri,Person,Reported-Suspect,6.0,FIR,31-08-2025
PER-0181,Abirami Raj,Person,PER-0264,Gayathri Raman,Person,Reported-Suspect,6.0,FIR,12-09-2025
PER-0181,Abirami Raj,Person,VEH-0033,Kl-07-Zz-1011,Vehicle,Used-Vehicle,2.0,FIR,12-09-2025
PER-0181,Abirami Raj,Person,PER-0368,Gokul Babu,Person,Called,3.0,CDR,2025-11-22
PER-0181,Abirami Raj,Person,PER-0208,Arun Thangaraj,Person,Called,0.5,CDR,2025-03-25
PER-0181,Abirami Raj,Person,PER-0383,Jothi Murugan,Person,Called,2.05,CDR,2025-10-23
PER-0181,Abirami Raj,Person,PER-0273,Lakshmi Raman,Person,Called,1.27,CDR,2025-05-23
PER-0181,Abirami Raj,Person,PER-0223,Gunasekar Murugan,Person,Called,1.38,CDR,2025-10-18
PER-0181,Abirami Raj,Person,PER-0226,Buvaneswari Sri,Person,Called,0.5,CDR,2025-01-22
PER-0182,Saravanan Sundaram,Person,PER-0183,Venkat Palanisamy,Person,Reported-Suspect,6.0,FIR,18-06-2025
PER-0182,Saravanan Sundaram,Person,PER-0364,Janani Sekar,Person,Called,2.37,CDR,2026-07-21
PER-0182,Saravanan Sundaram,Person,PER-0197,Thirumal Sekar,Person,Called,2.92,CDR,2025-02-19
PER-0182,Saravanan Sundaram,Person,PER-0372,Amudha Sri,Person,Called,0.5,CDR,2025-07-04
PER-0182,Saravanan Sundaram,Person,PER-0373,Anand Muthu,Person,Called,1.77,CDR,2025-03-24
PER-0182,Saravanan Sundaram,Person,PER-0190,Dharani Thangaraj,Person,Called,1.85,CDR,2026-07-09
PER-0182,Saravanan Sundaram,Person,PER-0319,Babu Murugan,Person,Called,0.9,CDR,2025-05-17
PER-0182,Saravanan Sundaram,Person,PER-0352,Yuvaraj Natarajan,Person,Called,3.0,CDR,2025-10-11
PER-0182,Saravanan Sundaram,Person,PER-0241,Malathi Ammal,Person,Called,1.56,CDR,2025-02-05
PER-0182,Saravanan Sundaram,Person,PER-0214,Dharani Anand,Person,Called,1.46,CDR,2025-03-13
PER-0182,Saravanan Sundaram,Person,PER-0286,Gopal Gopal,Person,Called,1.39,CDR,2026-05-09
PER-0182,Saravanan Sundaram,Person,PER-0278,Lavanya Raj,Person,Called,0.5,CDR,2026-07-26
PER-0183,Venkat Palanisamy,Person,PER-0184,Prakash Muthu,Person,Suspect-Associate,7.0,FIR,18-06-2025
PER-0183,Venkat Palanisamy,Person,PER-0215,Arjun Karuppasamy,Person,Reported-Suspect,6.0,FIR,24-07-2025
PER-0183,Venkat Palanisamy,Person,PER-0273,Lakshmi Raman,Person,Reported-Suspect,6.0,FIR,27-09-2025
PER-0183,Venkat Palanisamy,Person,VEH-0057,Tn-28-Yy-1070,Vehicle,Used-Vehicle,1.5,FIR,18-02-2026
PER-0183,Venkat Palanisamy,Person,PER-0347,Bharath Balan,Person,Suspect-Associate,3.5,FIR,23-02-2026
PER-0183,Venkat Palanisamy,Person,PER-0322,Kishore Muthu,Person,Associate-Witness,1.0,FIR,23-02-2026
PER-0183,Venkat Palanisamy,Person,PER-0332,Vasanthi Ammal,Person,Reported-Suspect,6.0,FIR,25-08-2026
PER-0183,Venkat Palanisamy,Person,PER-0277,Karthik Rajan,Person,Suspect-Witness,4.5,FIR,09-09-2026
PER-0183,Venkat Palanisamy,Person,PER-0201,Praveen Kumar,Person,Victim-Suspect,3.0,FIR,09-09-2026
PER-0183,Venkat Palanisamy,Person,PER-0222,Anand Chandran,Person,Called,1.5,CDR,2025-06-05
PER-0183,Venkat Palanisamy,Person,PER-0375,Inban Babu,Person,Called,2.78,CDR,2026-07-28
PER-0183,Venkat Palanisamy,Person,PER-0386,Bharathi Sri,Person,Called,1.17,CDR,2026-07-01
PER-0183,Venkat Palanisamy,Person,PER-0333,Kishore Chandran,Person,Called,1.15,CDR,2025-09-26
PER-0183,Venkat Palanisamy,Person,PER-0384,Naveen Muthu,Person,Called,1.69,CDR,2026-06-12
PER-0183,Venkat Palanisamy,Person,PER-0293,Babu Balan,Person,Called,0.5,CDR,2025-12-01
PER-0183,Venkat Palanisamy,Person,PER-0301,Venkat Pandian,Person,Called,0.5,CDR,2026-06-28
PER-0183,Venkat Palanisamy,Person,PER-0190,Dharani Thangaraj,Person,Called,0.5,CDR,2025-10-27
PER-0183,Venkat Palanisamy,Person,PER-0291,Mythili Murugan,Person,Called,5.26,CDR,2025-05-02
PER-0184,Prakash Muthu,Person,PER-0338,Madhan Rajan,Person,Reported-Suspect,6.0,FIR,09-02-2026
PER-0184,Prakash Muthu,Person,PER-0277,Karthik Rajan,Person,Suspect-Witness,1.5,FIR,23-03-2026
PER-0185,Jagan Sekar,Person,PER-0397,Buvaneswari Rani,Person,Called,2.93,CDR,2025-11-11
PER-0185,Jagan Sekar,Person,PER-0232,Yogesh Raman,Person,Called,2.96,CDR,2025-11-27
PER-0185,Jagan Sekar,Person,PER-0299,Hemanth Raj,Person,Called,0.5,CDR,2025-11-09
PER-0185,Jagan Sekar,Person,PER-0349,Padmini Rani,Person,Called,0.5,CDR,2025-12-05
PER-0185,Jagan Sekar,Person,PER-0215,Arjun Karuppasamy,Person,Called,1.67,CDR,2025-09-19
PER-0185,Jagan Sekar,Person,PER-0330,Indhu Sri,Person,Called,2.71,CDR,2025-03-23
PER-0185,Jagan Sekar,Person,PER-0353,Divya Sekar,Person,Called,2.98,CDR,2026-08-02
PER-0185,Jagan Sekar,Person,PER-0248,Gokul Karuppasamy,Person,Called,3.0,CDR,2025-12-14
PER-0185,Jagan Sekar,Person,PER-0187,Tamilarasan Palanisamy,Person,Called,1.05,CDR,2025-12-19
PER-0185,Jagan Sekar,Person,PER-0281,Ganesh Subramani,Person,Called,2.12,CDR,2025-04-25
PER-0186,Gopal Muthu,Person,PER-0226,Buvaneswari Sri,Person,Associate-Witness,1.0,FIR,02-08-2025
PER-0186,Gopal Muthu,Person,PER-0385,Praveen Muthu,Person,Called,2.54,CDR,2025-02-22
PER-0186,Gopal Muthu,Person,PER-0377,Selvam Babu,Person,Called,2.26,CDR,2026-04-19
PER-0186,Gopal Muthu,Person,PER-0291,Mythili Murugan,Person,Called,1.53,CDR,2025-11-30
PER-0186,Gopal Muthu,Person,PER-0379,Gopal Mani,Person,Called,2.79,CDR,2025-12-07
PER-0187,Tamilarasan Palanisamy,Person,PER-0250,Vasanthi Kannan,Person,Complainant-Victim,2.0,FIR,11-09-2025
PER-0187,Tamilarasan Palanisamy,Person,PER-0286,Gopal Gopal,Person,Complainant-Victim,2.0,FIR,01-11-2025
PER-0187,Tamilarasan Palanisamy,Person,PER-0300,Logesh Subramani,Person,Victim-Suspect,3.0,FIR,01-11-2025
PER-0187,Tamilarasan Palanisamy,Person,PER-0275,Harish Selvam,Person,Complainant-Victim,2.0,FIR,16-05-2026
PER-0187,Tamilarasan Palanisamy,Person,PER-0290,Latha Murugan,Person,Called,0.89,CDR,2025-08-18
PER-0187,Tamilarasan Palanisamy,Person,PER-0349,Padmini Rani,Person,Called,2.69,CDR,2025-06-17
PER-0187,Tamilarasan Palanisamy,Person,PER-0357,Vijay Raman,Person,Called,1.47,CDR,2025-08-09
PER-0187,Tamilarasan Palanisamy,Person,PER-0307,Deviga Krishnan,Person,Called,0.93,CDR,2025-09-23
PER-0187,Tamilarasan Palanisamy,Person,PER-0265,Harini Sri,Person,Called,3.0,CDR,2026-07-02
PER-0187,Tamilarasan Palanisamy,Person,PER-0360,Sanjay Palanisamy,Person,Called,1.47,CDR,2025-06-03
PER-0187,Tamilarasan Palanisamy,Person,PER-0248,Gokul Karuppasamy,Person,Called,1.57,CDR,2025-12-12
PER-0188,Meena Bai,Person,PER-0277,Karthik Rajan,Person,Reported-Suspect,6.0,FIR,14-03-2026
PER-0188,Meena Bai,Person,PER-0318,Harish Anand,Person,Called,2.64,CDR,2025-07-16
PER-0188,Meena Bai,Person,PER-0204,Keerthana Sri,Person,Called,0.5,CDR,2025-09-25
PER-0188,Meena Bai,Person,PER-0212,Rajesh Karuppasamy,Person,Called,0.5,CDR,2025-08-21
PER-0188,Meena Bai,Person,PER-0333,Kishore Chandran,Person,Called,3.0,CDR,2025-01-23
PER-0188,Meena Bai,Person,PER-0284,Kishore Arumugam,Person,Called,2.23,CDR,2026-01-23
PER-0188,Meena Bai,Person,PER-0331,Sanjay Velan,Person,Called,0.5,CDR,2025-10-26
PER-0188,Meena Bai,Person,PER-0275,Harish Selvam,Person,Called,1.77,CDR,2025-01-08
PER-0189,Deepak Subramani,Person,PER-0216,Kalaiselvi Raman,Person,Complainant-Victim,2.0,FIR,26-06-2026
PER-0189,Deepak Subramani,Person,PER-0360,Sanjay Palanisamy,Person,Victim-Suspect,3.0,FIR,26-06-2026
PER-0189,Deepak Subramani,Person,PER-0354,Naveen Krishnan,Person,Called,1.13,CDR,2025-03-03
PER-0189,Deepak Subramani,Person,PER-0238,Nithya Murugan,Person,Called,0.5,CDR,2026-05-31
PER-0189,Deepak Subramani,Person,PER-0373,Anand Muthu,Person,Called,2.2,CDR,2025-09-16
PER-0189,Deepak Subramani,Person,PER-0330,Indhu Sri,Person,Called,0.5,CDR,2025-06-30
PER-0189,Deepak Subramani,Person,PER-0198,Mohan Sekar,Person,Called,0.88,CDR,2026-02-09
PER-0189,Deepak Subramani,Person,PER-0353,Divya Sekar,Person,Called,0.5,CDR,2026-01-31
PER-0189,Deepak Subramani,Person,PER-0366,Deepak Muthu,Person,Called,0.88,CDR,2026-05-05
PER-0189,Deepak Subramani,Person,PER-0275,Harish Selvam,Person,Called,0.61,CDR,2026-02-15
PER-0189,Deepak Subramani,Person,PER-0259,Chithra Kannan,Person,Called,2.97,CDR,2025-12-31
PER-0189,Deepak Subramani,Person,PER-0395,Udhay Ramasamy,Person,Called,1.03,CDR,2025-06-25
PER-0189,Deepak Subramani,Person,PER-0210,Harish Mani,Person,Called,3.0,CDR,2026-05-23
PER-0189,Deepak Subramani,Person,PER-0289,Bhuvana Raman,Person,Called,0.5,CDR,2026-07-05
PER-0189,Deepak Subramani,Person,PER-0221,Nithin Murugan,Person,Called,0.68,CDR,2025-09-01
PER-0189,Deepak Subramani,Person,PER-0225,Lakshmi Krishnan,Person,Called,1.1,CDR,2025-04-04
PER-0189,Deepak Subramani,Person,PER-0267,Siva Selvam,Person,Called,0.5,CDR,2025-02-22
PER-0190,Dharani Thangaraj,Person,PER-0191,Rajesh Krishnan,Person,Complainant-Victim,2.0,FIR,28-06-2025
PER-0190,Dharani Thangaraj,Person,PER-0256,Bharathi Raman,Person,Called,4.04,CDR,2025-03-06
PER-0190,Dharani Thangaraj,Person,PER-0307,Deviga Krishnan,Person,Called,0.5,CDR,2026-06-19
PER-0190,Dharani Thangaraj,Person,PER-0197,Thirumal Sekar,Person,Called,2.39,CDR,2026-02-24
PER-0190,Dharani Thangaraj,Person,PER-0380,Eswari Sri,Person,Called,2.81,CDR,2026-03-26
PER-0190,Dharani Thangaraj,Person,PER-0259,Chithra Kannan,Person,Called,0.5,CDR,2025-04-20
PER-0190,Dharani Thangaraj,Person,PER-0235,Nithin Subramani,Person,Called,1.14,CDR,2025-09-07
PER-0190,Dharani Thangaraj,Person,PER-0376,Harish Pandian,Person,Called,2.88,CDR,2026-03-16
PER-0190,Dharani Thangaraj,Person,PER-0339,Revathi Bai,Person,Called,0.5,CDR,2026-06-04
PER-0191,Rajesh Krishnan,Person,PER-0194,Rakesh Gopal,Person,Suspect-Witness,1.5,FIR,02-07-2025
PER-0191,Rajesh Krishnan,Person,PER-0253,Harish Murugan,Person,Suspect-Witness,1.5,FIR,26-06-2026
PER-0191,Rajesh Krishnan,Person,PER-0321,Revathi Raman,Person,Associate-Witness,1.0,FIR,01-09-2026
PER-0192,Dinesh Raj,Person,PER-0193,Vignesh Thangaraj,Person,Reported-Suspect,6.0,FIR,28-06-2025
PER-0192,Dinesh Raj,Person,PER-0221,Nithin Murugan,Person,Reported-Suspect,6.0,FIR,18-08-2025
PER-0192,Dinesh Raj,Person,PER-0280,Sanjay Gopal,Person,Called,0.6,CDR,2025-12-24
PER-0192,Dinesh Raj,Person,PER-0364,Janani Sekar,Person,Called,1.75,CDR,2026-06-22
PER-0192,Dinesh Raj,Person,PER-0373,Anand Muthu,Person,Called,0.55,CDR,2025-09-01
PER-0192,Dinesh Raj,Person,PER-0215,Arjun Karuppasamy,Person,Called,0.5,CDR,2026-03-03
PER-0192,Dinesh Raj,Person,PER-0304,Uma Bai,Person,Called,0.5,CDR,2026-01-05
PER-0192,Dinesh Raj,Person,PER-0357,Vijay Raman,Person,Called,0.5,CDR,2025-07-11
PER-0192,Dinesh Raj,Person,PER-0343,Malathi Murugan,Person,Called,0.5,CDR,2026-07-13
PER-0192,Dinesh Raj,Person,PER-0219,Kishore Krishnan,Person,Called,0.5,CDR,2025-07-29
PER-0192,Dinesh Raj,Person,PER-0251,Kishore Velan,Person,Called,0.5,CDR,2026-05-16
PER-0192,Dinesh Raj,Person,PER-0256,Bharathi Raman,Person,Called,0.6,CDR,2025-05-18
PER-0193,Vignesh Thangaraj,Person,PER-0274,Tamilarasan Karuppasamy,Person,Called,2.63,CDR,2025-02-03
PER-0193,Vignesh Thangaraj,Person,PER-0315,Chithra Raman,Person,Called,3.0,CDR,2025-04-14
PER-0193,Vignesh Thangaraj,Person,PER-0263,Naveen Mani,Person,Called,2.65,CDR,2025-07-24
PER-0193,Vignesh Thangaraj,Person,PER-0342,Manoj Sekar,Person,Called,2.32,CDR,2025-07-20
PER-0194,Rakesh Gopal,Person,PER-0247,Elango Shankar,Person,Suspect-Associate,3.5,FIR,19-08-2025
PER-0194,Rakesh Gopal,Person,PER-0285,Saravanan Gopal,Person,Called,2.62,CDR,2025-01-23
PER-0194,Rakesh Gopal,Person,PER-0364,Janani Sekar,Person,Called,1.7,CDR,2025-03-07
PER-0194,Rakesh Gopal,Person,PER-0276,Harish Subramani,Person,Called,2.97,CDR,2025-02-15
PER-0195,Vidhya Ammal,Person,PER-0250,Vasanthi Kannan,Person,Called,0.5,CDR,2025-03-21
PER-0195,Vidhya Ammal,Person,PER-0336,Inban Palanisamy,Person,Called,1.0,CDR,2025-09-25
PER-0195,Vidhya Ammal,Person,PER-0395,Udhay Ramasamy,Person,Called,0.78,CDR,2025-10-28
PER-0195,Vidhya Ammal,Person,PER-0364,Janani Sekar,Person,Called,1.45,CDR,2026-01-19
PER-0195,Vidhya Ammal,Person,PER-0202,Saravanan Palanisamy,Person,Called,0.5,CDR,2026-04-12
PER-0195,Vidhya Ammal,Person,PER-0246,Kishore Pandian,Person,Called,0.5,CDR,2026-07-30
PER-0195,Vidhya Ammal,Person,PER-0266,Bharath Gopal,Person,Called,3.0,CDR,2026-02-10
PER-0195,Vidhya Ammal,Person,PER-0211,Nithya Selvi,Person,Called,0.5,CDR,2026-01-11
PER-0195,Vidhya Ammal,Person,PER-0201,Praveen Kumar,Person,Called,1.1,CDR,2025-06-28
PER-0195,Vidhya Ammal,Person,PER-0343,Malathi Murugan,Person,Called,0.5,CDR,2026-03-09
PER-0195,Vidhya Ammal,Person,PER-0200,Dharani Shankar,Person,Called,0.5,CDR,2026-03-04
PER-0195,Vidhya Ammal,Person,PER-0252,Kalaiselvi Sri,Person,Called,0.5,CDR,2026-04-10
PER-0195,Vidhya Ammal,Person,PER-0363,Gunasekar Prakash,Person,Called,2.1,CDR,2025-04-22
PER-0195,Vidhya Ammal,Person,PER-0273,Lakshmi Raman,Person,Called,0.95,CDR,2025-10-17
PER-0195,Vidhya Ammal,Person,PER-0390,Vidhya Sri,Person,Called,2.8,CDR,2025-09-16
PER-0195,Vidhya Ammal,Person,PER-0283,Nandhini Selvi,Person,Called,3.0,CDR,2026-01-28
PER-0195,Vidhya Ammal,Person,PER-0278,Lavanya Raj,Person,Called,0.5,CDR,2025-03-05
PER-0196,Kannan Thangaraj,Person,PER-0197,Thirumal Sekar,Person,Complainant-Victim,2.0,FIR,05-07-2025
PER-0196,Kannan Thangaraj,Person,PER-0303,Yogesh Gopal,Person,Reported-Suspect,6.0,FIR,12-11-2025
PER-0196,Kannan Thangaraj,Person,PER-0314,Gopal Natarajan,Person,Reported-Suspect,6.0,FIR,03-12-2025
PER-0196,Kannan Thangaraj,Person,PER-0265,Harini Sri,Person,Called,1.21,CDR,2025-10-26
PER-0196,Kannan Thangaraj,Person,PER-0295,Gopal Karuppasamy,Person,Called,0.5,CDR,2026-01-09
PER-0196,Kannan Thangaraj,Person,PER-0390,Vidhya Sri,Person,Called,2.8,CDR,2026-05-20
PER-0196,Kannan Thangaraj,Person,PER-0352,Yuvaraj Natarajan,Person,Called,2.68,CDR,2025-11-11
PER-0196,Kannan Thangaraj,Person,PER-0220,Vijay Rajan,Person,Called,3.0,CDR,2025-01-10
PER-0196,Kannan Thangaraj,Person,PER-0338,Madhan Rajan,Person,Called,2.89,CDR,2026-05-19
PER-0196,Kannan Thangaraj,Person,PER-0204,Keerthana Sri,Person,Called,0.5,CDR,2025-05-12
PER-0196,Kannan Thangaraj,Person,PER-0216,Kalaiselvi Raman,Person,Called,2.15,CDR,2025-07-05
PER-0196,Kannan Thangaraj,Person,PER-0278,Lavanya Raj,Person,Called,1.95,CDR,2026-03-07
PER-0196,Kannan Thangaraj,Person,PER-0341,Madhan Nathan,Person,Called,2.22,CDR,2026-07-02
PER-0196,Kannan Thangaraj,Person,PER-0293,Babu Balan,Person,Called,0.5,CDR,2025-10-19
PER-0196,Kannan Thangaraj,Person,PER-0311,Meena Krishnan,Person,Called,1.73,CDR,2025-12-25
PER-0197,Thirumal Sekar,Person,PER-0357,Vijay Raman,Person,Called,0.5,CDR,2025-11-13
PER-0197,Thirumal Sekar,Person,PER-0198,Mohan Sekar,Person,Called,2.62,CDR,2025-03-08
PER-0197,Thirumal Sekar,Person,PER-0238,Nithya Murugan,Person,Called,0.5,CDR,2026-03-24
PER-0197,Thirumal Sekar,Person,PER-0305,Sudha Bai,Person,Called,0.71,CDR,2026-03-19
PER-0197,Thirumal Sekar,Person,PER-0342,Manoj Sekar,Person,Called,4.86,CDR,2026-05-18
PER-0197,Thirumal Sekar,Person,PER-0378,Senthil Raman,Person,Called,2.27,CDR,2025-11-27
PER-0197,Thirumal Sekar,Person,PER-0260,Bharath Babu,Person,Called,3.0,CDR,2025-01-19
PER-0197,Thirumal Sekar,Person,PER-0351,Rajesh Chandran,Person,Called,0.5,CDR,2026-02-19
PER-0197,Thirumal Sekar,Person,PER-0354,Naveen Krishnan,Person,Called,3.0,CDR,2026-06-23
PER-0197,Thirumal Sekar,Person,PER-0241,Malathi Ammal,Person,Called,2.47,CDR,2026-06-13
PER-0197,Thirumal Sekar,Person,PER-0336,Inban Palanisamy,Person,Called,0.5,CDR,2025-07-09
PER-0197,Thirumal Sekar,Person,PER-0226,Buvaneswari Sri,Person,Called,2.04,CDR,2025-05-20
PER-0197,Thirumal Sekar,Person,PER-0317,Chithra Devi,Person,Called,1.14,CDR,2026-03-15
PER-0198,Mohan Sekar,Person,PER-0380,Eswari Sri,Person,Reported-Suspect,6.0,FIR,27-05-2026
PER-0198,Mohan Sekar,Person,PER-0340,Vignesh Babu,Person,Suspect-Associate,3.5,FIR,27-05-2026
PER-0198,Mohan Sekar,Person,PER-0283,Nandhini Selvi,Person,Called,2.22,CDR,2025-02-01
PER-0199,Sudha Rani,Person,PER-0200,Dharani Shankar,Person,Complainant-Victim,2.0,FIR,07-07-2025
PER-0199,Sudha Rani,Person,PER-0267,Siva Selvam,Person,Called,1.42,CDR,2025-05-16
PER-0200,Dharani Shankar,Person,PER-0299,Hemanth Raj,Person,Reported-Suspect,6.0,FIR,25-10-2025
PER-0200,Dharani Shankar,Person,PER-0202,Saravanan Palanisamy,Person,Called,4.89,CDR,2025-09-12
PER-0200,Dharani Shankar,Person,PER-0223,Gunasekar Murugan,Person,Called,1.48,CDR,2026-03-09
PER-0200,Dharani Shankar,Person,PER-0294,Chithra Ammal,Person,Called,0.5,CDR,2026-01-22
PER-0200,Dharani Shankar,Person,PER-0225,Lakshmi Krishnan,Person,Called,1.5,CDR,2026-04-06
PER-0200,Dharani Shankar,Person,PER-0251,Kishore Velan,Person,Called,0.5,CDR,2025-10-23
PER-0200,Dharani Shankar,Person,PER-0302,Buvaneswari Murugan,Person,Called,0.5,CDR,2026-05-26
PER-0201,Praveen Kumar,Person,PER-0230,Eswari Selvam,Person,Complainant-Victim,2.0,FIR,05-08-2025
PER-0201,Praveen Kumar,Person,PER-0317,Chithra Devi,Person,Called,0.5,CDR,2025-07-10
PER-0201,Praveen Kumar,Person,PER-0398,Sanjay Shankar,Person,Called,0.5,CDR,2025-02-01
PER-0201,Praveen Kumar,Person,PER-0220,Vijay Rajan,Person,Called,2.93,CDR,2025-11-09
PER-0201,Praveen Kumar,Person,PER-0343,Malathi Murugan,Person,Called,2.67,CDR,2025-07-20
PER-0201,Praveen Kumar,Person,PER-0279,Rakesh Muthu,Person,Called,0.5,CDR,2025-04-06
PER-0201,Praveen Kumar,Person,PER-0285,Saravanan Gopal,Person,Called,2.18,CDR,2025-10-16
PER-0201,Praveen Kumar,Person,PER-0395,Udhay Ramasamy,Person,Called,1.87,CDR,2025-05-02
PER-0201,Praveen Kumar,Person,PER-0281,Ganesh Subramani,Person,Called,2.55,CDR,2025-10-25
PER-0202,Saravanan Palanisamy,Person,PER-0258,Anand Palanisamy,Person,Reported-Suspect,6.0,FIR,18-07-2026
PER-0202,Saravanan Palanisamy,Person,PER-0220,Vijay Rajan,Person,Called,2.36,CDR,2025-12-15
PER-0202,Saravanan Palanisamy,Person,PER-0347,Bharath Balan,Person,Called,0.5,CDR,2026-06-01
PER-0202,Saravanan Palanisamy,Person,PER-0368,Gokul Babu,Person,Called,1.35,CDR,2026-01-24
PER-0202,Saravanan Palanisamy,Person,PER-0302,Buvaneswari Murugan,Person,Called,2.9,CDR,2025-09-25
PER-0202,Saravanan Palanisamy,Person,PER-0211,Nithya Selvi,Person,Called,1.71,CDR,2026-05-31
PER-0202,Saravanan Palanisamy,Person,PER-0251,Kishore Velan,Person,Called,1.35,CDR,2025-11-06
PER-0202,Saravanan Palanisamy,Person,PER-0209,Kishore Murugan,Person,Called,0.5,CDR,2026-02-18
PER-0202,Saravanan Palanisamy,Person,PER-0326,Gopal Balan,Person,Called,0.5,CDR,2025-04-01
PER-0202,Saravanan Palanisamy,Person,PER-0270,Ravi Gopal,Person,Called,3.0,CDR,2025-06-11
PER-0202,Saravanan Palanisamy,Person,PER-0343,Malathi Murugan,Person,Called,0.5,CDR,2025-04-03
PER-0203,Karthik Velan,Person,PER-0231,Indhu Murugan,Person,Reported-Suspect,6.0,FIR,06-08-2025
PER-0203,Karthik Velan,Person,VEH-0030,Tn-38-Yy-1082,Vehicle,Used-Vehicle,1.5,FIR,12-08-2025
PER-0203,Karthik Velan,Person,PER-0241,Malathi Ammal,Person,Reported-Suspect,6.0,FIR,16-08-2025
PER-0203,Karthik Velan,Person,PER-0256,Bharathi Raman,Person,Reported-Suspect,3.0,FIR,05-09-2025
PER-0203,Karthik Velan,Person,PER-0261,Nithya Rani,Person,Suspect-Witness,1.5,FIR,08-09-2025
PER-0203,Karthik Velan,Person,PER-0224,Jothi Selvi,Person,Reported-Suspect,6.0,FIR,24-09-2025
PER-0203,Karthik Velan,Person,PER-0388,Jothi Selvam,Person,Called,1.43,CDR,2025-03-03
PER-0203,Karthik Velan,Person,PER-0257,Geetha Kumari,Person,Called,0.68,CDR,2025-05-13
PER-0203,Karthik Velan,Person,PER-0264,Gayathri Raman,Person,Called,0.5,CDR,2025-10-18
PER-0204,Keerthana Sri,Person,PER-0365,Karthik Shankar,Person,Reported-Suspect,6.0,FIR,13-04-2026
PER-0204,Keerthana Sri,Person,PER-0331,Sanjay Velan,Person,Called,1.35,CDR,2026-03-17
PER-0204,Keerthana Sri,Person,PER-0256,Bharathi Raman,Person,Called,0.5,CDR,2025-10-06
PER-0204,Keerthana Sri,Person,PER-0215,Arjun Karuppasamy,Person,Called,0.5,CDR,2026-05-08
PER-0205,Ajith Sekar,Person,PER-0206,Mathan Velan,Person,Reported-Suspect,6.0,FIR,12-07-2025
PER-0205,Ajith Sekar,Person,PER-0284,Kishore Arumugam,Person,Called,0.5,CDR,2025-08-09
PER-0205,Ajith Sekar,Person,PER-0208,Arun Thangaraj,Person,Called,2.57,CDR,2026-06-06
PER-0205,Ajith Sekar,Person,PER-0301,Venkat Pandian,Person,Called,2.65,CDR,2025-03-13
PER-0205,Ajith Sekar,Person,PER-0296,Praveen Raman,Person,Called,2.34,CDR,2025-11-03
PER-0205,Ajith Sekar,Person,PER-0360,Sanjay Palanisamy,Person,Called,2.56,CDR,2026-07-09
PER-0205,Ajith Sekar,Person,PER-0310,Mathan Balan,Person,Called,2.1,CDR,2026-04-08
PER-0206,Mathan Velan,Person,PER-0207,Murugan Babu,Person,Suspect-Associate,7.0,FIR,12-07-2025
PER-0206,Mathan Velan,Person,PER-0246,Kishore Pandian,Person,Reported-Suspect,6.0,FIR,25-08-2025
PER-0206,Mathan Velan,Person,PER-0281,Ganesh Subramani,Person,Reported-Suspect,6.0,FIR,03-10-2025
PER-0206,Mathan Velan,Person,PER-0319,Babu Murugan,Person,Reported-Suspect,3.0,FIR,23-12-2025
PER-0206,Mathan Velan,Person,PER-0323,Meena Murugan,Person,Victim-Suspect,3.0,FIR,23-12-2025
PER-0206,Mathan Velan,Person,PER-0317,Chithra Devi,Person,Reported-Suspect,6.0,FIR,22-01-2026
PER-0206,Mathan Velan,Person,PER-0209,Kishore Murugan,Person,Reported-Suspect,6.0,FIR,05-02-2026
PER-0206,Mathan Velan,Person,PER-0252,Kalaiselvi Sri,Person,Called,0.77,CDR,2026-03-07
PER-0206,Mathan Velan,Person,PER-0305,Sudha Bai,Person,Called,0.5,CDR,2025-08-03
PER-0206,Mathan Velan,Person,PER-0226,Buvaneswari Sri,Person,Called,1.65,CDR,2026-01-26
PER-0206,Mathan Velan,Person,PER-0296,Praveen Raman,Person,Called,0.5,CDR,2025-03-29
PER-0207,Murugan Babu,Person,PER-0217,Sathish Subramani,Person,Suspect-Associate,3.5,FIR,08-09-2025
PER-0207,Murugan Babu,Person,PER-0212,Rajesh Karuppasamy,Person,Suspect-Associate,7.0,FIR,10-01-2026
PER-0207,Murugan Babu,Person,PER-0340,Vignesh Babu,Person,Called,0.72,CDR,2026-05-23
PER-0207,Murugan Babu,Person,PER-0354,Naveen Krishnan,Person,Called,2.91,CDR,2025-05-24
PER-0207,Murugan Babu,Person,PER-0309,Sathish Ramasamy,Person,Called,0.84,CDR,2025-04-24
PER-0207,Murugan Babu,Person,PER-0274,Tamilarasan Karuppasamy,Person,Called,0.5,CDR,2026-04-29
PER-0207,Murugan Babu,Person,PER-0374,Lokesh Murugan,Person,Called,0.67,CDR,2025-10-28
PER-0208,Arun Thangaraj,Person,PER-0284,Kishore Arumugam,Person,Reported-Suspect,6.0,FIR,13-01-2026
PER-0208,Arun Thangaraj,Person,PER-0335,Jeeva Krishnan,Person,Called,0.5,CDR,2025-08-20
PER-0208,Arun Thangaraj,Person,PER-0237,Saravanan Murugan,Person,Called,1.93,CDR,2025-09-20
PER-0208,Arun Thangaraj,Person,PER-0307,Deviga Krishnan,Person,Called,1.0,CDR,2026-01-10
PER-0208,Arun Thangaraj,Person,PER-0374,Lokesh Murugan,Person,Called,0.5,CDR,2026-05-11
PER-0208,Arun Thangaraj,Person,PER-0251,Kishore Velan,Person,Called,0.5,CDR,2025-07-24
PER-0208,Arun Thangaraj,Person,PER-0396,Nithya Devi,Person,Called,0.5,CDR,2026-01-11
PER-0208,Arun Thangaraj,Person,PER-0291,Mythili Murugan,Person,Called,0.63,CDR,2025-04-25
PER-0208,Arun Thangaraj,Person,PER-0253,Harish Murugan,Person,Called,2.46,CDR,2026-01-09
PER-0208,Arun Thangaraj,Person,PER-0255,Kalaiselvi Devi,Person,Called,0.62,CDR,2025-09-11
PER-0208,Arun Thangaraj,Person,PER-0333,Kishore Chandran,Person,Called,1.21,CDR,2026-05-09
PER-0208,Arun Thangaraj,Person,PER-0210,Harish Mani,Person,Called,1.3,CDR,2025-07-14
PER-0208,Arun Thangaraj,Person,PER-0297,Karthik Balan,Person,Called,0.73,CDR,2025-11-15
PER-0209,Kishore Murugan,Person,PER-0343,Malathi Murugan,Person,Called,3.06,CDR,2025-12-20
PER-0209,Kishore Murugan,Person,PER-0219,Kishore Krishnan,Person,Called,0.5,CDR,2026-07-13
PER-0209,Kishore Murugan,Person,PER-0358,Venkat Kumar,Person,Called,0.5,CDR,2025-05-07
PER-0209,Kishore Murugan,Person,PER-0363,Gunasekar Prakash,Person,Called,2.98,CDR,2025-11-29
PER-0209,Kishore Murugan,Person,PER-0237,Saravanan Murugan,Person,Called,0.5,CDR,2026-01-30
PER-0209,Kishore Murugan,Person,PER-0332,Vasanthi Ammal,Person,Called,2.32,CDR,2026-07-21
PER-0209,Kishore Murugan,Person,PER-0220,Vijay Rajan,Person,Called,2.04,CDR,2026-05-02
PER-0209,Kishore Murugan,Person,PER-0389,Babu Krishnan,Person,Called,2.81,CDR,2025-08-05
PER-0209,Kishore Murugan,Person,PER-0262,Praveen Anand,Person,Called,2.74,CDR,2025-06-28
PER-0209,Kishore Murugan,Person,PER-0336,Inban Palanisamy,Person,Called,0.5,CDR,2025-01-31
PER-0209,Kishore Murugan,Person,PER-0376,Harish Pandian,Person,Called,2.53,CDR,2026-06-08
PER-0209,Kishore Murugan,Person,PER-0301,Venkat Pandian,Person,Called,1.02,CDR,2026-06-13
PER-0209,Kishore Murugan,Person,PER-0394,Hemanth Nathan,Person,Called,0.5,CDR,2025-08-11
PER-0210,Harish Mani,Person,PER-0280,Sanjay Gopal,Person,Reported-Suspect,6.0,FIR,04-10-2025
PER-0210,Harish Mani,Person,PER-0361,Abirami Rani,Person,Called,0.5,CDR,2025-02-28
PER-0210,Harish Mani,Person,PER-0324,Malathi Devi,Person,Called,0.5,CDR,2025-04-02
PER-0210,Harish Mani,Person,PER-0369,Hemanth Arumugam,Person,Called,0.5,CDR,2026-03-02
PER-0210,Harish Mani,Person,PER-0323,Meena Murugan,Person,Called,0.5,CDR,2025-10-26
PER-0210,Harish Mani,Person,PER-0314,Gopal Natarajan,Person,Called,0.5,CDR,2025-03-02
PER-0211,Nithya Selvi,Person,PER-0226,Buvaneswari Sri,Person,Called,1.21,CDR,2025-11-18
PER-0211,Nithya Selvi,Person,PER-0278,Lavanya Raj,Person,Called,1.65,CDR,2025-02-20
PER-0212,Rajesh Karuppasamy,Person,PER-0229,Kannan Muthu,Person,Reported-Suspect,6.0,FIR,02-08-2025
PER-0212,Rajesh Karuppasamy,Person,PER-0333,Kishore Chandran,Person,Reported-Suspect,6.0,FIR,10-01-2026
PER-0212,Rajesh Karuppasamy,Person,PER-0354,Naveen Krishnan,Person,Suspect-Associate,3.5,FIR,21-03-2026
PER-0212,Rajesh Karuppasamy,Person,PER-0233,Sanjay Prakash,Person,Called,0.54,CDR,2025-01-10
PER-0212,Rajesh Karuppasamy,Person,PER-0304,Uma Bai,Person,Called,0.5,CDR,2025-12-05
PER-0212,Rajesh Karuppasamy,Person,PER-0289,Bhuvana Raman,Person,Called,3.0,CDR,2025-07-08
PER-0213,Hariharan Prakash,Person,VEH-0017,Tn-28-Yy-1076,Vehicle,Used-Vehicle,2.0,FIR,19-07-2025
PER-0213,Hariharan Prakash,Person,PER-0283,Nandhini Selvi,Person,Reported-Suspect,6.0,FIR,05-10-2025
PER-0213,Hariharan Prakash,Person,PER-0307,Deviga Krishnan,Person,Reported-Suspect,6.0,FIR,18-11-2025
PER-0213,Hariharan Prakash,Person,VEH-0018,Tn-45-Xx-1060,Vehicle,Used-Vehicle,2.0,FIR,11-06-2026
PER-0213,Hariharan Prakash,Person,PER-0255,Kalaiselvi Devi,Person,Called,7.3,CDR,2025-02-26
PER-0213,Hariharan Prakash,Person,PER-0348,Arun Raj,Person,Called,2.52,CDR,2025-01-04
PER-0214,Dharani Anand,Person,PER-0313,Ezhilan Rajan,Person,Suspect-Witness,2.0,FIR,03-12-2025
PER-0214,Dharani Anand,Person,PER-0227,Ezhilan Ramasamy,Person,Suspect-Witness,1.5,FIR,18-12-2025
PER-0214,Dharani Anand,Person,PER-0351,Rajesh Chandran,Person,Reported-Suspect,6.0,FIR,29-05-2026
PER-0214,Dharani Anand,Person,PER-0258,Anand Palanisamy,Person,Suspect-Witness,1.5,FIR,18-07-2026
PER-0214,Dharani Anand,Person,PER-0247,Elango Shankar,Person,Reported-Suspect,6.0,FIR,08-08-2026
PER-0214,Dharani Anand,Person,PER-0289,Bhuvana Raman,Person,Called,1.84,CDR,2025-04-27
PER-0214,Dharani Anand,Person,PER-0260,Bharath Babu,Person,Called,0.94,CDR,2025-04-07
PER-0214,Dharani Anand,Person,PER-0233,Sanjay Prakash,Person,Called,0.96,CDR,2026-05-02
PER-0215,Arjun Karuppasamy,Person,PER-0227,Ezhilan Ramasamy,Person,Reported-Suspect,6.0,FIR,25-08-2025
PER-0215,Arjun Karuppasamy,Person,PER-0364,Janani Sekar,Person,Called,1.08,CDR,2025-06-05
PER-0215,Arjun Karuppasamy,Person,PER-0353,Divya Sekar,Person,Called,0.5,CDR,2026-03-28
PER-0215,Arjun Karuppasamy,Person,PER-0295,Gopal Karuppasamy,Person,Called,1.29,CDR,2026-02-05
PER-0215,Arjun Karuppasamy,Person,PER-0354,Naveen Krishnan,Person,Called,1.86,CDR,2025-07-30
PER-0215,Arjun Karuppasamy,Person,PER-0389,Babu Krishnan,Person,Called,3.0,CDR,2026-06-17
PER-0215,Arjun Karuppasamy,Person,PER-0232,Yogesh Raman,Person,Called,2.54,CDR,2025-10-24
PER-0215,Arjun Karuppasamy,Person,PER-0277,Karthik Rajan,Person,Called,0.5,CDR,2025-11-07
PER-0215,Arjun Karuppasamy,Person,PER-0278,Lavanya Raj,Person,Called,0.5,CDR,2025-07-17
PER-0215,Arjun Karuppasamy,Person,PER-0307,Deviga Krishnan,Person,Called,0.83,CDR,2026-07-08
PER-0215,Arjun Karuppasamy,Person,PER-0266,Bharath Gopal,Person,Called,0.5,CDR,2025-08-01
PER-0215,Arjun Karuppasamy,Person,PER-0333,Kishore Chandran,Person,Called,0.5,CDR,2026-02-18
PER-0215,Arjun Karuppasamy,Person,PER-0378,Senthil Raman,Person,Called,0.5,CDR,2026-05-04
PER-0215,Arjun Karuppasamy,Person,PER-0393,Vidhya Bai,Person,Called,3.0,CDR,2025-07-22
PER-0216,Kalaiselvi Raman,Person,PER-0360,Sanjay Palanisamy,Person,Reported-Suspect,3.0,FIR,26-06-2026
PER-0216,Kalaiselvi Raman,Person,PER-0317,Chithra Devi,Person,Called,0.7,CDR,2025-08-14
PER-0216,Kalaiselvi Raman,Person,PER-0322,Kishore Muthu,Person,Called,0.68,CDR,2026-07-07
PER-0216,Kalaiselvi Raman,Person,PER-0365,Karthik Shankar,Person,Called,2.43,CDR,2025-11-05
PER-0216,Kalaiselvi Raman,Person,PER-0374,Lokesh Murugan,Person,Called,1.94,CDR,2026-03-06
PER-0216,Kalaiselvi Raman,Person,PER-0397,Buvaneswari Rani,Person,Called,1.93,CDR,2025-08-23
PER-0216,Kalaiselvi Raman,Person,PER-0249,Vasanthi Selvam,Person,Called,0.5,CDR,2026-03-26
PER-0216,Kalaiselvi Raman,Person,PER-0382,Gayathri Krishnan,Person,Called,0.5,CDR,2025-04-29
PER-0217,Sathish Subramani,Person,PER-0372,Amudha Sri,Person,Called,2.37,CDR,2026-06-30
PER-0217,Sathish Subramani,Person,PER-0263,Naveen Mani,Person,Called,0.5,CDR,2025-06-26
PER-0217,Sathish Subramani,Person,PER-0386,Bharathi Sri,Person,Called,0.5,CDR,2025-07-13
PER-0218,Arun Mani,Person,PER-0357,Vijay Raman,Person,Called,0.5,CDR,2025-03-28
PER-0218,Arun Mani,Person,PER-0351,Rajesh Chandran,Person,Called,1.48,CDR,2025-02-18
PER-0218,Arun Mani,Person,PER-0352,Yuvaraj Natarajan,Person,Called,1.79,CDR,2026-07-29
PER-0219,Kishore Krishnan,Person,PER-0265,Harini Sri,Person,Called,2.21,CDR,2025-01-30
PER-0219,Kishore Krishnan,Person,PER-0388,Jothi Selvam,Person,Called,1.38,CDR,2026-07-27
PER-0219,Kishore Krishnan,Person,PER-0227,Ezhilan Ramasamy,Person,Called,0.5,CDR,2026-07-02
PER-0219,Kishore Krishnan,Person,PER-0237,Saravanan Murugan,Person,Called,0.5,CDR,2025-09-24
PER-0219,Kishore Krishnan,Person,PER-0232,Yogesh Raman,Person,Called,3.0,CDR,2025-04-19
PER-0219,Kishore Krishnan,Person,PER-0338,Madhan Rajan,Person,Called,3.0,CDR,2025-09-26
PER-0219,Kishore Krishnan,Person,PER-0371,Bhuvana Kannan,Person,Called,0.55,CDR,2025-09-05
PER-0220,Vijay Rajan,Person,PER-0221,Nithin Murugan,Person,Reported-Suspect,6.0,FIR,27-07-2025
PER-0220,Vijay Rajan,Person,PER-0369,Hemanth Arumugam,Person,Called,0.5,CDR,2025-10-22
PER-0220,Vijay Rajan,Person,PER-0359,Suresh Thangaraj,Person,Called,3.0,CDR,2026-02-22
PER-0220,Vijay Rajan,Person,PER-0236,Durga Sekar,Person,Called,3.0,CDR,2025-10-03
PER-0220,Vijay Rajan,Person,PER-0358,Venkat Kumar,Person,Called,2.48,CDR,2026-05-14
PER-0220,Vijay Rajan,Person,PER-0282,Yuvaraj Anand,Person,Called,0.5,CDR,2025-03-23
PER-0220,Vijay Rajan,Person,PER-0334,Latha Ammal,Person,Called,1.33,CDR,2025-06-12
PER-0220,Vijay Rajan,Person,PER-0224,Jothi Selvi,Person,Called,3.0,CDR,2026-04-22
PER-0220,Vijay Rajan,Person,PER-0286,Gopal Gopal,Person,Called,0.5,CDR,2026-06-11
PER-0220,Vijay Rajan,Person,PER-0398,Sanjay Shankar,Person,Called,0.5,CDR,2026-06-04
PER-0220,Vijay Rajan,Person,PER-0316,Mohan Ramasamy,Person,Called,0.59,CDR,2026-04-24
PER-0220,Vijay Rajan,Person,PER-0301,Venkat Pandian,Person,Called,0.54,CDR,2025-06-24
PER-0220,Vijay Rajan,Person,PER-0245,Senthil Prakash,Person,Called,1.25,CDR,2025-03-12
PER-0221,Nithin Murugan,Person,PER-0222,Anand Chandran,Person,Reported-Suspect,6.0,FIR,01-08-2025
PER-0221,Nithin Murugan,Person,PER-0253,Harish Murugan,Person,Suspect-Associate,3.5,FIR,02-09-2025
PER-0221,Nithin Murugan,Person,PER-0254,Tamilarasan Selvam,Person,Suspect-Witness,1.5,FIR,02-09-2025
PER-0221,Nithin Murugan,Person,PER-0351,Rajesh Chandran,Person,Called,1.74,CDR,2025-12-04
PER-0221,Nithin Murugan,Person,PER-0252,Kalaiselvi Sri,Person,Called,0.5,CDR,2026-03-05
PER-0221,Nithin Murugan,Person,PER-0290,Latha Murugan,Person,Called,0.77,CDR,2025-07-10
PER-0222,Anand Chandran,Person,PER-0355,Ajith Nathan,Person,Reported-Suspect,6.0,FIR,29-07-2026
PER-0222,Anand Chandran,Person,PER-0289,Bhuvana Raman,Person,Called,1.51,CDR,2025-11-14
PER-0222,Anand Chandran,Person,PER-0320,Kavitha Devi,Person,Called,3.0,CDR,2025-08-08
PER-0222,Anand Chandran,Person,PER-0277,Karthik Rajan,Person,Called,0.5,CDR,2026-04-30
PER-0222,Anand Chandran,Person,PER-0338,Madhan Rajan,Person,Called,0.5,CDR,2025-08-09
PER-0222,Anand Chandran,Person,PER-0311,Meena Krishnan,Person,Called,2.81,CDR,2026-01-05
PER-0222,Anand Chandran,Person,PER-0388,Jothi Selvam,Person,Called,0.64,CDR,2026-05-29
PER-0222,Anand Chandran,Person,PER-0286,Gopal Gopal,Person,Called,0.94,CDR,2026-05-14
PER-0222,Anand Chandran,Person,PER-0234,Siva Velan,Person,Called,0.5,CDR,2025-03-28
PER-0223,Gunasekar Murugan,Person,PER-0224,Jothi Selvi,Person,Complainant-Victim,2.5,FIR,02-08-2025
PER-0223,Gunasekar Murugan,Person,PER-0297,Karthik Balan,Person,Reported-Suspect,6.0,FIR,06-12-2025
PER-0223,Gunasekar Murugan,Person,PER-0253,Harish Murugan,Person,Reported-Suspect,6.0,FIR,29-06-2026
PER-0223,Gunasekar Murugan,Person,PER-0311,Meena Krishnan,Person,Called,1.6,CDR,2026-07-15
PER-0223,Gunasekar Murugan,Person,PER-0256,Bharathi Raman,Person,Called,3.0,CDR,2025-03-21
PER-0223,Gunasekar Murugan,Person,PER-0243,Bharath Selvam,Person,Called,0.5,CDR,2026-06-26
PER-0223,Gunasekar Murugan,Person,PER-0275,Harish Selvam,Person,Called,0.5,CDR,2026-01-14
PER-0223,Gunasekar Murugan,Person,PER-0396,Nithya Devi,Person,Called,3.0,CDR,2025-11-07
PER-0223,Gunasekar Murugan,Person,PER-0245,Senthil Prakash,Person,Called,0.5,CDR,2025-10-31
PER-0223,Gunasekar Murugan,Person,PER-0398,Sanjay Shankar,Person,Called,3.0,CDR,2026-07-14
PER-0223,Gunasekar Murugan,Person,PER-0269,Selvam Natarajan,Person,Called,0.5,CDR,2026-08-01
PER-0223,Gunasekar Murugan,Person,PER-0360,Sanjay Palanisamy,Person,Called,2.67,CDR,2026-06-12
PER-0223,Gunasekar Murugan,Person,PER-0367,Yogesh Sekar,Person,Called,0.5,CDR,2026-04-03
PER-0224,Jothi Selvi,Person,PER-0326,Gopal Balan,Person,Called,0.5,CDR,2025-07-13
PER-0224,Jothi Selvi,Person,PER-0245,Senthil Prakash,Person,Called,3.0,CDR,2026-02-20
PER-0224,Jothi Selvi,Person,PER-0239,Sathish Palanisamy,Person,Called,0.5,CDR,2026-04-26
PER-0224,Jothi Selvi,Person,PER-0246,Kishore Pandian,Person,Called,3.0,CDR,2026-01-05
PER-0224,Jothi Selvi,Person,PER-0385,Praveen Muthu,Person,Called,2.48,CDR,2026-07-20
PER-0224,Jothi Selvi,Person,PER-0392,Buvaneswari Devi,Person,Called,0.5,CDR,2026-05-30
PER-0224,Jothi Selvi,Person,PER-0343,Malathi Murugan,Person,Called,0.5,CDR,2025-03-31
PER-0224,Jothi Selvi,Person,PER-0234,Siva Velan,Person,Called,2.69,CDR,2026-07-03
PER-0224,Jothi Selvi,Person,PER-0225,Lakshmi Krishnan,Person,Called,1.35,CDR,2026-05-22
PER-0224,Jothi Selvi,Person,PER-0289,Bhuvana Raman,Person,Called,0.69,CDR,2026-02-24
PER-0224,Jothi Selvi,Person,PER-0310,Mathan Balan,Person,Called,0.5,CDR,2025-10-27
PER-0225,Lakshmi Krishnan,Person,PER-0271,Kumaran Subramani,Person,Called,0.5,CDR,2025-07-01
PER-0225,Lakshmi Krishnan,Person,PER-0352,Yuvaraj Natarajan,Person,Called,2.82,CDR,2026-08-01
PER-0225,Lakshmi Krishnan,Person,PER-0342,Manoj Sekar,Person,Called,1.95,CDR,2026-07-21
PER-0225,Lakshmi Krishnan,Person,PER-0322,Kishore Muthu,Person,Called,0.95,CDR,2025-07-27
PER-0225,Lakshmi Krishnan,Person,PER-0397,Buvaneswari Rani,Person,Called,3.0,CDR,2025-02-10
PER-0225,Lakshmi Krishnan,Person,PER-0364,Janani Sekar,Person,Called,1.0,CDR,2026-05-27
PER-0225,Lakshmi Krishnan,Person,PER-0381,Priya Selvi,Person,Called,1.99,CDR,2026-05-13
PER-0225,Lakshmi Krishnan,Person,PER-0350,Priya Raman,Person,Called,2.45,CDR,2026-04-16
PER-0225,Lakshmi Krishnan,Person,PER-0283,Nandhini Selvi,Person,Called,0.5,CDR,2025-04-30
PER-0225,Lakshmi Krishnan,Person,PER-0285,Saravanan Gopal,Person,Called,2.03,CDR,2025-05-18
PER-0225,Lakshmi Krishnan,Person,PER-0378,Senthil Raman,Person,Called,0.5,CDR,2025-02-27
PER-0226,Buvaneswari Sri,Person,PER-0337,Jeeva Muthu,Person,Associate-Witness,1.0,FIR,18-03-2026
PER-0226,Buvaneswari Sri,Person,PER-0355,Ajith Nathan,Person,Reported-Suspect,6.0,FIR,27-04-2026
PER-0226,Buvaneswari Sri,Person,PER-0283,Nandhini Selvi,Person,Called,0.5,CDR,2026-02-02
PER-0226,Buvaneswari Sri,Person,PER-0273,Lakshmi Raman,Person,Called,0.5,CDR,2026-07-27
PER-0226,Buvaneswari Sri,Person,PER-0310,Mathan Balan,Person,Called,2.62,CDR,2025-02-10
PER-0226,Buvaneswari Sri,Person,PER-0370,Kavitha Sri,Person,Called,0.91,CDR,2025-05-03
PER-0226,Buvaneswari Sri,Person,PER-0289,Bhuvana Raman,Person,Called,0.5,CDR,2026-04-01
PER-0227,Ezhilan Ramasamy,Person,PER-0228,Nandha Natarajan,Person,Suspect-Associate,3.5,FIR,30-07-2025
PER-0227,Ezhilan Ramasamy,Person,VEH-0032,Tn-58-Xx-1084,Vehicle,Used-Vehicle,2.0,FIR,25-08-2025
PER-0227,Ezhilan Ramasamy,Person,PER-0264,Gayathri Raman,Person,Reported-Suspect,6.0,FIR,18-12-2025
PER-0227,Ezhilan Ramasamy,Person,VEH-0001,Tn-47-Zz-1038,Vehicle,Used-Vehicle,2.0,FIR,18-12-2025
PER-0227,Ezhilan Ramasamy,Person,PER-0332,Vasanthi Ammal,Person,Called,0.5,CDR,2026-01-19
PER-0227,Ezhilan Ramasamy,Person,PER-0353,Divya Sekar,Person,Called,0.5,CDR,2026-06-16
PER-0227,Ezhilan Ramasamy,Person,PER-0296,Praveen Raman,Person,Called,0.5,CDR,2025-12-25
PER-0227,Ezhilan Ramasamy,Person,PER-0300,Logesh Subramani,Person,Called,0.5,CDR,2026-07-29
PER-0227,Ezhilan Ramasamy,Person,PER-0236,Durga Sekar,Person,Called,2.9,CDR,2025-09-01
PER-0227,Ezhilan Ramasamy,Person,PER-0274,Tamilarasan Karuppasamy,Person,Called,2.58,CDR,2026-03-20
PER-0228,Nandha Natarajan,Person,PER-0303,Yogesh Gopal,Person,Suspect-Associate,7.0,FIR,21-12-2025
PER-0228,Nandha Natarajan,Person,VEH-0039,Tn-38-Xx-1015,Vehicle,Used-Vehicle,1.5,FIR,21-12-2025
PER-0228,Nandha Natarajan,Person,PER-0261,Nithya Rani,Person,Associate-Witness,1.0,FIR,29-12-2025
PER-0228,Nandha Natarajan,Person,PER-0341,Madhan Nathan,Person,Called,1.89,CDR,2025-01-01
PER-0228,Nandha Natarajan,Person,PER-0236,Durga Sekar,Person,Called,1.52,CDR,2026-06-05
PER-0228,Nandha Natarajan,Person,PER-0315,Chithra Raman,Person,Called,3.0,CDR,2025-05-06
PER-0228,Nandha Natarajan,Person,PER-0246,Kishore Pandian,Person,Called,0.81,CDR,2025-11-17
PER-0229,Kannan Muthu,Person,PER-0352,Yuvaraj Natarajan,Person,Reported-Suspect,6.0,FIR,25-07-2026
PER-0229,Kannan Muthu,Person,PER-0286,Gopal Gopal,Person,Called,2.8,CDR,2025-09-14
PER-0229,Kannan Muthu,Person,PER-0382,Gayathri Krishnan,Person,Called,1.38,CDR,2025-08-04
PER-0229,Kannan Muthu,Person,PER-0330,Indhu Sri,Person,Called,0.5,CDR,2025-08-02
PER-0229,Kannan Muthu,Person,PER-0234,Siva Velan,Person,Called,3.0,CDR,2025-06-26
PER-0229,Kannan Muthu,Person,PER-0264,Gayathri Raman,Person,Called,2.79,CDR,2025-08-26
PER-0229,Kannan Muthu,Person,PER-0385,Praveen Muthu,Person,Called,2.12,CDR,2025-12-17
PER-0229,Kannan Muthu,Person,PER-0251,Kishore Velan,Person,Called,1.78,CDR,2025-07-02
PER-0230,Eswari Selvam,Person,PER-0258,Anand Palanisamy,Person,Called,0.5,CDR,2025-06-21
PER-0230,Eswari Selvam,Person,PER-0283,Nandhini Selvi,Person,Called,0.83,CDR,2025-08-22
PER-0230,Eswari Selvam,Person,PER-0381,Priya Selvi,Person,Called,0.5,CDR,2025-04-11
PER-0230,Eswari Selvam,Person,PER-0243,Bharath Selvam,Person,Called,1.33,CDR,2026-03-19
PER-0231,Indhu Murugan,Person,PER-0371,Bhuvana Kannan,Person,Called,0.5,CDR,2025-01-09
PER-0231,Indhu Murugan,Person,PER-0336,Inban Palanisamy,Person,Called,1.3,CDR,2026-02-22
PER-0231,Indhu Murugan,Person,PER-0390,Vidhya Sri,Person,Called,2.59,CDR,2025-09-05
PER-0231,Indhu Murugan,Person,PER-0265,Harini Sri,Person,Called,1.76,CDR,2026-07-02
PER-0231,Indhu Murugan,Person,PER-0233,Sanjay Prakash,Person,Called,3.0,CDR,2025-12-18
PER-0231,Indhu Murugan,Person,PER-0400,Hemanth Krishnan,Person,Called,1.29,CDR,2026-02-06
PER-0231,Indhu Murugan,Person,PER-0349,Padmini Rani,Person,Called,0.5,CDR,2026-06-29
PER-0231,Indhu Murugan,Person,PER-0376,Harish Pandian,Person,Called,2.82,CDR,2026-03-02
PER-0231,Indhu Murugan,Person,PER-0343,Malathi Murugan,Person,Called,2.47,CDR,2025-07-22
PER-0231,Indhu Murugan,Person,PER-0241,Malathi Ammal,Person,Called,2.58,CDR,2025-07-30
PER-0232,Yogesh Raman,Person,PER-0266,Bharath Gopal,Person,Called,3.0,CDR,2025-09-21
PER-0232,Yogesh Raman,Person,PER-0237,Saravanan Murugan,Person,Called,1.23,CDR,2025-10-15
PER-0232,Yogesh Raman,Person,PER-0354,Naveen Krishnan,Person,Called,3.0,CDR,2025-04-23
PER-0232,Yogesh Raman,Person,PER-0341,Madhan Nathan,Person,Called,1.35,CDR,2025-03-06
PER-0232,Yogesh Raman,Person,PER-0290,Latha Murugan,Person,Called,0.87,CDR,2026-06-21
PER-0232,Yogesh Raman,Person,PER-0340,Vignesh Babu,Person,Called,0.5,CDR,2025-10-25
PER-0232,Yogesh Raman,Person,PER-0311,Meena Krishnan,Person,Called,2.66,CDR,2026-03-10
PER-0233,Sanjay Prakash,Person,PER-0257,Geetha Kumari,Person,Called,2.93,CDR,2025-12-19
PER-0233,Sanjay Prakash,Person,PER-0246,Kishore Pandian,Person,Called,2.82,CDR,2026-05-25
PER-0233,Sanjay Prakash,Person,PER-0252,Kalaiselvi Sri,Person,Called,0.5,CDR,2025-03-30
PER-0233,Sanjay Prakash,Person,PER-0400,Hemanth Krishnan,Person,Called,0.53,CDR,2026-05-11
PER-0233,Sanjay Prakash,Person,PER-0344,Malathi Bai,Person,Called,2.83,CDR,2026-01-08
PER-0233,Sanjay Prakash,Person,PER-0301,Venkat Pandian,Person,Called,0.5,CDR,2025-02-11
PER-0233,Sanjay Prakash,Person,PER-0322,Kishore Muthu,Person,Called,0.5,CDR,2025-03-23
PER-0233,Sanjay Prakash,Person,PER-0307,Deviga Krishnan,Person,Called,0.5,CDR,2026-05-28
PER-0233,Sanjay Prakash,Person,PER-0385,Praveen Muthu,Person,Called,2.74,CDR,2026-03-23
PER-0233,Sanjay Prakash,Person,PER-0389,Babu Krishnan,Person,Called,0.5,CDR,2025-04-05
PER-0234,Siva Velan,Person,PER-0305,Sudha Bai,Person,Called,0.5,CDR,2025-04-26
PER-0234,Siva Velan,Person,PER-0236,Durga Sekar,Person,Called,1.66,CDR,2026-04-23
PER-0234,Siva Velan,Person,PER-0357,Vijay Raman,Person,Called,0.5,CDR,2025-05-29
PER-0234,Siva Velan,Person,PER-0283,Nandhini Selvi,Person,Called,3.0,CDR,2026-07-20
PER-0234,Siva Velan,Person,PER-0353,Divya Sekar,Person,Called,0.5,CDR,2025-06-12
PER-0234,Siva Velan,Person,PER-0299,Hemanth Raj,Person,Called,1.25,CDR,2025-12-24
PER-0234,Siva Velan,Person,PER-0295,Gopal Karuppasamy,Person,Called,1.51,CDR,2026-01-02
PER-0234,Siva Velan,Person,PER-0401,Harini Selvam,Person,Called,0.5,CDR,2026-01-10
PER-0234,Siva Velan,Person,PER-0372,Amudha Sri,Person,Called,0.5,CDR,2026-01-12
PER-0234,Siva Velan,Person,PER-0327,Abirami Bai,Person,Called,0.5,CDR,2026-03-21
PER-0234,Siva Velan,Person,PER-0368,Gokul Babu,Person,Called,2.34,CDR,2026-01-17
PER-0235,Nithin Subramani,Person,VEH-0029,Tn-45-Xx-1081,Vehicle,Used-Vehicle,2.0,FIR,10-08-2025
PER-0235,Nithin Subramani,Person,PER-0302,Buvaneswari Murugan,Person,Called,0.5,CDR,2026-07-26
PER-0235,Nithin Subramani,Person,PER-0278,Lavanya Raj,Person,Called,3.0,CDR,2025-07-08
PER-0236,Durga Sekar,Person,PER-0352,Yuvaraj Natarajan,Person,Reported-Suspect,6.0,FIR,19-03-2026
PER-0236,Durga Sekar,Person,PER-0358,Venkat Kumar,Person,Called,0.5,CDR,2026-06-05
PER-0236,Durga Sekar,Person,PER-0393,Vidhya Bai,Person,Called,0.5,CDR,2025-04-29
PER-0236,Durga Sekar,Person,PER-0264,Gayathri Raman,Person,Called,3.0,CDR,2025-08-04
PER-0236,Durga Sekar,Person,PER-0372,Amudha Sri,Person,Called,0.93,CDR,2025-04-12
PER-0236,Durga Sekar,Person,PER-0336,Inban Palanisamy,Person,Called,2.22,CDR,2026-04-29
PER-0236,Durga Sekar,Person,PER-0374,Lokesh Murugan,Person,Called,2.45,CDR,2025-08-04
PER-0236,Durga Sekar,Person,PER-0271,Kumaran Subramani,Person,Called,2.98,CDR,2026-02-22
PER-0236,Durga Sekar,Person,PER-0348,Arun Raj,Person,Called,0.5,CDR,2026-06-30
PER-0237,Saravanan Murugan,Person,PER-0313,Ezhilan Rajan,Person,Reported-Suspect,6.0,FIR,03-12-2025
PER-0237,Saravanan Murugan,Person,PER-0393,Vidhya Bai,Person,Called,0.5,CDR,2025-01-05
PER-0237,Saravanan Murugan,Person,PER-0350,Priya Raman,Person,Called,0.92,CDR,2025-11-08
PER-0237,Saravanan Murugan,Person,PER-0368,Gokul Babu,Person,Called,1.5,CDR,2025-09-25
PER-0237,Saravanan Murugan,Person,PER-0301,Venkat Pandian,Person,Called,0.5,CDR,2026-05-26
PER-0238,Nithya Murugan,Person,PER-0337,Jeeva Muthu,Person,Called,3.0,CDR,2026-02-23
PER-0238,Nithya Murugan,Person,PER-0340,Vignesh Babu,Person,Called,2.04,CDR,2026-05-30
PER-0238,Nithya Murugan,Person,PER-0296,Praveen Raman,Person,Called,1.98,CDR,2025-04-12
PER-0238,Nithya Murugan,Person,PER-0381,Priya Selvi,Person,Called,3.0,CDR,2026-06-13
PER-0239,Sathish Palanisamy,Person,PER-0240,Elango Prakash,Person,Reported-Suspect,6.0,FIR,14-08-2025
PER-0239,Sathish Palanisamy,Person,PER-0284,Kishore Arumugam,Person,Reported-Suspect,6.0,FIR,30-11-2025
PER-0239,Sathish Palanisamy,Person,PER-0269,Selvam Natarajan,Person,Called,0.5,CDR,2026-01-12
PER-0239,Sathish Palanisamy,Person,PER-0282,Yuvaraj Anand,Person,Called,0.5,CDR,2025-02-12
PER-0239,Sathish Palanisamy,Person,PER-0305,Sudha Bai,Person,Called,1.29,CDR,2026-04-03
PER-0239,Sathish Palanisamy,Person,PER-0381,Priya Selvi,Person,Called,2.72,CDR,2025-06-06
PER-0239,Sathish Palanisamy,Person,PER-0382,Gayathri Krishnan,Person,Called,2.35,CDR,2025-08-15
PER-0239,Sathish Palanisamy,Person,PER-0294,Chithra Ammal,Person,Called,0.5,CDR,2025-11-25
PER-0239,Sathish Palanisamy,Person,PER-0327,Abirami Bai,Person,Called,0.5,CDR,2025-08-22
PER-0239,Sathish Palanisamy,Person,PER-0393,Vidhya Bai,Person,Called,0.5,CDR,2025-09-10
PER-0239,Sathish Palanisamy,Person,PER-0289,Bhuvana Raman,Person,Called,0.5,CDR,2025-10-20
PER-0239,Sathish Palanisamy,Person,PER-0275,Harish Selvam,Person,Called,0.58,CDR,2025-12-04
PER-0240,Elango Prakash,Person,PER-0342,Manoj Sekar,Person,Called,1.67,CDR,2025-05-11
PER-0240,Elango Prakash,Person,PER-0321,Revathi Raman,Person,Called,0.5,CDR,2026-06-27
PER-0240,Elango Prakash,Person,PER-0275,Harish Selvam,Person,Called,0.5,CDR,2025-07-05
PER-0240,Elango Prakash,Person,PER-0284,Kishore Arumugam,Person,Called,3.0,CDR,2025-05-21
PER-0241,Malathi Ammal,Person,PER-0265,Harini Sri,Person,Called,1.22,CDR,2026-06-19
PER-0241,Malathi Ammal,Person,PER-0381,Priya Selvi,Person,Called,0.91,CDR,2025-08-08
PER-0241,Malathi Ammal,Person,PER-0385,Praveen Muthu,Person,Called,1.46,CDR,2026-04-10
PER-0241,Malathi Ammal,Person,PER-0364,Janani Sekar,Person,Called,1.49,CDR,2025-09-30
PER-0241,Malathi Ammal,Person,PER-0263,Naveen Mani,Person,Called,2.95,CDR,2026-03-08
PER-0242,Ganesh Selvam,Person,PER-0383,Jothi Murugan,Person,Called,4.1,CDR,2026-03-06
PER-0242,Ganesh Selvam,Person,PER-0255,Kalaiselvi Devi,Person,Called,1.33,CDR,2025-02-03
PER-0242,Ganesh Selvam,Person,PER-0296,Praveen Raman,Person,Called,2.96,CDR,2025-03-06
PER-0243,Bharath Selvam,Person,PER-0289,Bhuvana Raman,Person,Reported-Suspect,6.0,FIR,29-11-2025
PER-0243,Bharath Selvam,Person,PER-0330,Indhu Sri,Person,Reported-Suspect,6.0,FIR,23-12-2025
PER-0243,Bharath Selvam,Person,PER-0271,Kumaran Subramani,Person,Called,1.27,CDR,2026-02-08
PER-0243,Bharath Selvam,Person,PER-0329,Nandha Muthu,Person,Called,1.1,CDR,2025-11-25
PER-0243,Bharath Selvam,Person,PER-0334,Latha Ammal,Person,Called,0.5,CDR,2025-04-13
PER-0243,Bharath Selvam,Person,PER-0401,Harini Selvam,Person,Called,0.5,CDR,2025-03-27
PER-0243,Bharath Selvam,Person,PER-0358,Venkat Kumar,Person,Called,0.89,CDR,2026-06-09
PER-0243,Bharath Selvam,Person,PER-0346,Inban Pandian,Person,Called,0.86,CDR,2026-06-04
PER-0244,Thirumal Velan,Person,PER-0339,Revathi Bai,Person,Reported-Suspect,6.0,FIR,10-02-2026
PER-0244,Thirumal Velan,Person,PER-0340,Vignesh Babu,Person,Suspect-Associate,3.5,FIR,10-02-2026
PER-0244,Thirumal Velan,Person,VEH-0001,Tn-47-Zz-1038,Vehicle,Used-Vehicle,2.0,FIR,10-02-2026
PER-0244,Thirumal Velan,Person,VEH-0043,Tn-33-Yy-1007,Vehicle,Used-Vehicle,2.0,FIR,22-02-2026
PER-0244,Thirumal Velan,Person,PER-0326,Gopal Balan,Person,Called,2.64,CDR,2026-05-12
PER-0244,Thirumal Velan,Person,PER-0247,Elango Shankar,Person,Called,2.87,CDR,2025-10-23
PER-0244,Thirumal Velan,Person,PER-0290,Latha Murugan,Person,Called,0.5,CDR,2026-07-04
PER-0244,Thirumal Velan,Person,PER-0319,Babu Murugan,Person,Called,0.5,CDR,2026-06-26
PER-0244,Thirumal Velan,Person,PER-0368,Gokul Babu,Person,Called,2.87,CDR,2026-04-24
PER-0245,Senthil Prakash,Person,PER-0252,Kalaiselvi Sri,Person,Called,0.5,CDR,2025-02-27
PER-0245,Senthil Prakash,Person,PER-0342,Manoj Sekar,Person,Called,0.5,CDR,2025-12-24
PER-0245,Senthil Prakash,Person,PER-0308,Kannan Shankar,Person,Called,1.12,CDR,2025-09-24
PER-0245,Senthil Prakash,Person,PER-0380,Eswari Sri,Person,Called,1.06,CDR,2025-01-04
PER-0245,Senthil Prakash,Person,PER-0357,Vijay Raman,Person,Called,2.1,CDR,2025-04-25
PER-0245,Senthil Prakash,Person,PER-0386,Bharathi Sri,Person,Called,1.81,CDR,2025-05-18
PER-0245,Senthil Prakash,Person,PER-0260,Bharath Babu,Person,Called,1.9,CDR,2025-03-03
PER-0246,Kishore Pandian,Person,PER-0329,Nandha Muthu,Person,Called,3.0,CDR,2026-05-25
PER-0246,Kishore Pandian,Person,PER-0352,Yuvaraj Natarajan,Person,Called,0.5,CDR,2026-07-04
PER-0246,Kishore Pandian,Person,PER-0296,Praveen Raman,Person,Called,0.72,CDR,2026-04-18
PER-0246,Kishore Pandian,Person,PER-0307,Deviga Krishnan,Person,Called,2.09,CDR,2026-01-18
PER-0246,Kishore Pandian,Person,PER-0389,Babu Krishnan,Person,Called,1.12,CDR,2025-01-12
PER-0246,Kishore Pandian,Person,PER-0370,Kavitha Sri,Person,Called,1.35,CDR,2025-02-21
PER-0246,Kishore Pandian,Person,PER-0272,Divya Devi,Person,Called,3.0,CDR,2025-02-22
PER-0246,Kishore Pandian,Person,PER-0372,Amudha Sri,Person,Called,2.26,CDR,2025-06-24
PER-0246,Kishore Pandian,Person,PER-0349,Padmini Rani,Person,Called,0.5,CDR,2025-12-08
PER-0246,Kishore Pandian,Person,PER-0394,Hemanth Nathan,Person,Called,2.9,CDR,2025-04-15
PER-0247,Elango Shankar,Person,PER-0337,Jeeva Muthu,Person,Suspect-Associate,3.5,FIR,21-03-2026
PER-0247,Elango Shankar,Person,PER-0362,Indhu Rani,Person,Suspect-Witness,1.5,FIR,06-04-2026
PER-0247,Elango Shankar,Person,VEH-0041,Tn-33-Xx-1030,Vehicle,Used-Vehicle,2.0,FIR,06-04-2026
PER-0247,Elango Shankar,Person,PER-0330,Indhu Sri,Person,Reported-Suspect,6.0,FIR,12-05-2026
PER-0247,Elango Shankar,Person,VEH-0010,Tn-39-Zz-1044,Vehicle,Used-Vehicle,2.0,FIR,08-08-2026
PER-0247,Elango Shankar,Person,PER-0347,Bharath Balan,Person,Called,2.09,CDR,2025-02-02
PER-0247,Elango Shankar,Person,PER-0355,Ajith Nathan,Person,Called,3.0,CDR,2025-04-08
PER-0248,Gokul Karuppasamy,Person,PER-0384,Naveen Muthu,Person,Called,0.5,CDR,2026-03-08
PER-0248,Gokul Karuppasamy,Person,PER-0336,Inban Palanisamy,Person,Called,0.62,CDR,2025-11-05
PER-0248,Gokul Karuppasamy,Person,PER-0366,Deepak Muthu,Person,Called,2.08,CDR,2026-02-03
PER-0248,Gokul Karuppasamy,Person,PER-0256,Bharathi Raman,Person,Called,0.93,CDR,2025-03-06
PER-0248,Gokul Karuppasamy,Person,PER-0353,Divya Sekar,Person,Called,0.65,CDR,2026-05-17
PER-0248,Gokul Karuppasamy,Person,PER-0299,Hemanth Raj,Person,Called,2.81,CDR,2025-08-01
PER-0250,Vasanthi Kannan,Person,PER-0355,Ajith Nathan,Person,Called,1.55,CDR,2025-12-26
PER-0250,Vasanthi Kannan,Person,PER-0260,Bharath Babu,Person,Called,1.82,CDR,2025-08-27
PER-0250,Vasanthi Kannan,Person,PER-0333,Kishore Chandran,Person,Called,0.5,CDR,2026-06-03
PER-0250,Vasanthi Kannan,Person,PER-0382,Gayathri Krishnan,Person,Called,2.86,CDR,2025-09-24
PER-0250,Vasanthi Kannan,Person,PER-0352,Yuvaraj Natarajan,Person,Called,2.82,CDR,2025-03-14
PER-0250,Vasanthi Kannan,Person,PER-0381,Priya Selvi,Person,Called,0.5,CDR,2025-01-03
PER-0251,Kishore Velan,Person,PER-0291,Mythili Murugan,Person,Called,0.5,CDR,2025-03-01
PER-0251,Kishore Velan,Person,PER-0311,Meena Krishnan,Person,Called,1.75,CDR,2026-07-01
PER-0251,Kishore Velan,Person,PER-0252,Kalaiselvi Sri,Person,Called,0.69,CDR,2025-09-17
PER-0251,Kishore Velan,Person,PER-0289,Bhuvana Raman,Person,Called,2.15,CDR,2026-02-13
PER-0251,Kishore Velan,Person,PER-0332,Vasanthi Ammal,Person,Called,2.07,CDR,2025-07-02
PER-0251,Kishore Velan,Person,PER-0316,Mohan Ramasamy,Person,Called,0.5,CDR,2025-09-22
PER-0252,Kalaiselvi Sri,Person,PER-0295,Gopal Karuppasamy,Person,Called,0.5,CDR,2026-02-19
PER-0252,Kalaiselvi Sri,Person,PER-0277,Karthik Rajan,Person,Called,0.79,CDR,2026-05-08
PER-0252,Kalaiselvi Sri,Person,PER-0360,Sanjay Palanisamy,Person,Called,2.69,CDR,2026-06-07
PER-0252,Kalaiselvi Sri,Person,PER-0302,Buvaneswari Murugan,Person,Called,3.01,CDR,2025-12-25
PER-0252,Kalaiselvi Sri,Person,PER-0363,Gunasekar Prakash,Person,Called,0.5,CDR,2026-06-01
PER-0252,Kalaiselvi Sri,Person,PER-0332,Vasanthi Ammal,Person,Called,0.5,CDR,2025-04-11
PER-0252,Kalaiselvi Sri,Person,PER-0391,Mohan Velan,Person,Called,0.5,CDR,2025-02-22
PER-0253,Harish Murugan,Person,PER-0254,Tamilarasan Selvam,Person,Associate-Witness,1.0,FIR,02-09-2025
PER-0253,Harish Murugan,Person,PER-0259,Chithra Kannan,Person,Suspect-Associate,3.5,FIR,03-10-2025
PER-0253,Harish Murugan,Person,VEH-0037,Tn-01-Zz-1053,Vehicle,Used-Vehicle,1.5,FIR,03-10-2025
PER-0253,Harish Murugan,Person,PER-0275,Harish Selvam,Person,Reported-Suspect,6.0,FIR,16-03-2026
PER-0253,Harish Murugan,Person,PER-0365,Karthik Shankar,Person,Suspect-Associate,7.0,FIR,08-04-2026
PER-0253,Harish Murugan,Person,PER-0319,Babu Murugan,Person,Reported-Suspect,6.0,FIR,26-06-2026
PER-0253,Harish Murugan,Person,VEH-0032,Tn-58-Xx-1084,Vehicle,Used-Vehicle,2.0,FIR,02-07-2026
PER-0253,Harish Murugan,Person,PER-0370,Kavitha Sri,Person,Suspect-Associate,3.5,FIR,29-06-2026
PER-0253,Harish Murugan,Person,PER-0265,Harini Sri,Person,Called,0.5,CDR,2025-05-13
PER-0253,Harish Murugan,Person,PER-0303,Yogesh Gopal,Person,Called,2.22,CDR,2025-09-22
PER-0254,Tamilarasan Selvam,Person,PER-0308,Kannan Shankar,Person,Suspect-Associate,3.5,FIR,26-11-2025
PER-0254,Tamilarasan Selvam,Person,PER-0397,Buvaneswari Rani,Person,Called,0.5,CDR,2025-11-17
PER-0254,Tamilarasan Selvam,Person,PER-0401,Harini Selvam,Person,Called,2.34,CDR,2025-10-05
PER-0254,Tamilarasan Selvam,Person,PER-0267,Siva Selvam,Person,Called,0.5,CDR,2026-07-09
PER-0255,Kalaiselvi Devi,Person,PER-0334,Latha Ammal,Person,Called,1.53,CDR,2025-06-06
PER-0255,Kalaiselvi Devi,Person,PER-0381,Priya Selvi,Person,Called,1.32,CDR,2025-11-11
PER-0255,Kalaiselvi Devi,Person,PER-0392,Buvaneswari Devi,Person,Called,1.68,CDR,2026-07-28
PER-0255,Kalaiselvi Devi,Person,PER-0313,Ezhilan Rajan,Person,Called,1.01,CDR,2025-11-19
PER-0255,Kalaiselvi Devi,Person,PER-0358,Venkat Kumar,Person,Called,2.28,CDR,2025-09-23
PER-0255,Kalaiselvi Devi,Person,PER-0265,Harini Sri,Person,Called,0.5,CDR,2025-09-18
PER-0255,Kalaiselvi Devi,Person,PER-0364,Janani Sekar,Person,Called,0.5,CDR,2025-11-08
PER-0255,Kalaiselvi Devi,Person,PER-0305,Sudha Bai,Person,Called,0.5,CDR,2025-01-20
PER-0255,Kalaiselvi Devi,Person,PER-0319,Babu Murugan,Person,Called,3.0,CDR,2025-09-25
PER-0256,Bharathi Raman,Person,PER-0292,Ezhilan Sundaram,Person,Complainant-Victim,2.0,FIR,27-01-2026
PER-0256,Bharathi Raman,Person,PER-0308,Kannan Shankar,Person,Victim-Suspect,3.0,FIR,27-01-2026
PER-0256,Bharathi Raman,Person,PER-0361,Abirami Rani,Person,Called,0.84,CDR,2025-03-08
PER-0256,Bharathi Raman,Person,PER-0377,Selvam Babu,Person,Called,3.0,CDR,2025-08-05
PER-0256,Bharathi Raman,Person,PER-0368,Gokul Babu,Person,Called,0.61,CDR,2025-04-01
PER-0256,Bharathi Raman,Person,PER-0282,Yuvaraj Anand,Person,Called,0.91,CDR,2025-02-16
PER-0256,Bharathi Raman,Person,PER-0264,Gayathri Raman,Person,Called,2.2,CDR,2025-07-12
PER-0257,Geetha Kumari,Person,PER-0332,Vasanthi Ammal,Person,Called,0.5,CDR,2026-06-03
PER-0257,Geetha Kumari,Person,PER-0334,Latha Ammal,Person,Called,0.5,CDR,2026-03-27
PER-0257,Geetha Kumari,Person,PER-0295,Gopal Karuppasamy,Person,Called,1.86,CDR,2026-05-09
PER-0257,Geetha Kumari,Person,PER-0320,Kavitha Devi,Person,Called,0.5,CDR,2025-08-13
PER-0257,Geetha Kumari,Person,PER-0395,Udhay Ramasamy,Person,Called,2.11,CDR,2025-02-23
PER-0257,Geetha Kumari,Person,PER-0263,Naveen Mani,Person,Called,1.42,CDR,2025-10-24
PER-0257,Geetha Kumari,Person,PER-0386,Bharathi Sri,Person,Called,2.79,CDR,2025-03-30
PER-0257,Geetha Kumari,Person,PER-0341,Madhan Nathan,Person,Called,1.02,CDR,2026-07-28
PER-0258,Anand Palanisamy,Person,VEH-0001,Tn-47-Zz-1038,Vehicle,Used-Vehicle,1.5,FIR,06-09-2025
PER-0258,Anand Palanisamy,Person,PER-0383,Jothi Murugan,Person,Reported-Suspect,3.0,FIR,16-06-2026
PER-0258,Anand Palanisamy,Person,PER-0274,Tamilarasan Karuppasamy,Person,Victim-Suspect,3.0,FIR,16-06-2026
PER-0258,Anand Palanisamy,Person,VEH-0005,Tn-38-Zz-1071,Vehicle,Used-Vehicle,2.0,FIR,19-06-2026
PER-0258,Anand Palanisamy,Person,PER-0319,Babu Murugan,Person,Called,0.88,CDR,2026-07-26
PER-0258,Anand Palanisamy,Person,PER-0299,Hemanth Raj,Person,Called,0.55,CDR,2025-11-15
PER-0258,Anand Palanisamy,Person,PER-0325,Rajeshwari Devi,Person,Called,0.5,CDR,2026-04-14
PER-0258,Anand Palanisamy,Person,PER-0394,Hemanth Nathan,Person,Called,3.0,CDR,2025-01-25
PER-0258,Anand Palanisamy,Person,PER-0298,Suresh Selvam,Person,Called,0.5,CDR,2025-10-21
PER-0258,Anand Palanisamy,Person,PER-0390,Vidhya Sri,Person,Called,1.69,CDR,2025-05-24
PER-0258,Anand Palanisamy,Person,PER-0360,Sanjay Palanisamy,Person,Called,1.3,CDR,2026-03-25
PER-0259,Chithra Kannan,Person,VEH-0036,Tn-39-Yy-1016,Vehicle,Used-Vehicle,2.0,FIR,22-09-2025
PER-0259,Chithra Kannan,Person,VEH-0037,Tn-01-Zz-1053,Vehicle,Used-Vehicle,2.0,FIR,03-10-2025
PER-0259,Chithra Kannan,Person,PER-0282,Yuvaraj Anand,Person,Reported-Suspect,6.0,FIR,10-10-2025
PER-0259,Chithra Kannan,Person,PER-0364,Janani Sekar,Person,Called,0.5,CDR,2025-08-08
PER-0260,Bharath Babu,Person,PER-0283,Nandhini Selvi,Person,Called,2.32,CDR,2025-03-03
PER-0260,Bharath Babu,Person,PER-0399,Praveen Shankar,Person,Called,0.5,CDR,2025-11-18
PER-0260,Bharath Babu,Person,PER-0371,Bhuvana Kannan,Person,Called,0.5,CDR,2025-10-16
PER-0260,Bharath Babu,Person,PER-0287,Venkat Prakash,Person,Called,1.47,CDR,2025-08-29
PER-0260,Bharath Babu,Person,PER-0288,Kumaran Murugan,Person,Called,2.58,CDR,2026-05-09
PER-0260,Bharath Babu,Person,PER-0307,Deviga Krishnan,Person,Called,0.5,CDR,2025-08-28
PER-0260,Bharath Babu,Person,PER-0278,Lavanya Raj,Person,Called,1.24,CDR,2025-06-28
PER-0261,Nithya Rani,Person,PER-0284,Kishore Arumugam,Person,Suspect-Witness,3.0,FIR,22-10-2025
PER-0261,Nithya Rani,Person,PER-0293,Babu Balan,Person,Associate-Witness,2.0,FIR,22-10-2025
PER-0261,Nithya Rani,Person,PER-0303,Yogesh Gopal,Person,Suspect-Witness,1.5,FIR,29-12-2025
PER-0262,Praveen Anand,Person,PER-0263,Naveen Mani,Person,Called,0.5,CDR,2026-03-18
PER-0262,Praveen Anand,Person,PER-0384,Naveen Muthu,Person,Called,0.5,CDR,2025-03-24
PER-0262,Praveen Anand,Person,PER-0382,Gayathri Krishnan,Person,Called,0.5,CDR,2025-07-09
PER-0262,Praveen Anand,Person,PER-0315,Chithra Raman,Person,Called,2.25,CDR,2026-06-19
PER-0262,Praveen Anand,Person,PER-0298,Suresh Selvam,Person,Called,2.91,CDR,2025-04-11
PER-0263,Naveen Mani,Person,PER-0311,Meena Krishnan,Person,Called,1.19,CDR,2025-06-25
PER-0263,Naveen Mani,Person,PER-0345,Sanjay Anand,Person,Called,0.5,CDR,2025-07-30
PER-0263,Naveen Mani,Person,PER-0392,Buvaneswari Devi,Person,Called,3.0,CDR,2026-03-31
PER-0263,Naveen Mani,Person,PER-0339,Revathi Bai,Person,Called,1.35,CDR,2025-09-15
PER-0263,Naveen Mani,Person,PER-0270,Ravi Gopal,Person,Called,0.74,CDR,2025-06-15
PER-0263,Naveen Mani,Person,PER-0395,Udhay Ramasamy,Person,Called,2.26,CDR,2025-09-18
PER-0263,Naveen Mani,Person,PER-0274,Tamilarasan Karuppasamy,Person,Called,2.01,CDR,2025-02-22
PER-0263,Naveen Mani,Person,PER-0298,Suresh Selvam,Person,Called,0.5,CDR,2025-08-04
PER-0264,Gayathri Raman,Person,PER-0366,Deepak Muthu,Person,Called,1.11,CDR,2026-02-12
PER-0264,Gayathri Raman,Person,PER-0350,Priya Raman,Person,Called,0.5,CDR,2025-10-03
PER-0264,Gayathri Raman,Person,PER-0372,Amudha Sri,Person,Called,0.96,CDR,2025-09-06
PER-0264,Gayathri Raman,Person,PER-0346,Inban Pandian,Person,Called,2.77,CDR,2025-05-14
PER-0264,Gayathri Raman,Person,PER-0334,Latha Ammal,Person,Called,0.5,CDR,2026-06-01
PER-0264,Gayathri Raman,Person,PER-0395,Udhay Ramasamy,Person,Called,0.5,CDR,2025-06-28
PER-0264,Gayathri Raman,Person,PER-0269,Selvam Natarajan,Person,Called,1.69,CDR,2026-07-01
PER-0265,Harini Sri,Person,PER-0311,Meena Krishnan,Person,Called,3.0,CDR,2025-02-12
PER-0265,Harini Sri,Person,PER-0274,Tamilarasan Karuppasamy,Person,Called,0.5,CDR,2026-05-10
PER-0265,Harini Sri,Person,PER-0275,Harish Selvam,Person,Called,1.4,CDR,2026-06-10
PER-0265,Harini Sri,Person,PER-0283,Nandhini Selvi,Person,Called,1.5,CDR,2026-05-28
PER-0265,Harini Sri,Person,PER-0344,Malathi Bai,Person,Called,1.68,CDR,2026-03-20
PER-0265,Harini Sri,Person,PER-0288,Kumaran Murugan,Person,Called,1.53,CDR,2025-10-05
PER-0265,Harini Sri,Person,PER-0341,Madhan Nathan,Person,Called,3.0,CDR,2026-04-30
PER-0266,Bharath Gopal,Person,PER-0297,Karthik Balan,Person,Called,0.5,CDR,2026-01-17
PER-0266,Bharath Gopal,Person,PER-0339,Revathi Bai,Person,Called,0.5,CDR,2025-03-23
PER-0266,Bharath Gopal,Person,PER-0303,Yogesh Gopal,Person,Called,0.5,CDR,2025-01-15
PER-0266,Bharath Gopal,Person,PER-0327,Abirami Bai,Person,Called,2.31,CDR,2025-04-05
PER-0267,Siva Selvam,Person,VEH-0047,Tn-57-Yy-1064,Vehicle,Used-Vehicle,1.5,FIR,07-01-2026
PER-0267,Siva Selvam,Person,VEH-0054,Tn-38-Xx-1069,Vehicle,Used-Vehicle,1.5,FIR,14-02-2026
PER-0267,Siva Selvam,Person,PER-0376,Harish Pandian,Person,Called,2.98,CDR,2025-04-22
PER-0267,Siva Selvam,Person,PER-0294,Chithra Ammal,Person,Called,1.17,CDR,2026-01-14
PER-0267,Siva Selvam,Person,PER-0287,Venkat Prakash,Person,Called,2.29,CDR,2026-07-04
PER-0268,Jeeva Rajan,Person,PER-0372,Amudha Sri,Person,Called,2.55,CDR,2026-01-10
PER-0268,Jeeva Rajan,Person,PER-0345,Sanjay Anand,Person,Called,1.5,CDR,2025-01-23
PER-0269,Selvam Natarajan,Person,PER-0365,Karthik Shankar,Person,Reported-Suspect,6.0,FIR,11-04-2026
PER-0269,Selvam Natarajan,Person,PER-0283,Nandhini Selvi,Person,Called,3.0,CDR,2025-06-10
PER-0269,Selvam Natarajan,Person,PER-0286,Gopal Gopal,Person,Called,0.5,CDR,2025-03-26
PER-0269,Selvam Natarajan,Person,PER-0293,Babu Balan,Person,Called,1.44,CDR,2025-06-12
PER-0269,Selvam Natarajan,Person,PER-0305,Sudha Bai,Person,Called,2.23,CDR,2025-11-26
PER-0269,Selvam Natarajan,Person,PER-0281,Ganesh Subramani,Person,Called,2.63,CDR,2025-08-11
PER-0269,Selvam Natarajan,Person,PER-0344,Malathi Bai,Person,Called,0.73,CDR,2025-07-04
PER-0269,Selvam Natarajan,Person,PER-0276,Harish Subramani,Person,Called,2.79,CDR,2025-11-27
PER-0270,Ravi Gopal,Person,PER-0355,Ajith Nathan,Person,Reported-Suspect,6.0,FIR,10-04-2026
PER-0270,Ravi Gopal,Person,PER-0367,Yogesh Sekar,Person,Called,0.74,CDR,2026-03-02
PER-0270,Ravi Gopal,Person,PER-0298,Suresh Selvam,Person,Called,2.3,CDR,2025-11-11
PER-0270,Ravi Gopal,Person,PER-0319,Babu Murugan,Person,Called,0.5,CDR,2026-07-07
PER-0270,Ravi Gopal,Person,PER-0277,Karthik Rajan,Person,Called,0.71,CDR,2025-06-07
PER-0270,Ravi Gopal,Person,PER-0353,Divya Sekar,Person,Called,0.5,CDR,2025-01-09
PER-0270,Ravi Gopal,Person,PER-0314,Gopal Natarajan,Person,Called,0.5,CDR,2026-05-08
PER-0271,Kumaran Subramani,Person,PER-0282,Yuvaraj Anand,Person,Called,0.5,CDR,2025-06-26
PER-0271,Kumaran Subramani,Person,PER-0324,Malathi Devi,Person,Called,2.57,CDR,2026-07-29
PER-0271,Kumaran Subramani,Person,PER-0321,Revathi Raman,Person,Called,1.47,CDR,2025-04-20
PER-0272,Divya Devi,Person,PER-0397,Buvaneswari Rani,Person,Called,0.62,CDR,2025-01-02
PER-0272,Divya Devi,Person,PER-0325,Rajeshwari Devi,Person,Called,0.5,CDR,2025-11-03
PER-0273,Lakshmi Raman,Person,PER-0308,Kannan Shankar,Person,Reported-Suspect,6.0,FIR,17-11-2025
PER-0273,Lakshmi Raman,Person,PER-0321,Revathi Raman,Person,Called,1.29,CDR,2025-01-19
PER-0273,Lakshmi Raman,Person,PER-0278,Lavanya Raj,Person,Called,2.93,CDR,2025-03-24
PER-0273,Lakshmi Raman,Person,PER-0365,Karthik Shankar,Person,Called,1.92,CDR,2025-08-31
PER-0273,Lakshmi Raman,Person,PER-0374,Lokesh Murugan,Person,Called,0.5,CDR,2026-02-05
PER-0273,Lakshmi Raman,Person,PER-0312,Deepa Devi,Person,Called,1.61,CDR,2026-06-14
PER-0274,Tamilarasan Karuppasamy,Person,PER-0275,Harish Selvam,Person,Complainant-Victim,2.0,FIR,30-09-2025
PER-0274,Tamilarasan Karuppasamy,Person,PER-0383,Jothi Murugan,Person,Complainant-Victim,2.0,FIR,16-06-2026
PER-0274,Tamilarasan Karuppasamy,Person,PER-0384,Naveen Muthu,Person,Called,2.29,CDR,2025-05-04
PER-0274,Tamilarasan Karuppasamy,Person,PER-0340,Vignesh Babu,Person,Called,1.53,CDR,2025-12-08
PER-0274,Tamilarasan Karuppasamy,Person,PER-0323,Meena Murugan,Person,Called,3.0,CDR,2025-02-19
PER-0274,Tamilarasan Karuppasamy,Person,PER-0319,Babu Murugan,Person,Called,0.57,CDR,2025-11-04
PER-0274,Tamilarasan Karuppasamy,Person,PER-0374,Lokesh Murugan,Person,Called,2.45,CDR,2026-07-30
PER-0275,Harish Selvam,Person,PER-0378,Senthil Raman,Person,Called,1.29,CDR,2025-07-21
PER-0275,Harish Selvam,Person,PER-0381,Priya Selvi,Person,Called,2.2,CDR,2026-06-24
PER-0275,Harish Selvam,Person,PER-0395,Udhay Ramasamy,Person,Called,3.0,CDR,2026-06-09
PER-0275,Harish Selvam,Person,PER-0301,Venkat Pandian,Person,Called,0.5,CDR,2026-05-20
PER-0276,Harish Subramani,Person,PER-0277,Karthik Rajan,Person,Reported-Suspect,6.0,FIR,03-10-2025
PER-0276,Harish Subramani,Person,PER-0372,Amudha Sri,Person,Called,0.5,CDR,2025-05-01
PER-0276,Harish Subramani,Person,PER-0332,Vasanthi Ammal,Person,Called,0.5,CDR,2025-05-16
PER-0277,Karthik Rajan,Person,PER-0318,Harish Anand,Person,Reported-Suspect,6.0,FIR,16-12-2025
PER-0277,Karthik Rajan,Person,PER-0344,Malathi Bai,Person,Reported-Suspect,6.0,FIR,16-02-2026
PER-0277,Karthik Rajan,Person,VEH-0055,Tn-33-Yy-1094,Vehicle,Used-Vehicle,2.0,FIR,16-02-2026
PER-0277,Karthik Rajan,Person,VEH-0056,Tn-38-Xx-1024,Vehicle,Used-Vehicle,1.5,FIR,17-02-2026
PER-0277,Karthik Rajan,Person,VEH-0060,Tn-47-Zz-1095,Vehicle,Used-Vehicle,2.0,FIR,14-03-2026
PER-0277,Karthik Rajan,Person,PER-0353,Divya Sekar,Person,Reported-Suspect,6.0,FIR,23-03-2026
PER-0277,Karthik Rajan,Person,VEH-0043,Tn-33-Yy-1007,Vehicle,Used-Vehicle,2.0,FIR,23-03-2026
PER-0277,Karthik Rajan,Person,PER-0351,Rajesh Chandran,Person,Suspect-Witness,1.5,FIR,29-08-2026
PER-0277,Karthik Rajan,Person,PER-0370,Kavitha Sri,Person,Called,2.97,CDR,2025-06-04
PER-0277,Karthik Rajan,Person,PER-0305,Sudha Bai,Person,Called,0.5,CDR,2026-05-30
PER-0277,Karthik Rajan,Person,PER-0366,Deepak Muthu,Person,Called,2.48,CDR,2026-04-16
PER-0277,Karthik Rajan,Person,PER-0293,Babu Balan,Person,Called,3.0,CDR,2026-02-03
PER-0278,Lavanya Raj,Person,PER-0279,Rakesh Muthu,Person,Reported-Suspect,6.0,FIR,04-10-2025
PER-0278,Lavanya Raj,Person,PER-0288,Kumaran Murugan,Person,Called,1.51,CDR,2026-06-15
PER-0278,Lavanya Raj,Person,PER-0369,Hemanth Arumugam,Person,Called,0.68,CDR,2026-06-26
PER-0278,Lavanya Raj,Person,PER-0353,Divya Sekar,Person,Called,0.5,CDR,2025-07-15
PER-0278,Lavanya Raj,Person,PER-0319,Babu Murugan,Person,Called,2.6,CDR,2026-01-18
PER-0278,Lavanya Raj,Person,PER-0364,Janani Sekar,Person,Called,2.5,CDR,2026-01-07
PER-0278,Lavanya Raj,Person,PER-0289,Bhuvana Raman,Person,Called,0.98,CDR,2025-08-16
PER-0278,Lavanya Raj,Person,PER-0366,Deepak Muthu,Person,Called,1.68,CDR,2026-03-05
PER-0279,Rakesh Muthu,Person,PER-0333,Kishore Chandran,Person,Called,1.65,CDR,2026-04-24
PER-0279,Rakesh Muthu,Person,PER-0381,Priya Selvi,Person,Called,1.97,CDR,2026-05-18
PER-0279,Rakesh Muthu,Person,PER-0350,Priya Raman,Person,Called,2.93,CDR,2026-07-30
PER-0280,Sanjay Gopal,Person,VEH-0038,Tn-30-Xx-1087,Vehicle,Used-Vehicle,2.0,FIR,04-10-2025
PER-0280,Sanjay Gopal,Person,PER-0374,Lokesh Murugan,Person,Called,2.42,CDR,2025-09-07
PER-0280,Sanjay Gopal,Person,PER-0281,Ganesh Subramani,Person,Called,1.92,CDR,2025-12-23
PER-0280,Sanjay Gopal,Person,PER-0286,Gopal Gopal,Person,Called,0.5,CDR,2025-01-09
PER-0280,Sanjay Gopal,Person,PER-0303,Yogesh Gopal,Person,Called,1.79,CDR,2026-01-06
PER-0281,Ganesh Subramani,Person,PER-0375,Inban Babu,Person,Called,3.0,CDR,2026-05-04
PER-0281,Ganesh Subramani,Person,PER-0324,Malathi Devi,Person,Called,2.77,CDR,2025-07-19
PER-0281,Ganesh Subramani,Person,PER-0382,Gayathri Krishnan,Person,Called,1.03,CDR,2026-06-01
PER-0281,Ganesh Subramani,Person,PER-0317,Chithra Devi,Person,Called,0.79,CDR,2025-01-10
PER-0281,Ganesh Subramani,Person,PER-0358,Venkat Kumar,Person,Called,0.5,CDR,2025-06-29
PER-0281,Ganesh Subramani,Person,PER-0366,Deepak Muthu,Person,Called,0.5,CDR,2025-09-15
PER-0281,Ganesh Subramani,Person,PER-0398,Sanjay Shankar,Person,Called,2.85,CDR,2025-11-08
PER-0281,Ganesh Subramani,Person,PER-0286,Gopal Gopal,Person,Called,0.5,CDR,2025-10-30
PER-0282,Yuvaraj Anand,Person,PER-0395,Udhay Ramasamy,Person,Called,0.5,CDR,2025-08-18
PER-0282,Yuvaraj Anand,Person,PER-0376,Harish Pandian,Person,Called,0.5,CDR,2025-08-05
PER-0282,Yuvaraj Anand,Person,PER-0349,Padmini Rani,Person,Called,2.1,CDR,2025-12-12
PER-0282,Yuvaraj Anand,Person,PER-0319,Babu Murugan,Person,Called,2.3,CDR,2025-05-04
PER-0282,Yuvaraj Anand,Person,PER-0297,Karthik Balan,Person,Called,0.5,CDR,2025-05-19
PER-0282,Yuvaraj Anand,Person,PER-0313,Ezhilan Rajan,Person,Called,2.76,CDR,2025-09-28
PER-0282,Yuvaraj Anand,Person,PER-0315,Chithra Raman,Person,Called,0.5,CDR,2026-06-05
PER-0283,Nandhini Selvi,Person,PER-0351,Rajesh Chandran,Person,Reported-Suspect,6.0,FIR,10-03-2026
PER-0283,Nandhini Selvi,Person,PER-0399,Praveen Shankar,Person,Called,2.38,CDR,2025-04-13
PER-0283,Nandhini Selvi,Person,PER-0312,Deepa Devi,Person,Called,3.0,CDR,2025-06-03
PER-0283,Nandhini Selvi,Person,PER-0349,Padmini Rani,Person,Called,0.5,CDR,2025-03-07
PER-0283,Nandhini Selvi,Person,PER-0393,Vidhya Bai,Person,Called,1.08,CDR,2025-08-12
PER-0283,Nandhini Selvi,Person,PER-0327,Abirami Bai,Person,Called,0.5,CDR,2025-12-05
PER-0283,Nandhini Selvi,Person,PER-0344,Malathi Bai,Person,Called,3.0,CDR,2026-07-15
PER-0284,Kishore Arumugam,Person,VEH-0039,Tn-38-Xx-1015,Vehicle,Used-Vehicle,4.0,FIR,18-10-2025
PER-0284,Kishore Arumugam,Person,PER-0292,Ezhilan Sundaram,Person,Reported-Suspect,6.0,FIR,22-10-2025
PER-0284,Kishore Arumugam,Person,PER-0293,Babu Balan,Person,Suspect-Associate,7.0,FIR,22-10-2025
PER-0284,Kishore Arumugam,Person,PER-0349,Padmini Rani,Person,Reported-Suspect,6.0,FIR,27-02-2026
PER-0284,Kishore Arumugam,Person,PER-0364,Janani Sekar,Person,Called,1.61,CDR,2025-04-13
PER-0284,Kishore Arumugam,Person,PER-0373,Anand Muthu,Person,Called,1.26,CDR,2025-12-23
PER-0285,Saravanan Gopal,Person,PER-0309,Sathish Ramasamy,Person,Reported-Suspect,6.0,FIR,19-11-2025
PER-0285,Saravanan Gopal,Person,PER-0323,Meena Murugan,Person,Called,1.91,CDR,2025-12-18
PER-0285,Saravanan Gopal,Person,PER-0367,Yogesh Sekar,Person,Called,2.68,CDR,2026-01-03
PER-0285,Saravanan Gopal,Person,PER-0388,Jothi Selvam,Person,Called,1.43,CDR,2025-04-23
PER-0285,Saravanan Gopal,Person,PER-0377,Selvam Babu,Person,Called,1.16,CDR,2025-06-09
PER-0285,Saravanan Gopal,Person,PER-0366,Deepak Muthu,Person,Called,0.81,CDR,2025-04-22
PER-0285,Saravanan Gopal,Person,PER-0399,Praveen Shankar,Person,Called,2.92,CDR,2025-05-13
PER-0285,Saravanan Gopal,Person,PER-0392,Buvaneswari Devi,Person,Called,3.0,CDR,2026-07-02
PER-0285,Saravanan Gopal,Person,PER-0350,Priya Raman,Person,Called,2.88,CDR,2025-12-12
PER-0286,Gopal Gopal,Person,PER-0287,Venkat Prakash,Person,Reported-Suspect,6.0,FIR,18-10-2025
PER-0286,Gopal Gopal,Person,PER-0300,Logesh Subramani,Person,Reported-Suspect,3.0,FIR,01-11-2025
PER-0286,Gopal Gopal,Person,PER-0341,Madhan Nathan,Person,Called,0.86,CDR,2026-05-27
PER-0286,Gopal Gopal,Person,PER-0394,Hemanth Nathan,Person,Called,2.02,CDR,2025-07-15
PER-0286,Gopal Gopal,Person,PER-0346,Inban Pandian,Person,Called,0.95,CDR,2025-06-06
PER-0286,Gopal Gopal,Person,PER-0397,Buvaneswari Rani,Person,Called,0.5,CDR,2025-11-14
PER-0287,Venkat Prakash,Person,PER-0288,Kumaran Murugan,Person,Suspect-Associate,3.5,FIR,18-10-2025
PER-0287,Venkat Prakash,Person,PER-0396,Nithya Devi,Person,Suspect-Associate,3.5,FIR,23-08-2026
PER-0287,Venkat Prakash,Person,PER-0377,Selvam Babu,Person,Called,2.64,CDR,2026-05-16
PER-0287,Venkat Prakash,Person,PER-0289,Bhuvana Raman,Person,Called,1.46,CDR,2025-09-20
PER-0287,Venkat Prakash,Person,PER-0334,Latha Ammal,Person,Called,0.5,CDR,2025-05-09
PER-0289,Bhuvana Raman,Person,PER-0299,Hemanth Raj,Person,Called,0.5,CDR,2026-07-31
PER-0289,Bhuvana Raman,Person,PER-0329,Nandha Muthu,Person,Called,1.4,CDR,2025-03-11
PER-0289,Bhuvana Raman,Person,PER-0314,Gopal Natarajan,Person,Called,1.56,CDR,2026-01-24
PER-0290,Latha Murugan,Person,PER-0297,Karthik Balan,Person,Reported-Suspect,6.0,FIR,20-12-2025
PER-0290,Latha Murugan,Person,PER-0371,Bhuvana Kannan,Person,Called,0.5,CDR,2025-08-02
PER-0290,Latha Murugan,Person,PER-0400,Hemanth Krishnan,Person,Called,2.29,CDR,2026-01-31
PER-0290,Latha Murugan,Person,PER-0366,Deepak Muthu,Person,Called,0.5,CDR,2025-08-15
PER-0290,Latha Murugan,Person,PER-0347,Bharath Balan,Person,Called,3.0,CDR,2025-04-21
PER-0290,Latha Murugan,Person,PER-0383,Jothi Murugan,Person,Called,0.97,CDR,2025-09-01
PER-0290,Latha Murugan,Person,PER-0298,Suresh Selvam,Person,Called,0.5,CDR,2025-06-10
PER-0290,Latha Murugan,Person,PER-0305,Sudha Bai,Person,Called,3.0,CDR,2026-06-05
PER-0291,Mythili Murugan,Person,PER-0338,Madhan Rajan,Person,Called,1.04,CDR,2026-03-14
PER-0291,Mythili Murugan,Person,PER-0364,Janani Sekar,Person,Called,3.0,CDR,2025-05-17
PER-0291,Mythili Murugan,Person,PER-0353,Divya Sekar,Person,Called,2.2,CDR,2025-03-10
PER-0291,Mythili Murugan,Person,PER-0370,Kavitha Sri,Person,Called,0.5,CDR,2026-05-20
PER-0291,Mythili Murugan,Person,PER-0373,Anand Muthu,Person,Called,0.5,CDR,2025-02-19
PER-0291,Mythili Murugan,Person,PER-0329,Nandha Muthu,Person,Called,2.7,CDR,2025-06-06
PER-0291,Mythili Murugan,Person,PER-0320,Kavitha Devi,Person,Called,0.74,CDR,2026-04-04
PER-0291,Mythili Murugan,Person,PER-0392,Buvaneswari Devi,Person,Called,0.59,CDR,2026-05-15
PER-0292,Ezhilan Sundaram,Person,PER-0308,Kannan Shankar,Person,Reported-Suspect,3.0,FIR,27-01-2026
PER-0292,Ezhilan Sundaram,Person,PER-0351,Rajesh Chandran,Person,Suspect-Witness,1.5,FIR,07-03-2026
PER-0293,Babu Balan,Person,VEH-0001,Tn-47-Zz-1038,Vehicle,Used-Vehicle,1.5,FIR,24-02-2026
PER-0293,Babu Balan,Person,PER-0394,Hemanth Nathan,Person,Called,2.72,CDR,2026-02-26
PER-0293,Babu Balan,Person,PER-0343,Malathi Murugan,Person,Called,1.46,CDR,2026-02-11
PER-0293,Babu Balan,Person,PER-0320,Kavitha Devi,Person,Called,0.5,CDR,2025-10-20
PER-0293,Babu Balan,Person,PER-0305,Sudha Bai,Person,Called,0.5,CDR,2025-02-12
PER-0294,Chithra Ammal,Person,PER-0358,Venkat Kumar,Person,Called,1.92,CDR,2026-01-13
PER-0294,Chithra Ammal,Person,PER-0300,Logesh Subramani,Person,Called,0.5,CDR,2026-01-30
PER-0294,Chithra Ammal,Person,PER-0324,Malathi Devi,Person,Called,0.5,CDR,2025-01-26
PER-0294,Chithra Ammal,Person,PER-0334,Latha Ammal,Person,Called,1.76,CDR,2026-03-07
PER-0294,Chithra Ammal,Person,PER-0389,Babu Krishnan,Person,Called,0.83,CDR,2025-11-28
PER-0294,Chithra Ammal,Person,PER-0395,Udhay Ramasamy,Person,Called,1.28,CDR,2026-07-13
PER-0294,Chithra Ammal,Person,PER-0360,Sanjay Palanisamy,Person,Called,1.21,CDR,2026-03-17
PER-0294,Chithra Ammal,Person,PER-0353,Divya Sekar,Person,Called,0.5,CDR,2025-11-21
PER-0295,Gopal Karuppasamy,Person,PER-0363,Gunasekar Prakash,Person,Called,1.0,CDR,2025-06-19
PER-0295,Gopal Karuppasamy,Person,PER-0320,Kavitha Devi,Person,Called,2.69,CDR,2026-05-18
PER-0295,Gopal Karuppasamy,Person,PER-0361,Abirami Rani,Person,Called,0.5,CDR,2026-04-30
PER-0295,Gopal Karuppasamy,Person,PER-0301,Venkat Pandian,Person,Called,0.5,CDR,2025-04-20
PER-0295,Gopal Karuppasamy,Person,PER-0350,Priya Raman,Person,Called,2.57,CDR,2026-07-27
PER-0295,Gopal Karuppasamy,Person,PER-0346,Inban Pandian,Person,Called,0.5,CDR,2025-07-09
PER-0296,Praveen Raman,Person,PER-0297,Karthik Balan,Person,Reported-Suspect,6.0,FIR,27-10-2025
PER-0296,Praveen Raman,Person,PER-0366,Deepak Muthu,Person,Called,0.5,CDR,2025-11-26
PER-0296,Praveen Raman,Person,PER-0398,Sanjay Shankar,Person,Called,0.5,CDR,2025-05-03
PER-0296,Praveen Raman,Person,PER-0325,Rajeshwari Devi,Person,Called,1.31,CDR,2025-11-17
PER-0296,Praveen Raman,Person,PER-0395,Udhay Ramasamy,Person,Called,0.5,CDR,2026-01-18
PER-0297,Karthik Balan,Person,VEH-0014,Tn-45-Xx-1036,Vehicle,Used-Vehicle,2.0,FIR,06-12-2025
PER-0297,Karthik Balan,Person,PER-0345,Sanjay Anand,Person,Called,1.09,CDR,2025-11-26
PER-0298,Suresh Selvam,Person,PER-0308,Kannan Shankar,Person,Suspect-Associate,3.5,FIR,17-11-2025
PER-0298,Suresh Selvam,Person,VEH-0041,Tn-33-Xx-1030,Vehicle,Used-Vehicle,1.5,FIR,17-11-2025
PER-0298,Suresh Selvam,Person,PER-0326,Gopal Balan,Person,Called,0.88,CDR,2025-03-16
PER-0299,Hemanth Raj,Person,PER-0332,Vasanthi Ammal,Person,Called,2.41,CDR,2026-05-24
PER-0299,Hemanth Raj,Person,PER-0374,Lokesh Murugan,Person,Called,0.5,CDR,2025-05-29
PER-0300,Logesh Subramani,Person,PER-0312,Deepa Devi,Person,Reported-Suspect,6.0,FIR,02-12-2025
PER-0300,Logesh Subramani,Person,VEH-0037,Tn-01-Zz-1053,Vehicle,Used-Vehicle,2.0,FIR,06-12-2025
PER-0300,Logesh Subramani,Person,PER-0400,Hemanth Krishnan,Person,Called,1.36,CDR,2026-07-14
PER-0301,Venkat Pandian,Person,PER-0390,Vidhya Sri,Person,Called,2.62,CDR,2026-05-12
PER-0301,Venkat Pandian,Person,PER-0317,Chithra Devi,Person,Called,1.96,CDR,2026-04-09
PER-0301,Venkat Pandian,Person,PER-0359,Suresh Thangaraj,Person,Called,2.49,CDR,2025-03-30
PER-0301,Venkat Pandian,Person,PER-0319,Babu Murugan,Person,Called,3.0,CDR,2025-02-14
PER-0301,Venkat Pandian,Person,PER-0338,Madhan Rajan,Person,Called,3.0,CDR,2026-07-17
PER-0301,Venkat Pandian,Person,PER-0367,Yogesh Sekar,Person,Called,0.5,CDR,2025-08-12
PER-0301,Venkat Pandian,Person,PER-0343,Malathi Murugan,Person,Called,0.5,CDR,2025-01-18
PER-0301,Venkat Pandian,Person,PER-0375,Inban Babu,Person,Called,1.49,CDR,2025-07-27
PER-0302,Buvaneswari Murugan,Person,PER-0332,Vasanthi Ammal,Person,Called,2.19,CDR,2025-01-23
PER-0302,Buvaneswari Murugan,Person,PER-0330,Indhu Sri,Person,Called,1.45,CDR,2025-07-27
PER-0302,Buvaneswari Murugan,Person,PER-0342,Manoj Sekar,Person,Called,0.5,CDR,2025-05-15
PER-0302,Buvaneswari Murugan,Person,PER-0393,Vidhya Bai,Person,Called,0.5,CDR,2025-09-14
PER-0302,Buvaneswari Murugan,Person,PER-0374,Lokesh Murugan,Person,Called,2.89,CDR,2025-01-08
PER-0302,Buvaneswari Murugan,Person,PER-0348,Arun Raj,Person,Called,2.72,CDR,2025-11-09
PER-0303,Yogesh Gopal,Person,PER-0304,Uma Bai,Person,Suspect-Witness,1.5,FIR,12-11-2025
PER-0303,Yogesh Gopal,Person,PER-0320,Kavitha Devi,Person,Reported-Suspect,6.0,FIR,21-12-2025
PER-0303,Yogesh Gopal,Person,VEH-0039,Tn-38-Xx-1015,Vehicle,Used-Vehicle,2.0,FIR,21-12-2025
PER-0303,Yogesh Gopal,Person,PER-0325,Rajeshwari Devi,Person,Reported-Suspect,3.0,FIR,29-12-2025
PER-0303,Yogesh Gopal,Person,PER-0326,Gopal Balan,Person,Victim-Suspect,3.0,FIR,29-12-2025
PER-0303,Yogesh Gopal,Person,PER-0349,Padmini Rani,Person,Called,0.5,CDR,2026-07-28
PER-0303,Yogesh Gopal,Person,PER-0397,Buvaneswari Rani,Person,Called,0.5,CDR,2025-11-17
PER-0303,Yogesh Gopal,Person,PER-0337,Jeeva Muthu,Person,Called,1.02,CDR,2026-04-25
PER-0304,Uma Bai,Person,PER-0314,Gopal Natarajan,Person,Suspect-Associate,3.5,FIR,03-12-2025
PER-0305,Sudha Bai,Person,PER-0379,Gopal Mani,Person,Called,2.01,CDR,2026-07-25
PER-0305,Sudha Bai,Person,PER-0366,Deepak Muthu,Person,Called,0.81,CDR,2025-12-24
PER-0305,Sudha Bai,Person,PER-0400,Hemanth Krishnan,Person,Called,2.74,CDR,2026-03-11
PER-0306,Dharani Selvam,Person,PER-0334,Latha Ammal,Person,Reported-Suspect,6.0,FIR,17-01-2026
PER-0306,Dharani Selvam,Person,PER-0400,Hemanth Krishnan,Person,Called,0.94,CDR,2025-07-12
PER-0306,Dharani Selvam,Person,PER-0341,Madhan Nathan,Person,Called,0.5,CDR,2025-08-23
PER-0306,Dharani Selvam,Person,PER-0397,Buvaneswari Rani,Person,Called,1.78,CDR,2026-06-10
PER-0306,Dharani Selvam,Person,PER-0311,Meena Krishnan,Person,Called,0.5,CDR,2026-06-10
PER-0306,Dharani Selvam,Person,PER-0383,Jothi Murugan,Person,Called,2.63,CDR,2025-10-13
PER-0306,Dharani Selvam,Person,PER-0398,Sanjay Shankar,Person,Called,3.0,CDR,2025-05-04
PER-0307,Deviga Krishnan,Person,PER-0359,Suresh Thangaraj,Person,Complainant-Victim,2.0,FIR,03-04-2026
PER-0307,Deviga Krishnan,Person,PER-0342,Manoj Sekar,Person,Called,3.6,CDR,2026-06-21
PER-0307,Deviga Krishnan,Person,PER-0382,Gayathri Krishnan,Person,Called,0.5,CDR,2026-04-22
PER-0307,Deviga Krishnan,Person,PER-0385,Praveen Muthu,Person,Called,1.75,CDR,2026-05-16
PER-0307,Deviga Krishnan,Person,PER-0374,Lokesh Murugan,Person,Called,1.67,CDR,2025-07-05
PER-0308,Kannan Shankar,Person,VEH-0041,Tn-33-Xx-1030,Vehicle,Used-Vehicle,2.0,FIR,17-11-2025
PER-0308,Kannan Shankar,Person,PER-0338,Madhan Rajan,Person,Called,0.5,CDR,2025-01-07
PER-0308,Kannan Shankar,Person,PER-0390,Vidhya Sri,Person,Called,0.85,CDR,2026-06-27
PER-0308,Kannan Shankar,Person,PER-0364,Janani Sekar,Person,Called,0.5,CDR,2025-02-11
PER-0309,Sathish Ramasamy,Person,PER-0342,Manoj Sekar,Person,Called,1.15,CDR,2025-04-22
PER-0309,Sathish Ramasamy,Person,PER-0332,Vasanthi Ammal,Person,Called,0.5,CDR,2025-08-09
PER-0311,Meena Krishnan,Person,PER-0335,Jeeva Krishnan,Person,Called,3.0,CDR,2026-05-08
PER-0311,Meena Krishnan,Person,PER-0392,Buvaneswari Devi,Person,Called,0.5,CDR,2026-06-16
PER-0312,Deepa Devi,Person,PER-0317,Chithra Devi,Person,Called,3.0,CDR,2025-12-31
PER-0312,Deepa Devi,Person,PER-0323,Meena Murugan,Person,Called,0.5,CDR,2026-06-22
PER-0313,Ezhilan Rajan,Person,VEH-0043,Tn-33-Yy-1007,Vehicle,Used-Vehicle,2.0,FIR,03-12-2025
PER-0313,Ezhilan Rajan,Person,PER-0401,Harini Selvam,Person,Called,0.5,CDR,2025-04-13
PER-0313,Ezhilan Rajan,Person,PER-0393,Vidhya Bai,Person,Called,1.1,CDR,2025-06-14
PER-0313,Ezhilan Rajan,Person,PER-0334,Latha Ammal,Person,Called,0.5,CDR,2026-02-07
PER-0314,Gopal Natarajan,Person,PER-0366,Deepak Muthu,Person,Called,0.5,CDR,2025-09-26
PER-0315,Chithra Raman,Person,PER-0316,Mohan Ramasamy,Person,Reported-Suspect,3.0,FIR,04-12-2025
PER-0315,Chithra Raman,Person,PER-0360,Sanjay Palanisamy,Person,Reported-Suspect,6.0,FIR,11-07-2026
PER-0315,Chithra Raman,Person,PER-0364,Janani Sekar,Person,Called,0.5,CDR,2026-05-17
PER-0315,Chithra Raman,Person,PER-0381,Priya Selvi,Person,Called,1.15,CDR,2025-02-01
PER-0315,Chithra Raman,Person,PER-0368,Gokul Babu,Person,Called,2.06,CDR,2026-07-15
PER-0315,Chithra Raman,Person,PER-0333,Kishore Chandran,Person,Called,1.04,CDR,2026-01-01
PER-0315,Chithra Raman,Person,PER-0385,Praveen Muthu,Person,Called,0.5,CDR,2025-06-08
PER-0316,Mohan Ramasamy,Person,PER-0329,Nandha Muthu,Person,Suspect-Associate,3.5,FIR,01-01-2026
PER-0316,Mohan Ramasamy,Person,PER-0354,Naveen Krishnan,Person,Called,0.5,CDR,2026-07-23
PER-0316,Mohan Ramasamy,Person,PER-0337,Jeeva Muthu,Person,Called,0.5,CDR,2025-06-15
PER-0317,Chithra Devi,Person,PER-0327,Abirami Bai,Person,Called,1.88,CDR,2026-04-05
PER-0317,Chithra Devi,Person,PER-0357,Vijay Raman,Person,Called,1.47,CDR,2025-02-05
PER-0317,Chithra Devi,Person,PER-0329,Nandha Muthu,Person,Called,3.0,CDR,2025-01-10
PER-0317,Chithra Devi,Person,PER-0350,Priya Raman,Person,Called,0.5,CDR,2025-07-10
PER-0317,Chithra Devi,Person,PER-0318,Harish Anand,Person,Called,0.5,CDR,2026-02-06
PER-0317,Chithra Devi,Person,PER-0364,Janani Sekar,Person,Called,1.68,CDR,2026-05-16
PER-0317,Chithra Devi,Person,PER-0394,Hemanth Nathan,Person,Called,0.5,CDR,2025-07-09
PER-0317,Chithra Devi,Person,PER-0391,Mohan Velan,Person,Called,2.17,CDR,2026-07-18
PER-0318,Harish Anand,Person,PER-0374,Lokesh Murugan,Person,Called,1.25,CDR,2025-04-17
PER-0318,Harish Anand,Person,PER-0339,Revathi Bai,Person,Called,0.5,CDR,2026-04-06
PER-0318,Harish Anand,Person,PER-0398,Sanjay Shankar,Person,Called,0.5,CDR,2026-04-04
PER-0319,Babu Murugan,Person,PER-0323,Meena Murugan,Person,Complainant-Victim,2.0,FIR,23-12-2025
PER-0319,Babu Murugan,Person,PER-0331,Sanjay Velan,Person,Called,0.5,CDR,2025-02-28
PER-0319,Babu Murugan,Person,PER-0382,Gayathri Krishnan,Person,Called,2.22,CDR,2025-07-28
PER-0319,Babu Murugan,Person,PER-0386,Bharathi Sri,Person,Called,2.55,CDR,2025-09-05
PER-0319,Babu Murugan,Person,PER-0349,Padmini Rani,Person,Called,1.16,CDR,2026-06-15
PER-0319,Babu Murugan,Person,PER-0389,Babu Krishnan,Person,Called,2.97,CDR,2025-07-21
PER-0319,Babu Murugan,Person,PER-0367,Yogesh Sekar,Person,Called,2.85,CDR,2025-09-08
PER-0320,Kavitha Devi,Person,PER-0346,Inban Pandian,Person,Called,0.5,CDR,2026-02-26
PER-0320,Kavitha Devi,Person,PER-0382,Gayathri Krishnan,Person,Called,0.5,CDR,2025-10-02
PER-0320,Kavitha Devi,Person,PER-0344,Malathi Bai,Person,Called,0.61,CDR,2025-12-28
PER-0320,Kavitha Devi,Person,PER-0340,Vignesh Babu,Person,Called,0.5,CDR,2025-11-30
PER-0320,Kavitha Devi,Person,PER-0353,Divya Sekar,Person,Called,0.5,CDR,2025-01-10
PER-0321,Revathi Raman,Person,PER-0322,Kishore Muthu,Person,Associate-Witness,1.0,FIR,23-12-2025
PER-0321,Revathi Raman,Person,PER-0345,Sanjay Anand,Person,Suspect-Associate,3.5,FIR,18-02-2026
PER-0321,Revathi Raman,Person,VEH-0058,Tn-68-Xx-1045,Vehicle,Used-Vehicle,1.5,FIR,18-02-2026
PER-0322,Kishore Muthu,Person,PER-0347,Bharath Balan,Person,Suspect-Witness,1.5,FIR,23-02-2026
PER-0322,Kishore Muthu,Person,PER-0358,Venkat Kumar,Person,Called,0.5,CDR,2026-05-20
PER-0322,Kishore Muthu,Person,PER-0370,Kavitha Sri,Person,Called,0.5,CDR,2026-04-10
PER-0322,Kishore Muthu,Person,PER-0325,Rajeshwari Devi,Person,Called,2.91,CDR,2026-06-14
PER-0323,Meena Murugan,Person,PER-0378,Senthil Raman,Person,Called,0.5,CDR,2026-04-22
PER-0324,Malathi Devi,Person,PER-0372,Amudha Sri,Person,Called,2.02,CDR,2025-03-24
PER-0324,Malathi Devi,Person,PER-0370,Kavitha Sri,Person,Called,2.85,CDR,2025-04-25
PER-0324,Malathi Devi,Person,PER-0349,Padmini Rani,Person,Called,1.23,CDR,2025-01-14
PER-0325,Rajeshwari Devi,Person,PER-0326,Gopal Balan,Person,Complainant-Victim,2.0,FIR,29-12-2025
PER-0325,Rajeshwari Devi,Person,PER-0330,Indhu Sri,Person,Called,2.81,CDR,2025-08-02
PER-0325,Rajeshwari Devi,Person,PER-0369,Hemanth Arumugam,Person,Called,0.5,CDR,2026-04-08
PER-0326,Gopal Balan,Person,PER-0343,Malathi Murugan,Person,Called,0.5,CDR,2025-10-26
PER-0326,Gopal Balan,Person,PER-0333,Kishore Chandran,Person,Called,2.47,CDR,2025-01-12
PER-0327,Abirami Bai,Person,PER-0328,Latha Selvi,Person,Complainant-Victim,2.0,FIR,29-12-2025
PER-0327,Abirami Bai,Person,PER-0397,Buvaneswari Rani,Person,Called,1.96,CDR,2026-03-04
PER-0328,Latha Selvi,Person,PER-0380,Eswari Sri,Person,Called,2.38,CDR,2025-07-14
PER-0328,Latha Selvi,Person,PER-0338,Madhan Rajan,Person,Called,0.92,CDR,2025-04-26
PER-0328,Latha Selvi,Person,PER-0342,Manoj Sekar,Person,Called,1.75,CDR,2026-01-24
PER-0330,Indhu Sri,Person,PER-0345,Sanjay Anand,Person,Reported-Suspect,6.0,FIR,02-06-2026
PER-0330,Indhu Sri,Person,PER-0383,Jothi Murugan,Person,Called,1.33,CDR,2026-02-22
PER-0330,Indhu Sri,Person,PER-0349,Padmini Rani,Person,Called,0.5,CDR,2026-04-04
PER-0331,Sanjay Velan,Person,PER-0343,Malathi Murugan,Person,Reported-Suspect,6.0,FIR,08-08-2026
PER-0331,Sanjay Velan,Person,PER-0400,Hemanth Krishnan,Person,Called,0.5,CDR,2026-06-23
PER-0331,Sanjay Velan,Person,PER-0363,Gunasekar Prakash,Person,Called,0.5,CDR,2025-11-06
PER-0332,Vasanthi Ammal,Person,PER-0390,Vidhya Sri,Person,Called,1.3,CDR,2025-12-10
PER-0333,Kishore Chandran,Person,PER-0343,Malathi Murugan,Person,Called,2.86,CDR,2025-11-28
PER-0333,Kishore Chandran,Person,PER-0348,Arun Raj,Person,Called,0.5,CDR,2026-07-21
PER-0334,Latha Ammal,Person,PER-0373,Anand Muthu,Person,Called,0.56,CDR,2025-12-22
PER-0334,Latha Ammal,Person,PER-0353,Divya Sekar,Person,Called,0.5,CDR,2026-07-31
PER-0334,Latha Ammal,Person,PER-0367,Yogesh Sekar,Person,Called,2.54,CDR,2026-05-28
PER-0334,Latha Ammal,Person,PER-0380,Eswari Sri,Person,Called,1.97,CDR,2025-12-03
PER-0334,Latha Ammal,Person,PER-0351,Rajesh Chandran,Person,Called,3.0,CDR,2025-07-05
PER-0335,Jeeva Krishnan,Person,PER-0382,Gayathri Krishnan,Person,Called,2.0,CDR,2026-01-06
PER-0335,Jeeva Krishnan,Person,PER-0389,Babu Krishnan,Person,Called,0.5,CDR,2025-01-14
PER-0336,Inban Palanisamy,Person,PER-0341,Madhan Nathan,Person,Called,0.66,CDR,2026-05-18
PER-0336,Inban Palanisamy,Person,PER-0383,Jothi Murugan,Person,Called,3.0,CDR,2025-11-05
PER-0336,Inban Palanisamy,Person,PER-0401,Harini Selvam,Person,Called,3.0,CDR,2025-10-31
PER-0337,Jeeva Muthu,Person,VEH-0001,Tn-47-Zz-1038,Vehicle,Used-Vehicle,1.5,FIR,04-02-2026
PER-0337,Jeeva Muthu,Person,PER-0388,Jothi Selvam,Person,Called,2.7,CDR,2025-10-28
PER-0338,Madhan Rajan,Person,PER-0355,Ajith Nathan,Person,Reported-Suspect,6.0,FIR,24-05-2026
PER-0338,Madhan Rajan,Person,PER-0374,Lokesh Murugan,Person,Called,2.51,CDR,2026-05-10
PER-0338,Madhan Rajan,Person,PER-0367,Yogesh Sekar,Person,Called,0.5,CDR,2025-04-05
PER-0338,Madhan Rajan,Person,PER-0401,Harini Selvam,Person,Called,2.63,CDR,2025-05-25
PER-0338,Madhan Rajan,Person,PER-0380,Eswari Sri,Person,Called,0.97,CDR,2025-05-22
PER-0338,Madhan Rajan,Person,PER-0378,Senthil Raman,Person,Called,1.41,CDR,2025-06-19
PER-0339,Revathi Bai,Person,PER-0385,Praveen Muthu,Person,Called,2.96,CDR,2025-08-06
PER-0339,Revathi Bai,Person,PER-0380,Eswari Sri,Person,Called,3.0,CDR,2025-06-27
PER-0339,Revathi Bai,Person,PER-0353,Divya Sekar,Person,Called,0.86,CDR,2025-02-24
PER-0339,Revathi Bai,Person,PER-0376,Harish Pandian,Person,Called,0.5,CDR,2025-08-21
PER-0339,Revathi Bai,Person,PER-0394,Hemanth Nathan,Person,Called,0.5,CDR,2025-11-26
PER-0340,Vignesh Babu,Person,VEH-0001,Tn-47-Zz-1038,Vehicle,Used-Vehicle,1.5,FIR,10-02-2026
PER-0340,Vignesh Babu,Person,PER-0400,Hemanth Krishnan,Person,Called,2.6,CDR,2026-07-12
PER-0340,Vignesh Babu,Person,PER-0382,Gayathri Krishnan,Person,Called,0.92,CDR,2026-05-24
PER-0341,Madhan Nathan,Person,PER-0400,Hemanth Krishnan,Person,Called,0.5,CDR,2025-02-02
PER-0342,Manoj Sekar,Person,PER-0368,Gokul Babu,Person,Called,2.23,CDR,2026-06-22
PER-0342,Manoj Sekar,Person,PER-0386,Bharathi Sri,Person,Called,2.24,CDR,2025-04-15
PER-0342,Manoj Sekar,Person,PER-0389,Babu Krishnan,Person,Called,0.5,CDR,2026-07-26
PER-0342,Manoj Sekar,Person,PER-0358,Venkat Kumar,Person,Called,2.76,CDR,2025-05-20
PER-0343,Malathi Murugan,Person,PER-0360,Sanjay Palanisamy,Person,Suspect-Witness,1.5,FIR,26-06-2026
PER-0343,Malathi Murugan,Person,PER-0352,Yuvaraj Natarajan,Person,Suspect-Witness,1.5,FIR,25-07-2026
PER-0343,Malathi Murugan,Person,PER-0395,Udhay Ramasamy,Person,Called,0.5,CDR,2025-08-01
PER-0343,Malathi Murugan,Person,PER-0358,Venkat Kumar,Person,Called,0.5,CDR,2025-02-11
PER-0343,Malathi Murugan,Person,PER-0397,Buvaneswari Rani,Person,Called,1.21,CDR,2025-08-09
PER-0343,Malathi Murugan,Person,PER-0345,Sanjay Anand,Person,Called,1.02,CDR,2025-12-13
PER-0344,Malathi Bai,Person,PER-0346,Inban Pandian,Person,Called,0.5,CDR,2025-05-23
PER-0344,Malathi Bai,Person,PER-0401,Harini Selvam,Person,Called,5.8,CDR,2025-07-24
PER-0344,Malathi Bai,Person,PER-0347,Bharath Balan,Person,Called,1.26,CDR,2025-08-27
PER-0345,Sanjay Anand,Person,VEH-0058,Tn-68-Xx-1045,Vehicle,Used-Vehicle,2.0,FIR,18-02-2026
PER-0345,Sanjay Anand,Person,PER-0393,Vidhya Bai,Person,Reported-Suspect,6.0,FIR,26-07-2026
PER-0345,Sanjay Anand,Person,VEH-0078,Tn-01-Xx-1051,Vehicle,Used-Vehicle,2.0,FIR,26-07-2026
PER-0345,Sanjay Anand,Person,PER-0401,Harini Selvam,Person,Reported-Suspect,6.0,FIR,09-09-2026
PER-0345,Sanjay Anand,Person,PER-0368,Gokul Babu,Person,Called,0.5,CDR,2025-07-20
PER-0345,Sanjay Anand,Person,PER-0351,Rajesh Chandran,Person,Called,3.0,CDR,2026-02-15
PER-0345,Sanjay Anand,Person,PER-0396,Nithya Devi,Person,Called,0.5,CDR,2026-01-22
PER-0346,Inban Pandian,Person,PER-0367,Yogesh Sekar,Person,Called,2.82,CDR,2026-01-13
PER-0346,Inban Pandian,Person,PER-0390,Vidhya Sri,Person,Called,1.1,CDR,2026-02-22
PER-0346,Inban Pandian,Person,PER-0401,Harini Selvam,Person,Called,1.04,CDR,2025-05-26
PER-0347,Bharath Balan,Person,VEH-0070,Tn-68-Zz-1032,Vehicle,Used-Vehicle,2.0,FIR,07-05-2026
PER-0348,Arun Raj,Person,PER-0389,Babu Krishnan,Person,Called,3.0,CDR,2025-08-11
PER-0349,Padmini Rani,Person,PER-0358,Venkat Kumar,Person,Called,0.5,CDR,2025-08-30
PER-0350,Priya Raman,Person,PER-0398,Sanjay Shankar,Person,Called,0.5,CDR,2026-03-25
PER-0350,Priya Raman,Person,PER-0379,Gopal Mani,Person,Called,0.5,CDR,2025-11-14
PER-0350,Priya Raman,Person,PER-0374,Lokesh Murugan,Person,Called,1.6,CDR,2026-01-23
PER-0350,Priya Raman,Person,PER-0358,Venkat Kumar,Person,Called,3.0,CDR,2025-03-22
PER-0351,Rajesh Chandran,Person,VEH-0059,Tn-30-Xx-1039,Vehicle,Used-Vehicle,4.0,FIR,07-03-2026
PER-0351,Rajesh Chandran,Person,PER-0353,Divya Sekar,Person,Reported-Suspect,6.0,FIR,20-03-2026
PER-0351,Rajesh Chandran,Person,VEH-0062,Tn-68-Yy-1040,Vehicle,Used-Vehicle,2.0,FIR,20-03-2026
PER-0351,Rajesh Chandran,Person,VEH-0074,Tn-47-Zz-1041,Vehicle,Used-Vehicle,2.0,FIR,04-07-2026
PER-0351,Rajesh Chandran,Person,VEH-0080,Tn-57-Xx-1042,Vehicle,Used-Vehicle,2.0,FIR,29-08-2026
PER-0351,Rajesh Chandran,Person,PER-0394,Hemanth Nathan,Person,Called,0.5,CDR,2026-05-29
PER-0351,Rajesh Chandran,Person,PER-0367,Yogesh Sekar,Person,Called,2.31,CDR,2025-09-03
PER-0352,Yuvaraj Natarajan,Person,VEH-0061,Tn-01-Yy-1046,Vehicle,Used-Vehicle,4.0,FIR,19-03-2026
PER-0352,Yuvaraj Natarajan,Person,PER-0372,Amudha Sri,Person,Reported-Suspect,6.0,FIR,19-04-2026
PER-0352,Yuvaraj Natarajan,Person,VEH-0066,Tn-01-Zz-1047,Vehicle,Used-Vehicle,2.0,FIR,19-04-2026
PER-0352,Yuvaraj Natarajan,Person,VEH-0067,Tn-39-Xx-1048,Vehicle,Used-Vehicle,2.0,FIR,24-04-2026
PER-0352,Yuvaraj Natarajan,Person,PER-0395,Udhay Ramasamy,Person,Reported-Suspect,6.0,FIR,05-08-2026
PER-0352,Yuvaraj Natarajan,Person,VEH-0079,Tn-30-Yy-1052,Vehicle,Used-Vehicle,2.0,FIR,05-08-2026
PER-0353,Divya Sekar,Person,PER-0365,Karthik Shankar,Person,Reported-Suspect,6.0,FIR,30-06-2026
PER-0353,Divya Sekar,Person,PER-0372,Amudha Sri,Person,Called,0.5,CDR,2025-10-01
PER-0354,Naveen Krishnan,Person,PER-0372,Amudha Sri,Person,Called,1.01,CDR,2025-09-15
PER-0354,Naveen Krishnan,Person,PER-0385,Praveen Muthu,Person,Called,0.5,CDR,2025-06-05
PER-0356,Senthil Natarajan,Person,PER-0366,Deepak Muthu,Person,Reported-Suspect,6.0,FIR,09-04-2026
PER-0356,Senthil Natarajan,Person,PER-0378,Senthil Raman,Person,Reported-Suspect,6.0,FIR,17-05-2026
PER-0356,Senthil Natarajan,Person,PER-0372,Amudha Sri,Person,Reported-Suspect,6.0,FIR,12-06-2026
PER-0356,Senthil Natarajan,Person,PER-0385,Praveen Muthu,Person,Reported-Suspect,6.0,FIR,25-06-2026
PER-0357,Vijay Raman,Person,VEH-0063,Tn-72-Yy-1031,Vehicle,Used-Vehicle,2.0,FIR,23-03-2026
PER-0357,Vijay Raman,Person,PER-0377,Selvam Babu,Person,Reported-Suspect,6.0,FIR,10-05-2026
PER-0357,Vijay Raman,Person,VEH-0072,Tn-01-Xx-1033,Vehicle,Used-Vehicle,2.0,FIR,10-05-2026
PER-0357,Vijay Raman,Person,PER-0381,Priya Selvi,Person,Reported-Suspect,6.0,FIR,31-05-2026
PER-0357,Vijay Raman,Person,VEH-0073,Tn-47-Yy-1034,Vehicle,Used-Vehicle,2.0,FIR,24-06-2026
PER-0358,Venkat Kumar,Person,PER-0388,Jothi Selvam,Person,Called,1.02,CDR,2025-11-17
PER-0358,Venkat Kumar,Person,PER-0375,Inban Babu,Person,Called,0.5,CDR,2025-04-09
PER-0360,Sanjay Palanisamy,Person,PER-0361,Abirami Rani,Person,Suspect-Associate,3.5,FIR,05-04-2026
PER-0360,Sanjay Palanisamy,Person,VEH-0064,Tn-58-Zz-1035,Vehicle,Used-Vehicle,2.0,FIR,05-04-2026
PER-0361,Abirami Rani,Person,VEH-0064,Tn-58-Zz-1035,Vehicle,Used-Vehicle,1.5,FIR,05-04-2026
PER-0364,Janani Sekar,Person,PER-0365,Karthik Shankar,Person,Reported-Suspect,6.0,FIR,08-04-2026
PER-0364,Janani Sekar,Person,PER-0367,Yogesh Sekar,Person,Called,1.05,CDR,2026-06-25
PER-0364,Janani Sekar,Person,PER-0393,Vidhya Bai,Person,Called,2.48,CDR,2026-03-15
PER-0365,Karthik Shankar,Person,PER-0397,Buvaneswari Rani,Person,Reported-Suspect,6.0,FIR,22-08-2026
PER-0365,Karthik Shankar,Person,PER-0378,Senthil Raman,Person,Called,3.5,CDR,2025-01-28
PER-0366,Deepak Muthu,Person,PER-0397,Buvaneswari Rani,Person,Called,2.49,CDR,2026-07-13
PER-0367,Yogesh Sekar,Person,PER-0390,Vidhya Sri,Person,Called,2.45,CDR,2025-05-27
PER-0367,Yogesh Sekar,Person,PER-0379,Gopal Mani,Person,Called,3.0,CDR,2025-09-13
PER-0368,Gokul Babu,Person,PER-0369,Hemanth Arumugam,Person,Reported-Suspect,6.0,FIR,27-03-2026
PER-0368,Gokul Babu,Person,PER-0371,Bhuvana Kannan,Person,Called,1.05,CDR,2025-06-08
PER-0369,Hemanth Arumugam,Person,PER-0370,Kavitha Sri,Person,Suspect-Associate,3.5,FIR,27-03-2026
PER-0369,Hemanth Arumugam,Person,PER-0380,Eswari Sri,Person,Reported-Suspect,6.0,FIR,18-08-2026
PER-0369,Hemanth Arumugam,Person,PER-0387,Nandhini Kumari,Person,Called,1.84,CDR,2025-12-15
PER-0371,Bhuvana Kannan,Person,PER-0374,Lokesh Murugan,Person,Called,0.5,CDR,2025-05-29
PER-0372,Amudha Sri,Person,PER-0393,Vidhya Bai,Person,Called,0.5,CDR,2026-07-26
PER-0373,Anand Muthu,Person,VEH-0069,Tn-72-Zz-1050,Vehicle,Used-Vehicle,1.5,FIR,03-05-2026
PER-0373,Anand Muthu,Person,PER-0399,Praveen Shankar,Person,Reported-Suspect,6.0,FIR,04-09-2026
PER-0375,Inban Babu,Person,PER-0376,Harish Pandian,Person,Called,2.9,CDR,2025-04-29
PER-0376,Harish Pandian,Person,PER-0394,Hemanth Nathan,Person,Called,1.85,CDR,2026-06-09
PER-0380,Eswari Sri,Person,PER-0400,Hemanth Krishnan,Person,Called,1.6,CDR,2026-05-20
PER-0380,Eswari Sri,Person,PER-0395,Udhay Ramasamy,Person,Called,2.97,CDR,2025-10-13
PER-0381,Priya Selvi,Person,PER-0393,Vidhya Bai,Person,Called,1.82,CDR,2025-10-27
PER-0384,Naveen Muthu,Person,PER-0385,Praveen Muthu,Person,Called,0.5,CDR,2026-05-11
PER-0386,Bharathi Sri,Person,PER-0387,Nandhini Kumari,Person,Complainant-Victim,2.0,FIR,04-07-2026
PER-0386,Bharathi Sri,Person,PER-0392,Buvaneswari Devi,Person,Called,0.5,CDR,2025-01-31
PER-0388,Jothi Selvam,Person,PER-0389,Babu Krishnan,Person,Victim-Suspect,3.0,FIR,05-07-2026
PER-0389,Babu Krishnan,Person,VEH-0075,Tn-33-Zz-1008,Vehicle,Used-Vehicle,2.0,FIR,05-07-2026
PER-0389,Babu Krishnan,Person,PER-0400,Hemanth Krishnan,Person,Called,3.0,CDR,2025-03-06
PER-0390,Vidhya Sri,Person,PER-0396,Nithya Devi,Person,Called,0.5,CDR,2025-12-26
PER-0395,Udhay Ramasamy,Person,PER-0398,Sanjay Shankar,Person,Called,1.48,CDR,2025-11-24
PER-0397,Buvaneswari Rani,Person,PER-0399,Praveen Shankar,Person,Called,0.5,CDR,2026-04-29
