CDR_ID,Caller_Mobile,Callee_Mobile,Call_Type,Call_DateTime,Duration_Sec,Cell_Tower,Source
CDR-00001,9000000362.0,9000000037,Missed,2025-08-02 14:55:05,0,TOWER-SLM-001,CDR
CDR-00002,9000000288,9000000144,Missed,2025-03-21 14:38:54,0,TOWER-CBE-001,CDR
CDR-00003,9000000386,9000000475,Incoming,2025-03-14 18:36:21,40,TOWER-SLM-001,CDR
CDR-00004,9000000096.0,9000000471,Missed,2025-01-21 14:39:58,0,TOWER-SLM-001,CDR
CDR-00005,9000000157.0,9000000461.0,Incoming,2026-04-03 16:42:30,469,TOWER-MDU-001,CDR
CDR-00006,9000000445.0,9000000071.0,Missed,2025-11-25 06:06:12,0,TOWER-TUP-001,CDR
CDR-00007,9000000108,9000000044.0,Incoming,2025-09-19 10:34:37,791,TOWER-CBE-001,CDR
CDR-00008,9000000201,9000000484,Incoming,2025-09-25 03:47:57,377,TOWER-MDU-001,CDR
CDR-00009,9000000107.0,9000000138.0,Missed,2025-04-07 22:55:41,0,TOWER-TRY-001,CDR
CDR-00010,9000000240.0,9000000448,Outgoing,2026-05-04 06:41:42,859,TOWER-TUP-001,CDR
CDR-00011,9000000359.0,9000000160,Missed,2025-02-24 00:36:07,0,TOWER-ERD-001,CDR
CDR-00012,9000000072,9000000445,Incoming,2025-06-30 19:32:11,885,TOWER-CBE-001,CDR
CDR-00013,9000000484,9000000108,Outgoing,2025-10-11 08:57:53,660,TOWER-CHN-001,CDR
CDR-00014,9000000431.0,9000000453.0,Incoming,2025-07-27 08:49:38,696,TOWER-CBE-001,CDR
CDR-00015,9000000122.0,9000000176.0,Missed,2025-07-10 03:36:23,0,TOWER-CHN-001,CDR
CDR-00016,9000000391,9000000094.0,Outgoing,2026-06-19 12:16:07,665,TOWER-SLM-001,CDR
CDR-00017,9000000088.0,9000000181.0,Incoming,2025-01-25 22:23:30,851,TOWER-TUP-001,CDR
CDR-00018,9000000412.0,9000000409,Incoming,2026-03-17 13:00:08,226,TOWER-TUP-001,CDR
CDR-00019,9000000238.0,9000000097.0,Outgoing,2025-12-23 09:37:06,668,TOWER-CHN-001,CDR
CDR-00020,9000000187.0,9000000144,Incoming,2026-03-13 00:39:37,772,TOWER-MDU-001,CDR
CDR-00021,9000000076.0,9000000061,Missed,2025-11-07 05:21:54,0,TOWER-TUP-001,CDR
CDR-00022,9000000479.0,9000000042.0,Missed,2026-01-19 07:48:07,0,TOWER-CBE-001,CDR
CDR-00023,9000000446.0,9000000345,Incoming,2025-05-05 06:16:50,652,TOWER-TRY-001,CDR
CDR-00024,9000000115.0,9000000256.0,Outgoing,2026-04-08 20:09:55,400,TOWER-VLR-001,CDR
CDR-00025,9000000362,9000000163,Missed,2025-01-09 22:01:18,0,TOWER-CBE-001,CDR
CDR-00026,9000000476.0,9000000166.0,Missed,2025-09-22 05:19:49,0,TOWER-CBE-001,CDR
CDR-00027,9000000213.0,9000000103,Incoming,2025-01-03 12:29:49,474,TOWER-MDU-001,CDR
CDR-00028,9000000303,9000000463.0,Missed,2025-03-24 15:38:29,0,TOWER-MDU-001,CDR
CDR-00029,9000000099,9000000216.0,Incoming,2025-05-06 11:29:32,392,TOWER-ERD-001,CDR
CDR-00030,9000000419.0,9000000282.0,Outgoing,2025-03-28 21:21:55,29,TOWER-TUP-001,CDR
CDR-00031,9000000319.0,9000000095.0,Incoming,2026-03-17 16:17:59,256,TOWER-CBE-001,CDR
CDR-00032,9000000323,9000000045.0,Incoming,2026-02-18 18:21:45,788,TOWER-CHN-001,CDR
CDR-00033,9000000002.0,9000000191.0,Missed,2025-05-09 06:11:22,0,TOWER-MDU-001,CDR
CDR-00034,9000000401,9000000258.0,Incoming,2026-07-21 22:54:04,562,TOWER-SLM-001,CDR
CDR-00035,9000000239,9000000051.0,Missed,2026-05-20 18:36:18,0,TOWER-TUP-001,CDR
CDR-00036,9000000038.0,9000000185,Outgoing,2025-07-12 13:17:44,133,TOWER-SLM-001,CDR
CDR-00037,9000000256.0,9000000040.0,Incoming,2026-03-07 05:50:44,612,TOWER-SLM-001,CDR
CDR-00038,9000000299,9000000161.0,Incoming,2026-07-04 19:06:41,82,TOWER-ERD-001,CDR
CDR-00039,9000000413.0,9000000119.0,Incoming,2025-09-14 15:38:00,890,TOWER-CBE-001,CDR
CDR-00040,9000000385,9000000101.0,Outgoing,2026-01-13 00:46:55,695,TOWER-SLM-001,CDR
CDR-00041,9000000294.0,9000000249,Missed,2026-03-20 13:00:53,0,TOWER-VLR-001,CDR
CDR-00042,9000000285.0,9000000342,Outgoing,2025-03-15 06:21:37,204,TOWER-CBE-001,CDR
CDR-00043,9000000430.0,9000000194.0,Outgoing,2025-12-29 17:58:14,430,TOWER-ERD-001,CDR
CDR-00044,9000000183,9000000314.0,Outgoing,2025-09-21 13:03:32,755,TOWER-CBE-001,CDR
CDR-00045,9000000235.0,9000000160,Incoming,2025-12-15 10:45:45,559,TOWER-CHN-001,CDR
CDR-00046,9000000475,9000000186.0,Outgoing,2025-07-14 00:43:46,483,TOWER-CBE-001,CDR
CDR-00047,9000000167.0,9000000202.0,Incoming,2026-05-22 12:51:42,61,TOWER-ERD-001,CDR
CDR-00048,9000000274,9000000016.0,Incoming,2026-01-13 05:00:24,426,TOWER-VLR-001,CDR
CDR-00049,9000000083.0,9000000412.0,Incoming,2025-10-22 08:34:15,178,TOWER-ERD-001,CDR
CDR-00050,9000000421.0,9000000187.0,Outgoing,2025-11-25 13:25:51,302,TOWER-VLR-001,CDR
CDR-00051,9000000388.0,9000000291.0,Outgoing,2025-02-15 10:12:27,232,TOWER-ERD-001,CDR
CDR-00052,9000000294,9000000155.0,Incoming,2026-01-06 07:58:55,608,TOWER-CHN-001,CDR
CDR-00053,9000000155.0,9000000043.0,Incoming,2025-05-25 08:01:42,881,TOWER-CBE-001,CDR
CDR-00054,9000000074,9000000119.0,Missed,2025-07-02 16:31:06,0,TOWER-TRY-001,CDR
CDR-00055,9000000068.0,9000000479,Incoming,2026-04-07 18:38:25,602,TOWER-ERD-001,CDR
CDR-00056,9000000423,9000000461.0,Missed,2026-03-30 08:26:24,0,TOWER-TUP-001,CDR
CDR-00057,9000000007,9000000325,Missed,2026-07-11 06:46:58,0,TOWER-TUP-001,CDR
CDR-00058,9000000056,9000000187.0,Outgoing,2026-06-06 17:12:47,144,TOWER-MDU-001,CDR
CDR-00059,9000000347.0,9000000280.0,Incoming,2025-12-22 23:03:40,19,TOWER-CBE-001,CDR
CDR-00060,9000000092,9000000344,Incoming,2025-07-25 23:41:38,528,TOWER-CHN-001,CDR
CDR-00061,9000000422,9000000060,Incoming,2025-08-10 08:33:00,388,TOWER-CHN-001,CDR
CDR-00062,9000000038.0,9000000337.0,Missed,2025-08-23 23:19:41,0,TOWER-ERD-001,CDR
CDR-00063,9000000359,9000000480.0,Missed,2025-03-22 10:59:32,0,TOWER-CHN-001,CDR
CDR-00064,9000000247.0,9000000142,Incoming,2026-03-06 16:50:10,770,TOWER-CHN-001,CDR
CDR-00065,9000000302,9000000469.0,Missed,2025-06-13 14:25:16,0,TOWER-TUP-001,CDR
CDR-00066,9000000156.0,9000000247.0,Missed,2026-01-15 10:53:37,0,TOWER-MDU-001,CDR
CDR-00067,9000000404.0,9000000201,Missed,2025-11-26 00:01:28,0,TOWER-MDU-001,CDR
CDR-00068,9000000154.0,9000000297.0,Outgoing,2025-04-12 14:39:18,799,TOWER-MDU-001,CDR
CDR-00069,9000000486.0,9000000281.0,Missed,2026-07-03 02:35:40,0,TOWER-TRY-001,CDR
CDR-00070,9000000040,9000000489,Incoming,2026-06-21 17:32:21,87,TOWER-CHN-001,CDR
CDR-00071,9000000157.0,9000000200.0,Outgoing,2026-03-06 03:48:51,606,TOWER-CHN-001,CDR
CDR-00072,9000000175.0,9000000059,Incoming,2025-10-11 05:35:48,325,TOWER-ERD-001,CDR
CDR-00073,9000000436.0,9000000276.0,Missed,2025-07-13 19:34:17,0,TOWER-CBE-001,CDR
CDR-00074,9000000194.0,9000000128,Outgoing,2025-05-01 01:04:58,645,TOWER-SLM-001,CDR
CDR-00075,9000000312.0,9000000169.0,Outgoing,2025-05-20 07:31:30,35,TOWER-TUP-001,CDR
CDR-00076,9000000447,9000000235.0,Outgoing,2026-06-29 16:46:22,173,TOWER-CBE-001,CDR
CDR-00077,9000000252,9000000162.0,Outgoing,2025-06-05 00:18:25,237,TOWER-VLR-001,CDR
CDR-00078,9000000145.0,9000000082.0,Incoming,2025-01-19 09:08:13,238,TOWER-SLM-001,CDR
CDR-00079,9000000051.0,9000000032.0,Outgoing,2025-02-23 22:05:47,895,TOWER-MDU-001,CDR
CDR-00080,9000000209.0,9000000177.0,Outgoing,2026-02-21 11:47:08,705,TOWER-TUP-001,CDR
CDR-00081,9000000381,9000000142,Outgoing,2026-03-27 22:58:37,192,TOWER-MDU-001,CDR
CDR-00082,9000000162.0,9000000047.0,Missed,2025-12-04 12:51:20,0,TOWER-TUP-001,CDR
CDR-00083,9000000294,9000000239.0,Missed,2026-02-02 05:37:00,0,TOWER-CBE-001,CDR
CDR-00084,9000000008,9000000278.0,Incoming,2025-02-04 11:25:29,270,TOWER-TRY-001,CDR
CDR-00085,9000000412,9000000427.0,Missed,2026-06-18 11:56:42,0,TOWER-SLM-001,CDR
CDR-00086,9000000034,9000000430.0,Incoming,2025-09-14 11:22:29,690,TOWER-TUP-001,CDR
CDR-00087,9000000025.0,9000000008.0,Missed,2025-08-29 05:29:02,0,TOWER-TRY-001,CDR
CDR-00088,9000000368,9000000102,Missed,2025-08-18 15:24:44,0,TOWER-CHN-001,CDR
CDR-00089,9000000160,9000000264.0,Missed,2025-10-22 11:46:48,0,TOWER-CHN-001,CDR
CDR-00090,9000000381.0,9000000032,Outgoing,2025-01-01 07:34:02,571,TOWER-MDU-001,CDR
CDR-00091,9000000062.0,9000000276.0,Outgoing,2026-03-27 11:41:59,814,TOWER-TUP-001,CDR
CDR-00092,9000000415.0,9000000281.0,Outgoing,2025-06-15 23:40:58,701,TOWER-VLR-001,CDR
CDR-00093,9000000268.0,9000000386.0,Outgoing,2026-05-31 15:07:56,537,TOWER-TUP-001,CDR
CDR-00094,9000000274,9000000028,Missed,2025-08-30 02:38:17,0,TOWER-SLM-001,CDR
CDR-00095,9000000216.0,9000000387,Incoming,2025-07-10 04:11:44,57,TOWER-VLR-001,CDR
CDR-00096,9000000222,9000000064.0,Outgoing,2026-03-24 03:17:00,654,TOWER-SLM-001,CDR
CDR-00097,9000000162,9000000235,Outgoing,2025-04-25 14:55:45,259,TOWER-ERD-001,CDR
CDR-00098,9000000340.0,9000000030.0,Incoming,2026-06-25 12:44:08,190,TOWER-VLR-001,CDR
CDR-00099,9000000055,9000000111.0,Incoming,2025-04-05 06:17:17,878,TOWER-VLR-001,CDR
CDR-00100,9000000453,9000000202,Missed,2026-02-17 13:00:57,0,TOWER-TUP-001,CDR
CDR-00101,9000000167.0,9000000201.0,Outgoing,2026-03-02 13:04:24,860,TOWER-VLR-001,CDR
CDR-00102,9000000172,9000000191.0,Outgoing,2025-07-12 00:52:57,275,TOWER-MDU-001,CDR
CDR-00103,9000000317.0,9000000431,Missed,2025-07-05 19:51:58,0,TOWER-MDU-001,CDR
CDR-00104,9000000029.0,9000000098,Missed,2025-08-10 22:21:31,0,TOWER-SLM-001,CDR
CDR-00105,9000000302,9000000231.0,Outgoing,2025-03-04 14:04:35,563,TOWER-CHN-001,CDR
CDR-00106,9000000199.0,9000000448.0,Outgoing,2025-04-29 16:29:47,720,TOWER-SLM-001,CDR
CDR-00107,9000000256.0,9000000192.0,Outgoing,2026-02-26 11:00:17,348,TOWER-VLR-001,CDR
CDR-00108,9000000160.0,9000000118.0,Incoming,2025-11-23 08:02:34,862,TOWER-TRY-001,CDR
CDR-00109,9000000076.0,9000000309.0,Missed,2025-10-23 10:48:58,0,TOWER-VLR-001,CDR
CDR-00110,9000000445.0,9000000261,Outgoing,2025-10-30 21:52:40,781,TOWER-TRY-001,CDR
CDR-00111,9000000250.0,9000000093.0,Missed,2025-06-21 07:08:21,0,TOWER-VLR-001,CDR
CDR-00112,9000000479.0,9000000259,Outgoing,2025-01-23 13:03:42,507,TOWER-TRY-001,CDR
CDR-00113,9000000288.0,9000000022,Missed,2025-05-09 04:39:24,0,TOWER-VLR-001,CDR
CDR-00114,9000000059,9000000176.0,Incoming,2026-04-05 17:40:51,413,TOWER-ERD-001,CDR
CDR-00115,9000000473.0,9000000061,Incoming,2025-12-25 14:40:58,897,TOWER-CHN-001,CDR
CDR-00116,9000000055,9000000094,Outgoing,2025-06-14 09:38:01,345,TOWER-VLR-001,CDR
CDR-00117,9000000368,9000000332.0,Outgoing,2025-11-24 10:32:16,294,TOWER-MDU-001,CDR
CDR-00118,9000000423,9000000124.0,Incoming,2026-02-23 23:29:59,777,TOWER-ERD-001,CDR
CDR-00119,9000000145.0,9000000193.0,Missed,2025-02-23 07:08:20,0,TOWER-ERD-001,CDR
CDR-00120,9000000363.0,9000000010,Incoming,2025-01-16 19:54:39,869,TOWER-CHN-001,CDR
CDR-00121,9000000056,9000000471.0,Outgoing,2025-03-30 20:22:25,695,TOWER-SLM-001,CDR
CDR-00122,9000000415.0,9000000366.0,Outgoing,2026-04-16 14:39:30,181,TOWER-CBE-001,CDR
CDR-00123,9000000343.0,9000000014.0,Incoming,2025-01-20 22:40:49,602,TOWER-MDU-001,CDR
CDR-00124,9000000129.0,9000000091.0,Outgoing,2025-06-04 01:08:06,742,TOWER-CBE-001,CDR
CDR-00125,9000000212.0,9000000285.0,Incoming,2025-08-23 05:54:31,723,TOWER-CBE-001,CDR
CDR-00126,9000000013.0,9000000220.0,Outgoing,2025-11-29 17:32:41,555,TOWER-TUP-001,CDR
CDR-00127,9000000060,9000000099.0,Missed,2025-09-23 01:00:36,0,TOWER-ERD-001,CDR
CDR-00128,9000000264.0,9000000388,Incoming,2025-10-09 07:40:27,453,TOWER-VLR-001,CDR
CDR-00129,9000000451.0,9000000103,Incoming,2026-02-10 06:03:51,761,TOWER-MDU-001,CDR
CDR-00130,9000000250.0,9000000092.0,Outgoing,2026-07-22 19:18:58,456,TOWER-MDU-001,CDR
CDR-00131,9000000484.0,9000000085.0,Incoming,2025-12-17 03:33:30,295,TOWER-SLM-001,CDR
CDR-00132,9000000202,9000000479,Missed,2026-06-03 23:56:09,0,TOWER-TRY-001,CDR
CDR-00133,9000000288.0,9000000119,Outgoing,2025-09-10 10:42:11,881,TOWER-CHN-001,CDR
CDR-00134,9000000072.0,9000000238.0,Outgoing,2025-07-20 16:02:16,826,TOWER-TUP-001,CDR
CDR-00135,9000000074.0,9000000115.0,Missed,2025-08-03 14:01:10,0,TOWER-ERD-001,CDR
CDR-00136,9000000185,9000000233.0,Incoming,2026-07-14 07:09:52,257,TOWER-TRY-001,CDR
CDR-00137,9000000338.0,9000000036.0,Incoming,2026-01-05 19:01:07,717,TOWER-VLR-001,CDR
CDR-00138,9000000012.0,9000000323.0,Incoming,2025-06-22 02:51:22,311,TOWER-TRY-001,CDR
CDR-00139,9000000456.0,9000000081.0,Missed,2026-03-28 16:58:54,0,TOWER-TUP-001,CDR
CDR-00140,9000000342,9000000144.0,Missed,2025-09-25 00:06:08,0,TOWER-TRY-001,CDR
CDR-00141,9000000202.0,9000000462,Outgoing,2025-12-19 10:25:29,729,TOWER-MDU-001,CDR
CDR-00142,9000000081.0,9000000163,Incoming,2026-07-15 05:42:52,133,TOWER-SLM-001,CDR
CDR-00143,9000000280.0,9000000068.0,Missed,2026-02-21 05:13:41,0,TOWER-CHN-001,CDR
CDR-00144,9000000160,9000000103.0,Missed,2026-01-12 02:06:57,0,TOWER-MDU-001,CDR
CDR-00145,9000000482.0,9000000454.0,Missed,2025-08-08 19:28:41,0,TOWER-CBE-001,CDR
CDR-00146,9000000495.0,9000000441.0,Incoming,2025-05-20 09:01:58,379,TOWER-MDU-001,CDR
CDR-00147,9000000350.0,9000000176.0,Incoming,2025-02-05 08:28:26,290,TOWER-ERD-001,CDR
CDR-00148,9000000144.0,9000000342.0,Missed,2025-04-09 02:01:13,0,TOWER-VLR-001,CDR
CDR-00149,9000000063.0,9000000189.0,Missed,2025-08-09 20:28:09,0,TOWER-VLR-001,CDR
CDR-00150,9000000043,9000000065.0,Outgoing,2025-02-09 21:43:53,198,TOWER-MDU-001,CDR
CDR-00151,9000000435.0,9000000051,Incoming,2026-01-17 22:49:13,420,TOWER-CBE-001,CDR
CDR-00152,9000000278.0,9000000143.0,Incoming,2026-03-14 04:05:25,162,TOWER-MDU-001,CDR
CDR-00153,9000000323,9000000235.0,Incoming,2025-11-20 06:02:45,581,TOWER-SLM-001,CDR
CDR-00154,9000000474,9000000484,Outgoing,2025-08-19 23:03:50,463,TOWER-TRY-001,CDR
CDR-00155,9000000082.0,9000000381.0,Missed,2025-02-16 18:46:27,0,TOWER-CBE-001,CDR
CDR-00156,9000000140.0,9000000377.0,Outgoing,2025-03-05 01:26:38,686,TOWER-CHN-001,CDR
CDR-00157,9000000095.0,9000000226.0,Missed,2025-02-28 07:18:38,0,TOWER-CHN-001,CDR
CDR-00158,9000000414.0,9000000349.0,Outgoing,2026-04-07 05:26:34,715,TOWER-VLR-001,CDR
CDR-00159,9000000245.0,9000000163.0,Incoming,2026-07-04 02:36:42,305,TOWER-MDU-001,CDR
CDR-00160,9000000075.0,9000000078.0,Missed,2025-07-01 07:20:06,0,TOWER-MDU-001,CDR
CDR-00161,9000000482.0,9000000302.0,Outgoing,2026-02-27 23:22:42,127,TOWER-SLM-001,CDR
CDR-00162,9000000238,9000000379.0,Incoming,2025-02-16 07:44:01,83,TOWER-CHN-001,CDR
CDR-00163,9000000319.0,9000000074,Missed,2026-03-19 02:47:18,0,TOWER-MDU-001,CDR
CDR-00164,9000000374.0,9000000025.0,Outgoing,2025-08-25 04:40:14,715,TOWER-TRY-001,CDR
CDR-00165,9000000302,9000000303,Missed,2026-01-19 13:00:36,0,TOWER-VLR-001,CDR
CDR-00166,9000000394.0,9000000457.0,Incoming,2026-07-25 12:42:17,452,TOWER-TUP-001,CDR
CDR-00167,9000000206.0,9000000399,Incoming,2026-06-08 17:49:57,244,TOWER-ERD-001,CDR
CDR-00168,9000000401.0,9000000278.0,Incoming,2025-05-17 01:47:30,791,TOWER-VLR-001,CDR
CDR-00169,9000000307.0,9000000281.0,Outgoing,2026-03-31 15:20:06,195,TOWER-TRY-001,CDR
CDR-00170,9000000313.0,9000000086.0,Outgoing,2025-11-14 04:09:36,366,TOWER-TUP-001,CDR
CDR-00171,9000000025,9000000132.0,Incoming,2025-11-16 17:37:14,347,TOWER-VLR-001,CDR
CDR-00172,9000000252.0,9000000412.0,Missed,2025-01-29 12:05:02,0,TOWER-VLR-001,CDR
CDR-00173,9000000041,9000000430,Outgoing,2025-04-01 00:56:06,341,TOWER-TRY-001,CDR
CDR-00174,9000000385,9000000412,Missed,2026-02-26 10:40:39,0,TOWER-VLR-001,CDR
CDR-00175,9000000069.0,9000000441,Incoming,2025-10-09 00:03:21,540,TOWER-VLR-001,CDR
CDR-00176,9000000281.0,9000000404.0,Incoming,2026-03-03 14:11:46,283,TOWER-CHN-001,CDR
CDR-00177,9000000031,9000000038.0,Missed,2026-01-12 11:40:58,0,TOWER-CBE-001,CDR
CDR-00178,9000000119,9000000095.0,Missed,2025-05-04 00:22:58,0,TOWER-MDU-001,CDR
CDR-00179,9000000046,9000000350.0,Missed,2025-11-13 21:29:51,0,TOWER-CBE-001,CDR
CDR-00180,9000000108.0,9000000051,Outgoing,2026-05-19 02:11:01,130,TOWER-CHN-001,CDR
CDR-00181,9000000354.0,9000000245.0,Missed,2026-07-02 21:49:33,0,TOWER-MDU-001,CDR
CDR-00182,9000000160.0,9000000158.0,Outgoing,2025-12-21 19:07:01,259,TOWER-CHN-001,CDR
CDR-00183,9000000016,9000000233.0,Missed,2026-01-30 18:17:48,0,TOWER-CHN-001,CDR
CDR-00184,9000000057,9000000027.0,Outgoing,2026-01-30 08:54:58,358,TOWER-MDU-001,CDR
CDR-00185,9000000414.0,9000000483.0,Missed,2025-08-20 21:29:03,0,TOWER-VLR-001,CDR
CDR-00186,9000000238,9000000001,Missed,2026-01-12 04:46:40,0,TOWER-TUP-001,CDR
CDR-00187,9000000118,9000000448,Missed,2025-10-20 23:42:18,0,TOWER-VLR-001,CDR
CDR-00188,9000000435,9000000460.0,Missed,2025-07-05 11:39:28,0,TOWER-TRY-001,CDR
CDR-00189,9000000014,9000000035.0,Incoming,2026-08-02 10:18:36,335,TOWER-VLR-001,CDR
CDR-00190,9000000086,9000000090.0,Missed,2026-05-22 10:30:54,0,TOWER-CHN-001,CDR
CDR-00191,9000000464.0,9000000307,Incoming,2026-04-04 09:45:38,524,TOWER-TUP-001,CDR
CDR-00192,9000000407.0,9000000029.0,Incoming,2025-12-21 21:45:24,548,TOWER-ERD-001,CDR
CDR-00193,9000000251,9000000196.0,Missed,2025-04-30 21:30:06,0,TOWER-CBE-001,CDR
CDR-00194,9000000269,9000000187.0,Outgoing,2026-06-23 00:56:58,648,TOWER-TRY-001,CDR
CDR-00195,9000000394.0,9000000032.0,Missed,2026-02-19 11:26:27,0,TOWER-TRY-001,CDR
CDR-00196,9000000067.0,9000000072.0,Missed,2025-01-28 21:12:27,0,TOWER-CBE-001,CDR
CDR-00197,9000000028,9000000031,Incoming,2025-03-12 04:47:34,774,TOWER-TRY-001,CDR
CDR-00198,9000000183,9000000407.0,Outgoing,2026-06-24 01:07:09,180,TOWER-MDU-001,CDR
CDR-00199,9000000119,9000000114,Outgoing,2025-02-13 14:08:17,825,TOWER-MDU-001,CDR
CDR-00200,9000000031.0,9000000289.0,Outgoing,2025-07-09 16:10:12,159,TOWER-TRY-001,CDR
CDR-00201,9000000013.0,9000000011,Incoming,2025-03-03 08:04:36,189,TOWER-TRY-001,CDR
CDR-00202,9000000217.0,9000000081,Missed,2025-04-22 03:54:27,0,TOWER-SLM-001,CDR
CDR-00203,9000000036,9000000353.0,Outgoing,2026-06-02 22:48:43,271,TOWER-ERD-001,CDR
CDR-00204,9000000415.0,9000000031,Missed,2026-03-01 13:19:40,0,TOWER-CHN-001,CDR
CDR-00205,9000000092,9000000281.0,Outgoing,2025-08-21 08:38:21,611,TOWER-TRY-001,CDR
CDR-00206,9000000206.0,9000000444.0,Outgoing,2025-10-26 19:12:06,213,TOWER-VLR-001,CDR
CDR-00207,9000000340.0,9000000016.0,Outgoing,2025-10-06 19:29:01,595,TOWER-MDU-001,CDR
CDR-00208,9000000321.0,9000000470,Missed,2025-11-04 10:21:13,0,TOWER-MDU-001,CDR
CDR-00209,9000000066.0,9000000013.0,Missed,2026-08-02 09:37:59,0,TOWER-ERD-001,CDR
CDR-00210,9000000159,9000000062.0,Incoming,2025-10-01 15:44:19,631,TOWER-SLM-001,CDR
CDR-00211,9000000291.0,9000000206.0,Missed,2026-07-14 23:04:44,0,TOWER-CHN-001,CDR
CDR-00212,9000000180.0,9000000470.0,Outgoing,2025-12-09 09:32:23,817,TOWER-ERD-001,CDR
CDR-00213,9000000084.0,9000000452,Missed,2025-04-13 01:41:37,0,TOWER-CBE-001,CDR
CDR-00214,9000000321.0,9000000368,Missed,2025-11-19 17:32:20,0,TOWER-CHN-001,CDR
CDR-00215,9000000476,9000000249,Missed,2025-10-12 04:04:43,0,TOWER-MDU-001,CDR
CDR-00216,9000000198.0,9000000012,Outgoing,2025-08-18 05:50:07,835,TOWER-TUP-001,CDR
CDR-00217,9000000357.0,9000000410.0,Incoming,2025-06-25 05:45:45,154,TOWER-TRY-001,CDR
CDR-00218,9000000111.0,9000000394,Incoming,2025-11-03 11:24:10,819,TOWER-ERD-001,CDR
CDR-00219,9000000247.0,9000000476.0,Incoming,2025-10-14 06:56:04,475,TOWER-MDU-001,CDR
CDR-00220,9000000076.0,9000000086,Missed,2025-10-16 12:46:14,0,TOWER-CBE-001,CDR
CDR-00221,9000000014,9000000403.0,Incoming,2026-03-13 01:23:31,644,TOWER-TUP-001,CDR
CDR-00222,9000000333.0,9000000121.0,Missed,2025-12-27 14:34:26,0,TOWER-MDU-001,CDR
CDR-00223,9000000349.0,9000000277.0,Incoming,2025-01-29 21:41:03,56,TOWER-MDU-001,CDR
CDR-00224,9000000243,9000000142,Incoming,2026-02-22 12:35:42,250,TOWER-CHN-001,CDR
CDR-00225,9000000298.0,9000000075.0,Outgoing,2026-08-01 05:08:09,696,TOWER-TRY-001,CDR
CDR-00226,9000000182,9000000388.0,Outgoing,2025-03-18 21:53:49,680,TOWER-VLR-001,CDR
CDR-00227,9000000206,9000000074.0,Incoming,2025-10-15 19:10:44,716,TOWER-SLM-001,CDR
CDR-00228,9000000225.0,9000000232.0,Incoming,2025-10-09 16:57:28,885,TOWER-CBE-001,CDR
CDR-00229,9000000104.0,9000000319,Missed,2025-10-06 14:09:54,0,TOWER-ERD-001,CDR
CDR-00230,9000000326.0,9000000027.0,Incoming,2025-12-20 04:32:46,135,TOWER-CBE-001,CDR
CDR-00231,9000000238.0,9000000228,Incoming,2025-09-17 01:03:40,61,TOWER-SLM-001,CDR
CDR-00232,9000000192,9000000147.0,Incoming,2026-03-07 11:10:55,80,TOWER-SLM-001,CDR
CDR-00233,9000000304.0,9000000103.0,Incoming,2025-04-25 14:36:33,346,TOWER-ERD-001,CDR
CDR-00234,9000000459.0,9000000024.0,Incoming,2025-07-14 16:31:58,563,TOWER-CHN-001,CDR
CDR-00235,9000000345,9000000399,Incoming,2025-10-06 06:07:12,25,TOWER-SLM-001,CDR
CDR-00236,9000000299,9000000282.0,Incoming,2025-07-26 02:48:32,188,TOWER-ERD-001,CDR
CDR-00237,9000000471.0,9000000355,Missed,2025-03-30 06:34:35,0,TOWER-CBE-001,CDR
CDR-00238,9000000039.0,9000000217,Outgoing,2026-04-07 02:44:12,535,TOWER-CBE-001,CDR
CDR-00239,9000000009.0,9000000425.0,Incoming,2025-02-03 16:22:58,639,TOWER-MDU-001,CDR
CDR-00240,9000000067,9000000363.0,Incoming,2025-11-08 22:41:17,500,TOWER-TRY-001,CDR
CDR-00241,9000000215.0,9000000261.0,Missed,2025-12-11 12:36:04,0,TOWER-CBE-001,CDR
CDR-00242,9000000394.0,9000000435,Missed,2025-04-26 05:08:34,0,TOWER-CBE-001,CDR
CDR-00243,9000000471.0,9000000482,Missed,2026-05-07 17:24:19,0,TOWER-TUP-001,CDR
CDR-00244,9000000086,9000000228,Missed,2025-08-18 01:17:32,0,TOWER-VLR-001,CDR
CDR-00245,9000000471,9000000175.0,Incoming,2026-06-30 02:06:59,822,TOWER-CBE-001,CDR
CDR-00246,9000000046,9000000164.0,Outgoing,2025-06-27 11:25:44,472,TOWER-TRY-001,CDR
CDR-00247,9000000489.0,9000000075.0,Outgoing,2026-07-21 16:57:46,435,TOWER-CBE-001,CDR
CDR-00248,9000000330,9000000050.0,Outgoing,2025-07-17 23:29:24,691,TOWER-TUP-001,CDR
CDR-00249,9000000451.0,9000000104,Incoming,2025-03-08 07:18:25,103,TOWER-CBE-001,CDR
CDR-00250,9000000243.0,9000000338,Missed,2026-07-28 20:09:20,0,TOWER-TUP-001,CDR
CDR-00251,9000000241.0,9000000065,Incoming,2026-03-13 04:43:46,610,TOWER-TUP-001,CDR
CDR-00252,9000000152.0,9000000035.0,Outgoing,2025-11-25 12:06:51,691,TOWER-ERD-001,CDR
CDR-00253,9000000031,9000000234.0,Outgoing,2025-03-22 11:15:16,370,TOWER-SLM-001,CDR
CDR-00254,9000000388.0,9000000420,Incoming,2025-03-26 01:20:12,877,TOWER-TUP-001,CDR
CDR-00255,9000000065,9000000104.0,Incoming,2025-08-05 08:53:16,790,TOWER-SLM-001,CDR
CDR-00256,9000000387.0,9000000040,Missed,2026-04-22 13:50:05,0,TOWER-ERD-001,CDR
CDR-00257,9000000166.0,9000000119,Incoming,2026-06-30 19:15:16,289,TOWER-MDU-001,CDR
CDR-00258,9000000489.0,9000000209.0,Incoming,2025-04-22 06:24:04,195,TOWER-TRY-001,CDR
CDR-00259,9000000057,9000000487.0,Missed,2026-05-07 19:10:54,0,TOWER-ERD-001,CDR
CDR-00260,9000000086.0,9000000213,Incoming,2025-11-23 02:14:41,395,TOWER-VLR-001,CDR
CDR-00261,9000000474.0,9000000210.0,Outgoing,2026-07-15 11:31:25,329,TOWER-TUP-001,CDR
CDR-00262,9000000130.0,9000000115.0,Incoming,2025-05-01 20:13:10,63,TOWER-CHN-001,CDR
CDR-00263,9000000271.0,9000000423,Outgoing,2026-05-30 03:25:53,463,TOWER-TRY-001,CDR
CDR-00264,9000000045.0,9000000281.0,Outgoing,2025-06-17 10:29:48,289,TOWER-CBE-001,CDR
CDR-00265,9000000023.0,9000000175.0,Incoming,2026-06-11 18:53:52,300,TOWER-VLR-001,CDR
CDR-00266,9000000467,9000000409.0,Incoming,2025-11-04 00:14:37,235,TOWER-ERD-001,CDR
CDR-00267,9000000208.0,9000000325,Outgoing,2025-04-17 14:14:31,226,TOWER-MDU-001,CDR
CDR-00268,9000000445,9000000133.0,Incoming,2026-01-22 07:56:04,17,TOWER-TRY-001,CDR
CDR-00269,9000000296,9000000327.0,Outgoing,2026-07-01 13:22:59,555,TOWER-SLM-001,CDR
CDR-00270,9000000303,9000000287,Missed,2025-10-03 02:09:16,0,TOWER-CBE-001,CDR
CDR-00271,9000000073.0,9000000061.0,Outgoing,2025-12-24 02:26:25,29,TOWER-CBE-001,CDR
CDR-00272,9000000330,9000000129.0,Outgoing,2025-11-11 02:59:20,597,TOWER-TRY-001,CDR
CDR-00273,9000000445,9000000357.0,Outgoing,2025-09-10 06:07:03,31,TOWER-CHN-001,CDR
CDR-00274,9000000218,9000000485.0,Incoming,2025-03-24 05:25:54,457,TOWER-SLM-001,CDR
CDR-00275,9000000239.0,9000000482.0,Outgoing,2025-03-03 02:05:16,546,TOWER-TRY-001,CDR
CDR-00276,9000000351.0,9000000489.0,Incoming,2025-05-11 14:13:15,351,TOWER-CBE-001,CDR
CDR-00277,9000000262.0,9000000051,Missed,2026-02-01 02:11:43,0,TOWER-SLM-001,CDR
CDR-00278,9000000422,9000000209.0,Missed,2026-05-17 07:55:44,0,TOWER-CHN-001,CDR
CDR-00279,9000000242.0,9000000063.0,Incoming,2025-06-03 05:24:46,272,TOWER-CHN-001,CDR
CDR-00280,9000000132,9000000451.0,Missed,2025-02-28 12:41:12,0,TOWER-CHN-001,CDR
CDR-00281,9000000347,9000000202,Missed,2026-03-27 02:04:05,0,TOWER-VLR-001,CDR
CDR-00282,9000000147.0,9000000484.0,Missed,2025-09-03 13:15:22,0,TOWER-CHN-001,CDR
CDR-00283,9000000029.0,9000000119.0,Outgoing,2026-05-06 09:52:18,462,TOWER-MDU-001,CDR
CDR-00284,9000000482,9000000367.0,Incoming,2026-01-30 01:26:42,370,TOWER-CBE-001,CDR
CDR-00285,9000000351.0,9000000036,Outgoing,2025-02-14 04:30:26,48,TOWER-TUP-001,CDR
CDR-00286,9000000062.0,9000000193,Missed,2025-03-12 03:14:55,0,TOWER-TRY-001,CDR
CDR-00287,9000000391,9000000371.0,Missed,2026-07-28 22:29:11,0,TOWER-ERD-001,CDR
CDR-00288,9000000135.0,9000000384.0,Missed,2025-05-27 05:02:16,0,TOWER-TUP-001,CDR
CDR-00289,9000000039.0,9000000122,Incoming,2025-12-16 22:21:34,73,TOWER-CBE-001,CDR
CDR-00290,9000000001.0,9000000386.0,Missed,2026-05-17 20:40:55,0,TOWER-CHN-001,CDR
CDR-00291,9000000470.0,9000000010,Missed,2025-12-07 00:24:20,0,TOWER-VLR-001,CDR
CDR-00292,9000000260.0,9000000474,Missed,2025-05-04 07:14:37,0,TOWER-TUP-001,CDR
CDR-00293,9000000269.0,9000000483.0,Outgoing,2025-09-20 19:37:14,428,TOWER-ERD-001,CDR
CDR-00294,9000000385.0,9000000321,Outgoing,2026-03-10 09:11:17,106,TOWER-TRY-001,CDR
CDR-00295,9000000378,9000000057.0,Missed,2026-05-25 23:14:29,0,TOWER-CHN-001,CDR
CDR-00296,9000000011.0,9000000423,Missed,2026-05-31 10:37:34,0,TOWER-CHN-001,CDR
CDR-00297,9000000145.0,9000000351.0,Missed,2026-06-27 12:36:36,0,TOWER-TRY-001,CDR
CDR-00298,9000000327.0,9000000074,Missed,2025-03-07 19:16:36,0,TOWER-MDU-001,CDR
CDR-00299,9000000287,9000000301,Missed,2025-09-13 03:14:48,0,TOWER-CHN-001,CDR
CDR-00300,9000000467,9000000274,Missed,2026-06-05 18:12:23,0,TOWER-TRY-001,CDR
CDR-00301,9000000043.0,9000000485.0,Incoming,2025-08-28 21:40:51,381,TOWER-CHN-001,CDR
CDR-00302,9000000021.0,9000000474.0,Outgoing,2025-06-25 23:04:06,206,TOWER-CHN-001,CDR
CDR-00303,9000000388.0,9000000098,Outgoing,2025-03-20 13:24:01,874,TOWER-ERD-001,CDR
CDR-00304,9000000288.0,9000000328.0,Missed,2025-10-20 14:34:02,0,TOWER-CHN-001,CDR
CDR-00305,9000000312.0,9000000405.0,Missed,2026-05-01 06:00:23,0,TOWER-CHN-001,CDR
CDR-00306,9000000038.0,9000000107.0,Outgoing,2026-06-10 08:19:07,383,TOWER-SLM-001,CDR
CDR-00307,9000000225.0,9000000110,Missed,2025-12-15 16:37:25,0,TOWER-SLM-001,CDR
CDR-00308,9000000176.0,9000000056,Outgoing,2025-12-31 07:05:04,838,TOWER-SLM-001,CDR
CDR-00309,9000000104.0,9000000066,Outgoing,2025-08-07 20:36:20,482,TOWER-TRY-001,CDR
CDR-00310,9000000172.0,9000000401,Outgoing,2025-06-05 02:38:07,175,TOWER-CHN-001,CDR
CDR-00311,9000000206.0,9000000390,Missed,2026-01-09 06:51:32,0,TOWER-TUP-001,CDR
CDR-00312,9000000359,9000000063.0,Missed,2026-02-05 17:14:52,0,TOWER-CBE-001,CDR
CDR-00313,9000000110,9000000473.0,Incoming,2025-12-15 23:55:02,289,TOWER-CHN-001,CDR
CDR-00314,9000000205,9000000086.0,Incoming,2025-12-17 09:38:06,846,TOWER-TUP-001,CDR
CDR-00315,9000000295.0,9000000192.0,Incoming,2026-01-25 22:05:27,415,TOWER-TUP-001,CDR
CDR-00316,9000000242.0,9000000090.0,Incoming,2025-06-24 09:42:21,393,TOWER-ERD-001,CDR
CDR-00317,9000000320.0,9000000274.0,Missed,2026-05-20 20:08:43,0,TOWER-TUP-001,CDR
CDR-00318,9000000458.0,9000000089.0,Incoming,2026-01-02 23:11:53,303,TOWER-CHN-001,CDR
CDR-00319,9000000269,9000000217,Missed,2025-01-05 01:53:21,0,TOWER-CBE-001,CDR
CDR-00320,9000000452.0,9000000366.0,Incoming,2025-04-27 03:14:51,865,TOWER-TRY-001,CDR
CDR-00321,9000000291,9000000252.0,Incoming,2025-04-05 15:25:04,318,TOWER-ERD-001,CDR
CDR-00322,9000000056,9000000461.0,Missed,2026-04-29 18:01:49,0,TOWER-VLR-001,CDR
CDR-00323,9000000121.0,9000000291,Outgoing,2026-02-21 08:46:00,621,TOWER-ERD-001,CDR
CDR-00324,9000000199,9000000440.0,Incoming,2025-04-22 12:27:58,745,TOWER-MDU-001,CDR
CDR-00325,9000000387.0,9000000412,Missed,2025-10-02 00:58:03,0,TOWER-SLM-001,CDR
CDR-00326,9000000066,9000000126,Incoming,2026-06-04 00:25:43,690,TOWER-CBE-001,CDR
CDR-00327,9000000260.0,9000000443.0,Incoming,2026-02-27 14:25:22,548,TOWER-ERD-001,CDR
CDR-00328,9000000421.0,9000000124.0,Incoming,2025-10-28 11:59:25,660,TOWER-TUP-001,CDR
CDR-00329,9000000300,9000000456,Outgoing,2025-02-22 11:24:05,817,TOWER-TUP-001,CDR
CDR-00330,9000000217.0,9000000218.0,Missed,2026-07-26 00:52:43,0,TOWER-TUP-001,CDR
CDR-00331,9000000453,9000000154.0,Outgoing,2025-09-20 22:58:41,569,TOWER-CHN-001,CDR
CDR-00332,9000000202,9000000043,Missed,2025-05-22 13:54:29,0,TOWER-CHN-001,CDR
CDR-00333,9000000121.0,9000000347.0,Incoming,2025-06-06 13:55:42,310,TOWER-ERD-001,CDR
CDR-00334,9000000127.0,9000000220.0,Outgoing,2026-02-05 07:26:47,327,TOWER-TRY-001,CDR
CDR-00335,9000000337.0,9000000342,Outgoing,2026-05-18 11:05:57,47,TOWER-SLM-001,CDR
CDR-00336,9000000322.0,9000000200,Incoming,2026-05-25 07:43:07,896,TOWER-TUP-001,CDR
CDR-00337,9000000259,9000000025.0,Outgoing,2025-11-07 16:56:46,457,TOWER-VLR-001,CDR
CDR-00338,9000000090.0,9000000489.0,Incoming,2026-06-22 13:05:30,518,TOWER-VLR-001,CDR
CDR-00339,9000000104.0,9000000307.0,Outgoing,2025-03-06 03:59:24,830,TOWER-TRY-001,CDR
CDR-00340,9000000240.0,9000000175.0,Missed,2025-05-21 03:57:09,0,TOWER-MDU-001,CDR
CDR-00341,9000000025,9000000063.0,Incoming,2026-05-29 08:25:38,345,TOWER-MDU-001,CDR
CDR-00342,9000000081.0,9000000340,Missed,2026-07-12 10:12:22,0,TOWER-TRY-001,CDR
CDR-00343,9000000005.0,9000000225.0,Outgoing,2025-02-02 21:33:26,467,TOWER-TUP-001,CDR
CDR-00344,9000000103,9000000482,Missed,2025-02-14 13:13:54,0,TOWER-CBE-001,CDR
CDR-00345,9000000058.0,9000000034,Missed,2026-06-12 17:07:54,0,TOWER-CHN-001,CDR
CDR-00346,9000000363.0,9000000120.0,Missed,2026-06-11 16:29:33,0,TOWER-VLR-001,CDR
CDR-00347,9000000436,9000000471.0,Incoming,2026-05-17 02:42:27,251,TOWER-TUP-001,CDR
CDR-00348,9000000485.0,9000000016,Missed,2025-01-26 03:42:22,0,TOWER-CHN-001,CDR
CDR-00349,9000000135.0,9000000431.0,Outgoing,2025-03-01 17:14:53,464,TOWER-CHN-001,CDR
CDR-00350,9000000024,9000000185.0,Outgoing,2026-05-20 12:41:23,331,TOWER-MDU-001,CDR
CDR-00351,9000000495,9000000051,Incoming,2025-05-25 12:11:13,763,TOWER-VLR-001,CDR
CDR-00352,9000000447.0,9000000369.0,Missed,2025-04-02 11:13:26,0,TOWER-MDU-001,CDR
CDR-00353,9000000094,9000000340,Incoming,2025-08-10 19:32:19,636,TOWER-VLR-001,CDR
CDR-00354,9000000127.0,9000000152.0,Incoming,2025-02-27 12:25:48,883,TOWER-VLR-001,CDR
CDR-00355,9000000083,9000000232.0,Incoming,2026-06-14 16:04:57,839,TOWER-TUP-001,CDR
CDR-00356,9000000007.0,9000000228.0,Missed,2026-02-26 02:48:24,0,TOWER-MDU-001,CDR
CDR-00357,9000000008.0,9000000210.0,Missed,2026-07-06 03:13:39,0,TOWER-CHN-001,CDR
CDR-00358,9000000485.0,9000000043.0,Incoming,2025-06-06 02:32:44,134,TOWER-CHN-001,CDR
CDR-00359,9000000016.0,9000000347,Incoming,2026-03-07 07:42:29,379,TOWER-TUP-001,CDR
CDR-00360,9000000168.0,9000000046,Incoming,2025-03-08 23:10:23,636,TOWER-CBE-001,CDR
CDR-00361,9000000246.0,9000000326.0,Missed,2026-07-13 08:42:06,0,TOWER-VLR-001,CDR
CDR-00362,9000000272.0,9000000035.0,Outgoing,2026-03-23 12:55:20,853,TOWER-CBE-001,CDR
CDR-00363,9000000192,9000000067.0,Missed,2025-02-27 14:32:10,0,TOWER-VLR-001,CDR
CDR-00364,9000000365.0,9000000185,Outgoing,2026-03-05 05:02:27,141,TOWER-CHN-001,CDR
CDR-00365,9000000327.0,9000000334.0,Missed,2025-02-13 00:58:13,0,TOWER-CBE-001,CDR
CDR-00366,9000000447.0,9000000451.0,Outgoing,2025-05-06 19:16:58,178,TOWER-TUP-001,CDR
CDR-00367,9000000108.0,9000000485,Missed,2025-08-09 15:02:39,0,TOWER-CBE-001,CDR
CDR-00368,9000000206.0,9000000391.0,Missed,2026-03-04 20:25:41,0,TOWER-MDU-001,CDR
CDR-00369,9000000192,9000000390.0,Missed,2026-02-19 08:45:04,0,TOWER-CBE-001,CDR
CDR-00370,9000000172.0,9000000371,Missed,2026-03-28 00:02:07,0,TOWER-CHN-001,CDR
CDR-00371,9000000122.0,9000000332.0,Missed,2025-02-01 23:55:02,0,TOWER-ERD-001,CDR
CDR-00372,9000000423,9000000046.0,Missed,2026-03-24 23:47:42,0,TOWER-MDU-001,CDR
CDR-00373,9000000276.0,9000000384.0,Outgoing,2026-05-12 07:39:33,642,TOWER-ERD-001,CDR
CDR-00374,9000000081,9000000157.0,Outgoing,2025-08-23 15:26:32,667,TOWER-VLR-001,CDR
CDR-00375,9000000169,9000000058.0,Outgoing,2025-02-26 16:18:56,474,TOWER-ERD-001,CDR
CDR-00376,9000000210.0,9000000029.0,Outgoing,2025-12-27 17:49:45,505,TOWER-SLM-001,CDR
CDR-00377,9000000408.0,9000000251,Outgoing,2026-07-12 23:15:17,892,TOWER-TUP-001,CDR
CDR-00378,9000000023.0,9000000051.0,Incoming,2025-10-15 19:22:11,788,TOWER-CBE-001,CDR
CDR-00379,9000000320.0,9000000075,Outgoing,2025-07-27 18:02:00,135,TOWER-VLR-001,CDR
CDR-00380,9000000010,9000000176,Incoming,2025-08-14 09:56:37,61,TOWER-TRY-001,CDR
CDR-00381,9000000003.0,9000000235.0,Incoming,2025-09-12 07:50:45,843,TOWER-TUP-001,CDR
CDR-00382,9000000291.0,9000000071.0,Outgoing,2025-12-29 14:03:52,537,TOWER-VLR-001,CDR
CDR-00383,9000000409.0,9000000081,Incoming,2025-11-02 10:33:56,102,TOWER-VLR-001,CDR
CDR-00384,9000000217.0,9000000164.0,Missed,2025-10-02 02:26:28,0,TOWER-ERD-001,CDR
CDR-00385,9000000055,9000000469.0,Outgoing,2026-05-24 04:17:27,621,TOWER-VLR-001,CDR
CDR-00386,9000000322.0,9000000476.0,Incoming,2025-03-25 11:53:27,877,TOWER-TRY-001,CDR
CDR-00387,9000000137.0,9000000247.0,Missed,2025-10-12 02:35:21,0,TOWER-TRY-001,CDR
CDR-00388,9000000394,9000000046.0,Outgoing,2026-03-19 22:49:13,62,TOWER-SLM-001,CDR
CDR-00389,9000000368.0,9000000144.0,Outgoing,2025-10-28 02:03:50,85,TOWER-VLR-001,CDR
CDR-00390,9000000202.0,9000000074.0,Missed,2026-06-13 11:32:59,0,TOWER-CBE-001,CDR
CDR-00391,9000000002.0,9000000180.0,Outgoing,2025-09-21 09:00:29,392,TOWER-TUP-001,CDR
CDR-00392,9000000251,9000000216.0,Missed,2026-01-31 10:43:53,0,TOWER-TRY-001,CDR
CDR-00393,9000000303,9000000003,Incoming,2025-04-17 10:32:35,49,TOWER-TUP-001,CDR
CDR-00394,9000000104,9000000307.0,Outgoing,2026-04-16 21:30:54,162,TOWER-CHN-001,CDR
CDR-00395,9000000133.0,9000000320.0,Incoming,2026-04-24 20:24:07,412,TOWER-MDU-001,CDR
CDR-00396,9000000019,9000000288.0,Missed,2026-01-31 21:45:34,0,TOWER-VLR-001,CDR
CDR-00397,9000000455.0,9000000480.0,Outgoing,2025-01-13 22:08:07,845,TOWER-TUP-001,CDR
CDR-00398,9000000349,9000000345,Outgoing,2025-08-27 23:31:49,607,TOWER-ERD-001,CDR
CDR-00399,9000000228,9000000104,Outgoing,2026-03-26 07:32:35,681,TOWER-SLM-001,CDR
CDR-00400,9000000404.0,9000000100,Outgoing,2026-02-12 04:23:56,184,TOWER-TRY-001,CDR
CDR-00401,9000000090,9000000285.0,Incoming,2026-06-29 02:39:22,596,TOWER-CBE-001,CDR
CDR-00402,9000000233.0,9000000452.0,Outgoing,2025-11-22 06:37:50,331,TOWER-CHN-001,CDR
CDR-00403,9000000267.0,9000000156.0,Outgoing,2026-04-20 22:46:37,523,TOWER-VLR-001,CDR
CDR-00404,9000000118.0,9000000042.0,Missed,2025-06-11 01:07:46,0,TOWER-TUP-001,CDR
CDR-00405,9000000435.0,9000000272.0,Outgoing,2025-05-15 12:21:15,331,TOWER-VLR-001,CDR
CDR-00406,9000000100.0,9000000378.0,Missed,2025-10-03 04:23:17,0,TOWER-MDU-001,CDR
CDR-00407,9000000092.0,9000000160,Incoming,2026-03-10 11:29:21,295,TOWER-MDU-001,CDR
CDR-00408,9000000108.0,9000000006,Outgoing,2025-06-10 23:56:17,731,TOWER-VLR-001,CDR
CDR-00409,9000000067.0,9000000331,Outgoing,2026-07-15 12:47:56,583,TOWER-MDU-001,CDR
CDR-00410,9000000031,9000000125.0,Missed,2026-06-10 13:09:10,0,TOWER-TRY-001,CDR
CDR-00411,9000000055.0,9000000023.0,Incoming,2025-02-02 16:10:34,307,TOWER-MDU-001,CDR
CDR-00412,9000000240.0,9000000485,Outgoing,2025-07-19 04:27:43,681,TOWER-VLR-001,CDR
CDR-00413,9000000021.0,9000000477.0,Missed,2025-07-30 14:16:48,0,TOWER-MDU-001,CDR
CDR-00414,9000000089.0,9000000047.0,Missed,2026-07-30 11:12:31,0,TOWER-SLM-001,CDR
CDR-00415,9000000285.0,9000000055,Missed,2026-02-17 11:19:51,0,TOWER-SLM-001,CDR
CDR-00416,9000000096.0,9000000390,Incoming,2025-09-14 13:07:09,433,TOWER-VLR-001,CDR
CDR-00417,9000000407.0,9000000089.0,Incoming,2025-05-03 16:14:06,573,TOWER-TRY-001,CDR
CDR-00418,9000000039.0,9000000278,Missed,2025-06-04 22:07:43,0,TOWER-MDU-001,CDR
CDR-00419,9000000025,9000000322.0,Missed,2025-02-15 22:52:13,0,TOWER-CBE-001,CDR
CDR-00420,9000000028.0,9000000376.0,Missed,2026-07-28 18:06:53,0,TOWER-ERD-001,CDR
CDR-00421,9000000296,9000000467.0,Incoming,2025-11-05 08:30:54,47,TOWER-VLR-001,CDR
CDR-00422,9000000113.0,9000000445,Incoming,2025-08-20 18:26:02,19,TOWER-CBE-001,CDR
CDR-00423,9000000231.0,9000000110,Outgoing,2026-02-26 23:51:18,666,TOWER-VLR-001,CDR
CDR-00424,9000000137.0,9000000201.0,Outgoing,2025-05-30 18:15:53,289,TOWER-CBE-001,CDR
CDR-00425,9000000462,9000000312.0,Missed,2025-12-23 10:47:08,0,TOWER-MDU-001,CDR
CDR-00426,9000000113.0,9000000350.0,Missed,2025-09-19 20:13:35,0,TOWER-MDU-001,CDR
CDR-00427,9000000130.0,9000000236.0,Incoming,2026-05-12 02:42:42,635,TOWER-TRY-001,CDR
CDR-00428,9000000050.0,9000000199,Outgoing,2025-11-08 08:04:23,98,TOWER-CBE-001,CDR
CDR-00429,9000000070.0,9000000006.0,Outgoing,2025-07-12 15:55:58,341,TOWER-ERD-001,CDR
CDR-00430,9000000007,9000000016,Incoming,2025-07-27 09:08:05,467,TOWER-TUP-001,CDR
CDR-00431,9000000460,9000000138,Missed,2026-03-21 23:12:28,0,TOWER-ERD-001,CDR
CDR-00432,9000000007,9000000393.0,Missed,2025-07-03 12:59:57,0,TOWER-ERD-001,CDR
CDR-00433,9000000165.0,9000000415.0,Outgoing,2025-11-11 21:30:48,173,TOWER-MDU-001,CDR
CDR-00434,9000000161,9000000321.0,Outgoing,2025-06-21 12:55:41,639,TOWER-SLM-001,CDR
CDR-00435,9000000453,9000000435.0,Incoming,2026-04-16 11:47:32,475,TOWER-TUP-001,CDR
CDR-00436,9000000160.0,9000000494,Outgoing,2026-02-22 12:03:21,785,TOWER-SLM-001,CDR
CDR-00437,9000000010,9000000115.0,Incoming,2025-12-13 23:59:09,548,TOWER-TUP-001,CDR
CDR-00438,9000000098,9000000101,Incoming,2026-03-02 08:55:18,73,TOWER-SLM-001,CDR
CDR-00439,9000000037.0,9000000476.0,Incoming,2025-09-12 20:33:21,178,TOWER-VLR-001,CDR
CDR-00440,9000000277.0,9000000258,Missed,2026-03-29 22:39:38,0,TOWER-VLR-001,CDR
CDR-00441,9000000086.0,9000000262.0,Outgoing,2025-02-13 05:07:35,838,TOWER-VLR-001,CDR
CDR-00442,9000000249,9000000308,Outgoing,2026-03-15 00:03:59,477,TOWER-ERD-001,CDR
CDR-00443,9000000287,9000000391,Missed,2025-08-28 08:41:49,0,TOWER-ERD-001,CDR
CDR-00444,9000000054.0,9000000353.0,Incoming,2025-06-19 05:58:29,773,TOWER-CBE-001,CDR
CDR-00445,9000000046.0,9000000258.0,Outgoing,2025-02-19 12:34:15,727,TOWER-ERD-001,CDR
CDR-00446,9000000060,9000000251.0,Incoming,2025-11-14 13:49:55,303,TOWER-CHN-001,CDR
CDR-00447,9000000364.0,9000000264.0,Outgoing,2025-12-15 09:20:17,401,TOWER-TRY-001,CDR
CDR-00448,9000000091.0,9000000394.0,Missed,2026-05-30 00:42:25,0,TOWER-CHN-001,CDR
CDR-00449,9000000490.0,9000000165.0,Incoming,2025-11-02 07:08:38,560,TOWER-CHN-001,CDR
CDR-00450,9000000288,9000000297.0,Incoming,2025-12-26 15:01:05,315,TOWER-TRY-001,CDR
CDR-00451,9000000019.0,9000000094.0,Incoming,2025-12-24 18:40:39,263,TOWER-TUP-001,CDR
CDR-00452,9000000388.0,9000000027.0,Incoming,2025-03-29 15:34:35,752,TOWER-ERD-001,CDR
CDR-00453,9000000461.0,9000000456,Incoming,2025-02-22 06:23:36,221,TOWER-CBE-001,CDR
CDR-00454,9000000483,9000000063,Outgoing,2026-06-06 23:25:42,622,TOWER-ERD-001,CDR
CDR-00455,9000000169,9000000154.0,Outgoing,2025-07-02 00:24:02,459,TOWER-SLM-001,CDR
CDR-00456,9000000181.0,9000000006.0,Missed,2025-08-13 16:15:41,0,TOWER-SLM-001,CDR
CDR-00457,9000000129.0,9000000320.0,Missed,2026-04-10 09:59:35,0,TOWER-TUP-001,CDR
CDR-00458,9000000016.0,9000000460,Incoming,2026-02-09 20:49:26,686,TOWER-SLM-001,CDR
CDR-00459,9000000069.0,9000000008.0,Outgoing,2026-03-09 09:58:40,72,TOWER-CHN-001,CDR
CDR-00460,9000000050.0,9000000065,Outgoing,2025-09-25 12:21:27,58,TOWER-TRY-001,CDR
CDR-00461,9000000454.0,9000000320.0,Missed,2025-11-20 08:51:13,0,TOWER-TRY-001,CDR
CDR-00462,9000000238,9000000008.0,Outgoing,2026-02-22 19:42:34,198,TOWER-VLR-001,CDR
CDR-00463,9000000217.0,9000000108.0,Outgoing,2026-07-04 14:11:15,888,TOWER-CHN-001,CDR
CDR-00464,9000000107,9000000305.0,Missed,2025-11-17 12:51:57,0,TOWER-TRY-001,CDR
CDR-00465,9000000111.0,9000000024,Incoming,2025-07-08 15:12:39,407,TOWER-MDU-001,CDR
CDR-00466,9000000156.0,9000000462,Missed,2025-03-03 09:58:46,0,TOWER-VLR-001,CDR
CDR-00467,9000000431.0,9000000201,Missed,2026-07-17 19:14:16,0,TOWER-SLM-001,CDR
CDR-00468,9000000404.0,9000000409,Outgoing,2026-04-15 21:26:52,699,TOWER-ERD-001,CDR
CDR-00469,9000000222,9000000491.0,Missed,2026-07-17 14:01:41,0,TOWER-SLM-001,CDR
CDR-00470,9000000043,9000000380.0,Outgoing,2025-01-12 21:50:27,320,TOWER-SLM-001,CDR
CDR-00471,9000000291.0,9000000161,Missed,2026-01-07 23:43:55,0,TOWER-SLM-001,CDR
CDR-00472,9000000325,9000000073.0,Incoming,2025-09-07 19:20:17,575,TOWER-MDU-001,CDR
CDR-00473,9000000484,9000000365.0,Missed,2026-05-19 21:02:32,0,TOWER-TUP-001,CDR
CDR-00474,9000000409.0,9000000007,Outgoing,2026-01-22 05:55:14,535,TOWER-VLR-001,CDR
CDR-00475,9000000183,9000000269,Outgoing,2025-10-15 22:26:26,218,TOWER-TUP-001,CDR
CDR-00476,9000000069.0,9000000046.0,Missed,2025-06-21 20:50:53,0,TOWER-CHN-001,CDR
CDR-00477,9000000456,9000000007,Missed,2026-03-30 15:08:37,0,TOWER-TRY-001,CDR
CDR-00478,9000000321.0,9000000451.0,Incoming,2025-06-28 15:51:28,347,TOWER-TRY-001,CDR
CDR-00479,9000000479,9000000085.0,Outgoing,2026-05-24 10:46:36,573,TOWER-TUP-001,CDR
CDR-00480,9000000012,9000000338.0,Missed,2026-05-14 10:03:05,0,TOWER-VLR-001,CDR
CDR-00481,9000000218,9000000371,Missed,2025-10-01 13:02:22,0,TOWER-CHN-001,CDR
CDR-00482,9000000006.0,9000000093.0,Outgoing,2026-02-26 02:09:48,198,TOWER-ERD-001,CDR
CDR-00483,9000000260.0,9000000063,Incoming,2026-06-04 00:26:26,847,TOWER-ERD-001,CDR
CDR-00484,9000000445.0,9000000267.0,Incoming,2026-05-05 21:07:51,872,TOWER-SLM-001,CDR
CDR-00485,9000000119.0,9000000199.0,Incoming,2026-01-28 19:32:41,233,TOWER-VLR-001,CDR
CDR-00486,9000000375.0,9000000222.0,Missed,2026-05-11 08:07:21,0,TOWER-VLR-001,CDR
CDR-00487,9000000072.0,9000000456,Incoming,2026-03-05 11:22:52,554,TOWER-TRY-001,CDR
CDR-00488,9000000189.0,9000000323.0,Missed,2026-07-15 22:38:53,0,TOWER-MDU-001,CDR
CDR-00489,9000000175,9000000062.0,Incoming,2026-06-27 01:02:09,524,TOWER-TRY-001,CDR
CDR-00490,9000000473,9000000340.0,Incoming,2025-04-26 15:39:01,546,TOWER-SLM-001,CDR
CDR-00491,9000000160,9000000467,Outgoing,2025-10-03 07:15:39,844,TOWER-MDU-001,CDR
CDR-00492,9000000073.0,9000000240.0,Outgoing,2025-12-23 12:20:17,425,TOWER-SLM-001,CDR
CDR-00493,9000000058,9000000008.0,Missed,2025-03-04 14:48:29,0,TOWER-ERD-001,CDR
CDR-00494,9000000274,9000000058.0,Outgoing,2026-03-06 07:06:05,396,TOWER-VLR-001,CDR
CDR-00495,9000000181.0,9000000489,Missed,2025-05-14 02:49:17,0,TOWER-CBE-001,CDR
CDR-00496,9000000097.0,9000000414,Missed,2025-09-15 07:19:54,0,TOWER-CBE-001,CDR
CDR-00497,9000000401,9000000061.0,Incoming,2026-06-22 17:10:41,226,TOWER-VLR-001,CDR
CDR-00498,9000000069,9000000114,Incoming,2025-08-06 18:31:54,710,TOWER-ERD-001,CDR
CDR-00499,9000000473,9000000430,Incoming,2026-04-01 23:08:46,222,TOWER-CHN-001,CDR
CDR-00500,9000000326.0,9000000193,Outgoing,2026-03-15 00:56:34,176,TOWER-SLM-001,CDR
CDR-00501,9000000041.0,9000000268,Missed,2026-02-24 20:48:50,0,TOWER-TUP-001,CDR
CDR-00502,9000000162,9000000006.0,Missed,2026-07-17 11:23:14,0,TOWER-CBE-001,CDR
CDR-00503,9000000303,9000000485,Incoming,2025-12-06 11:54:56,110,TOWER-SLM-001,CDR
CDR-00504,9000000408,9000000408.0,Missed,2026-04-22 19:16:38,0,TOWER-TRY-001,CDR
CDR-00505,9000000368,9000000027,Missed,2025-08-01 07:11:06,0,TOWER-VLR-001,CDR
CDR-00506,9000000261.0,9000000072,Outgoing,2025-10-19 14:27:59,576,TOWER-TRY-001,CDR
CDR-00507,9000000113.0,9000000017.0,Missed,2025-10-23 05:04:08,0,TOWER-CBE-001,CDR
CDR-00508,9000000321.0,9000000128.0,Missed,2025-02-27 02:15:50,0,TOWER-CBE-001,CDR
CDR-00509,9000000409,9000000272,Outgoing,2026-05-08 08:46:08,738,TOWER-CHN-001,CDR
CDR-00510,9000000268,9000000067.0,Outgoing,2025-03-13 02:03:52,119,TOWER-ERD-001,CDR
CDR-00511,9000000409.0,9000000232.0,Outgoing,2025-07-29 12:48:39,789,TOWER-CBE-001,CDR
CDR-00512,9000000249,9000000306.0,Incoming,2025-12-15 15:03:09,451,TOWER-TRY-001,CDR
CDR-00513,9000000063.0,9000000399,Incoming,2026-03-07 11:24:21,372,TOWER-CBE-001,CDR
CDR-00514,9000000228,9000000457.0,Outgoing,2025-10-27 05:21:19,894,TOWER-ERD-001,CDR
CDR-00515,9000000245.0,9000000069.0,Outgoing,2025-03-07 18:54:48,807,TOWER-SLM-001,CDR
CDR-00516,9000000384.0,9000000317.0,Incoming,2025-10-23 17:21:33,711,TOWER-CHN-001,CDR
CDR-00517,9000000144,9000000401.0,Outgoing,2026-01-19 00:29:47,284,TOWER-CHN-001,CDR
CDR-00518,9000000121.0,9000000171,Outgoing,2025-11-24 01:54:59,292,TOWER-MDU-001,CDR
CDR-00519,9000000092.0,9000000193,Outgoing,2025-07-11 12:46:19,267,TOWER-VLR-001,CDR
CDR-00520,9000000483,9000000232,Outgoing,2025-04-16 05:42:28,119,TOWER-MDU-001,CDR
CDR-00521,9000000445.0,9000000054.0,Outgoing,2026-04-27 17:13:13,871,TOWER-TRY-001,CDR
CDR-00522,9000000131,9000000029.0,Outgoing,2026-05-21 16:12:23,450,TOWER-CHN-001,CDR
CDR-00523,9000000008.0,9000000025,Missed,2026-06-25 01:11:16,0,TOWER-SLM-001,CDR
CDR-00524,9000000043,9000000294,Incoming,2025-09-05 21:09:26,417,TOWER-MDU-001,CDR
CDR-00525,9000000261.0,9000000129.0,Incoming,2025-10-20 02:10:44,343,TOWER-MDU-001,CDR
CDR-00526,9000000422.0,9000000452,Incoming,2025-06-05 04:32:34,587,TOWER-CHN-001,CDR
CDR-00527,9000000202.0,9000000295.0,Missed,2025-12-25 13:15:42,0,TOWER-SLM-001,CDR
CDR-00528,9000000038.0,9000000245.0,Missed,2025-02-23 17:12:39,0,TOWER-TRY-001,CDR
CDR-00529,9000000097.0,9000000144,Missed,2025-08-24 05:12:34,0,TOWER-SLM-001,CDR
CDR-00530,9000000057.0,9000000272,Missed,2025-11-25 15:40:36,0,TOWER-TRY-001,CDR
CDR-00531,9000000092,9000000217,Missed,2026-01-08 05:34:56,0,TOWER-TRY-001,CDR
CDR-00532,9000000404,9000000099.0,Missed,2025-11-21 21:41:24,0,TOWER-ERD-001,CDR
CDR-00533,9000000393.0,9000000476.0,Missed,2026-05-11 16:32:39,0,TOWER-CBE-001,CDR
CDR-00534,9000000047.0,9000000235.0,Missed,2026-06-01 06:47:31,0,TOWER-TUP-001,CDR
CDR-00535,9000000005.0,9000000154.0,Missed,2026-05-17 00:15:11,0,TOWER-TRY-001,CDR
CDR-00536,9000000349,9000000175.0,Incoming,2025-03-18 14:09:34,20,TOWER-MDU-001,CDR
CDR-00537,9000000182.0,9000000262.0,Missed,2026-02-07 23:05:28,0,TOWER-SLM-001,CDR
CDR-00538,9000000340,9000000289.0,Outgoing,2026-06-12 19:49:56,484,TOWER-CHN-001,CDR
CDR-00539,9000000023.0,9000000037,Outgoing,2025-08-18 11:15:20,117,TOWER-TRY-001,CDR
CDR-00540,9000000323,9000000142,Missed,2025-04-21 01:01:00,0,TOWER-TUP-001,CDR
CDR-00541,9000000239,9000000001.0,Outgoing,2025-06-10 16:17:11,813,TOWER-VLR-001,CDR
CDR-00542,9000000490.0,9000000039.0,Incoming,2026-07-15 18:56:33,458,TOWER-VLR-001,CDR
CDR-00543,9000000320.0,9000000010.0,Outgoing,2026-07-07 01:52:50,55,TOWER-CBE-001,CDR
CDR-00544,9000000034.0,9000000001.0,Missed,2025-03-26 22:40:05,0,TOWER-CHN-001,CDR
CDR-00545,9000000456.0,9000000425,Incoming,2025-05-05 09:08:45,575,TOWER-TUP-001,CDR
CDR-00546,9000000128,9000000121,Outgoing,2025-11-11 14:37:53,247,TOWER-CHN-001,CDR
CDR-00547,9000000113.0,9000000243.0,Outgoing,2026-07-27 17:54:55,39,TOWER-SLM-001,CDR
CDR-00548,9000000135.0,9000000212.0,Outgoing,2025-01-04 10:57:17,408,TOWER-SLM-001,CDR
CDR-00549,9000000258,9000000383.0,Missed,2025-02-18 14:16:22,0,TOWER-CBE-001,CDR
CDR-00550,9000000476.0,9000000365,Outgoing,2025-06-03 01:43:50,343,TOWER-VLR-001,CDR
CDR-00551,9000000051,9000000398,Missed,2026-01-16 04:38:33,0,TOWER-TUP-001,CDR
CDR-00552,9000000228,9000000298.0,Missed,2025-11-01 21:33:02,0,TOWER-CBE-001,CDR
CDR-00553,9000000490.0,9000000261,Outgoing,2025-05-15 00:08:45,642,TOWER-MDU-001,CDR
CDR-00554,9000000386,9000000386.0,Missed,2025-04-15 00:58:02,0,TOWER-TUP-001,CDR
CDR-00555,9000000161,9000000056,Outgoing,2025-05-23 04:11:49,129,TOWER-TUP-001,CDR
CDR-00556,9000000176,9000000236,Outgoing,2026-04-09 06:10:59,438,TOWER-CHN-001,CDR
CDR-00557,9000000440.0,9000000016,Outgoing,2026-01-14 00:11:25,200,TOWER-CHN-001,CDR
CDR-00558,9000000036.0,9000000005.0,Outgoing,2025-04-19 23:19:01,305,TOWER-CHN-001,CDR
CDR-00559,9000000430,9000000244.0,Missed,2025-02-11 15:23:10,0,TOWER-TUP-001,CDR
CDR-00560,9000000489,9000000431,Incoming,2025-10-26 05:14:17,209,TOWER-VLR-001,CDR
CDR-00561,9000000349.0,9000000313.0,Outgoing,2025-12-11 17:59:46,737,TOWER-VLR-001,CDR
CDR-00562,9000000171,9000000130,Missed,2025-01-24 23:17:06,0,TOWER-SLM-001,CDR
CDR-00563,9000000342.0,9000000163.0,Outgoing,2026-02-22 13:45:03,240,TOWER-MDU-001,CDR
CDR-00564,9000000371,9000000347.0,Missed,2026-07-31 17:32:36,0,TOWER-VLR-001,CDR
CDR-00565,9000000494,9000000236,Incoming,2025-03-30 16:57:58,596,TOWER-MDU-001,CDR
CDR-00566,9000000337.0,9000000185.0,Missed,2025-02-02 07:40:34,0,TOWER-VLR-001,CDR
CDR-00567,9000000093.0,9000000226,Outgoing,2026-07-26 15:49:25,114,TOWER-SLM-001,CDR
CDR-00568,9000000006,9000000163.0,Outgoing,2025-09-28 17:56:44,279,TOWER-CBE-001,CDR
CDR-00569,9000000374.0,9000000161,Incoming,2026-07-27 22:06:09,224,TOWER-TUP-001,CDR
CDR-00570,9000000061,9000000004.0,Missed,2025-04-19 03:31:40,0,TOWER-SLM-001,CDR
CDR-00571,9000000367,9000000433.0,Missed,2025-09-30 11:40:28,0,TOWER-MDU-001,CDR
CDR-00572,9000000228,9000000250.0,Incoming,2026-07-01 20:30:48,341,TOWER-MDU-001,CDR
CDR-00573,9000000445,9000000037.0,Outgoing,2026-02-04 13:23:25,888,TOWER-CBE-001,CDR
CDR-00574,9000000364.0,9000000447,Incoming,2026-05-25 10:47:34,293,TOWER-CHN-001,CDR
CDR-00575,9000000249,9000000495,Incoming,2025-09-08 04:19:04,738,TOWER-SLM-001,CDR
CDR-00576,9000000422.0,9000000388,Incoming,2026-05-07 04:49:38,601,TOWER-MDU-001,CDR
CDR-00577,9000000192.0,9000000091.0,Outgoing,2026-05-08 03:40:39,87,TOWER-CBE-001,CDR
CDR-00578,9000000102,9000000199,Missed,2025-08-05 02:30:09,0,TOWER-TUP-001,CDR
CDR-00579,9000000355.0,9000000072.0,Outgoing,2025-01-02 22:06:05,605,TOWER-CBE-001,CDR
CDR-00580,9000000067,9000000436.0,Incoming,2026-02-20 02:23:38,824,TOWER-TRY-001,CDR
CDR-00581,9000000226,9000000387.0,Incoming,2025-07-28 13:53:22,516,TOWER-TUP-001,CDR
CDR-00582,9000000378,9000000332.0,Missed,2026-03-25 21:27:50,0,TOWER-CHN-001,CDR
CDR-00583,9000000013.0,9000000431,Outgoing,2025-02-07 14:24:50,708,TOWER-ERD-001,CDR
CDR-00584,9000000274.0,9000000138.0,Incoming,2025-05-03 17:01:34,137,TOWER-VLR-001,CDR
CDR-00585,9000000444.0,9000000345.0,Outgoing,2026-06-19 20:16:58,217,TOWER-CHN-001,CDR
CDR-00586,9000000460,9000000172,Outgoing,2026-05-24 10:24:14,105,TOWER-TUP-001,CDR
CDR-00587,9000000206.0,9000000130,Outgoing,2026-05-20 00:34:54,690,TOWER-CHN-001,CDR
CDR-00588,9000000390,9000000054.0,Missed,2025-08-26 07:06:18,0,TOWER-SLM-001,CDR
CDR-00589,9000000387.0,9000000086.0,Missed,2025-03-15 22:21:08,0,TOWER-ERD-001,CDR
CDR-00590,9000000083.0,9000000278,Incoming,2026-04-07 02:59:16,145,TOWER-SLM-001,CDR
CDR-00591,9000000307.0,9000000232.0,Incoming,2026-06-25 06:52:11,18,TOWER-TUP-001,CDR
CDR-00592,9000000449.0,9000000475,Missed,2025-04-13 15:55:24,0,TOWER-VLR-001,CDR
CDR-00593,9000000078.0,9000000413.0,Outgoing,2026-07-22 14:25:00,101,TOWER-CBE-001,CDR
CDR-00594,9000000063.0,9000000330,Outgoing,2025-04-17 12:16:31,316,TOWER-TRY-001,CDR
CDR-00595,9000000453,9000000120.0,Incoming,2026-03-14 12:30:33,553,TOWER-ERD-001,CDR
CDR-00596,9000000198.0,9000000029.0,Outgoing,2025-06-15 11:38:29,749,TOWER-CHN-001,CDR
CDR-00597,9000000447,9000000167.0,Incoming,2025-03-20 00:48:19,98,TOWER-CHN-001,CDR
CDR-00598,9000000137,9000000482.0,Missed,2025-10-26 06:52:25,0,TOWER-TUP-001,CDR
CDR-00599,9000000387.0,9000000430,Incoming,2025-08-04 03:03:04,263,TOWER-CBE-001,CDR
CDR-00600,9000000235.0,9000000144.0,Missed,2026-04-12 00:57:26,0,TOWER-MDU-001,CDR
CDR-00601,9000000295.0,9000000032,Incoming,2026-04-17 09:56:12,540,TOWER-SLM-001,CDR
CDR-00602,9000000221.0,9000000321.0,Missed,2025-02-12 09:14:32,0,TOWER-SLM-001,CDR
CDR-00603,9000000235,9000000090.0,Incoming,2026-01-24 00:53:36,256,TOWER-CBE-001,CDR
CDR-00604,9000000401,9000000189.0,Outgoing,2025-04-13 12:20:21,334,TOWER-TRY-001,CDR
CDR-00605,9000000381.0,9000000264.0,Outgoing,2026-06-15 10:57:45,569,TOWER-CHN-001,CDR
CDR-00606,9000000403.0,9000000222,Incoming,2025-02-22 10:53:54,611,TOWER-ERD-001,CDR
CDR-00607,9000000398,9000000164.0,Incoming,2025-11-06 02:47:31,71,TOWER-MDU-001,CDR
CDR-00608,9000000122,9000000160.0,Outgoing,2025-11-09 10:59:40,728,TOWER-CBE-001,CDR
CDR-00609,9000000476.0,9000000344,Missed,2025-04-29 14:10:11,0,TOWER-MDU-001,CDR
CDR-00610,9000000473.0,9000000351.0,Incoming,2025-06-07 19:52:32,533,TOWER-CHN-001,CDR
CDR-00611,9000000476.0,9000000368,Outgoing,2026-05-08 16:06:06,610,TOWER-CBE-001,CDR
CDR-00612,9000000351.0,9000000205,Missed,2025-07-05 08:31:24,0,TOWER-ERD-001,CDR
CDR-00613,9000000169,9000000109.0,Outgoing,2025-12-19 03:27:49,128,TOWER-ERD-001,CDR
CDR-00614,9000000246.0,9000000296,Incoming,2026-07-04 20:13:25,22,TOWER-CHN-001,CDR
CDR-00615,9000000346,9000000343.0,Outgoing,2026-02-11 05:31:35,365,TOWER-MDU-001,CDR
CDR-00616,9000000005.0,9000000248,Incoming,2025-07-28 18:07:59,777,TOWER-CBE-001,CDR
CDR-00617,9000000027,9000000231.0,Outgoing,2026-02-11 21:21:01,288,TOWER-CBE-001,CDR
CDR-00618,9000000140,9000000278.0,Missed,2025-03-01 20:41:22,0,TOWER-VLR-001,CDR
CDR-00619,9000000064.0,9000000236,Outgoing,2026-01-24 01:24:19,66,TOWER-CHN-001,CDR
CDR-00620,9000000104.0,9000000210.0,Outgoing,2025-03-21 22:17:11,801,TOWER-CBE-001,CDR
CDR-00621,9000000072,9000000177.0,Incoming,2025-01-10 13:03:58,55,TOWER-SLM-001,CDR
CDR-00622,9000000114,9000000251.0,Outgoing,2025-04-27 13:46:51,402,TOWER-CHN-001,CDR
CDR-00623,9000000200.0,9000000144.0,Missed,2026-07-30 07:00:42,0,TOWER-TRY-001,CDR
CDR-00624,9000000193.0,9000000435,Incoming,2026-07-14 11:08:24,436,TOWER-TUP-001,CDR
CDR-00625,9000000069,9000000098,Missed,2025-10-17 13:38:52,0,TOWER-CBE-001,CDR
CDR-00626,9000000172.0,9000000390,Incoming,2026-02-05 14:43:35,238,TOWER-ERD-001,CDR
CDR-00627,9000000412.0,9000000060,Outgoing,2025-08-08 06:34:53,896,TOWER-MDU-001,CDR
CDR-00628,9000000133.0,9000000109.0,Missed,2025-12-21 18:21:57,0,TOWER-ERD-001,CDR
CDR-00629,9000000399.0,9000000476,Outgoing,2025-08-25 01:16:48,587,TOWER-SLM-001,CDR
CDR-00630,9000000202,9000000399.0,Missed,2026-01-19 04:54:34,0,TOWER-SLM-001,CDR
CDR-00631,9000000093.0,9000000085.0,Incoming,2025-11-15 11:37:37,16,TOWER-ERD-001,CDR
CDR-00632,9000000096.0,9000000462.0,Outgoing,2026-06-23 15:02:46,661,TOWER-ERD-001,CDR
CDR-00633,9000000231.0,9000000412,Missed,2025-10-20 06:16:16,0,TOWER-MDU-001,CDR
CDR-00634,9000000218.0,9000000258,Missed,2025-07-04 23:45:56,0,TOWER-TRY-001,CDR
CDR-00635,9000000313.0,9000000222.0,Incoming,2025-08-06 08:19:16,738,TOWER-CBE-001,CDR
CDR-00636,9000000107.0,9000000376.0,Missed,2025-11-17 19:56:12,0,TOWER-TUP-001,CDR
CDR-00637,9000000067,9000000386.0,Missed,2025-03-16 05:41:04,0,TOWER-CHN-001,CDR
CDR-00638,9000000419,9000000021,Missed,2026-03-18 00:56:44,0,TOWER-ERD-001,CDR
CDR-00639,9000000103,9000000241.0,Incoming,2025-07-22 17:13:25,308,TOWER-TUP-001,CDR
CDR-00640,9000000422.0,9000000368,Outgoing,2025-07-31 05:37:29,473,TOWER-SLM-001,CDR
CDR-00641,9000000021,9000000492,Incoming,2026-03-31 03:44:52,808,TOWER-CBE-001,CDR
CDR-00642,9000000044.0,9000000033.0,Incoming,2025-12-28 23:53:49,470,TOWER-TUP-001,CDR
CDR-00643,9000000382.0,9000000449.0,Missed,2025-10-06 06:57:43,0,TOWER-SLM-001,CDR
CDR-00644,9000000009.0,9000000409.0,Outgoing,2025-04-04 03:21:02,281,TOWER-CBE-001,CDR
CDR-00645,9000000210.0,9000000273.0,Missed,2026-06-26 06:44:49,0,TOWER-ERD-001,CDR
CDR-00646,9000000164.0,9000000133.0,Incoming,2026-07-07 08:56:05,103,TOWER-SLM-001,CDR
CDR-00647,9000000056.0,9000000054.0,Missed,2025-02-08 00:30:20,0,TOWER-MDU-001,CDR
CDR-00648,9000000094,9000000190.0,Incoming,2025-12-18 05:38:26,424,TOWER-SLM-001,CDR
CDR-00649,9000000105.0,9000000391,Incoming,2025-04-19 13:55:52,833,TOWER-CBE-001,CDR
CDR-00650,9000000189.0,9000000118.0,Incoming,2025-06-03 21:28:02,143,TOWER-TRY-001,CDR
CDR-00651,9000000269.0,9000000386.0,Missed,2026-04-01 06:02:43,0,TOWER-MDU-001,CDR
CDR-00652,9000000021,9000000470,Incoming,2026-05-17 18:04:06,212,TOWER-VLR-001,CDR
CDR-00653,9000000002.0,9000000201,Outgoing,2025-02-03 03:55:01,135,TOWER-VLR-001,CDR
CDR-00654,9000000055,9000000371,Missed,2025-12-03 10:37:12,0,TOWER-TRY-001,CDR
CDR-00655,9000000159,9000000027,Outgoing,2025-11-28 09:35:37,709,TOWER-CHN-001,CDR
CDR-00656,9000000194.0,9000000021.0,Incoming,2025-08-06 08:52:01,291,TOWER-VLR-001,CDR
CDR-00657,9000000238,9000000436,Missed,2026-04-26 22:17:14,0,TOWER-SLM-001,CDR
CDR-00658,9000000321.0,9000000354.0,Outgoing,2026-01-08 01:47:01,573,TOWER-ERD-001,CDR
CDR-00659,9000000306.0,9000000074.0,Outgoing,2025-11-22 15:06:12,150,TOWER-SLM-001,CDR
CDR-00660,9000000272.0,9000000495,Missed,2026-02-27 06:29:42,0,TOWER-ERD-001,CDR
CDR-00661,9000000252,9000000031.0,Outgoing,2026-01-12 11:04:49,567,TOWER-TUP-001,CDR
CDR-00662,9000000013.0,9000000172.0,Outgoing,2025-07-30 01:17:11,407,TOWER-CHN-001,CDR
CDR-00663,9000000399,9000000320.0,Missed,2025-06-20 02:49:56,0,TOWER-ERD-001,CDR
CDR-00664,9000000475.0,9000000305.0,Outgoing,2025-10-05 15:01:55,552,TOWER-SLM-001,CDR
CDR-00665,9000000071.0,9000000407.0,Incoming,2025-07-07 07:24:50,682,TOWER-MDU-001,CDR
CDR-00666,9000000176.0,9000000181.0,Incoming,2025-10-29 16:43:14,599,TOWER-TUP-001,CDR
CDR-00667,9000000226.0,9000000283,Incoming,2025-09-05 00:01:51,616,TOWER-TUP-001,CDR
CDR-00668,9000000367.0,9000000381,Missed,2026-06-29 03:23:59,0,TOWER-TUP-001,CDR
CDR-00669,9000000130.0,9000000101,Incoming,2025-05-27 04:55:47,586,TOWER-VLR-001,CDR
CDR-00670,9000000444,9000000246.0,Incoming,2025-01-30 11:41:43,512,TOWER-CBE-001,CDR
CDR-00671,9000000181.0,9000000096.0,Missed,2025-06-19 22:53:39,0,TOWER-ERD-001,CDR
CDR-00672,9000000467,9000000435.0,Incoming,2026-04-23 00:18:06,349,TOWER-SLM-001,CDR
CDR-00673,9000000241.0,9000000408.0,Missed,2025-05-18 20:05:30,0,TOWER-TUP-001,CDR
CDR-00674,9000000433.0,9000000470,Incoming,2026-07-02 08:29:30,610,TOWER-CHN-001,CDR
CDR-00675,9000000291,9000000272.0,Outgoing,2025-10-18 04:14:12,84,TOWER-TRY-001,CDR
CDR-00676,9000000304.0,9000000062,Outgoing,2025-09-08 13:45:34,319,TOWER-CHN-001,CDR
CDR-00677,9000000210.0,9000000205,Missed,2026-01-14 10:03:59,0,TOWER-TUP-001,CDR
CDR-00678,9000000190.0,9000000308.0,Missed,2026-04-22 16:21:52,0,TOWER-TUP-001,CDR
CDR-00679,9000000288,9000000482.0,Incoming,2025-08-27 07:35:58,397,TOWER-MDU-001,CDR
CDR-00680,9000000059,9000000169.0,Missed,2025-01-02 09:30:55,0,TOWER-TRY-001,CDR
CDR-00681,9000000130.0,9000000163.0,Incoming,2025-09-05 03:59:35,626,TOWER-SLM-001,CDR
CDR-00682,9000000013.0,9000000218.0,Outgoing,2025-09-15 05:25:36,154,TOWER-CBE-001,CDR
CDR-00683,9000000101.0,9000000007.0,Outgoing,2026-05-10 03:22:51,181,TOWER-CBE-001,CDR
CDR-00684,9000000231.0,9000000001,Incoming,2025-06-12 20:47:54,281,TOWER-SLM-001,CDR
CDR-00685,9000000119.0,9000000145.0,Outgoing,2025-03-25 21:54:39,815,TOWER-ERD-001,CDR
CDR-00686,9000000141.0,9000000090.0,Outgoing,2025-11-22 22:54:11,760,TOWER-CHN-001,CDR
CDR-00687,9000000069.0,9000000243,Outgoing,2026-03-01 02:37:28,369,TOWER-TRY-001,CDR
CDR-00688,9000000062,9000000043,Missed,2026-05-21 14:57:07,0,TOWER-SLM-001,CDR
CDR-00689,9000000312.0,9000000009.0,Incoming,2025-01-26 22:51:34,828,TOWER-MDU-001,CDR
CDR-00690,9000000309.0,9000000320.0,Outgoing,2025-02-27 15:11:44,117,TOWER-TUP-001,CDR
CDR-00691,9000000134.0,9000000091.0,Incoming,2025-02-28 06:08:47,759,TOWER-CBE-001,CDR
CDR-00692,9000000040.0,9000000483,Missed,2026-01-10 22:51:57,0,TOWER-ERD-001,CDR
CDR-00693,9000000430.0,9000000198.0,Missed,2025-12-04 06:04:54,0,TOWER-CHN-001,CDR
CDR-00694,9000000143.0,9000000062,Outgoing,2025-05-28 13:33:47,220,TOWER-TRY-001,CDR
CDR-00695,9000000359,9000000110.0,Outgoing,2025-08-07 15:58:13,686,TOWER-MDU-001,CDR
CDR-00696,9000000101.0,9000000338,Incoming,2026-03-21 02:33:42,412,TOWER-VLR-001,CDR
CDR-00697,9000000272,9000000441,Outgoing,2025-11-29 03:09:10,13,TOWER-CBE-001,CDR
CDR-00698,9000000029,9000000234.0,Outgoing,2025-03-17 07:58:00,214,TOWER-ERD-001,CDR
CDR-00699,9000000367,9000000134.0,Missed,2025-08-15 15:45:35,0,TOWER-CBE-001,CDR
CDR-00700,9000000342,9000000142,Outgoing,2025-11-05 17:19:42,813,TOWER-VLR-001,CDR
CDR-00701,9000000338.0,9000000187.0,Incoming,2026-02-27 15:14:39,667,TOWER-TRY-001,CDR
CDR-00702,9000000070.0,9000000431.0,Outgoing,2025-05-25 22:09:29,388,TOWER-VLR-001,CDR
CDR-00703,9000000154.0,9000000140,Outgoing,2025-07-24 14:08:49,486,TOWER-SLM-001,CDR
CDR-00704,9000000401.0,9000000101,Incoming,2026-06-25 23:09:34,164,TOWER-CBE-001,CDR
CDR-00705,9000000323,9000000327,Missed,2025-11-18 13:16:13,0,TOWER-SLM-001,CDR
CDR-00706,9000000144.0,9000000314.0,Outgoing,2026-02-10 21:38:22,848,TOWER-TRY-001,CDR
CDR-00707,9000000175,9000000191.0,Missed,2025-07-03 00:41:08,0,TOWER-VLR-001,CDR
CDR-00708,9000000480.0,9000000240.0,Outgoing,2026-07-09 19:37:24,884,TOWER-ERD-001,CDR
CDR-00709,9000000172.0,9000000066,Missed,2026-03-20 21:15:36,0,TOWER-CHN-001,CDR
CDR-00710,9000000449.0,9000000217,Incoming,2025-06-14 13:55:07,181,TOWER-SLM-001,CDR
CDR-00711,9000000471.0,9000000061.0,Outgoing,2026-06-15 14:22:54,90,TOWER-TRY-001,CDR
CDR-00712,9000000477.0,9000000090,Missed,2025-07-20 07:21:00,0,TOWER-TUP-001,CDR
CDR-00713,9000000010.0,9000000306.0,Outgoing,2025-11-05 15:14:02,579,TOWER-TUP-001,CDR
CDR-00714,9000000027.0,9000000427.0,Outgoing,2026-06-29 00:37:41,22,TOWER-TRY-001,CDR
CDR-00715,9000000136.0,9000000192.0,Incoming,2026-03-17 02:04:34,161,TOWER-CBE-001,CDR
CDR-00716,9000000033.0,9000000455.0,Incoming,2025-08-11 05:09:26,814,TOWER-TUP-001,CDR
CDR-00717,9000000035.0,9000000247.0,Outgoing,2026-01-13 03:57:23,680,TOWER-VLR-001,CDR
CDR-00718,9000000442.0,9000000083,Outgoing,2025-04-22 17:36:29,422,TOWER-TRY-001,CDR
CDR-00719,9000000162.0,9000000054.0,Outgoing,2025-07-04 12:47:56,717,TOWER-ERD-001,CDR
CDR-00720,9000000191.0,9000000401.0,Outgoing,2025-09-20 10:16:48,30,TOWER-MDU-001,CDR
CDR-00721,9000000014.0,9000000475.0,Outgoing,2026-06-25 17:47:19,888,TOWER-CBE-001,CDR
CDR-00722,9000000072,9000000137.0,Outgoing,2025-12-11 04:10:49,771,TOWER-TUP-001,CDR
CDR-00723,9000000401.0,9000000126,Missed,2026-05-17 10:00:50,0,TOWER-CBE-001,CDR
CDR-00724,9000000491.0,9000000281.0,Incoming,2025-11-13 06:12:20,853,TOWER-VLR-001,CDR
CDR-00725,9000000425,9000000375.0,Incoming,2025-05-04 11:27:40,537,TOWER-CBE-001,CDR
CDR-00726,9000000014.0,9000000099.0,Outgoing,2026-02-12 05:24:12,148,TOWER-ERD-001,CDR
CDR-00727,9000000226.0,9000000236.0,Incoming,2025-02-14 18:15:17,867,TOWER-SLM-001,CDR
CDR-00728,9000000163.0,9000000444.0,Incoming,2026-07-02 07:19:43,379,TOWER-SLM-001,CDR
CDR-00729,9000000023,9000000399.0,Outgoing,2025-11-05 07:32:25,527,TOWER-CBE-001,CDR
CDR-00730,9000000363.0,9000000075,Outgoing,2026-04-07 09:46:30,510,TOWER-VLR-001,CDR
CDR-00731,9000000169.0,9000000104,Missed,2026-03-05 05:36:19,0,TOWER-TUP-001,CDR
CDR-00732,9000000327,9000000343.0,Outgoing,2026-06-20 01:06:17,776,TOWER-CBE-001,CDR
CDR-00733,9000000110,9000000381,Outgoing,2025-05-07 12:48:50,60,TOWER-SLM-001,CDR
CDR-00734,9000000333.0,9000000108.0,Missed,2025-06-10 13:44:41,0,TOWER-MDU-001,CDR
CDR-00735,9000000196.0,9000000308,Incoming,2026-06-14 21:07:29,895,TOWER-ERD-001,CDR
CDR-00736,9000000104,9000000249,Missed,2025-05-15 12:41:39,0,TOWER-ERD-001,CDR
CDR-00737,9000000193.0,9000000057.0,Missed,2025-08-26 06:10:53,0,TOWER-MDU-001,CDR
CDR-00738,9000000258.0,9000000301,Outgoing,2025-07-15 17:35:47,480,TOWER-SLM-001,CDR
CDR-00739,9000000365.0,9000000460,Missed,2026-02-09 09:23:37,0,TOWER-TRY-001,CDR
CDR-00740,9000000076.0,9000000339.0,Incoming,2026-05-30 11:12:01,533,TOWER-TUP-001,CDR
CDR-00741,9000000040,9000000483,Missed,2025-08-08 13:28:44,0,TOWER-MDU-001,CDR
CDR-00742,9000000215.0,9000000420,Incoming,2025-08-03 18:01:16,354,TOWER-TUP-001,CDR
CDR-00743,9000000459.0,9000000007,Missed,2026-07-07 07:44:55,0,TOWER-MDU-001,CDR
CDR-00744,9000000491.0,9000000183.0,Missed,2025-07-06 15:33:19,0,TOWER-ERD-001,CDR
CDR-00745,9000000234.0,9000000265,Missed,2025-09-06 05:30:35,0,TOWER-CHN-001,CDR
CDR-00746,9000000399,9000000081,Outgoing,2025-11-22 02:37:47,275,TOWER-TRY-001,CDR
CDR-00747,9000000298.0,9000000200.0,Missed,2026-07-04 23:21:43,0,TOWER-SLM-001,CDR
CDR-00748,9000000001.0,9000000182.0,Missed,2026-02-20 06:19:14,0,TOWER-VLR-001,CDR
CDR-00749,9000000031.0,9000000099,Outgoing,2025-05-13 00:46:51,875,TOWER-CHN-001,CDR
CDR-00750,9000000213.0,9000000180.0,Outgoing,2026-07-30 11:43:45,141,TOWER-MDU-001,CDR
CDR-00751,9000000287,9000000186.0,Missed,2025-09-18 16:38:33,0,TOWER-CBE-001,CDR
CDR-00752,9000000182.0,9000000453.0,Incoming,2025-08-27 12:29:03,772,TOWER-TRY-001,CDR
CDR-00753,9000000349,9000000248,Outgoing,2025-08-17 09:30:36,609,TOWER-VLR-001,CDR
CDR-00754,9000000161,9000000124.0,Incoming,2026-05-08 18:00:44,897,TOWER-CBE-001,CDR
CDR-00755,9000000251.0,9000000434.0,Missed,2025-04-04 01:31:51,0,TOWER-TRY-001,CDR
CDR-00756,9000000024,9000000372.0,Outgoing,2025-04-28 02:42:50,65,TOWER-CHN-001,CDR
CDR-00757,9000000476,9000000378.0,Outgoing,2025-12-22 09:44:59,593,TOWER-CHN-001,CDR
CDR-00758,9000000280.0,9000000011,Incoming,2025-09-16 08:39:44,509,TOWER-CHN-001,CDR
CDR-00759,9000000330,9000000305.0,Incoming,2025-08-01 10:55:44,472,TOWER-SLM-001,CDR
CDR-00760,9000000371,9000000278.0,Incoming,2025-03-10 09:12:34,511,TOWER-CHN-001,CDR
CDR-00761,9000000414,9000000387.0,Outgoing,2026-01-06 19:23:10,449,TOWER-TRY-001,CDR
CDR-00762,9000000259.0,9000000442.0,Missed,2025-06-04 21:21:03,0,TOWER-TUP-001,CDR
CDR-00763,9000000350.0,9000000435,Missed,2025-05-29 00:36:26,0,TOWER-ERD-001,CDR
CDR-00764,9000000259.0,9000000235.0,Incoming,2025-09-25 11:08:42,720,TOWER-MDU-001,CDR
CDR-00765,9000000327.0,9000000063.0,Outgoing,2026-04-03 05:37:01,525,TOWER-MDU-001,CDR
CDR-00766,9000000171,9000000228.0,Incoming,2025-08-14 21:25:22,315,TOWER-VLR-001,CDR
CDR-00767,9000000427.0,9000000115.0,Missed,2025-09-20 09:42:13,0,TOWER-TRY-001,CDR
CDR-00768,9000000137.0,9000000378.0,Outgoing,2025-05-27 08:30:57,377,TOWER-CHN-001,CDR
CDR-00769,9000000265,9000000452.0,Incoming,2026-07-19 19:24:33,239,TOWER-CHN-001,CDR
CDR-00770,9000000377.0,9000000470,Missed,2026-01-27 23:03:04,0,TOWER-CHN-001,CDR
CDR-00771,9000000137,9000000185.0,Missed,2026-05-21 06:57:05,0,TOWER-ERD-001,CDR
CDR-00772,9000000091.0,9000000060.0,Missed,2026-04-30 00:04:27,0,TOWER-ERD-001,CDR
CDR-00773,9000000483,9000000141.0,Missed,2025-03-25 23:22:50,0,TOWER-ERD-001,CDR
CDR-00774,9000000141.0,9000000142,Outgoing,2025-10-23 08:26:38,464,TOWER-CBE-001,CDR
CDR-00775,9000000082,9000000057.0,Outgoing,2025-04-29 22:29:45,728,TOWER-SLM-001,CDR
CDR-00776,9000000489,9000000032,Outgoing,2025-03-20 10:24:02,687,TOWER-MDU-001,CDR
CDR-00777,9000000089.0,9000000003.0,Incoming,2026-07-13 06:46:24,533,TOWER-CBE-001,CDR
CDR-00778,9000000483.0,9000000051,Incoming,2025-06-04 07:02:31,519,TOWER-SLM-001,CDR
CDR-00779,9000000140,9000000474,Incoming,2026-07-01 09:00:41,376,TOWER-TRY-001,CDR
CDR-00780,9000000321.0,9000000208,Incoming,2026-01-21 12:43:20,571,TOWER-SLM-001,CDR
CDR-00781,9000000318.0,9000000462,Incoming,2025-01-10 21:39:57,12,TOWER-CBE-001,CDR
CDR-00782,9000000291,9000000028.0,Missed,2026-01-19 18:46:00,0,TOWER-CHN-001,CDR
CDR-00783,9000000143,9000000236,Incoming,2026-07-17 00:26:20,750,TOWER-CBE-001,CDR
CDR-00784,9000000366.0,9000000448.0,Outgoing,2025-07-25 03:38:50,313,TOWER-VLR-001,CDR
CDR-00785,9000000055,9000000407.0,Incoming,2025-08-14 16:33:53,50,TOWER-TUP-001,CDR
CDR-00786,9000000330,9000000121,Missed,2025-04-01 00:33:08,0,TOWER-CBE-001,CDR
CDR-00787,9000000046.0,9000000489,Incoming,2026-05-18 16:39:24,689,TOWER-CHN-001,CDR
CDR-00788,9000000032.0,9000000436.0,Outgoing,2025-07-28 09:38:58,646,TOWER-CBE-001,CDR
CDR-00789,9000000269.0,9000000378.0,Incoming,2025-11-08 07:02:03,126,TOWER-TRY-001,CDR
CDR-00790,9000000444.0,9000000302,Outgoing,2026-01-07 11:07:59,716,TOWER-TRY-001,CDR
CDR-00791,9000000005.0,9000000136.0,Incoming,2026-07-19 05:17:04,722,TOWER-ERD-001,CDR
CDR-00792,9000000071.0,9000000218.0,Outgoing,2026-01-10 21:42:40,614,TOWER-VLR-001,CDR
CDR-00793,9000000405.0,9000000094.0,Outgoing,2025-01-23 09:10:24,636,TOWER-CHN-001,CDR
CDR-00794,9000000158.0,9000000072.0,Incoming,2025-12-09 07:01:03,431,TOWER-ERD-001,CDR
CDR-00795,9000000121.0,9000000007,Missed,2025-09-02 01:49:11,0,TOWER-ERD-001,CDR
CDR-00796,9000000454.0,9000000278.0,Missed,2026-03-15 20:35:28,0,TOWER-SLM-001,CDR
CDR-00797,9000000040.0,9000000307.0,Missed,2026-06-19 13:45:14,0,TOWER-CBE-001,CDR
CDR-00798,9000000334.0,9000000235.0,Outgoing,2026-05-31 12:27:47,364,TOWER-TRY-001,CDR
CDR-00799,9000000238,9000000102.0,Missed,2025-02-12 09:11:10,0,TOWER-ERD-001,CDR
CDR-00800,9000000352.0,9000000471,Outgoing,2026-01-21 03:01:58,882,TOWER-CHN-001,CDR
CDR-00801,9000000021,9000000313.0,Outgoing,2025-09-15 00:19:36,256,TOWER-MDU-001,CDR
CDR-00802,9000000055,9000000099,Incoming,2026-05-15 16:18:14,573,TOWER-TRY-001,CDR
CDR-00803,9000000102,9000000028,Incoming,2025-12-12 00:16:50,480,TOWER-VLR-001,CDR
CDR-00804,9000000041,9000000354.0,Outgoing,2025-04-03 04:51:21,333,TOWER-VLR-001,CDR
CDR-00805,9000000303.0,9000000063.0,Outgoing,2025-01-28 19:57:20,432,TOWER-ERD-001,CDR
CDR-00806,9000000086.0,9000000273.0,Missed,2026-03-13 18:38:20,0,TOWER-SLM-001,CDR
CDR-00807,9000000444.0,9000000474.0,Outgoing,2025-02-12 03:45:47,855,TOWER-SLM-001,CDR
CDR-00808,9000000355.0,9000000349,Missed,2026-04-27 09:07:33,0,TOWER-VLR-001,CDR
CDR-00809,9000000034,9000000337,Incoming,2026-05-27 18:58:38,109,TOWER-SLM-001,CDR
CDR-00810,9000000414.0,9000000474.0,Outgoing,2026-05-08 04:18:01,859,TOWER-MDU-001,CDR
CDR-00811,9000000082,9000000127,Outgoing,2025-03-24 13:59:24,728,TOWER-ERD-001,CDR
CDR-00812,9000000198.0,9000000243,Incoming,2026-07-11 19:09:59,851,TOWER-TRY-001,CDR
CDR-00813,9000000340.0,9000000353.0,Missed,2025-06-02 04:14:27,0,TOWER-SLM-001,CDR
CDR-00814,9000000449.0,9000000422.0,Incoming,2025-05-29 00:38:44,478,TOWER-TUP-001,CDR
CDR-00815,9000000215.0,9000000192.0,Incoming,2026-06-07 01:37:50,658,TOWER-CBE-001,CDR
CDR-00816,9000000244.0,9000000347.0,Missed,2026-04-03 17:38:58,0,TOWER-CHN-001,CDR
CDR-00817,9000000354.0,9000000259.0,Missed,2026-07-26 20:01:20,0,TOWER-ERD-001,CDR
CDR-00818,9000000144.0,9000000334.0,Missed,2026-01-11 02:30:15,0,TOWER-CHN-001,CDR
CDR-00819,9000000330.0,9000000226.0,Missed,2025-04-10 17:12:35,0,TOWER-CBE-001,CDR
CDR-00820,9000000369.0,9000000234.0,Missed,2025-09-07 23:36:09,0,TOWER-TRY-001,CDR
CDR-00821,9000000003.0,9000000235.0,Outgoing,2025-09-24 07:21:04,417,TOWER-MDU-001,CDR
CDR-00822,9000000337,9000000453,Incoming,2026-04-13 23:52:11,432,TOWER-MDU-001,CDR
CDR-00823,9000000082,9000000294,Missed,2026-07-27 07:17:42,0,TOWER-SLM-001,CDR
CDR-00824,9000000476,9000000413,Missed,2026-07-09 21:05:34,0,TOWER-MDU-001,CDR
CDR-00825,9000000023.0,9000000249,Missed,2026-05-20 22:29:18,0,TOWER-CHN-001,CDR
CDR-00826,9000000425.0,9000000444,Missed,2026-05-10 16:15:21,0,TOWER-TUP-001,CDR
CDR-00827,9000000142,9000000261,Missed,2026-01-09 02:44:39,0,TOWER-TRY-001,CDR
CDR-00828,9000000176.0,9000000322.0,Outgoing,2025-01-10 22:03:34,837,TOWER-CBE-001,CDR
CDR-00829,9000000037,9000000086,Incoming,2026-06-05 14:26:36,64,TOWER-ERD-001,CDR
CDR-00830,9000000127.0,9000000166.0,Incoming,2026-06-15 19:19:08,303,TOWER-MDU-001,CDR
CDR-00831,9000000458.0,9000000118.0,Missed,2025-08-18 05:49:08,0,TOWER-SLM-001,CDR
CDR-00832,9000000462.0,9000000163.0,Outgoing,2025-12-18 12:58:23,843,TOWER-CBE-001,CDR
CDR-00833,9000000308.0,9000000193.0,Missed,2026-05-18 15:10:50,0,TOWER-TRY-001,CDR
CDR-00834,9000000101.0,9000000236,Missed,2025-08-12 09:58:23,0,TOWER-ERD-001,CDR
CDR-00835,9000000086,9000000369.0,Outgoing,2026-06-17 04:05:55,817,TOWER-TUP-001,CDR
CDR-00836,9000000448,9000000441,Incoming,2025-07-15 05:20:17,771,TOWER-SLM-001,CDR
CDR-00837,9000000167.0,9000000108.0,Missed,2026-07-02 07:14:16,0,TOWER-TUP-001,CDR
CDR-00838,9000000299,9000000093.0,Missed,2026-04-14 15:56:54,0,TOWER-SLM-001,CDR
CDR-00839,9000000495.0,9000000029,Outgoing,2026-06-15 05:41:00,191,TOWER-CBE-001,CDR
CDR-00840,9000000365,9000000226.0,Missed,2026-02-04 02:47:58,0,TOWER-CBE-001,CDR
CDR-00841,9000000210,9000000003,Outgoing,2026-03-09 07:45:01,295,TOWER-MDU-001,CDR
CDR-00842,9000000241.0,9000000208,Missed,2025-07-18 01:50:44,0,TOWER-ERD-001,CDR
CDR-00843,9000000462,9000000365.0,Missed,2025-05-01 05:47:14,0,TOWER-ERD-001,CDR
CDR-00844,9000000272,9000000484.0,Missed,2025-02-09 12:00:50,0,TOWER-MDU-001,CDR
CDR-00845,9000000261.0,9000000037.0,Missed,2025-10-06 03:11:57,0,TOWER-CBE-001,CDR
CDR-00846,9000000159.0,9000000272.0,Incoming,2026-02-09 08:48:16,198,TOWER-CBE-001,CDR
CDR-00847,9000000471,9000000071.0,Outgoing,2026-02-22 03:04:32,566,TOWER-TRY-001,CDR
CDR-00848,9000000201,9000000422,Incoming,2026-05-31 05:27:03,228,TOWER-TUP-001,CDR
CDR-00849,9000000349,9000000443.0,Outgoing,2026-04-26 05:35:08,233,TOWER-VLR-001,CDR
CDR-00850,9000000040,9000000489,Incoming,2025-09-26 18:02:36,694,TOWER-VLR-001,CDR
CDR-00851,9000000217.0,9000000456.0,Incoming,2025-09-07 06:41:58,708,TOWER-TRY-001,CDR
CDR-00852,9000000051,9000000090.0,Outgoing,2026-07-17 07:53:00,563,TOWER-MDU-001,CDR
CDR-00853,9000000037,9000000185,Outgoing,2026-01-31 03:31:07,536,TOWER-VLR-001,CDR
CDR-00854,9000000186,9000000107.0,Outgoing,2025-05-30 12:41:27,677,TOWER-TUP-001,CDR
CDR-00855,9000000385,9000000130,Incoming,2026-02-22 20:34:39,181,TOWER-ERD-001,CDR
CDR-00856,9000000321,9000000276.0,Missed,2026-05-04 23:00:01,0,TOWER-SLM-001,CDR
CDR-00857,9000000429.0,9000000218.0,Incoming,2026-06-30 20:04:35,560,TOWER-TRY-001,CDR
CDR-00858,9000000146.0,9000000272,Incoming,2026-07-11 19:23:36,480,TOWER-TUP-001,CDR
CDR-00859,9000000442.0,9000000306.0,Incoming,2025-05-19 06:00:51,65,TOWER-MDU-001,CDR
CDR-00860,9000000102.0,9000000078.0,Missed,2025-06-26 19:37:19,0,TOWER-MDU-001,CDR
CDR-00861,9000000206,9000000298.0,Outgoing,2025-11-11 03:27:27,655,TOWER-TRY-001,CDR
CDR-00862,9000000280.0,9000000323.0,Outgoing,2025-04-02 21:22:45,699,TOWER-ERD-001,CDR
CDR-00863,9000000121.0,9000000017.0,Incoming,2025-02-26 09:09:55,727,TOWER-TUP-001,CDR
CDR-00864,9000000172.0,9000000033.0,Outgoing,2026-06-17 17:42:17,815,TOWER-MDU-001,CDR
CDR-00865,9000000109.0,9000000469.0,Outgoing,2025-11-03 21:26:41,400,TOWER-ERD-001,CDR
CDR-00866,9000000104,9000000352.0,Missed,2025-06-20 18:35:39,0,TOWER-CHN-001,CDR
CDR-00867,9000000439.0,9000000157.0,Outgoing,2025-04-22 21:45:45,659,TOWER-MDU-001,CDR
CDR-00868,9000000375.0,9000000346,Missed,2026-03-08 03:15:00,0,TOWER-CHN-001,CDR
CDR-00869,9000000137,9000000220.0,Incoming,2026-04-09 10:27:11,596,TOWER-TRY-001,CDR
CDR-00870,9000000344,9000000082,Incoming,2025-06-13 03:40:10,322,TOWER-TUP-001,CDR
CDR-00871,9000000377.0,9000000267.0,Missed,2026-02-03 02:40:29,0,TOWER-CHN-001,CDR
CDR-00872,9000000208,9000000300.0,Incoming,2025-07-16 07:26:53,641,TOWER-SLM-001,CDR
CDR-00873,9000000357.0,9000000405.0,Missed,2026-03-17 15:06:04,0,TOWER-ERD-001,CDR
CDR-00874,9000000494,9000000036,Missed,2026-03-03 22:29:27,0,TOWER-CBE-001,CDR
CDR-00875,9000000420.0,9000000010.0,Outgoing,2025-06-03 08:07:50,110,TOWER-VLR-001,CDR
CDR-00876,9000000462,9000000200,Incoming,2026-05-25 02:54:07,697,TOWER-SLM-001,CDR
CDR-00877,9000000407.0,9000000110,Missed,2025-02-24 05:19:54,0,TOWER-SLM-001,CDR
CDR-00878,9000000159.0,9000000045.0,Outgoing,2026-04-24 17:27:20,346,TOWER-MDU-001,CDR
CDR-00879,9000000076.0,9000000451.0,Missed,2026-03-17 07:04:17,0,TOWER-TUP-001,CDR
CDR-00880,9000000280.0,9000000061,Incoming,2025-09-01 06:44:48,14,TOWER-SLM-001,CDR
CDR-00881,9000000333.0,9000000239.0,Outgoing,2025-10-07 05:18:17,870,TOWER-CHN-001,CDR
CDR-00882,9000000349,9000000331,Outgoing,2025-10-06 15:25:41,466,TOWER-MDU-001,CDR
CDR-00883,9000000186,9000000046,Incoming,2026-05-17 09:57:14,189,TOWER-CBE-001,CDR
CDR-00884,9000000475.0,9000000006.0,Missed,2025-06-02 13:45:23,0,TOWER-MDU-001,CDR
CDR-00885,9000000193,9000000408,Incoming,2026-01-29 22:29:20,879,TOWER-ERD-001,CDR
CDR-00886,9000000465.0,9000000330.0,Outgoing,2026-04-04 07:04:26,797,TOWER-SLM-001,CDR
CDR-00887,9000000307,9000000046,Outgoing,2026-02-24 04:18:38,566,TOWER-VLR-001,CDR
CDR-00888,9000000238,9000000394,Outgoing,2026-04-03 22:57:16,238,TOWER-MDU-001,CDR
CDR-00889,9000000137.0,9000000202,Missed,2026-02-01 10:46:09,0,TOWER-CBE-001,CDR
CDR-00890,9000000073.0,9000000034,Missed,2025-01-09 05:26:35,0,TOWER-SLM-001,CDR
CDR-00891,9000000004.0,9000000385,Incoming,2025-05-04 16:07:15,466,TOWER-CHN-001,CDR
CDR-00892,9000000013.0,9000000458.0,Missed,2026-07-23 13:33:08,0,TOWER-VLR-001,CDR
CDR-00893,9000000031.0,9000000003,Incoming,2026-01-14 18:18:30,789,TOWER-SLM-001,CDR
CDR-00894,9000000121.0,9000000247.0,Outgoing,2025-02-03 06:00:25,249,TOWER-SLM-001,CDR
CDR-00895,9000000447.0,9000000443.0,Outgoing,2025-12-20 03:10:05,490,TOWER-ERD-001,CDR
CDR-00896,9000000470.0,9000000282.0,Incoming,2026-02-09 23:05:43,730,TOWER-MDU-001,CDR
CDR-00897,9000000140,9000000330.0,Missed,2026-03-19 20:33:20,0,TOWER-CHN-001,CDR
CDR-00898,9000000301,9000000188.0,Outgoing,2026-05-23 11:04:33,611,TOWER-CBE-001,CDR
CDR-00899,9000000185,9000000163,Outgoing,2026-02-06 01:52:03,238,TOWER-TRY-001,CDR
CDR-00900,9000000284.0,9000000023.0,Outgoing,2026-01-10 11:11:00,821,TOWER-ERD-001,CDR
CDR-00901,9000000122,9000000144,Outgoing,2025-06-28 15:20:19,179,TOWER-CBE-001,CDR
CDR-00902,9000000385,9000000475.0,Incoming,2025-05-26 04:10:27,163,TOWER-CHN-001,CDR
CDR-00903,9000000485.0,9000000132,Missed,2025-04-02 21:50:06,0,TOWER-SLM-001,CDR
CDR-00904,9000000192.0,9000000462,Missed,2025-03-30 00:47:11,0,TOWER-VLR-001,CDR
CDR-00905,9000000043,9000000276.0,Missed,2025-05-06 05:50:53,0,TOWER-TRY-001,CDR
CDR-00906,9000000470,9000000456.0,Incoming,2026-03-22 10:33:48,140,TOWER-CHN-001,CDR
CDR-00907,9000000137.0,9000000171.0,Incoming,2025-04-25 01:45:50,596,TOWER-ERD-001,CDR
CDR-00908,9000000005.0,9000000098.0,Incoming,2025-11-11 22:15:12,539,TOWER-ERD-001,CDR
CDR-00909,9000000378,9000000323,Incoming,2026-04-17 02:27:43,469,TOWER-VLR-001,CDR
CDR-00910,9000000420,9000000134.0,Incoming,2025-11-16 01:14:56,860,TOWER-CHN-001,CDR
CDR-00911,9000000138,9000000246,Missed,2026-05-28 08:44:38,0,TOWER-MDU-001,CDR
CDR-00912,9000000171,9000000378.0,Outgoing,2026-04-04 17:30:26,620,TOWER-CBE-001,CDR
CDR-00913,9000000194,9000000188.0,Outgoing,2025-03-26 07:53:37,145,TOWER-ERD-001,CDR
CDR-00914,9000000492,9000000474,Missed,2026-06-16 13:32:27,0,TOWER-TRY-001,CDR
CDR-00915,9000000183.0,9000000338,Incoming,2026-04-23 11:44:11,497,TOWER-ERD-001,CDR
CDR-00916,9000000019.0,9000000425.0,Incoming,2026-01-10 13:37:21,105,TOWER-CHN-001,CDR
CDR-00917,9000000022.0,9000000294.0,Incoming,2026-06-12 01:15:47,803,TOWER-TRY-001,CDR
CDR-00918,9000000127,9000000264.0,Outgoing,2026-06-26 21:00:16,54,TOWER-TRY-001,CDR
CDR-00919,9000000413.0,9000000420,Outgoing,2026-04-03 12:39:07,368,TOWER-CBE-001,CDR
CDR-00920,9000000030.0,9000000137.0,Outgoing,2025-06-30 14:21:15,498,TOWER-CBE-001,CDR
CDR-00921,9000000378,9000000457.0,Missed,2025-11-14 09:43:36,0,TOWER-MDU-001,CDR
CDR-00922,9000000460.0,9000000242,Missed,2026-08-01 14:33:36,0,TOWER-ERD-001,CDR
CDR-00923,9000000359.0,9000000474,Incoming,2025-01-06 14:06:24,542,TOWER-TRY-001,CDR
CDR-00924,9000000258,9000000280.0,Outgoing,2025-03-24 18:51:18,380,TOWER-CHN-001,CDR
CDR-00925,9000000121,9000000017.0,Outgoing,2026-02-21 09:43:10,277,TOWER-TRY-001,CDR
CDR-00926,9000000147.0,9000000394,Missed,2025-08-03 00:49:14,0,TOWER-TRY-001,CDR
CDR-00927,9000000156.0,9000000069.0,Missed,2026-03-10 01:43:17,0,TOWER-VLR-001,CDR
CDR-00928,9000000473,9000000431.0,Missed,2026-03-08 00:17:50,0,TOWER-VLR-001,CDR
CDR-00929,9000000300,9000000319.0,Missed,2025-09-25 11:16:00,0,TOWER-TRY-001,CDR
CDR-00930,9000000042.0,9000000165.0,Missed,2025-06-28 11:14:51,0,TOWER-VLR-001,CDR
CDR-00931,9000000486.0,9000000407.0,Incoming,2025-11-08 02:59:47,530,TOWER-TUP-001,CDR
CDR-00932,9000000202.0,9000000390,Incoming,2026-05-09 21:35:57,408,TOWER-ERD-001,CDR
CDR-00933,9000000086.0,9000000024.0,Outgoing,2025-12-05 04:01:25,624,TOWER-CBE-001,CDR
CDR-00934,9000000256.0,9000000140,Incoming,2025-03-04 04:02:55,389,TOWER-ERD-001,CDR
CDR-00935,9000000162,9000000412.0,Missed,2026-05-25 15:59:34,0,TOWER-MDU-001,CDR
CDR-00936,9000000228,9000000155.0,Incoming,2026-01-19 23:41:40,665,TOWER-VLR-001,CDR
CDR-00937,9000000301.0,9000000477.0,Missed,2026-02-07 11:04:38,0,TOWER-MDU-001,CDR
CDR-00938,9000000434.0,9000000063,Missed,2026-02-01 13:18:06,0,TOWER-SLM-001,CDR
CDR-00939,9000000268.0,9000000200.0,Outgoing,2026-05-24 18:26:29,254,TOWER-ERD-001,CDR
CDR-00940,9000000210.0,9000000109.0,Outgoing,2025-11-07 05:59:01,808,TOWER-TUP-001,CDR
CDR-00941,9000000055.0,9000000058.0,Missed,2025-06-05 14:03:22,0,TOWER-ERD-001,CDR
CDR-00942,9000000060,9000000143,Missed,2025-08-09 23:20:54,0,TOWER-TUP-001,CDR
CDR-00943,9000000007.0,9000000459.0,Incoming,2025-06-01 02:12:44,630,TOWER-VLR-001,CDR
CDR-00944,9000000265,9000000440.0,Incoming,2025-05-16 22:53:05,277,TOWER-TRY-001,CDR
CDR-00945,9000000099.0,9000000340.0,Missed,2025-02-26 05:22:20,0,TOWER-MDU-001,CDR
CDR-00946,9000000408.0,9000000277.0,Missed,2025-07-20 03:45:10,0,TOWER-MDU-001,CDR
CDR-00947,9000000167.0,9000000210,Missed,2026-01-11 15:30:52,0,TOWER-SLM-001,CDR
CDR-00948,9000000489.0,9000000067,Missed,2025-12-24 20:27:05,0,TOWER-ERD-001,CDR
CDR-00949,9000000420,9000000277.0,Outgoing,2025-10-25 05:32:46,79,TOWER-SLM-001,CDR
CDR-00950,9000000194,9000000280.0,Outgoing,2026-02-06 04:20:11,371,TOWER-ERD-001,CDR
CDR-00951,9000000140,9000000235.0,Outgoing,2025-11-06 20:36:21,105,TOWER-TUP-001,CDR
CDR-00952,9000000408,9000000359,Incoming,2025-09-01 19:00:45,497,TOWER-TUP-001,CDR
CDR-00953,9000000226,9000000028.0,Outgoing,2026-06-15 14:02:35,197,TOWER-SLM-001,CDR
CDR-00954,9000000354.0,9000000127.0,Incoming,2025-07-08 00:15:37,763,TOWER-MDU-001,CDR
CDR-00955,9000000367,9000000413.0,Incoming,2025-07-13 22:39:36,864,TOWER-TUP-001,CDR
CDR-00956,9000000044.0,9000000340.0,Incoming,2026-06-09 22:03:03,90,TOWER-VLR-001,CDR
CDR-00957,9000000445.0,9000000462.0,Incoming,2026-01-10 14:34:33,878,TOWER-TUP-001,CDR
CDR-00958,9000000430,9000000243,Missed,2025-08-02 09:23:41,0,TOWER-VLR-001,CDR
CDR-00959,9000000186.0,9000000236,Outgoing,2025-06-22 12:06:34,417,TOWER-CHN-001,CDR
CDR-00960,9000000441,9000000272.0,Outgoing,2026-02-25 00:38:42,499,TOWER-ERD-001,CDR
CDR-00961,9000000172.0,9000000007.0,Outgoing,2026-06-18 02:16:46,891,TOWER-CHN-001,CDR
CDR-00962,9000000347.0,9000000449.0,Missed,2026-02-07 12:02:38,0,TOWER-VLR-001,CDR
CDR-00963,9000000280.0,9000000066.0,Incoming,2025-06-13 16:42:33,700,TOWER-TRY-001,CDR
CDR-00964,9000000371.0,9000000062,Outgoing,2026-04-21 23:00:41,380,TOWER-MDU-001,CDR
CDR-00965,9000000365,9000000346.0,Outgoing,2025-07-29 06:08:00,252,TOWER-VLR-001,CDR
CDR-00966,9000000001.0,9000000394,Incoming,2025-11-26 06:52:05,520,TOWER-SLM-001,CDR
CDR-00967,9000000461.0,9000000269.0,Outgoing,2025-11-08 03:35:14,884,TOWER-MDU-001,CDR
CDR-00968,9000000244.0,9000000011,Missed,2025-04-12 20:36:40,0,TOWER-SLM-001,CDR
CDR-00969,9000000407.0,9000000131.0,Incoming,2025-12-02 17:08:29,578,TOWER-TRY-001,CDR
CDR-00970,9000000232,9000000458.0,Missed,2025-04-27 03:46:40,0,TOWER-VLR-001,CDR
CDR-00971,9000000489,9000000283,Outgoing,2025-04-15 10:44:01,521,TOWER-TUP-001,CDR
CDR-00972,9000000186,9000000008.0,Outgoing,2026-03-18 01:12:09,585,TOWER-ERD-001,CDR
CDR-00973,9000000326.0,9000000274.0,Missed,2025-05-07 20:54:48,0,TOWER-ERD-001,CDR
CDR-00974,9000000164.0,9000000353.0,Outgoing,2026-05-05 05:28:57,869,TOWER-CBE-001,CDR
CDR-00975,9000000135.0,9000000385.0,Outgoing,2025-10-07 20:36:05,379,TOWER-MDU-001,CDR
CDR-00976,9000000327,9000000309.0,Outgoing,2025-09-30 16:48:03,134,TOWER-SLM-001,CDR
CDR-00977,9000000278.0,9000000129.0,Missed,2026-05-20 04:40:40,0,TOWER-CHN-001,CDR
CDR-00978,9000000110,9000000453.0,Outgoing,2026-02-01 11:22:32,699,TOWER-VLR-001,CDR
CDR-00979,9000000001,9000000240.0,Outgoing,2025-08-11 13:11:11,638,TOWER-VLR-001,CDR
CDR-00980,9000000024.0,9000000171,Missed,2025-09-20 01:22:26,0,TOWER-TRY-001,CDR
CDR-00981,9000000384.0,9000000022,Incoming,2025-05-06 19:53:21,91,TOWER-TUP-001,CDR
CDR-00982,9000000072,9000000294,Outgoing,2025-08-15 07:16:33,678,TOWER-MDU-001,CDR
CDR-00983,9000000055.0,9000000069,Outgoing,2025-10-10 01:52:59,809,TOWER-VLR-001,CDR
CDR-00984,9000000069.0,9000000171,Incoming,2025-01-18 22:38:08,884,TOWER-CHN-001,CDR
CDR-00985,9000000028,9000000163,Missed,2026-06-29 05:56:14,0,TOWER-CBE-001,CDR
CDR-00986,9000000276.0,9000000005.0,Outgoing,2025-03-16 05:15:01,115,TOWER-CBE-001,CDR
CDR-00987,9000000342,9000000346.0,Incoming,2025-11-05 08:50:59,36,TOWER-CBE-001,CDR
CDR-00988,9000000218.0,9000000398,Missed,2025-05-01 14:31:26,0,TOWER-CBE-001,CDR
CDR-00989,9000000421.0,9000000246.0,Incoming,2026-07-27 21:44:03,263,TOWER-MDU-001,CDR
CDR-00990,9000000167.0,9000000471.0,Incoming,2025-05-13 12:21:48,549,TOWER-ERD-001,CDR
CDR-00991,9000000436,9000000200,Outgoing,2026-01-05 20:10:03,894,TOWER-VLR-001,CDR
CDR-00992,9000000110.0,9000000302,Missed,2025-12-12 12:30:38,0,TOWER-CHN-001,CDR
CDR-00993,9000000294.0,9000000169.0,Missed,2026-04-10 03:46:36,0,TOWER-VLR-001,CDR
CDR-00994,9000000101,9000000103,Missed,2026-05-12 22:29:05,0,TOWER-MDU-001,CDR
CDR-00995,9000000007.0,9000000420,Missed,2025-06-26 09:58:51,0,TOWER-CBE-001,CDR
CDR-00996,9000000281.0,9000000409.0,Outgoing,2025-07-21 19:09:15,432,TOWER-CHN-001,CDR
CDR-00997,9000000390.0,9000000301.0,Incoming,2025-04-16 20:49:28,545,TOWER-TUP-001,CDR
CDR-00998,9000000062.0,9000000269,Missed,2025-01-07 11:02:31,0,TOWER-VLR-001,CDR
CDR-00999,9000000278,9000000480.0,Incoming,2025-12-01 07:53:44,794,TOWER-MDU-001,CDR
CDR-01000,9000000228,9000000448.0,Incoming,2025-10-18 05:13:36,571,TOWER-SLM-001,CDR
CDR-01001,9000000447,9000000040,Outgoing,2025-07-14 02:24:04,414,TOWER-CHN-001,CDR
CDR-01002,9000000421.0,9000000188.0,Incoming,2025-03-03 12:34:35,279,TOWER-TRY-001,CDR
CDR-01003,9000000095.0,9000000185,Missed,2026-06-23 23:41:28,0,TOWER-MDU-001,CDR
CDR-01004,9000000110,9000000019.0,Outgoing,2025-05-27 00:35:08,432,TOWER-CBE-001,CDR
CDR-01005,9000000246,9000000442,Outgoing,2026-05-10 16:32:26,123,TOWER-VLR-001,CDR
CDR-01006,9000000337,9000000302,Missed,2026-04-29 16:58:18,0,TOWER-VLR-001,CDR
CDR-01007,9000000491.0,9000000025,Incoming,2025-02-08 13:12:31,165,TOWER-ERD-001,CDR
CDR-01008,9000000113.0,9000000339.0,Outgoing,2025-04-08 02:53:58,285,TOWER-VLR-001,CDR
CDR-01009,9000000066.0,9000000096.0,Incoming,2025-01-12 10:29:27,164,TOWER-VLR-001,CDR
CDR-01010,9000000325.0,9000000378.0,Outgoing,2026-01-23 02:46:12,329,TOWER-TUP-001,CDR
CDR-01011,9000000107,9000000331.0,Outgoing,2025-04-24 11:16:28,92,TOWER-ERD-001,CDR
CDR-01012,9000000379.0,9000000221.0,Incoming,2026-01-01 04:10:16,566,TOWER-CHN-001,CDR
CDR-01013,9000000160,9000000206.0,Outgoing,2025-01-10 19:10:11,858,TOWER-CBE-001,CDR
CDR-01014,9000000235.0,9000000008,Outgoing,2026-07-27 22:12:53,263,TOWER-ERD-001,CDR
CDR-01015,9000000216.0,9000000218,Missed,2025-03-14 23:32:49,0,TOWER-SLM-001,CDR
CDR-01016,9000000342,9000000268,Missed,2025-08-31 10:08:24,0,TOWER-TUP-001,CDR
CDR-01017,9000000172,9000000061.0,Missed,2026-03-03 20:54:45,0,TOWER-CBE-001,CDR
CDR-01018,9000000300,9000000318.0,Missed,2025-08-21 02:16:46,0,TOWER-SLM-001,CDR
CDR-01019,9000000443.0,9000000390,Missed,2025-06-19 03:52:01,0,TOWER-CBE-001,CDR
CDR-01020,9000000242.0,9000000414,Outgoing,2025-05-10 23:49:23,25,TOWER-MDU-001,CDR
CDR-01021,9000000076.0,9000000068.0,Outgoing,2025-07-08 19:30:49,818,TOWER-ERD-001,CDR
CDR-01022,9000000061.0,9000000465.0,Missed,2026-01-05 03:41:15,0,TOWER-CHN-001,CDR
CDR-01023,9000000248,9000000244,Incoming,2026-01-24 07:10:10,171,TOWER-CBE-001,CDR
CDR-01024,9000000040.0,9000000222.0,Incoming,2026-05-16 15:44:49,374,TOWER-CHN-001,CDR
CDR-01025,9000000476.0,9000000340.0,Incoming,2025-06-30 17:22:10,509,TOWER-TUP-001,CDR
CDR-01026,9000000102.0,9000000007.0,Outgoing,2025-05-30 21:08:02,760,TOWER-ERD-001,CDR
CDR-01027,9000000210,9000000436.0,Missed,2025-04-15 15:35:23,0,TOWER-MDU-001,CDR
CDR-01028,9000000470.0,9000000431,Missed,2025-12-06 19:35:28,0,TOWER-MDU-001,CDR
CDR-01029,9000000444,9000000388,Incoming,2025-05-25 22:58:27,590,TOWER-TUP-001,CDR
CDR-01030,9000000282.0,9000000410.0,Outgoing,2026-04-11 00:12:10,898,TOWER-CHN-001,CDR
CDR-01031,9000000060,9000000213,Incoming,2025-08-18 15:44:16,470,TOWER-MDU-001,CDR
CDR-01032,9000000462.0,9000000185.0,Outgoing,2026-05-11 13:40:04,10,TOWER-TRY-001,CDR
CDR-01033,9000000070.0,9000000452.0,Missed,2025-10-10 18:51:12,0,TOWER-SLM-001,CDR
CDR-01034,9000000025,9000000121.0,Missed,2026-02-23 14:52:39,0,TOWER-TRY-001,CDR
CDR-01035,9000000291.0,9000000260.0,Missed,2026-01-22 10:59:18,0,TOWER-CHN-001,CDR
CDR-01036,9000000483.0,9000000484.0,Outgoing,2025-09-08 02:57:48,666,TOWER-CBE-001,CDR
CDR-01037,9000000338,9000000474,Missed,2025-02-21 19:00:08,0,TOWER-ERD-001,CDR
CDR-01038,9000000327.0,9000000463.0,Incoming,2025-03-25 03:39:10,216,TOWER-VLR-001,CDR
CDR-01039,9000000160,9000000274.0,Incoming,2026-05-14 11:07:05,594,TOWER-TRY-001,CDR
CDR-01040,9000000388,9000000272.0,Missed,2026-06-29 17:26:27,0,TOWER-MDU-001,CDR
CDR-01041,9000000271.0,9000000185.0,Incoming,2026-07-12 13:36:15,630,TOWER-CBE-001,CDR
CDR-01042,9000000314,9000000380.0,Missed,2026-01-17 16:27:44,0,TOWER-CBE-001,CDR
CDR-01043,9000000410.0,9000000314.0,Outgoing,2026-08-01 11:25:26,581,TOWER-TRY-001,CDR
CDR-01044,9000000399.0,9000000305.0,Missed,2025-07-26 11:09:45,0,TOWER-ERD-001,CDR
CDR-01045,9000000078.0,9000000273.0,Incoming,2026-02-08 11:54:26,231,TOWER-CBE-001,CDR
CDR-01046,9000000062,9000000448.0,Missed,2025-10-27 07:05:31,0,TOWER-SLM-001,CDR
CDR-01047,9000000236.0,9000000272.0,Missed,2025-07-13 05:16:44,0,TOWER-CHN-001,CDR
CDR-01048,9000000102.0,9000000160.0,Missed,2025-03-23 22:55:36,0,TOWER-TUP-001,CDR
CDR-01049,9000000067,9000000050.0,Incoming,2025-05-21 02:50:06,180,TOWER-TRY-001,CDR
CDR-01050,9000000201.0,9000000332.0,Missed,2025-05-03 20:37:22,0,TOWER-VLR-001,CDR
CDR-01051,9000000261,9000000430,Missed,2025-09-10 03:59:28,0,TOWER-TUP-001,CDR
CDR-01052,9000000267.0,9000000175.0,Missed,2025-09-09 05:33:43,0,TOWER-SLM-001,CDR
CDR-01053,9000000455.0,9000000157.0,Incoming,2026-03-04 09:11:34,394,TOWER-MDU-001,CDR
CDR-01054,9000000393.0,9000000337,Outgoing,2025-01-01 03:38:48,416,TOWER-ERD-001,CDR
CDR-01055,9000000110,9000000115.0,Incoming,2025-04-15 22:10:48,540,TOWER-MDU-001,CDR
CDR-01056,9000000445.0,9000000008.0,Incoming,2025-09-02 14:14:55,229,TOWER-ERD-001,CDR
CDR-01057,9000000027.0,9000000144.0,Missed,2026-03-09 02:36:50,0,TOWER-CHN-001,CDR
CDR-01058,9000000105.0,9000000442.0,Outgoing,2025-05-02 06:02:50,374,TOWER-CHN-001,CDR
CDR-01059,9000000187.0,9000000185.0,Missed,2025-07-14 01:40:13,0,TOWER-SLM-001,CDR
CDR-01060,9000000366.0,9000000008.0,Incoming,2025-11-07 12:46:46,594,TOWER-SLM-001,CDR
CDR-01061,9000000098,9000000088.0,Outgoing,2026-01-15 06:07:54,187,TOWER-CBE-001,CDR
CDR-01062,9000000074,9000000008.0,Incoming,2026-03-24 14:42:24,758,TOWER-TRY-001,CDR
CDR-01063,9000000240.0,9000000181.0,Outgoing,2025-12-04 08:01:14,366,TOWER-TRY-001,CDR
CDR-01064,9000000449.0,9000000114.0,Missed,2026-05-23 00:41:09,0,TOWER-ERD-001,CDR
CDR-01065,9000000252,9000000441,Outgoing,2025-02-01 23:41:34,546,TOWER-TUP-001,CDR
CDR-01066,9000000294.0,9000000147.0,Incoming,2026-01-26 05:26:41,344,TOWER-SLM-001,CDR
CDR-01067,9000000451.0,9000000055,Missed,2026-07-23 05:36:46,0,TOWER-TRY-001,CDR
CDR-01068,9000000340,9000000074,Missed,2026-01-28 00:50:13,0,TOWER-CBE-001,CDR
CDR-01069,9000000182.0,9000000243.0,Outgoing,2025-11-03 06:42:08,815,TOWER-CHN-001,CDR
CDR-01070,9000000249,9000000288.0,Incoming,2026-03-20 20:25:28,497,TOWER-ERD-001,CDR
CDR-01071,9000000346.0,9000000051.0,Outgoing,2025-11-06 13:04:56,97,TOWER-TRY-001,CDR
CDR-01072,9000000241.0,9000000364.0,Outgoing,2025-06-03 21:00:38,582,TOWER-VLR-001,CDR
CDR-01073,9000000055.0,9000000384.0,Incoming,2026-04-24 11:00:47,584,TOWER-SLM-001,CDR
CDR-01074,9000000285.0,9000000146.0,Outgoing,2025-12-01 01:00:22,805,TOWER-TUP-001,CDR
CDR-01075,9000000129.0,9000000244,Incoming,2025-11-18 05:43:41,697,TOWER-TRY-001,CDR
CDR-01076,9000000394,9000000490.0,Incoming,2025-09-25 14:24:35,338,TOWER-ERD-001,CDR
CDR-01077,9000000082.0,9000000268.0,Outgoing,2025-12-10 11:23:37,641,TOWER-CHN-001,CDR
CDR-01078,9000000065.0,9000000154.0,Incoming,2026-06-17 08:01:19,214,TOWER-TUP-001,CDR
CDR-01079,9000000044.0,9000000323,Incoming,2025-02-12 08:39:44,767,TOWER-SLM-001,CDR
CDR-01080,9000000090,9000000031,Incoming,2026-06-23 21:16:49,361,TOWER-CBE-001,CDR
CDR-01081,9000000082.0,9000000135.0,Outgoing,2025-09-15 18:37:49,33,TOWER-SLM-001,CDR
CDR-01082,9000000344,9000000377.0,Incoming,2026-02-11 10:22:58,569,TOWER-MDU-001,CDR
CDR-01083,9000000346.0,9000000158.0,Missed,2026-07-21 22:45:42,0,TOWER-CHN-001,CDR
CDR-01084,9000000303.0,9000000301,Missed,2026-05-31 09:03:53,0,TOWER-ERD-001,CDR
CDR-01085,9000000060.0,9000000134.0,Incoming,2025-06-05 21:14:44,300,TOWER-MDU-001,CDR
CDR-01086,9000000143.0,9000000415.0,Missed,2025-01-07 11:21:37,0,TOWER-CBE-001,CDR
CDR-01087,9000000298.0,9000000069,Missed,2026-05-28 17:09:46,0,TOWER-TUP-001,CDR
CDR-01088,9000000215.0,9000000452.0,Outgoing,2026-05-20 09:54:04,898,TOWER-TRY-001,CDR
CDR-01089,9000000448.0,9000000484,Missed,2026-07-06 05:33:29,0,TOWER-CBE-001,CDR
CDR-01090,9000000280.0,9000000431,Missed,2026-02-17 21:00:31,0,TOWER-CBE-001,CDR
CDR-01091,9000000113.0,9000000216.0,Missed,2025-12-22 17:28:57,0,TOWER-ERD-001,CDR
CDR-01092,9000000470.0,9000000010,Missed,2025-08-25 20:15:39,0,TOWER-TUP-001,CDR
CDR-01093,9000000388,9000000422.0,Missed,2025-05-02 22:47:24,0,TOWER-ERD-001,CDR
CDR-01094,9000000007.0,9000000261,Outgoing,2025-08-23 19:46:08,650,TOWER-SLM-001,CDR
CDR-01095,9000000122,9000000027.0,Incoming,2025-07-20 03:29:29,650,TOWER-TRY-001,CDR
CDR-01096,9000000027,9000000036.0,Outgoing,2025-04-28 20:02:43,240,TOWER-TUP-001,CDR
CDR-01097,9000000422.0,9000000089.0,Incoming,2025-10-24 20:51:25,757,TOWER-SLM-001,CDR
CDR-01098,9000000467.0,9000000217.0,Missed,2025-04-29 15:27:02,0,TOWER-TRY-001,CDR
CDR-01099,9000000239,9000000131,Outgoing,2025-04-13 08:24:38,565,TOWER-SLM-001,CDR
CDR-01100,9000000042.0,9000000371.0,Missed,2026-06-16 07:35:26,0,TOWER-SLM-001,CDR
CDR-01101,9000000042.0,9000000246.0,Missed,2026-07-02 16:41:41,0,TOWER-CHN-001,CDR
CDR-01102,9000000175.0,9000000024.0,Missed,2026-03-15 17:27:38,0,TOWER-CHN-001,CDR
CDR-01103,9000000159.0,9000000119.0,Missed,2026-02-18 23:07:23,0,TOWER-CBE-001,CDR
CDR-01104,9000000300.0,9000000159.0,Incoming,2025-01-23 21:36:33,754,TOWER-TUP-001,CDR
CDR-01105,9000000069.0,9000000447,Outgoing,2026-05-10 15:41:45,463,TOWER-MDU-001,CDR
CDR-01106,9000000313,9000000491.0,Incoming,2025-05-24 11:55:27,144,TOWER-ERD-001,CDR
CDR-01107,9000000166.0,9000000041.0,Missed,2025-06-29 08:29:58,0,TOWER-SLM-001,CDR
CDR-01108,9000000448.0,9000000399,Outgoing,2026-06-19 11:52:59,91,TOWER-VLR-001,CDR
CDR-01109,9000000137.0,9000000172.0,Missed,2025-12-31 02:23:05,0,TOWER-TUP-001,CDR
CDR-01110,9000000300.0,9000000369.0,Outgoing,2025-04-17 19:25:22,495,TOWER-CHN-001,CDR
CDR-01111,9000000236.0,9000000058,Incoming,2025-01-12 15:53:09,428,TOWER-MDU-001,CDR
CDR-01112,9000000267.0,9000000182.0,Missed,2026-06-06 10:40:03,0,TOWER-SLM-001,CDR
CDR-01113,9000000325,9000000321,Incoming,2026-04-25 06:49:12,459,TOWER-VLR-001,CDR
CDR-01114,9000000088.0,9000000347.0,Incoming,2025-11-11 11:15:48,447,TOWER-ERD-001,CDR
CDR-01115,9000000484,9000000330,Outgoing,2026-07-31 16:36:14,636,TOWER-ERD-001,CDR
CDR-01116,9000000317.0,9000000047.0,Outgoing,2025-02-02 22:41:23,477,TOWER-SLM-001,CDR
CDR-01117,9000000307.0,9000000344,Outgoing,2025-01-31 11:42:11,762,TOWER-TRY-001,CDR
CDR-01118,9000000425,9000000271.0,Incoming,2025-12-08 09:52:41,308,TOWER-TRY-001,CDR
CDR-01119,9000000273.0,9000000322.0,Outgoing,2025-11-25 03:15:57,180,TOWER-MDU-001,CDR
CDR-01120,9000000441,9000000185,Incoming,2026-05-17 20:12:18,484,TOWER-VLR-001,CDR
CDR-01121,9000000143,9000000303,Incoming,2026-03-31 17:32:11,194,TOWER-CHN-001,CDR
CDR-01122,9000000422.0,9000000069.0,Outgoing,2025-01-20 08:23:43,471,TOWER-CHN-001,CDR
CDR-01123,9000000075.0,9000000386,Missed,2025-06-06 20:17:07,0,TOWER-VLR-001,CDR
CDR-01124,9000000143,9000000206.0,Outgoing,2026-05-19 18:20:27,718,TOWER-CHN-001,CDR
CDR-01125,9000000137,9000000086.0,Incoming,2025-12-16 01:23:37,733,TOWER-TUP-001,CDR
CDR-01126,9000000323,9000000260.0,Missed,2025-10-26 07:54:27,0,TOWER-CHN-001,CDR
CDR-01127,9000000188.0,9000000202.0,Outgoing,2025-05-13 17:31:36,54,TOWER-TUP-001,CDR
CDR-01128,9000000013.0,9000000183.0,Incoming,2025-04-23 07:40:36,899,TOWER-CHN-001,CDR
CDR-01129,9000000404.0,9000000461.0,Outgoing,2026-07-22 03:12:05,326,TOWER-VLR-001,CDR
CDR-01130,9000000252.0,9000000405.0,Incoming,2025-06-07 13:25:47,144,TOWER-ERD-001,CDR
CDR-01131,9000000300,9000000189.0,Outgoing,2026-01-23 07:21:54,519,TOWER-ERD-001,CDR
CDR-01132,9000000347,9000000101.0,Incoming,2026-05-28 05:25:24,612,TOWER-VLR-001,CDR
CDR-01133,9000000075.0,9000000196.0,Outgoing,2026-04-12 23:29:20,91,TOWER-ERD-001,CDR
CDR-01134,9000000169,9000000082,Outgoing,2026-05-04 06:36:49,644,TOWER-SLM-001,CDR
CDR-01135,9000000271.0,9000000070.0,Incoming,2026-05-23 09:57:49,66,TOWER-TUP-001,CDR
CDR-01136,9000000307,9000000024.0,Incoming,2026-03-26 00:25:45,693,TOWER-MDU-001,CDR
CDR-01137,9000000349,9000000306.0,Incoming,2025-11-20 20:38:25,121,TOWER-CHN-001,CDR
CDR-01138,9000000486.0,9000000110,Missed,2026-05-29 08:31:39,0,TOWER-CHN-001,CDR
CDR-01139,9000000064.0,9000000330.0,Outgoing,2025-03-14 07:59:59,46,TOWER-MDU-001,CDR
CDR-01140,9000000484.0,9000000399.0,Outgoing,2025-02-22 13:23:53,849,TOWER-TRY-001,CDR
CDR-01141,9000000202.0,9000000228.0,Outgoing,2025-04-15 12:06:55,492,TOWER-CBE-001,CDR
CDR-01142,9000000482,9000000131,Missed,2025-11-18 09:00:23,0,TOWER-SLM-001,CDR
CDR-01143,9000000413,9000000305.0,Incoming,2026-07-21 19:07:31,595,TOWER-CBE-001,CDR
CDR-01144,9000000092.0,9000000031,Outgoing,2025-09-03 19:46:27,633,TOWER-MDU-001,CDR
CDR-01145,9000000272.0,9000000440.0,Missed,2025-10-02 20:18:15,0,TOWER-CHN-001,CDR
CDR-01146,9000000455.0,9000000159,Missed,2026-07-21 08:59:19,0,TOWER-VLR-001,CDR
CDR-01147,9000000243,9000000011,Missed,2025-06-30 18:14:44,0,TOWER-MDU-001,CDR
CDR-01148,9000000495.0,9000000412,Incoming,2025-12-28 02:05:46,34,TOWER-CBE-001,CDR
CDR-01149,9000000140.0,9000000192.0,Outgoing,2025-09-17 06:20:19,56,TOWER-TUP-001,CDR
CDR-01150,9000000128,9000000238.0,Incoming,2025-06-06 06:24:00,665,TOWER-MDU-001,CDR
CDR-01151,9000000353.0,9000000119.0,Outgoing,2026-01-29 13:22:45,317,TOWER-TUP-001,CDR
CDR-01152,9000000445.0,9000000051,Missed,2025-09-16 20:50:36,0,TOWER-TUP-001,CDR
CDR-01153,9000000054.0,9000000381.0,Missed,2025-01-23 14:47:14,0,TOWER-CHN-001,CDR
CDR-01154,9000000495.0,9000000462,Outgoing,2026-01-08 03:13:31,698,TOWER-VLR-001,CDR
CDR-01155,9000000200.0,9000000442,Outgoing,2026-05-03 03:51:52,169,TOWER-VLR-001,CDR
CDR-01156,9000000476.0,9000000231.0,Outgoing,2025-11-18 12:38:39,812,TOWER-ERD-001,CDR
CDR-01157,9000000317.0,9000000480.0,Missed,2026-07-18 02:18:40,0,TOWER-TUP-001,CDR
CDR-01158,9000000036.0,9000000175,Incoming,2026-03-25 11:28:19,223,TOWER-TUP-001,CDR
CDR-01159,9000000194.0,9000000321,Incoming,2025-01-25 05:06:35,297,TOWER-TUP-001,CDR
CDR-01160,9000000091.0,9000000404,Incoming,2026-04-16 10:51:46,594,TOWER-TRY-001,CDR
CDR-01161,9000000365,9000000074,Incoming,2025-08-28 10:46:55,895,TOWER-TUP-001,CDR
CDR-01162,9000000331.0,9000000302,Outgoing,2026-01-22 01:45:58,98,TOWER-SLM-001,CDR
CDR-01163,9000000248,9000000009.0,Outgoing,2026-02-12 20:34:52,231,TOWER-MDU-001,CDR
CDR-01164,9000000296,9000000362.0,Outgoing,2025-01-30 01:05:38,813,TOWER-SLM-001,CDR
CDR-01165,9000000201,9000000225.0,Missed,2025-01-20 08:49:04,0,TOWER-VLR-001,CDR
CDR-01166,9000000303,9000000272,Incoming,2026-01-11 12:34:12,358,TOWER-MDU-001,CDR
CDR-01167,9000000133.0,9000000120.0,Incoming,2026-02-05 21:40:13,851,TOWER-CHN-001,CDR
CDR-01168,9000000258,9000000307,Outgoing,2026-07-09 07:54:38,406,TOWER-CBE-001,CDR
CDR-01169,9000000259.0,9000000014.0,Incoming,2026-04-07 14:19:24,713,TOWER-CBE-001,CDR
CDR-01170,9000000011.0,9000000168.0,Incoming,2026-02-09 08:16:18,115,TOWER-MDU-001,CDR
CDR-01171,9000000034.0,9000000359.0,Outgoing,2025-06-12 23:48:25,664,TOWER-TUP-001,CDR
CDR-01172,9000000476,9000000236.0,Outgoing,2026-02-18 10:20:24,293,TOWER-TUP-001,CDR
CDR-01173,9000000065.0,9000000161,Outgoing,2025-05-03 07:56:18,162,TOWER-MDU-001,CDR
CDR-01174,9000000357.0,9000000344.0,Missed,2026-03-11 16:10:49,0,TOWER-CBE-001,CDR
CDR-01175,9000000367,9000000444,Outgoing,2025-09-05 08:59:20,572,TOWER-MDU-001,CDR
CDR-01176,9000000176,9000000378,Missed,2025-07-10 03:52:12,0,TOWER-CHN-001,CDR
CDR-01177,9000000078.0,9000000014.0,Missed,2025-09-21 02:33:02,0,TOWER-VLR-001,CDR
CDR-01178,9000000055,9000000241.0,Incoming,2026-06-09 16:09:25,492,TOWER-ERD-001,CDR
CDR-01179,9000000033.0,9000000016,Incoming,2025-11-28 05:53:51,98,TOWER-TRY-001,CDR
CDR-01180,9000000473,9000000115.0,Missed,2026-05-04 22:11:02,0,TOWER-VLR-001,CDR
CDR-01181,9000000056.0,9000000239,Outgoing,2025-06-03 21:43:49,847,TOWER-CBE-001,CDR
CDR-01182,9000000415.0,9000000130.0,Incoming,2026-06-27 14:50:12,105,TOWER-VLR-001,CDR
CDR-01183,9000000180.0,9000000064.0,Outgoing,2026-05-16 12:50:00,710,TOWER-VLR-001,CDR
CDR-01184,9000000124.0,9000000376.0,Incoming,2026-04-25 04:38:02,157,TOWER-MDU-001,CDR
CDR-01185,9000000034,9000000221.0,Incoming,2026-06-01 15:51:55,726,TOWER-TUP-001,CDR
CDR-01186,9000000088.0,9000000075.0,Outgoing,2025-02-20 18:29:44,40,TOWER-VLR-001,CDR
CDR-01187,9000000136.0,9000000209.0,Outgoing,2025-05-13 15:58:17,482,TOWER-MDU-001,CDR
CDR-01188,9000000490.0,9000000440.0,Incoming,2025-03-21 22:47:43,530,TOWER-TRY-001,CDR
CDR-01189,9000000340.0,9000000398.0,Missed,2026-05-20 10:39:06,0,TOWER-CBE-001,CDR
CDR-01190,9000000460,9000000100.0,Outgoing,2026-04-04 16:23:17,420,TOWER-TRY-001,CDR
CDR-01191,9000000056,9000000456.0,Missed,2025-05-04 12:21:10,0,TOWER-VLR-001,CDR
CDR-01192,9000000162,9000000321,Outgoing,2026-06-24 02:12:48,223,TOWER-TRY-001,CDR
CDR-01193,9000000103,9000000041.0,Outgoing,2026-06-24 03:34:47,567,TOWER-SLM-001,CDR
CDR-01194,9000000226.0,9000000098,Missed,2026-07-07 22:56:32,0,TOWER-VLR-001,CDR
CDR-01195,9000000357.0,9000000212.0,Missed,2025-12-26 13:14:19,0,TOWER-TUP-001,CDR
CDR-01196,9000000036.0,9000000180.0,Outgoing,2025-08-28 06:12:07,190,TOWER-TRY-001,CDR
CDR-01197,9000000057,9000000457.0,Incoming,2026-04-09 05:48:09,711,TOWER-TRY-001,CDR
CDR-01198,9000000133.0,9000000235,Missed,2026-05-28 18:21:47,0,TOWER-ERD-001,CDR
CDR-01199,9000000143,9000000325.0,Incoming,2026-05-10 02:22:30,604,TOWER-ERD-001,CDR
CDR-01200,9000000387,9000000238,Outgoing,2025-08-15 10:00:52,554,TOWER-TRY-001,CDR
CDR-01201,9000000359.0,9000000001,Incoming,2026-06-14 08:23:37,220,TOWER-TUP-001,CDR
CDR-01202,9000000480.0,9000000479,Missed,2025-08-25 13:13:33,0,TOWER-TRY-001,CDR
CDR-01203,9000000327,9000000244,Missed,2025-01-07 07:21:13,0,TOWER-TRY-001,CDR
CDR-01204,9000000059,9000000029,Incoming,2026-03-03 07:57:37,388,TOWER-ERD-001,CDR
CDR-01205,9000000345.0,9000000128,Outgoing,2025-08-08 04:45:41,122,TOWER-ERD-001,CDR
CDR-01206,9000000028,9000000243.0,Missed,2026-04-04 09:27:07,0,TOWER-TRY-001,CDR
CDR-01207,9000000159.0,9000000252,Outgoing,2025-12-05 00:31:49,400,TOWER-SLM-001,CDR
CDR-01208,9000000226.0,9000000191.0,Incoming,2026-03-08 09:48:31,202,TOWER-TRY-001,CDR
CDR-01209,9000000393.0,9000000467.0,Incoming,2026-06-05 10:56:13,305,TOWER-CHN-001,CDR
CDR-01210,9000000137.0,9000000346,Incoming,2025-01-13 04:48:52,673,TOWER-CHN-001,CDR
CDR-01211,9000000186,9000000205,Incoming,2025-04-17 13:58:16,96,TOWER-TRY-001,CDR
CDR-01212,9000000064.0,9000000030.0,Missed,2025-05-20 15:39:57,0,TOWER-VLR-001,CDR
CDR-01213,9000000177.0,9000000429.0,Missed,2025-12-16 13:27:40,0,TOWER-TRY-001,CDR
CDR-01214,9000000453.0,9000000058,Incoming,2026-04-15 14:03:44,444,TOWER-ERD-001,CDR
CDR-01215,9000000359.0,9000000354.0,Missed,2025-07-03 21:20:21,0,TOWER-MDU-001,CDR
CDR-01216,9000000035.0,9000000093.0,Missed,2025-10-13 00:49:01,0,TOWER-ERD-001,CDR
CDR-01217,9000000442.0,9000000130.0,Outgoing,2025-10-14 06:48:11,731,TOWER-CBE-001,CDR
CDR-01218,9000000371.0,9000000420,Missed,2025-03-04 04:29:04,0,TOWER-CHN-001,CDR
CDR-01219,9000000467,9000000074.0,Outgoing,2025-03-02 18:23:55,539,TOWER-CBE-001,CDR
CDR-01220,9000000085.0,9000000251.0,Missed,2026-07-31 02:01:52,0,TOWER-CBE-001,CDR
CDR-01221,9000000294.0,9000000084.0,Outgoing,2025-02-10 23:47:01,637,TOWER-TUP-001,CDR
CDR-01222,9000000404,9000000346,Outgoing,2026-02-03 04:43:58,474,TOWER-VLR-001,CDR
CDR-01223,9000000028.0,9000000349,Outgoing,2025-08-17 20:04:35,371,TOWER-MDU-001,CDR
CDR-01224,9000000171,9000000200.0,Missed,2026-04-10 04:45:07,0,TOWER-MDU-001,CDR
CDR-01225,9000000101,9000000094,Incoming,2026-01-03 12:21:05,654,TOWER-CHN-001,CDR
CDR-01226,9000000037.0,9000000404.0,Missed,2025-08-15 14:40:26,0,TOWER-ERD-001,CDR
CDR-01227,9000000062.0,9000000431,Incoming,2026-01-28 16:59:40,139,TOWER-CBE-001,CDR
CDR-01228,9000000108,9000000057.0,Incoming,2025-08-07 05:41:47,640,TOWER-MDU-001,CDR
CDR-01229,9000000012,9000000350.0,Missed,2025-03-28 15:25:53,0,TOWER-CHN-001,CDR
CDR-01230,9000000367.0,9000000199.0,Missed,2025-12-13 22:13:06,0,TOWER-TUP-001,CDR
CDR-01231,9000000296,9000000007,Missed,2025-07-03 11:00:37,0,TOWER-VLR-001,CDR
CDR-01232,9000000405.0,9000000401,Incoming,2025-03-07 13:21:26,361,TOWER-CHN-001,CDR
CDR-01233,9000000074,9000000272,Outgoing,2025-11-17 17:54:22,780,TOWER-TRY-001,CDR
CDR-01234,9000000101.0,9000000029.0,Missed,2026-05-11 05:15:11,0,TOWER-CHN-001,CDR
CDR-01235,9000000276.0,9000000359.0,Missed,2025-09-26 00:40:39,0,TOWER-ERD-001,CDR
CDR-01236,9000000247.0,9000000142,Incoming,2025-12-27 09:51:54,181,TOWER-TRY-001,CDR
CDR-01237,9000000039.0,9000000032,Outgoing,2026-02-18 14:54:28,774,TOWER-SLM-001,CDR
CDR-01238,9000000094.0,9000000421.0,Outgoing,2025-04-23 17:47:20,278,TOWER-TRY-001,CDR
CDR-01239,9000000189.0,9000000252.0,Outgoing,2026-06-12 00:02:01,401,TOWER-TUP-001,CDR
CDR-01240,9000000024,9000000220.0,Incoming,2026-05-11 02:26:50,554,TOWER-TUP-001,CDR
CDR-01241,9000000243.0,9000000259,Outgoing,2025-07-27 10:52:39,286,TOWER-CBE-001,CDR
CDR-01242,9000000060.0,9000000076.0,Outgoing,2026-06-09 12:20:19,482,TOWER-SLM-001,CDR
CDR-01243,9000000299,9000000434.0,Missed,2025-09-20 01:42:53,0,TOWER-CHN-001,CDR
CDR-01244,9000000330,9000000082,Incoming,2025-01-07 14:00:25,698,TOWER-CBE-001,CDR
CDR-01245,9000000189.0,9000000447,Incoming,2025-03-22 16:58:19,547,TOWER-VLR-001,CDR
CDR-01246,9000000209.0,9000000479.0,Missed,2025-08-09 01:02:21,0,TOWER-MDU-001,CDR
CDR-01247,9000000236.0,9000000063,Incoming,2025-03-13 09:54:35,644,TOWER-ERD-001,CDR
CDR-01248,9000000483,9000000325.0,Missed,2026-05-11 14:43:37,0,TOWER-CBE-001,CDR
CDR-01249,9000000068.0,9000000109.0,Missed,2025-04-11 21:38:48,0,TOWER-TRY-001,CDR
CDR-01250,9000000013.0,9000000070.0,Incoming,2025-05-24 02:54:40,722,TOWER-MDU-001,CDR
CDR-01251,9000000029,9000000168.0,Missed,2025-02-28 19:24:52,0,TOWER-VLR-001,CDR
CDR-01252,9000000459.0,9000000050.0,Missed,2026-06-03 12:34:41,0,TOWER-TUP-001,CDR
CDR-01253,9000000012,9000000486.0,Incoming,2025-02-18 10:59:06,293,TOWER-TRY-001,CDR
CDR-01254,9000000298.0,9000000118,Incoming,2025-07-25 13:42:37,274,TOWER-CHN-001,CDR
CDR-01255,9000000065.0,9000000057,Outgoing,2026-04-20 00:51:06,215,TOWER-TRY-001,CDR
CDR-01256,9000000463.0,9000000313.0,Incoming,2026-02-24 22:06:49,157,TOWER-TRY-001,CDR
CDR-01257,9000000226,9000000033.0,Outgoing,2025-07-21 04:02:24,742,TOWER-CBE-001,CDR
CDR-01258,9000000436,9000000222,Incoming,2026-07-20 02:25:28,595,TOWER-MDU-001,CDR
CDR-01259,9000000340,9000000452.0,Outgoing,2026-05-23 02:17:30,162,TOWER-ERD-001,CDR
CDR-01260,9000000442.0,9000000421.0,Outgoing,2026-06-28 17:58:29,165,TOWER-TUP-001,CDR
CDR-01261,9000000439.0,9000000440.0,Incoming,2026-07-04 14:43:31,537,TOWER-VLR-001,CDR
CDR-01262,9000000435.0,9000000239.0,Outgoing,2026-07-20 06:34:04,874,TOWER-CBE-001,CDR
CDR-01263,9000000110.0,9000000058,Incoming,2026-06-20 08:45:43,403,TOWER-VLR-001,CDR
CDR-01264,9000000125.0,9000000041.0,Missed,2025-10-06 18:43:21,0,TOWER-TUP-001,CDR
CDR-01265,9000000390.0,9000000412.0,Incoming,2026-05-18 14:20:28,657,TOWER-CBE-001,CDR
CDR-01266,9000000394,9000000404,Outgoing,2025-12-24 00:17:54,92,TOWER-MDU-001,CDR
CDR-01267,9000000492,9000000283,Missed,2025-01-31 13:11:10,0,TOWER-TRY-001,CDR
CDR-01268,9000000233.0,9000000480.0,Missed,2025-10-31 00:04:44,0,TOWER-CBE-001,CDR
CDR-01269,9000000031.0,9000000186,Incoming,2025-12-07 04:36:31,657,TOWER-SLM-001,CDR
CDR-01270,9000000006.0,9000000200.0,Incoming,2026-07-14 00:54:28,35,TOWER-SLM-001,CDR
CDR-01271,9000000338.0,9000000268,Incoming,2026-02-24 20:37:13,821,TOWER-MDU-001,CDR
CDR-01272,9000000097.0,9000000176.0,Outgoing,2025-01-29 18:31:32,26,TOWER-TUP-001,CDR
CDR-01273,9000000181.0,9000000332.0,Missed,2025-02-03 06:07:14,0,TOWER-TRY-001,CDR
CDR-01274,9000000165.0,9000000377.0,Missed,2026-06-03 07:40:46,0,TOWER-VLR-001,CDR
CDR-01275,9000000476.0,9000000238,Missed,2026-03-26 23:47:12,0,TOWER-SLM-001,CDR
CDR-01276,9000000146.0,9000000307,Missed,2025-04-20 23:26:15,0,TOWER-VLR-001,CDR
CDR-01277,9000000452.0,9000000403.0,Missed,2025-02-05 13:48:19,0,TOWER-SLM-001,CDR
CDR-01278,9000000241.0,9000000350.0,Incoming,2025-02-08 19:17:04,657,TOWER-MDU-001,CDR
CDR-01279,9000000180.0,9000000444.0,Missed,2025-05-13 13:52:50,0,TOWER-CBE-001,CDR
CDR-01280,9000000033.0,9000000051,Outgoing,2026-04-24 04:08:51,619,TOWER-SLM-001,CDR
CDR-01281,9000000121.0,9000000492,Outgoing,2026-07-28 03:58:56,355,TOWER-TRY-001,CDR
CDR-01282,9000000088.0,9000000449.0,Missed,2026-03-24 08:48:11,0,TOWER-CHN-001,CDR
CDR-01283,9000000435,9000000083.0,Incoming,2025-05-15 17:17:54,617,TOWER-TUP-001,CDR
CDR-01284,9000000121.0,9000000449.0,Outgoing,2025-11-19 11:02:15,154,TOWER-CHN-001,CDR
CDR-01285,9000000195.0,9000000144.0,Incoming,2025-07-09 05:51:52,459,TOWER-ERD-001,CDR
CDR-01286,9000000453,9000000407.0,Missed,2026-04-21 16:44:13,0,TOWER-TRY-001,CDR
CDR-01287,9000000210.0,9000000456,Outgoing,2025-01-05 22:21:53,92,TOWER-ERD-001,CDR
CDR-01288,9000000473,9000000244,Missed,2026-05-22 05:36:30,0,TOWER-MDU-001,CDR
CDR-01289,9000000126,9000000039.0,Missed,2025-04-09 13:26:46,0,TOWER-SLM-001,CDR
CDR-01290,9000000120.0,9000000069,Missed,2025-12-16 20:25:16,0,TOWER-TRY-001,CDR
CDR-01291,9000000056,9000000190.0,Missed,2026-06-22 05:43:47,0,TOWER-ERD-001,CDR
CDR-01292,9000000115.0,9000000011,Missed,2026-01-24 06:34:51,0,TOWER-CBE-001,CDR
CDR-01293,9000000032,9000000490.0,Outgoing,2026-03-10 04:28:31,14,TOWER-SLM-001,CDR
CDR-01294,9000000160,9000000161,Missed,2025-03-16 07:40:34,0,TOWER-TUP-001,CDR
CDR-01295,9000000294.0,9000000099,Incoming,2026-05-02 14:08:23,485,TOWER-SLM-001,CDR
CDR-01296,9000000459.0,9000000143.0,Incoming,2025-04-26 21:36:51,125,TOWER-VLR-001,CDR
CDR-01297,9000000081,9000000283,Incoming,2025-02-03 11:43:59,696,TOWER-ERD-001,CDR
CDR-01298,9000000034,9000000110,Incoming,2025-07-15 06:05:45,455,TOWER-TUP-001,CDR
CDR-01299,9000000075.0,9000000107.0,Incoming,2025-02-10 17:51:41,768,TOWER-CHN-001,CDR
CDR-01300,9000000210.0,9000000119,Outgoing,2025-04-01 03:36:36,537,TOWER-CBE-001,CDR
CDR-01301,9000000028,9000000232.0,Missed,2026-03-27 07:32:34,0,TOWER-TUP-001,CDR
CDR-01302,9000000461.0,9000000216.0,Missed,2026-06-10 17:26:45,0,TOWER-TUP-001,CDR
CDR-01303,9000000194,9000000345,Outgoing,2025-03-18 04:02:52,243,TOWER-SLM-001,CDR
CDR-01304,9000000267.0,9000000127.0,Outgoing,2025-02-27 02:41:35,235,TOWER-VLR-001,CDR
CDR-01305,9000000017.0,9000000431,Incoming,2025-04-23 13:54:04,456,TOWER-SLM-001,CDR
CDR-01306,9000000355.0,9000000463.0,Outgoing,2025-04-16 22:45:58,392,TOWER-VLR-001,CDR
CDR-01307,9000000495.0,9000000031.0,Outgoing,2025-09-18 21:28:06,217,TOWER-CHN-001,CDR
CDR-01308,9000000331.0,9000000381.0,Incoming,2025-04-17 00:34:20,297,TOWER-CBE-001,CDR
CDR-01309,9000000415.0,9000000067,Outgoing,2025-09-24 20:43:15,185,TOWER-SLM-001,CDR
CDR-01310,9000000321.0,9000000352.0,Missed,2026-04-20 23:42:35,0,TOWER-CHN-001,CDR
CDR-01311,9000000359.0,9000000144.0,Incoming,2025-11-16 18:34:20,98,TOWER-VLR-001,CDR
CDR-01312,9000000103.0,9000000367.0,Outgoing,2025-12-26 10:31:33,867,TOWER-MDU-001,CDR
CDR-01313,9000000350.0,9000000061,Missed,2025-07-11 13:58:01,0,TOWER-SLM-001,CDR
CDR-01314,9000000133.0,9000000414,Missed,2025-06-22 17:57:34,0,TOWER-CHN-001,CDR
CDR-01315,9000000028.0,9000000242,Outgoing,2025-02-01 02:44:52,55,TOWER-VLR-001,CDR
CDR-01316,9000000201.0,9000000063,Outgoing,2025-11-03 06:39:37,553,TOWER-VLR-001,CDR
CDR-01317,9000000183,9000000337,Outgoing,2025-03-06 12:56:17,256,TOWER-ERD-001,CDR
CDR-01318,9000000382.0,9000000226,Incoming,2025-08-18 17:55:59,377,TOWER-SLM-001,CDR
CDR-01319,9000000143,9000000456,Outgoing,2025-08-25 18:33:58,695,TOWER-CHN-001,CDR
CDR-01320,9000000138.0,9000000066,Missed,2026-03-30 08:12:47,0,TOWER-ERD-001,CDR
CDR-01321,9000000355.0,9000000107,Incoming,2025-11-11 20:27:54,730,TOWER-CHN-001,CDR
CDR-01322,9000000431.0,9000000202,Missed,2026-05-07 23:28:29,0,TOWER-ERD-001,CDR
CDR-01323,9000000078.0,9000000008,Missed,2025-09-16 13:49:12,0,TOWER-ERD-001,CDR
CDR-01324,9000000441.0,9000000121,Outgoing,2026-04-21 17:51:02,724,TOWER-SLM-001,CDR
CDR-01325,9000000394.0,9000000231.0,Missed,2025-02-12 13:45:49,0,TOWER-TUP-001,CDR
CDR-01326,9000000404.0,9000000291,Outgoing,2025-12-28 10:48:22,384,TOWER-ERD-001,CDR
CDR-01327,9000000394,9000000185.0,Incoming,2026-03-11 00:36:32,673,TOWER-CBE-001,CDR
CDR-01328,9000000040,9000000325,Incoming,2025-07-05 08:26:09,352,TOWER-CBE-001,CDR
CDR-01329,9000000435.0,9000000371.0,Missed,2025-06-12 22:50:35,0,TOWER-SLM-001,CDR
CDR-01330,9000000025,9000000284.0,Outgoing,2026-06-13 08:20:43,525,TOWER-TRY-001,CDR
CDR-01331,9000000459.0,9000000441,Incoming,2025-09-26 03:29:23,391,TOWER-VLR-001,CDR
CDR-01332,9000000045.0,9000000122,Missed,2025-04-06 07:28:10,0,TOWER-VLR-001,CDR
CDR-01333,9000000019.0,9000000100.0,Outgoing,2026-04-28 07:22:14,472,TOWER-TUP-001,CDR
CDR-01334,9000000321,9000000491.0,Outgoing,2025-03-04 06:29:04,99,TOWER-TRY-001,CDR
CDR-01335,9000000473,9000000252.0,Incoming,2025-05-08 23:27:53,121,TOWER-MDU-001,CDR
CDR-01336,9000000362.0,9000000090,Outgoing,2025-06-08 15:36:38,164,TOWER-ERD-001,CDR
CDR-01337,9000000213.0,9000000126,Missed,2026-02-25 13:04:44,0,TOWER-CHN-001,CDR
CDR-01338,9000000104,9000000007.0,Outgoing,2026-07-27 23:53:49,464,TOWER-ERD-001,CDR
CDR-01339,9000000245.0,9000000460.0,Incoming,2025-06-30 10:54:32,32,TOWER-TUP-001,CDR
CDR-01340,9000000447,9000000330.0,Outgoing,2026-05-17 19:16:03,681,TOWER-TUP-001,CDR
CDR-01341,9000000045.0,9000000019,Missed,2026-06-26 06:28:43,0,TOWER-VLR-001,CDR
CDR-01342,9000000347.0,9000000273.0,Missed,2025-04-13 11:48:19,0,TOWER-MDU-001,CDR
CDR-01343,9000000122.0,9000000094,Incoming,2025-10-16 20:45:41,505,TOWER-MDU-001,CDR
CDR-01344,9000000446.0,9000000090,Outgoing,2025-12-21 03:05:11,301,TOWER-CHN-001,CDR
CDR-01345,9000000208,9000000175,Outgoing,2025-05-17 04:56:06,196,TOWER-CHN-001,CDR
CDR-01346,9000000486.0,9000000101.0,Incoming,2025-09-03 22:20:00,52,TOWER-CHN-001,CDR
CDR-01347,9000000065.0,9000000094,Outgoing,2025-06-09 08:22:23,198,TOWER-ERD-001,CDR
CDR-01348,9000000067.0,9000000327,Incoming,2025-12-15 07:19:27,391,TOWER-CHN-001,CDR
CDR-01349,9000000176.0,9000000032,Incoming,2025-11-11 05:35:18,35,TOWER-VLR-001,CDR
CDR-01350,9000000024.0,9000000067,Outgoing,2025-01-04 08:03:05,169,TOWER-TUP-001,CDR
CDR-01351,9000000321.0,9000000104,Outgoing,2026-03-22 15:03:26,782,TOWER-CHN-001,CDR
CDR-01352,9000000147.0,9000000281.0,Outgoing,2025-03-29 05:42:53,715,TOWER-VLR-001,CDR
CDR-01353,9000000003,9000000144,Missed,2026-03-04 22:38:19,0,TOWER-CBE-001,CDR
CDR-01354,9000000409.0,9000000037,Outgoing,2025-06-21 03:53:51,642,TOWER-VLR-001,CDR
CDR-01355,9000000200,9000000201,Outgoing,2026-04-18 08:45:36,66,TOWER-SLM-001,CDR
CDR-01356,9000000100,9000000467,Incoming,2025-08-04 20:56:16,810,TOWER-SLM-001,CDR
CDR-01357,9000000034.0,9000000473.0,Missed,2025-12-12 23:56:25,0,TOWER-CBE-001,CDR
CDR-01358,9000000171.0,9000000419,Incoming,2025-09-04 19:26:05,512,TOWER-ERD-001,CDR
CDR-01359,9000000443.0,9000000326.0,Incoming,2025-11-29 03:47:46,743,TOWER-TUP-001,CDR
CDR-01360,9000000090.0,9000000269.0,Incoming,2025-09-25 21:46:43,301,TOWER-TUP-001,CDR
CDR-01361,9000000409.0,9000000340,Missed,2025-03-10 00:57:24,0,TOWER-SLM-001,CDR
CDR-01362,9000000225.0,9000000160.0,Outgoing,2025-05-08 05:16:23,305,TOWER-TRY-001,CDR
CDR-01363,9000000192.0,9000000144,Missed,2026-04-10 10:19:46,0,TOWER-CBE-001,CDR
CDR-01364,9000000251,9000000140.0,Outgoing,2026-02-13 00:19:16,496,TOWER-TUP-001,CDR
CDR-01365,9000000321,9000000386,Outgoing,2025-01-06 03:23:04,100,TOWER-TRY-001,CDR
CDR-01366,9000000259,9000000192.0,Incoming,2025-12-25 22:32:25,579,TOWER-CHN-001,CDR
CDR-01367,9000000127.0,9000000113.0,Outgoing,2026-03-07 04:49:40,306,TOWER-VLR-001,CDR
CDR-01368,9000000061.0,9000000460,Missed,2025-08-25 01:22:28,0,TOWER-VLR-001,CDR
CDR-01369,9000000287,9000000107,Incoming,2025-01-02 21:36:33,37,TOWER-CHN-001,CDR
CDR-01370,9000000398,9000000008.0,Missed,2026-05-10 10:21:14,0,TOWER-VLR-001,CDR
CDR-01371,9000000025.0,9000000031,Outgoing,2026-01-18 01:25:44,193,TOWER-SLM-001,CDR
CDR-01372,9000000119,9000000068.0,Outgoing,2025-02-21 19:50:27,514,TOWER-TUP-001,CDR
CDR-01373,9000000465.0,9000000318.0,Missed,2025-12-05 16:54:22,0,TOWER-MDU-001,CDR
CDR-01374,9000000039.0,9000000068.0,Outgoing,2026-07-24 07:18:49,534,TOWER-ERD-001,CDR
CDR-01375,9000000326,9000000312.0,Missed,2025-02-15 10:42:46,0,TOWER-CHN-001,CDR
CDR-01376,9000000126.0,9000000036,Missed,2025-04-16 05:51:16,0,TOWER-TUP-001,CDR
CDR-01377,9000000343.0,9000000143.0,Outgoing,2025-11-22 20:18:28,379,TOWER-TUP-001,CDR
CDR-01378,9000000141.0,9000000445,Outgoing,2026-05-12 06:49:35,552,TOWER-CBE-001,CDR
CDR-01379,9000000385,9000000495.0,Missed,2025-05-23 07:58:51,0,TOWER-CBE-001,CDR
CDR-01380,9000000419.0,9000000171,Missed,2025-09-08 13:49:39,0,TOWER-TUP-001,CDR
CDR-01381,9000000032,9000000069,Missed,2026-06-27 03:03:26,0,TOWER-TUP-001,CDR
CDR-01382,9000000338,9000000404,Missed,2025-10-01 02:50:47,0,TOWER-CHN-001,CDR
CDR-01383,9000000314,9000000089.0,Missed,2025-08-07 14:00:26,0,TOWER-TUP-001,CDR
CDR-01384,9000000431,9000000447,Outgoing,2025-03-21 13:12:26,176,TOWER-SLM-001,CDR
CDR-01385,9000000388.0,9000000425.0,Incoming,2025-05-27 08:20:36,861,TOWER-CBE-001,CDR
CDR-01386,9000000467.0,9000000218,Incoming,2025-04-12 22:20:40,129,TOWER-ERD-001,CDR
CDR-01387,9000000331,9000000490.0,Outgoing,2025-10-09 14:46:04,717,TOWER-CHN-001,CDR
CDR-01388,9000000281.0,9000000228,Missed,2025-09-23 16:11:00,0,TOWER-CHN-001,CDR
CDR-01389,9000000273.0,9000000119,Missed,2025-04-03 02:48:22,0,TOWER-SLM-001,CDR
CDR-01390,9000000002.0,9000000487.0,Missed,2025-06-25 23:39:12,0,TOWER-MDU-001,CDR
CDR-01391,9000000192,9000000413,Incoming,2025-11-26 22:56:25,90,TOWER-CBE-001,CDR
CDR-01392,9000000098,9000000452.0,Outgoing,2025-12-01 23:02:08,785,TOWER-ERD-001,CDR
CDR-01393,9000000391.0,9000000215.0,Incoming,2026-05-28 11:21:19,822,TOWER-ERD-001,CDR
CDR-01394,9000000269,9000000165.0,Outgoing,2025-02-21 10:56:25,54,TOWER-MDU-001,CDR
CDR-01395,9000000301.0,9000000338,Incoming,2025-06-09 12:57:20,626,TOWER-SLM-001,CDR
CDR-01396,9000000070.0,9000000209.0,Incoming,2025-04-24 01:22:43,102,TOWER-MDU-001,CDR
CDR-01397,9000000084.0,9000000490.0,Outgoing,2026-01-24 20:30:06,174,TOWER-SLM-001,CDR
CDR-01398,9000000471,9000000479,Incoming,2026-03-26 01:11:34,111,TOWER-ERD-001,CDR
CDR-01399,9000000362,9000000325.0,Missed,2025-05-29 18:42:16,0,TOWER-MDU-001,CDR
CDR-01400,9000000122.0,9000000344,Incoming,2025-03-18 15:38:06,752,TOWER-SLM-001,CDR
CDR-01401,9000000201.0,9000000191.0,Outgoing,2026-04-03 18:51:00,724,TOWER-CHN-001,CDR
CDR-01402,9000000029.0,9000000340.0,Incoming,2025-10-03 14:22:04,864,TOWER-TRY-001,CDR
CDR-01403,9000000429.0,9000000021.0,Missed,2025-06-26 17:55:04,0,TOWER-TRY-001,CDR
CDR-01404,9000000136.0,9000000294,Incoming,2025-03-27 16:26:32,487,TOWER-CHN-001,CDR
CDR-01405,9000000464.0,9000000443.0,Missed,2025-08-12 21:45:56,0,TOWER-ERD-001,CDR
CDR-01406,9000000130,9000000133.0,Outgoing,2025-10-26 20:50:23,128,TOWER-MDU-001,CDR
CDR-01407,9000000444.0,9000000234.0,Missed,2025-08-31 08:13:49,0,TOWER-VLR-001,CDR
CDR-01408,9000000058,9000000359,Outgoing,2025-11-29 09:47:01,307,TOWER-SLM-001,CDR
CDR-01409,9000000057,9000000039.0,Missed,2025-10-13 09:36:14,0,TOWER-CHN-001,CDR
CDR-01410,9000000314,9000000313.0,Missed,2025-03-23 16:32:45,0,TOWER-TRY-001,CDR
CDR-01411,9000000038.0,9000000474,Missed,2026-06-10 11:13:19,0,TOWER-CBE-001,CDR
CDR-01412,9000000068.0,9000000120.0,Outgoing,2026-06-24 20:25:51,420,TOWER-CBE-001,CDR
CDR-01413,9000000371,9000000228.0,Outgoing,2025-09-21 00:33:05,213,TOWER-SLM-001,CDR
CDR-01414,9000000074,9000000265,Incoming,2025-11-26 21:03:36,248,TOWER-VLR-001,CDR
CDR-01415,9000000383.0,9000000465.0,Missed,2025-08-01 00:34:53,0,TOWER-TRY-001,CDR
CDR-01416,9000000056.0,9000000039.0,Missed,2026-04-14 11:49:06,0,TOWER-TRY-001,CDR
CDR-01417,9000000431,9000000236,Outgoing,2025-12-20 03:00:21,160,TOWER-CBE-001,CDR
CDR-01418,9000000152.0,9000000206.0,Outgoing,2025-06-29 06:49:48,519,TOWER-CHN-001,CDR
CDR-01419,9000000027,9000000274.0,Missed,2025-02-11 01:14:25,0,TOWER-CBE-001,CDR
CDR-01420,9000000354.0,9000000295.0,Incoming,2026-04-15 14:15:40,401,TOWER-TUP-001,CDR
CDR-01421,9000000451.0,9000000390.0,Missed,2026-04-30 01:53:53,0,TOWER-CBE-001,CDR
CDR-01422,9000000193,9000000427.0,Outgoing,2025-12-28 23:16:35,821,TOWER-SLM-001,CDR
CDR-01423,9000000213.0,9000000081,Outgoing,2025-07-23 05:47:39,526,TOWER-TUP-001,CDR
CDR-01424,9000000110.0,9000000093.0,Incoming,2025-01-25 13:02:20,792,TOWER-TRY-001,CDR
CDR-01425,9000000165.0,9000000016,Outgoing,2025-10-20 07:25:19,332,TOWER-VLR-001,CDR
CDR-01426,9000000138.0,9000000200.0,Incoming,2026-03-09 09:00:59,191,TOWER-MDU-001,CDR
CDR-01427,9000000198.0,9000000313.0,Outgoing,2025-08-31 16:40:13,147,TOWER-TRY-001,CDR
CDR-01428,9000000072.0,9000000345,Missed,2026-06-09 07:22:12,0,TOWER-VLR-001,CDR
CDR-01429,9000000359,9000000294.0,Missed,2025-12-31 22:02:57,0,TOWER-VLR-001,CDR
CDR-01430,9000000308.0,9000000352.0,Missed,2025-02-13 07:00:55,0,TOWER-TRY-001,CDR
CDR-01431,9000000140,9000000235,Missed,2025-10-21 10:39:34,0,TOWER-TUP-001,CDR
CDR-01432,9000000110,9000000025,Incoming,2026-04-04 15:02:09,38,TOWER-ERD-001,CDR
CDR-01433,9000000002.0,9000000185.0,Outgoing,2026-07-31 08:56:51,838,TOWER-ERD-001,CDR
CDR-01434,9000000474.0,9000000484,Incoming,2025-09-26 01:55:56,448,TOWER-TUP-001,CDR
CDR-01435,9000000447,9000000209.0,Incoming,2025-07-09 16:45:23,687,TOWER-SLM-001,CDR
CDR-01436,9000000028,9000000239,Missed,2025-03-07 23:25:43,0,TOWER-CBE-001,CDR
CDR-01437,9000000082.0,9000000357.0,Outgoing,2025-01-16 07:27:29,183,TOWER-TUP-001,CDR
CDR-01438,9000000442.0,9000000218,Missed,2025-11-25 03:28:05,0,TOWER-TRY-001,CDR
CDR-01439,9000000166.0,9000000309.0,Missed,2025-12-31 19:50:26,0,TOWER-ERD-001,CDR
CDR-01440,9000000067.0,9000000210,Missed,2025-10-31 03:44:02,0,TOWER-TUP-001,CDR
CDR-01441,9000000037.0,9000000183,Outgoing,2026-06-21 14:38:15,112,TOWER-SLM-001,CDR
CDR-01442,9000000288.0,9000000159,Missed,2026-06-03 09:00:20,0,TOWER-TUP-001,CDR
CDR-01443,9000000005.0,9000000480.0,Outgoing,2025-06-06 17:03:12,456,TOWER-VLR-001,CDR
CDR-01444,9000000408,9000000175,Incoming,2025-07-25 22:50:57,304,TOWER-ERD-001,CDR
CDR-01445,9000000006,9000000028.0,Outgoing,2025-06-25 10:49:11,833,TOWER-CBE-001,CDR
CDR-01446,9000000330.0,9000000089,Missed,2025-09-19 15:06:59,0,TOWER-MDU-001,CDR
CDR-01447,9000000010.0,9000000041.0,Missed,2026-01-05 03:38:40,0,TOWER-TRY-001,CDR
CDR-01448,9000000413,9000000007.0,Incoming,2025-08-23 10:50:10,677,TOWER-MDU-001,CDR
CDR-01449,9000000334.0,9000000294.0,Outgoing,2025-11-18 19:22:38,214,TOWER-TRY-001,CDR
CDR-01450,9000000163,9000000199,Outgoing,2026-03-02 07:18:16,697,TOWER-CHN-001,CDR
CDR-01451,9000000452.0,9000000425,Incoming,2026-01-23 17:49:48,600,TOWER-SLM-001,CDR
CDR-01452,9000000168.0,9000000409,Missed,2026-02-18 18:36:29,0,TOWER-TRY-001,CDR
CDR-01453,9000000013.0,9000000222.0,Missed,2025-06-05 20:21:01,0,TOWER-TUP-001,CDR
CDR-01454,9000000391,9000000090,Incoming,2026-06-17 07:02:29,164,TOWER-MDU-001,CDR
CDR-01455,9000000103,9000000035.0,Outgoing,2025-02-20 01:00:58,890,TOWER-SLM-001,CDR
CDR-01456,9000000267.0,9000000166.0,Outgoing,2025-05-05 17:30:30,671,TOWER-MDU-001,CDR
CDR-01457,9000000240,9000000242.0,Outgoing,2025-03-30 04:53:07,254,TOWER-CHN-001,CDR
CDR-01458,9000000160,9000000381,Incoming,2025-08-30 04:53:44,826,TOWER-VLR-001,CDR
CDR-01459,9000000045.0,9000000128,Outgoing,2026-05-18 11:30:03,442,TOWER-ERD-001,CDR
CDR-01460,9000000477.0,9000000071.0,Outgoing,2025-01-23 15:14:37,149,TOWER-MDU-001,CDR
CDR-01461,9000000108,9000000202.0,Incoming,2025-02-02 19:16:06,669,TOWER-VLR-001,CDR
CDR-01462,9000000309.0,9000000207.0,Incoming,2026-04-13 06:37:55,331,TOWER-MDU-001,CDR
CDR-01463,9000000256.0,9000000382.0,Outgoing,2026-05-26 15:23:40,697,TOWER-CBE-001,CDR
CDR-01464,9000000073.0,9000000006.0,Incoming,2026-03-20 11:42:54,124,TOWER-CBE-001,CDR
CDR-01465,9000000127,9000000371.0,Missed,2025-07-15 14:02:32,0,TOWER-VLR-001,CDR
CDR-01466,9000000143,9000000101.0,Missed,2025-04-05 23:24:19,0,TOWER-TUP-001,CDR
CDR-01467,9000000131,9000000076.0,Missed,2025-10-30 21:12:26,0,TOWER-SLM-001,CDR
CDR-01468,9000000258.0,9000000226,Incoming,2025-05-17 01:06:43,119,TOWER-SLM-001,CDR
CDR-01469,9000000482,9000000029.0,Outgoing,2026-04-03 20:43:16,270,TOWER-ERD-001,CDR
CDR-01470,9000000261.0,9000000176.0,Outgoing,2025-03-29 17:45:07,726,TOWER-TUP-001,CDR
CDR-01471,9000000157.0,9000000258.0,Outgoing,2025-07-11 08:14:06,709,TOWER-MDU-001,CDR
CDR-01472,9000000024.0,9000000368.0,Outgoing,2025-10-13 15:09:25,742,TOWER-MDU-001,CDR
CDR-01473,9000000492.0,9000000436,Missed,2026-05-30 08:44:22,0,TOWER-ERD-001,CDR
CDR-01474,9000000095.0,9000000300,Missed,2025-10-26 19:08:43,0,TOWER-MDU-001,CDR
CDR-01475,9000000368.0,9000000125.0,Missed,2025-07-03 14:28:40,0,TOWER-VLR-001,CDR
CDR-01476,9000000298.0,9000000066.0,Outgoing,2025-08-22 16:57:42,271,TOWER-CBE-001,CDR
CDR-01477,9000000242.0,9000000006,Incoming,2025-05-05 10:51:07,890,TOWER-VLR-001,CDR
CDR-01478,9000000067.0,9000000382.0,Incoming,2025-03-04 05:04:14,290,TOWER-VLR-001,CDR
CDR-01479,9000000403.0,9000000267.0,Outgoing,2025-11-25 01:28:22,744,TOWER-CBE-001,CDR
CDR-01480,9000000208,9000000007,Missed,2025-02-21 13:10:29,0,TOWER-TUP-001,CDR
CDR-01481,9000000264.0,9000000132,Missed,2026-03-02 10:23:05,0,TOWER-TUP-001,CDR
CDR-01482,9000000075.0,9000000381,Incoming,2026-05-14 08:09:04,666,TOWER-CHN-001,CDR
CDR-01483,9000000225.0,9000000442,Incoming,2025-06-05 09:40:27,420,TOWER-MDU-001,CDR
CDR-01484,9000000294,9000000129.0,Incoming,2025-05-03 14:01:24,123,TOWER-SLM-001,CDR
CDR-01485,9000000425,9000000241.0,Missed,2026-06-17 15:22:10,0,TOWER-TRY-001,CDR
CDR-01486,9000000126.0,9000000009.0,Outgoing,2025-04-14 16:48:11,762,TOWER-MDU-001,CDR
CDR-01487,9000000226.0,9000000019,Outgoing,2025-08-07 21:04:58,828,TOWER-SLM-001,CDR
CDR-01488,9000000386.0,9000000192.0,Outgoing,2025-11-02 15:15:47,196,TOWER-TRY-001,CDR
CDR-01489,9000000066,9000000193.0,Incoming,2026-03-10 19:45:12,33,TOWER-SLM-001,CDR
CDR-01490,9000000244,9000000391,Incoming,2026-06-29 16:27:19,278,TOWER-CHN-001,CDR
CDR-01491,9000000271.0,9000000412.0,Missed,2025-11-30 03:20:17,0,TOWER-MDU-001,CDR
CDR-01492,9000000238,9000000244,Outgoing,2026-03-17 14:10:26,184,TOWER-CBE-001,CDR
CDR-01493,9000000350.0,9000000272.0,Outgoing,2025-12-19 09:43:39,801,TOWER-VLR-001,CDR
CDR-01494,9000000165.0,9000000193.0,Missed,2025-06-07 18:54:14,0,TOWER-SLM-001,CDR
CDR-01495,9000000379.0,9000000031,Missed,2026-01-19 19:57:43,0,TOWER-TRY-001,CDR
CDR-01496,9000000241.0,9000000430.0,Incoming,2025-06-17 10:27:09,624,TOWER-MDU-001,CDR
CDR-01497,9000000460.0,9000000003.0,Incoming,2025-04-24 08:34:19,428,TOWER-ERD-001,CDR
CDR-01498,9000000420.0,9000000398,Incoming,2025-12-17 06:48:53,642,TOWER-SLM-001,CDR
CDR-01499,9000000195.0,9000000138,Missed,2026-05-18 17:20:43,0,TOWER-VLR-001,CDR
CDR-01500,9000000323,9000000301.0,Outgoing,2025-09-09 01:44:30,146,TOWER-TRY-001,CDR
CDR-01501,9000000238.0,9000000016,Missed,2025-11-25 18:42:54,0,TOWER-MDU-001,CDR
CDR-01502,9000000222,9000000089,Missed,2025-02-15 15:13:21,0,TOWER-ERD-001,CDR
CDR-01503,9000000118,9000000028,Outgoing,2026-04-16 23:38:21,372,TOWER-ERD-001,CDR
CDR-01504,9000000242,9000000300,Missed,2026-04-27 07:15:36,0,TOWER-TRY-001,CDR
CDR-01505,9000000460,9000000055.0,Missed,2025-10-16 02:05:59,0,TOWER-CHN-001,CDR
CDR-01506,9000000287,9000000220.0,Missed,2025-05-20 07:44:26,0,TOWER-MDU-001,CDR
CDR-01507,9000000268.0,9000000425.0,Outgoing,2025-12-30 13:44:03,357,TOWER-CHN-001,CDR
CDR-01508,9000000244,9000000067.0,Missed,2026-02-16 23:48:58,0,TOWER-TRY-001,CDR
CDR-01509,9000000487.0,9000000094,Incoming,2025-02-04 07:14:32,330,TOWER-CHN-001,CDR
CDR-01510,9000000097.0,9000000475.0,Missed,2025-10-08 01:55:33,0,TOWER-TRY-001,CDR
CDR-01511,9000000483.0,9000000140,Missed,2025-07-24 20:48:15,0,TOWER-TUP-001,CDR
CDR-01512,9000000239.0,9000000198.0,Outgoing,2026-01-17 14:01:32,764,TOWER-CHN-001,CDR
CDR-01513,9000000065,9000000029.0,Incoming,2025-04-26 10:29:33,203,TOWER-ERD-001,CDR
CDR-01514,9000000194,9000000186.0,Incoming,2025-07-22 02:55:34,491,TOWER-CHN-001,CDR
CDR-01515,9000000168.0,9000000239.0,Incoming,2025-02-01 16:24:45,516,TOWER-VLR-001,CDR
CDR-01516,9000000200,9000000040,Outgoing,2026-01-18 21:58:21,478,TOWER-CBE-001,CDR
CDR-01517,9000000090,9000000137,Outgoing,2025-06-08 05:52:17,105,TOWER-MDU-001,CDR
CDR-01518,9000000011,9000000371,Missed,2026-01-31 03:33:33,0,TOWER-MDU-001,CDR
CDR-01519,9000000455.0,9000000017.0,Incoming,2025-01-04 04:54:32,607,TOWER-CHN-001,CDR
CDR-01520,9000000126,9000000193,Incoming,2026-01-22 21:27:28,796,TOWER-CBE-001,CDR
CDR-01521,9000000032.0,9000000399,Outgoing,2026-06-13 16:02:17,707,TOWER-CBE-001,CDR
CDR-01522,9000000419,9000000375.0,Missed,2025-03-24 09:17:11,0,TOWER-TUP-001,CDR
CDR-01523,9000000272,9000000119,Incoming,2026-07-04 16:36:29,481,TOWER-VLR-001,CDR
CDR-01524,9000000075.0,9000000401.0,Missed,2026-05-27 02:07:35,0,TOWER-ERD-001,CDR
CDR-01525,9000000131,9000000107.0,Missed,2026-04-29 09:43:18,0,TOWER-VLR-001,CDR
CDR-01526,9000000088.0,9000000381.0,Incoming,2025-02-07 19:30:10,226,TOWER-MDU-001,CDR
CDR-01527,9000000484.0,9000000207.0,Missed,2025-02-24 22:23:33,0,TOWER-TRY-001,CDR
CDR-01528,9000000201,9000000051.0,Outgoing,2025-07-06 11:25:04,192,TOWER-TRY-001,CDR
CDR-01529,9000000244,9000000492.0,Incoming,2025-10-29 18:13:08,176,TOWER-TRY-001,CDR
CDR-01530,9000000110,9000000272,Incoming,2026-01-17 06:00:56,315,TOWER-TRY-001,CDR
CDR-01531,9000000351.0,9000000022.0,Incoming,2026-06-01 22:11:51,377,TOWER-CBE-001,CDR
CDR-01532,9000000104.0,9000000171.0,Incoming,2025-12-12 23:38:54,511,TOWER-TRY-001,CDR
CDR-01533,9000000039.0,9000000409,Missed,2026-04-12 07:09:45,0,TOWER-TRY-001,CDR
CDR-01534,9000000143,9000000475,Outgoing,2025-05-25 17:55:28,638,TOWER-TRY-001,CDR
CDR-01535,9000000121,9000000274,Incoming,2025-09-23 10:35:08,535,TOWER-VLR-001,CDR
CDR-01536,9000000193.0,9000000388.0,Outgoing,2026-05-04 23:50:28,549,TOWER-CBE-001,CDR
CDR-01537,9000000420.0,9000000410.0,Outgoing,2026-01-06 23:19:16,91,TOWER-MDU-001,CDR
CDR-01538,9000000238,9000000059,Missed,2025-08-22 08:01:23,0,TOWER-SLM-001,CDR
CDR-01539,9000000474,9000000050.0,Outgoing,2025-02-07 01:43:10,592,TOWER-CBE-001,CDR
CDR-01540,9000000046.0,9000000308,Incoming,2025-11-27 00:57:43,532,TOWER-TRY-001,CDR
CDR-01541,9000000105.0,9000000202,Missed,2026-07-14 11:33:05,0,TOWER-MDU-001,CDR
CDR-01542,9000000453.0,9000000353.0,Missed,2025-03-05 12:17:42,0,TOWER-ERD-001,CDR
CDR-01543,9000000051,9000000391,Incoming,2025-05-22 12:36:20,815,TOWER-TRY-001,CDR
CDR-01544,9000000046.0,9000000473.0,Outgoing,2025-08-20 04:33:06,731,TOWER-TUP-001,CDR
CDR-01545,9000000182,9000000355.0,Missed,2025-12-16 11:38:12,0,TOWER-MDU-001,CDR
CDR-01546,9000000474.0,9000000365,Incoming,2025-03-02 18:08:10,199,TOWER-MDU-001,CDR
CDR-01547,9000000033.0,9000000414,Missed,2025-01-14 21:57:50,0,TOWER-ERD-001,CDR
CDR-01548,9000000055.0,9000000277.0,Incoming,2026-05-25 09:00:58,185,TOWER-VLR-001,CDR
CDR-01549,9000000218,9000000022,Missed,2026-08-02 01:45:59,0,TOWER-VLR-001,CDR
CDR-01550,9000000390.0,9000000443.0,Missed,2026-06-08 08:36:03,0,TOWER-TRY-001,CDR
CDR-01551,9000000460,9000000306.0,Incoming,2025-01-11 18:39:57,148,TOWER-SLM-001,CDR
CDR-01552,9000000362.0,9000000456,Missed,2025-05-27 04:41:44,0,TOWER-ERD-001,CDR
CDR-01553,9000000413,9000000318.0,Missed,2025-04-23 17:52:12,0,TOWER-SLM-001,CDR
CDR-01554,9000000239.0,9000000250.0,Incoming,2025-08-22 17:30:56,98,TOWER-VLR-001,CDR
CDR-01555,9000000090,9000000104,Outgoing,2025-04-01 10:56:59,32,TOWER-CHN-001,CDR
CDR-01556,9000000451.0,9000000232.0,Outgoing,2025-01-16 05:53:17,492,TOWER-VLR-001,CDR
CDR-01557,9000000017.0,9000000285.0,Incoming,2026-03-19 06:57:11,311,TOWER-TRY-001,CDR
CDR-01558,9000000404.0,9000000011.0,Incoming,2026-05-05 15:41:30,115,TOWER-TRY-001,CDR
CDR-01559,9000000160.0,9000000464.0,Missed,2026-03-26 11:01:40,0,TOWER-MDU-001,CDR
CDR-01560,9000000307,9000000072.0,Outgoing,2026-02-03 17:38:39,507,TOWER-VLR-001,CDR
CDR-01561,9000000376.0,9000000314.0,Missed,2025-01-15 18:33:07,0,TOWER-TRY-001,CDR
CDR-01562,9000000278.0,9000000280.0,Missed,2025-02-19 07:55:22,0,TOWER-MDU-001,CDR
CDR-01563,9000000467.0,9000000342,Incoming,2026-04-29 15:54:27,516,TOWER-TUP-001,CDR
CDR-01564,9000000217,9000000239.0,Incoming,2025-08-12 16:54:36,175,TOWER-SLM-001,CDR
CDR-01565,9000000269,9000000327,Outgoing,2026-01-30 07:01:11,247,TOWER-SLM-001,CDR
CDR-01566,9000000182,9000000489.0,Missed,2026-07-10 12:16:43,0,TOWER-VLR-001,CDR
CDR-01567,9000000328.0,9000000213.0,Missed,2026-07-07 13:10:51,0,TOWER-TRY-001,CDR
CDR-01568,9000000126,9000000393.0,Outgoing,2025-05-06 20:22:44,828,TOWER-SLM-001,CDR
CDR-01569,9000000483.0,9000000109.0,Missed,2026-01-11 01:43:03,0,TOWER-CHN-001,CDR
CDR-01570,9000000226.0,9000000127.0,Incoming,2026-01-18 07:00:25,630,TOWER-CBE-001,CDR
CDR-01571,9000000160.0,9000000347,Outgoing,2025-06-12 16:06:46,250,TOWER-ERD-001,CDR
CDR-01572,9000000303.0,9000000031.0,Outgoing,2026-06-10 18:50:59,375,TOWER-CHN-001,CDR
CDR-01573,9000000190.0,9000000425.0,Incoming,2025-02-19 10:48:45,836,TOWER-TUP-001,CDR
CDR-01574,9000000175.0,9000000051,Missed,2025-06-26 01:48:45,0,TOWER-CBE-001,CDR
CDR-01575,9000000308.0,9000000193.0,Outgoing,2025-09-22 08:06:11,274,TOWER-TUP-001,CDR
CDR-01576,9000000114,9000000111.0,Outgoing,2026-06-21 01:03:34,164,TOWER-CBE-001,CDR
CDR-01577,9000000055,9000000038.0,Outgoing,2025-03-28 03:54:02,871,TOWER-CBE-001,CDR
CDR-01578,9000000339.0,9000000308.0,Incoming,2025-03-23 21:00:18,529,TOWER-CHN-001,CDR
CDR-01579,9000000161,9000000258,Outgoing,2026-07-20 17:24:52,170,TOWER-MDU-001,CDR
CDR-01580,9000000281.0,9000000099.0,Outgoing,2025-03-19 02:58:43,760,TOWER-CHN-001,CDR
CDR-01581,9000000034,9000000385.0,Incoming,2025-06-06 19:30:30,135,TOWER-VLR-001,CDR
CDR-01582,9000000160.0,9000000445.0,Incoming,2026-01-03 21:43:28,864,TOWER-TUP-001,CDR
CDR-01583,9000000062.0,9000000471,Incoming,2025-07-26 14:53:26,97,TOWER-TUP-001,CDR
CDR-01584,9000000192.0,9000000443.0,Missed,2026-06-01 12:24:36,0,TOWER-SLM-001,CDR
CDR-01585,9000000313,9000000024,Outgoing,2025-06-27 05:37:15,816,TOWER-CHN-001,CDR
CDR-01586,9000000387.0,9000000069.0,Outgoing,2026-02-05 21:49:55,479,TOWER-TUP-001,CDR
CDR-01587,9000000027,9000000167.0,Incoming,2025-01-08 17:27:26,798,TOWER-CBE-001,CDR
CDR-01588,9000000386.0,9000000040.0,Outgoing,2025-05-08 15:14:02,421,TOWER-TRY-001,CDR
CDR-01589,9000000314.0,9000000422.0,Incoming,2026-05-14 05:47:18,686,TOWER-CHN-001,CDR
CDR-01590,9000000440.0,9000000305.0,Missed,2026-07-09 02:10:17,0,TOWER-MDU-001,CDR
CDR-01591,9000000461.0,9000000296.0,Missed,2026-06-29 07:40:47,0,TOWER-MDU-001,CDR
CDR-01592,9000000294,9000000327,Incoming,2025-08-06 07:29:27,856,TOWER-CHN-001,CDR
CDR-01593,9000000265,9000000340,Missed,2025-06-09 07:58:00,0,TOWER-VLR-001,CDR
CDR-01594,9000000023.0,9000000022,Incoming,2025-03-07 11:06:37,318,TOWER-ERD-001,CDR
CDR-01595,9000000344,9000000385.0,Outgoing,2026-07-13 08:54:16,752,TOWER-CHN-001,CDR
CDR-01596,9000000427.0,9000000110.0,Outgoing,2025-03-14 02:16:55,228,TOWER-MDU-001,CDR
CDR-01597,9000000317.0,9000000408.0,Missed,2025-05-05 07:07:33,0,TOWER-ERD-001,CDR
CDR-01598,9000000381,9000000294.0,Missed,2025-07-20 22:20:04,0,TOWER-SLM-001,CDR
CDR-01599,9000000273.0,9000000475,Missed,2025-03-27 18:47:10,0,TOWER-ERD-001,CDR
CDR-01600,9000000269.0,9000000326,Missed,2026-01-30 04:28:26,0,TOWER-TUP-001,CDR
CDR-01601,9000000137,9000000446.0,Missed,2025-04-07 21:30:17,0,TOWER-VLR-001,CDR
CDR-01602,9000000372.0,9000000037.0,Missed,2025-01-05 01:11:05,0,TOWER-VLR-001,CDR
CDR-01603,9000000489.0,9000000242.0,Missed,2026-03-28 17:41:40,0,TOWER-SLM-001,CDR
CDR-01604,9000000145.0,9000000480.0,Outgoing,2026-07-10 05:51:11,692,TOWER-CHN-001,CDR
CDR-01605,9000000210,9000000427.0,Missed,2025-07-12 08:13:11,0,TOWER-CBE-001,CDR
CDR-01606,9000000133.0,9000000425,Missed,2025-05-30 13:29:24,0,TOWER-TUP-001,CDR
CDR-01607,9000000355.0,9000000183,Incoming,2025-11-27 15:28:35,738,TOWER-TRY-001,CDR
CDR-01608,9000000423,9000000201,Incoming,2025-04-12 00:33:21,445,TOWER-VLR-001,CDR
CDR-01609,9000000021.0,9000000340,Incoming,2026-06-10 16:53:05,388,TOWER-TRY-001,CDR
CDR-01610,9000000299,9000000287,Missed,2025-11-03 15:16:43,0,TOWER-MDU-001,CDR
CDR-01611,9000000076.0,9000000354.0,Missed,2025-11-25 21:09:42,0,TOWER-VLR-001,CDR
CDR-01612,9000000388,9000000126,Incoming,2026-01-28 20:31:56,157,TOWER-CHN-001,CDR
CDR-01613,9000000431,9000000347.0,Incoming,2026-02-03 14:28:14,731,TOWER-CBE-001,CDR
CDR-01614,9000000238.0,9000000064.0,Outgoing,2025-05-02 19:42:13,43,TOWER-TUP-001,CDR
CDR-01615,9000000165.0,9000000132,Outgoing,2025-04-04 21:06:48,122,TOWER-TUP-001,CDR
CDR-01616,9000000384.0,9000000445,Incoming,2025-04-30 01:48:11,545,TOWER-CBE-001,CDR
CDR-01617,9000000248,9000000082.0,Outgoing,2025-08-17 08:12:30,320,TOWER-VLR-001,CDR
CDR-01618,9000000381,9000000120.0,Incoming,2026-04-03 23:23:33,812,TOWER-TRY-001,CDR
CDR-01619,9000000141.0,9000000082.0,Outgoing,2025-05-23 04:48:18,230,TOWER-VLR-001,CDR
CDR-01620,9000000414.0,9000000152.0,Missed,2025-09-28 19:17:14,0,TOWER-CBE-001,CDR
CDR-01621,9000000154.0,9000000467.0,Outgoing,2025-08-29 13:15:41,596,TOWER-VLR-001,CDR
CDR-01622,9000000332.0,9000000210,Outgoing,2026-07-14 06:23:49,864,TOWER-CHN-001,CDR
CDR-01623,9000000042.0,9000000201.0,Missed,2025-12-25 00:28:22,0,TOWER-VLR-001,CDR
CDR-01624,9000000217,9000000238,Missed,2025-09-10 14:28:15,0,TOWER-CBE-001,CDR
CDR-01625,9000000196.0,9000000369.0,Incoming,2025-09-21 07:22:42,414,TOWER-ERD-001,CDR
CDR-01626,9000000167.0,9000000108,Missed,2025-03-10 18:19:00,0,TOWER-CHN-001,CDR
CDR-01627,9000000037,9000000384.0,Missed,2026-07-04 10:52:13,0,TOWER-MDU-001,CDR
CDR-01628,9000000040,9000000137,Missed,2026-03-11 11:05:32,0,TOWER-CBE-001,CDR
CDR-01629,9000000236.0,9000000462.0,Missed,2025-02-11 01:38:59,0,TOWER-SLM-001,CDR
CDR-01630,9000000039.0,9000000172.0,Incoming,2026-05-27 06:45:05,133,TOWER-CHN-001,CDR
CDR-01631,9000000452.0,9000000482,Incoming,2026-07-03 01:40:02,261,TOWER-VLR-001,CDR
CDR-01632,9000000386.0,9000000176.0,Missed,2025-09-06 21:16:11,0,TOWER-TRY-001,CDR
CDR-01633,9000000482.0,9000000046.0,Outgoing,2025-01-19 01:39:30,892,TOWER-TUP-001,CDR
CDR-01634,9000000205,9000000011,Outgoing,2026-02-15 00:48:07,34,TOWER-TUP-001,CDR
CDR-01635,9000000252,9000000012,Incoming,2025-03-19 03:42:47,127,TOWER-CHN-001,CDR
CDR-01636,9000000322.0,9000000251,Incoming,2025-03-11 14:47:51,271,TOWER-CHN-001,CDR
CDR-01637,9000000319.0,9000000206,Missed,2025-05-12 09:56:59,0,TOWER-ERD-001,CDR
CDR-01638,9000000398.0,9000000405.0,Incoming,2025-02-15 10:33:08,740,TOWER-MDU-001,CDR
CDR-01639,9000000421.0,9000000274.0,Outgoing,2025-11-17 15:34:29,155,TOWER-TUP-001,CDR
CDR-01640,9000000098.0,9000000091.0,Incoming,2025-06-07 07:58:55,63,TOWER-SLM-001,CDR
CDR-01641,9000000228,9000000304.0,Incoming,2026-01-31 01:23:15,514,TOWER-TRY-001,CDR
CDR-01642,9000000357.0,9000000401.0,Incoming,2025-12-28 00:56:19,335,TOWER-TRY-001,CDR
CDR-01643,9000000321,9000000092.0,Incoming,2026-05-08 02:03:56,427,TOWER-SLM-001,CDR
CDR-01644,9000000452.0,9000000401.0,Missed,2026-04-01 07:03:03,0,TOWER-CBE-001,CDR
CDR-01645,9000000128.0,9000000036.0,Missed,2025-04-08 12:49:10,0,TOWER-MDU-001,CDR
CDR-01646,9000000130.0,9000000382.0,Outgoing,2026-05-09 20:09:08,95,TOWER-SLM-001,CDR
CDR-01647,9000000487.0,9000000375.0,Missed,2025-05-11 15:15:27,0,TOWER-SLM-001,CDR
CDR-01648,9000000344,9000000258.0,Missed,2025-12-17 21:04:52,0,TOWER-ERD-001,CDR
CDR-01649,9000000412,9000000202,Missed,2025-08-13 16:00:02,0,TOWER-CHN-001,CDR
CDR-01650,9000000345.0,9000000222.0,Outgoing,2026-04-10 09:03:45,289,TOWER-MDU-001,CDR
CDR-01651,9000000484,9000000209.0,Missed,2025-06-15 06:01:28,0,TOWER-MDU-001,CDR
CDR-01652,9000000046.0,9000000486.0,Missed,2026-02-19 20:08:45,0,TOWER-CBE-001,CDR
CDR-01653,9000000008.0,9000000244,Outgoing,2025-04-06 12:27:24,725,TOWER-CHN-001,CDR
CDR-01654,9000000065,9000000074.0,Outgoing,2026-04-20 03:31:31,225,TOWER-TUP-001,CDR
CDR-01655,9000000378.0,9000000007,Missed,2025-12-18 15:16:36,0,TOWER-MDU-001,CDR
CDR-01656,9000000085.0,9000000435,Outgoing,2025-12-24 03:16:51,225,TOWER-TUP-001,CDR
CDR-01657,9000000456,9000000453,Missed,2025-01-02 14:10:06,0,TOWER-VLR-001,CDR
CDR-01658,9000000259.0,9000000489,Missed,2025-05-15 18:56:45,0,TOWER-TRY-001,CDR
CDR-01659,9000000065,9000000338.0,Outgoing,2025-03-05 00:43:22,561,TOWER-CBE-001,CDR
CDR-01660,9000000250.0,9000000363.0,Missed,2025-12-12 18:41:47,0,TOWER-CBE-001,CDR
CDR-01661,9000000284.0,9000000301,Missed,2025-10-06 00:57:54,0,TOWER-TRY-001,CDR
CDR-01662,9000000169.0,9000000066.0,Incoming,2025-10-15 18:15:34,483,TOWER-SLM-001,CDR
CDR-01663,9000000232.0,9000000489,Incoming,2025-01-16 08:45:25,770,TOWER-MDU-001,CDR
CDR-01664,9000000436.0,9000000160,Incoming,2026-04-22 11:24:03,845,TOWER-MDU-001,CDR
CDR-01665,9000000333.0,9000000014,Outgoing,2025-01-29 13:55:40,381,TOWER-MDU-001,CDR
CDR-01666,9000000243,9000000413,Incoming,2026-05-11 21:18:41,210,TOWER-TRY-001,CDR
CDR-01667,9000000291,9000000108,Missed,2026-01-24 14:44:45,0,TOWER-VLR-001,CDR
CDR-01668,9000000134.0,9000000448,Incoming,2026-07-28 20:30:23,685,TOWER-CHN-001,CDR
CDR-01669,9000000228.0,9000000299,Incoming,2025-02-20 12:36:26,773,TOWER-CHN-001,CDR
CDR-01670,9000000326,9000000479,Incoming,2026-07-21 03:39:34,545,TOWER-MDU-001,CDR
CDR-01671,9000000160,9000000034.0,Missed,2026-06-11 09:53:09,0,TOWER-MDU-001,CDR
CDR-01672,9000000128,9000000075.0,Incoming,2026-05-13 20:28:39,447,TOWER-ERD-001,CDR
CDR-01673,9000000484.0,9000000243.0,Outgoing,2025-04-05 12:58:56,290,TOWER-VLR-001,CDR
CDR-01674,9000000464.0,9000000485.0,Missed,2025-02-03 18:14:24,0,TOWER-SLM-001,CDR
CDR-01675,9000000446.0,9000000108,Outgoing,2025-12-15 15:23:05,555,TOWER-TUP-001,CDR
CDR-01676,9000000242,9000000221.0,Incoming,2025-03-05 13:01:42,352,TOWER-ERD-001,CDR
CDR-01677,9000000058,9000000258.0,Incoming,2025-06-02 22:02:59,265,TOWER-CHN-001,CDR
CDR-01678,9000000131,9000000014.0,Incoming,2026-05-01 16:20:17,651,TOWER-CBE-001,CDR
CDR-01679,9000000381,9000000331,Outgoing,2025-01-19 15:49:51,837,TOWER-TUP-001,CDR
CDR-01680,9000000206.0,9000000010,Incoming,2025-07-05 03:20:15,494,TOWER-TUP-001,CDR
CDR-01681,9000000441,9000000011.0,Missed,2025-07-03 21:13:18,0,TOWER-CBE-001,CDR
CDR-01682,9000000234.0,9000000374.0,Incoming,2025-12-13 18:32:47,650,TOWER-CBE-001,CDR
CDR-01683,9000000323,9000000314.0,Incoming,2025-09-01 07:57:06,396,TOWER-CBE-001,CDR
CDR-01684,9000000059,9000000118.0,Outgoing,2025-08-23 03:49:41,66,TOWER-TRY-001,CDR
CDR-01685,9000000321,9000000339.0,Missed,2025-02-13 08:00:00,0,TOWER-ERD-001,CDR
CDR-01686,9000000029,9000000086,Outgoing,2026-04-25 11:20:34,108,TOWER-TRY-001,CDR
CDR-01687,9000000096.0,9000000419.0,Missed,2026-04-30 16:21:18,0,TOWER-ERD-001,CDR
CDR-01688,9000000075.0,9000000162,Outgoing,2025-11-29 12:28:09,824,TOWER-CBE-001,CDR
CDR-01689,9000000489.0,9000000399,Outgoing,2025-09-12 21:58:24,539,TOWER-SLM-001,CDR
CDR-01690,9000000215.0,9000000063.0,Incoming,2026-07-09 00:51:52,619,TOWER-CBE-001,CDR
CDR-01691,9000000019,9000000495.0,Missed,2025-04-08 20:28:03,0,TOWER-MDU-001,CDR
CDR-01692,9000000453.0,9000000355,Outgoing,2026-04-28 05:29:57,752,TOWER-VLR-001,CDR
CDR-01693,9000000113.0,9000000285.0,Incoming,2025-02-04 05:32:20,826,TOWER-ERD-001,CDR
CDR-01694,9000000059,9000000239,Missed,2025-12-05 12:47:52,0,TOWER-TUP-001,CDR
CDR-01695,9000000014.0,9000000100,Missed,2025-04-24 02:38:27,0,TOWER-CHN-001,CDR
CDR-01696,9000000269,9000000246.0,Missed,2025-09-24 08:07:30,0,TOWER-MDU-001,CDR
CDR-01697,9000000399.0,9000000066.0,Missed,2026-04-01 12:01:56,0,TOWER-CHN-001,CDR
CDR-01698,9000000155.0,9000000101.0,Missed,2026-03-11 12:54:08,0,TOWER-ERD-001,CDR
CDR-01699,9000000475,9000000327,Incoming,2026-05-13 12:48:24,215,TOWER-SLM-001,CDR
CDR-01700,9000000060,9000000474.0,Incoming,2026-01-05 12:09:28,693,TOWER-VLR-001,CDR
CDR-01701,9000000234.0,9000000349,Missed,2026-03-16 16:48:40,0,TOWER-TUP-001,CDR
CDR-01702,9000000480.0,9000000003.0,Outgoing,2025-03-23 10:30:23,176,TOWER-VLR-001,CDR
CDR-01703,9000000061.0,9000000464.0,Incoming,2026-05-12 03:28:51,13,TOWER-SLM-001,CDR
CDR-01704,9000000194,9000000365.0,Missed,2025-06-15 13:11:23,0,TOWER-SLM-001,CDR
CDR-01705,9000000318.0,9000000349,Missed,2025-10-19 23:30:14,0,TOWER-SLM-001,CDR
CDR-01706,9000000205.0,9000000300.0,Incoming,2025-01-08 16:24:07,381,TOWER-CBE-001,CDR
CDR-01707,9000000436.0,9000000027,Missed,2025-03-31 11:17:02,0,TOWER-CHN-001,CDR
CDR-01708,9000000420.0,9000000029.0,Incoming,2026-03-31 21:59:08,656,TOWER-TUP-001,CDR
CDR-01709,9000000107.0,9000000027,Incoming,2025-08-09 16:01:27,212,TOWER-CHN-001,CDR
CDR-01710,9000000479.0,9000000398,Missed,2025-05-16 08:53:56,0,TOWER-TUP-001,CDR
CDR-01711,9000000359,9000000085.0,Incoming,2025-01-17 16:38:25,210,TOWER-CHN-001,CDR
CDR-01712,9000000398,9000000062,Incoming,2026-06-11 04:37:39,861,TOWER-CHN-001,CDR
CDR-01713,9000000094.0,9000000291,Outgoing,2025-08-25 22:57:40,225,TOWER-VLR-001,CDR
CDR-01714,9000000095.0,9000000195.0,Outgoing,2025-05-14 02:22:41,686,TOWER-TRY-001,CDR
CDR-01715,9000000228.0,9000000165.0,Incoming,2025-05-28 07:10:00,143,TOWER-SLM-001,CDR
CDR-01716,9000000100.0,9000000188.0,Missed,2025-10-18 16:37:28,0,TOWER-TUP-001,CDR
CDR-01717,9000000419.0,9000000387.0,Missed,2025-07-09 22:44:08,0,TOWER-ERD-001,CDR
CDR-01718,9000000182,9000000460.0,Missed,2025-08-17 11:57:49,0,TOWER-CHN-001,CDR
CDR-01719,9000000133.0,9000000010,Incoming,2025-08-06 12:56:41,654,TOWER-CHN-001,CDR
CDR-01720,9000000043.0,9000000076.0,Outgoing,2026-07-19 21:49:39,224,TOWER-CBE-001,CDR
CDR-01721,9000000124.0,9000000228.0,Incoming,2025-10-29 11:00:13,530,TOWER-TUP-001,CDR
CDR-01722,9000000354.0,9000000307.0,Outgoing,2025-09-07 23:13:04,193,TOWER-TUP-001,CDR
CDR-01723,9000000272.0,9000000158.0,Missed,2026-01-20 07:35:30,0,TOWER-VLR-001,CDR
CDR-01724,9000000409,9000000465.0,Outgoing,2026-03-30 14:13:30,663,TOWER-ERD-001,CDR
CDR-01725,9000000140.0,9000000479.0,Incoming,2025-07-02 01:14:43,472,TOWER-TRY-001,CDR
CDR-01726,9000000226,9000000081.0,Outgoing,2026-03-20 19:06:57,396,TOWER-CHN-001,CDR
CDR-01727,9000000289.0,9000000353.0,Missed,2025-03-07 20:01:14,0,TOWER-CHN-001,CDR
CDR-01728,9000000386.0,9000000321.0,Outgoing,2025-10-01 01:49:55,541,TOWER-SLM-001,CDR
CDR-01729,9000000100,9000000220.0,Outgoing,2026-04-28 10:37:28,534,TOWER-TUP-001,CDR
CDR-01730,9000000121,9000000244.0,Outgoing,2025-11-14 15:25:56,452,TOWER-TUP-001,CDR
CDR-01731,9000000081,9000000067.0,Outgoing,2025-01-20 04:46:50,401,TOWER-CHN-001,CDR
CDR-01732,9000000281.0,9000000014,Outgoing,2025-02-28 22:39:47,670,TOWER-TUP-001,CDR
CDR-01733,9000000130,9000000029,Missed,2026-02-03 07:07:00,0,TOWER-CBE-001,CDR
CDR-01734,9000000459.0,9000000072,Incoming,2025-02-25 10:02:08,131,TOWER-TUP-001,CDR
CDR-01735,9000000162.0,9000000093.0,Incoming,2025-06-02 17:45:11,351,TOWER-TUP-001,CDR
CDR-01736,9000000206.0,9000000460,Missed,2026-06-15 22:05:47,0,TOWER-MDU-001,CDR
CDR-01737,9000000233.0,9000000042.0,Missed,2026-07-29 15:15:47,0,TOWER-MDU-001,CDR
CDR-01738,9000000066.0,9000000480.0,Outgoing,2025-09-27 05:41:43,852,TOWER-TRY-001,CDR
CDR-01739,9000000058.0,9000000084.0,Missed,2025-01-10 05:39:32,0,TOWER-VLR-001,CDR
CDR-01740,9000000171.0,9000000238,Outgoing,2025-06-26 06:12:46,243,TOWER-SLM-001,CDR
CDR-01741,9000000104,9000000014,Missed,2026-04-01 22:32:27,0,TOWER-VLR-001,CDR
CDR-01742,9000000036,9000000408.0,Incoming,2025-05-26 21:42:48,330,TOWER-TRY-001,CDR
CDR-01743,9000000467.0,9000000413,Outgoing,2026-03-10 18:12:11,470,TOWER-ERD-001,CDR
CDR-01744,9000000289.0,9000000144,Missed,2025-04-10 16:32:10,0,TOWER-MDU-001,CDR
CDR-01745,9000000489,9000000097.0,Missed,2025-10-03 11:23:13,0,TOWER-TUP-001,CDR
CDR-01746,9000000108.0,9000000461.0,Outgoing,2025-11-10 07:20:16,712,TOWER-MDU-001,CDR
CDR-01747,9000000398.0,9000000182,Incoming,2025-01-26 00:25:08,591,TOWER-CHN-001,CDR
CDR-01748,9000000272,9000000462,Missed,2026-05-05 05:03:20,0,TOWER-TRY-001,CDR
CDR-01749,9000000086,9000000325,Outgoing,2026-02-20 03:37:35,75,TOWER-TRY-001,CDR
CDR-01750,9000000491.0,9000000191.0,Incoming,2026-03-19 08:31:45,346,TOWER-VLR-001,CDR
CDR-01751,9000000273.0,9000000274,Incoming,2026-06-09 04:46:41,116,TOWER-CHN-001,CDR
CDR-01752,9000000331.0,9000000022.0,Outgoing,2025-05-26 00:11:35,37,TOWER-SLM-001,CDR
CDR-01753,9000000057,9000000090.0,Outgoing,2025-07-01 00:10:11,220,TOWER-MDU-001,CDR
CDR-01754,9000000260.0,9000000057,Outgoing,2025-10-14 08:10:34,68,TOWER-ERD-001,CDR
CDR-01755,9000000122.0,9000000368,Outgoing,2025-05-02 23:21:10,410,TOWER-CBE-001,CDR
CDR-01756,9000000327.0,9000000476.0,Outgoing,2026-08-01 05:11:06,499,TOWER-CBE-001,CDR
CDR-01757,9000000268,9000000367,Incoming,2025-08-29 14:17:32,220,TOWER-TRY-001,CDR
CDR-01758,9000000191.0,9000000172,Missed,2026-03-23 16:28:49,0,TOWER-MDU-001,CDR
CDR-01759,9000000182,9000000492,Missed,2026-07-11 17:35:57,0,TOWER-VLR-001,CDR
CDR-01760,9000000027.0,9000000477.0,Incoming,2025-12-13 05:02:20,156,TOWER-CBE-001,CDR
CDR-01761,9000000051.0,9000000128.0,Missed,2025-09-13 10:58:52,0,TOWER-VLR-001,CDR
CDR-01762,9000000218,9000000391,Missed,2025-01-31 08:35:35,0,TOWER-CBE-001,CDR
CDR-01763,9000000031,9000000444.0,Outgoing,2026-07-07 18:04:44,727,TOWER-MDU-001,CDR
CDR-01764,9000000439.0,9000000296,Outgoing,2025-05-20 11:34:42,265,TOWER-TRY-001,CDR
CDR-01765,9000000347.0,9000000162,Missed,2025-05-23 11:38:59,0,TOWER-CBE-001,CDR
CDR-01766,9000000422.0,9000000107.0,Incoming,2025-08-01 15:33:34,171,TOWER-MDU-001,CDR
CDR-01767,9000000010.0,9000000325.0,Outgoing,2026-03-06 09:23:03,431,TOWER-CBE-001,CDR
CDR-01768,9000000399.0,9000000193,Incoming,2025-09-11 05:19:31,526,TOWER-TRY-001,CDR
CDR-01769,9000000244.0,9000000198.0,Outgoing,2026-01-29 01:43:38,222,TOWER-ERD-001,CDR
CDR-01770,9000000391,9000000295.0,Incoming,2026-06-24 10:09:07,664,TOWER-VLR-001,CDR
CDR-01771,9000000086,9000000001.0,Missed,2025-11-07 04:16:16,0,TOWER-SLM-001,CDR
CDR-01772,9000000073.0,9000000442.0,Incoming,2025-03-31 01:50:26,266,TOWER-CHN-001,CDR
CDR-01773,9000000368,9000000202,Outgoing,2025-02-23 00:01:59,482,TOWER-CBE-001,CDR
CDR-01774,9000000346.0,9000000285.0,Missed,2025-12-06 23:45:37,0,TOWER-CHN-001,CDR
CDR-01775,9000000403.0,9000000383.0,Incoming,2025-01-15 00:46:37,184,TOWER-CBE-001,CDR
CDR-01776,9000000169.0,9000000029,Incoming,2026-07-30 21:33:51,557,TOWER-TRY-001,CDR
CDR-01777,9000000371,9000000098,Missed,2025-01-09 16:58:51,0,TOWER-MDU-001,CDR
CDR-01778,9000000272,9000000065.0,Outgoing,2025-06-18 07:04:00,192,TOWER-ERD-001,CDR
CDR-01779,9000000100.0,9000000103.0,Outgoing,2025-02-07 02:14:12,723,TOWER-CBE-001,CDR
CDR-01780,9000000421.0,9000000409.0,Outgoing,2026-04-10 15:21:21,63,TOWER-ERD-001,CDR
CDR-01781,9000000141.0,9000000210,Incoming,2025-10-18 23:53:00,265,TOWER-SLM-001,CDR
CDR-01782,9000000127.0,9000000086.0,Incoming,2025-01-22 16:55:01,441,TOWER-ERD-001,CDR
CDR-01783,9000000332.0,9000000160,Missed,2026-06-04 14:07:18,0,TOWER-CBE-001,CDR
CDR-01784,9000000161.0,9000000338,Missed,2025-05-11 09:33:49,0,TOWER-CHN-001,CDR
CDR-01785,9000000154.0,9000000160.0,Missed,2025-03-25 15:22:19,0,TOWER-TUP-001,CDR
CDR-01786,9000000484.0,9000000308.0,Missed,2025-05-28 05:25:19,0,TOWER-SLM-001,CDR
CDR-01787,9000000462.0,9000000055.0,Outgoing,2025-06-30 12:24:06,133,TOWER-SLM-001,CDR
CDR-01788,9000000033.0,9000000200,Outgoing,2025-01-12 15:31:08,187,TOWER-TRY-001,CDR
CDR-01789,9000000280.0,9000000189.0,Outgoing,2025-12-23 08:12:11,227,TOWER-SLM-001,CDR
CDR-01790,9000000321,9000000383.0,Missed,2026-04-30 14:30:50,0,TOWER-TUP-001,CDR
CDR-01791,9000000107.0,9000000010.0,Incoming,2025-08-23 05:00:20,430,TOWER-VLR-001,CDR
CDR-01792,9000000339.0,9000000476.0,Missed,2025-05-14 04:13:46,0,TOWER-MDU-001,CDR
CDR-01793,9000000089,9000000234.0,Outgoing,2026-06-25 20:15:33,656,TOWER-TRY-001,CDR
CDR-01794,9000000453,9000000118,Incoming,2026-06-19 02:15:39,660,TOWER-TUP-001,CDR
CDR-01795,9000000420,9000000119.0,Outgoing,2026-04-18 15:52:59,28,TOWER-VLR-001,CDR
CDR-01796,9000000252,9000000236,Missed,2026-07-31 04:24:49,0,TOWER-SLM-001,CDR
CDR-01797,9000000425.0,9000000182,Missed,2025-01-11 07:46:29,0,TOWER-SLM-001,CDR
CDR-01798,9000000492.0,9000000025.0,Outgoing,2026-07-28 03:42:02,252,TOWER-TRY-001,CDR
CDR-01799,9000000456.0,9000000053.0,Incoming,2025-10-18 21:37:35,150,TOWER-VLR-001,CDR
CDR-01800,9000000441.0,9000000477.0,Incoming,2025-06-08 18:01:07,394,TOWER-ERD-001,CDR
CDR-01801,9000000101.0,9000000457.0,Outgoing,2025-09-13 07:13:22,766,TOWER-CHN-001,CDR
CDR-01802,9000000108,9000000159.0,Missed,2025-01-31 18:20:12,0,TOWER-TRY-001,CDR
CDR-01803,9000000252.0,9000000150.0,Incoming,2026-07-24 05:44:43,877,TOWER-TUP-001,CDR
CDR-01804,9000000378.0,9000000285.0,Incoming,2025-02-12 00:00:43,562,TOWER-SLM-001,CDR
CDR-01805,9000000182.0,9000000086,Missed,2025-09-07 19:44:53,0,TOWER-CHN-001,CDR
CDR-01806,9000000281.0,9000000445.0,Incoming,2026-01-17 20:52:35,900,TOWER-CBE-001,CDR
CDR-01807,9000000236.0,9000000390,Missed,2025-04-20 22:20:52,0,TOWER-SLM-001,CDR
CDR-01808,9000000192,9000000086.0,Incoming,2026-03-03 07:15:05,616,TOWER-SLM-001,CDR
CDR-01809,9000000242.0,9000000099,Incoming,2026-07-18 02:46:35,446,TOWER-VLR-001,CDR
CDR-01810,9000000014.0,9000000198.0,Missed,2025-06-03 10:20:34,0,TOWER-SLM-001,CDR
CDR-01811,9000000429.0,9000000283,Missed,2025-07-13 09:07:35,0,TOWER-MDU-001,CDR
CDR-01812,9000000322.0,9000000278.0,Outgoing,2025-06-06 10:23:12,660,TOWER-MDU-001,CDR
CDR-01813,9000000318.0,9000000053.0,Outgoing,2025-10-21 09:09:51,417,TOWER-CHN-001,CDR
CDR-01814,9000000403.0,9000000065.0,Outgoing,2026-04-19 07:55:53,527,TOWER-TRY-001,CDR
CDR-01815,9000000044.0,9000000420,Incoming,2025-10-24 06:10:16,790,TOWER-TRY-001,CDR
CDR-01816,9000000473.0,9000000008.0,Missed,2026-02-22 06:05:26,0,TOWER-CHN-001,CDR
CDR-01817,9000000144.0,9000000296,Outgoing,2025-12-27 03:05:07,399,TOWER-MDU-001,CDR
CDR-01818,9000000075.0,9000000378,Outgoing,2026-04-16 17:07:53,585,TOWER-VLR-001,CDR
CDR-01819,9000000146.0,9000000011.0,Incoming,2025-12-31 11:36:43,742,TOWER-SLM-001,CDR
CDR-01820,9000000388.0,9000000291.0,Incoming,2026-01-24 21:43:15,23,TOWER-TUP-001,CDR
CDR-01821,9000000313.0,9000000022,Outgoing,2026-07-31 11:29:55,414,TOWER-TUP-001,CDR
CDR-01822,9000000162,9000000388,Outgoing,2026-04-02 22:52:29,666,TOWER-CBE-001,CDR
CDR-01823,9000000349.0,9000000162.0,Incoming,2026-03-16 07:42:30,404,TOWER-CHN-001,CDR
CDR-01824,9000000495.0,9000000239.0,Outgoing,2026-07-15 23:37:41,799,TOWER-TUP-001,CDR
CDR-01825,9000000177.0,9000000338.0,Missed,2026-06-19 18:22:21,0,TOWER-TUP-001,CDR
CDR-01826,9000000305.0,9000000008,Outgoing,2025-07-11 16:31:58,763,TOWER-SLM-001,CDR
CDR-01827,9000000435.0,9000000436,Outgoing,2026-07-03 19:12:48,656,TOWER-ERD-001,CDR
CDR-01828,9000000090,9000000007,Missed,2025-12-20 18:35:25,0,TOWER-CHN-001,CDR
CDR-01829,9000000353.0,9000000010,Missed,2026-03-26 05:04:20,0,TOWER-CHN-001,CDR
CDR-01830,9000000189.0,9000000277.0,Incoming,2026-07-07 17:21:42,669,TOWER-TRY-001,CDR
CDR-01831,9000000326.0,9000000304.0,Incoming,2025-05-27 15:55:13,540,TOWER-TRY-001,CDR
CDR-01832,9000000004.0,9000000050.0,Outgoing,2025-08-23 17:46:51,718,TOWER-TRY-001,CDR
CDR-01833,9000000304.0,9000000409.0,Missed,2025-11-16 16:56:51,0,TOWER-CBE-001,CDR
CDR-01834,9000000047.0,9000000037.0,Outgoing,2025-04-21 20:22:19,843,TOWER-MDU-001,CDR
CDR-01835,9000000413,9000000326.0,Missed,2025-08-28 07:24:24,0,TOWER-ERD-001,CDR
CDR-01836,9000000371,9000000313.0,Incoming,2025-02-24 05:56:23,109,TOWER-TRY-001,CDR
CDR-01837,9000000454.0,9000000126,Missed,2025-08-12 23:03:07,0,TOWER-TRY-001,CDR
CDR-01838,9000000134.0,9000000283,Outgoing,2026-07-01 20:23:27,200,TOWER-CHN-001,CDR
CDR-01839,9000000302.0,9000000186,Incoming,2025-03-27 14:59:23,524,TOWER-VLR-001,CDR
CDR-01840,9000000041.0,9000000238.0,Incoming,2025-02-15 19:30:19,215,TOWER-CHN-001,CDR
CDR-01841,9000000160,9000000326,Outgoing,2026-05-02 21:05:44,461,TOWER-CBE-001,CDR
CDR-01842,9000000005.0,9000000053.0,Outgoing,2025-10-21 09:22:13,97,TOWER-CBE-001,CDR
CDR-01843,9000000459.0,9000000256.0,Outgoing,2026-03-31 21:14:24,40,TOWER-SLM-001,CDR
CDR-01844,9000000435.0,9000000431,Missed,2025-03-20 07:13:07,0,TOWER-ERD-001,CDR
CDR-01845,9000000314.0,9000000379.0,Incoming,2026-03-29 09:34:12,691,TOWER-ERD-001,CDR
CDR-01846,9000000180.0,9000000377.0,Missed,2025-01-06 15:22:21,0,TOWER-TRY-001,CDR
CDR-01847,9000000022.0,9000000427.0,Outgoing,2026-01-03 13:40:47,507,TOWER-TUP-001,CDR
CDR-01848,9000000387.0,9000000288.0,Outgoing,2025-09-24 11:25:37,708,TOWER-TUP-001,CDR
CDR-01849,9000000095.0,9000000443.0,Missed,2025-11-06 12:02:39,0,TOWER-TRY-001,CDR
CDR-01850,9000000155.0,9000000056.0,Outgoing,2025-03-19 19:26:29,835,TOWER-ERD-001,CDR
CDR-01851,9000000444.0,9000000296.0,Missed,2025-04-18 20:35:40,0,TOWER-ERD-001,CDR
CDR-01852,9000000132,9000000152.0,Missed,2025-08-06 01:39:08,0,TOWER-SLM-001,CDR
CDR-01853,9000000399.0,9000000009.0,Missed,2026-06-17 23:24:48,0,TOWER-VLR-001,CDR
CDR-01854,9000000199,9000000069.0,Missed,2025-05-26 23:21:40,0,TOWER-ERD-001,CDR
CDR-01855,9000000435,9000000323.0,Missed,2025-10-07 18:43:09,0,TOWER-ERD-001,CDR
CDR-01856,9000000398.0,9000000225.0,Incoming,2026-01-12 08:24:30,631,TOWER-TRY-001,CDR
CDR-01857,9000000423,9000000490.0,Outgoing,2026-05-27 08:19:42,497,TOWER-CBE-001,CDR
CDR-01858,9000000008,9000000213.0,Missed,2025-06-01 12:29:52,0,TOWER-CHN-001,CDR
CDR-01859,9000000427.0,9000000384.0,Missed,2026-01-27 23:06:30,0,TOWER-ERD-001,CDR
CDR-01860,9000000059,9000000081,Incoming,2026-06-07 18:47:16,318,TOWER-VLR-001,CDR
CDR-01861,9000000371,9000000340,Incoming,2026-05-30 16:32:39,503,TOWER-SLM-001,CDR
CDR-01862,9000000456.0,9000000377.0,Incoming,2026-05-28 10:32:24,781,TOWER-CBE-001,CDR
CDR-01863,9000000033.0,9000000103,Missed,2025-01-23 16:44:00,0,TOWER-CHN-001,CDR
CDR-01864,9000000368,9000000016,Outgoing,2026-07-13 14:23:36,235,TOWER-MDU-001,CDR
CDR-01865,9000000039.0,9000000137,Missed,2025-04-16 10:40:59,0,TOWER-VLR-001,CDR
CDR-01866,9000000143,9000000118,Incoming,2026-04-12 13:28:33,599,TOWER-CBE-001,CDR
CDR-01867,9000000001.0,9000000210,Missed,2026-08-01 01:55:26,0,TOWER-TRY-001,CDR
CDR-01868,9000000308.0,9000000205,Incoming,2025-07-21 05:51:40,238,TOWER-CBE-001,CDR
CDR-01869,9000000420.0,9000000306.0,Incoming,2025-09-22 06:29:35,101,TOWER-SLM-001,CDR
CDR-01870,9000000142,9000000037.0,Outgoing,2025-09-01 09:40:58,140,TOWER-TRY-001,CDR
CDR-01871,9000000278.0,9000000412,Outgoing,2026-04-04 07:30:41,73,TOWER-SLM-001,CDR
CDR-01872,9000000298.0,9000000258.0,Outgoing,2025-10-11 12:32:15,799,TOWER-CHN-001,CDR
CDR-01873,9000000427.0,9000000132,Missed,2025-06-22 13:01:07,0,TOWER-CBE-001,CDR
CDR-01874,9000000055.0,9000000489,Missed,2025-12-24 18:15:28,0,TOWER-TUP-001,CDR
CDR-01875,9000000024.0,9000000441.0,Incoming,2026-06-13 03:45:47,521,TOWER-VLR-001,CDR
CDR-01876,9000000387,9000000240,Outgoing,2026-06-01 19:02:09,159,TOWER-ERD-001,CDR
CDR-01877,9000000419.0,9000000126.0,Outgoing,2026-06-19 20:26:03,524,TOWER-CBE-001,CDR
CDR-01878,9000000023,9000000028.0,Outgoing,2025-06-17 13:02:01,656,TOWER-VLR-001,CDR
CDR-01879,9000000245.0,9000000301,Incoming,2025-09-16 18:15:52,839,TOWER-CHN-001,CDR
CDR-01880,9000000276.0,9000000108.0,Missed,2026-07-26 10:55:07,0,TOWER-ERD-001,CDR
CDR-01881,9000000473,9000000072.0,Missed,2025-11-01 07:49:40,0,TOWER-MDU-001,CDR
CDR-01882,9000000071.0,9000000470,Missed,2025-11-01 16:43:59,0,TOWER-TUP-001,CDR
CDR-01883,9000000475,9000000342,Outgoing,2025-10-31 23:31:47,785,TOWER-TRY-001,CDR
CDR-01884,9000000146.0,9000000401,Missed,2025-08-08 20:14:44,0,TOWER-MDU-001,CDR
CDR-01885,9000000434.0,9000000346.0,Outgoing,2025-04-12 16:09:56,109,TOWER-TUP-001,CDR
CDR-01886,9000000371.0,9000000441,Missed,2025-08-25 04:21:01,0,TOWER-VLR-001,CDR
CDR-01887,9000000343.0,9000000359.0,Incoming,2026-06-25 13:33:04,462,TOWER-VLR-001,CDR
CDR-01888,9000000245.0,9000000024.0,Incoming,2025-06-01 23:16:29,233,TOWER-ERD-001,CDR
CDR-01889,9000000485.0,9000000129.0,Incoming,2025-04-25 15:33:54,704,TOWER-TRY-001,CDR
CDR-01890,9000000050.0,9000000371,Incoming,2025-10-04 04:33:48,108,TOWER-VLR-001,CDR
CDR-01891,9000000473,9000000390,Incoming,2026-05-20 22:42:05,537,TOWER-TUP-001,CDR
CDR-01892,9000000019,9000000414,Incoming,2026-07-16 05:18:57,652,TOWER-TRY-001,CDR
CDR-01893,9000000169,9000000063,Incoming,2025-11-05 01:59:41,256,TOWER-VLR-001,CDR
CDR-01894,9000000460,9000000115.0,Incoming,2025-10-19 13:26:04,678,TOWER-CBE-001,CDR
CDR-01895,9000000107,9000000252,Outgoing,2026-05-23 08:26:46,657,TOWER-VLR-001,CDR
CDR-01896,9000000104.0,9000000346,Incoming,2025-03-06 04:27:54,129,TOWER-CBE-001,CDR
CDR-01897,9000000338.0,9000000177.0,Incoming,2026-04-01 19:41:09,33,TOWER-VLR-001,CDR
CDR-01898,9000000023,9000000105.0,Missed,2025-05-21 15:53:06,0,TOWER-TRY-001,CDR
CDR-01899,9000000092.0,9000000414,Outgoing,2025-04-08 06:34:35,595,TOWER-CBE-001,CDR
CDR-01900,9000000398.0,9000000256.0,Missed,2026-02-22 11:55:57,0,TOWER-CHN-001,CDR
CDR-01901,9000000058.0,9000000309.0,Outgoing,2026-02-21 15:32:01,579,TOWER-VLR-001,CDR
CDR-01902,9000000256.0,9000000307.0,Missed,2026-02-23 15:20:55,0,TOWER-CBE-001,CDR
CDR-01903,9000000140.0,9000000161,Incoming,2026-04-11 08:04:55,892,TOWER-CHN-001,CDR
CDR-01904,9000000242,9000000036.0,Outgoing,2025-09-02 02:54:13,829,TOWER-CBE-001,CDR
CDR-01905,9000000470.0,9000000002.0,Missed,2025-06-10 04:24:14,0,TOWER-CHN-001,CDR
CDR-01906,9000000306.0,9000000308.0,Outgoing,2025-01-28 04:32:44,881,TOWER-CBE-001,CDR
CDR-01907,9000000025.0,9000000099.0,Outgoing,2026-02-27 20:51:27,382,TOWER-CHN-001,CDR
CDR-01908,9000000258.0,9000000345.0,Incoming,2025-02-05 20:36:05,317,TOWER-MDU-001,CDR
CDR-01909,9000000176.0,9000000232.0,Incoming,2026-01-16 22:31:00,600,TOWER-TUP-001,CDR
CDR-01910,9000000474,9000000261,Missed,2026-02-23 00:57:07,0,TOWER-SLM-001,CDR
CDR-01911,9000000274.0,9000000154.0,Incoming,2025-05-27 01:56:49,47,TOWER-CHN-001,CDR
CDR-01912,9000000480.0,9000000164.0,Incoming,2026-03-05 19:20:32,626,TOWER-SLM-001,CDR
CDR-01913,9000000367.0,9000000031.0,Outgoing,2026-07-21 07:29:28,141,TOWER-TRY-001,CDR
CDR-01914,9000000021,9000000202.0,Outgoing,2025-10-24 12:56:17,276,TOWER-CHN-001,CDR
CDR-01915,9000000205.0,9000000444.0,Incoming,2026-06-10 11:21:09,270,TOWER-TRY-001,CDR
CDR-01916,9000000120.0,9000000175,Incoming,2026-05-05 00:00:06,82,TOWER-MDU-001,CDR
CDR-01917,9000000236.0,9000000269.0,Missed,2026-05-26 13:17:47,0,TOWER-CHN-001,CDR
CDR-01918,9000000461.0,9000000272,Outgoing,2025-12-03 19:23:44,816,TOWER-TRY-001,CDR
CDR-01919,9000000399,9000000010,Incoming,2025-04-07 19:06:28,286,TOWER-CBE-001,CDR
CDR-01920,9000000346.0,9000000382.0,Incoming,2026-05-13 05:46:24,347,TOWER-CBE-001,CDR
CDR-01921,9000000368.0,9000000011.0,Outgoing,2025-06-25 08:34:24,159,TOWER-MDU-001,CDR
CDR-01922,9000000301.0,9000000183,Outgoing,2025-10-22 02:13:06,237,TOWER-CBE-001,CDR
CDR-01923,9000000137,9000000296,Missed,2026-07-20 17:00:25,0,TOWER-MDU-001,CDR
CDR-01924,9000000299,9000000388,Incoming,2025-09-28 23:58:16,551,TOWER-MDU-001,CDR
CDR-01925,9000000046,9000000069,Missed,2025-03-18 22:43:36,0,TOWER-ERD-001,CDR
CDR-01926,9000000134.0,9000000159.0,Outgoing,2025-09-26 02:29:20,195,TOWER-TRY-001,CDR
CDR-01927,9000000278,9000000212.0,Incoming,2025-01-08 09:02:44,275,TOWER-CHN-001,CDR
CDR-01928,9000000471.0,9000000120.0,Outgoing,2026-07-26 05:16:00,591,TOWER-MDU-001,CDR
CDR-01929,9000000143.0,9000000431.0,Missed,2025-07-13 11:46:38,0,TOWER-TRY-001,CDR
CDR-01930,9000000347.0,9000000186.0,Outgoing,2025-12-31 00:33:50,372,TOWER-MDU-001,CDR
CDR-01931,9000000027.0,9000000061,Missed,2026-07-13 01:11:31,0,TOWER-SLM-001,CDR
CDR-01932,9000000082.0,9000000306.0,Outgoing,2025-08-31 21:50:18,426,TOWER-CBE-001,CDR
CDR-01933,9000000053.0,9000000193,Missed,2025-07-06 10:36:32,0,TOWER-CBE-001,CDR
CDR-01934,9000000004.0,9000000129.0,Incoming,2026-08-01 10:09:24,96,TOWER-MDU-001,CDR
CDR-01935,9000000359,9000000243,Incoming,2026-06-10 20:48:39,444,TOWER-CHN-001,CDR
CDR-01936,9000000331,9000000081,Missed,2026-06-17 03:35:49,0,TOWER-CBE-001,CDR
CDR-01937,9000000058.0,9000000350.0,Missed,2025-05-28 17:17:12,0,TOWER-ERD-001,CDR
CDR-01938,9000000030.0,9000000404,Missed,2025-09-26 00:23:46,0,TOWER-SLM-001,CDR
CDR-01939,9000000401,9000000061.0,Missed,2025-12-15 11:28:48,0,TOWER-CHN-001,CDR
CDR-01940,9000000260.0,9000000108.0,Incoming,2025-10-13 02:19:31,86,TOWER-CHN-001,CDR
CDR-01941,9000000385,9000000284.0,Incoming,2026-01-20 20:56:09,442,TOWER-TRY-001,CDR
CDR-01942,9000000134.0,9000000375.0,Incoming,2026-06-12 10:39:18,356,TOWER-SLM-001,CDR
CDR-01943,9000000294.0,9000000161,Outgoing,2026-01-11 06:05:48,316,TOWER-MDU-001,CDR
CDR-01944,9000000187.0,9000000083.0,Incoming,2026-05-06 05:58:54,765,TOWER-TRY-001,CDR
CDR-01945,9000000325.0,9000000082.0,Missed,2026-02-05 10:09:26,0,TOWER-ERD-001,CDR
CDR-01946,9000000107,9000000072.0,Incoming,2025-01-05 13:49:05,374,TOWER-VLR-001,CDR
CDR-01947,9000000032.0,9000000372.0,Outgoing,2025-01-05 00:05:06,119,TOWER-TUP-001,CDR
CDR-01948,9000000113.0,9000000296.0,Outgoing,2025-03-20 17:04:23,19,TOWER-TRY-001,CDR
CDR-01949,9000000313.0,9000000302.0,Incoming,2026-02-04 11:35:36,551,TOWER-CHN-001,CDR
CDR-01950,9000000035.0,9000000137,Outgoing,2025-05-01 21:09:39,17,TOWER-MDU-001,CDR
CDR-01951,9000000058,9000000124.0,Outgoing,2025-08-21 11:04:33,393,TOWER-TUP-001,CDR
CDR-01952,9000000061,9000000246,Missed,2025-07-29 07:30:09,0,TOWER-CBE-001,CDR
CDR-01953,9000000374.0,9000000486.0,Incoming,2025-12-04 01:36:13,372,TOWER-ERD-001,CDR
CDR-01954,9000000031.0,9000000216.0,Incoming,2025-08-10 06:54:59,204,TOWER-ERD-001,CDR
CDR-01955,9000000453,9000000055.0,Outgoing,2025-09-15 06:16:02,771,TOWER-ERD-001,CDR
CDR-01956,9000000208,9000000216.0,Outgoing,2025-07-26 10:51:50,691,TOWER-CBE-001,CDR
CDR-01957,9000000355,9000000338.0,Missed,2026-01-20 22:02:58,0,TOWER-CHN-001,CDR
CDR-01958,9000000088.0,9000000205.0,Missed,2026-07-18 21:31:09,0,TOWER-TRY-001,CDR
CDR-01959,9000000328.0,9000000345,Incoming,2025-01-17 10:18:20,821,TOWER-CHN-001,CDR
CDR-01960,9000000044.0,9000000327,Missed,2025-01-11 14:26:05,0,TOWER-SLM-001,CDR
CDR-01961,9000000390,9000000378.0,Outgoing,2026-07-27 18:43:14,621,TOWER-ERD-001,CDR
CDR-01962,9000000414,9000000331,Outgoing,2026-01-13 10:22:39,298,TOWER-CBE-001,CDR
CDR-01963,9000000387.0,9000000010,Missed,2025-04-29 10:43:34,0,TOWER-CHN-001,CDR
CDR-01964,9000000495,9000000475.0,Incoming,2025-07-24 16:34:07,894,TOWER-SLM-001,CDR
CDR-01965,9000000387.0,9000000216.0,Outgoing,2025-03-22 01:16:07,733,TOWER-CHN-001,CDR
CDR-01966,9000000460.0,9000000367.0,Missed,2026-05-08 19:30:43,0,TOWER-CHN-001,CDR
CDR-01967,9000000413.0,9000000449.0,Incoming,2025-01-30 19:12:07,420,TOWER-MDU-001,CDR
CDR-01968,9000000160,9000000458.0,Outgoing,2026-04-24 19:47:04,28,TOWER-SLM-001,CDR
CDR-01969,9000000086.0,9000000404.0,Outgoing,2026-02-12 18:10:19,427,TOWER-MDU-001,CDR
CDR-01970,9000000448.0,9000000182.0,Outgoing,2026-01-08 04:50:48,446,TOWER-ERD-001,CDR
CDR-01971,9000000262.0,9000000050.0,Missed,2025-02-10 02:55:41,0,TOWER-MDU-001,CDR
CDR-01972,9000000345,9000000401.0,Outgoing,2025-09-30 15:34:16,297,TOWER-TRY-001,CDR
CDR-01973,9000000128.0,9000000126.0,Incoming,2025-02-01 18:13:43,196,TOWER-ERD-001,CDR
CDR-01974,9000000390,9000000435,Incoming,2026-01-02 15:48:07,302,TOWER-MDU-001,CDR
CDR-01975,9000000062,9000000430.0,Incoming,2026-01-17 14:14:28,268,TOWER-TUP-001,CDR
CDR-01976,9000000385.0,9000000273.0,Incoming,2026-06-04 14:05:09,109,TOWER-ERD-001,CDR
CDR-01977,9000000448,9000000241.0,Outgoing,2026-07-30 18:41:10,379,TOWER-TUP-001,CDR
CDR-01978,9000000482.0,9000000362,Missed,2025-10-16 14:58:56,0,TOWER-SLM-001,CDR
CDR-01979,9000000027.0,9000000276.0,Missed,2025-10-26 07:11:56,0,TOWER-CBE-001,CDR
CDR-01980,9000000033.0,9000000241.0,Missed,2026-07-31 18:49:59,0,TOWER-CBE-001,CDR
CDR-01981,9000000220.0,9000000304.0,Missed,2025-05-28 21:56:22,0,TOWER-SLM-001,CDR
CDR-01982,9000000340,9000000274.0,Incoming,2026-04-26 19:11:22,569,TOWER-TUP-001,CDR
CDR-01983,9000000032,9000000104,Incoming,2026-07-14 20:07:00,556,TOWER-CHN-001,CDR
CDR-01984,9000000107.0,9000000059,Incoming,2026-03-04 13:58:59,438,TOWER-MDU-001,CDR
CDR-01985,9000000128,9000000007.0,Outgoing,2026-05-05 05:31:40,469,TOWER-CBE-001,CDR
CDR-01986,9000000239.0,9000000119.0,Outgoing,2026-02-11 19:38:43,439,TOWER-ERD-001,CDR
CDR-01987,9000000005.0,9000000419.0,Outgoing,2025-04-11 03:30:30,723,TOWER-MDU-001,CDR
CDR-01988,9000000046.0,9000000013.0,Incoming,2026-06-23 21:25:53,823,TOWER-SLM-001,CDR
CDR-01989,9000000326.0,9000000235,Missed,2026-02-18 13:57:26,0,TOWER-CBE-001,CDR
CDR-01990,9000000004.0,9000000038.0,Missed,2025-10-26 09:04:58,0,TOWER-TRY-001,CDR
CDR-01991,9000000412.0,9000000302,Incoming,2025-01-03 19:07:08,198,TOWER-CHN-001,CDR
CDR-01992,9000000384.0,9000000226,Missed,2026-06-26 03:50:05,0,TOWER-ERD-001,CDR
CDR-01993,9000000308,9000000064.0,Missed,2026-07-04 17:29:28,0,TOWER-MDU-001,CDR
CDR-01994,9000000390.0,9000000161.0,Outgoing,2025-07-28 13:28:33,735,TOWER-CBE-001,CDR
CDR-01995,9000000122.0,9000000193.0,Incoming,2025-07-05 00:40:57,556,TOWER-MDU-001,CDR
CDR-01996,9000000470.0,9000000090,Outgoing,2025-07-30 01:16:15,146,TOWER-ERD-001,CDR
CDR-01997,9000000235.0,9000000276.0,Missed,2025-04-01 05:50:32,0,TOWER-ERD-001,CDR
CDR-01998,9000000007.0,9000000399.0,Outgoing,2026-07-02 22:45:34,95,TOWER-MDU-001,CDR
CDR-01999,9000000453,9000000349.0,Missed,2025-08-18 01:14:51,0,TOWER-TUP-001,CDR
CDR-02000,9000000155.0,9000000301.0,Outgoing,2026-07-22 09:04:19,234,TOWER-MDU-001,CDR
CDR-02001,9000000283,9000000366.0,Incoming,2026-05-26 13:17:16,560,TOWER-CBE-001,CDR
CDR-02002,9000000252,9000000012,Missed,2026-05-08 16:18:44,0,TOWER-SLM-001,CDR
CDR-02003,9000000281.0,9000000161.0,Outgoing,2025-06-08 09:19:07,285,TOWER-TRY-001,CDR
CDR-02004,9000000044.0,9000000340,Incoming,2026-07-19 02:57:16,757,TOWER-TRY-001,CDR
CDR-02005,9000000399.0,9000000090,Outgoing,2026-01-21 05:23:11,105,TOWER-CHN-001,CDR
CDR-02006,9000000138.0,9000000070.0,Incoming,2026-03-19 11:11:40,203,TOWER-VLR-001,CDR
CDR-02007,9000000011,9000000469.0,Incoming,2025-05-07 13:01:25,327,TOWER-CHN-001,CDR
CDR-02008,9000000419,9000000491.0,Incoming,2025-02-25 23:05:05,156,TOWER-TRY-001,CDR
CDR-02009,9000000085.0,9000000355.0,Missed,2025-11-09 15:13:26,0,TOWER-CBE-001,CDR
CDR-02010,9000000467,9000000089.0,Missed,2025-01-10 03:45:14,0,TOWER-CBE-001,CDR
CDR-02011,9000000210,9000000162,Incoming,2025-01-11 12:37:43,122,TOWER-ERD-001,CDR
CDR-02012,9000000249,9000000235.0,Incoming,2025-04-21 18:55:13,284,TOWER-ERD-001,CDR
CDR-02013,9000000489,9000000033.0,Missed,2026-07-26 18:29:09,0,TOWER-TUP-001,CDR
CDR-02014,9000000323,9000000492,Incoming,2026-03-14 04:18:26,501,TOWER-VLR-001,CDR
CDR-02015,9000000343.0,9000000319.0,Outgoing,2025-05-01 00:20:13,500,TOWER-SLM-001,CDR
CDR-02016,9000000181.0,9000000337.0,Missed,2025-07-27 17:45:11,0,TOWER-CBE-001,CDR
CDR-02017,9000000492.0,9000000154.0,Incoming,2025-08-19 11:36:23,567,TOWER-CBE-001,CDR
CDR-02018,9000000236,9000000160.0,Incoming,2025-06-24 05:29:33,11,TOWER-ERD-001,CDR
CDR-02019,9000000114.0,9000000050.0,Outgoing,2025-10-02 10:10:26,160,TOWER-MDU-001,CDR
CDR-02020,9000000058,9000000162,Missed,2026-07-10 05:47:31,0,TOWER-CBE-001,CDR
CDR-02021,9000000313.0,9000000268.0,Incoming,2025-03-21 00:30:04,239,TOWER-MDU-001,CDR
CDR-02022,9000000200,9000000193,Missed,2025-09-17 05:04:51,0,TOWER-CBE-001,CDR
CDR-02023,9000000443.0,9000000386.0,Incoming,2025-04-28 08:45:48,629,TOWER-CHN-001,CDR
CDR-02024,9000000061,9000000213,Outgoing,2025-05-21 20:53:51,624,TOWER-TRY-001,CDR
CDR-02025,9000000183.0,9000000032,Missed,2025-08-11 22:10:16,0,TOWER-TUP-001,CDR
CDR-02026,9000000218.0,9000000069,Outgoing,2025-10-14 16:45:20,687,TOWER-MDU-001,CDR
CDR-02027,9000000193,9000000414.0,Incoming,2026-05-25 10:00:25,806,TOWER-CHN-001,CDR
CDR-02028,9000000126.0,9000000090,Outgoing,2026-07-15 06:49:00,467,TOWER-VLR-001,CDR
CDR-02029,9000000010.0,9000000136.0,Missed,2025-11-29 00:18:15,0,TOWER-MDU-001,CDR
CDR-02030,9000000024.0,9000000143,Outgoing,2025-05-22 06:20:45,140,TOWER-TRY-001,CDR
CDR-02031,9000000284.0,9000000320.0,Outgoing,2026-01-09 19:52:07,444,TOWER-TRY-001,CDR
CDR-02032,9000000132,9000000011.0,Incoming,2026-05-23 22:35:24,831,TOWER-SLM-001,CDR
CDR-02033,9000000016,9000000003.0,Missed,2026-01-22 02:39:30,0,TOWER-VLR-001,CDR
CDR-02034,9000000100.0,9000000476.0,Incoming,2025-03-06 22:44:50,403,TOWER-TRY-001,CDR
CDR-02035,9000000467,9000000359.0,Missed,2025-06-20 08:40:54,0,TOWER-CBE-001,CDR
CDR-02036,9000000028,9000000485.0,Incoming,2025-01-14 07:47:09,218,TOWER-TUP-001,CDR
CDR-02037,9000000102.0,9000000104,Incoming,2025-02-16 06:36:10,122,TOWER-TUP-001,CDR
CDR-02038,9000000443.0,9000000144,Outgoing,2025-04-22 22:58:07,481,TOWER-TRY-001,CDR
CDR-02039,9000000285.0,9000000276.0,Incoming,2025-04-18 00:48:09,67,TOWER-CBE-001,CDR
CDR-02040,9000000120.0,9000000210,Missed,2025-01-21 11:08:29,0,TOWER-TRY-001,CDR
CDR-02041,9000000248,9000000441,Missed,2025-03-24 08:09:59,0,TOWER-CBE-001,CDR
CDR-02042,9000000278,9000000483,Incoming,2025-04-25 02:09:57,40,TOWER-TUP-001,CDR
CDR-02043,9000000176,9000000240.0,Incoming,2025-01-10 16:36:04,88,TOWER-TRY-001,CDR
CDR-02044,9000000183.0,9000000246,Outgoing,2025-04-19 19:53:03,771,TOWER-MDU-001,CDR
CDR-02045,9000000124.0,9000000447,Missed,2025-09-20 00:25:02,0,TOWER-VLR-001,CDR
CDR-02046,9000000314,9000000062.0,Incoming,2025-02-16 14:29:45,169,TOWER-ERD-001,CDR
CDR-02047,9000000226.0,9000000425.0,Incoming,2025-11-04 21:15:28,21,TOWER-TRY-001,CDR
CDR-02048,9000000355.0,9000000359,Missed,2025-07-20 10:28:54,0,TOWER-MDU-001,CDR
CDR-02049,9000000114.0,9000000258.0,Incoming,2025-03-13 09:49:15,288,TOWER-TRY-001,CDR
CDR-02050,9000000192,9000000377.0,Outgoing,2025-02-13 11:51:23,643,TOWER-SLM-001,CDR
CDR-02051,9000000221.0,9000000300.0,Missed,2026-03-11 10:00:04,0,TOWER-CBE-001,CDR
CDR-02052,9000000410.0,9000000278,Outgoing,2026-05-14 13:42:44,678,TOWER-TRY-001,CDR
CDR-02053,9000000484,9000000198.0,Incoming,2025-10-16 12:51:15,832,TOWER-TRY-001,CDR
CDR-02054,9000000434.0,9000000131.0,Incoming,2025-03-02 10:27:25,116,TOWER-TUP-001,CDR
CDR-02055,9000000022.0,9000000231.0,Incoming,2025-08-08 04:43:06,255,TOWER-CHN-001,CDR
CDR-02056,9000000462.0,9000000340.0,Incoming,2026-04-09 18:57:04,226,TOWER-ERD-001,CDR
CDR-02057,9000000246.0,9000000491.0,Missed,2025-06-06 16:26:37,0,TOWER-ERD-001,CDR
CDR-02058,9000000217.0,9000000401.0,Incoming,2026-03-15 16:34:32,593,TOWER-ERD-001,CDR
CDR-02059,9000000101,9000000092.0,Incoming,2025-09-02 08:12:06,59,TOWER-CBE-001,CDR
CDR-02060,9000000246.0,9000000066.0,Outgoing,2025-08-08 08:21:29,779,TOWER-TRY-001,CDR
CDR-02061,9000000303,9000000434.0,Outgoing,2025-10-31 10:04:54,779,TOWER-TUP-001,CDR
CDR-02062,9000000327.0,9000000180.0,Outgoing,2026-07-30 21:39:17,427,TOWER-CBE-001,CDR
CDR-02063,9000000172.0,9000000183.0,Incoming,2025-10-24 19:04:44,611,TOWER-VLR-001,CDR
CDR-02064,9000000304.0,9000000442.0,Outgoing,2025-04-28 16:52:10,175,TOWER-VLR-001,CDR
CDR-02065,9000000240.0,9000000274,Missed,2025-06-29 20:46:44,0,TOWER-SLM-001,CDR
CDR-02066,9000000176,9000000208,Missed,2026-02-06 00:32:39,0,TOWER-TUP-001,CDR
CDR-02067,9000000012.0,9000000328.0,Outgoing,2025-10-07 20:47:01,307,TOWER-TRY-001,CDR
CDR-02068,9000000470.0,9000000369.0,Incoming,2026-04-20 02:26:33,223,TOWER-CBE-001,CDR
CDR-02069,9000000451.0,9000000041.0,Missed,2026-01-22 10:29:51,0,TOWER-CBE-001,CDR
CDR-02070,9000000344.0,9000000120.0,Outgoing,2025-03-09 16:55:24,570,TOWER-VLR-001,CDR
CDR-02071,9000000105.0,9000000355.0,Outgoing,2025-08-18 14:32:09,183,TOWER-CHN-001,CDR
CDR-02072,9000000119.0,9000000074.0,Missed,2025-10-10 04:55:47,0,TOWER-TUP-001,CDR
CDR-02073,9000000244,9000000078.0,Incoming,2025-12-24 20:50:15,737,TOWER-MDU-001,CDR
CDR-02074,9000000342,9000000366.0,Outgoing,2025-04-20 02:07:34,675,TOWER-CBE-001,CDR
CDR-02075,9000000381.0,9000000072.0,Incoming,2025-08-11 15:04:42,382,TOWER-TRY-001,CDR
CDR-02076,9000000349.0,9000000327.0,Outgoing,2026-02-03 01:18:20,385,TOWER-TUP-001,CDR
CDR-02077,9000000375.0,9000000473.0,Missed,2025-11-17 22:29:55,0,TOWER-VLR-001,CDR
CDR-02078,9000000140,9000000061.0,Missed,2026-05-16 02:32:48,0,TOWER-ERD-001,CDR
CDR-02079,9000000169,9000000040,Incoming,2025-03-23 18:53:49,168,TOWER-MDU-001,CDR
CDR-02080,9000000091.0,9000000172,Missed,2025-11-07 03:07:35,0,TOWER-CBE-001,CDR
CDR-02081,9000000288,9000000298.0,Outgoing,2025-03-14 15:01:28,695,TOWER-TUP-001,CDR
CDR-02082,9000000365.0,9000000410.0,Missed,2026-02-20 15:16:50,0,TOWER-VLR-001,CDR
CDR-02083,9000000047.0,9000000323,Incoming,2025-03-26 03:45:33,759,TOWER-TRY-001,CDR
CDR-02084,9000000334.0,9000000127.0,Outgoing,2025-02-20 01:50:11,346,TOWER-TUP-001,CDR
CDR-02085,9000000378.0,9000000045.0,Incoming,2026-07-30 18:32:58,729,TOWER-VLR-001,CDR
CDR-02086,9000000357.0,9000000383.0,Outgoing,2026-02-28 09:03:01,49,TOWER-CHN-001,CDR
CDR-02087,9000000124.0,9000000458.0,Missed,2025-06-15 19:22:18,0,TOWER-TUP-001,CDR
CDR-02088,9000000130.0,9000000331.0,Missed,2025-10-23 09:01:22,0,TOWER-ERD-001,CDR
CDR-02089,9000000485.0,9000000175.0,Outgoing,2025-02-12 00:04:40,228,TOWER-SLM-001,CDR
CDR-02090,9000000034.0,9000000258.0,Outgoing,2026-05-09 18:04:12,268,TOWER-CHN-001,CDR
CDR-02091,9000000473.0,9000000487.0,Incoming,2025-11-11 15:01:25,290,TOWER-CBE-001,CDR
CDR-02092,9000000372.0,9000000009.0,Outgoing,2025-06-16 07:12:16,547,TOWER-MDU-001,CDR
CDR-02093,9000000300.0,9000000441,Incoming,2025-09-23 15:41:56,448,TOWER-MDU-001,CDR
CDR-02094,9000000198.0,9000000216.0,Outgoing,2026-01-10 02:08:43,439,TOWER-VLR-001,CDR
CDR-02095,9000000175,9000000208,Missed,2025-12-06 06:14:37,0,TOWER-TUP-001,CDR
CDR-02096,9000000066,9000000268,Incoming,2026-04-09 19:17:04,584,TOWER-SLM-001,CDR
CDR-02097,9000000098,9000000330.0,Missed,2025-04-23 07:51:38,0,TOWER-TUP-001,CDR
CDR-02098,9000000067.0,9000000350.0,Incoming,2025-04-25 13:20:57,479,TOWER-VLR-001,CDR
CDR-02099,9000000067.0,9000000051,Missed,2025-11-12 15:35:45,0,TOWER-MDU-001,CDR
CDR-02100,9000000317.0,9000000297.0,Outgoing,2025-04-08 15:32:18,862,TOWER-VLR-001,CDR
CDR-02101,9000000330.0,9000000180.0,Incoming,2025-05-26 18:10:44,233,TOWER-TRY-001,CDR
CDR-02102,9000000093.0,9000000005.0,Missed,2025-10-21 06:09:52,0,TOWER-SLM-001,CDR
CDR-02103,9000000490.0,9000000413,Incoming,2026-03-25 01:00:37,705,TOWER-ERD-001,CDR
CDR-02104,9000000431.0,9000000034,Incoming,2025-08-27 10:15:00,319,TOWER-CBE-001,CDR
CDR-02105,9000000097.0,9000000064.0,Outgoing,2025-10-01 04:42:12,430,TOWER-TUP-001,CDR
CDR-02106,9000000444,9000000121,Missed,2025-09-18 20:15:42,0,TOWER-CBE-001,CDR
CDR-02107,9000000283,9000000067,Outgoing,2025-05-18 09:33:53,392,TOWER-CHN-001,CDR
CDR-02108,9000000444,9000000239.0,Outgoing,2026-05-28 07:56:22,301,TOWER-TRY-001,CDR
CDR-02109,9000000378,9000000274.0,Incoming,2025-03-22 15:11:48,835,TOWER-CBE-001,CDR
CDR-02110,9000000456,9000000447,Incoming,2026-04-30 12:57:13,518,TOWER-CBE-001,CDR
CDR-02111,9000000225.0,9000000425.0,Missed,2025-01-26 08:22:13,0,TOWER-MDU-001,CDR
CDR-02112,9000000264.0,9000000377.0,Incoming,2025-12-20 02:54:54,805,TOWER-TRY-001,CDR
CDR-02113,9000000357.0,9000000232,Outgoing,2025-09-30 07:54:45,137,TOWER-VLR-001,CDR
CDR-02114,9000000267.0,9000000054.0,Incoming,2025-06-23 22:28:50,393,TOWER-MDU-001,CDR
CDR-02115,9000000409,9000000247.0,Outgoing,2025-11-19 02:52:34,868,TOWER-SLM-001,CDR
CDR-02116,9000000259.0,9000000192.0,Incoming,2025-01-21 09:16:34,25,TOWER-CHN-001,CDR
CDR-02117,9000000289.0,9000000307.0,Missed,2026-04-11 23:47:52,0,TOWER-TUP-001,CDR
CDR-02118,9000000231.0,9000000134.0,Missed,2025-12-01 00:08:52,0,TOWER-SLM-001,CDR
CDR-02119,9000000065,9000000439.0,Incoming,2026-05-16 13:07:37,641,TOWER-TRY-001,CDR
CDR-02120,9000000404.0,9000000359.0,Outgoing,2026-05-10 04:59:51,141,TOWER-TRY-001,CDR
CDR-02121,9000000226.0,9000000102,Outgoing,2025-05-04 01:36:13,539,TOWER-TRY-001,CDR
CDR-02122,9000000448.0,9000000274.0,Missed,2025-04-09 02:58:01,0,TOWER-CBE-001,CDR
CDR-02123,9000000278.0,9000000221.0,Missed,2025-07-22 03:02:27,0,TOWER-CHN-001,CDR
CDR-02124,9000000484.0,9000000156.0,Incoming,2025-01-20 21:58:06,105,TOWER-TRY-001,CDR
CDR-02125,9000000346,9000000019,Incoming,2026-04-26 02:12:44,38,TOWER-CBE-001,CDR
CDR-02126,9000000384.0,9000000252,Incoming,2026-07-25 05:54:18,770,TOWER-CHN-001,CDR
CDR-02127,9000000075.0,9000000436.0,Incoming,2026-05-22 19:54:18,255,TOWER-SLM-001,CDR
CDR-02128,9000000006,9000000495.0,Missed,2025-07-10 11:52:25,0,TOWER-TRY-001,CDR
CDR-02129,9000000094,9000000404.0,Outgoing,2025-04-22 16:03:29,94,TOWER-ERD-001,CDR
CDR-02130,9000000084.0,9000000063.0,Incoming,2026-04-08 20:16:39,480,TOWER-CBE-001,CDR
CDR-02131,9000000340.0,9000000487.0,Outgoing,2025-05-21 07:08:39,278,TOWER-CBE-001,CDR
CDR-02132,9000000098,9000000235,Outgoing,2025-06-11 12:53:15,868,TOWER-TRY-001,CDR
CDR-02133,9000000062,9000000261.0,Incoming,2025-02-27 03:33:19,433,TOWER-VLR-001,CDR
CDR-02134,9000000193,9000000276.0,Missed,2025-11-23 03:38:09,0,TOWER-TRY-001,CDR
CDR-02135,9000000294,9000000244.0,Incoming,2025-08-21 01:11:47,194,TOWER-ERD-001,CDR
CDR-02136,9000000463.0,9000000041.0,Missed,2026-04-17 04:51:58,0,TOWER-ERD-001,CDR
CDR-02137,9000000161,9000000001.0,Outgoing,2026-04-22 21:52:57,505,TOWER-ERD-001,CDR
CDR-02138,9000000172,9000000127,Missed,2025-07-17 16:14:34,0,TOWER-CBE-001,CDR
CDR-02139,9000000236.0,9000000027,Missed,2025-01-18 21:27:45,0,TOWER-CHN-001,CDR
CDR-02140,9000000103.0,9000000452,Incoming,2025-01-23 21:52:31,232,TOWER-TUP-001,CDR
CDR-02141,9000000042.0,9000000161.0,Incoming,2026-06-22 04:23:25,755,TOWER-CHN-001,CDR
CDR-02142,9000000409,9000000023,Outgoing,2025-03-13 10:26:31,214,TOWER-TUP-001,CDR
CDR-02143,9000000046,9000000029,Outgoing,2026-01-21 02:24:49,773,TOWER-TRY-001,CDR
CDR-02144,9000000171.0,9000000205.0,Incoming,2025-05-15 08:11:56,266,TOWER-SLM-001,CDR
CDR-02145,9000000475.0,9000000422.0,Incoming,2026-04-02 09:15:51,607,TOWER-MDU-001,CDR
CDR-02146,9000000004.0,9000000258,Missed,2026-01-14 21:50:37,0,TOWER-TRY-001,CDR
CDR-02147,9000000340,9000000258.0,Missed,2025-07-31 00:22:08,0,TOWER-TUP-001,CDR
CDR-02148,9000000215.0,9000000016,Outgoing,2026-03-17 12:17:37,214,TOWER-TUP-001,CDR
CDR-02149,9000000375.0,9000000256.0,Outgoing,2025-01-27 05:19:55,181,TOWER-MDU-001,CDR
CDR-02150,9000000304.0,9000000196.0,Outgoing,2026-05-17 01:29:51,628,TOWER-TUP-001,CDR
CDR-02151,9000000326.0,9000000027,Incoming,2025-09-08 15:12:46,194,TOWER-TRY-001,CDR
CDR-02152,9000000113.0,9000000436.0,Incoming,2025-06-17 03:19:24,84,TOWER-TUP-001,CDR
CDR-02153,9000000248,9000000024.0,Outgoing,2025-01-08 11:34:19,135,TOWER-TUP-001,CDR
CDR-02154,9000000346,9000000032.0,Incoming,2026-03-17 18:23:36,486,TOWER-TUP-001,CDR
CDR-02155,9000000096.0,9000000308.0,Incoming,2025-08-09 06:57:10,404,TOWER-SLM-001,CDR
CDR-02156,9000000467,9000000325.0,Incoming,2025-08-04 23:11:56,584,TOWER-CBE-001,CDR
CDR-02157,9000000028.0,9000000355,Missed,2025-12-05 00:49:11,0,TOWER-TUP-001,CDR
CDR-02158,9000000126.0,9000000302.0,Incoming,2026-01-19 15:36:07,60,TOWER-VLR-001,CDR
CDR-02159,9000000114,9000000482,Outgoing,2025-04-07 09:15:18,132,TOWER-VLR-001,CDR
CDR-02160,9000000122.0,9000000240,Outgoing,2025-10-25 08:58:53,615,TOWER-SLM-001,CDR
CDR-02161,9000000278.0,9000000492.0,Outgoing,2026-05-15 22:48:54,28,TOWER-ERD-001,CDR
CDR-02162,9000000036,9000000110,Incoming,2025-11-09 20:56:14,871,TOWER-ERD-001,CDR
CDR-02163,9000000176.0,9000000401,Incoming,2026-05-16 19:29:22,355,TOWER-ERD-001,CDR
CDR-02164,9000000057,9000000124.0,Incoming,2025-11-19 09:37:51,859,TOWER-MDU-001,CDR
CDR-02165,9000000482,9000000067.0,Outgoing,2025-03-03 22:58:06,419,TOWER-TUP-001,CDR
CDR-02166,9000000347,9000000446.0,Outgoing,2026-06-25 22:53:53,315,TOWER-VLR-001,CDR
CDR-02167,9000000347,9000000125.0,Outgoing,2025-03-21 19:16:47,642,TOWER-ERD-001,CDR
CDR-02168,9000000193.0,9000000446.0,Incoming,2025-03-23 15:52:16,152,TOWER-TUP-001,CDR
CDR-02169,9000000239.0,9000000058,Incoming,2025-05-29 11:28:29,100,TOWER-TUP-001,CDR
CDR-02170,9000000344,9000000242,Missed,2025-02-10 18:30:10,0,TOWER-MDU-001,CDR
CDR-02171,9000000107.0,9000000291,Incoming,2025-02-28 06:53:15,321,TOWER-MDU-001,CDR
CDR-02172,9000000131,9000000094.0,Outgoing,2025-05-13 07:20:31,725,TOWER-CHN-001,CDR
CDR-02173,9000000100,9000000218,Incoming,2025-09-06 00:47:33,139,TOWER-CHN-001,CDR
CDR-02174,9000000076.0,9000000069.0,Missed,2025-12-14 00:34:40,0,TOWER-CBE-001,CDR
CDR-02175,9000000127,9000000401,Incoming,2026-01-07 05:12:05,601,TOWER-VLR-001,CDR
CDR-02176,9000000475.0,9000000435,Missed,2026-01-10 22:17:52,0,TOWER-SLM-001,CDR
CDR-02177,9000000201,9000000247.0,Outgoing,2025-03-06 07:23:49,738,TOWER-TUP-001,CDR
CDR-02178,9000000102.0,9000000285.0,Missed,2026-05-18 15:27:25,0,TOWER-SLM-001,CDR
CDR-02179,9000000098,9000000021,Outgoing,2025-06-15 00:49:47,71,TOWER-ERD-001,CDR
CDR-02180,9000000103.0,9000000410.0,Outgoing,2026-01-14 18:22:20,202,TOWER-CBE-001,CDR
CDR-02181,9000000408.0,9000000380.0,Missed,2026-02-14 20:00:32,0,TOWER-TUP-001,CDR
CDR-02182,9000000239,9000000075.0,Missed,2025-04-30 14:44:52,0,TOWER-CBE-001,CDR
CDR-02183,9000000241.0,9000000479.0,Outgoing,2025-12-18 09:56:30,404,TOWER-SLM-001,CDR
CDR-02184,9000000205.0,9000000491.0,Incoming,2025-11-25 15:02:36,294,TOWER-CHN-001,CDR
CDR-02185,9000000319.0,9000000359.0,Missed,2025-03-21 06:37:02,0,TOWER-CHN-001,CDR
CDR-02186,9000000036,9000000340.0,Missed,2025-03-27 14:15:41,0,TOWER-SLM-001,CDR
CDR-02187,9000000456,9000000218,Incoming,2025-01-23 04:53:10,283,TOWER-VLR-001,CDR
CDR-02188,9000000213,9000000337,Outgoing,2025-04-02 21:45:36,281,TOWER-CBE-001,CDR
CDR-02189,9000000194.0,9000000430.0,Incoming,2025-11-05 07:16:27,164,TOWER-TRY-001,CDR
CDR-02190,9000000043.0,9000000011.0,Incoming,2025-07-31 17:25:29,461,TOWER-TUP-001,CDR
CDR-02191,9000000183,9000000271.0,Missed,2025-10-25 02:44:12,0,TOWER-TRY-001,CDR
CDR-02192,9000000495.0,9000000029,Incoming,2025-05-18 04:54:12,422,TOWER-MDU-001,CDR
CDR-02193,9000000024,9000000347,Missed,2025-12-03 18:14:37,0,TOWER-CBE-001,CDR
CDR-02194,9000000055,9000000235.0,Incoming,2025-03-31 11:15:29,234,TOWER-ERD-001,CDR
CDR-02195,9000000200.0,9000000129.0,Outgoing,2025-02-21 03:29:03,254,TOWER-CBE-001,CDR
CDR-02196,9000000027.0,9000000058,Missed,2026-06-28 07:51:14,0,TOWER-TRY-001,CDR
CDR-02197,9000000221.0,9000000422.0,Incoming,2026-07-25 01:20:30,235,TOWER-MDU-001,CDR
CDR-02198,9000000464.0,9000000258,Incoming,2025-06-08 02:55:19,814,TOWER-TUP-001,CDR
CDR-02199,9000000031,9000000115.0,Outgoing,2025-01-03 09:54:58,761,TOWER-CBE-001,CDR
CDR-02200,9000000070.0,9000000425.0,Missed,2026-04-29 05:07:35,0,TOWER-VLR-001,CDR
CDR-02201,9000000082.0,9000000056,Incoming,2026-06-14 07:00:31,332,TOWER-CBE-001,CDR
CDR-02202,9000000005.0,9000000365,Outgoing,2025-04-21 03:58:15,476,TOWER-ERD-001,CDR
CDR-02203,9000000104,9000000061,Outgoing,2025-05-18 21:07:13,31,TOWER-MDU-001,CDR
CDR-02204,9000000193,9000000134.0,Missed,2025-01-08 13:27:09,0,TOWER-TUP-001,CDR
CDR-02205,9000000104,9000000100,Incoming,2025-07-12 05:55:43,510,TOWER-VLR-001,CDR
CDR-02206,9000000345,9000000046.0,Incoming,2026-06-13 04:58:51,590,TOWER-MDU-001,CDR
CDR-02207,9000000072,9000000454.0,Missed,2025-05-10 22:47:10,0,TOWER-CHN-001,CDR
CDR-02208,9000000105.0,9000000407.0,Outgoing,2026-07-26 19:30:37,833,TOWER-TUP-001,CDR
CDR-02209,9000000337,9000000261.0,Missed,2025-09-30 11:01:57,0,TOWER-MDU-001,CDR
CDR-02210,9000000186,9000000300,Outgoing,2025-01-11 12:47:46,479,TOWER-TUP-001,CDR
CDR-02211,9000000032,9000000011.0,Missed,2026-05-31 16:40:59,0,TOWER-VLR-001,CDR
CDR-02212,9000000136.0,9000000131.0,Missed,2026-02-08 08:37:10,0,TOWER-ERD-001,CDR
CDR-02213,9000000090,9000000035.0,Incoming,2025-04-21 00:13:58,685,TOWER-TUP-001,CDR
CDR-02214,9000000081,9000000363.0,Incoming,2026-07-30 13:28:22,601,TOWER-TRY-001,CDR
CDR-02215,9000000393.0,9000000367,Missed,2025-03-11 08:11:15,0,TOWER-SLM-001,CDR
CDR-02216,9000000210,9000000215.0,Outgoing,2026-06-12 05:46:39,651,TOWER-VLR-001,CDR
CDR-02217,9000000467,9000000296,Outgoing,2025-09-28 22:56:35,705,TOWER-TUP-001,CDR
CDR-02218,9000000439.0,9000000482.0,Outgoing,2025-08-29 06:12:15,292,TOWER-SLM-001,CDR
CDR-02219,9000000220.0,9000000084.0,Missed,2026-06-30 03:09:52,0,TOWER-TUP-001,CDR
CDR-02220,9000000152.0,9000000334.0,Outgoing,2025-09-27 12:30:29,590,TOWER-MDU-001,CDR
CDR-02221,9000000345,9000000066.0,Outgoing,2025-04-25 06:43:20,711,TOWER-VLR-001,CDR
CDR-02222,9000000183.0,9000000474,Outgoing,2026-03-10 12:29:58,648,TOWER-CHN-001,CDR
CDR-02223,9000000390.0,9000000186,Outgoing,2025-08-17 22:06:16,76,TOWER-ERD-001,CDR
CDR-02224,9000000075.0,9000000003,Incoming,2026-04-06 15:39:22,299,TOWER-CBE-001,CDR
CDR-02225,9000000143.0,9000000338.0,Outgoing,2025-12-01 05:47:56,15,TOWER-TUP-001,CDR
CDR-02226,9000000345.0,9000000055,Outgoing,2025-09-30 00:32:27,151,TOWER-MDU-001,CDR
CDR-02227,9000000172.0,9000000040,Incoming,2026-07-08 22:57:27,98,TOWER-MDU-001,CDR
CDR-02228,9000000120.0,9000000391.0,Outgoing,2025-03-04 16:41:29,609,TOWER-MDU-001,CDR
CDR-02229,9000000479.0,9000000331.0,Outgoing,2025-07-13 04:38:07,373,TOWER-TRY-001,CDR
CDR-02230,9000000475,9000000051.0,Incoming,2025-08-23 14:06:37,277,TOWER-MDU-001,CDR
CDR-02231,9000000226.0,9000000101,Outgoing,2025-09-08 11:27:39,705,TOWER-CHN-001,CDR
CDR-02232,9000000127.0,9000000206.0,Incoming,2026-03-07 12:35:54,436,TOWER-SLM-001,CDR
CDR-02233,9000000032,9000000082.0,Incoming,2026-03-17 03:24:10,314,TOWER-VLR-001,CDR
CDR-02234,9000000157.0,9000000186.0,Outgoing,2025-12-06 08:16:20,811,TOWER-CBE-001,CDR
CDR-02235,9000000042.0,9000000467,Outgoing,2025-09-01 07:35:53,720,TOWER-TUP-001,CDR
CDR-02236,9000000410.0,9000000194.0,Outgoing,2025-11-23 14:47:37,487,TOWER-TRY-001,CDR
CDR-02237,9000000036,9000000381,Missed,2025-01-21 12:32:38,0,TOWER-TRY-001,CDR
CDR-02238,9000000041,9000000006.0,Missed,2025-08-23 20:57:28,0,TOWER-SLM-001,CDR
CDR-02239,9000000371.0,9000000171.0,Outgoing,2026-04-28 06:13:25,140,TOWER-MDU-001,CDR
CDR-02240,9000000143.0,9000000422.0,Incoming,2026-06-05 11:10:56,422,TOWER-ERD-001,CDR
CDR-02241,9000000391,9000000447.0,Outgoing,2025-02-12 05:05:14,869,TOWER-CBE-001,CDR
CDR-02242,9000000207.0,9000000131.0,Missed,2025-03-25 03:32:11,0,TOWER-TUP-001,CDR
CDR-02243,9000000483,9000000180.0,Outgoing,2026-01-09 23:12:43,589,TOWER-TUP-001,CDR
CDR-02244,9000000314.0,9000000125.0,Missed,2026-03-31 02:03:35,0,TOWER-ERD-001,CDR
CDR-02245,9000000325,9000000425,Incoming,2026-07-30 02:30:21,585,TOWER-VLR-001,CDR
CDR-02246,9000000442,9000000288,Missed,2026-05-12 20:16:41,0,TOWER-CHN-001,CDR
CDR-02247,9000000032,9000000014.0,Missed,2025-01-06 00:15:05,0,TOWER-VLR-001,CDR
CDR-02248,9000000476,9000000357.0,Incoming,2025-04-29 20:32:18,10,TOWER-CBE-001,CDR
CDR-02249,9000000427.0,9000000180.0,Incoming,2025-03-22 11:22:29,219,TOWER-VLR-001,CDR
CDR-02250,9000000037,9000000471,Outgoing,2025-02-13 05:27:00,410,TOWER-CBE-001,CDR
CDR-02251,9000000008.0,9000000022,Outgoing,2025-07-02 11:22:21,198,TOWER-MDU-001,CDR
CDR-02252,9000000374.0,9000000137,Outgoing,2026-05-10 03:34:29,159,TOWER-ERD-001,CDR
CDR-02253,9000000070.0,9000000487.0,Missed,2026-05-26 16:02:33,0,TOWER-SLM-001,CDR
CDR-02254,9000000134.0,9000000236,Missed,2026-06-28 10:01:24,0,TOWER-SLM-001,CDR
CDR-02255,9000000039.0,9000000331,Outgoing,2026-06-03 11:45:51,306,TOWER-CBE-001,CDR
CDR-02256,9000000299,9000000243,Outgoing,2025-08-02 17:45:07,693,TOWER-TRY-001,CDR
CDR-02257,9000000090.0,9000000340.0,Outgoing,2025-11-26 23:27:37,436,TOWER-CHN-001,CDR
CDR-02258,9000000381,9000000378,Outgoing,2026-03-15 05:37:10,133,TOWER-TRY-001,CDR
CDR-02259,9000000346,9000000371.0,Outgoing,2026-05-17 01:42:11,44,TOWER-VLR-001,CDR
CDR-02260,9000000061.0,9000000453.0,Incoming,2026-07-16 14:54:48,489,TOWER-VLR-001,CDR
CDR-02261,9000000459.0,9000000489,Incoming,2026-01-24 20:34:32,376,TOWER-SLM-001,CDR
CDR-02262,9000000422,9000000454.0,Outgoing,2025-02-18 18:02:19,535,TOWER-CHN-001,CDR
CDR-02263,9000000313,9000000261,Missed,2026-07-13 15:01:46,0,TOWER-TUP-001,CDR
CDR-02264,9000000138.0,9000000006.0,Outgoing,2026-05-27 10:17:05,813,TOWER-MDU-001,CDR
CDR-02265,9000000419,9000000119.0,Missed,2026-01-11 17:39:14,0,TOWER-TRY-001,CDR
CDR-02266,9000000251.0,9000000011,Missed,2026-07-05 07:24:02,0,TOWER-MDU-001,CDR
CDR-02267,9000000327.0,9000000282.0,Missed,2026-03-28 01:29:36,0,TOWER-TUP-001,CDR
CDR-02268,9000000076.0,9000000265,Incoming,2025-01-23 22:19:37,56,TOWER-CHN-001,CDR
CDR-02269,9000000376.0,9000000338,Missed,2025-03-24 12:05:32,0,TOWER-VLR-001,CDR
CDR-02270,9000000039.0,9000000282.0,Incoming,2026-07-24 01:31:51,800,TOWER-SLM-001,CDR
CDR-02271,9000000132.0,9000000190.0,Missed,2025-10-26 07:50:04,0,TOWER-TRY-001,CDR
CDR-02272,9000000256.0,9000000118.0,Missed,2025-07-14 13:21:26,0,TOWER-CBE-001,CDR
CDR-02273,9000000442.0,9000000222,Outgoing,2025-10-18 17:52:11,791,TOWER-ERD-001,CDR
CDR-02274,9000000190.0,9000000025,Incoming,2025-12-16 03:28:00,725,TOWER-TRY-001,CDR
CDR-02275,9000000453,9000000028.0,Missed,2025-06-05 03:19:10,0,TOWER-SLM-001,CDR
CDR-02276,9000000057.0,9000000261.0,Outgoing,2025-08-11 05:05:30,705,TOWER-SLM-001,CDR
CDR-02277,9000000477.0,9000000486.0,Outgoing,2026-02-15 12:30:10,843,TOWER-SLM-001,CDR
CDR-02278,9000000109.0,9000000138,Incoming,2026-06-04 08:41:35,654,TOWER-CBE-001,CDR
CDR-02279,9000000156.0,9000000063,Incoming,2025-10-07 06:42:10,15,TOWER-TRY-001,CDR
CDR-02280,9000000130.0,9000000093.0,Incoming,2025-05-24 22:19:24,358,TOWER-VLR-001,CDR
CDR-02281,9000000291.0,9000000140.0,Missed,2026-01-03 23:01:14,0,TOWER-TUP-001,CDR
CDR-02282,9000000200,9000000287,Incoming,2025-02-22 03:51:14,830,TOWER-VLR-001,CDR
CDR-02283,9000000050.0,9000000301,Incoming,2025-03-02 16:42:22,592,TOWER-CHN-001,CDR
CDR-02284,9000000185,9000000372.0,Incoming,2026-01-23 08:40:12,130,TOWER-SLM-001,CDR
CDR-02285,9000000404.0,9000000240,Missed,2025-09-15 00:47:31,0,TOWER-ERD-001,CDR
CDR-02286,9000000193.0,9000000445,Outgoing,2026-07-01 05:57:53,409,TOWER-TUP-001,CDR
CDR-02287,9000000119.0,9000000210.0,Outgoing,2026-02-20 02:22:54,86,TOWER-SLM-001,CDR
CDR-02288,9000000447.0,9000000303,Outgoing,2026-04-26 12:22:37,418,TOWER-ERD-001,CDR
CDR-02289,9000000093.0,9000000291,Missed,2026-01-01 19:40:45,0,TOWER-MDU-001,CDR
CDR-02290,9000000027,9000000163.0,Outgoing,2025-07-22 15:10:34,441,TOWER-SLM-001,CDR
CDR-02291,9000000385.0,9000000433.0,Incoming,2026-03-01 22:26:50,219,TOWER-TUP-001,CDR
CDR-02292,9000000118.0,9000000242.0,Outgoing,2026-03-14 23:02:28,84,TOWER-ERD-001,CDR
CDR-02293,9000000485,9000000078.0,Outgoing,2026-07-29 05:21:11,622,TOWER-CBE-001,CDR
CDR-02294,9000000046,9000000043,Incoming,2026-07-16 19:50:39,287,TOWER-ERD-001,CDR
CDR-02295,9000000218.0,9000000200.0,Outgoing,2025-06-24 22:52:18,529,TOWER-TUP-001,CDR
CDR-02296,9000000430.0,9000000435.0,Outgoing,2025-06-26 21:39:48,810,TOWER-ERD-001,CDR
CDR-02297,9000000207.0,9000000399,Incoming,2026-04-18 08:31:50,557,TOWER-TRY-001,CDR
CDR-02298,9000000303.0,9000000448,Outgoing,2025-10-28 16:31:44,63,TOWER-TRY-001,CDR
CDR-02299,9000000192,9000000175.0,Missed,2025-11-28 12:45:16,0,TOWER-CHN-001,CDR
CDR-02300,9000000142,9000000038.0,Incoming,2025-10-13 14:35:11,640,TOWER-TUP-001,CDR
CDR-02301,9000000495.0,9000000001.0,Outgoing,2025-07-04 23:48:52,69,TOWER-SLM-001,CDR
CDR-02302,9000000201,9000000299,Incoming,2025-11-17 20:05:55,242,TOWER-ERD-001,CDR
CDR-02303,9000000344.0,9000000495,Incoming,2025-02-14 00:07:05,88,TOWER-CHN-001,CDR
CDR-02304,9000000374.0,9000000011,Outgoing,2025-09-01 23:43:51,54,TOWER-TUP-001,CDR
CDR-02305,9000000132,9000000169,Outgoing,2026-04-16 18:58:02,142,TOWER-TRY-001,CDR
CDR-02306,9000000043,9000000152.0,Missed,2025-03-01 15:43:38,0,TOWER-CBE-001,CDR
CDR-02307,9000000206.0,9000000337.0,Incoming,2026-07-02 18:54:34,516,TOWER-TUP-001,CDR
CDR-02308,9000000161.0,9000000225.0,Missed,2025-08-24 03:05:22,0,TOWER-TUP-001,CDR
CDR-02309,9000000046,9000000342.0,Missed,2025-07-09 16:19:33,0,TOWER-MDU-001,CDR
CDR-02310,9000000320.0,9000000462.0,Missed,2025-03-23 01:45:00,0,TOWER-ERD-001,CDR
CDR-02311,9000000485,9000000035.0,Missed,2026-04-29 00:31:48,0,TOWER-VLR-001,CDR
CDR-02312,9000000074.0,9000000240.0,Incoming,2026-02-09 16:02:59,150,TOWER-SLM-001,CDR
CDR-02313,9000000082.0,9000000144.0,Incoming,2025-10-17 05:51:08,135,TOWER-CHN-001,CDR
CDR-02314,9000000200.0,9000000028,Missed,2025-12-08 23:21:56,0,TOWER-VLR-001,CDR
CDR-02315,9000000051,9000000492.0,Outgoing,2025-01-27 05:15:39,866,TOWER-MDU-001,CDR
CDR-02316,9000000108,9000000299,Outgoing,2025-03-07 15:04:09,317,TOWER-ERD-001,CDR
CDR-02317,9000000383.0,9000000162,Outgoing,2025-10-25 03:57:38,29,TOWER-TRY-001,CDR
CDR-02318,9000000225.0,9000000154.0,Incoming,2025-10-22 15:10:02,220,TOWER-CHN-001,CDR
CDR-02319,9000000430.0,9000000100.0,Incoming,2025-08-26 00:22:20,686,TOWER-ERD-001,CDR
CDR-02320,9000000462.0,9000000490.0,Incoming,2025-09-19 03:33:47,633,TOWER-MDU-001,CDR
CDR-02321,9000000367.0,9000000103.0,Incoming,2026-07-18 17:38:12,359,TOWER-TRY-001,CDR
CDR-02322,9000000050.0,9000000155.0,Incoming,2025-10-29 10:54:18,576,TOWER-MDU-001,CDR
CDR-02323,9000000404,9000000107,Outgoing,2026-07-13 15:14:10,596,TOWER-MDU-001,CDR
CDR-02324,9000000312.0,9000000086,Outgoing,2025-07-05 00:52:17,773,TOWER-CHN-001,CDR
CDR-02325,9000000344.0,9000000475.0,Missed,2025-08-02 03:03:10,0,TOWER-CBE-001,CDR
CDR-02326,9000000495,9000000444,Outgoing,2026-03-20 13:45:06,355,TOWER-TRY-001,CDR
CDR-02327,9000000162.0,9000000023,Outgoing,2026-05-28 00:56:12,285,TOWER-MDU-001,CDR
CDR-02328,9000000189.0,9000000025.0,Outgoing,2026-05-29 05:45:58,592,TOWER-TUP-001,CDR
CDR-02329,9000000247.0,9000000473,Outgoing,2025-01-14 09:52:27,483,TOWER-VLR-001,CDR
CDR-02330,9000000489,9000000365.0,Incoming,2026-01-08 23:43:27,377,TOWER-SLM-001,CDR
CDR-02331,9000000349.0,9000000305.0,Missed,2025-03-03 18:51:41,0,TOWER-MDU-001,CDR
CDR-02332,9000000046,9000000294,Incoming,2025-05-20 15:47:16,461,TOWER-MDU-001,CDR
CDR-02333,9000000027.0,9000000326,Outgoing,2025-06-26 15:23:45,140,TOWER-CHN-001,CDR
CDR-02334,9000000387,9000000271.0,Incoming,2026-05-24 10:38:38,127,TOWER-ERD-001,CDR
CDR-02335,9000000300.0,9000000099.0,Outgoing,2025-09-04 11:32:33,603,TOWER-ERD-001,CDR
CDR-02336,9000000144.0,9000000072,Incoming,2025-07-21 05:07:49,741,TOWER-MDU-001,CDR
CDR-02337,9000000456,9000000284.0,Missed,2026-07-12 22:26:32,0,TOWER-ERD-001,CDR
CDR-02338,9000000234.0,9000000028,Outgoing,2025-03-02 04:18:57,121,TOWER-VLR-001,CDR
CDR-02339,9000000136.0,9000000236,Incoming,2025-06-08 11:37:01,252,TOWER-TUP-001,CDR
CDR-02340,9000000066,9000000248,Missed,2025-11-20 02:14:12,0,TOWER-CBE-001,CDR
CDR-02341,9000000121,9000000483.0,Incoming,2025-09-11 15:09:24,35,TOWER-TUP-001,CDR
CDR-02342,9000000231.0,9000000206,Missed,2025-10-19 01:12:18,0,TOWER-VLR-001,CDR
CDR-02343,9000000029,9000000363.0,Incoming,2025-02-04 15:36:05,387,TOWER-MDU-001,CDR
CDR-02344,9000000183.0,9000000367.0,Incoming,2026-04-19 01:17:38,118,TOWER-SLM-001,CDR
CDR-02345,9000000330,9000000236,Missed,2026-07-31 08:41:30,0,TOWER-TUP-001,CDR
CDR-02346,9000000164.0,9000000188.0,Missed,2025-01-26 07:41:57,0,TOWER-CHN-001,CDR
CDR-02347,9000000086,9000000240.0,Incoming,2026-03-16 03:51:51,239,TOWER-TRY-001,CDR
CDR-02348,9000000250.0,9000000125.0,Missed,2025-02-09 22:45:09,0,TOWER-VLR-001,CDR
CDR-02349,9000000454.0,9000000427.0,Outgoing,2025-07-29 01:55:46,334,TOWER-SLM-001,CDR
CDR-02350,9000000129.0,9000000213.0,Incoming,2025-07-08 19:12:55,346,TOWER-TUP-001,CDR
CDR-02351,9000000448.0,9000000064.0,Outgoing,2025-03-31 15:31:38,776,TOWER-SLM-001,CDR
CDR-02352,9000000232.0,9000000196.0,Outgoing,2025-10-01 09:28:07,91,TOWER-CBE-001,CDR
CDR-02353,9000000485.0,9000000092.0,Missed,2025-06-28 22:01:55,0,TOWER-VLR-001,CDR
CDR-02354,9000000003.0,9000000194,Missed,2025-04-08 07:24:42,0,TOWER-SLM-001,CDR
CDR-02355,9000000206,9000000076.0,Missed,2025-04-18 07:07:08,0,TOWER-MDU-001,CDR
CDR-02356,9000000062.0,9000000474.0,Outgoing,2025-03-05 07:22:52,130,TOWER-TRY-001,CDR
CDR-02357,9000000355,9000000471,Incoming,2026-01-19 20:33:36,599,TOWER-SLM-001,CDR
CDR-02358,9000000011,9000000075.0,Incoming,2025-04-04 19:40:02,180,TOWER-TRY-001,CDR
CDR-02359,9000000140,9000000359,Missed,2025-12-31 22:49:48,0,TOWER-CBE-001,CDR
CDR-02360,9000000471.0,9000000063,Outgoing,2026-06-20 23:24:01,34,TOWER-CHN-001,CDR
CDR-02361,9000000222,9000000249,Missed,2026-02-16 03:02:51,0,TOWER-TRY-001,CDR
CDR-02362,9000000475,9000000194.0,Incoming,2026-06-26 07:41:33,421,TOWER-SLM-001,CDR
CDR-02363,9000000213.0,9000000165.0,Outgoing,2025-09-19 11:26:00,854,TOWER-CBE-001,CDR
CDR-02364,9000000046.0,9000000092,Missed,2025-10-03 16:53:23,0,TOWER-VLR-001,CDR
CDR-02365,9000000349.0,9000000135.0,Missed,2025-12-05 09:51:10,0,TOWER-MDU-001,CDR
CDR-02366,9000000278,9000000137.0,Missed,2025-05-23 11:46:13,0,TOWER-CBE-001,CDR
CDR-02367,9000000313,9000000208.0,Missed,2026-04-06 15:13:16,0,TOWER-TUP-001,CDR
CDR-02368,9000000075.0,9000000094.0,Outgoing,2025-05-18 06:20:30,459,TOWER-MDU-001,CDR
CDR-02369,9000000180.0,9000000376.0,Outgoing,2025-09-22 22:53:08,515,TOWER-ERD-001,CDR
CDR-02370,9000000101,9000000447.0,Missed,2026-03-27 08:46:52,0,TOWER-TRY-001,CDR
CDR-02371,9000000322.0,9000000484.0,Outgoing,2025-05-19 13:54:42,336,TOWER-CHN-001,CDR
CDR-02372,9000000220.0,9000000276.0,Outgoing,2025-08-05 03:04:19,541,TOWER-TUP-001,CDR
CDR-02373,9000000274.0,9000000007.0,Outgoing,2025-04-03 01:57:08,179,TOWER-MDU-001,CDR
CDR-02374,9000000023,9000000186,Outgoing,2025-05-12 12:22:04,239,TOWER-MDU-001,CDR
CDR-02375,9000000326,9000000033.0,Incoming,2025-08-05 10:00:56,692,TOWER-CHN-001,CDR
CDR-02376,9000000338,9000000367,Missed,2026-01-31 02:49:16,0,TOWER-CHN-001,CDR
CDR-02377,9000000381,9000000457.0,Incoming,2026-02-22 19:28:46,562,TOWER-SLM-001,CDR
CDR-02378,9000000445.0,9000000338.0,Incoming,2025-06-07 18:49:17,388,TOWER-MDU-001,CDR
CDR-02379,9000000066,9000000121,Missed,2025-12-12 12:07:58,0,TOWER-CHN-001,CDR
CDR-02380,9000000075.0,9000000321.0,Incoming,2026-07-03 14:48:00,743,TOWER-CBE-001,CDR
CDR-02381,9000000232.0,9000000243.0,Outgoing,2025-03-09 11:15:32,279,TOWER-CHN-001,CDR
CDR-02382,9000000383.0,9000000277.0,Outgoing,2025-03-03 09:55:01,832,TOWER-SLM-001,CDR
CDR-02383,9000000021,9000000368,Incoming,2025-09-18 11:08:16,529,TOWER-MDU-001,CDR
CDR-02384,9000000075.0,9000000308,Missed,2025-02-27 13:06:35,0,TOWER-TUP-001,CDR
CDR-02385,9000000162.0,9000000334.0,Incoming,2026-02-09 21:40:36,732,TOWER-TUP-001,CDR
CDR-02386,9000000291.0,9000000102.0,Missed,2026-05-02 06:59:31,0,TOWER-ERD-001,CDR
CDR-02387,9000000066.0,9000000085.0,Incoming,2025-10-20 05:02:42,610,TOWER-SLM-001,CDR
CDR-02388,9000000232,9000000187.0,Outgoing,2026-01-12 07:52:05,165,TOWER-CHN-001,CDR
CDR-02389,9000000159,9000000483.0,Incoming,2026-05-09 01:01:16,213,TOWER-CBE-001,CDR
CDR-02390,9000000425,9000000021.0,Incoming,2025-02-22 05:50:27,454,TOWER-VLR-001,CDR
CDR-02391,9000000102.0,9000000380.0,Missed,2025-05-19 08:18:17,0,TOWER-ERD-001,CDR
CDR-02392,9000000003.0,9000000140,Missed,2025-10-23 09:07:25,0,TOWER-SLM-001,CDR
CDR-02393,9000000422,9000000092.0,Missed,2026-05-26 06:16:01,0,TOWER-CHN-001,CDR
CDR-02394,9000000008.0,9000000376.0,Outgoing,2026-01-12 18:10:22,694,TOWER-VLR-001,CDR
CDR-02395,9000000221.0,9000000457.0,Outgoing,2026-01-09 13:43:35,566,TOWER-MDU-001,CDR
CDR-02396,9000000338,9000000479.0,Incoming,2025-08-12 03:07:34,783,TOWER-TRY-001,CDR
CDR-02397,9000000001,9000000398.0,Incoming,2025-11-27 00:03:46,688,TOWER-CBE-001,CDR
CDR-02398,9000000283,9000000202,Outgoing,2025-03-30 04:28:11,686,TOWER-TUP-001,CDR
CDR-02399,9000000326.0,9000000002.0,Outgoing,2026-01-15 22:52:16,870,TOWER-TRY-001,CDR
CDR-02400,9000000028,9000000119,Outgoing,2026-01-30 04:15:03,284,TOWER-SLM-001,CDR
CDR-02401,9000000349.0,9000000314.0,Missed,2025-09-09 00:44:09,0,TOWER-MDU-001,CDR
CDR-02402,9000000159.0,9000000447,Outgoing,2025-12-10 06:34:26,838,TOWER-TRY-001,CDR
CDR-02403,9000000051.0,9000000094,Incoming,2026-01-13 02:28:35,284,TOWER-SLM-001,CDR
CDR-02404,9000000489.0,9000000046.0,Outgoing,2025-11-15 07:26:27,468,TOWER-SLM-001,CDR
CDR-02405,9000000037.0,9000000005.0,Missed,2025-06-10 03:51:42,0,TOWER-CBE-001,CDR
CDR-02406,9000000131,9000000327.0,Missed,2026-02-24 05:59:31,0,TOWER-ERD-001,CDR
CDR-02407,9000000492.0,9000000094.0,Incoming,2026-07-02 09:07:44,809,TOWER-TUP-001,CDR
CDR-02408,9000000284.0,9000000144.0,Incoming,2025-02-08 05:26:16,680,TOWER-SLM-001,CDR
CDR-02409,9000000485.0,9000000175,Incoming,2026-02-21 02:08:58,170,TOWER-TRY-001,CDR
CDR-02410,9000000413.0,9000000420.0,Incoming,2025-09-15 11:38:50,392,TOWER-TRY-001,CDR
CDR-02411,9000000164.0,9000000144.0,Missed,2025-07-13 04:10:25,0,TOWER-ERD-001,CDR
CDR-02412,9000000200.0,9000000309.0,Missed,2025-03-21 15:07:29,0,TOWER-TRY-001,CDR
CDR-02413,9000000431,9000000061.0,Incoming,2025-08-23 03:44:30,299,TOWER-ERD-001,CDR
CDR-02414,9000000194,9000000010,Incoming,2025-04-07 00:52:09,288,TOWER-TRY-001,CDR
CDR-02415,9000000412.0,9000000328.0,Missed,2025-07-29 17:08:23,0,TOWER-CBE-001,CDR
CDR-02416,9000000193,9000000092,Missed,2026-07-15 21:09:34,0,TOWER-TRY-001,CDR
CDR-02417,9000000309.0,9000000344.0,Missed,2026-02-25 17:58:54,0,TOWER-CHN-001,CDR
CDR-02418,9000000089,9000000299,Outgoing,2026-04-16 10:54:33,208,TOWER-MDU-001,CDR
CDR-02419,9000000282.0,9000000030.0,Missed,2026-08-01 11:32:03,0,TOWER-ERD-001,CDR
CDR-02420,9000000460,9000000023,Outgoing,2025-03-19 10:09:19,217,TOWER-MDU-001,CDR
CDR-02421,9000000278.0,9000000403.0,Outgoing,2025-11-30 15:06:17,308,TOWER-CBE-001,CDR
CDR-02422,9000000182.0,9000000382.0,Missed,2025-08-05 08:41:44,0,TOWER-VLR-001,CDR
CDR-02423,9000000110,9000000176.0,Missed,2025-07-09 23:56:10,0,TOWER-TRY-001,CDR
CDR-02424,9000000323.0,9000000159,Missed,2025-11-02 18:04:40,0,TOWER-TUP-001,CDR
CDR-02425,9000000093.0,9000000215.0,Outgoing,2026-03-25 20:27:15,239,TOWER-ERD-001,CDR
CDR-02426,9000000073.0,9000000376.0,Outgoing,2026-01-06 08:18:50,388,TOWER-CBE-001,CDR
CDR-02427,9000000014.0,9000000118,Incoming,2026-05-05 06:26:41,839,TOWER-CBE-001,CDR
CDR-02428,9000000089,9000000040,Incoming,2026-01-16 10:44:50,222,TOWER-SLM-001,CDR
CDR-02429,9000000473.0,9000000176,Outgoing,2026-01-03 18:57:10,641,TOWER-SLM-001,CDR
CDR-02430,9000000433.0,9000000347,Outgoing,2025-08-30 21:56:28,431,TOWER-TUP-001,CDR
CDR-02431,9000000199.0,9000000307,Outgoing,2026-03-16 02:11:10,715,TOWER-TRY-001,CDR
CDR-02432,9000000242,9000000409,Missed,2025-06-12 12:13:16,0,TOWER-VLR-001,CDR
CDR-02433,9000000157.0,9000000097.0,Outgoing,2025-07-03 02:29:59,677,TOWER-TUP-001,CDR
CDR-02434,9000000036,9000000158.0,Missed,2026-03-07 22:21:23,0,TOWER-CBE-001,CDR
CDR-02435,9000000132.0,9000000030.0,Missed,2025-03-02 04:47:15,0,TOWER-TRY-001,CDR
CDR-02436,9000000059,9000000314,Incoming,2025-04-05 08:30:29,542,TOWER-CHN-001,CDR
CDR-02437,9000000302.0,9000000038.0,Incoming,2025-11-26 11:19:47,49,TOWER-VLR-001,CDR
CDR-02438,9000000134.0,9000000454.0,Outgoing,2026-03-01 22:24:16,153,TOWER-TRY-001,CDR
CDR-02439,9000000051.0,9000000489,Outgoing,2025-12-05 05:55:27,130,TOWER-MDU-001,CDR
CDR-02440,9000000069,9000000474,Outgoing,2025-10-16 15:43:08,639,TOWER-CHN-001,CDR
CDR-02441,9000000176,9000000420.0,Missed,2026-06-17 01:46:14,0,TOWER-SLM-001,CDR
CDR-02442,9000000248,9000000307.0,Missed,2025-07-15 03:26:28,0,TOWER-VLR-001,CDR
CDR-02443,9000000391,9000000276.0,Outgoing,2026-07-14 08:12:03,774,TOWER-CHN-001,CDR
CDR-02444,9000000198.0,9000000260.0,Missed,2026-01-04 01:35:05,0,TOWER-ERD-001,CDR
CDR-02445,9000000159.0,9000000126,Incoming,2026-01-01 10:38:00,163,TOWER-CBE-001,CDR
CDR-02446,9000000242,9000000239,Missed,2025-05-26 18:30:17,0,TOWER-SLM-001,CDR
CDR-02447,9000000105.0,9000000344,Outgoing,2025-03-15 13:36:27,348,TOWER-ERD-001,CDR
CDR-02448,9000000410.0,9000000483,Incoming,2025-09-30 04:54:48,78,TOWER-SLM-001,CDR
CDR-02449,9000000023.0,9000000350.0,Incoming,2025-08-09 17:38:25,291,TOWER-TRY-001,CDR
CDR-02450,9000000076.0,9000000081.0,Outgoing,2025-11-10 05:28:01,649,TOWER-MDU-001,CDR
CDR-02451,9000000040,9000000462.0,Missed,2026-05-28 03:30:08,0,TOWER-SLM-001,CDR
CDR-02452,9000000098,9000000212.0,Incoming,2026-07-22 12:27:13,115,TOWER-SLM-001,CDR
CDR-02453,9000000074.0,9000000463.0,Outgoing,2025-03-21 11:25:21,587,TOWER-CHN-001,CDR
CDR-02454,9000000127,9000000182,Missed,2025-10-25 10:38:25,0,TOWER-TUP-001,CDR
CDR-02455,9000000129.0,9000000212.0,Missed,2025-08-04 08:04:53,0,TOWER-VLR-001,CDR
CDR-02456,9000000413,9000000371,Incoming,2025-06-30 01:38:37,812,TOWER-SLM-001,CDR
CDR-02457,9000000086.0,9000000387,Incoming,2026-01-05 07:17:28,178,TOWER-ERD-001,CDR
CDR-02458,9000000282.0,9000000098,Incoming,2026-02-02 10:52:38,150,TOWER-VLR-001,CDR
CDR-02459,9000000030.0,9000000251.0,Outgoing,2026-01-24 15:40:04,319,TOWER-CBE-001,CDR
CDR-02460,9000000217.0,9000000128,Outgoing,2025-10-27 10:47:50,396,TOWER-VLR-001,CDR
CDR-02461,9000000453.0,9000000239,Missed,2025-09-04 04:47:05,0,TOWER-CBE-001,CDR
CDR-02462,9000000021.0,9000000005.0,Missed,2025-08-04 17:23:18,0,TOWER-CHN-001,CDR
CDR-02463,9000000205,9000000128,Outgoing,2026-06-24 21:35:54,511,TOWER-MDU-001,CDR
CDR-02464,9000000449.0,9000000102.0,Outgoing,2025-09-28 10:33:17,677,TOWER-CHN-001,CDR
CDR-02465,9000000037,9000000394,Outgoing,2026-06-05 10:26:02,799,TOWER-TUP-001,CDR
CDR-02466,9000000429.0,9000000083.0,Missed,2026-03-11 19:19:00,0,TOWER-SLM-001,CDR
CDR-02467,9000000252,9000000289.0,Incoming,2025-01-09 06:56:54,775,TOWER-SLM-001,CDR
CDR-02468,9000000281.0,9000000443.0,Missed,2025-06-01 08:59:13,0,TOWER-ERD-001,CDR
CDR-02469,9000000304.0,9000000351.0,Outgoing,2025-10-14 12:11:13,106,TOWER-MDU-001,CDR
CDR-02470,9000000172.0,9000000314,Missed,2025-08-01 01:36:27,0,TOWER-ERD-001,CDR
CDR-02471,9000000482,9000000043,Outgoing,2026-06-25 05:02:32,54,TOWER-MDU-001,CDR
CDR-02472,9000000023,9000000155.0,Missed,2025-01-24 15:11:27,0,TOWER-VLR-001,CDR
CDR-02473,9000000355.0,9000000261.0,Incoming,2026-05-18 23:10:43,494,TOWER-CBE-001,CDR
CDR-02474,9000000162.0,9000000195.0,Incoming,2026-07-09 01:04:14,637,TOWER-CHN-001,CDR
CDR-02475,9000000169.0,9000000328.0,Incoming,2025-04-03 18:16:34,439,TOWER-ERD-001,CDR
CDR-02476,9000000225.0,9000000118.0,Outgoing,2026-02-27 14:27:04,109,TOWER-MDU-001,CDR
CDR-02477,9000000495.0,9000000323.0,Outgoing,2026-06-06 22:49:07,867,TOWER-TUP-001,CDR
CDR-02478,9000000268.0,9000000304.0,Missed,2025-10-12 11:31:02,0,TOWER-ERD-001,CDR
CDR-02479,9000000102,9000000126,Missed,2026-06-05 03:00:58,0,TOWER-ERD-001,CDR
CDR-02480,9000000228.0,9000000236.0,Missed,2025-04-25 13:51:33,0,TOWER-MDU-001,CDR
CDR-02481,9000000473.0,9000000083,Outgoing,2025-08-03 00:10:00,55,TOWER-SLM-001,CDR
CDR-02482,9000000471,9000000196.0,Incoming,2025-01-03 12:06:24,660,TOWER-MDU-001,CDR
CDR-02483,9000000023,9000000040,Outgoing,2025-09-23 05:08:08,130,TOWER-VLR-001,CDR
CDR-02484,9000000130.0,9000000109.0,Missed,2025-12-26 15:02:44,0,TOWER-CBE-001,CDR
CDR-02485,9000000277.0,9000000143,Incoming,2025-03-09 02:56:30,757,TOWER-CHN-001,CDR
CDR-02486,9000000159.0,9000000367.0,Missed,2025-01-16 14:49:42,0,TOWER-CHN-001,CDR
CDR-02487,9000000301.0,9000000325.0,Missed,2025-10-18 21:44:13,0,TOWER-VLR-001,CDR
CDR-02488,9000000423,9000000128.0,Outgoing,2026-06-13 20:43:14,867,TOWER-SLM-001,CDR
CDR-02489,9000000249,9000000351.0,Incoming,2026-07-03 07:11:24,398,TOWER-MDU-001,CDR
CDR-02490,9000000463.0,9000000383.0,Incoming,2025-09-03 02:06:36,588,TOWER-TRY-001,CDR
CDR-02491,9000000058,9000000491.0,Outgoing,2025-05-18 13:36:30,214,TOWER-MDU-001,CDR
CDR-02492,9000000326,9000000029.0,Outgoing,2026-01-16 12:07:50,104,TOWER-TUP-001,CDR
CDR-02493,9000000330.0,9000000034,Outgoing,2026-05-14 12:30:07,800,TOWER-VLR-001,CDR
CDR-02494,9000000134.0,9000000307,Missed,2025-10-27 13:36:33,0,TOWER-CHN-001,CDR
CDR-02495,9000000344,9000000381.0,Incoming,2025-12-03 23:36:48,729,TOWER-TUP-001,CDR
CDR-02496,9000000252.0,9000000140.0,Outgoing,2026-01-27 06:51:53,726,TOWER-MDU-001,CDR
CDR-02497,9000000143,9000000308,Incoming,2025-06-19 12:33:59,274,TOWER-VLR-001,CDR
CDR-02498,9000000007,9000000331.0,Incoming,2026-05-27 08:12:04,539,TOWER-CHN-001,CDR
CDR-02499,9000000191.0,9000000006.0,Outgoing,2025-09-08 20:59:16,610,TOWER-TUP-001,CDR
CDR-02500,9000000101,9000000210,Missed,2026-04-03 00:23:56,0,TOWER-ERD-001,CDR
CDR-02501,9000000484.0,9000000132.0,Missed,2025-10-06 18:05:07,0,TOWER-ERD-001,CDR
CDR-02502,9000000172,9000000355,Outgoing,2025-09-19 12:01:04,352,TOWER-CBE-001,CDR
CDR-02503,9000000365,9000000436.0,Outgoing,2025-12-29 14:33:04,176,TOWER-CHN-001,CDR
CDR-02504,9000000470,9000000374.0,Missed,2025-12-21 12:45:50,0,TOWER-TRY-001,CDR
CDR-02505,9000000051.0,9000000342,Incoming,2026-07-16 20:38:23,268,TOWER-TUP-001,CDR
CDR-02506,9000000240,9000000332.0,Outgoing,2025-11-08 14:02:09,704,TOWER-MDU-001,CDR
CDR-02507,9000000003,9000000014,Missed,2025-03-25 18:34:07,0,TOWER-TRY-001,CDR
CDR-02508,9000000121,9000000401.0,Missed,2025-11-08 06:31:25,0,TOWER-ERD-001,CDR
CDR-02509,9000000343.0,9000000171.0,Incoming,2026-04-09 14:06:42,317,TOWER-SLM-001,CDR
CDR-02510,9000000130.0,9000000144,Incoming,2025-09-16 18:18:44,689,TOWER-ERD-001,CDR
CDR-02511,9000000143,9000000246.0,Incoming,2025-09-26 19:49:02,830,TOWER-VLR-001,CDR
CDR-02512,9000000054.0,9000000004.0,Outgoing,2026-05-27 13:21:15,10,TOWER-CHN-001,CDR
CDR-02513,9000000476,9000000083,Outgoing,2025-03-04 10:18:13,324,TOWER-CHN-001,CDR
CDR-02514,9000000242.0,9000000156.0,Outgoing,2026-07-17 10:50:36,102,TOWER-SLM-001,CDR
CDR-02515,9000000272,9000000036.0,Outgoing,2026-01-06 18:20:19,15,TOWER-CHN-001,CDR
CDR-02516,9000000327,9000000407.0,Outgoing,2026-06-18 10:37:37,573,TOWER-TRY-001,CDR
CDR-02517,9000000238.0,9000000251.0,Missed,2025-10-20 06:35:00,0,TOWER-VLR-001,CDR
CDR-02518,9000000285.0,9000000338,Outgoing,2025-09-05 06:35:56,141,TOWER-CHN-001,CDR
CDR-02519,9000000205.0,9000000368,Outgoing,2026-06-09 02:14:39,849,TOWER-TRY-001,CDR
CDR-02520,9000000228,9000000419,Missed,2025-02-25 15:46:46,0,TOWER-TUP-001,CDR
CDR-02521,9000000338.0,9000000304.0,Incoming,2026-04-18 15:40:42,237,TOWER-CHN-001,CDR
CDR-02522,9000000028,9000000399.0,Outgoing,2026-01-25 11:48:57,358,TOWER-ERD-001,CDR
CDR-02523,9000000419.0,9000000326.0,Incoming,2025-06-28 16:52:49,671,TOWER-CHN-001,CDR
CDR-02524,9000000097.0,9000000491.0,Incoming,2025-08-23 12:31:50,226,TOWER-TRY-001,CDR
CDR-02525,9000000274,9000000489.0,Outgoing,2025-05-20 17:07:30,679,TOWER-TRY-001,CDR
CDR-02526,9000000199.0,9000000110,Outgoing,2026-06-09 11:59:59,406,TOWER-VLR-001,CDR
CDR-02527,9000000436,9000000007,Outgoing,2025-05-08 00:39:36,193,TOWER-TRY-001,CDR
CDR-02528,9000000185,9000000033.0,Outgoing,2025-03-06 04:31:48,835,TOWER-TUP-001,CDR
CDR-02529,9000000062,9000000022,Incoming,2025-09-05 19:04:17,174,TOWER-CHN-001,CDR
CDR-02530,9000000440.0,9000000099,Outgoing,2025-12-20 04:04:28,712,TOWER-ERD-001,CDR
CDR-02531,9000000045.0,9000000296.0,Outgoing,2025-02-12 08:09:50,799,TOWER-MDU-001,CDR
CDR-02532,9000000030.0,9000000098.0,Missed,2026-05-08 12:48:03,0,TOWER-CBE-001,CDR
CDR-02533,9000000244.0,9000000172.0,Outgoing,2026-01-03 19:33:40,809,TOWER-TUP-001,CDR
CDR-02534,9000000404,9000000452,Incoming,2025-05-19 21:48:39,814,TOWER-TRY-001,CDR
CDR-02535,9000000019.0,9000000016,Missed,2025-03-04 03:28:40,0,TOWER-CHN-001,CDR
CDR-02536,9000000208.0,9000000332.0,Missed,2026-04-04 09:14:58,0,TOWER-MDU-001,CDR
CDR-02537,9000000302.0,9000000199,Missed,2026-07-20 03:58:59,0,TOWER-VLR-001,CDR
CDR-02538,9000000103,9000000141.0,Outgoing,2025-01-31 22:45:15,298,TOWER-CBE-001,CDR
CDR-02539,9000000388,9000000218,Outgoing,2026-04-11 12:17:16,61,TOWER-TUP-001,CDR
CDR-02540,9000000057.0,9000000030.0,Outgoing,2025-08-19 00:31:57,701,TOWER-ERD-001,CDR
CDR-02541,9000000444,9000000166.0,Incoming,2025-10-05 04:49:31,310,TOWER-TRY-001,CDR
CDR-02542,9000000323.0,9000000001,Outgoing,2026-05-09 23:34:36,314,TOWER-ERD-001,CDR
CDR-02543,9000000115.0,9000000362.0,Outgoing,2025-01-29 10:30:13,759,TOWER-TRY-001,CDR
CDR-02544,9000000235.0,9000000296,Incoming,2025-03-15 10:57:38,557,TOWER-CHN-001,CDR
CDR-02545,9000000024.0,9000000347,Outgoing,2025-09-26 06:28:00,291,TOWER-VLR-001,CDR
CDR-02546,9000000456.0,9000000260.0,Missed,2025-12-23 01:33:36,0,TOWER-ERD-001,CDR
CDR-02547,9000000193,9000000368,Outgoing,2025-04-24 23:37:35,49,TOWER-CBE-001,CDR
CDR-02548,9000000252,9000000171.0,Missed,2025-03-03 04:17:00,0,TOWER-TUP-001,CDR
CDR-02549,9000000460,9000000475,Outgoing,2025-05-23 20:42:36,32,TOWER-MDU-001,CDR
CDR-02550,9000000053.0,9000000334.0,Incoming,2025-05-29 20:29:46,822,TOWER-MDU-001,CDR
CDR-02551,9000000390.0,9000000385,Missed,2025-07-09 07:52:26,0,TOWER-ERD-001,CDR
CDR-02552,9000000289.0,9000000028.0,Outgoing,2025-12-06 09:15:25,230,TOWER-MDU-001,CDR
CDR-02553,9000000113.0,9000000459.0,Missed,2026-06-06 12:32:31,0,TOWER-ERD-001,CDR
CDR-02554,9000000051.0,9000000405.0,Missed,2025-08-10 07:09:14,0,TOWER-MDU-001,CDR
CDR-02555,9000000242,9000000382.0,Incoming,2025-11-18 19:34:29,29,TOWER-CHN-001,CDR
CDR-02556,9000000482,9000000166.0,Outgoing,2026-05-09 02:35:09,623,TOWER-TUP-001,CDR
CDR-02557,9000000180.0,9000000333.0,Incoming,2026-07-05 16:52:35,28,TOWER-TUP-001,CDR
CDR-02558,9000000333.0,9000000256.0,Missed,2025-08-12 13:33:52,0,TOWER-VLR-001,CDR
CDR-02559,9000000299,9000000264.0,Missed,2026-04-08 07:54:20,0,TOWER-TUP-001,CDR
CDR-02560,9000000462.0,9000000268,Outgoing,2025-01-10 18:16:12,581,TOWER-TUP-001,CDR
CDR-02561,9000000408.0,9000000126.0,Outgoing,2025-12-12 03:54:02,852,TOWER-CHN-001,CDR
CDR-02562,9000000391,9000000354.0,Incoming,2026-06-26 22:32:36,555,TOWER-CHN-001,CDR
CDR-02563,9000000421.0,9000000060.0,Outgoing,2026-05-29 04:18:45,43,TOWER-CBE-001,CDR
CDR-02564,9000000186,9000000040,Outgoing,2025-06-11 05:02:05,95,TOWER-TUP-001,CDR
CDR-02565,9000000273.0,9000000245.0,Outgoing,2026-06-08 21:37:00,472,TOWER-VLR-001,CDR
CDR-02566,9000000027,9000000044.0,Missed,2026-03-31 08:00:50,0,TOWER-CHN-001,CDR
CDR-02567,9000000261,9000000147.0,Outgoing,2025-01-19 04:21:47,435,TOWER-MDU-001,CDR
CDR-02568,9000000065,9000000261.0,Incoming,2026-02-22 13:27:16,394,TOWER-CHN-001,CDR
CDR-02569,9000000188.0,9000000137,Incoming,2025-06-19 13:30:26,415,TOWER-SLM-001,CDR
CDR-02570,9000000291,9000000066,Outgoing,2025-05-04 14:09:55,192,TOWER-TRY-001,CDR
CDR-02571,9000000202.0,9000000349.0,Outgoing,2025-06-19 03:12:09,779,TOWER-TRY-001,CDR
CDR-02572,9000000419.0,9000000383.0,Outgoing,2025-10-10 02:04:00,798,TOWER-CBE-001,CDR
CDR-02573,9000000159.0,9000000172.0,Missed,2026-02-18 14:40:33,0,TOWER-TRY-001,CDR
CDR-02574,9000000108.0,9000000265,Outgoing,2025-12-27 07:58:57,784,TOWER-MDU-001,CDR
CDR-02575,9000000135.0,9000000352.0,Incoming,2025-08-13 00:18:40,419,TOWER-ERD-001,CDR
CDR-02576,9000000100.0,9000000385.0,Outgoing,2025-05-14 19:21:28,681,TOWER-CBE-001,CDR
CDR-02577,9000000016,9000000371.0,Missed,2025-11-21 17:56:49,0,TOWER-TRY-001,CDR
CDR-02578,9000000035.0,9000000460.0,Missed,2025-01-23 13:21:48,0,TOWER-SLM-001,CDR
CDR-02579,9000000042.0,9000000425.0,Incoming,2026-03-20 04:28:11,623,TOWER-TRY-001,CDR
CDR-02580,9000000034.0,9000000088.0,Missed,2025-07-14 03:14:00,0,TOWER-CHN-001,CDR
CDR-02581,9000000381.0,9000000251.0,Missed,2025-03-12 15:44:14,0,TOWER-TUP-001,CDR
CDR-02582,9000000034.0,9000000240,Missed,2025-10-30 09:48:43,0,TOWER-SLM-001,CDR
CDR-02583,9000000486.0,9000000347.0,Outgoing,2025-07-05 21:09:39,750,TOWER-CHN-001,CDR
CDR-02584,9000000251.0,9000000127.0,Outgoing,2025-08-16 13:34:43,145,TOWER-CBE-001,CDR
CDR-02585,9000000363.0,9000000367,Missed,2025-12-25 05:00:38,0,TOWER-VLR-001,CDR
CDR-02586,9000000169,9000000022.0,Outgoing,2025-05-18 09:14:34,257,TOWER-VLR-001,CDR
CDR-02587,9000000303,9000000291,Missed,2025-09-15 07:07:10,0,TOWER-CHN-001,CDR
CDR-02588,9000000169,9000000391,Missed,2025-02-24 05:57:15,0,TOWER-ERD-001,CDR
CDR-02589,9000000163.0,9000000382.0,Missed,2026-01-01 05:20:06,0,TOWER-TRY-001,CDR
CDR-02590,9000000078.0,9000000467.0,Outgoing,2026-02-22 08:46:14,743,TOWER-CBE-001,CDR
CDR-02591,9000000176.0,9000000150.0,Outgoing,2026-07-18 22:12:46,502,TOWER-ERD-001,CDR
CDR-02592,9000000342.0,9000000326.0,Missed,2025-01-31 23:54:37,0,TOWER-TUP-001,CDR
CDR-02593,9000000205.0,9000000236,Missed,2026-05-20 13:58:38,0,TOWER-VLR-001,CDR
CDR-02594,9000000061,9000000025.0,Incoming,2025-07-23 21:20:16,159,TOWER-CBE-001,CDR
CDR-02595,9000000268.0,9000000185.0,Outgoing,2025-09-21 22:58:35,682,TOWER-CHN-001,CDR
CDR-02596,9000000285.0,9000000158.0,Incoming,2025-03-17 10:33:15,280,TOWER-TUP-001,CDR
CDR-02597,9000000092,9000000067,Missed,2026-01-17 19:39:29,0,TOWER-SLM-001,CDR
CDR-02598,9000000094,9000000378.0,Outgoing,2025-12-12 09:17:17,715,TOWER-TUP-001,CDR
CDR-02599,9000000244.0,9000000098.0,Missed,2025-08-02 19:56:41,0,TOWER-ERD-001,CDR
CDR-02600,9000000006.0,9000000090,Missed,2025-08-13 00:43:58,0,TOWER-ERD-001,CDR
CDR-02601,9000000333.0,9000000431.0,Missed,2025-10-09 17:40:11,0,TOWER-MDU-001,CDR
CDR-02602,9000000319.0,9000000172,Missed,2026-05-08 08:39:05,0,TOWER-MDU-001,CDR
CDR-02603,9000000191.0,9000000029.0,Missed,2025-08-18 00:57:16,0,TOWER-CHN-001,CDR
CDR-02604,9000000002.0,9000000387,Missed,2025-08-16 01:28:47,0,TOWER-TRY-001,CDR
CDR-02605,9000000012,9000000072,Incoming,2025-06-14 09:39:59,881,TOWER-MDU-001,CDR
CDR-02606,9000000090,9000000076.0,Incoming,2025-10-10 20:28:04,275,TOWER-TRY-001,CDR
CDR-02607,9000000278,9000000134.0,Outgoing,2025-05-02 01:45:18,669,TOWER-TUP-001,CDR
CDR-02608,9000000474,9000000289.0,Outgoing,2026-01-12 21:38:13,896,TOWER-CHN-001,CDR
CDR-02609,9000000454.0,9000000420,Incoming,2025-10-23 01:20:03,505,TOWER-ERD-001,CDR
CDR-02610,9000000228.0,9000000378.0,Incoming,2025-06-10 08:07:13,326,TOWER-SLM-001,CDR
CDR-02611,9000000183.0,9000000108,Missed,2026-07-21 01:06:17,0,TOWER-CBE-001,CDR
CDR-02612,9000000391.0,9000000200,Outgoing,2026-03-19 06:32:03,480,TOWER-ERD-001,CDR
CDR-02613,9000000260.0,9000000072,Missed,2025-06-07 07:25:57,0,TOWER-TUP-001,CDR
CDR-02614,9000000163.0,9000000051.0,Missed,2025-03-18 18:30:41,0,TOWER-TUP-001,CDR
CDR-02615,9000000099,9000000010.0,Outgoing,2026-02-20 08:32:04,576,TOWER-CBE-001,CDR
CDR-02616,9000000181.0,9000000001,Missed,2026-02-11 04:28:19,0,TOWER-SLM-001,CDR
CDR-02617,9000000169,9000000366.0,Missed,2025-05-22 21:29:19,0,TOWER-SLM-001,CDR
CDR-02618,9000000072,9000000444.0,Incoming,2026-04-19 03:08:59,51,TOWER-MDU-001,CDR
CDR-02619,9000000448,9000000108,Incoming,2025-05-28 14:07:14,770,TOWER-CBE-001,CDR
CDR-02620,9000000249,9000000474,Outgoing,2025-06-11 08:24:21,72,TOWER-SLM-001,CDR
CDR-02621,9000000456.0,9000000017.0,Missed,2026-01-06 17:11:13,0,TOWER-VLR-001,CDR
CDR-02622,9000000183,9000000476.0,Incoming,2026-05-08 08:51:31,336,TOWER-CBE-001,CDR
CDR-02623,9000000391.0,9000000435.0,Incoming,2025-03-06 18:25:53,462,TOWER-VLR-001,CDR
CDR-02624,9000000302.0,9000000407.0,Missed,2026-04-03 18:45:45,0,TOWER-SLM-001,CDR
CDR-02625,9000000457.0,9000000186,Outgoing,2025-01-08 11:00:11,592,TOWER-TRY-001,CDR
CDR-02626,9000000362.0,9000000167.0,Missed,2025-06-01 07:18:43,0,TOWER-VLR-001,CDR
CDR-02627,9000000345.0,9000000163,Outgoing,2025-07-30 07:01:08,625,TOWER-VLR-001,CDR
CDR-02628,9000000283,9000000032.0,Missed,2026-01-11 08:59:08,0,TOWER-MDU-001,CDR
CDR-02629,9000000480.0,9000000247.0,Missed,2025-07-13 10:06:23,0,TOWER-TUP-001,CDR
CDR-02630,9000000482,9000000040,Missed,2025-08-28 20:31:26,0,TOWER-VLR-001,CDR
CDR-02631,9000000362.0,9000000246,Outgoing,2025-09-05 22:27:35,16,TOWER-VLR-001,CDR
CDR-02632,9000000464.0,9000000343.0,Incoming,2025-12-02 13:20:30,77,TOWER-MDU-001,CDR
CDR-02633,9000000105.0,9000000167.0,Outgoing,2026-06-18 13:50:33,663,TOWER-CHN-001,CDR
CDR-02634,9000000495.0,9000000047.0,Incoming,2025-08-27 14:37:45,228,TOWER-MDU-001,CDR
CDR-02635,9000000126.0,9000000213,Outgoing,2026-06-16 20:35:47,115,TOWER-MDU-001,CDR
CDR-02636,9000000276.0,9000000066,Missed,2025-05-01 01:54:32,0,TOWER-TUP-001,CDR
CDR-02637,9000000352.0,9000000160,Outgoing,2025-05-14 10:09:38,814,TOWER-CHN-001,CDR
CDR-02638,9000000352.0,9000000398.0,Missed,2026-01-03 23:48:35,0,TOWER-TRY-001,CDR
CDR-02639,9000000401.0,9000000413.0,Outgoing,2025-08-24 19:51:07,493,TOWER-TUP-001,CDR
CDR-02640,9000000024.0,9000000081.0,Outgoing,2025-10-02 21:47:59,754,TOWER-TUP-001,CDR
CDR-02641,9000000135.0,9000000409.0,Outgoing,2025-11-02 16:09:30,586,TOWER-TRY-001,CDR
CDR-02642,9000000242,9000000265,Incoming,2025-10-02 15:48:16,428,TOWER-CHN-001,CDR
CDR-02643,9000000444.0,9000000023,Incoming,2026-07-02 01:49:44,848,TOWER-SLM-001,CDR
CDR-02644,9000000380.0,9000000366.0,Outgoing,2025-10-18 02:04:55,862,TOWER-ERD-001,CDR
CDR-02645,9000000435,9000000050.0,Outgoing,2026-03-10 11:08:40,343,TOWER-SLM-001,CDR
CDR-02646,9000000164.0,9000000425.0,Outgoing,2025-08-01 19:02:27,886,TOWER-CBE-001,CDR
CDR-02647,9000000021,9000000285.0,Incoming,2026-07-16 10:53:05,343,TOWER-VLR-001,CDR
CDR-02648,9000000019,9000000124.0,Incoming,2026-05-28 04:26:48,809,TOWER-TRY-001,CDR
CDR-02649,9000000186,9000000495,Outgoing,2026-04-01 05:57:49,631,TOWER-TRY-001,CDR
CDR-02650,9000000433.0,9000000062,Incoming,2025-09-24 04:14:26,664,TOWER-MDU-001,CDR
CDR-02651,9000000344,9000000195.0,Outgoing,2025-03-28 05:45:50,301,TOWER-VLR-001,CDR
CDR-02652,9000000137.0,9000000092,Outgoing,2026-07-23 21:50:21,803,TOWER-TRY-001,CDR
CDR-02653,9000000313,9000000199.0,Missed,2025-08-21 03:04:21,0,TOWER-SLM-001,CDR
CDR-02654,9000000308.0,9000000041,Outgoing,2025-09-12 15:25:11,261,TOWER-MDU-001,CDR
CDR-02655,9000000111.0,9000000213,Outgoing,2025-01-17 23:20:50,716,TOWER-CHN-001,CDR
CDR-02656,9000000119.0,9000000294,Outgoing,2025-12-13 07:04:00,801,TOWER-SLM-001,CDR
CDR-02657,9000000300.0,9000000025,Outgoing,2025-12-24 22:00:12,243,TOWER-TUP-001,CDR
CDR-02658,9000000011.0,9000000216.0,Missed,2026-07-01 20:38:07,0,TOWER-MDU-001,CDR
CDR-02659,9000000060.0,9000000034.0,Incoming,2026-05-14 20:13:32,132,TOWER-TRY-001,CDR
CDR-02660,9000000050.0,9000000054.0,Outgoing,2025-02-07 07:21:51,827,TOWER-ERD-001,CDR
CDR-02661,9000000171.0,9000000375.0,Incoming,2025-12-06 14:07:39,589,TOWER-ERD-001,CDR
CDR-02662,9000000201.0,9000000368,Missed,2026-01-18 03:43:16,0,TOWER-MDU-001,CDR
CDR-02663,9000000440.0,9000000011.0,Missed,2025-02-22 03:00:40,0,TOWER-CBE-001,CDR
CDR-02664,9000000147.0,9000000201,Missed,2025-03-29 06:04:29,0,TOWER-CHN-001,CDR
CDR-02665,9000000308,9000000306.0,Missed,2025-12-30 20:28:52,0,TOWER-SLM-001,CDR
CDR-02666,9000000222,9000000430.0,Outgoing,2025-12-17 12:37:44,486,TOWER-CHN-001,CDR
CDR-02667,9000000462,9000000222,Incoming,2026-03-23 18:56:53,673,TOWER-TUP-001,CDR
CDR-02668,9000000075.0,9000000401,Missed,2026-07-29 08:30:27,0,TOWER-TRY-001,CDR
CDR-02669,9000000492.0,9000000296.0,Missed,2025-08-17 05:05:09,0,TOWER-ERD-001,CDR
CDR-02670,9000000421.0,9000000452.0,Incoming,2025-09-08 09:40:44,240,TOWER-TRY-001,CDR
CDR-02671,9000000199.0,9000000326,Incoming,2026-06-08 22:18:19,608,TOWER-TUP-001,CDR
CDR-02672,9000000100.0,9000000347.0,Missed,2026-06-01 19:59:23,0,TOWER-SLM-001,CDR
CDR-02673,9000000440.0,9000000453.0,Missed,2026-03-25 01:22:36,0,TOWER-CHN-001,CDR
CDR-02674,9000000460.0,9000000090,Incoming,2025-05-22 01:01:18,325,TOWER-CBE-001,CDR
CDR-02675,9000000399,9000000176.0,Missed,2025-01-31 15:26:58,0,TOWER-CHN-001,CDR
CDR-02676,9000000110.0,9000000490.0,Incoming,2025-09-02 22:17:37,345,TOWER-SLM-001,CDR
CDR-02677,9000000380.0,9000000477.0,Outgoing,2025-11-26 13:13:12,177,TOWER-MDU-001,CDR
CDR-02678,9000000096.0,9000000325.0,Outgoing,2025-04-17 15:41:03,37,TOWER-VLR-001,CDR
CDR-02679,9000000137,9000000091.0,Incoming,2026-08-01 20:05:27,464,TOWER-SLM-001,CDR
CDR-02680,9000000484,9000000271.0,Outgoing,2025-11-07 01:13:15,459,TOWER-SLM-001,CDR
CDR-02681,9000000258,9000000484,Missed,2025-04-07 19:37:54,0,TOWER-CBE-001,CDR
CDR-02682,9000000296,9000000099.0,Missed,2026-07-17 18:00:02,0,TOWER-CBE-001,CDR
CDR-02683,9000000312.0,9000000413,Incoming,2026-07-30 06:34:03,510,TOWER-TUP-001,CDR
CDR-02684,9000000067.0,9000000160.0,Incoming,2025-03-12 12:27:59,225,TOWER-TUP-001,CDR
CDR-02685,9000000435.0,9000000060.0,Missed,2025-03-28 23:41:19,0,TOWER-VLR-001,CDR
CDR-02686,9000000456,9000000208.0,Outgoing,2025-11-23 05:37:39,832,TOWER-TRY-001,CDR
CDR-02687,9000000407.0,9000000453.0,Outgoing,2025-02-20 17:23:04,327,TOWER-TRY-001,CDR
CDR-02688,9000000008.0,9000000413.0,Missed,2025-03-07 14:17:22,0,TOWER-TRY-001,CDR
CDR-02689,9000000403.0,9000000456,Outgoing,2026-05-18 19:39:28,757,TOWER-TUP-001,CDR
CDR-02690,9000000046.0,9000000176,Incoming,2026-03-15 12:31:12,191,TOWER-ERD-001,CDR
CDR-02691,9000000002.0,9000000307.0,Incoming,2026-06-24 21:02:52,153,TOWER-VLR-001,CDR
CDR-02692,9000000162.0,9000000314.0,Missed,2025-06-12 23:25:57,0,TOWER-MDU-001,CDR
CDR-02693,9000000248,9000000192.0,Incoming,2025-05-14 22:08:29,439,TOWER-CHN-001,CDR
CDR-02694,9000000307.0,9000000313,Missed,2026-06-04 08:52:17,0,TOWER-CHN-001,CDR
CDR-02695,9000000452,9000000345,Incoming,2026-01-22 11:06:17,40,TOWER-SLM-001,CDR
CDR-02696,9000000081.0,9000000265,Missed,2025-10-17 20:39:22,0,TOWER-MDU-001,CDR
CDR-02697,9000000025,9000000119,Incoming,2025-01-23 03:13:13,349,TOWER-VLR-001,CDR
CDR-02698,9000000436,9000000251,Outgoing,2026-02-24 00:32:29,57,TOWER-TRY-001,CDR
CDR-02699,9000000457.0,9000000454.0,Incoming,2025-03-19 18:17:00,171,TOWER-ERD-001,CDR
CDR-02700,9000000422,9000000288,Incoming,2025-02-21 12:24:04,439,TOWER-CBE-001,CDR
CDR-02701,9000000039.0,9000000202,Outgoing,2026-02-21 21:19:12,886,TOWER-VLR-001,CDR
CDR-02702,9000000137.0,9000000022.0,Missed,2025-01-01 13:27:07,0,TOWER-MDU-001,CDR
CDR-02703,9000000039.0,9000000269,Outgoing,2025-09-08 18:51:12,141,TOWER-TUP-001,CDR
CDR-02704,9000000338,9000000435.0,Outgoing,2026-03-20 16:40:36,776,TOWER-SLM-001,CDR
CDR-02705,9000000192,9000000479.0,Missed,2025-04-11 19:47:21,0,TOWER-CHN-001,CDR
CDR-02706,9000000108.0,9000000130,Missed,2025-03-15 14:59:54,0,TOWER-TRY-001,CDR
CDR-02707,9000000483.0,9000000132.0,Incoming,2025-07-14 16:50:26,241,TOWER-CHN-001,CDR
CDR-02708,9000000032,9000000032.0,Missed,2025-12-25 23:05:05,0,TOWER-MDU-001,CDR
CDR-02709,9000000328.0,9000000133.0,Outgoing,2026-05-29 13:41:43,393,TOWER-CHN-001,CDR
CDR-02710,9000000084.0,9000000436,Missed,2025-10-27 01:28:46,0,TOWER-ERD-001,CDR
CDR-02711,9000000302.0,9000000246,Incoming,2026-05-08 22:22:22,156,TOWER-ERD-001,CDR
CDR-02712,9000000101.0,9000000486.0,Outgoing,2025-01-10 02:20:13,340,TOWER-VLR-001,CDR
CDR-02713,9000000092.0,9000000327,Incoming,2026-03-25 07:48:55,653,TOWER-TRY-001,CDR
CDR-02714,9000000009.0,9000000021.0,Outgoing,2025-07-24 03:02:00,646,TOWER-VLR-001,CDR
CDR-02715,9000000161,9000000074.0,Missed,2026-02-04 14:48:20,0,TOWER-TUP-001,CDR
CDR-02716,9000000332.0,9000000113.0,Outgoing,2026-01-14 12:57:30,359,TOWER-VLR-001,CDR
CDR-02717,9000000338,9000000378.0,Missed,2025-07-24 04:07:40,0,TOWER-CBE-001,CDR
CDR-02718,9000000394,9000000121,Missed,2025-01-20 17:45:03,0,TOWER-CHN-001,CDR
CDR-02719,9000000105.0,9000000114.0,Outgoing,2025-03-28 07:44:35,859,TOWER-CBE-001,CDR
CDR-02720,9000000202.0,9000000321.0,Incoming,2025-08-27 11:27:41,365,TOWER-VLR-001,CDR
CDR-02721,9000000239.0,9000000144.0,Incoming,2026-01-28 00:43:55,897,TOWER-CHN-001,CDR
CDR-02722,9000000326.0,9000000236,Incoming,2026-06-13 14:49:32,155,TOWER-SLM-001,CDR
CDR-02723,9000000323.0,9000000216.0,Missed,2026-08-02 08:16:18,0,TOWER-TUP-001,CDR
CDR-02724,9000000272.0,9000000240,Incoming,2026-02-17 02:23:02,586,TOWER-ERD-001,CDR
CDR-02725,9000000100.0,9000000368.0,Missed,2025-06-28 23:24:22,0,TOWER-CHN-001,CDR
CDR-02726,9000000289.0,9000000172,Incoming,2025-05-09 15:40:11,706,TOWER-SLM-001,CDR
CDR-02727,9000000313,9000000110.0,Missed,2025-11-26 08:13:34,0,TOWER-SLM-001,CDR
CDR-02728,9000000383.0,9000000271.0,Outgoing,2025-10-30 17:53:02,313,TOWER-TRY-001,CDR
CDR-02729,9000000039.0,9000000410.0,Outgoing,2026-07-15 10:37:22,149,TOWER-MDU-001,CDR
CDR-02730,9000000345.0,9000000021,Outgoing,2026-03-08 16:04:06,735,TOWER-MDU-001,CDR
CDR-02731,9000000380.0,9000000483,Incoming,2025-11-15 17:57:15,70,TOWER-CHN-001,CDR
CDR-02732,9000000251,9000000318.0,Incoming,2025-07-08 07:50:20,792,TOWER-TRY-001,CDR
CDR-02733,9000000071.0,9000000461.0,Outgoing,2025-05-31 04:42:08,615,TOWER-SLM-001,CDR
CDR-02734,9000000145.0,9000000078.0,Incoming,2025-04-20 01:59:51,292,TOWER-TRY-001,CDR
CDR-02735,9000000137,9000000017.0,Missed,2025-04-28 22:37:06,0,TOWER-SLM-001,CDR
CDR-02736,9000000225.0,9000000487.0,Missed,2025-08-02 23:08:18,0,TOWER-TUP-001,CDR
CDR-02737,9000000346,9000000161,Missed,2025-08-30 16:27:13,0,TOWER-CBE-001,CDR
CDR-02738,9000000457.0,9000000403.0,Incoming,2025-12-07 09:58:55,686,TOWER-MDU-001,CDR
CDR-02739,9000000025.0,9000000462.0,Missed,2026-04-19 19:53:22,0,TOWER-VLR-001,CDR
CDR-02740,9000000272,9000000078.0,Missed,2025-09-23 03:43:55,0,TOWER-MDU-001,CDR
CDR-02741,9000000003,9000000086,Outgoing,2026-05-02 22:13:55,125,TOWER-VLR-001,CDR
CDR-02742,9000000121,9000000017.0,Incoming,2026-06-22 01:19:06,736,TOWER-VLR-001,CDR
CDR-02743,9000000245.0,9000000108.0,Missed,2025-03-22 00:59:39,0,TOWER-CBE-001,CDR
CDR-02744,9000000022.0,9000000419.0,Outgoing,2026-06-01 10:49:55,257,TOWER-VLR-001,CDR
CDR-02745,9000000243.0,9000000355,Incoming,2025-03-23 16:53:07,663,TOWER-MDU-001,CDR
CDR-02746,9000000027.0,9000000163,Missed,2026-01-30 10:31:01,0,TOWER-TUP-001,CDR
CDR-02747,9000000461.0,9000000163,Outgoing,2025-01-11 00:57:36,95,TOWER-CBE-001,CDR
CDR-02748,9000000045.0,9000000285.0,Missed,2026-01-20 11:01:22,0,TOWER-SLM-001,CDR
CDR-02749,9000000367.0,9000000414,Missed,2025-07-26 10:01:00,0,TOWER-CBE-001,CDR
CDR-02750,9000000072.0,9000000040,Missed,2026-03-16 07:55:21,0,TOWER-TRY-001,CDR
CDR-02751,9000000307.0,9000000252,Incoming,2025-03-25 17:29:39,626,TOWER-CBE-001,CDR
CDR-02752,9000000129.0,9000000089,Incoming,2025-07-05 08:05:35,792,TOWER-TUP-001,CDR
CDR-02753,9000000371.0,9000000355,Outgoing,2026-08-02 02:56:23,745,TOWER-ERD-001,CDR
CDR-02754,9000000007.0,9000000029.0,Outgoing,2026-02-11 01:03:11,597,TOWER-ERD-001,CDR
CDR-02755,9000000051.0,9000000243.0,Missed,2025-01-20 21:58:29,0,TOWER-SLM-001,CDR
CDR-02756,9000000041.0,9000000405.0,Incoming,2025-09-13 12:18:02,655,TOWER-CBE-001,CDR
CDR-02757,9000000342.0,9000000267.0,Incoming,2025-12-21 16:04:22,756,TOWER-MDU-001,CDR
CDR-02758,9000000031.0,9000000327,Outgoing,2025-08-03 20:48:11,264,TOWER-VLR-001,CDR
CDR-02759,9000000446.0,9000000088.0,Outgoing,2026-05-09 01:39:58,725,TOWER-MDU-001,CDR
CDR-02760,9000000208,9000000413,Missed,2026-03-02 01:59:45,0,TOWER-TUP-001,CDR
CDR-02761,9000000412.0,9000000490.0,Incoming,2026-01-24 05:37:33,874,TOWER-CBE-001,CDR
CDR-02762,9000000011.0,9000000261,Missed,2026-02-23 01:25:23,0,TOWER-SLM-001,CDR
CDR-02763,9000000067.0,9000000081.0,Incoming,2025-03-12 05:47:01,749,TOWER-TRY-001,CDR
CDR-02764,9000000330,9000000081,Missed,2025-05-25 14:52:23,0,TOWER-TRY-001,CDR
CDR-02765,9000000492,9000000187.0,Missed,2026-01-13 01:16:09,0,TOWER-TUP-001,CDR
CDR-02766,9000000332.0,9000000038.0,Outgoing,2025-05-04 16:01:36,782,TOWER-CHN-001,CDR
CDR-02767,9000000484.0,9000000456,Incoming,2026-03-28 22:24:40,204,TOWER-MDU-001,CDR
CDR-02768,9000000099.0,9000000128,Outgoing,2026-03-11 21:41:19,784,TOWER-CHN-001,CDR
CDR-02769,9000000326.0,9000000408,Incoming,2025-03-12 07:49:45,105,TOWER-TRY-001,CDR
CDR-02770,9000000140,9000000458.0,Missed,2025-09-22 05:06:56,0,TOWER-TUP-001,CDR
CDR-02771,9000000073.0,9000000453,Outgoing,2026-07-26 21:17:52,116,TOWER-MDU-001,CDR
CDR-02772,9000000479,9000000130,Outgoing,2025-12-10 17:28:11,240,TOWER-ERD-001,CDR
CDR-02773,9000000085.0,9000000346.0,Incoming,2025-08-01 15:47:01,693,TOWER-ERD-001,CDR
CDR-02774,9000000235,9000000193.0,Missed,2025-06-20 01:59:34,0,TOWER-SLM-001,CDR
CDR-02775,9000000058,9000000029.0,Missed,2025-06-17 17:56:13,0,TOWER-CHN-001,CDR
CDR-02776,9000000189.0,9000000441.0,Incoming,2026-04-21 12:37:03,31,TOWER-VLR-001,CDR
CDR-02777,9000000374.0,9000000192.0,Missed,2026-03-05 03:36:00,0,TOWER-SLM-001,CDR
CDR-02778,9000000267.0,9000000113.0,Missed,2026-03-28 04:40:44,0,TOWER-TRY-001,CDR
CDR-02779,9000000129.0,9000000369.0,Missed,2025-07-23 02:34:09,0,TOWER-TUP-001,CDR
CDR-02780,9000000140,9000000430.0,Outgoing,2025-07-02 07:14:00,383,TOWER-TUP-001,CDR
CDR-02781,9000000110.0,9000000200,Incoming,2025-04-15 11:07:39,719,TOWER-TUP-001,CDR
CDR-02782,9000000128.0,9000000250.0,Missed,2025-04-11 00:20:51,0,TOWER-CBE-001,CDR
CDR-02783,9000000099,9000000039.0,Missed,2025-09-01 11:46:47,0,TOWER-CBE-001,CDR
CDR-02784,9000000072,9000000490.0,Missed,2026-06-30 08:55:18,0,TOWER-SLM-001,CDR
CDR-02785,9000000415.0,9000000401.0,Missed,2025-02-11 07:44:49,0,TOWER-VLR-001,CDR
CDR-02786,9000000038.0,9000000081,Missed,2025-12-05 19:03:49,0,TOWER-CBE-001,CDR
CDR-02787,9000000122.0,9000000470,Missed,2025-12-15 08:03:16,0,TOWER-ERD-001,CDR
CDR-02788,9000000007.0,9000000278,Missed,2025-04-25 20:41:07,0,TOWER-CBE-001,CDR
CDR-02789,9000000194.0,9000000228.0,Missed,2025-08-03 10:41:51,0,TOWER-MDU-001,CDR
CDR-02790,9000000381,9000000457.0,Outgoing,2026-07-01 23:34:17,451,TOWER-CHN-001,CDR
CDR-02791,9000000054.0,9000000164.0,Missed,2025-12-18 03:58:24,0,TOWER-MDU-001,CDR
CDR-02792,9000000250.0,9000000273.0,Outgoing,2026-03-19 14:54:40,248,TOWER-TRY-001,CDR
CDR-02793,9000000251,9000000294.0,Missed,2026-04-01 20:05:44,0,TOWER-TUP-001,CDR
CDR-02794,9000000445.0,9000000143.0,Missed,2025-10-06 08:07:08,0,TOWER-CBE-001,CDR
CDR-02795,9000000078.0,9000000256.0,Missed,2025-11-18 08:08:24,0,TOWER-CHN-001,CDR
CDR-02796,9000000434.0,9000000235.0,Missed,2025-05-20 07:09:18,0,TOWER-CHN-001,CDR
CDR-02797,9000000027,9000000235,Missed,2025-04-03 19:38:35,0,TOWER-TUP-001,CDR
CDR-02798,9000000244,9000000105.0,Outgoing,2026-06-29 10:15:22,597,TOWER-TRY-001,CDR
CDR-02799,9000000206,9000000086,Missed,2026-01-04 11:35:52,0,TOWER-CHN-001,CDR
CDR-02800,9000000001.0,9000000186.0,Incoming,2025-10-03 20:36:19,328,TOWER-CHN-001,CDR
CDR-02801,9000000175.0,9000000057.0,Outgoing,2025-05-24 08:34:00,102,TOWER-MDU-001,CDR
CDR-02802,9000000296.0,9000000476,Incoming,2026-05-18 17:09:12,369,TOWER-CBE-001,CDR
CDR-02803,9000000489.0,9000000009.0,Incoming,2025-07-20 05:08:26,546,TOWER-ERD-001,CDR
CDR-02804,9000000314.0,9000000111.0,Incoming,2025-10-17 19:57:50,709,TOWER-CBE-001,CDR
CDR-02805,9000000371,9000000412,Missed,2025-01-10 18:28:47,0,TOWER-ERD-001,CDR
CDR-02806,9000000368,9000000162,Outgoing,2026-03-18 05:45:13,38,TOWER-TUP-001,CDR
CDR-02807,9000000057,9000000083,Incoming,2026-04-28 05:54:01,661,TOWER-VLR-001,CDR
CDR-02808,9000000246,9000000175,Incoming,2025-03-17 07:34:23,363,TOWER-CHN-001,CDR
CDR-02809,9000000234.0,9000000289.0,Missed,2025-05-18 10:10:56,0,TOWER-VLR-001,CDR
CDR-02810,9000000169.0,9000000099,Incoming,2025-12-12 17:23:08,843,TOWER-ERD-001,CDR
CDR-02811,9000000162.0,9000000344,Incoming,2025-08-31 01:51:47,836,TOWER-MDU-001,CDR
CDR-02812,9000000215.0,9000000422,Missed,2025-05-21 03:12:43,0,TOWER-CHN-001,CDR
CDR-02813,9000000407.0,9000000081,Incoming,2025-05-01 14:07:06,627,TOWER-TUP-001,CDR
CDR-02814,9000000355.0,9000000346.0,Outgoing,2025-12-14 22:07:27,812,TOWER-CBE-001,CDR
CDR-02815,9000000359,9000000321,Outgoing,2025-10-12 01:01:16,262,TOWER-CHN-001,CDR
CDR-02816,9000000095.0,9000000261.0,Incoming,2025-11-11 00:24:46,823,TOWER-ERD-001,CDR
CDR-02817,9000000436.0,9000000433.0,Outgoing,2026-05-28 08:57:14,840,TOWER-CBE-001,CDR
CDR-02818,9000000427.0,9000000086.0,Missed,2026-05-24 14:26:01,0,TOWER-TUP-001,CDR
CDR-02819,9000000467,9000000455.0,Missed,2026-06-30 10:04:00,0,TOWER-TRY-001,CDR
CDR-02820,9000000093.0,9000000476,Outgoing,2025-04-16 05:26:58,338,TOWER-VLR-001,CDR
CDR-02821,9000000302.0,9000000342.0,Missed,2025-11-28 03:09:57,0,TOWER-TRY-001,CDR
CDR-02822,9000000103,9000000210,Incoming,2025-01-19 12:18:02,512,TOWER-VLR-001,CDR
CDR-02823,9000000218.0,9000000435,Missed,2026-01-12 00:21:42,0,TOWER-TRY-001,CDR
CDR-02824,9000000081.0,9000000081,Outgoing,2026-06-16 07:39:39,799,TOWER-ERD-001,CDR
CDR-02825,9000000401,9000000220.0,Incoming,2025-08-27 13:07:42,101,TOWER-CHN-001,CDR
CDR-02826,9000000294,9000000141.0,Missed,2025-01-22 17:16:12,0,TOWER-ERD-001,CDR
CDR-02827,9000000390.0,9000000008,Incoming,2026-02-22 16:38:29,370,TOWER-ERD-001,CDR
CDR-02828,9000000414,9000000043.0,Missed,2025-05-19 11:34:07,0,TOWER-TUP-001,CDR
CDR-02829,9000000154.0,9000000021.0,Incoming,2025-05-25 05:47:57,478,TOWER-SLM-001,CDR
CDR-02830,9000000126.0,9000000222,Missed,2025-06-08 03:31:57,0,TOWER-VLR-001,CDR
CDR-02831,9000000367,9000000066,Missed,2026-04-22 03:27:57,0,TOWER-ERD-001,CDR
CDR-02832,9000000046.0,9000000086,Incoming,2025-04-01 08:34:02,715,TOWER-MDU-001,CDR
CDR-02833,9000000259.0,9000000217.0,Missed,2025-09-14 21:38:23,0,TOWER-CHN-001,CDR
CDR-02834,9000000421.0,9000000072,Outgoing,2025-11-09 05:03:14,867,TOWER-ERD-001,CDR
CDR-02835,9000000044.0,9000000487.0,Missed,2025-07-11 05:00:01,0,TOWER-MDU-001,CDR
CDR-02836,9000000475,9000000066,Missed,2026-05-02 09:02:07,0,TOWER-MDU-001,CDR
CDR-02837,9000000325,9000000259,Outgoing,2025-01-08 22:39:09,716,TOWER-TRY-001,CDR
CDR-02838,9000000069.0,9000000210,Outgoing,2025-05-28 04:28:15,872,TOWER-VLR-001,CDR
CDR-02839,9000000300,9000000234.0,Incoming,2026-06-22 21:34:01,651,TOWER-TRY-001,CDR
CDR-02840,9000000220.0,9000000217,Incoming,2026-06-20 13:11:59,688,TOWER-SLM-001,CDR
CDR-02841,9000000078.0,9000000357.0,Incoming,2026-01-15 10:59:10,172,TOWER-CBE-001,CDR
CDR-02842,9000000186.0,9000000476.0,Outgoing,2026-07-29 20:19:56,181,TOWER-MDU-001,CDR
CDR-02843,9000000326.0,9000000110,Missed,2025-08-11 11:36:33,0,TOWER-MDU-001,CDR
CDR-02844,9000000479,9000000007,Incoming,2025-04-03 17:47:25,789,TOWER-TRY-001,CDR
CDR-02845,9000000477.0,9000000109.0,Missed,2026-01-22 18:46:54,0,TOWER-SLM-001,CDR
CDR-02846,9000000059,9000000447.0,Incoming,2026-01-07 21:50:52,490,TOWER-CBE-001,CDR
CDR-02847,9000000362.0,9000000413.0,Incoming,2025-10-29 10:02:04,863,TOWER-CHN-001,CDR
CDR-02848,9000000473.0,9000000119.0,Incoming,2026-04-23 22:24:41,456,TOWER-TUP-001,CDR
CDR-02849,9000000038.0,9000000120.0,Outgoing,2025-02-01 21:15:46,621,TOWER-SLM-001,CDR
CDR-02850,9000000276.0,9000000159.0,Incoming,2025-01-12 00:54:53,592,TOWER-CHN-001,CDR
CDR-02851,9000000474.0,9000000206.0,Incoming,2025-12-25 20:57:52,368,TOWER-SLM-001,CDR
CDR-02852,9000000181.0,9000000439.0,Outgoing,2025-08-15 15:39:02,166,TOWER-CBE-001,CDR
CDR-02853,9000000108.0,9000000300.0,Missed,2025-05-31 22:44:35,0,TOWER-TUP-001,CDR
CDR-02854,9000000374.0,9000000037,Outgoing,2025-07-10 21:35:56,81,TOWER-MDU-001,CDR
CDR-02855,9000000111.0,9000000208,Incoming,2025-09-04 15:37:38,570,TOWER-ERD-001,CDR
CDR-02856,9000000362.0,9000000228.0,Outgoing,2026-02-19 23:35:05,540,TOWER-ERD-001,CDR
CDR-02857,9000000268.0,9000000435,Outgoing,2025-04-22 10:46:54,49,TOWER-CBE-001,CDR
CDR-02858,9000000014,9000000445.0,Outgoing,2026-03-14 01:42:20,13,TOWER-ERD-001,CDR
CDR-02859,9000000369.0,9000000041.0,Incoming,2025-06-24 09:19:12,887,TOWER-ERD-001,CDR
CDR-02860,9000000101,9000000157.0,Incoming,2026-05-19 23:40:33,30,TOWER-VLR-001,CDR
CDR-02861,9000000384.0,9000000090.0,Outgoing,2026-04-24 11:59:14,712,TOWER-TRY-001,CDR
CDR-02862,9000000135.0,9000000101.0,Missed,2026-01-17 00:44:41,0,TOWER-MDU-001,CDR
CDR-02863,9000000023.0,9000000355.0,Outgoing,2025-12-19 19:20:02,166,TOWER-TUP-001,CDR
CDR-02864,9000000193.0,9000000251,Outgoing,2026-07-22 18:25:39,662,TOWER-CHN-001,CDR
CDR-02865,9000000298.0,9000000012,Incoming,2026-07-29 18:42:13,386,TOWER-ERD-001,CDR
CDR-02866,9000000243.0,9000000008.0,Incoming,2025-12-24 05:45:18,53,TOWER-TRY-001,CDR
CDR-02867,9000000462.0,9000000114.0,Outgoing,2026-05-02 14:48:17,138,TOWER-TUP-001,CDR
CDR-02868,9000000380.0,9000000058.0,Outgoing,2025-12-24 17:51:43,437,TOWER-VLR-001,CDR
CDR-02869,9000000225.0,9000000298.0,Outgoing,2025-09-20 09:04:23,382,TOWER-TUP-001,CDR
CDR-02870,9000000051.0,9000000453,Missed,2026-02-16 14:44:14,0,TOWER-SLM-001,CDR
CDR-02871,9000000085.0,9000000325.0,Missed,2025-05-29 07:50:49,0,TOWER-SLM-001,CDR
CDR-02872,9000000034,9000000107,Missed,2025-11-14 01:33:01,0,TOWER-TUP-001,CDR
CDR-02873,9000000319.0,9000000083.0,Outgoing,2026-01-01 05:46:05,154,TOWER-CBE-001,CDR
CDR-02874,9000000444,9000000337,Outgoing,2026-04-30 08:40:25,862,TOWER-TRY-001,CDR
CDR-02875,9000000404.0,9000000127.0,Incoming,2026-03-05 12:18:15,355,TOWER-CHN-001,CDR
CDR-02876,9000000162,9000000185,Outgoing,2025-12-11 01:45:07,194,TOWER-ERD-001,CDR
CDR-02877,9000000367,9000000090.0,Missed,2026-06-03 01:39:38,0,TOWER-CHN-001,CDR
CDR-02878,9000000259,9000000455.0,Incoming,2025-11-09 03:31:14,666,TOWER-SLM-001,CDR
CDR-02879,9000000199.0,9000000447,Outgoing,2025-07-10 20:09:05,489,TOWER-CHN-001,CDR
CDR-02880,9000000186,9000000280.0,Missed,2026-04-21 14:33:48,0,TOWER-ERD-001,CDR
CDR-02881,9000000180.0,9000000228.0,Incoming,2025-01-07 17:35:45,31,TOWER-ERD-001,CDR
CDR-02882,9000000349,9000000143,Outgoing,2025-06-07 16:19:33,375,TOWER-CHN-001,CDR
CDR-02883,9000000083.0,9000000319.0,Incoming,2026-04-30 01:52:50,381,TOWER-TUP-001,CDR
CDR-02884,9000000100,9000000001,Outgoing,2026-07-01 12:06:52,356,TOWER-CHN-001,CDR
CDR-02885,9000000445,9000000390.0,Incoming,2026-03-13 10:20:35,831,TOWER-CHN-001,CDR
CDR-02886,9000000313,9000000343.0,Outgoing,2026-02-18 10:53:15,131,TOWER-TRY-001,CDR
CDR-02887,9000000172,9000000308.0,Missed,2026-05-04 07:29:27,0,TOWER-VLR-001,CDR
CDR-02888,9000000475.0,9000000495,Incoming,2025-04-24 21:41:05,689,TOWER-VLR-001,CDR
CDR-02889,9000000180.0,9000000470.0,Incoming,2026-01-03 05:52:29,400,TOWER-TRY-001,CDR
CDR-02890,9000000278,9000000134.0,Incoming,2026-06-19 11:30:51,610,TOWER-TUP-001,CDR
CDR-02891,9000000065.0,9000000076.0,Missed,2025-05-22 05:37:30,0,TOWER-VLR-001,CDR
CDR-02892,9000000309.0,9000000313.0,Missed,2026-03-17 05:36:03,0,TOWER-TUP-001,CDR
CDR-02893,9000000489.0,9000000323,Outgoing,2025-05-18 15:54:31,80,TOWER-CHN-001,CDR
CDR-02894,9000000008.0,9000000419,Incoming,2026-06-04 13:16:18,123,TOWER-SLM-001,CDR
CDR-02895,9000000025,9000000342.0,Missed,2025-03-06 12:35:14,0,TOWER-TUP-001,CDR
CDR-02896,9000000022.0,9000000235,Incoming,2026-04-04 12:24:48,646,TOWER-TRY-001,CDR
CDR-02897,9000000268.0,9000000452,Outgoing,2026-02-03 18:53:40,206,TOWER-MDU-001,CDR
CDR-02898,9000000427.0,9000000150.0,Outgoing,2025-05-10 14:54:16,336,TOWER-ERD-001,CDR
CDR-02899,9000000056,9000000081.0,Outgoing,2025-12-03 06:46:00,469,TOWER-TUP-001,CDR
CDR-02900,9000000003,9000000259,Missed,2026-05-26 01:39:07,0,TOWER-VLR-001,CDR
CDR-02901,9000000394.0,9000000118,Missed,2025-01-25 08:51:00,0,TOWER-CHN-001,CDR
CDR-02902,9000000301.0,9000000028.0,Incoming,2025-10-23 16:13:26,319,TOWER-SLM-001,CDR
CDR-02903,9000000124.0,9000000484,Outgoing,2026-06-25 01:06:46,46,TOWER-MDU-001,CDR
CDR-02904,9000000091.0,9000000231.0,Outgoing,2026-02-03 03:15:44,832,TOWER-TRY-001,CDR
CDR-02905,9000000382.0,9000000378.0,Incoming,2026-07-13 13:18:52,364,TOWER-MDU-001,CDR
CDR-02906,9000000448,9000000236.0,Outgoing,2025-07-27 03:08:10,298,TOWER-CBE-001,CDR
CDR-02907,9000000135.0,9000000386.0,Missed,2025-09-05 11:23:38,0,TOWER-CBE-001,CDR
CDR-02908,9000000034.0,9000000002.0,Incoming,2025-02-27 19:11:21,258,TOWER-CHN-001,CDR
CDR-02909,9000000375.0,9000000228.0,Incoming,2025-07-04 00:58:51,595,TOWER-CBE-001,CDR
CDR-02910,9000000408,9000000489,Missed,2025-01-11 10:40:27,0,TOWER-TUP-001,CDR
CDR-02911,9000000078.0,9000000044.0,Missed,2026-05-02 07:50:29,0,TOWER-VLR-001,CDR
CDR-02912,9000000462,9000000033.0,Missed,2025-04-05 17:50:31,0,TOWER-ERD-001,CDR
CDR-02913,9000000144,9000000127.0,Missed,2025-03-05 00:51:00,0,TOWER-CHN-001,CDR
CDR-02914,9000000086.0,9000000297.0,Outgoing,2026-06-17 12:31:44,820,TOWER-SLM-001,CDR
CDR-02915,9000000276.0,9000000055,Missed,2025-03-03 16:20:46,0,TOWER-TRY-001,CDR
CDR-02916,9000000025,9000000024,Incoming,2025-06-03 05:56:02,497,TOWER-VLR-001,CDR
CDR-02917,9000000113.0,9000000269,Outgoing,2026-06-10 04:31:24,759,TOWER-ERD-001,CDR
CDR-02918,9000000167.0,9000000070.0,Missed,2025-01-05 21:41:24,0,TOWER-CBE-001,CDR
CDR-02919,9000000283,9000000302.0,Outgoing,2026-02-25 23:34:59,157,TOWER-SLM-001,CDR
CDR-02920,9000000137,9000000408,Incoming,2025-09-07 15:25:54,201,TOWER-SLM-001,CDR
CDR-02921,9000000312.0,9000000055.0,Missed,2026-04-06 01:25:30,0,TOWER-MDU-001,CDR
CDR-02922,9000000240,9000000267.0,Missed,2026-05-13 13:33:21,0,TOWER-MDU-001,CDR
CDR-02923,9000000226,9000000121,Outgoing,2025-09-25 18:46:27,854,TOWER-SLM-001,CDR
CDR-02924,9000000213,9000000208.0,Missed,2026-06-15 21:56:30,0,TOWER-MDU-001,CDR
CDR-02925,9000000469.0,9000000486.0,Incoming,2025-02-18 18:21:34,73,TOWER-VLR-001,CDR
CDR-02926,9000000327,9000000222.0,Missed,2025-12-01 01:32:52,0,TOWER-CBE-001,CDR
CDR-02927,9000000340,9000000189.0,Missed,2026-06-08 21:36:44,0,TOWER-CBE-001,CDR
CDR-02928,9000000320.0,9000000299,Outgoing,2026-06-14 00:15:59,724,TOWER-CBE-001,CDR
CDR-02929,9000000381.0,9000000398,Missed,2025-09-05 19:47:01,0,TOWER-VLR-001,CDR
CDR-02930,9000000436.0,9000000331,Outgoing,2025-08-22 05:00:46,521,TOWER-VLR-001,CDR
CDR-02931,9000000330,9000000093.0,Missed,2025-05-28 19:10:13,0,TOWER-SLM-001,CDR
CDR-02932,9000000182,9000000134.0,Incoming,2025-10-02 02:26:20,717,TOWER-TRY-001,CDR
CDR-02933,9000000415.0,9000000036,Outgoing,2025-11-10 04:58:11,825,TOWER-VLR-001,CDR
CDR-02934,9000000202,9000000337,Incoming,2026-07-28 02:41:32,155,TOWER-TRY-001,CDR
CDR-02935,9000000461.0,9000000037,Incoming,2025-09-04 00:09:14,817,TOWER-TRY-001,CDR
CDR-02936,9000000238,9000000205.0,Outgoing,2025-12-04 09:27:13,24,TOWER-CHN-001,CDR
CDR-02937,9000000199.0,9000000019,Incoming,2025-03-15 16:03:41,232,TOWER-ERD-001,CDR
CDR-02938,9000000439.0,9000000251.0,Incoming,2025-09-20 00:00:41,287,TOWER-SLM-001,CDR
CDR-02939,9000000470,9000000081,Outgoing,2025-08-24 18:03:45,172,TOWER-MDU-001,CDR
CDR-02940,9000000072,9000000291.0,Outgoing,2026-07-17 03:17:24,631,TOWER-VLR-001,CDR
CDR-02941,9000000334.0,9000000103,Incoming,2026-06-02 03:12:37,509,TOWER-ERD-001,CDR
CDR-02942,9000000284.0,9000000033.0,Incoming,2026-07-03 09:14:35,341,TOWER-VLR-001,CDR
CDR-02943,9000000445,9000000176,Incoming,2026-01-19 21:08:40,541,TOWER-SLM-001,CDR
CDR-02944,9000000126,9000000261.0,Incoming,2026-05-06 12:10:25,325,TOWER-CHN-001,CDR
CDR-02945,9000000040.0,9000000014.0,Missed,2026-04-26 09:18:22,0,TOWER-TRY-001,CDR
CDR-02946,9000000125.0,9000000419.0,Incoming,2025-08-07 22:56:35,552,TOWER-TUP-001,CDR
CDR-02947,9000000375.0,9000000002.0,Outgoing,2026-01-03 19:06:33,588,TOWER-CBE-001,CDR
CDR-02948,9000000303.0,9000000001,Outgoing,2025-07-11 03:49:12,437,TOWER-SLM-001,CDR
CDR-02949,9000000368,9000000014,Outgoing,2026-01-05 20:46:54,659,TOWER-MDU-001,CDR
CDR-02950,9000000036.0,9000000408.0,Missed,2025-09-15 03:25:08,0,TOWER-SLM-001,CDR
CDR-02951,9000000059,9000000435,Missed,2026-03-21 11:58:42,0,TOWER-SLM-001,CDR
CDR-02952,9000000019,9000000016.0,Incoming,2026-03-14 12:38:10,510,TOWER-VLR-001,CDR
CDR-02953,9000000452.0,9000000330,Missed,2025-03-16 05:47:23,0,TOWER-TRY-001,CDR
CDR-02954,9000000090,9000000435,Incoming,2026-01-17 07:47:37,551,TOWER-VLR-001,CDR
CDR-02955,9000000022.0,9000000379.0,Incoming,2025-10-30 14:13:54,470,TOWER-SLM-001,CDR
CDR-02956,9000000027.0,9000000120.0,Outgoing,2025-02-15 20:14:09,878,TOWER-VLR-001,CDR
CDR-02957,9000000128.0,9000000288,Missed,2025-01-03 08:54:58,0,TOWER-TUP-001,CDR
CDR-02958,9000000056.0,9000000158.0,Missed,2025-04-24 11:52:40,0,TOWER-MDU-001,CDR
CDR-02959,9000000126.0,9000000431,Outgoing,2026-02-21 13:32:46,629,TOWER-SLM-001,CDR
CDR-02960,9000000491.0,9000000228,Missed,2025-04-04 11:43:05,0,TOWER-MDU-001,CDR
CDR-02961,9000000314.0,9000000434.0,Missed,2026-01-27 13:39:01,0,TOWER-MDU-001,CDR
CDR-02962,9000000235.0,9000000301,Outgoing,2025-01-09 11:27:07,727,TOWER-MDU-001,CDR
CDR-02963,9000000007,9000000325,Incoming,2025-01-20 15:19:20,313,TOWER-ERD-001,CDR
CDR-02964,9000000355,9000000240.0,Outgoing,2025-04-25 15:44:17,486,TOWER-VLR-001,CDR
CDR-02965,9000000252,9000000036.0,Incoming,2025-12-11 23:21:22,618,TOWER-TUP-001,CDR
CDR-02966,9000000215.0,9000000023,Outgoing,2025-06-03 14:53:57,292,TOWER-VLR-001,CDR
CDR-02967,9000000110,9000000312.0,Missed,2025-04-10 20:04:43,0,TOWER-TUP-001,CDR
CDR-02968,9000000323.0,9000000137,Incoming,2025-09-11 15:06:36,898,TOWER-VLR-001,CDR
CDR-02969,9000000399.0,9000000487.0,Outgoing,2026-07-14 15:07:00,861,TOWER-TRY-001,CDR
CDR-02970,9000000202.0,9000000399,Missed,2025-12-04 07:11:09,0,TOWER-TUP-001,CDR
CDR-02971,9000000054.0,9000000463.0,Outgoing,2025-01-27 19:45:36,637,TOWER-MDU-001,CDR
CDR-02972,9000000282.0,9000000013.0,Missed,2025-01-31 14:07:25,0,TOWER-ERD-001,CDR
CDR-02973,9000000249,9000000159,Incoming,2025-04-19 16:08:17,79,TOWER-CHN-001,CDR
CDR-02974,9000000339.0,9000000474,Incoming,2025-07-02 12:58:15,740,TOWER-CBE-001,CDR
CDR-02975,9000000393.0,9000000200,Outgoing,2025-11-17 12:12:01,93,TOWER-TUP-001,CDR
CDR-02976,9000000057,9000000243,Outgoing,2025-02-18 06:34:06,568,TOWER-TRY-001,CDR
CDR-02977,9000000054.0,9000000388.0,Missed,2025-03-11 11:54:39,0,TOWER-SLM-001,CDR
CDR-02978,9000000217,9000000172,Incoming,2025-07-22 12:49:11,791,TOWER-SLM-001,CDR
CDR-02979,9000000095.0,9000000181.0,Missed,2026-06-15 21:46:20,0,TOWER-ERD-001,CDR
CDR-02980,9000000390,9000000108.0,Outgoing,2025-02-02 18:12:55,53,TOWER-SLM-001,CDR
CDR-02981,9000000096.0,9000000451.0,Incoming,2025-09-06 03:08:51,522,TOWER-TUP-001,CDR
CDR-02982,9000000369.0,9000000054.0,Incoming,2025-08-13 23:16:11,532,TOWER-VLR-001,CDR
CDR-02983,9000000150.0,9000000192.0,Missed,2025-02-22 18:53:41,0,TOWER-ERD-001,CDR
CDR-02984,9000000127.0,9000000482.0,Incoming,2025-06-28 06:18:06,223,TOWER-VLR-001,CDR
CDR-02985,9000000208.0,9000000422,Missed,2025-03-04 15:00:15,0,TOWER-TUP-001,CDR
CDR-02986,9000000177.0,9000000198.0,Outgoing,2025-04-29 06:15:17,227,TOWER-ERD-001,CDR
CDR-02987,9000000469.0,9000000379.0,Missed,2025-10-18 17:28:06,0,TOWER-TRY-001,CDR
CDR-02988,9000000071.0,9000000477.0,Missed,2025-07-19 01:22:20,0,TOWER-TUP-001,CDR
CDR-02989,9000000232,9000000368,Outgoing,2025-04-03 13:26:46,412,TOWER-MDU-001,CDR
CDR-02990,9000000009.0,9000000119,Outgoing,2026-05-21 23:08:12,627,TOWER-TRY-001,CDR
CDR-02991,9000000325,9000000070.0,Incoming,2025-10-28 22:37:47,52,TOWER-CBE-001,CDR
CDR-02992,9000000258,9000000127.0,Missed,2026-07-26 10:29:20,0,TOWER-MDU-001,CDR
CDR-02993,9000000021.0,9000000019,Outgoing,2025-12-27 05:28:53,379,TOWER-ERD-001,CDR
CDR-02994,9000000194,9000000041.0,Outgoing,2026-02-01 23:34:59,232,TOWER-ERD-001,CDR
CDR-02995,9000000351.0,9000000189.0,Incoming,2025-05-21 12:34:38,859,TOWER-TUP-001,CDR
CDR-02996,9000000367,9000000097.0,Missed,2025-10-29 19:30:06,0,TOWER-TUP-001,CDR
CDR-02997,9000000347.0,9000000439.0,Missed,2025-05-09 08:37:08,0,TOWER-VLR-001,CDR
CDR-02998,9000000331,9000000040,Missed,2025-08-10 15:10:09,0,TOWER-SLM-001,CDR
CDR-02999,9000000098,9000000340.0,Incoming,2025-01-25 05:36:32,883,TOWER-ERD-001,CDR
CDR-03000,9000000346,9000000023,Incoming,2025-12-12 16:31:52,320,TOWER-TRY-001,CDR
