TXN_ID,Sender_Account,Receiver_Account,Transaction_Type,Amount_INR,Transaction_DateTime,Bank,Mobile_Ref,Suspicious_Flag,Source
TXN-00001,EXT-ACC-244597,SYN-ACC-100005,IMPS,7000,2025-09-25 03:47:57,South Indian Bank,9000000330,None,Financial
TXN-00002,SYN-ACC-100033,EXT-ACC-310328,RTGS,109801,2026-07-02 06:10:15,Canara Bank,9000000128,Unusual hours transfer,Financial
TXN-00003,EXT-ACC-213238,SYN-ACC-100001,Cash Deposit,6320,2025-07-27 08:49:38,Karnataka Bank,9000000436,None,Financial
TXN-00004,SYN-ACC-100077,SYN-ACC-100052,Cheque,72571,2026-08-20 18:24:11,SBI,9000000069,Multiple small transfers (structuring),Financial
TXN-00005,SYN-ACC-100099,EXT-ACC-341245,UPI,14994,2025-12-23 09:37:06,Indian Bank,9000000393.0,None,Financial
TXN-00006,SYN-ACC-100006,EXT-ACC-352350,NEFT,440103,2025-03-12 14:40:27,SBI,NULL,Rapid in-out movement,Financial
TXN-00007,EXT-ACC-255333,SYN-ACC-100089,RTGS,4619,2025-01-09 22:01:18,Karnataka Bank,9000000422,None,Financial
TXN-00008,EXT-ACC-244587,SYN-ACC-100076,NEFT,1986797,2026-01-24 19:36:05,Indian Bank,9000000033.0,New account high value,Financial
TXN-00009,SYN-ACC-100026,SYN-ACC-100003,Cash Withdrawal,151200,2026-01-15 12:16:14,SBI,9000000430,Round-number transaction,Financial
TXN-00010,EXT-ACC-210322,SYN-ACC-100062,UPI,48000,2026-01-05 03:54:20,Federal Bank,9000000144,None,Financial
TXN-00011,SYN-ACC-100034,SYN-ACC-100077,UPI,11504,2025-12-07 06:46:38,Federal Bank,9000000393.0,Multiple small transfers (structuring),Financial
TXN-00012,SYN-ACC-100084,SYN-ACC-100054,RTGS,1014,2025-02-25 00:52:36,Federal Bank,9000000412,Round-number transaction,Financial
TXN-00013,EXT-ACC-274847,SYN-ACC-100095,NEFT,2000,2025-12-01 19:22:35,ICICI Bank,9000000245.0,None,Financial
TXN-00014,SYN-ACC-100051,SYN-ACC-100054,IMPS,43645,2025-05-28 17:45:03,Federal Bank,9000000427.0,Round-number transaction,Financial
TXN-00015,EXT-ACC-209880,SYN-ACC-100055,RTGS,9356,2025-03-14 10:32:38,UCO Bank,9000000425,Cross-state transfer,Financial
TXN-00016,EXT-ACC-221579,SYN-ACC-100068,UPI,134278,2026-06-26 01:24:24,Federal Bank,9000000291,Round-number transaction,Financial
TXN-00017,EXT-ACC-275914,EXT-ACC-307989,IMPS,10071,2026-02-17 12:54:31,Indian Bank,9000000145.0,Round-number transaction,Financial
TXN-00018,EXT-ACC-208981,SYN-ACC-100029,UPI,9833,2026-04-07 18:38:25,SBI,9000000363.0,None,Financial
TXN-00019,SYN-ACC-100072,EXT-ACC-326772,IMPS,4851,2026-06-06 17:12:47,Karnataka Bank,9000000189.0,Unusual hours transfer,Financial
TXN-00020,EXT-ACC-213104,SYN-ACC-100005,UPI,1997000,2025-07-09 17:47:29,ICICI Bank,9000000081,None,Financial
TXN-00021,EXT-ACC-280173,EXT-ACC-385717,NEFT,93481,2025-03-22 10:59:32,Indian Bank,9000000033.0,None,Financial
TXN-00022,SYN-ACC-100045,SYN-ACC-100077,UPI,84202,2025-07-15 01:14:21,SBI,9000000427.0,Rapid in-out movement,Financial
TXN-00023,EXT-ACC-283507,EXT-ACC-321178,IMPS,127116,2025-03-28 21:28:49,Canara Bank,NULL,None,Financial
TXN-00024,EXT-ACC-271511,SYN-ACC-100057,RTGS,1185,2026-09-11 08:47:43,SBI,NULL,Cross-state transfer,Financial
TXN-00025,EXT-ACC-246357,EXT-ACC-353264,Cheque,77060,2026-09-14 06:58:29,Indian Bank,NULL,Multiple small transfers (structuring),Financial
TXN-00026,SYN-ACC-100099,EXT-ACC-353964,Cash Deposit,1850265,2025-05-04 15:39:46,Canara Bank,9000000025,Cross-state transfer,Financial
TXN-00027,SYN-ACC-100047,EXT-ACC-329219,UPI,5878,2025-02-23 22:05:47,HDFC Bank,9000000145.0,None,Financial
TXN-00028,EXT-ACC-243404,EXT-ACC-315118,Cash Deposit,10012,2025-07-26 04:39:06,SBI,9000000352.0,New account high value,Financial
TXN-00029,EXT-ACC-241114,SYN-ACC-100068,UPI,548625,2026-07-05 12:42:55,Axis Bank,9000000004.0,None,Financial
TXN-00030,EXT-ACC-287900,SYN-ACC-100076,Cash Withdrawal,1456852,2025-04-07 19:11:03,HDFC Bank,9000000130,New account high value,Financial
TXN-00031,SYN-ACC-100033,SYN-ACC-100099,IMPS,1440829,2025-11-12 09:47:23,Federal Bank,NULL,Cross-state transfer,Financial
TXN-00032,EXT-ACC-279516,EXT-ACC-360946,NEFT,149002,2026-09-11 06:58:37,Indian Bank,9000000269,None,Financial
TXN-00033,EXT-ACC-281167,SYN-ACC-100047,IMPS,73889,2025-04-25 10:52:37,SBI,9000000201,None,Financial
TXN-00034,SYN-ACC-100094,SYN-ACC-100026,IMPS,4000,2026-06-19 02:12:39,SBI,NULL,Round-number transaction,Financial
TXN-00035,SYN-ACC-100047,EXT-ACC-360889,UPI,14000,2025-04-14 13:37:15,Kotak Bank,9000000232,Cross-state transfer,Financial
TXN-00036,SYN-ACC-100077,SYN-ACC-100020,NEFT,1709559,2025-12-16 13:54:30,HDFC Bank,NULL,Unusual hours transfer,Financial
TXN-00037,SYN-ACC-100084,SYN-ACC-100067,UPI,9000,2025-04-28 03:41:14,UCO Bank,9000000012,Cross-state transfer,Financial
TXN-00038,SYN-ACC-100016,SYN-ACC-100026,NEFT,1374904,2025-01-16 04:06:07,South Indian Bank,9000000008,Cross-state transfer,Financial
TXN-00039,EXT-ACC-254921,SYN-ACC-100077,IMPS,1173892,2025-12-05 12:34:17,Kotak Bank,9000000162,None,Financial
TXN-00040,SYN-ACC-100003,SYN-ACC-100033,RTGS,6955,2026-05-30 23:12:40,SBI,9000000093.0,Rapid in-out movement,Financial
TXN-00041,SYN-ACC-100007,SYN-ACC-100012,UPI,733547,2025-11-24 10:32:16,HDFC Bank,NULL,None,Financial
TXN-00042,SYN-ACC-100016,EXT-ACC-345870,UPI,11000,2025-01-25 02:26:27,UCO Bank,9000000095.0,Round-number transaction,Financial
TXN-00043,SYN-ACC-100033,EXT-ACC-360952,IMPS,58985,2026-08-04 22:20:40,Canara Bank,NULL,Rapid in-out movement,Financial
TXN-00044,SYN-ACC-100082,SYN-ACC-100091,Cash Withdrawal,12000,2026-04-05 21:30:14,Karnataka Bank,9000000413,Unusual hours transfer,Financial
TXN-00045,EXT-ACC-278697,EXT-ACC-374177,IMPS,7518,2025-02-23 13:26:48,Federal Bank,9000000486.0,None,Financial
TXN-00046,EXT-ACC-213833,SYN-ACC-100057,Cash Withdrawal,3006,2026-07-24 22:56:09,Federal Bank,NULL,Unusual hours transfer,Financial
TXN-00047,EXT-ACC-263372,SYN-ACC-100093,RTGS,4522,2025-03-09 07:30:48,HDFC Bank,NULL,Cross-state transfer,Financial
TXN-00048,EXT-ACC-274691,SYN-ACC-100052,UPI,531346,2025-10-03 14:25:00,HDFC Bank,9000000367,None,Financial
TXN-00049,EXT-ACC-272848,SYN-ACC-100053,UPI,143078,2025-07-06 15:57:46,Kotak Bank,9000000166.0,None,Financial
TXN-00050,SYN-ACC-100084,EXT-ACC-340135,IMPS,9568,2025-11-27 11:57:57,Federal Bank,9000000403.0,Rapid in-out movement,Financial
TXN-00051,SYN-ACC-100077,SYN-ACC-100014,Cash Withdrawal,65212,2026-01-12 02:06:57,HDFC Bank,9000000337,Multiple small transfers (structuring),Financial
TXN-00052,EXT-ACC-238829,SYN-ACC-100003,UPI,87000,2025-02-12 08:26:19,Federal Bank,9000000090,None,Financial
TXN-00053,SYN-ACC-100055,SYN-ACC-100056,NEFT,1341,2026-01-07 01:31:03,Canara Bank,NULL,None,Financial
TXN-00054,SYN-ACC-100098,SYN-ACC-100047,Cash Withdrawal,5000,2026-08-17 18:15:31,Axis Bank,9000000185,Cross-state transfer,Financial
TXN-00055,SYN-ACC-100043,SYN-ACC-100006,NEFT,30790,2026-07-29 20:15:52,Canara Bank,NULL,Cross-state transfer,Financial
TXN-00056,SYN-ACC-100054,SYN-ACC-100016,UPI,11794,2025-08-15 05:28:00,SBI,9000000169,Unusual hours transfer,Financial
TXN-00057,SYN-ACC-100098,EXT-ACC-381927,RTGS,66858,2026-02-27 23:22:42,UCO Bank,9000000282.0,Round-number transaction,Financial
TXN-00058,EXT-ACC-277993,EXT-ACC-374607,Cash Withdrawal,8179,2026-06-28 11:58:52,Axis Bank,NULL,None,Financial
TXN-00059,SYN-ACC-100076,SYN-ACC-100079,IMPS,22000,2026-06-08 17:49:57,South Indian Bank,9000000095.0,None,Financial
TXN-00060,SYN-ACC-100080,SYN-ACC-100072,NEFT,10090,2026-01-17 22:25:59,Canara Bank,9000000124.0,Multiple small transfers (structuring),Financial
TXN-00061,EXT-ACC-243228,SYN-ACC-100048,IMPS,12960,2025-12-20 06:34:10,Canara Bank,9000000155.0,Round-number transaction,Financial
TXN-00062,EXT-ACC-252976,EXT-ACC-300150,IMPS,123000,2026-02-07 16:24:38,ICICI Bank,9000000326,None,Financial
TXN-00063,SYN-ACC-100078,SYN-ACC-100002,UPI,1167000,2026-05-05 08:27:59,South Indian Bank,NULL,Unusual hours transfer,Financial
TXN-00064,SYN-ACC-100060,SYN-ACC-100020,UPI,1508346,2026-01-23 02:23:33,HDFC Bank,9000000295.0,None,Financial
TXN-00065,EXT-ACC-231946,SYN-ACC-100002,UPI,50785,2025-08-03 13:37:29,Axis Bank,9000000355,Unusual hours transfer,Financial
TXN-00066,SYN-ACC-100008,SYN-ACC-100068,NEFT,9324,2025-09-16 05:07:47,Federal Bank,NULL,None,Financial
TXN-00067,SYN-ACC-100026,EXT-ACC-374946,NEFT,1011000,2026-08-02 10:18:36,Kotak Bank,9000000473,None,Financial
TXN-00068,EXT-ACC-285461,EXT-ACC-364923,Cheque,10169,2025-03-19 22:55:54,Kotak Bank,9000000489,Multiple small transfers (structuring),Financial
TXN-00069,EXT-ACC-253736,EXT-ACC-320232,UPI,84475,2026-06-23 00:56:58,Axis Bank,9000000235,None,Financial
TXN-00070,EXT-ACC-249808,EXT-ACC-382155,IMPS,24411,2025-07-02 08:26:04,Karnataka Bank,9000000019,Cross-state transfer,Financial
TXN-00071,EXT-ACC-256881,EXT-ACC-399663,RTGS,1080000,2025-08-21 14:27:08,SBI,9000000005.0,Unusual hours transfer,Financial
TXN-00072,SYN-ACC-100076,SYN-ACC-100094,IMPS,3000,2025-10-25 03:08:33,South Indian Bank,9000000405.0,Cross-state transfer,Financial
TXN-00073,SYN-ACC-100088,EXT-ACC-360981,Cash Withdrawal,56000,2025-09-26 09:48:36,South Indian Bank,9000000225.0,None,Financial
TXN-00074,SYN-ACC-100020,SYN-ACC-100089,NEFT,9870,2025-08-18 19:27:39,HDFC Bank,9000000306.0,Unusual hours transfer,Financial
TXN-00075,EXT-ACC-297605,EXT-ACC-379482,IMPS,90025,2025-06-28 17:43:03,South Indian Bank,NULL,Cross-state transfer,Financial
TXN-00076,SYN-ACC-100069,EXT-ACC-394493,IMPS,50856,2026-05-03 08:40:00,Karnataka Bank,9000000385,Multiple small transfers (structuring),Financial
TXN-00077,EXT-ACC-211813,EXT-ACC-342823,IMPS,2665,2025-10-12 04:04:43,Federal Bank,9000000295.0,Rapid in-out movement,Financial
TXN-00078,SYN-ACC-100093,SYN-ACC-100047,IMPS,2386,2025-02-28 11:40:54,Indian Bank,NULL,Cross-state transfer,Financial
TXN-00079,EXT-ACC-252089,EXT-ACC-373048,NEFT,18649,2025-04-06 23:51:39,Kotak Bank,9000000047.0,Unusual hours transfer,Financial
TXN-00080,SYN-ACC-100093,EXT-ACC-314201,IMPS,10650,2026-03-13 01:23:31,ICICI Bank,NULL,Cross-state transfer,Financial
TXN-00081,SYN-ACC-100069,SYN-ACC-100098,RTGS,1242,2025-08-25 09:46:01,Kotak Bank,9000000482,Cross-state transfer,Financial
TXN-00082,SYN-ACC-100053,EXT-ACC-370804,NEFT,55508,2026-05-24 16:37:44,Canara Bank,NULL,Rapid in-out movement,Financial
TXN-00083,SYN-ACC-100057,SYN-ACC-100053,Cash Deposit,11734,2026-05-16 20:26:34,ICICI Bank,9000000102,Cross-state transfer,Financial
TXN-00084,EXT-ACC-259600,SYN-ACC-100034,RTGS,256071,2025-07-09 04:27:11,Indian Bank,NULL,Cross-state transfer,Financial
TXN-00085,SYN-ACC-100080,SYN-ACC-100005,Cash Deposit,2917,2026-04-08 21:54:10,SBI,9000000075,Rapid in-out movement,Financial
TXN-00086,EXT-ACC-214408,EXT-ACC-303379,UPI,13417,2025-09-09 11:32:15,SBI,9000000252,Rapid in-out movement,Financial
TXN-00087,EXT-ACC-268955,SYN-ACC-100054,NEFT,10000,2026-01-27 08:14:02,UCO Bank,NULL,Multiple small transfers (structuring),Financial
TXN-00088,EXT-ACC-286363,SYN-ACC-100012,Cheque,8347,2025-11-28 02:18:58,Karnataka Bank,9000000442,None,Financial
TXN-00089,SYN-ACC-100054,SYN-ACC-100045,RTGS,100246,2026-04-10 00:11:28,Federal Bank,9000000156.0,New account high value,Financial
TXN-00090,SYN-ACC-100051,EXT-ACC-372264,IMPS,7898,2025-11-18 10:02:38,ICICI Bank,NULL,Multiple small transfers (structuring),Financial
TXN-00091,SYN-ACC-100065,SYN-ACC-100053,IMPS,1994,2025-03-14 09:56:06,Axis Bank,9000000061,Rapid in-out movement,Financial
TXN-00092,SYN-ACC-100021,SYN-ACC-100033,NEFT,125871,2026-07-15 01:32:43,SBI,NULL,Multiple small transfers (structuring),Financial
TXN-00093,SYN-ACC-100005,EXT-ACC-329392,Cash Deposit,9613,2026-08-16 07:59:57,HDFC Bank,9000000093.0,None,Financial
TXN-00094,EXT-ACC-281490,SYN-ACC-100051,UPI,1889506,2025-01-23 11:43:35,Indian Bank,9000000088.0,Round-number transaction,Financial
TXN-00095,EXT-ACC-274228,EXT-ACC-309120,UPI,23000,2026-02-17 00:54:50,UCO Bank,9000000199,New account high value,Financial
TXN-00096,SYN-ACC-100065,SYN-ACC-100099,RTGS,476000,2026-04-25 21:20:18,SBI,9000000295.0,None,Financial
TXN-00097,SYN-ACC-100076,SYN-ACC-100097,UPI,5140,2026-04-06 16:49:25,Kotak Bank,9000000289.0,Unusual hours transfer,Financial
TXN-00098,SYN-ACC-100026,EXT-ACC-317987,IMPS,2000,2026-08-04 05:21:09,Axis Bank,9000000458.0,None,Financial
TXN-00099,SYN-ACC-100020,EXT-ACC-309447,NEFT,129000,2025-03-02 11:27:51,ICICI Bank,9000000420,None,Financial
TXN-00100,SYN-ACC-100033,SYN-ACC-100065,Cash Deposit,110000,2025-03-24 05:25:54,UCO Bank,9000000161,Rapid in-out movement,Financial
TXN-00101,EXT-ACC-229041,SYN-ACC-100003,NEFT,9000,2026-08-26 21:56:34,ICICI Bank,9000000177.0,Round-number transaction,Financial
TXN-00102,SYN-ACC-100003,SYN-ACC-100080,UPI,1466905,2026-08-09 23:53:22,South Indian Bank,NULL,None,Financial
TXN-00103,EXT-ACC-284278,SYN-ACC-100069,Cash Deposit,54573,2025-12-31 05:19:21,Kotak Bank,9000000319,Unusual hours transfer,Financial
TXN-00104,SYN-ACC-100088,SYN-ACC-100057,UPI,38671,2026-01-29 20:25:45,Axis Bank,9000000101,None,Financial
TXN-00105,SYN-ACC-100047,EXT-ACC-342143,RTGS,31220,2025-09-24 18:08:38,Canara Bank,9000000193,Cross-state transfer,Financial
TXN-00106,EXT-ACC-268690,SYN-ACC-100075,NEFT,7197,2026-06-12 07:34:14,South Indian Bank,9000000470,None,Financial
TXN-00107,SYN-ACC-100059,SYN-ACC-100089,UPI,1413956,2025-09-16 22:19:07,Canara Bank,9000000001,New account high value,Financial
TXN-00108,EXT-ACC-251374,SYN-ACC-100098,UPI,101109,2026-06-05 11:52:30,Karnataka Bank,NULL,Round-number transaction,Financial
TXN-00109,SYN-ACC-100057,SYN-ACC-100003,UPI,1170000,2025-04-17 20:24:14,Indian Bank,9000000251,None,Financial
TXN-00110,EXT-ACC-269013,SYN-ACC-100059,IMPS,7000,2025-05-21 11:12:47,South Indian Bank,NULL,Rapid in-out movement,Financial
TXN-00111,SYN-ACC-100057,EXT-ACC-358222,RTGS,132684,2025-07-05 18:25:26,HDFC Bank,NULL,None,Financial
TXN-00112,SYN-ACC-100091,SYN-ACC-100076,IMPS,146834,2025-05-06 20:58:59,UCO Bank,NULL,Rapid in-out movement,Financial
TXN-00113,SYN-ACC-100070,SYN-ACC-100099,IMPS,47684,2026-08-16 17:31:43,Indian Bank,9000000339.0,Rapid in-out movement,Financial
TXN-00114,SYN-ACC-100043,EXT-ACC-345820,Cash Withdrawal,6995,2025-07-03 03:13:18,Axis Bank,NULL,Rapid in-out movement,Financial
TXN-00115,EXT-ACC-293677,SYN-ACC-100044,UPI,14094,2025-04-18 19:16:59,Kotak Bank,9000000119,Round-number transaction,Financial
TXN-00116,SYN-ACC-100005,SYN-ACC-100099,RTGS,13216,2025-08-22 21:51:54,Canara Bank,9000000363.0,None,Financial
TXN-00117,SYN-ACC-100033,EXT-ACC-378215,NEFT,78423,2025-08-15 05:42:12,Axis Bank,9000000317.0,Cross-state transfer,Financial
TXN-00118,SYN-ACC-100073,SYN-ACC-100057,Cash Withdrawal,148071,2025-10-31 06:35:06,Kotak Bank,9000000491.0,Multiple small transfers (structuring),Financial
TXN-00119,SYN-ACC-100054,SYN-ACC-100051,UPI,102000,2025-10-01 15:19:48,Federal Bank,9000000114,Rapid in-out movement,Financial
TXN-00120,EXT-ACC-291146,SYN-ACC-100003,UPI,135000,2025-06-06 13:55:42,SBI,NULL,Rapid in-out movement,Financial
TXN-00121,SYN-ACC-100068,SYN-ACC-100013,IMPS,6348,2025-02-07 03:07:54,Karnataka Bank,9000000309.0,Cross-state transfer,Financial
TXN-00122,EXT-ACC-250678,SYN-ACC-100026,IMPS,13562,2025-03-06 03:59:24,Axis Bank,9000000191.0,Rapid in-out movement,Financial
TXN-00123,SYN-ACC-100054,EXT-ACC-340173,NEFT,58685,2025-10-01 01:18:38,Kotak Bank,9000000317.0,None,Financial
TXN-00124,SYN-ACC-100068,EXT-ACC-309835,IMPS,8906,2026-06-12 17:07:54,Indian Bank,NULL,Rapid in-out movement,Financial
TXN-00125,EXT-ACC-257432,SYN-ACC-100054,IMPS,6772,2025-01-26 03:42:22,South Indian Bank,9000000296,Multiple small transfers (structuring),Financial
TXN-00126,SYN-ACC-100024,SYN-ACC-100051,UPI,13000,2026-02-07 03:28:17,Axis Bank,NULL,Rapid in-out movement,Financial
TXN-00127,EXT-ACC-228124,EXT-ACC-337431,IMPS,570000,2025-02-27 12:25:48,Kotak Bank,9000000110,None,Financial
TXN-00128,EXT-ACC-289381,EXT-ACC-341889,IMPS,91117,2025-05-03 08:06:38,Karnataka Bank,9000000430,None,Financial
TXN-00129,SYN-ACC-100068,EXT-ACC-331029,IMPS,9577,2025-12-30 01:04:34,Federal Bank,9000000465.0,New account high value,Financial
TXN-00130,EXT-ACC-268903,SYN-ACC-100060,RTGS,5694,2025-12-16 12:07:57,Kotak Bank,9000000359,Rapid in-out movement,Financial
TXN-00131,EXT-ACC-272260,SYN-ACC-100003,Cheque,15000,2025-04-07 10:31:51,Federal Bank,9000000030.0,New account high value,Financial
TXN-00132,SYN-ACC-100053,SYN-ACC-100008,UPI,9524,2026-05-01 11:15:40,HDFC Bank,9000000376.0,None,Financial
TXN-00133,SYN-ACC-100006,SYN-ACC-100069,Cash Withdrawal,10000,2025-01-23 00:55:12,Canara Bank,9000000135.0,Round-number transaction,Financial
TXN-00134,EXT-ACC-254602,SYN-ACC-100063,Cash Withdrawal,94193,2026-06-17 01:09:17,Axis Bank,9000000091.0,None,Financial
TXN-00135,SYN-ACC-100076,SYN-ACC-100026,RTGS,12269,2025-09-26 06:10:25,Axis Bank,9000000076.0,None,Financial
TXN-00136,SYN-ACC-100032,SYN-ACC-100017,UPI,6793,2025-11-21 18:35:47,UCO Bank,NULL,Rapid in-out movement,Financial
TXN-00137,EXT-ACC-275718,EXT-ACC-324881,IMPS,8933,2025-08-28 15:36:41,Kotak Bank,9000000419,None,Financial
TXN-00138,SYN-ACC-100084,SYN-ACC-100078,UPI,138362,2025-01-07 08:26:16,Canara Bank,9000000140,Cross-state transfer,Financial
TXN-00139,SYN-ACC-100089,SYN-ACC-100026,RTGS,8761,2026-03-04 02:04:44,HDFC Bank,NULL,None,Financial
TXN-00140,SYN-ACC-100092,SYN-ACC-100096,UPI,1733000,2026-04-13 22:43:24,Federal Bank,9000000032,Multiple small transfers (structuring),Financial
TXN-00141,SYN-ACC-100067,EXT-ACC-368069,NEFT,51643,2026-04-22 04:25:05,ICICI Bank,9000000243,None,Financial
TXN-00142,EXT-ACC-277820,SYN-ACC-100020,NEFT,93589,2025-01-13 22:08:07,ICICI Bank,9000000241.0,None,Financial
TXN-00143,EXT-ACC-295069,EXT-ACC-382478,UPI,11241,2026-08-26 20:42:31,South Indian Bank,9000000252,None,Financial
TXN-00144,SYN-ACC-100072,EXT-ACC-349832,UPI,23277,2026-06-29 02:39:22,Canara Bank,9000000385,Cross-state transfer,Financial
TXN-00145,EXT-ACC-253788,SYN-ACC-100071,NEFT,31327,2026-02-07 20:57:21,UCO Bank,9000000186,None,Financial
TXN-00146,SYN-ACC-100003,EXT-ACC-344869,NEFT,84301,2025-05-30 08:03:49,UCO Bank,9000000313,Cross-state transfer,Financial
TXN-00147,EXT-ACC-237880,EXT-ACC-390471,IMPS,6214,2026-09-10 19:25:49,HDFC Bank,9000000420,None,Financial
TXN-00148,SYN-ACC-100043,SYN-ACC-100059,IMPS,1189,2026-07-09 16:33:30,Canara Bank,9000000194,Cross-state transfer,Financial
TXN-00149,SYN-ACC-100020,SYN-ACC-100021,UPI,12638,2025-07-08 07:44:43,SBI,9000000268,Cross-state transfer,Financial
TXN-00150,SYN-ACC-100094,EXT-ACC-313178,IMPS,9516,2025-05-03 16:14:06,Axis Bank,9000000201,None,Financial
TXN-00151,EXT-ACC-299078,EXT-ACC-342096,UPI,13000,2026-03-22 22:37:17,UCO Bank,9000000025,Rapid in-out movement,Financial
TXN-00152,SYN-ACC-100020,EXT-ACC-304763,Cheque,9000,2026-08-05 18:25:53,HDFC Bank,NULL,Unusual hours transfer,Financial
TXN-00153,SYN-ACC-100068,SYN-ACC-100016,NEFT,1934802,2025-07-31 22:03:06,UCO Bank,NULL,Cross-state transfer,Financial
TXN-00154,SYN-ACC-100077,SYN-ACC-100059,UPI,66000,2026-05-12 02:42:42,Axis Bank,NULL,Cross-state transfer,Financial
TXN-00155,EXT-ACC-224219,EXT-ACC-362580,UPI,4772,2025-12-13 23:45:13,HDFC Bank,NULL,Unusual hours transfer,Financial
TXN-00156,SYN-ACC-100006,SYN-ACC-100057,UPI,137001,2025-11-11 21:30:48,Karnataka Bank,9000000300,Unusual hours transfer,Financial
TXN-00157,SYN-ACC-100099,SYN-ACC-100084,Cash Withdrawal,7954,2026-04-16 11:47:32,ICICI Bank,9000000460,None,Financial
TXN-00158,EXT-ACC-228627,EXT-ACC-389173,IMPS,321695,2026-02-15 05:51:38,ICICI Bank,9000000196.0,Round-number transaction,Financial
TXN-00159,SYN-ACC-100016,SYN-ACC-100006,UPI,9025,2026-06-13 09:37:20,UCO Bank,9000000062,Round-number transaction,Financial
TXN-00160,SYN-ACC-100078,SYN-ACC-100094,RTGS,95785,2025-11-04 13:01:08,HDFC Bank,NULL,Multiple small transfers (structuring),Financial
TXN-00161,SYN-ACC-100059,SYN-ACC-100068,Cash Withdrawal,8000,2025-11-14 13:49:55,Indian Bank,NULL,None,Financial
TXN-00162,SYN-ACC-100076,EXT-ACC-350132,NEFT,941668,2026-06-15 07:00:58,Karnataka Bank,NULL,Rapid in-out movement,Financial
TXN-00163,SYN-ACC-100003,SYN-ACC-100024,IMPS,556,2025-08-20 17:53:21,Kotak Bank,9000000089,None,Financial
TXN-00164,EXT-ACC-232441,SYN-ACC-100075,UPI,1755000,2026-05-28 18:58:36,Axis Bank,9000000154.0,Cross-state transfer,Financial
TXN-00165,SYN-ACC-100087,SYN-ACC-100071,IMPS,13000,2025-12-07 22:51:35,UCO Bank,9000000005.0,Rapid in-out movement,Financial
TXN-00166,SYN-ACC-100047,EXT-ACC-341799,RTGS,99061,2025-04-22 06:34:04,Karnataka Bank,9000000265,Unusual hours transfer,Financial
TXN-00167,EXT-ACC-296365,EXT-ACC-382050,IMPS,27291,2026-05-15 16:16:50,Karnataka Bank,9000000337,New account high value,Financial
TXN-00168,EXT-ACC-253511,SYN-ACC-100057,IMPS,14415,2026-07-04 14:11:15,Indian Bank,NULL,Multiple small transfers (structuring),Financial
TXN-00169,EXT-ACC-273044,SYN-ACC-100089,UPI,1795,2025-10-16 05:23:09,Canara Bank,9000000105.0,New account high value,Financial
TXN-00170,SYN-ACC-100078,SYN-ACC-100047,RTGS,71890,2025-09-16 14:54:16,HDFC Bank,NULL,Round-number transaction,Financial
TXN-00171,EXT-ACC-215376,EXT-ACC-398871,NEFT,10402,2025-11-05 01:45:26,UCO Bank,9000000221.0,None,Financial
TXN-00172,SYN-ACC-100051,SYN-ACC-100057,Cash Withdrawal,13653,2025-12-31 15:56:08,ICICI Bank,NULL,Multiple small transfers (structuring),Financial
TXN-00173,SYN-ACC-100084,SYN-ACC-100007,Cash Withdrawal,124466,2025-06-02 09:16:47,ICICI Bank,9000000260.0,Cross-state transfer,Financial
TXN-00174,EXT-ACC-289764,SYN-ACC-100080,NEFT,143607,2026-07-24 03:51:52,ICICI Bank,9000000188.0,None,Financial
TXN-00175,EXT-ACC-271058,EXT-ACC-307698,NEFT,34486,2026-06-04 00:26:26,SBI,NULL,None,Financial
TXN-00176,SYN-ACC-100069,SYN-ACC-100002,UPI,1490,2026-06-02 21:12:32,South Indian Bank,NULL,None,Financial
TXN-00177,SYN-ACC-100016,SYN-ACC-100024,UPI,185951,2026-06-27 01:02:09,Karnataka Bank,9000000453,Round-number transaction,Financial
TXN-00178,SYN-ACC-100084,SYN-ACC-100013,NEFT,35715,2025-11-12 08:53:58,Kotak Bank,9000000413,Multiple small transfers (structuring),Financial
TXN-00179,EXT-ACC-285182,EXT-ACC-312255,NEFT,8000,2025-01-08 08:09:50,Indian Bank,9000000352.0,None,Financial
TXN-00180,EXT-ACC-274167,EXT-ACC-312499,Cash Withdrawal,631856,2026-06-22 17:10:41,South Indian Bank,9000000046,Round-number transaction,Financial
TXN-00181,EXT-ACC-236749,EXT-ACC-373860,IMPS,14433,2025-06-10 21:42:25,South Indian Bank,9000000442,None,Financial
TXN-00182,EXT-ACC-239226,SYN-ACC-100084,Cash Deposit,9356,2026-08-10 21:34:39,Indian Bank,NULL,None,Financial
TXN-00183,SYN-ACC-100092,SYN-ACC-100076,Cash Deposit,13099,2026-04-08 14:57:00,Axis Bank,NULL,Rapid in-out movement,Financial
TXN-00184,EXT-ACC-259054,SYN-ACC-100057,Cash Withdrawal,11636,2025-10-23 05:04:08,Canara Bank,NULL,Unusual hours transfer,Financial
TXN-00185,EXT-ACC-210752,SYN-ACC-100052,IMPS,6883,2025-03-24 18:15:11,Canara Bank,9000000289.0,None,Financial
TXN-00186,SYN-ACC-100037,SYN-ACC-100026,NEFT,122000,2025-03-11 14:36:58,ICICI Bank,9000000367,None,Financial
TXN-00187,EXT-ACC-201617,SYN-ACC-100089,UPI,659068,2025-05-12 17:15:17,Karnataka Bank,9000000024,Cross-state transfer,Financial
TXN-00188,SYN-ACC-100003,SYN-ACC-100025,IMPS,4540,2026-01-21 02:25:38,South Indian Bank,9000000338,Multiple small transfers (structuring),Financial
TXN-00189,EXT-ACC-243544,EXT-ACC-349792,Cash Deposit,5984,2026-05-21 16:12:23,South Indian Bank,9000000097.0,None,Financial
TXN-00190,EXT-ACC-226326,SYN-ACC-100003,NEFT,12540,2026-01-17 09:02:22,South Indian Bank,NULL,Cross-state transfer,Financial
TXN-00191,SYN-ACC-100099,SYN-ACC-100068,UPI,22056,2025-12-25 13:15:42,UCO Bank,9000000467,Cross-state transfer,Financial
TXN-00192,EXT-ACC-218242,SYN-ACC-100095,IMPS,114000,2026-04-10 10:17:41,Kotak Bank,9000000063,None,Financial
TXN-00193,EXT-ACC-290663,SYN-ACC-100078,Cheque,37000,2025-07-12 19:21:38,Karnataka Bank,9000000002.0,None,Financial
TXN-00194,SYN-ACC-100051,SYN-ACC-100053,UPI,43000,2025-07-20 23:13:58,UCO Bank,9000000343.0,None,Financial
TXN-00195,SYN-ACC-100041,SYN-ACC-100080,RTGS,105432,2026-01-10 23:30:19,Canara Bank,9000000301,Round-number transaction,Financial
TXN-00196,EXT-ACC-245656,SYN-ACC-100012,UPI,8000,2026-07-15 18:56:33,Kotak Bank,9000000457.0,Multiple small transfers (structuring),Financial
TXN-00197,EXT-ACC-215084,SYN-ACC-100059,UPI,78941,2026-03-05 16:21:12,Indian Bank,9000000104,Cross-state transfer,Financial
TXN-00198,SYN-ACC-100026,EXT-ACC-351849,UPI,66728,2025-11-30 15:26:43,Axis Bank,9000000137,New account high value,Financial
TXN-00199,EXT-ACC-208200,SYN-ACC-100047,NEFT,3728,2025-07-23 18:37:18,Karnataka Bank,NULL,None,Financial
TXN-00200,SYN-ACC-100089,SYN-ACC-100033,NEFT,3326,2026-07-03 08:34:36,HDFC Bank,NULL,Round-number transaction,Financial
TXN-00201,SYN-ACC-100084,SYN-ACC-100057,UPI,10000,2025-10-26 00:52:19,Axis Bank,9000000408,None,Financial
TXN-00202,SYN-ACC-100068,SYN-ACC-100049,UPI,7889,2025-10-06 20:58:30,SBI,9000000086,None,Financial
TXN-00203,SYN-ACC-100048,EXT-ACC-354477,IMPS,3000,2025-01-24 23:17:06,UCO Bank,9000000319,Cross-state transfer,Financial
TXN-00204,SYN-ACC-100003,SYN-ACC-100014,IMPS,44678,2025-07-28 01:48:40,Federal Bank,NULL,New account high value,Financial
TXN-00205,EXT-ACC-299615,EXT-ACC-371611,UPI,12558,2026-08-07 14:05:42,UCO Bank,9000000069,None,Financial
TXN-00206,SYN-ACC-100055,SYN-ACC-100033,Cash Deposit,12585,2025-09-30 08:13:57,South Indian Bank,9000000030.0,Round-number transaction,Financial
TXN-00207,EXT-ACC-207780,SYN-ACC-100074,RTGS,12035,2026-03-21 20:33:54,HDFC Bank,NULL,None,Financial
TXN-00208,EXT-ACC-289037,EXT-ACC-317771,Cheque,30542,2026-05-25 10:47:34,Indian Bank,9000000103,Cross-state transfer,Financial
TXN-00209,SYN-ACC-100065,SYN-ACC-100020,NEFT,10861,2025-11-18 17:42:55,Axis Bank,9000000461.0,New account high value,Financial
TXN-00210,SYN-ACC-100099,SYN-ACC-100053,UPI,13183,2025-03-14 08:17:10,Kotak Bank,9000000240,New account high value,Financial
TXN-00211,EXT-ACC-252129,SYN-ACC-100076,UPI,14071,2026-03-02 02:36:28,South Indian Bank,9000000425,New account high value,Financial
TXN-00212,EXT-ACC-206021,SYN-ACC-100090,NEFT,15000,2025-12-21 14:06:53,SBI,NULL,None,Financial
TXN-00213,SYN-ACC-100098,SYN-ACC-100051,UPI,725000,2025-10-07 23:00:09,HDFC Bank,9000000222,Cross-state transfer,Financial
TXN-00214,SYN-ACC-100077,EXT-ACC-356260,IMPS,15285,2025-03-02 12:52:59,Indian Bank,9000000343.0,Multiple small transfers (structuring),Financial
TXN-00215,EXT-ACC-215806,EXT-ACC-355353,IMPS,4251,2026-07-22 14:25:00,Canara Bank,9000000302,Unusual hours transfer,Financial
TXN-00216,SYN-ACC-100080,EXT-ACC-317451,RTGS,32934,2025-01-07 13:58:50,South Indian Bank,9000000385,New account high value,Financial
TXN-00217,SYN-ACC-100002,SYN-ACC-100098,Cash Deposit,2000,2025-04-06 15:49:01,South Indian Bank,9000000304.0,Round-number transaction,Financial
TXN-00218,SYN-ACC-100051,SYN-ACC-100071,IMPS,12000,2026-05-27 09:33:56,HDFC Bank,9000000228,Cross-state transfer,Financial
TXN-00219,SYN-ACC-100078,EXT-ACC-331370,NEFT,8685,2025-02-25 03:45:34,Federal Bank,NULL,Multiple small transfers (structuring),Financial
TXN-00220,EXT-ACC-217299,SYN-ACC-100020,NEFT,60291,2026-08-22 08:40:57,Canara Bank,9000000273.0,Multiple small transfers (structuring),Financial
TXN-00221,EXT-ACC-252163,SYN-ACC-100069,NEFT,11998,2026-05-13 12:28:49,Federal Bank,9000000012,Multiple small transfers (structuring),Financial
TXN-00222,SYN-ACC-100026,EXT-ACC-370305,UPI,32332,2025-12-06 19:19:51,UCO Bank,9000000465.0,Unusual hours transfer,Financial
TXN-00223,SYN-ACC-100065,EXT-ACC-397079,UPI,2748,2025-05-08 06:03:41,Kotak Bank,NULL,None,Financial
TXN-00224,EXT-ACC-233980,SYN-ACC-100033,IMPS,2434,2025-01-23 19:14:24,ICICI Bank,NULL,Unusual hours transfer,Financial
TXN-00225,SYN-ACC-100092,SYN-ACC-100048,NEFT,14579,2025-10-13 14:11:49,Indian Bank,9000000474,None,Financial
TXN-00226,EXT-ACC-215117,SYN-ACC-100072,UPI,663000,2025-10-10 17:00:49,Axis Bank,NULL,Rapid in-out movement,Financial
TXN-00227,EXT-ACC-272465,EXT-ACC-393588,IMPS,5772,2026-07-14 11:08:24,ICICI Bank,9000000462,None,Financial
TXN-00228,SYN-ACC-100038,EXT-ACC-323507,UPI,27040,2025-02-23 12:52:54,Kotak Bank,NULL,Unusual hours transfer,Financial
TXN-00229,SYN-ACC-100016,SYN-ACC-100026,RTGS,10702,2025-10-14 01:07:04,South Indian Bank,NULL,Cross-state transfer,Financial
TXN-00230,SYN-ACC-100096,SYN-ACC-100099,UPI,17516,2025-01-02 03:15:15,Karnataka Bank,9000000289.0,Round-number transaction,Financial
TXN-00231,SYN-ACC-100053,EXT-ACC-318661,IMPS,4292,2026-02-08 17:00:50,Axis Bank,9000000061,None,Financial
TXN-00232,SYN-ACC-100083,SYN-ACC-100047,UPI,129029,2025-04-12 12:34:44,UCO Bank,9000000189.0,None,Financial
TXN-00233,EXT-ACC-241688,SYN-ACC-100084,Cash Withdrawal,13118,2025-05-01 17:03:45,Canara Bank,9000000321,Unusual hours transfer,Financial
TXN-00234,SYN-ACC-100080,SYN-ACC-100088,Cash Deposit,13731,2026-07-02 08:38:58,South Indian Bank,9000000379.0,Round-number transaction,Financial
TXN-00235,EXT-ACC-251936,SYN-ACC-100091,UPI,215184,2025-12-18 05:38:26,Federal Bank,9000000111.0,Round-number transaction,Financial
TXN-00236,SYN-ACC-100047,SYN-ACC-100027,Cash Deposit,424000,2025-11-08 03:23:10,ICICI Bank,9000000177.0,Round-number transaction,Financial
TXN-00237,SYN-ACC-100047,SYN-ACC-100054,Cash Withdrawal,3000,2025-09-15 12:32:16,Canara Bank,9000000120.0,Unusual hours transfer,Financial
TXN-00238,SYN-ACC-100077,SYN-ACC-100089,NEFT,3566,2025-12-13 10:15:20,Indian Bank,9000000200,Rapid in-out movement,Financial
TXN-00239,SYN-ACC-100011,SYN-ACC-100035,NEFT,11029,2026-02-13 09:53:04,UCO Bank,9000000089,Multiple small transfers (structuring),Financial
TXN-00240,EXT-ACC-293502,SYN-ACC-100016,NEFT,1203596,2025-07-30 01:17:11,Indian Bank,9000000367,Rapid in-out movement,Financial
TXN-00241,SYN-ACC-100068,SYN-ACC-100080,Cheque,359997,2025-07-07 07:24:50,HDFC Bank,9000000005.0,Cross-state transfer,Financial
TXN-00242,EXT-ACC-250911,SYN-ACC-100020,Cash Deposit,10207,2026-07-28 07:16:34,ICICI Bank,NULL,Multiple small transfers (structuring),Financial
TXN-00243,SYN-ACC-100006,SYN-ACC-100053,Cash Deposit,144035,2025-05-17 08:36:55,Kotak Bank,9000000005.0,Cross-state transfer,Financial
TXN-00244,SYN-ACC-100018,SYN-ACC-100069,Cash Deposit,3407,2025-09-09 08:07:57,SBI,9000000409,None,Financial
TXN-00245,EXT-ACC-268982,EXT-ACC-309506,NEFT,979625,2025-09-19 09:57:11,HDFC Bank,9000000141.0,None,Financial
TXN-00246,EXT-ACC-283789,EXT-ACC-385089,UPI,108540,2026-04-03 10:49:35,Indian Bank,9000000384.0,Unusual hours transfer,Financial
TXN-00247,SYN-ACC-100077,EXT-ACC-375082,NEFT,1340000,2026-04-13 21:20:19,ICICI Bank,NULL,Unusual hours transfer,Financial
TXN-00248,SYN-ACC-100048,SYN-ACC-100054,UPI,10923,2025-03-10 21:58:21,Karnataka Bank,9000000328.0,Round-number transaction,Financial
TXN-00249,SYN-ACC-100054,SYN-ACC-100033,UPI,12502,2025-05-10 04:46:23,Axis Bank,9000000065,New account high value,Financial
TXN-00250,SYN-ACC-100070,EXT-ACC-385323,IMPS,8000,2025-01-26 22:51:34,HDFC Bank,9000000342,Round-number transaction,Financial
TXN-00251,SYN-ACC-100003,SYN-ACC-100077,NEFT,345255,2026-04-22 15:10:00,Kotak Bank,9000000064.0,Cross-state transfer,Financial
TXN-00252,SYN-ACC-100087,SYN-ACC-100026,IMPS,84538,2025-08-19 23:56:59,UCO Bank,9000000419,None,Financial
TXN-00253,SYN-ACC-100078,SYN-ACC-100035,Cash Deposit,141000,2025-01-20 23:44:53,UCO Bank,9000000467,Round-number transaction,Financial
TXN-00254,SYN-ACC-100090,SYN-ACC-100043,UPI,117000,2025-10-24 06:39:13,ICICI Bank,9000000330,Rapid in-out movement,Financial
TXN-00255,SYN-ACC-100037,SYN-ACC-100066,IMPS,6132,2025-11-18 13:16:13,South Indian Bank,9000000487.0,None,Financial
TXN-00256,EXT-ACC-254870,EXT-ACC-390055,Cash Deposit,14945,2025-08-21 03:00:25,Canara Bank,9000000110,Multiple small transfers (structuring),Financial
TXN-00257,SYN-ACC-100043,EXT-ACC-388805,Cheque,12905,2025-05-10 20:10:38,UCO Bank,NULL,Multiple small transfers (structuring),Financial
TXN-00258,EXT-ACC-257067,SYN-ACC-100093,UPI,98821,2025-02-22 01:11:36,Canara Bank,9000000445,None,Financial
TXN-00259,SYN-ACC-100008,SYN-ACC-100055,IMPS,125000,2025-04-27 05:32:06,Indian Bank,9000000146.0,Round-number transaction,Financial
TXN-00260,SYN-ACC-100087,SYN-ACC-100074,UPI,6775,2026-03-21 07:17:09,South Indian Bank,9000000193,Unusual hours transfer,Financial
TXN-00261,SYN-ACC-100069,EXT-ACC-352654,UPI,845194,2025-02-08 06:51:01,Kotak Bank,NULL,Rapid in-out movement,Financial
TXN-00262,SYN-ACC-100020,EXT-ACC-389764,UPI,431827,2026-08-01 16:00:48,Kotak Bank,NULL,Cross-state transfer,Financial
TXN-00263,SYN-ACC-100035,SYN-ACC-100043,NEFT,8962,2025-02-13 15:45:08,Federal Bank,NULL,Unusual hours transfer,Financial
TXN-00264,SYN-ACC-100080,SYN-ACC-100006,UPI,570955,2025-07-13 18:50:08,SBI,9000000058,Rapid in-out movement,Financial
TXN-00265,EXT-ACC-266207,SYN-ACC-100099,IMPS,8508,2025-05-18 22:23:59,Kotak Bank,9000000304.0,Rapid in-out movement,Financial
TXN-00266,EXT-ACC-290289,SYN-ACC-100082,UPI,1785423,2025-06-21 22:16:59,Karnataka Bank,9000000390,Unusual hours transfer,Financial
TXN-00267,EXT-ACC-267276,SYN-ACC-100080,IMPS,2667,2026-04-12 22:05:53,SBI,9000000436,Unusual hours transfer,Financial
TXN-00268,EXT-ACC-236094,SYN-ACC-100057,UPI,8146,2026-02-09 09:23:37,South Indian Bank,9000000474,Multiple small transfers (structuring),Financial
TXN-00269,EXT-ACC-249051,SYN-ACC-100071,UPI,141000,2025-08-03 18:01:16,Karnataka Bank,9000000102,Unusual hours transfer,Financial
TXN-00270,EXT-ACC-285389,SYN-ACC-100002,IMPS,1839109,2026-04-12 01:25:53,Axis Bank,9000000351.0,Rapid in-out movement,Financial
TXN-00271,EXT-ACC-238745,SYN-ACC-100058,NEFT,12101,2025-05-28 12:16:30,ICICI Bank,9000000022,None,Financial
TXN-00272,SYN-ACC-100090,EXT-ACC-388063,NEFT,3285,2026-03-10 14:29:52,Indian Bank,9000000365,Rapid in-out movement,Financial
TXN-00273,EXT-ACC-295051,EXT-ACC-399997,Cash Withdrawal,853873,2025-06-22 15:06:20,ICICI Bank,9000000289.0,None,Financial
TXN-00274,EXT-ACC-243426,SYN-ACC-100006,NEFT,1379,2026-03-30 06:37:09,South Indian Bank,NULL,Round-number transaction,Financial
TXN-00275,SYN-ACC-100033,EXT-ACC-369446,UPI,14000,2025-06-05 13:47:56,ICICI Bank,9000000260.0,New account high value,Financial
TXN-00276,SYN-ACC-100054,SYN-ACC-100068,UPI,7906,2026-08-15 05:40:16,Indian Bank,9000000244,None,Financial
TXN-00277,EXT-ACC-216961,SYN-ACC-100069,NEFT,954000,2026-02-19 14:25:44,UCO Bank,9000000447,New account high value,Financial
TXN-00278,SYN-ACC-100027,SYN-ACC-100077,UPI,805000,2025-10-25 21:53:56,Federal Bank,9000000002.0,Round-number transaction,Financial
TXN-00279,SYN-ACC-100008,EXT-ACC-378167,NEFT,11752,2025-09-24 05:00:11,Kotak Bank,9000000362,Rapid in-out movement,Financial
TXN-00280,EXT-ACC-252873,SYN-ACC-100084,Cheque,859,2025-05-12 06:06:14,Canara Bank,9000000060,New account high value,Financial
TXN-00281,SYN-ACC-100074,SYN-ACC-100068,IMPS,20000,2025-03-31 22:28:43,Axis Bank,9000000309.0,New account high value,Financial
TXN-00282,SYN-ACC-100098,SYN-ACC-100025,IMPS,85773,2026-06-29 06:29:09,Indian Bank,9000000377.0,None,Financial
TXN-00283,SYN-ACC-100033,SYN-ACC-100026,UPI,9071,2025-10-06 00:08:47,Axis Bank,9000000032,None,Financial
TXN-00284,SYN-ACC-100099,SYN-ACC-100027,IMPS,1901609,2026-01-19 18:46:00,Indian Bank,NULL,New account high value,Financial
TXN-00285,SYN-ACC-100013,SYN-ACC-100068,UPI,2135,2025-01-31 15:17:56,HDFC Bank,9000000010,Multiple small transfers (structuring),Financial
TXN-00286,SYN-ACC-100097,SYN-ACC-100081,IMPS,6357,2026-04-28 23:19:23,HDFC Bank,NULL,Round-number transaction,Financial
TXN-00287,SYN-ACC-100059,SYN-ACC-100089,NEFT,140370,2026-05-19 23:22:30,Indian Bank,9000000413,Round-number transaction,Financial
TXN-00288,SYN-ACC-100043,SYN-ACC-100006,NEFT,109005,2026-06-16 15:20:10,Indian Bank,9000000291,Round-number transaction,Financial
TXN-00289,SYN-ACC-100054,EXT-ACC-301620,IMPS,73717,2026-06-05 06:48:13,ICICI Bank,9000000384.0,None,Financial
TXN-00290,SYN-ACC-100077,SYN-ACC-100051,RTGS,14040,2026-04-22 01:32:43,SBI,9000000141.0,None,Financial
TXN-00291,EXT-ACC-221679,SYN-ACC-100049,UPI,255594,2026-03-04 13:58:52,Karnataka Bank,9000000482,Round-number transaction,Financial
TXN-00292,SYN-ACC-100047,SYN-ACC-100055,NEFT,8648,2025-01-14 19:14:26,Canara Bank,9000000187.0,None,Financial
TXN-00293,EXT-ACC-279194,EXT-ACC-383563,UPI,69225,2025-12-21 08:19:55,ICICI Bank,9000000347,Cross-state transfer,Financial
TXN-00294,EXT-ACC-243512,SYN-ACC-100069,NEFT,134000,2026-08-13 18:44:59,Karnataka Bank,9000000386,New account high value,Financial
TXN-00295,EXT-ACC-238270,SYN-ACC-100057,UPI,1183000,2026-07-11 19:09:59,Axis Bank,9000000176,Cross-state transfer,Financial
TXN-00296,SYN-ACC-100093,SYN-ACC-100059,IMPS,10875,2026-04-03 08:14:04,Canara Bank,NULL,None,Financial
TXN-00297,SYN-ACC-100072,EXT-ACC-300568,NEFT,7591,2026-01-11 02:30:15,Federal Bank,NULL,Rapid in-out movement,Financial
TXN-00298,SYN-ACC-100047,SYN-ACC-100051,RTGS,14940,2026-04-19 00:27:54,UCO Bank,9000000045.0,Unusual hours transfer,Financial
TXN-00299,SYN-ACC-100094,EXT-ACC-398097,NEFT,97290,2026-03-06 23:30:29,Karnataka Bank,9000000006,None,Financial
TXN-00300,EXT-ACC-289995,SYN-ACC-100029,Cheque,61613,2026-06-24 06:54:47,Karnataka Bank,9000000259,New account high value,Financial
TXN-00301,SYN-ACC-100006,EXT-ACC-393077,NEFT,89955,2025-11-25 01:51:09,SBI,9000000387,New account high value,Financial
TXN-00302,SYN-ACC-100037,EXT-ACC-337567,IMPS,1516,2025-08-18 05:49:08,UCO Bank,NULL,Multiple small transfers (structuring),Financial
TXN-00303,SYN-ACC-100001,SYN-ACC-100029,RTGS,11102,2025-07-04 13:06:02,Federal Bank,NULL,None,Financial
TXN-00304,SYN-ACC-100051,EXT-ACC-350797,NEFT,96961,2025-02-11 18:56:44,SBI,9000000050.0,None,Financial
TXN-00305,EXT-ACC-258073,EXT-ACC-383071,IMPS,66504,2025-05-31 07:03:31,HDFC Bank,9000000422,Round-number transaction,Financial
TXN-00306,SYN-ACC-100003,SYN-ACC-100052,NEFT,49000,2025-07-18 01:50:44,SBI,9000000451.0,Rapid in-out movement,Financial
TXN-00307,SYN-ACC-100080,SYN-ACC-100020,UPI,109000,2026-07-04 16:08:25,ICICI Bank,9000000494,Unusual hours transfer,Financial
TXN-00308,SYN-ACC-100016,SYN-ACC-100059,Cash Withdrawal,101788,2025-06-19 16:06:54,South Indian Bank,9000000159,New account high value,Financial
TXN-00309,SYN-ACC-100084,SYN-ACC-100064,UPI,5758,2026-09-11 10:21:59,Canara Bank,9000000056,Unusual hours transfer,Financial
TXN-00310,EXT-ACC-249146,SYN-ACC-100072,NEFT,11000,2026-02-04 03:41:29,Canara Bank,NULL,Rapid in-out movement,Financial
TXN-00311,EXT-ACC-269888,SYN-ACC-100054,IMPS,126204,2025-06-09 16:16:51,Federal Bank,NULL,None,Financial
TXN-00312,SYN-ACC-100099,EXT-ACC-320152,UPI,25000,2025-02-12 03:37:48,Indian Bank,NULL,Round-number transaction,Financial
TXN-00313,EXT-ACC-253429,SYN-ACC-100069,NEFT,12000,2025-01-05 13:57:50,Karnataka Bank,9000000108,None,Financial
TXN-00314,EXT-ACC-209514,SYN-ACC-100072,UPI,37677,2025-12-06 22:52:29,Axis Bank,9000000234.0,Multiple small transfers (structuring),Financial
TXN-00315,SYN-ACC-100002,SYN-ACC-100047,NEFT,452149,2026-09-10 12:11:35,Karnataka Bank,9000000479,None,Financial
TXN-00316,SYN-ACC-100078,SYN-ACC-100089,NEFT,3941,2026-07-18 20:27:10,ICICI Bank,9000000177.0,Round-number transaction,Financial
TXN-00317,SYN-ACC-100020,SYN-ACC-100003,IMPS,1935490,2026-03-03 07:19:34,Kotak Bank,9000000091.0,Unusual hours transfer,Financial
TXN-00318,SYN-ACC-100026,SYN-ACC-100053,NEFT,76000,2026-04-27 04:36:40,Canara Bank,NULL,New account high value,Financial
TXN-00319,SYN-ACC-100051,EXT-ACC-319974,RTGS,5682,2025-05-11 23:40:06,SBI,9000000022,None,Financial
TXN-00320,SYN-ACC-100020,SYN-ACC-100077,Cash Deposit,6377,2026-01-14 05:48:16,Federal Bank,9000000177.0,Rapid in-out movement,Financial
TXN-00321,EXT-ACC-218350,EXT-ACC-325746,UPI,310354,2025-01-15 11:17:37,Federal Bank,9000000195.0,None,Financial
TXN-00322,SYN-ACC-100071,EXT-ACC-372298,UPI,1281785,2026-08-26 02:43:26,Indian Bank,9000000083,None,Financial
TXN-00323,SYN-ACC-100032,SYN-ACC-100089,NEFT,58475,2025-04-20 00:41:57,Kotak Bank,9000000280.0,None,Financial
TXN-00324,EXT-ACC-296458,EXT-ACC-347028,UPI,76000,2025-10-14 22:46:15,UCO Bank,9000000390,None,Financial
TXN-00325,EXT-ACC-247349,SYN-ACC-100064,Cash Withdrawal,11125,2026-07-01 14:35:40,Federal Bank,9000000319,None,Financial
TXN-00326,SYN-ACC-100016,SYN-ACC-100051,NEFT,35405,2025-10-20 07:16:36,UCO Bank,9000000317.0,New account high value,Financial
TXN-00327,SYN-ACC-100071,SYN-ACC-100002,UPI,11042,2025-04-27 16:41:03,Indian Bank,9000000191.0,None,Financial
TXN-00328,EXT-ACC-254344,EXT-ACC-394405,UPI,140573,2025-05-06 05:50:53,Karnataka Bank,NULL,Multiple small transfers (structuring),Financial
TXN-00329,SYN-ACC-100033,SYN-ACC-100002,NEFT,458000,2025-07-20 14:18:31,Indian Bank,9000000332.0,None,Financial
TXN-00330,SYN-ACC-100055,EXT-ACC-337152,Cash Withdrawal,10437,2026-01-10 02:56:59,Indian Bank,9000000456,Unusual hours transfer,Financial
TXN-00331,EXT-ACC-223839,SYN-ACC-100072,UPI,133875,2025-02-23 11:19:28,UCO Bank,9000000103,Unusual hours transfer,Financial
TXN-00332,EXT-ACC-266107,EXT-ACC-319603,RTGS,10572,2026-09-01 20:21:46,Federal Bank,9000000350.0,Round-number transaction,Financial
TXN-00333,SYN-ACC-100033,SYN-ACC-100020,Cash Withdrawal,128115,2025-10-15 16:20:09,SBI,9000000093.0,Cross-state transfer,Financial
TXN-00334,SYN-ACC-100080,SYN-ACC-100047,Cash Withdrawal,40616,2025-07-17 16:33:35,Kotak Bank,NULL,Unusual hours transfer,Financial
TXN-00335,SYN-ACC-100026,EXT-ACC-300932,RTGS,617,2025-06-09 13:16:55,ICICI Bank,9000000033.0,Unusual hours transfer,Financial
TXN-00336,SYN-ACC-100081,SYN-ACC-100057,UPI,68398,2026-09-01 18:52:30,Federal Bank,9000000076.0,None,Financial
TXN-00337,SYN-ACC-100065,SYN-ACC-100098,IMPS,1533000,2025-06-28 11:14:51,Kotak Bank,NULL,Unusual hours transfer,Financial
TXN-00338,SYN-ACC-100059,SYN-ACC-100098,IMPS,11000,2025-03-12 18:00:51,Indian Bank,9000000242,Rapid in-out movement,Financial
TXN-00339,SYN-ACC-100054,SYN-ACC-100089,Cheque,90097,2026-04-10 01:41:45,SBI,NULL,Rapid in-out movement,Financial
TXN-00340,SYN-ACC-100026,EXT-ACC-367915,UPI,10322,2026-06-27 12:02:48,UCO Bank,9000000345,New account high value,Financial
TXN-00341,SYN-ACC-100075,EXT-ACC-352354,NEFT,10102,2025-01-12 22:27:09,Canara Bank,NULL,None,Financial
TXN-00342,SYN-ACC-100020,EXT-ACC-345625,UPI,74323,2025-06-01 02:12:44,Kotak Bank,NULL,Round-number transaction,Financial
TXN-00343,SYN-ACC-100033,SYN-ACC-100008,Cash Withdrawal,82553,2026-09-09 05:50:51,South Indian Bank,9000000194,None,Financial
TXN-00344,EXT-ACC-299283,SYN-ACC-100080,IMPS,1958000,2025-04-01 07:23:53,HDFC Bank,9000000461.0,Cross-state transfer,Financial
TXN-00345,SYN-ACC-100065,EXT-ACC-367699,NEFT,84036,2025-03-14 05:49:17,Axis Bank,9000000045.0,Round-number transaction,Financial
TXN-00346,SYN-ACC-100065,SYN-ACC-100006,UPI,64852,2025-06-05 02:03:14,UCO Bank,9000000140,Round-number transaction,Financial
TXN-00347,EXT-ACC-246665,SYN-ACC-100033,Cash Withdrawal,144150,2026-08-17 14:32:40,Federal Bank,NULL,Rapid in-out movement,Financial
TXN-00348,SYN-ACC-100068,EXT-ACC-336009,NEFT,1221925,2025-06-22 12:06:34,South Indian Bank,9000000454.0,None,Financial
TXN-00349,SYN-ACC-100072,SYN-ACC-100098,UPI,1614325,2025-09-03 04:09:57,SBI,9000000006,None,Financial
TXN-00350,SYN-ACC-100071,SYN-ACC-100016,UPI,10544,2025-05-23 20:23:57,Kotak Bank,9000000363.0,None,Financial
TXN-00351,SYN-ACC-100089,SYN-ACC-100006,Cheque,41181,2025-07-03 03:43:37,Federal Bank,9000000473,New account high value,Financial
TXN-00352,SYN-ACC-100047,SYN-ACC-100038,Cheque,97767,2025-08-22 01:02:33,HDFC Bank,9000000271.0,New account high value,Financial
TXN-00353,SYN-ACC-100005,SYN-ACC-100020,UPI,83097,2026-03-12 05:40:54,Federal Bank,NULL,Cross-state transfer,Financial
TXN-00354,SYN-ACC-100055,EXT-ACC-326077,RTGS,60755,2025-08-10 01:29:28,ICICI Bank,9000000372.0,None,Financial
TXN-00355,SYN-ACC-100054,SYN-ACC-100088,Cash Withdrawal,1493395,2025-09-20 01:22:26,Axis Bank,9000000040,None,Financial
TXN-00356,SYN-ACC-100003,SYN-ACC-100065,UPI,11061,2025-12-12 13:30:25,ICICI Bank,9000000074,Round-number transaction,Financial
TXN-00357,EXT-ACC-216389,EXT-ACC-386772,UPI,35989,2025-11-05 09:27:58,Canara Bank,9000000147.0,None,Financial
TXN-00358,SYN-ACC-100080,SYN-ACC-100068,UPI,37102,2025-10-30 19:15:36,HDFC Bank,9000000269,None,Financial
TXN-00359,SYN-ACC-100020,SYN-ACC-100051,Cash Deposit,8301,2026-02-24 21:13:08,HDFC Bank,9000000037,None,Financial
TXN-00360,SYN-ACC-100012,EXT-ACC-373922,NEFT,96176,2026-01-10 02:38:17,Federal Bank,9000000168.0,None,Financial
TXN-00361,SYN-ACC-100094,SYN-ACC-100027,NEFT,50731,2025-12-31 10:29:01,Federal Bank,9000000166.0,Cross-state transfer,Financial
TXN-00362,EXT-ACC-278250,SYN-ACC-100027,NEFT,9684,2025-07-14 02:24:04,Indian Bank,9000000177.0,None,Financial
TXN-00363,SYN-ACC-100054,SYN-ACC-100072,IMPS,86268,2026-08-01 01:09:39,Federal Bank,NULL,Multiple small transfers (structuring),Financial
TXN-00364,SYN-ACC-100008,SYN-ACC-100069,UPI,64228,2025-04-29 04:16:07,SBI,NULL,Multiple small transfers (structuring),Financial
TXN-00365,SYN-ACC-100033,SYN-ACC-100027,UPI,4058,2025-08-31 00:12:37,Kotak Bank,NULL,None,Financial
TXN-00366,SYN-ACC-100054,EXT-ACC-319148,UPI,33714,2025-05-22 01:20:20,UCO Bank,NULL,Unusual hours transfer,Financial
TXN-00367,EXT-ACC-215985,EXT-ACC-393674,UPI,131120,2025-01-27 00:40:37,UCO Bank,9000000172,None,Financial
TXN-00368,EXT-ACC-227321,SYN-ACC-100085,UPI,10808,2026-08-02 10:40:20,Federal Bank,9000000382.0,None,Financial
TXN-00369,SYN-ACC-100026,EXT-ACC-387385,UPI,10869,2025-01-12 16:52:56,Indian Bank,NULL,Round-number transaction,Financial
TXN-00370,SYN-ACC-100078,EXT-ACC-362294,IMPS,13000,2025-05-03 11:42:44,Kotak Bank,9000000185,New account high value,Financial
TXN-00371,EXT-ACC-281937,SYN-ACC-100057,UPI,43000,2025-06-30 17:22:10,ICICI Bank,NULL,None,Financial
TXN-00372,EXT-ACC-257503,EXT-ACC-302798,IMPS,2707,2025-01-31 16:07:11,Kotak Bank,9000000232,Unusual hours transfer,Financial
TXN-00373,SYN-ACC-100049,SYN-ACC-100016,UPI,14715,2026-03-07 17:00:28,Indian Bank,9000000182,Rapid in-out movement,Financial
TXN-00374,SYN-ACC-100001,EXT-ACC-366316,NEFT,806,2025-10-10 18:51:12,South Indian Bank,9000000108,None,Financial
TXN-00375,EXT-ACC-250789,SYN-ACC-100085,IMPS,5138,2026-05-13 19:18:54,ICICI Bank,9000000157.0,None,Financial
TXN-00376,SYN-ACC-100020,SYN-ACC-100055,UPI,2000,2026-05-14 11:07:05,Axis Bank,9000000454.0,None,Financial
TXN-00377,SYN-ACC-100057,SYN-ACC-100054,Cash Withdrawal,8551,2025-03-04 02:30:10,Kotak Bank,NULL,New account high value,Financial
TXN-00378,EXT-ACC-254519,EXT-ACC-392855,UPI,25657,2025-08-25 01:11:29,Canara Bank,NULL,None,Financial
TXN-00379,SYN-ACC-100077,SYN-ACC-100026,NEFT,10745,2026-03-10 17:46:05,Federal Bank,9000000033.0,None,Financial
TXN-00380,EXT-ACC-292084,EXT-ACC-313644,UPI,7079,2026-05-26 17:16:57,Indian Bank,9000000242,None,Financial
TXN-00381,EXT-ACC-241307,SYN-ACC-100068,Cash Deposit,10875,2026-07-18 19:09:15,ICICI Bank,9000000196.0,Unusual hours transfer,Financial
TXN-00382,EXT-ACC-233303,SYN-ACC-100001,Cash Withdrawal,1067,2026-04-08 17:49:26,SBI,9000000163,Multiple small transfers (structuring),Financial
TXN-00383,SYN-ACC-100084,EXT-ACC-302844,IMPS,1874567,2026-03-07 01:01:45,Federal Bank,9000000040,Cross-state transfer,Financial
TXN-00384,SYN-ACC-100002,SYN-ACC-100006,UPI,39093,2026-03-19 00:08:21,UCO Bank,9000000452,New account high value,Financial
TXN-00385,EXT-ACC-212499,SYN-ACC-100025,IMPS,35573,2026-08-22 18:38:44,ICICI Bank,9000000352.0,None,Financial
TXN-00386,EXT-ACC-215799,EXT-ACC-329716,IMPS,17998,2026-05-07 00:56:35,Axis Bank,9000000337,Multiple small transfers (structuring),Financial
TXN-00387,SYN-ACC-100021,SYN-ACC-100098,UPI,117992,2026-08-08 17:57:30,South Indian Bank,9000000323,Cross-state transfer,Financial
TXN-00388,SYN-ACC-100059,SYN-ACC-100040,NEFT,7029,2026-08-25 01:08:45,Indian Bank,NULL,None,Financial
TXN-00389,SYN-ACC-100051,SYN-ACC-100069,IMPS,1673,2025-12-01 01:00:22,ICICI Bank,9000000126,Cross-state transfer,Financial
TXN-00390,SYN-ACC-100059,SYN-ACC-100071,UPI,6229,2025-12-10 11:23:37,South Indian Bank,9000000330,Rapid in-out movement,Financial
TXN-00391,SYN-ACC-100077,SYN-ACC-100014,UPI,53713,2025-08-12 10:50:19,SBI,9000000241.0,Unusual hours transfer,Financial
TXN-00392,SYN-ACC-100034,SYN-ACC-100026,NEFT,8413,2025-04-20 18:54:24,Karnataka Bank,9000000146.0,None,Financial
TXN-00393,SYN-ACC-100054,SYN-ACC-100098,UPI,1000,2026-05-28 22:14:30,HDFC Bank,9000000306.0,New account high value,Financial
TXN-00394,SYN-ACC-100055,SYN-ACC-100084,NEFT,358885,2026-01-12 10:45:26,South Indian Bank,9000000258,Cross-state transfer,Financial
TXN-00395,SYN-ACC-100099,SYN-ACC-100017,NEFT,6945,2025-01-15 06:28:59,ICICI Bank,9000000014,Unusual hours transfer,Financial
TXN-00396,SYN-ACC-100054,SYN-ACC-100089,Cheque,1313793,2025-06-25 05:09:58,Indian Bank,9000000419,New account high value,Financial
TXN-00397,SYN-ACC-100053,SYN-ACC-100069,UPI,3002,2025-08-31 15:14:12,South Indian Bank,9000000476,Round-number transaction,Financial
TXN-00398,SYN-ACC-100085,SYN-ACC-100002,IMPS,433646,2026-08-22 02:46:20,Indian Bank,9000000280.0,Unusual hours transfer,Financial
TXN-00399,SYN-ACC-100077,SYN-ACC-100020,UPI,5721,2025-11-18 14:16:04,Axis Bank,9000000171,Round-number transaction,Financial
TXN-00400,SYN-ACC-100026,EXT-ACC-380213,RTGS,75533,2025-06-29 08:31:07,Karnataka Bank,9000000444,None,Financial
TXN-00401,SYN-ACC-100020,SYN-ACC-100051,UPI,8000,2025-05-31 02:37:27,UCO Bank,9000000447,Unusual hours transfer,Financial
TXN-00402,SYN-ACC-100073,SYN-ACC-100026,UPI,1071248,2026-01-16 13:11:51,ICICI Bank,NULL,Multiple small transfers (structuring),Financial
TXN-00403,SYN-ACC-100093,EXT-ACC-351662,RTGS,25096,2025-12-17 18:36:46,Kotak Bank,NULL,Multiple small transfers (structuring),Financial
TXN-00404,EXT-ACC-232207,SYN-ACC-100089,IMPS,28000,2025-12-08 09:52:41,Axis Bank,NULL,Unusual hours transfer,Financial
TXN-00405,SYN-ACC-100071,SYN-ACC-100072,UPI,133000,2026-01-24 20:56:15,Canara Bank,9000000066,None,Financial
TXN-00406,SYN-ACC-100065,SYN-ACC-100001,Cash Withdrawal,1104000,2025-09-09 17:11:30,Karnataka Bank,NULL,Rapid in-out movement,Financial
TXN-00407,SYN-ACC-100033,SYN-ACC-100057,NEFT,13460,2026-04-21 09:51:32,Indian Bank,9000000458.0,Multiple small transfers (structuring),Financial
TXN-00408,EXT-ACC-274120,EXT-ACC-319672,UPI,13101,2025-11-22 21:34:10,HDFC Bank,9000000248,Unusual hours transfer,Financial
TXN-00409,SYN-ACC-100033,SYN-ACC-100026,RTGS,8014,2026-01-23 07:21:54,Federal Bank,NULL,None,Financial
TXN-00410,SYN-ACC-100006,SYN-ACC-100060,UPI,79151,2025-08-05 00:24:03,South Indian Bank,9000000283,Multiple small transfers (structuring),Financial
TXN-00411,EXT-ACC-204813,SYN-ACC-100063,RTGS,101799,2025-02-08 02:00:39,Canara Bank,9000000453,Rapid in-out movement,Financial
TXN-00412,EXT-ACC-280096,EXT-ACC-391730,RTGS,61510,2026-08-06 00:36:47,South Indian Bank,9000000187.0,Round-number transaction,Financial
TXN-00413,EXT-ACC-242312,SYN-ACC-100052,UPI,10000,2026-01-01 16:39:43,Indian Bank,9000000319,New account high value,Financial
TXN-00414,SYN-ACC-100072,EXT-ACC-380223,UPI,37983,2026-06-19 21:26:46,South Indian Bank,NULL,Unusual hours transfer,Financial
TXN-00415,EXT-ACC-234034,SYN-ACC-100068,NEFT,9718,2026-07-21 08:59:19,Karnataka Bank,9000000331,Rapid in-out movement,Financial
TXN-00416,EXT-ACC-200207,SYN-ACC-100032,IMPS,69351,2025-11-19 01:18:08,Axis Bank,9000000304.0,None,Financial
TXN-00417,EXT-ACC-227831,SYN-ACC-100026,UPI,95681,2026-03-04 04:37:25,ICICI Bank,NULL,Round-number transaction,Financial
TXN-00418,SYN-ACC-100077,SYN-ACC-100063,UPI,6036,2026-01-08 03:13:31,Kotak Bank,NULL,Round-number transaction,Financial
TXN-00419,SYN-ACC-100079,SYN-ACC-100059,IMPS,13000,2026-02-09 17:30:32,HDFC Bank,9000000371,New account high value,Financial
TXN-00420,SYN-ACC-100006,SYN-ACC-100043,IMPS,2946,2025-01-25 05:06:35,ICICI Bank,NULL,None,Financial
TXN-00421,SYN-ACC-100071,SYN-ACC-100033,IMPS,14554,2025-01-25 13:35:33,HDFC Bank,9000000405.0,Rapid in-out movement,Financial
TXN-00422,SYN-ACC-100025,SYN-ACC-100090,IMPS,1080662,2026-09-13 14:54:38,Kotak Bank,NULL,Rapid in-out movement,Financial
TXN-00423,SYN-ACC-100099,EXT-ACC-368632,UPI,13107,2026-02-05 21:40:13,Karnataka Bank,NULL,Cross-state transfer,Financial
TXN-00424,SYN-ACC-100067,SYN-ACC-100027,Cash Withdrawal,37827,2025-02-05 20:06:27,Canara Bank,9000000306.0,Unusual hours transfer,Financial
TXN-00425,EXT-ACC-283735,EXT-ACC-342058,UPI,9220,2025-12-09 14:59:28,Karnataka Bank,9000000053.0,Rapid in-out movement,Financial
TXN-00426,SYN-ACC-100027,SYN-ACC-100072,UPI,5718,2026-07-02 02:06:16,HDFC Bank,9000000027,Rapid in-out movement,Financial
TXN-00427,SYN-ACC-100078,SYN-ACC-100043,UPI,1910,2025-05-20 00:29:05,South Indian Bank,NULL,None,Financial
TXN-00428,EXT-ACC-280781,SYN-ACC-100059,UPI,35591,2026-08-11 00:04:09,Kotak Bank,9000000376.0,None,Financial
TXN-00429,SYN-ACC-100085,EXT-ACC-361000,NEFT,451407,2026-04-25 04:38:02,HDFC Bank,NULL,None,Financial
TXN-00430,SYN-ACC-100043,SYN-ACC-100055,UPI,1570,2025-09-30 23:19:54,Kotak Bank,9000000027,Unusual hours transfer,Financial
TXN-00431,SYN-ACC-100033,SYN-ACC-100047,IMPS,11000,2025-08-23 15:53:24,Federal Bank,9000000205,Round-number transaction,Financial
TXN-00432,SYN-ACC-100092,SYN-ACC-100059,Cash Deposit,129126,2025-09-23 19:05:09,Federal Bank,9000000193,None,Financial
TXN-00433,EXT-ACC-293311,SYN-ACC-100062,RTGS,10000,2025-12-12 19:25:55,Indian Bank,9000000332.0,Round-number transaction,Financial
TXN-00434,SYN-ACC-100085,SYN-ACC-100047,UPI,31000,2025-04-18 21:35:44,South Indian Bank,NULL,None,Financial
TXN-00435,EXT-ACC-286623,SYN-ACC-100024,NEFT,66293,2025-09-03 21:48:33,HDFC Bank,9000000371,Unusual hours transfer,Financial
TXN-00436,EXT-ACC-256980,EXT-ACC-345123,Cheque,148805,2025-04-10 01:48:37,HDFC Bank,9000000460,Multiple small transfers (structuring),Financial
TXN-00437,SYN-ACC-100016,EXT-ACC-314378,Cash Deposit,643337,2026-04-04 09:27:07,Axis Bank,9000000442,Cross-state transfer,Financial
TXN-00438,SYN-ACC-100051,SYN-ACC-100026,NEFT,1911530,2025-08-13 01:29:12,Karnataka Bank,9000000479,Round-number transaction,Financial
TXN-00439,SYN-ACC-100086,EXT-ACC-317796,UPI,124015,2026-09-05 18:41:30,South Indian Bank,NULL,None,Financial
TXN-00440,SYN-ACC-100072,SYN-ACC-100001,NEFT,10000,2026-01-22 22:19:07,UCO Bank,9000000441,None,Financial
TXN-00441,SYN-ACC-100063,SYN-ACC-100062,NEFT,36000,2026-07-23 00:17:34,Federal Bank,NULL,Unusual hours transfer,Financial
TXN-00442,SYN-ACC-100054,EXT-ACC-311592,UPI,35469,2026-02-23 19:21:52,South Indian Bank,9000000347,New account high value,Financial
TXN-00443,SYN-ACC-100001,EXT-ACC-375230,IMPS,13578,2025-05-11 02:34:42,SBI,9000000367,None,Financial
TXN-00444,SYN-ACC-100090,SYN-ACC-100069,RTGS,91482,2026-04-30 22:06:45,SBI,9000000333.0,Rapid in-out movement,Financial
TXN-00445,EXT-ACC-236418,SYN-ACC-100069,UPI,13000,2025-05-16 15:02:16,South Indian Bank,9000000306.0,Round-number transaction,Financial
TXN-00446,SYN-ACC-100098,SYN-ACC-100047,Cash Deposit,1882,2026-04-08 13:44:47,Indian Bank,NULL,None,Financial
TXN-00447,SYN-ACC-100076,SYN-ACC-100034,IMPS,11022,2025-04-01 02:17:30,SBI,9000000439.0,New account high value,Financial
TXN-00448,EXT-ACC-269798,SYN-ACC-100085,NEFT,9190,2025-01-10 05:08:35,HDFC Bank,NULL,None,Financial
TXN-00449,SYN-ACC-100065,SYN-ACC-100053,UPI,107754,2025-12-02 09:04:19,South Indian Bank,NULL,Rapid in-out movement,Financial
TXN-00450,EXT-ACC-233468,EXT-ACC-351269,NEFT,78386,2026-04-03 06:36:58,UCO Bank,9000000010,None,Financial
TXN-00451,EXT-ACC-241060,SYN-ACC-100029,Cash Deposit,2100,2026-06-17 10:38:16,Kotak Bank,9000000269,Unusual hours transfer,Financial
TXN-00452,SYN-ACC-100027,SYN-ACC-100099,IMPS,46927,2025-04-04 04:32:07,Canara Bank,NULL,New account high value,Financial
TXN-00453,SYN-ACC-100053,EXT-ACC-391180,UPI,11321,2026-05-12 03:43:54,Kotak Bank,NULL,Unusual hours transfer,Financial
TXN-00454,EXT-ACC-287500,EXT-ACC-342389,UPI,87690,2025-10-25 07:53:26,Axis Bank,9000000274,Unusual hours transfer,Financial
TXN-00455,EXT-ACC-234690,SYN-ACC-100054,Cheque,7000,2026-01-18 04:36:46,Canara Bank,9000000064.0,Cross-state transfer,Financial
TXN-00456,SYN-ACC-100076,SYN-ACC-100078,UPI,132000,2026-01-22 13:49:34,Indian Bank,9000000484,Multiple small transfers (structuring),Financial
TXN-00457,SYN-ACC-100098,EXT-ACC-375319,UPI,143629,2025-11-10 17:28:45,Canara Bank,9000000208,None,Financial
TXN-00458,EXT-ACC-263185,SYN-ACC-100074,Cheque,5461,2026-05-07 02:24:50,Karnataka Bank,9000000063,New account high value,Financial
TXN-00459,SYN-ACC-100088,EXT-ACC-384907,UPI,115707,2025-08-21 03:20:49,Axis Bank,NULL,None,Financial
TXN-00460,EXT-ACC-263766,SYN-ACC-100069,IMPS,4000,2026-04-06 13:18:14,UCO Bank,9000000108,None,Financial
TXN-00461,SYN-ACC-100053,EXT-ACC-302151,UPI,13406,2025-11-11 23:12:51,Canara Bank,9000000298.0,None,Financial
TXN-00462,EXT-ACC-270328,SYN-ACC-100006,Cash Withdrawal,2819,2025-01-15 19:21:36,Kotak Bank,NULL,New account high value,Financial
TXN-00463,SYN-ACC-100027,SYN-ACC-100043,Cash Deposit,11000,2026-04-05 01:49:50,Canara Bank,NULL,Unusual hours transfer,Financial
TXN-00464,EXT-ACC-228910,SYN-ACC-100026,UPI,120385,2026-06-16 08:19:54,South Indian Bank,9000000097.0,Cross-state transfer,Financial
TXN-00465,SYN-ACC-100059,SYN-ACC-100002,NEFT,58256,2026-03-29 01:00:06,SBI,9000000470,Round-number transaction,Financial
TXN-00466,SYN-ACC-100062,SYN-ACC-100003,UPI,89379,2026-09-08 08:26:14,Kotak Bank,9000000390,Rapid in-out movement,Financial
TXN-00467,SYN-ACC-100094,EXT-ACC-380024,IMPS,146043,2025-03-10 08:50:02,Karnataka Bank,NULL,Unusual hours transfer,Financial
TXN-00468,SYN-ACC-100027,SYN-ACC-100033,NEFT,6429,2026-02-24 05:09:45,Federal Bank,9000000192,Multiple small transfers (structuring),Financial
TXN-00469,SYN-ACC-100096,EXT-ACC-362182,NEFT,1000,2025-10-10 21:03:03,HDFC Bank,9000000202,New account high value,Financial
TXN-00470,SYN-ACC-100079,SYN-ACC-100046,UPI,56431,2026-01-12 18:11:59,Federal Bank,9000000482,None,Financial
TXN-00471,SYN-ACC-100006,SYN-ACC-100040,Cash Withdrawal,2304,2025-03-18 04:02:52,UCO Bank,9000000129.0,None,Financial
TXN-00472,SYN-ACC-100006,SYN-ACC-100076,UPI,61678,2025-04-16 22:45:58,Kotak Bank,9000000470,New account high value,Financial
TXN-00473,SYN-ACC-100033,EXT-ACC-307818,UPI,8127,2025-05-13 23:25:25,ICICI Bank,9000000415.0,New account high value,Financial
TXN-00474,EXT-ACC-222273,SYN-ACC-100016,UPI,9048,2025-06-18 02:46:57,South Indian Bank,9000000120.0,Cross-state transfer,Financial
TXN-00475,EXT-ACC-232329,SYN-ACC-100076,UPI,462413,2025-01-04 22:39:10,Axis Bank,NULL,Multiple small transfers (structuring),Financial
TXN-00476,EXT-ACC-266088,SYN-ACC-100024,NEFT,40690,2025-07-06 19:27:33,Canara Bank,9000000486.0,None,Financial
TXN-00477,EXT-ACC-228574,SYN-ACC-100008,RTGS,8360,2025-05-06 16:13:24,Kotak Bank,NULL,None,Financial
TXN-00478,EXT-ACC-260786,EXT-ACC-392161,NEFT,112104,2026-07-01 17:41:07,Karnataka Bank,9000000247.0,Round-number transaction,Financial
TXN-00479,SYN-ACC-100098,SYN-ACC-100008,IMPS,69303,2025-03-04 21:11:09,South Indian Bank,NULL,None,Financial
TXN-00480,SYN-ACC-100043,SYN-ACC-100078,NEFT,1169,2025-05-17 03:13:16,Karnataka Bank,9000000273.0,None,Financial
TXN-00481,SYN-ACC-100068,SYN-ACC-100033,NEFT,1366599,2026-06-30 21:57:16,UCO Bank,NULL,Rapid in-out movement,Financial
TXN-00482,SYN-ACC-100076,SYN-ACC-100057,NEFT,47168,2026-02-18 03:25:05,Karnataka Bank,NULL,Unusual hours transfer,Financial
TXN-00483,SYN-ACC-100029,EXT-ACC-308601,UPI,333000,2025-05-19 21:17:38,HDFC Bank,NULL,Round-number transaction,Financial
TXN-00484,SYN-ACC-100008,EXT-ACC-365054,UPI,11000,2025-11-20 12:48:21,Karnataka Bank,9000000103,Cross-state transfer,Financial
TXN-00485,EXT-ACC-202815,SYN-ACC-100054,Cash Deposit,9013,2025-11-16 18:29:24,South Indian Bank,9000000177.0,New account high value,Financial
TXN-00486,EXT-ACC-269489,EXT-ACC-358360,NEFT,95000,2025-07-21 22:53:25,UCO Bank,9000000019,Multiple small transfers (structuring),Financial
TXN-00487,SYN-ACC-100008,EXT-ACC-381085,Cash Withdrawal,90000,2025-05-17 04:56:06,Karnataka Bank,NULL,Multiple small transfers (structuring),Financial
TXN-00488,EXT-ACC-275304,SYN-ACC-100007,UPI,24094,2025-09-25 01:46:22,Indian Bank,9000000056,Rapid in-out movement,Financial
TXN-00489,SYN-ACC-100033,SYN-ACC-100099,IMPS,822000,2026-07-28 14:32:39,Federal Bank,NULL,New account high value,Financial
TXN-00490,SYN-ACC-100043,EXT-ACC-398849,Cheque,53558,2026-07-20 21:02:25,Kotak Bank,9000000183,None,Financial
TXN-00491,SYN-ACC-100091,SYN-ACC-100082,RTGS,6000,2025-02-12 17:54:04,South Indian Bank,9000000146.0,None,Financial
TXN-00492,SYN-ACC-100099,SYN-ACC-100027,NEFT,11502,2026-02-02 12:24:39,Axis Bank,9000000100,None,Financial
TXN-00493,EXT-ACC-287394,SYN-ACC-100002,Cash Deposit,7000,2025-09-25 21:46:43,ICICI Bank,9000000248,New account high value,Financial
TXN-00494,EXT-ACC-297193,EXT-ACC-357999,UPI,126106,2025-11-18 17:07:54,Indian Bank,NULL,None,Financial
TXN-00495,SYN-ACC-100034,SYN-ACC-100055,Cheque,10177,2025-03-10 16:47:43,SBI,9000000295.0,Cross-state transfer,Financial
TXN-00496,EXT-ACC-298991,EXT-ACC-326117,UPI,9574,2025-08-23 13:33:20,South Indian Bank,9000000232,None,Financial
TXN-00497,SYN-ACC-100082,SYN-ACC-100050,Cash Withdrawal,139000,2026-06-02 05:31:35,HDFC Bank,9000000166.0,None,Financial
TXN-00498,SYN-ACC-100082,EXT-ACC-364625,Cheque,12715,2026-01-09 04:54:23,South Indian Bank,9000000209.0,None,Financial
TXN-00499,EXT-ACC-290996,EXT-ACC-348916,NEFT,83000,2025-02-15 10:42:46,Indian Bank,9000000071.0,Rapid in-out movement,Financial
TXN-00500,SYN-ACC-100078,SYN-ACC-100069,Cash Withdrawal,5278,2025-03-01 16:09:11,Federal Bank,9000000247.0,Rapid in-out movement,Financial
TXN-00501,SYN-ACC-100003,SYN-ACC-100065,Cash Deposit,86162,2026-06-19 15:42:41,ICICI Bank,9000000212.0,New account high value,Financial
TXN-00502,SYN-ACC-100072,SYN-ACC-100062,UPI,364786,2026-01-26 23:44:14,UCO Bank,NULL,None,Financial
TXN-00503,EXT-ACC-268898,EXT-ACC-393394,RTGS,44876,2025-03-01 08:12:19,Canara Bank,NULL,Multiple small transfers (structuring),Financial
TXN-00504,SYN-ACC-100065,SYN-ACC-100047,Cash Withdrawal,105000,2025-08-25 15:43:34,SBI,9000000350.0,New account high value,Financial
TXN-00505,SYN-ACC-100084,SYN-ACC-100033,UPI,44000,2026-08-25 17:18:40,Kotak Bank,NULL,Multiple small transfers (structuring),Financial
TXN-00506,EXT-ACC-267302,SYN-ACC-100056,Cash Withdrawal,5442,2026-08-10 01:50:11,Canara Bank,NULL,None,Financial
TXN-00507,SYN-ACC-100043,SYN-ACC-100059,UPI,87713,2025-09-28 04:08:35,ICICI Bank,9000000483,None,Financial
TXN-00508,SYN-ACC-100054,EXT-ACC-301832,NEFT,89000,2026-08-09 15:54:42,Federal Bank,9000000121,Cross-state transfer,Financial
TXN-00509,EXT-ACC-262221,SYN-ACC-100071,NEFT,529267,2025-10-22 20:32:15,Axis Bank,9000000128,Rapid in-out movement,Financial
TXN-00510,SYN-ACC-100033,SYN-ACC-100080,IMPS,26000,2026-01-19 11:28:25,Canara Bank,9000000489,None,Financial
TXN-00511,EXT-ACC-258190,SYN-ACC-100060,Cheque,15000,2026-01-05 11:15:29,Karnataka Bank,9000000486.0,None,Financial
TXN-00512,SYN-ACC-100046,SYN-ACC-100051,UPI,7063,2025-03-21 00:14:18,Indian Bank,9000000327,Cross-state transfer,Financial
TXN-00513,SYN-ACC-100020,EXT-ACC-336505,IMPS,86559,2026-05-16 01:52:58,Axis Bank,9000000130,None,Financial
TXN-00514,EXT-ACC-267032,SYN-ACC-100080,UPI,8647,2025-04-15 13:16:55,SBI,9000000347,Round-number transaction,Financial
TXN-00515,SYN-ACC-100003,SYN-ACC-100065,UPI,35059,2026-02-08 20:33:00,Kotak Bank,NULL,Cross-state transfer,Financial
TXN-00516,SYN-ACC-100050,SYN-ACC-100055,NEFT,216267,2025-04-03 12:49:14,Axis Bank,9000000036,None,Financial
TXN-00517,SYN-ACC-100016,EXT-ACC-339720,Cash Withdrawal,8000,2026-07-10 22:02:50,Axis Bank,9000000241.0,None,Financial
TXN-00518,EXT-ACC-289833,SYN-ACC-100056,RTGS,1413,2026-01-20 05:42:39,South Indian Bank,NULL,None,Financial
TXN-00519,EXT-ACC-237281,SYN-ACC-100082,UPI,106456,2026-03-30 13:56:00,SBI,NULL,None,Financial
TXN-00520,SYN-ACC-100087,SYN-ACC-100057,NEFT,79911,2025-08-31 09:57:24,South Indian Bank,9000000384.0,Round-number transaction,Financial
TXN-00521,SYN-ACC-100003,SYN-ACC-100078,IMPS,8933,2025-07-27 02:08:10,SBI,9000000109.0,Multiple small transfers (structuring),Financial
TXN-00522,SYN-ACC-100089,SYN-ACC-100047,UPI,103072,2026-08-18 02:50:31,Karnataka Bank,9000000262.0,Cross-state transfer,Financial
TXN-00523,SYN-ACC-100069,EXT-ACC-309872,Cash Deposit,90329,2025-08-19 22:27:05,South Indian Bank,9000000125.0,None,Financial
TXN-00524,SYN-ACC-100020,SYN-ACC-100059,UPI,139589,2025-09-27 18:26:54,Canara Bank,9000000163,None,Financial
TXN-00525,SYN-ACC-100016,SYN-ACC-100089,RTGS,13008,2025-01-15 10:47:27,Karnataka Bank,9000000258,None,Financial
TXN-00526,EXT-ACC-297282,EXT-ACC-335118,Cash Withdrawal,128699,2026-07-19 09:05:11,Karnataka Bank,9000000129.0,New account high value,Financial
TXN-00527,SYN-ACC-100084,EXT-ACC-339357,Cash Deposit,14593,2025-02-20 01:00:58,Karnataka Bank,9000000265,Unusual hours transfer,Financial
TXN-00528,SYN-ACC-100007,SYN-ACC-100060,UPI,4523,2025-08-30 04:53:44,Kotak Bank,9000000067,None,Financial
TXN-00529,SYN-ACC-100078,SYN-ACC-100002,UPI,61134,2025-02-02 19:16:06,Kotak Bank,NULL,Multiple small transfers (structuring),Financial
TXN-00530,SYN-ACC-100071,EXT-ACC-353347,Cash Withdrawal,38674,2026-07-17 12:42:31,Indian Bank,9000000040,None,Financial
TXN-00531,SYN-ACC-100051,SYN-ACC-100080,NEFT,1978,2025-04-05 23:24:19,ICICI Bank,9000000066,New account high value,Financial
TXN-00532,EXT-ACC-255426,SYN-ACC-100033,UPI,7190,2026-04-03 20:43:16,SBI,9000000034,None,Financial
TXN-00533,SYN-ACC-100076,EXT-ACC-336403,Cash Deposit,911263,2025-10-13 15:09:25,HDFC Bank,9000000228,Multiple small transfers (structuring),Financial
TXN-00534,EXT-ACC-207166,EXT-ACC-388027,UPI,96073,2026-06-29 04:26:37,ICICI Bank,NULL,None,Financial
TXN-00535,SYN-ACC-100055,EXT-ACC-350917,UPI,685893,2026-08-11 17:18:45,UCO Bank,9000000051,None,Financial
TXN-00536,EXT-ACC-284466,SYN-ACC-100078,Cash Deposit,143895,2025-11-17 18:09:24,ICICI Bank,9000000251,Rapid in-out movement,Financial
TXN-00537,SYN-ACC-100059,SYN-ACC-100047,IMPS,948,2026-05-14 04:03:19,Karnataka Bank,9000000098,Cross-state transfer,Financial
TXN-00538,SYN-ACC-100065,SYN-ACC-100033,UPI,49104,2026-06-17 15:22:10,Axis Bank,NULL,New account high value,Financial
TXN-00539,EXT-ACC-217499,SYN-ACC-100098,Cash Deposit,67000,2025-10-13 12:33:09,Indian Bank,9000000065,Multiple small transfers (structuring),Financial
TXN-00540,EXT-ACC-284817,SYN-ACC-100084,UPI,4789,2025-05-12 01:50:20,SBI,9000000093.0,Multiple small transfers (structuring),Financial
TXN-00541,EXT-ACC-222298,EXT-ACC-315381,UPI,133937,2026-01-19 19:36:20,Canara Bank,9000000314,Cross-state transfer,Financial
TXN-00542,EXT-ACC-234891,SYN-ACC-100048,UPI,1408465,2025-08-08 18:53:30,Karnataka Bank,9000000331,None,Financial
TXN-00543,EXT-ACC-203771,SYN-ACC-100050,RTGS,925187,2026-05-18 17:20:43,Kotak Bank,9000000305.0,Rapid in-out movement,Financial
TXN-00544,EXT-ACC-290835,SYN-ACC-100034,NEFT,10284,2025-03-16 00:08:13,Federal Bank,9000000143,Cross-state transfer,Financial
TXN-00545,SYN-ACC-100057,SYN-ACC-100073,Cash Deposit,27000,2026-01-27 21:20:40,South Indian Bank,9000000073.0,Unusual hours transfer,Financial
TXN-00546,SYN-ACC-100003,SYN-ACC-100048,UPI,1968,2026-02-16 23:48:58,Axis Bank,9000000259,Round-number transaction,Financial
TXN-00547,SYN-ACC-100092,SYN-ACC-100057,NEFT,702005,2026-08-15 12:34:49,HDFC Bank,9000000067,Cross-state transfer,Financial
TXN-00548,EXT-ACC-219826,SYN-ACC-100099,RTGS,4000,2025-06-28 12:54:40,Indian Bank,9000000342,Rapid in-out movement,Financial
TXN-00549,SYN-ACC-100068,EXT-ACC-305346,NEFT,1326198,2026-01-18 21:58:21,Canara Bank,NULL,Multiple small transfers (structuring),Financial
TXN-00550,SYN-ACC-100008,EXT-ACC-398295,NEFT,11364,2026-03-30 06:06:42,SBI,9000000040,Multiple small transfers (structuring),Financial
TXN-00551,SYN-ACC-100038,SYN-ACC-100059,UPI,405834,2026-04-04 12:42:25,Canara Bank,NULL,Cross-state transfer,Financial
TXN-00552,EXT-ACC-286447,SYN-ACC-100069,UPI,101358,2026-05-25 15:56:48,South Indian Bank,NULL,New account high value,Financial
TXN-00553,EXT-ACC-274600,SYN-ACC-100055,Cash Deposit,14000,2025-02-24 22:23:33,Federal Bank,NULL,Rapid in-out movement,Financial
TXN-00554,SYN-ACC-100053,EXT-ACC-311690,UPI,6865,2025-08-10 07:35:23,Karnataka Bank,NULL,Rapid in-out movement,Financial
TXN-00555,SYN-ACC-100076,EXT-ACC-340645,Cash Withdrawal,109122,2025-10-13 09:53:30,Federal Bank,9000000248,None,Financial
TXN-00556,SYN-ACC-100076,EXT-ACC-348265,RTGS,7000,2026-02-03 17:22:42,ICICI Bank,NULL,New account high value,Financial
TXN-00557,EXT-ACC-264922,SYN-ACC-100051,UPI,1797,2026-01-06 23:19:16,HDFC Bank,9000000297.0,None,Financial
TXN-00558,EXT-ACC-268562,SYN-ACC-100006,RTGS,1227000,2025-11-27 00:57:43,Axis Bank,9000000234.0,None,Financial
TXN-00559,SYN-ACC-100013,SYN-ACC-100072,UPI,62069,2025-11-02 05:15:20,SBI,9000000300,New account high value,Financial
TXN-00560,SYN-ACC-100073,SYN-ACC-100050,Cheque,542570,2025-03-02 18:08:10,South Indian Bank,9000000047.0,Round-number transaction,Financial
TXN-00561,SYN-ACC-100027,SYN-ACC-100051,NEFT,11276,2026-04-13 11:59:42,Kotak Bank,9000000243,New account high value,Financial
TXN-00562,EXT-ACC-288487,SYN-ACC-100025,UPI,2333,2026-06-25 14:59:06,UCO Bank,NULL,Cross-state transfer,Financial
TXN-00563,SYN-ACC-100002,SYN-ACC-100020,Cash Deposit,37569,2025-12-26 22:52:42,Indian Bank,9000000308,Round-number transaction,Financial
TXN-00564,EXT-ACC-258361,EXT-ACC-361799,UPI,4475,2026-03-19 06:57:11,Axis Bank,9000000429.0,Round-number transaction,Financial
TXN-00565,SYN-ACC-100067,EXT-ACC-364972,IMPS,91000,2025-11-07 10:34:55,Kotak Bank,9000000028,None,Financial
TXN-00566,EXT-ACC-263950,SYN-ACC-100054,UPI,31649,2026-05-19 13:11:35,Axis Bank,NULL,Round-number transaction,Financial
TXN-00567,EXT-ACC-245451,SYN-ACC-100076,UPI,138009,2025-06-30 06:42:56,Federal Bank,9000000256.0,New account high value,Financial
TXN-00568,EXT-ACC-293742,EXT-ACC-317191,Cash Withdrawal,117334,2026-06-07 19:37:45,Karnataka Bank,9000000365,Rapid in-out movement,Financial
TXN-00569,SYN-ACC-100008,EXT-ACC-387432,NEFT,3061,2025-03-20 08:58:54,Axis Bank,NULL,Round-number transaction,Financial
TXN-00570,SYN-ACC-100068,SYN-ACC-100007,IMPS,14581,2025-01-25 19:57:50,Canara Bank,9000000349,Unusual hours transfer,Financial
TXN-00571,SYN-ACC-100007,SYN-ACC-100057,UPI,710970,2026-06-21 01:03:34,Federal Bank,9000000377.0,Cross-state transfer,Financial
TXN-00572,EXT-ACC-299059,SYN-ACC-100046,RTGS,41705,2025-02-02 14:22:01,Federal Bank,9000000016,Round-number transaction,Financial
TXN-00573,EXT-ACC-247400,SYN-ACC-100008,NEFT,41000,2025-10-10 12:32:50,ICICI Bank,NULL,Round-number transaction,Financial
TXN-00574,SYN-ACC-100058,EXT-ACC-332154,Cash Deposit,5198,2025-03-08 04:52:27,HDFC Bank,9000000207.0,New account high value,Financial
TXN-00575,SYN-ACC-100095,EXT-ACC-369422,NEFT,13636,2025-11-14 22:04:43,Kotak Bank,NULL,None,Financial
TXN-00576,EXT-ACC-247418,EXT-ACC-358009,UPI,13709,2025-02-24 01:05:14,Canara Bank,9000000161,Rapid in-out movement,Financial
TXN-00577,SYN-ACC-100089,SYN-ACC-100064,UPI,92523,2026-06-13 20:20:56,Federal Bank,NULL,None,Financial
TXN-00578,EXT-ACC-201035,EXT-ACC-369178,RTGS,7118,2025-06-09 07:58:00,Federal Bank,9000000185,None,Financial
TXN-00579,SYN-ACC-100059,EXT-ACC-385033,NEFT,5000,2026-02-22 10:29:11,ICICI Bank,9000000188.0,None,Financial
TXN-00580,SYN-ACC-100016,SYN-ACC-100072,UPI,11000,2025-01-22 15:55:48,Federal Bank,9000000261,Unusual hours transfer,Financial
TXN-00581,EXT-ACC-214475,EXT-ACC-348887,UPI,47000,2026-05-21 14:49:08,Canara Bank,9000000420,None,Financial
TXN-00582,SYN-ACC-100059,SYN-ACC-100040,RTGS,76300,2025-08-10 00:07:33,Karnataka Bank,NULL,None,Financial
TXN-00583,SYN-ACC-100052,EXT-ACC-313792,UPI,109705,2025-04-24 19:57:02,Axis Bank,NULL,Round-number transaction,Financial
TXN-00584,SYN-ACC-100076,SYN-ACC-100005,UPI,120580,2026-02-08 01:50:09,Axis Bank,NULL,None,Financial
TXN-00585,SYN-ACC-100076,EXT-ACC-364165,IMPS,3000,2025-04-09 17:45:45,Kotak Bank,9000000164.0,None,Financial
TXN-00586,SYN-ACC-100098,SYN-ACC-100063,UPI,46134,2025-11-14 09:13:34,Canara Bank,9000000040,Round-number transaction,Financial
TXN-00587,SYN-ACC-100065,SYN-ACC-100008,UPI,13341,2025-02-07 18:55:16,HDFC Bank,NULL,New account high value,Financial
TXN-00588,SYN-ACC-100033,SYN-ACC-100055,NEFT,133588,2026-08-30 21:24:27,Axis Bank,9000000188.0,Round-number transaction,Financial
TXN-00589,SYN-ACC-100088,SYN-ACC-100041,Cash Deposit,13604,2026-04-30 08:33:01,Axis Bank,9000000073.0,New account high value,Financial
TXN-00590,SYN-ACC-100053,EXT-ACC-396457,UPI,3213,2026-03-21 06:45:20,Karnataka Bank,NULL,New account high value,Financial
TXN-00591,SYN-ACC-100016,SYN-ACC-100069,RTGS,9842,2026-08-06 23:25:33,Kotak Bank,9000000043,Round-number transaction,Financial
TXN-00592,SYN-ACC-100053,SYN-ACC-100026,Cash Deposit,131000,2026-02-19 09:58:42,South Indian Bank,9000000109.0,Multiple small transfers (structuring),Financial
TXN-00593,EXT-ACC-244558,SYN-ACC-100094,Cash Deposit,5000,2025-03-19 03:42:47,Federal Bank,9000000401,Rapid in-out movement,Financial
TXN-00594,SYN-ACC-100035,SYN-ACC-100060,UPI,100000,2026-07-09 00:53:14,SBI,9000000121,New account high value,Financial
TXN-00595,SYN-ACC-100079,SYN-ACC-100099,Cash Withdrawal,4425,2026-04-01 04:22:25,UCO Bank,9000000156.0,None,Financial
TXN-00596,SYN-ACC-100065,SYN-ACC-100054,UPI,19882,2026-04-01 07:03:03,Karnataka Bank,9000000322.0,None,Financial
TXN-00597,SYN-ACC-100060,SYN-ACC-100069,UPI,932878,2025-05-11 15:15:27,UCO Bank,9000000427.0,None,Financial
TXN-00598,SYN-ACC-100032,EXT-ACC-337912,IMPS,1485,2026-01-10 12:36:12,HDFC Bank,9000000351.0,None,Financial
TXN-00599,EXT-ACC-282864,SYN-ACC-100020,UPI,9250,2025-08-22 12:18:18,Canara Bank,9000000374.0,Rapid in-out movement,Financial
TXN-00600,EXT-ACC-256618,SYN-ACC-100072,Cash Deposit,868559,2026-08-08 15:13:59,Kotak Bank,9000000186,Cross-state transfer,Financial
TXN-00601,EXT-ACC-243051,SYN-ACC-100098,RTGS,8000,2025-01-08 10:33:29,Karnataka Bank,9000000322.0,None,Financial
TXN-00602,EXT-ACC-270533,SYN-ACC-100055,IMPS,131701,2025-10-02 04:17:55,Axis Bank,NULL,New account high value,Financial
TXN-00603,EXT-ACC-216353,SYN-ACC-100099,NEFT,824,2026-06-13 14:27:09,ICICI Bank,9000000262.0,New account high value,Financial
TXN-00604,SYN-ACC-100068,EXT-ACC-304822,UPI,1632620,2025-01-06 13:00:48,UCO Bank,NULL,Rapid in-out movement,Financial
TXN-00605,SYN-ACC-100048,SYN-ACC-100051,RTGS,61000,2025-04-10 14:41:09,Canara Bank,9000000260.0,Cross-state transfer,Financial
TXN-00606,EXT-ACC-235956,SYN-ACC-100091,Cheque,81302,2025-12-19 13:47:46,SBI,NULL,None,Financial
TXN-00607,EXT-ACC-285200,SYN-ACC-100099,NEFT,725000,2026-02-07 13:43:26,Kotak Bank,9000000414,Multiple small transfers (structuring),Financial
TXN-00608,SYN-ACC-100008,SYN-ACC-100041,UPI,1840,2025-01-20 16:58:01,UCO Bank,NULL,None,Financial
TXN-00609,EXT-ACC-225805,SYN-ACC-100065,RTGS,8363,2025-01-19 15:49:51,South Indian Bank,NULL,New account high value,Financial
TXN-00610,SYN-ACC-100018,EXT-ACC-307134,Cash Deposit,77061,2026-08-26 13:01:05,South Indian Bank,9000000172,None,Financial
TXN-00611,SYN-ACC-100033,EXT-ACC-304370,NEFT,1604000,2025-04-10 01:26:22,SBI,NULL,Unusual hours transfer,Financial
TXN-00612,SYN-ACC-100054,EXT-ACC-373303,UPI,120000,2026-08-08 01:36:46,Axis Bank,9000000299,None,Financial
TXN-00613,SYN-ACC-100032,SYN-ACC-100069,UPI,21809,2025-09-12 21:58:24,South Indian Bank,9000000474,Multiple small transfers (structuring),Financial
TXN-00614,SYN-ACC-100044,SYN-ACC-100006,RTGS,7397,2026-04-28 05:29:57,Kotak Bank,9000000084.0,Rapid in-out movement,Financial
TXN-00615,SYN-ACC-100072,EXT-ACC-346890,UPI,1776000,2025-12-31 16:33:26,HDFC Bank,9000000467,New account high value,Financial
TXN-00616,SYN-ACC-100051,SYN-ACC-100084,Cash Deposit,29315,2025-06-01 18:39:10,UCO Bank,9000000050.0,New account high value,Financial
TXN-00617,SYN-ACC-100098,SYN-ACC-100081,RTGS,5409,2025-05-07 01:07:05,Canara Bank,9000000038.0,Multiple small transfers (structuring),Financial
TXN-00618,SYN-ACC-100098,SYN-ACC-100005,NEFT,101905,2025-10-19 23:30:14,UCO Bank,9000000008,Rapid in-out movement,Financial
TXN-00619,SYN-ACC-100033,SYN-ACC-100026,RTGS,26510,2025-06-04 15:55:09,UCO Bank,9000000294,Unusual hours transfer,Financial
TXN-00620,SYN-ACC-100016,SYN-ACC-100027,Cash Deposit,194028,2025-04-17 14:24:17,Axis Bank,9000000241.0,New account high value,Financial
TXN-00621,SYN-ACC-100084,EXT-ACC-386626,UPI,128697,2025-02-20 18:43:31,Canara Bank,9000000164.0,Cross-state transfer,Financial
TXN-00622,EXT-ACC-241674,SYN-ACC-100068,UPI,10593,2026-02-20 21:51:12,HDFC Bank,NULL,New account high value,Financial
TXN-00623,EXT-ACC-216575,EXT-ACC-376556,Cash Withdrawal,1833,2026-09-07 09:15:24,Karnataka Bank,9000000002.0,None,Financial
TXN-00624,SYN-ACC-100011,EXT-ACC-349055,NEFT,5772,2026-02-13 03:34:35,Kotak Bank,9000000381,None,Financial
TXN-00625,SYN-ACC-100089,EXT-ACC-376543,RTGS,3825,2025-07-02 01:14:43,Axis Bank,9000000225.0,None,Financial
TXN-00626,EXT-ACC-249034,SYN-ACC-100039,IMPS,9000,2026-03-30 13:50:41,SBI,9000000492,New account high value,Financial
TXN-00627,SYN-ACC-100032,SYN-ACC-100047,UPI,3442,2025-07-26 07:36:23,Karnataka Bank,9000000333.0,Unusual hours transfer,Financial
TXN-00628,SYN-ACC-100051,EXT-ACC-329850,UPI,1127,2025-09-17 05:41:49,UCO Bank,9000000202,Unusual hours transfer,Financial
TXN-00629,EXT-ACC-235974,SYN-ACC-100071,UPI,1651950,2025-07-22 19:55:03,SBI,NULL,Unusual hours transfer,Financial
TXN-00630,EXT-ACC-252928,EXT-ACC-376015,IMPS,11216,2026-08-15 05:03:38,Indian Bank,NULL,Cross-state transfer,Financial
TXN-00631,SYN-ACC-100066,SYN-ACC-100072,IMPS,135954,2025-03-08 16:50:31,ICICI Bank,NULL,None,Financial
TXN-00632,EXT-ACC-227470,SYN-ACC-100081,UPI,15000,2026-07-28 01:40:59,SBI,9000000306.0,New account high value,Financial
TXN-00633,SYN-ACC-100058,EXT-ACC-352870,IMPS,93549,2025-01-19 01:13:19,South Indian Bank,NULL,Rapid in-out movement,Financial
TXN-00634,SYN-ACC-100053,SYN-ACC-100069,RTGS,117469,2025-06-08 14:38:59,Axis Bank,9000000131,Cross-state transfer,Financial
TXN-00635,SYN-ACC-100053,SYN-ACC-100065,UPI,62000,2026-06-20 04:20:54,South Indian Bank,9000000258,Cross-state transfer,Financial
TXN-00636,SYN-ACC-100084,EXT-ACC-309172,NEFT,1000,2025-11-16 03:00:30,Axis Bank,9000000241.0,Rapid in-out movement,Financial
TXN-00637,SYN-ACC-100054,EXT-ACC-327063,UPI,7581,2026-06-01 08:37:59,Kotak Bank,9000000126,Unusual hours transfer,Financial
TXN-00638,SYN-ACC-100085,SYN-ACC-100027,UPI,7041,2025-07-11 17:26:00,Federal Bank,9000000260.0,None,Financial
TXN-00639,SYN-ACC-100077,SYN-ACC-100011,NEFT,92975,2025-05-17 00:35:26,Axis Bank,9000000185,Cross-state transfer,Financial
TXN-00640,EXT-ACC-224044,EXT-ACC-312521,NEFT,652678,2025-05-03 16:04:12,HDFC Bank,NULL,None,Financial
TXN-00641,SYN-ACC-100043,EXT-ACC-394687,Cash Withdrawal,1012513,2026-03-06 09:23:03,Canara Bank,NULL,Round-number transaction,Financial
TXN-00642,SYN-ACC-100080,SYN-ACC-100003,UPI,1000,2026-06-24 10:09:07,Karnataka Bank,9000000473,New account high value,Financial
TXN-00643,EXT-ACC-251992,SYN-ACC-100017,IMPS,11482,2026-01-12 12:34:01,Kotak Bank,9000000122,None,Financial
TXN-00644,SYN-ACC-100053,SYN-ACC-100047,Cash Deposit,795,2025-05-18 15:55:47,HDFC Bank,9000000210,Multiple small transfers (structuring),Financial
TXN-00645,EXT-ACC-220119,SYN-ACC-100003,IMPS,1266312,2026-06-26 04:13:08,SBI,NULL,None,Financial
TXN-00646,EXT-ACC-213473,SYN-ACC-100065,UPI,13155,2025-06-06 16:40:11,UCO Bank,9000000238,Cross-state transfer,Financial
TXN-00647,SYN-ACC-100027,EXT-ACC-389123,IMPS,15000,2026-05-31 19:53:04,Indian Bank,9000000330,None,Financial
TXN-00648,EXT-ACC-242294,SYN-ACC-100026,UPI,127000,2025-06-16 01:08:52,Canara Bank,9000000193,Rapid in-out movement,Financial
TXN-00649,SYN-ACC-100005,SYN-ACC-100051,UPI,27000,2025-06-19 18:16:10,Axis Bank,9000000299,None,Financial
TXN-00650,SYN-ACC-100074,EXT-ACC-374606,UPI,1408013,2026-05-06 00:20:32,Axis Bank,9000000070.0,Rapid in-out movement,Financial
TXN-00651,SYN-ACC-100069,EXT-ACC-341676,Cheque,32699,2026-04-18 15:52:59,South Indian Bank,9000000372.0,None,Financial
TXN-00652,SYN-ACC-100098,SYN-ACC-100027,IMPS,4373,2026-08-12 04:05:01,UCO Bank,9000000274,Rapid in-out movement,Financial
TXN-00653,SYN-ACC-100057,SYN-ACC-100084,IMPS,1080562,2025-09-13 07:13:22,Indian Bank,9000000114,Multiple small transfers (structuring),Financial
TXN-00654,EXT-ACC-284940,EXT-ACC-398376,UPI,101841,2025-06-09 20:42:54,Federal Bank,9000000222,Cross-state transfer,Financial
TXN-00655,EXT-ACC-291262,EXT-ACC-379700,Cash Deposit,63116,2025-01-05 16:38:36,Canara Bank,NULL,Round-number transaction,Financial
TXN-00656,EXT-ACC-206829,SYN-ACC-100002,UPI,10209,2026-09-10 16:13:09,UCO Bank,9000000444,None,Financial
TXN-00657,SYN-ACC-100077,SYN-ACC-100003,UPI,7844,2025-06-06 10:23:12,HDFC Bank,NULL,Rapid in-out movement,Financial
TXN-00658,SYN-ACC-100003,SYN-ACC-100072,IMPS,141000,2025-10-24 06:10:16,Axis Bank,NULL,Unusual hours transfer,Financial
TXN-00659,SYN-ACC-100077,SYN-ACC-100088,NEFT,10429,2025-09-16 19:56:04,Indian Bank,9000000099,Rapid in-out movement,Financial
TXN-00660,SYN-ACC-100055,EXT-ACC-349054,NEFT,977641,2025-10-17 19:55:30,Axis Bank,9000000135.0,Multiple small transfers (structuring),Financial
TXN-00661,EXT-ACC-216315,SYN-ACC-100006,UPI,4682,2026-08-07 18:25:05,ICICI Bank,9000000062,None,Financial
TXN-00662,EXT-ACC-285315,SYN-ACC-100076,UPI,13822,2026-07-03 19:12:48,Karnataka Bank,9000000222,Unusual hours transfer,Financial
TXN-00663,SYN-ACC-100091,SYN-ACC-100071,Cash Withdrawal,18000,2025-03-13 16:42:17,Karnataka Bank,9000000231.0,None,Financial
TXN-00664,EXT-ACC-210531,SYN-ACC-100026,NEFT,81289,2026-01-24 20:43:59,Federal Bank,9000000473,Cross-state transfer,Financial
TXN-00665,EXT-ACC-295374,EXT-ACC-314322,RTGS,105281,2025-07-28 22:55:16,UCO Bank,NULL,None,Financial
TXN-00666,EXT-ACC-200841,EXT-ACC-364451,UPI,11908,2025-11-20 18:30:14,Karnataka Bank,9000000064.0,Rapid in-out movement,Financial
TXN-00667,SYN-ACC-100026,SYN-ACC-100062,NEFT,9791,2025-05-25 04:32:38,UCO Bank,9000000440.0,Cross-state transfer,Financial
TXN-00668,SYN-ACC-100043,SYN-ACC-100069,UPI,2542,2025-09-23 18:10:26,SBI,9000000215.0,None,Financial
TXN-00669,SYN-ACC-100054,EXT-ACC-300947,IMPS,26000,2026-02-10 17:01:17,SBI,9000000074,Unusual hours transfer,Financial
TXN-00670,SYN-ACC-100059,SYN-ACC-100057,Cash Withdrawal,1863053,2025-10-08 13:27:14,Karnataka Bank,9000000176,Multiple small transfers (structuring),Financial
TXN-00671,EXT-ACC-213130,SYN-ACC-100055,NEFT,51000,2025-04-06 10:55:12,Federal Bank,9000000226,Unusual hours transfer,Financial
TXN-00672,EXT-ACC-262285,SYN-ACC-100051,UPI,99000,2025-10-07 18:43:09,SBI,NULL,Cross-state transfer,Financial
TXN-00673,SYN-ACC-100062,EXT-ACC-310665,UPI,1148501,2026-06-28 07:37:12,Canara Bank,9000000233.0,None,Financial
TXN-00674,SYN-ACC-100002,SYN-ACC-100006,Cash Deposit,48519,2025-03-09 15:28:23,HDFC Bank,NULL,None,Financial
TXN-00675,SYN-ACC-100043,EXT-ACC-363198,IMPS,4000,2026-05-28 10:32:24,Canara Bank,9000000375.0,Rapid in-out movement,Financial
TXN-00676,EXT-ACC-236747,SYN-ACC-100007,NEFT,408156,2026-02-20 04:36:33,Karnataka Bank,9000000323,None,Financial
TXN-00677,SYN-ACC-100084,SYN-ACC-100099,UPI,12254,2026-07-18 03:30:11,Axis Bank,9000000159,None,Financial
TXN-00678,SYN-ACC-100033,SYN-ACC-100035,IMPS,1711577,2026-03-21 22:29:35,ICICI Bank,9000000213,None,Financial
TXN-00679,SYN-ACC-100054,SYN-ACC-100020,Cheque,6480,2026-09-11 17:03:12,Indian Bank,9000000191.0,Cross-state transfer,Financial
TXN-00680,SYN-ACC-100081,SYN-ACC-100047,UPI,11640,2026-04-13 04:07:40,HDFC Bank,9000000222,Rapid in-out movement,Financial
TXN-00681,SYN-ACC-100068,SYN-ACC-100098,NEFT,144768,2025-10-20 14:21:28,SBI,NULL,New account high value,Financial
TXN-00682,SYN-ACC-100077,EXT-ACC-391803,IMPS,1777000,2026-01-14 15:44:43,Axis Bank,9000000306.0,Rapid in-out movement,Financial
TXN-00683,SYN-ACC-100059,EXT-ACC-345653,IMPS,9148,2025-08-08 07:38:52,UCO Bank,9000000122,Rapid in-out movement,Financial
TXN-00684,EXT-ACC-276072,EXT-ACC-307094,Cash Deposit,134940,2026-03-25 06:59:38,Indian Bank,9000000115.0,Unusual hours transfer,Financial
TXN-00685,EXT-ACC-227494,SYN-ACC-100040,IMPS,12394,2025-03-21 04:26:43,Karnataka Bank,NULL,Rapid in-out movement,Financial
TXN-00686,SYN-ACC-100068,EXT-ACC-322049,Cash Withdrawal,8000,2025-02-10 18:09:04,Canara Bank,NULL,Cross-state transfer,Financial
TXN-00687,EXT-ACC-282178,EXT-ACC-332112,UPI,8505,2026-04-09 01:08:36,Indian Bank,9000000036,None,Financial
TXN-00688,EXT-ACC-287914,EXT-ACC-360774,Cash Deposit,87147,2025-12-12 17:36:22,ICICI Bank,9000000259,Round-number transaction,Financial
TXN-00689,SYN-ACC-100061,EXT-ACC-329482,UPI,140698,2026-08-02 22:30:15,Canara Bank,NULL,Rapid in-out movement,Financial
TXN-00690,SYN-ACC-100068,EXT-ACC-339107,RTGS,1540,2026-09-10 16:03:54,Federal Bank,9000000226,Unusual hours transfer,Financial
TXN-00691,EXT-ACC-269479,SYN-ACC-100072,RTGS,47530,2025-06-11 03:24:17,Karnataka Bank,NULL,Rapid in-out movement,Financial
TXN-00692,EXT-ACC-200697,SYN-ACC-100047,UPI,3878,2025-03-10 05:06:02,Federal Bank,9000000490.0,Round-number transaction,Financial
TXN-00693,SYN-ACC-100057,SYN-ACC-100076,Cash Withdrawal,5000,2026-02-08 11:07:14,HDFC Bank,9000000098,Rapid in-out movement,Financial
TXN-00694,EXT-ACC-268506,EXT-ACC-346152,RTGS,40955,2025-02-04 17:55:52,UCO Bank,9000000001,Unusual hours transfer,Financial
TXN-00695,EXT-ACC-228208,EXT-ACC-378924,RTGS,88000,2026-04-29 08:45:01,Axis Bank,9000000023,Unusual hours transfer,Financial
TXN-00696,SYN-ACC-100043,SYN-ACC-100039,UPI,12000,2025-06-08 06:24:56,Canara Bank,9000000441,None,Financial
TXN-00697,SYN-ACC-100057,EXT-ACC-367033,RTGS,3014,2026-09-04 21:21:33,Axis Bank,9000000278,Multiple small transfers (structuring),Financial
TXN-00698,SYN-ACC-100085,SYN-ACC-100059,UPI,1781734,2026-09-12 21:36:47,UCO Bank,9000000121,None,Financial
TXN-00699,SYN-ACC-100053,EXT-ACC-316187,UPI,95361,2026-01-16 07:09:08,Canara Bank,9000000226,None,Financial
TXN-00700,SYN-ACC-100071,EXT-ACC-322380,UPI,62363,2026-07-30 18:46:48,Karnataka Bank,NULL,None,Financial
TXN-00701,EXT-ACC-252776,SYN-ACC-100033,UPI,55762,2025-04-21 19:33:51,Axis Bank,9000000282.0,Multiple small transfers (structuring),Financial
TXN-00702,SYN-ACC-100057,EXT-ACC-388895,RTGS,63000,2025-10-02 23:03:52,Kotak Bank,9000000102,None,Financial
TXN-00703,EXT-ACC-229984,SYN-ACC-100055,Cash Withdrawal,5623,2026-05-08 23:13:51,Canara Bank,9000000238,Multiple small transfers (structuring),Financial
TXN-00704,SYN-ACC-100008,EXT-ACC-301401,Cheque,8834,2025-04-16 23:12:33,Kotak Bank,9000000256.0,None,Financial
TXN-00705,EXT-ACC-253145,SYN-ACC-100026,Cash Deposit,7462,2026-08-06 06:49:24,ICICI Bank,9000000234.0,None,Financial
TXN-00706,SYN-ACC-100041,SYN-ACC-100099,IMPS,517000,2025-04-14 13:14:33,Federal Bank,9000000252,None,Financial
TXN-00707,SYN-ACC-100053,SYN-ACC-100091,Cash Deposit,1949000,2025-08-21 09:04:55,Kotak Bank,9000000137,Multiple small transfers (structuring),Financial
TXN-00708,SYN-ACC-100084,SYN-ACC-100099,RTGS,24288,2026-04-25 19:40:12,Kotak Bank,9000000008,None,Financial
TXN-00709,SYN-ACC-100033,SYN-ACC-100077,NEFT,7558,2025-03-07 19:44:18,Federal Bank,9000000012,Cross-state transfer,Financial
TXN-00710,SYN-ACC-100080,SYN-ACC-100056,NEFT,3484,2025-07-29 07:30:09,Canara Bank,NULL,None,Financial
TXN-00711,SYN-ACC-100057,SYN-ACC-100055,UPI,1000,2025-11-24 01:02:54,ICICI Bank,NULL,Rapid in-out movement,Financial
TXN-00712,EXT-ACC-287194,EXT-ACC-315570,NEFT,48407,2026-08-17 17:18:46,Axis Bank,9000000160,Rapid in-out movement,Financial
TXN-00713,SYN-ACC-100033,SYN-ACC-100075,NEFT,77000,2025-09-23 17:58:13,Axis Bank,NULL,Cross-state transfer,Financial
TXN-00714,SYN-ACC-100062,EXT-ACC-332472,RTGS,63985,2026-08-19 12:50:18,Canara Bank,NULL,None,Financial
TXN-00715,SYN-ACC-100047,SYN-ACC-100098,Cash Deposit,146684,2025-05-27 13:02:41,South Indian Bank,9000000053.0,Cross-state transfer,Financial
TXN-00716,SYN-ACC-100068,EXT-ACC-355876,UPI,15000,2025-11-13 08:34:11,Federal Bank,9000000461.0,Cross-state transfer,Financial
TXN-00717,SYN-ACC-100072,SYN-ACC-100025,UPI,6251,2025-07-11 19:49:44,ICICI Bank,NULL,Multiple small transfers (structuring),Financial
TXN-00718,EXT-ACC-242157,SYN-ACC-100056,Cash Withdrawal,3528,2026-01-17 14:14:28,ICICI Bank,9000000183,Round-number transaction,Financial
TXN-00719,EXT-ACC-289517,SYN-ACC-100055,UPI,109735,2026-04-03 10:05:53,Federal Bank,9000000041,Unusual hours transfer,Financial
TXN-00720,SYN-ACC-100086,SYN-ACC-100014,UPI,65000,2025-12-13 05:45:04,Canara Bank,9000000029,None,Financial
TXN-00721,SYN-ACC-100077,EXT-ACC-326476,NEFT,3000,2026-03-04 13:58:59,HDFC Bank,NULL,None,Financial
TXN-00722,EXT-ACC-258783,SYN-ACC-100033,NEFT,9081,2026-01-27 08:48:24,SBI,9000000319,None,Financial
TXN-00723,SYN-ACC-100053,SYN-ACC-100092,UPI,144769,2026-02-03 20:06:15,Canara Bank,9000000145.0,None,Financial
TXN-00724,SYN-ACC-100071,SYN-ACC-100027,RTGS,17323,2026-09-07 02:43:33,Federal Bank,9000000085.0,None,Financial
TXN-00725,SYN-ACC-100084,EXT-ACC-372371,UPI,9241,2025-01-31 08:42:10,Karnataka Bank,9000000134.0,Multiple small transfers (structuring),Financial
TXN-00726,SYN-ACC-100017,EXT-ACC-370070,UPI,111761,2026-07-02 22:45:34,Federal Bank,9000000127,None,Financial
TXN-00727,EXT-ACC-238652,SYN-ACC-100078,Cash Deposit,72483,2025-08-06 05:47:45,Indian Bank,9000000154.0,None,Financial
TXN-00728,EXT-ACC-276449,SYN-ACC-100040,NEFT,69044,2025-06-21 09:00:35,ICICI Bank,9000000195.0,None,Financial
TXN-00729,EXT-ACC-298683,SYN-ACC-100041,IMPS,2930,2025-03-14 18:31:40,Kotak Bank,9000000494,Rapid in-out movement,Financial
TXN-00730,SYN-ACC-100049,EXT-ACC-384877,UPI,3411,2026-06-18 21:26:46,South Indian Bank,9000000401,Round-number transaction,Financial
TXN-00731,SYN-ACC-100012,SYN-ACC-100089,IMPS,12795,2026-04-14 14:12:22,Canara Bank,9000000095.0,Round-number transaction,Financial
TXN-00732,EXT-ACC-284473,EXT-ACC-317324,UPI,2836,2026-04-11 18:02:50,SBI,NULL,Multiple small transfers (structuring),Financial
TXN-00733,EXT-ACC-213938,SYN-ACC-100047,Cash Deposit,2781,2026-03-14 04:18:26,Kotak Bank,NULL,Round-number transaction,Financial
TXN-00734,SYN-ACC-100016,SYN-ACC-100027,UPI,41888,2025-11-19 13:28:02,Indian Bank,9000000083,Cross-state transfer,Financial
TXN-00735,SYN-ACC-100051,SYN-ACC-100055,NEFT,1875505,2026-01-18 00:12:00,Indian Bank,NULL,Rapid in-out movement,Financial
TXN-00736,SYN-ACC-100069,SYN-ACC-100099,Cash Withdrawal,1418000,2025-11-29 22:12:45,Federal Bank,9000000331,New account high value,Financial
TXN-00737,EXT-ACC-281888,EXT-ACC-345663,Cash Deposit,8679,2025-07-26 03:25:57,Canara Bank,NULL,Rapid in-out movement,Financial
TXN-00738,EXT-ACC-219213,SYN-ACC-100089,IMPS,140419,2025-03-29 21:31:49,South Indian Bank,9000000134.0,Round-number transaction,Financial
TXN-00739,SYN-ACC-100089,SYN-ACC-100076,IMPS,13500,2025-04-18 08:37:52,Karnataka Bank,NULL,Cross-state transfer,Financial
TXN-00740,SYN-ACC-100049,SYN-ACC-100084,UPI,72498,2025-07-02 16:18:59,ICICI Bank,9000000154.0,New account high value,Financial
TXN-00741,EXT-ACC-214438,SYN-ACC-100059,Cash Deposit,1868000,2025-12-24 14:15:41,Indian Bank,NULL,None,Financial
TXN-00742,EXT-ACC-231784,SYN-ACC-100084,IMPS,11899,2025-10-21 04:22:44,SBI,9000000225.0,Multiple small transfers (structuring),Financial
TXN-00743,EXT-ACC-209669,SYN-ACC-100071,UPI,3000,2025-03-01 20:36:04,SBI,9000000118,Rapid in-out movement,Financial
TXN-00744,SYN-ACC-100002,SYN-ACC-100053,NEFT,131386,2026-06-25 00:20:38,SBI,9000000182,Multiple small transfers (structuring),Financial
TXN-00745,SYN-ACC-100066,SYN-ACC-100027,Cash Deposit,134092,2025-07-20 10:28:54,South Indian Bank,9000000451.0,Round-number transaction,Financial
TXN-00746,SYN-ACC-100083,SYN-ACC-100053,IMPS,1417,2025-05-23 16:18:00,Federal Bank,9000000462,None,Financial
TXN-00747,SYN-ACC-100061,EXT-ACC-321603,UPI,7000,2025-03-26 04:44:20,Canara Bank,9000000191.0,New account high value,Financial
TXN-00748,SYN-ACC-100008,SYN-ACC-100054,RTGS,96000,2025-06-06 16:26:37,Karnataka Bank,NULL,Unusual hours transfer,Financial
TXN-00749,SYN-ACC-100021,EXT-ACC-305987,UPI,6000,2025-10-05 00:25:18,HDFC Bank,NULL,None,Financial
TXN-00750,SYN-ACC-100066,EXT-ACC-316976,IMPS,7172,2026-01-27 03:22:54,Canara Bank,9000000053.0,Multiple small transfers (structuring),Financial
TXN-00751,SYN-ACC-100089,SYN-ACC-100081,UPI,8000,2026-05-02 04:36:16,Canara Bank,NULL,Cross-state transfer,Financial
TXN-00752,EXT-ACC-285749,SYN-ACC-100077,Cheque,104500,2025-04-12 21:42:00,ICICI Bank,9000000407.0,New account high value,Financial
TXN-00753,EXT-ACC-250807,SYN-ACC-100068,RTGS,1338878,2026-01-22 10:29:51,Canara Bank,NULL,Rapid in-out movement,Financial
TXN-00754,SYN-ACC-100055,EXT-ACC-311425,NEFT,3280,2025-05-06 10:03:55,Canara Bank,9000000303,Round-number transaction,Financial
TXN-00755,EXT-ACC-260390,SYN-ACC-100056,UPI,1513762,2025-04-07 06:53:52,South Indian Bank,9000000303,Unusual hours transfer,Financial
TXN-00756,SYN-ACC-100055,EXT-ACC-316906,NEFT,97221,2026-06-14 21:08:47,Axis Bank,9000000287,New account high value,Financial
TXN-00757,SYN-ACC-100044,EXT-ACC-373505,UPI,759560,2026-03-19 20:03:46,Axis Bank,NULL,Cross-state transfer,Financial
TXN-00758,SYN-ACC-100088,SYN-ACC-100032,RTGS,1125000,2025-05-21 00:32:20,Canara Bank,NULL,None,Financial
TXN-00759,EXT-ACC-226145,SYN-ACC-100054,UPI,70742,2026-01-05 21:22:27,Canara Bank,9000000025,Cross-state transfer,Financial
TXN-00760,SYN-ACC-100005,SYN-ACC-100068,IMPS,13747,2025-12-01 01:49:35,Kotak Bank,9000000340,Multiple small transfers (structuring),Financial
TXN-00761,EXT-ACC-235369,SYN-ACC-100003,UPI,1838,2026-07-08 04:29:42,Kotak Bank,NULL,Rapid in-out movement,Financial
TXN-00762,SYN-ACC-100078,EXT-ACC-356168,UPI,58000,2025-11-22 12:36:37,Kotak Bank,9000000384.0,Rapid in-out movement,Financial
TXN-00763,SYN-ACC-100043,SYN-ACC-100093,RTGS,566000,2026-06-03 19:43:23,South Indian Bank,9000000155.0,None,Financial
TXN-00764,EXT-ACC-297365,EXT-ACC-396092,UPI,8014,2026-01-23 22:20:31,ICICI Bank,9000000345,None,Financial
TXN-00765,SYN-ACC-100077,EXT-ACC-316478,RTGS,41000,2026-08-03 04:59:45,UCO Bank,9000000029,Rapid in-out movement,Financial
TXN-00766,SYN-ACC-100034,SYN-ACC-100091,Cash Withdrawal,6000,2025-08-27 10:15:00,Federal Bank,NULL,Round-number transaction,Financial
TXN-00767,EXT-ACC-285054,EXT-ACC-354270,NEFT,9387,2026-08-18 06:08:46,ICICI Bank,9000000011,None,Financial
TXN-00768,SYN-ACC-100003,SYN-ACC-100016,NEFT,129687,2026-06-30 07:57:18,South Indian Bank,NULL,Round-number transaction,Financial
TXN-00769,EXT-ACC-213606,SYN-ACC-100027,Cash Withdrawal,12787,2026-02-28 02:34:22,Canara Bank,9000000175,None,Financial
TXN-00770,EXT-ACC-255134,SYN-ACC-100080,RTGS,14530,2025-04-07 15:44:24,ICICI Bank,NULL,New account high value,Financial
TXN-00771,EXT-ACC-297144,SYN-ACC-100099,IMPS,85153,2025-07-25 10:37:12,HDFC Bank,NULL,None,Financial
TXN-00772,SYN-ACC-100043,SYN-ACC-100082,IMPS,98224,2026-03-21 10:20:49,Axis Bank,9000000210,Cross-state transfer,Financial
TXN-00773,SYN-ACC-100078,EXT-ACC-356243,UPI,60539,2025-09-05 02:16:43,Federal Bank,9000000142,Round-number transaction,Financial
TXN-00774,SYN-ACC-100033,SYN-ACC-100089,IMPS,1906025,2025-09-08 10:03:28,UCO Bank,9000000353.0,Unusual hours transfer,Financial
TXN-00775,SYN-ACC-100069,SYN-ACC-100092,RTGS,13000,2025-12-19 09:41:51,Karnataka Bank,9000000318.0,Round-number transaction,Financial
TXN-00776,SYN-ACC-100074,SYN-ACC-100080,IMPS,28566,2025-04-22 16:03:29,Karnataka Bank,9000000212.0,Unusual hours transfer,Financial
TXN-00777,SYN-ACC-100002,SYN-ACC-100003,UPI,69519,2026-01-17 09:35:32,SBI,9000000291,New account high value,Financial
TXN-00778,SYN-ACC-100079,SYN-ACC-100001,UPI,3427,2026-05-06 06:40:14,South Indian Bank,NULL,Round-number transaction,Financial
TXN-00779,EXT-ACC-245453,SYN-ACC-100069,NEFT,12651,2025-04-05 10:40:09,UCO Bank,9000000380.0,Multiple small transfers (structuring),Financial
TXN-00780,EXT-ACC-228351,EXT-ACC-315045,Cash Withdrawal,2770,2026-07-20 06:07:46,Indian Bank,9000000055,Cross-state transfer,Financial
TXN-00781,EXT-ACC-245685,EXT-ACC-385449,UPI,144972,2025-11-07 15:27:43,UCO Bank,9000000327,None,Financial
TXN-00782,EXT-ACC-294030,SYN-ACC-100089,RTGS,97000,2025-06-09 20:58:58,Kotak Bank,9000000248,None,Financial
TXN-00783,SYN-ACC-100065,SYN-ACC-100089,UPI,10866,2025-12-16 01:29:10,Indian Bank,NULL,Cross-state transfer,Financial
TXN-00784,SYN-ACC-100020,SYN-ACC-100053,NEFT,3447,2025-11-30 12:21:00,Indian Bank,9000000091.0,Cross-state transfer,Financial
TXN-00785,SYN-ACC-100080,SYN-ACC-100065,UPI,8124,2025-09-07 18:20:09,UCO Bank,9000000131,Unusual hours transfer,Financial
TXN-00786,SYN-ACC-100046,SYN-ACC-100071,Cash Withdrawal,306918,2026-05-17 23:20:53,Axis Bank,9000000352.0,New account high value,Financial
TXN-00787,SYN-ACC-100078,SYN-ACC-100045,UPI,10353,2025-10-25 08:58:53,UCO Bank,9000000269,Multiple small transfers (structuring),Financial
TXN-00788,EXT-ACC-200609,EXT-ACC-337272,UPI,227612,2026-02-14 17:34:04,SBI,9000000154.0,Round-number transaction,Financial
TXN-00789,SYN-ACC-100020,SYN-ACC-100025,UPI,1806,2025-09-01 05:59:55,Kotak Bank,9000000419,Unusual hours transfer,Financial
TXN-00790,SYN-ACC-100020,EXT-ACC-315913,Cash Deposit,365000,2025-02-07 03:41:41,SBI,9000000155.0,None,Financial
TXN-00791,SYN-ACC-100035,EXT-ACC-348349,Cash Deposit,16296,2025-02-10 18:30:10,HDFC Bank,NULL,Multiple small transfers (structuring),Financial
TXN-00792,SYN-ACC-100053,SYN-ACC-100059,RTGS,85756,2025-04-18 00:05:40,South Indian Bank,9000000090,New account high value,Financial
TXN-00793,EXT-ACC-254171,SYN-ACC-100073,NEFT,8330,2025-08-06 21:40:28,ICICI Bank,NULL,None,Financial
TXN-00794,SYN-ACC-100050,SYN-ACC-100039,RTGS,1533032,2025-06-09 22:05:26,Canara Bank,9000000381,Multiple small transfers (structuring),Financial
TXN-00795,SYN-ACC-100073,SYN-ACC-100089,NEFT,13836,2026-02-14 20:00:32,Federal Bank,NULL,Unusual hours transfer,Financial
TXN-00796,EXT-ACC-266127,SYN-ACC-100033,Cash Withdrawal,7912,2026-02-03 19:39:48,UCO Bank,NULL,Cross-state transfer,Financial
TXN-00797,SYN-ACC-100065,EXT-ACC-384984,UPI,2255,2025-07-06 20:24:33,SBI,NULL,Cross-state transfer,Financial
TXN-00798,EXT-ACC-259328,SYN-ACC-100033,RTGS,4000,2026-01-26 01:30:26,Axis Bank,9000000347,Multiple small transfers (structuring),Financial
TXN-00799,SYN-ACC-100089,EXT-ACC-325419,UPI,10232,2026-04-17 19:39:14,Kotak Bank,9000000136.0,Round-number transaction,Financial
TXN-00800,EXT-ACC-228780,SYN-ACC-100043,RTGS,9000,2025-06-25 21:36:49,South Indian Bank,9000000332.0,Round-number transaction,Financial
TXN-00801,EXT-ACC-290660,SYN-ACC-100026,IMPS,5218,2025-08-12 16:18:38,SBI,9000000175,None,Financial
TXN-00802,EXT-ACC-290169,SYN-ACC-100065,UPI,8000,2025-01-10 21:23:39,Karnataka Bank,9000000328.0,Rapid in-out movement,Financial
TXN-00803,EXT-ACC-222377,EXT-ACC-301275,RTGS,1373000,2025-07-12 05:55:43,Kotak Bank,9000000154.0,None,Financial
TXN-00804,EXT-ACC-238097,EXT-ACC-368848,NEFT,40000,2026-07-26 19:30:37,ICICI Bank,9000000304.0,None,Financial
TXN-00805,SYN-ACC-100062,SYN-ACC-100027,NEFT,142000,2026-06-17 15:56:35,Federal Bank,9000000095.0,Rapid in-out movement,Financial
TXN-00806,EXT-ACC-286424,EXT-ACC-346818,NEFT,12640,2025-12-01 13:12:44,ICICI Bank,9000000168.0,Cross-state transfer,Financial
TXN-00807,EXT-ACC-249516,SYN-ACC-100053,Cash Deposit,132774,2026-02-14 06:15:22,Indian Bank,9000000371,New account high value,Financial
TXN-00808,SYN-ACC-100058,EXT-ACC-340543,UPI,104988,2025-04-06 12:09:50,Axis Bank,NULL,None,Financial
TXN-00809,EXT-ACC-245481,SYN-ACC-100053,NEFT,137243,2026-02-11 08:53:49,HDFC Bank,9000000222,Rapid in-out movement,Financial
TXN-00810,SYN-ACC-100008,SYN-ACC-100005,Cash Deposit,8501,2025-12-01 05:47:56,ICICI Bank,9000000484,Rapid in-out movement,Financial
TXN-00811,EXT-ACC-265797,EXT-ACC-373498,UPI,5000,2026-07-24 09:06:03,UCO Bank,9000000325,Unusual hours transfer,Financial
TXN-00812,SYN-ACC-100056,SYN-ACC-100047,RTGS,2107,2025-08-23 14:06:37,South Indian Bank,9000000196.0,None,Financial
TXN-00813,SYN-ACC-100006,EXT-ACC-326149,UPI,3768,2025-03-08 11:39:39,HDFC Bank,9000000247.0,None,Financial
TXN-00814,SYN-ACC-100055,SYN-ACC-100002,NEFT,11725,2025-12-30 19:12:54,ICICI Bank,9000000092,None,Financial
TXN-00815,EXT-ACC-203463,EXT-ACC-355170,UPI,5454,2026-03-27 17:59:38,Federal Bank,9000000200,None,Financial
TXN-00816,EXT-ACC-238449,SYN-ACC-100020,UPI,136323,2026-02-07 08:22:27,Kotak Bank,NULL,New account high value,Financial
TXN-00817,SYN-ACC-100071,EXT-ACC-374113,NEFT,1000,2026-03-31 02:03:35,Karnataka Bank,9000000366.0,Multiple small transfers (structuring),Financial
TXN-00818,SYN-ACC-100021,EXT-ACC-317878,UPI,55574,2025-08-30 11:25:30,SBI,NULL,None,Financial
TXN-00819,EXT-ACC-215035,SYN-ACC-100002,Cash Deposit,79804,2026-01-03 23:11:54,SBI,NULL,Multiple small transfers (structuring),Financial
TXN-00820,SYN-ACC-100062,SYN-ACC-100084,Cash Deposit,10539,2026-05-27 04:58:44,South Indian Bank,9000000075,Round-number transaction,Financial
TXN-00821,EXT-ACC-286175,SYN-ACC-100072,IMPS,8371,2026-06-03 11:45:51,Canara Bank,NULL,Rapid in-out movement,Financial
TXN-00822,SYN-ACC-100098,SYN-ACC-100058,NEFT,8000,2025-10-30 11:29:24,SBI,9000000490.0,None,Financial
TXN-00823,EXT-ACC-258258,SYN-ACC-100043,Cheque,12346,2025-01-08 02:00:36,Indian Bank,9000000175,New account high value,Financial
TXN-00824,SYN-ACC-100072,SYN-ACC-100002,IMPS,135451,2026-09-04 01:05:33,Indian Bank,9000000306.0,Unusual hours transfer,Financial
TXN-00825,SYN-ACC-100020,SYN-ACC-100053,RTGS,12108,2026-08-26 06:27:58,Karnataka Bank,9000000164.0,Unusual hours transfer,Financial
TXN-00826,SYN-ACC-100069,SYN-ACC-100078,Cash Deposit,2081,2026-01-23 22:07:21,Karnataka Bank,9000000142,None,Financial
TXN-00827,SYN-ACC-100011,EXT-ACC-350342,IMPS,2000,2025-07-14 13:21:26,Canara Bank,9000000091.0,None,Financial
TXN-00828,EXT-ACC-279499,SYN-ACC-100063,UPI,7864,2026-05-11 01:55:06,South Indian Bank,9000000099,Unusual hours transfer,Financial
TXN-00829,SYN-ACC-100091,SYN-ACC-100014,NEFT,65000,2025-01-19 19:55:23,Karnataka Bank,NULL,Round-number transaction,Financial
TXN-00830,SYN-ACC-100047,EXT-ACC-347128,IMPS,33866,2026-06-15 00:08:05,Karnataka Bank,9000000105.0,Cross-state transfer,Financial
TXN-00831,SYN-ACC-100059,SYN-ACC-100016,UPI,7504,2025-02-25 01:04:05,South Indian Bank,9000000414,Cross-state transfer,Financial
TXN-00832,SYN-ACC-100071,SYN-ACC-100084,Cash Withdrawal,677186,2025-10-05 23:50:11,Canara Bank,NULL,Rapid in-out movement,Financial
TXN-00833,SYN-ACC-100006,EXT-ACC-380117,NEFT,1428,2025-03-28 02:50:59,South Indian Bank,9000000287,Rapid in-out movement,Financial
TXN-00834,SYN-ACC-100026,EXT-ACC-307784,UPI,101406,2026-05-31 05:28:53,SBI,9000000091.0,None,Financial
TXN-00835,EXT-ACC-204634,SYN-ACC-100054,NEFT,36128,2026-01-07 20:56:50,Indian Bank,9000000038.0,Unusual hours transfer,Financial
TXN-00836,SYN-ACC-100059,SYN-ACC-100080,Cash Deposit,1000,2026-08-31 06:13:43,UCO Bank,9000000458.0,None,Financial
TXN-00837,SYN-ACC-100070,SYN-ACC-100052,UPI,51000,2025-04-02 15:32:26,South Indian Bank,NULL,New account high value,Financial
TXN-00838,SYN-ACC-100059,EXT-ACC-331217,UPI,74540,2026-08-08 12:54:14,Federal Bank,9000000447,Multiple small transfers (structuring),Financial
TXN-00839,SYN-ACC-100033,SYN-ACC-100078,UPI,79028,2025-04-11 18:05:09,South Indian Bank,9000000423,Round-number transaction,Financial
TXN-00840,SYN-ACC-100099,SYN-ACC-100098,Cash Deposit,1950951,2026-07-08 21:46:43,HDFC Bank,NULL,New account high value,Financial
TXN-00841,SYN-ACC-100079,SYN-ACC-100016,UPI,7231,2026-04-29 00:31:48,Kotak Bank,9000000314,Rapid in-out movement,Financial
TXN-00842,SYN-ACC-100065,SYN-ACC-100033,IMPS,24403,2026-06-27 10:02:14,Kotak Bank,9000000199,Multiple small transfers (structuring),Financial
TXN-00843,SYN-ACC-100006,SYN-ACC-100053,UPI,955173,2025-10-25 03:57:38,Axis Bank,9000000083,New account high value,Financial
TXN-00844,SYN-ACC-100078,SYN-ACC-100016,UPI,10473,2025-09-19 03:33:47,HDFC Bank,NULL,Multiple small transfers (structuring),Financial
TXN-00845,SYN-ACC-100020,SYN-ACC-100076,IMPS,29974,2026-03-06 18:09:02,Axis Bank,NULL,Unusual hours transfer,Financial
TXN-00846,SYN-ACC-100006,SYN-ACC-100072,UPI,12716,2025-07-05 00:52:17,Indian Bank,NULL,Unusual hours transfer,Financial
TXN-00847,EXT-ACC-211211,EXT-ACC-371146,UPI,25121,2025-10-08 22:28:51,HDFC Bank,9000000298.0,None,Financial
TXN-00848,SYN-ACC-100065,EXT-ACC-334670,Cash Deposit,782,2025-12-29 07:03:45,SBI,NULL,None,Financial
TXN-00849,SYN-ACC-100060,SYN-ACC-100054,Cash Withdrawal,31789,2025-07-20 09:35:53,HDFC Bank,9000000381,Round-number transaction,Financial
TXN-00850,SYN-ACC-100069,SYN-ACC-100033,UPI,130425,2025-02-02 14:06:31,Federal Bank,9000000487.0,None,Financial
TXN-00851,EXT-ACC-202112,EXT-ACC-346312,NEFT,4345,2025-03-02 04:18:57,Federal Bank,9000000372.0,Round-number transaction,Financial
TXN-00852,SYN-ACC-100065,SYN-ACC-100093,NEFT,89000,2025-09-11 15:09:24,South Indian Bank,NULL,New account high value,Financial
TXN-00853,EXT-ACC-249114,SYN-ACC-100092,RTGS,1230,2025-04-27 13:22:54,South Indian Bank,9000000436,Cross-state transfer,Financial
TXN-00854,EXT-ACC-266951,EXT-ACC-397261,NEFT,105192,2025-10-22 06:05:01,South Indian Bank,9000000053.0,None,Financial
TXN-00855,EXT-ACC-285093,SYN-ACC-100054,Cash Withdrawal,8749,2026-05-05 14:05:52,Federal Bank,9000000004.0,Unusual hours transfer,Financial
TXN-00856,EXT-ACC-279574,SYN-ACC-100072,NEFT,14197,2025-07-09 13:01:48,ICICI Bank,9000000430,Cross-state transfer,Financial
TXN-00857,EXT-ACC-215127,EXT-ACC-358328,IMPS,909000,2026-03-12 07:40:41,Federal Bank,9000000430,None,Financial
TXN-00858,SYN-ACC-100084,EXT-ACC-330115,RTGS,47842,2025-07-10 06:05:08,Axis Bank,9000000222,Rapid in-out movement,Financial
TXN-00859,EXT-ACC-244770,SYN-ACC-100054,NEFT,1357985,2026-08-24 03:08:46,UCO Bank,NULL,Multiple small transfers (structuring),Financial
TXN-00860,SYN-ACC-100080,EXT-ACC-361585,IMPS,1058,2025-01-19 14:06:53,Indian Bank,NULL,Rapid in-out movement,Financial
TXN-00861,SYN-ACC-100089,SYN-ACC-100033,IMPS,5000,2025-09-19 11:26:00,South Indian Bank,9000000136.0,New account high value,Financial
TXN-00862,EXT-ACC-258837,EXT-ACC-382684,NEFT,90836,2026-06-28 19:03:54,Indian Bank,9000000109.0,None,Financial
TXN-00863,SYN-ACC-100043,SYN-ACC-100057,RTGS,8000,2026-07-16 04:59:41,South Indian Bank,9000000388,Rapid in-out movement,Financial
TXN-00864,SYN-ACC-100072,SYN-ACC-100099,UPI,13000,2025-04-22 05:22:38,SBI,NULL,None,Financial
TXN-00865,EXT-ACC-256431,SYN-ACC-100006,RTGS,5000,2025-08-12 13:47:07,HDFC Bank,9000000083,Rapid in-out movement,Financial
TXN-00866,EXT-ACC-298758,SYN-ACC-100084,UPI,9546,2026-08-10 07:41:55,Indian Bank,9000000032,None,Financial
TXN-00867,SYN-ACC-100049,EXT-ACC-348436,UPI,1347821,2025-12-12 12:07:58,Federal Bank,9000000199,Unusual hours transfer,Financial
TXN-00868,EXT-ACC-293880,EXT-ACC-315720,NEFT,5000,2025-04-17 06:28:22,HDFC Bank,9000000259,New account high value,Financial
TXN-00869,EXT-ACC-297553,EXT-ACC-395336,UPI,5994,2026-05-05 19:40:56,Federal Bank,9000000091.0,None,Financial
TXN-00870,EXT-ACC-205027,SYN-ACC-100099,IMPS,14286,2026-05-02 06:59:31,SBI,NULL,Round-number transaction,Financial
TXN-00871,SYN-ACC-100055,SYN-ACC-100026,NEFT,3565,2025-08-08 12:02:23,Indian Bank,9000000168.0,None,Financial
TXN-00872,EXT-ACC-200419,SYN-ACC-100049,RTGS,25175,2025-07-24 08:03:04,South Indian Bank,9000000146.0,Cross-state transfer,Financial
TXN-00873,SYN-ACC-100062,EXT-ACC-323601,Cash Deposit,91577,2026-01-16 18:23:59,Karnataka Bank,9000000394,None,Financial
TXN-00874,SYN-ACC-100083,SYN-ACC-100011,IMPS,7826,2026-05-30 12:22:12,Axis Bank,9000000132,New account high value,Financial
TXN-00875,EXT-ACC-245557,EXT-ACC-392382,UPI,1911862,2026-01-15 22:52:16,South Indian Bank,9000000482,Multiple small transfers (structuring),Financial
TXN-00876,SYN-ACC-100072,EXT-ACC-353609,UPI,83579,2025-11-16 09:51:56,Axis Bank,NULL,Multiple small transfers (structuring),Financial
TXN-00877,SYN-ACC-100077,SYN-ACC-100047,UPI,9879,2026-02-21 08:00:30,UCO Bank,NULL,Round-number transaction,Financial
TXN-00878,SYN-ACC-100059,SYN-ACC-100027,IMPS,38660,2025-09-16 20:56:24,ICICI Bank,NULL,Multiple small transfers (structuring),Financial
TXN-00879,SYN-ACC-100057,SYN-ACC-100075,NEFT,630950,2025-05-06 08:47:30,ICICI Bank,9000000007,None,Financial
TXN-00880,EXT-ACC-204728,EXT-ACC-398975,Cash Withdrawal,7019,2025-02-02 20:15:09,Indian Bank,9000000387,Cross-state transfer,Financial
TXN-00881,SYN-ACC-100098,SYN-ACC-100066,Cash Deposit,7000,2026-07-30 04:24:00,HDFC Bank,NULL,New account high value,Financial
TXN-00882,EXT-ACC-296028,SYN-ACC-100027,Cash Deposit,55000,2026-04-02 20:45:51,Axis Bank,9000000228,Unusual hours transfer,Financial
TXN-00883,SYN-ACC-100014,SYN-ACC-100012,UPI,1358382,2025-08-15 05:04:55,Axis Bank,9000000288,None,Financial
TXN-00884,SYN-ACC-100008,EXT-ACC-366400,UPI,8643,2025-10-17 12:20:01,Federal Bank,9000000198.0,Cross-state transfer,Financial
TXN-00885,SYN-ACC-100080,SYN-ACC-100018,UPI,2855,2025-03-06 23:03:39,Canara Bank,9000000283,None,Financial
TXN-00886,SYN-ACC-100089,EXT-ACC-368603,IMPS,76000,2026-01-19 05:58:24,HDFC Bank,9000000162,New account high value,Financial
TXN-00887,SYN-ACC-100060,SYN-ACC-100098,IMPS,146024,2026-05-22 10:19:18,UCO Bank,9000000085.0,None,Financial
TXN-00888,EXT-ACC-296084,SYN-ACC-100046,IMPS,13000,2026-02-08 20:21:56,Canara Bank,9000000081,Round-number transaction,Financial
TXN-00889,SYN-ACC-100076,SYN-ACC-100047,NEFT,124615,2025-08-19 11:50:24,Canara Bank,9000000233.0,None,Financial
TXN-00890,EXT-ACC-268482,SYN-ACC-100079,RTGS,5254,2025-06-08 19:26:41,South Indian Bank,NULL,New account high value,Financial
TXN-00891,SYN-ACC-100013,SYN-ACC-100099,Cash Withdrawal,50000,2026-07-10 10:05:02,Kotak Bank,9000000118,Multiple small transfers (structuring),Financial
TXN-00892,EXT-ACC-200734,SYN-ACC-100026,IMPS,102000,2026-05-01 10:20:12,Kotak Bank,9000000273.0,New account high value,Financial
TXN-00893,EXT-ACC-245214,SYN-ACC-100099,UPI,126717,2025-08-26 11:35:56,ICICI Bank,9000000368,Unusual hours transfer,Financial
TXN-00894,SYN-ACC-100026,SYN-ACC-100046,UPI,10000,2026-09-11 23:00:12,Federal Bank,9000000231.0,New account high value,Financial
TXN-00895,EXT-ACC-279269,SYN-ACC-100047,Cash Deposit,139101,2025-01-03 01:47:13,UCO Bank,NULL,Round-number transaction,Financial
TXN-00896,SYN-ACC-100002,SYN-ACC-100027,UPI,437258,2025-12-08 12:23:50,Axis Bank,9000000379.0,Unusual hours transfer,Financial
TXN-00897,SYN-ACC-100016,SYN-ACC-100089,NEFT,9052,2025-03-02 17:44:50,South Indian Bank,NULL,Rapid in-out movement,Financial
TXN-00898,EXT-ACC-293237,SYN-ACC-100076,NEFT,80678,2026-03-10 08:06:16,Axis Bank,9000000453,Multiple small transfers (structuring),Financial
TXN-00899,EXT-ACC-287823,SYN-ACC-100076,RTGS,550523,2025-05-20 00:54:22,SBI,9000000058,Unusual hours transfer,Financial
TXN-00900,SYN-ACC-100083,SYN-ACC-100013,Cash Withdrawal,23790,2026-05-14 09:40:17,Kotak Bank,9000000413,None,Financial
TXN-00901,SYN-ACC-100069,EXT-ACC-303988,Cash Deposit,1424117,2026-01-16 19:51:48,Indian Bank,9000000107,None,Financial
TXN-00902,SYN-ACC-100082,EXT-ACC-320079,IMPS,14000,2025-11-22 21:23:59,Canara Bank,9000000171,None,Financial
TXN-00903,SYN-ACC-100087,SYN-ACC-100068,UPI,19372,2026-06-06 22:49:07,ICICI Bank,NULL,Rapid in-out movement,Financial
TXN-00904,SYN-ACC-100099,SYN-ACC-100089,Cash Deposit,32000,2026-08-15 07:31:53,Federal Bank,9000000282.0,Multiple small transfers (structuring),Financial
TXN-00905,SYN-ACC-100026,SYN-ACC-100003,IMPS,15846,2026-03-12 09:35:03,ICICI Bank,9000000321,None,Financial
TXN-00906,SYN-ACC-100099,SYN-ACC-100064,UPI,5701,2025-01-16 14:49:42,Indian Bank,NULL,Cross-state transfer,Financial
TXN-00907,SYN-ACC-100055,EXT-ACC-340341,Cash Deposit,65093,2026-07-28 07:22:35,Indian Bank,9000000458.0,Rapid in-out movement,Financial
TXN-00908,SYN-ACC-100065,SYN-ACC-100026,Cash Withdrawal,5332,2025-12-08 10:42:24,HDFC Bank,9000000014,New account high value,Financial
TXN-00909,SYN-ACC-100020,EXT-ACC-322344,UPI,116000,2026-03-18 17:32:49,UCO Bank,NULL,New account high value,Financial
TXN-00910,EXT-ACC-227190,SYN-ACC-100053,RTGS,86000,2026-08-24 17:23:19,UCO Bank,9000000245.0,Multiple small transfers (structuring),Financial
TXN-00911,SYN-ACC-100069,SYN-ACC-100032,UPI,23874,2025-03-23 06:07:37,Karnataka Bank,9000000429.0,Rapid in-out movement,Financial
TXN-00912,SYN-ACC-100043,SYN-ACC-100057,UPI,20702,2026-04-24 22:29:12,Kotak Bank,9000000070.0,None,Financial
TXN-00913,SYN-ACC-100095,EXT-ACC-378766,UPI,94000,2025-07-01 23:43:31,Federal Bank,9000000104,Unusual hours transfer,Financial
TXN-00914,EXT-ACC-252527,SYN-ACC-100003,UPI,10278,2026-02-12 01:39:39,UCO Bank,NULL,None,Financial
TXN-00915,SYN-ACC-100059,EXT-ACC-311848,UPI,105729,2025-05-09 10:11:59,Kotak Bank,9000000399,Cross-state transfer,Financial
TXN-00916,SYN-ACC-100054,SYN-ACC-100026,UPI,11718,2026-08-26 10:23:26,ICICI Bank,9000000244,Unusual hours transfer,Financial
TXN-00917,EXT-ACC-291590,SYN-ACC-100056,NEFT,4477,2025-03-16 10:18:17,Axis Bank,9000000127,None,Financial
TXN-00918,EXT-ACC-237118,EXT-ACC-395731,Cash Deposit,33785,2026-06-05 07:24:22,South Indian Bank,9000000436,Rapid in-out movement,Financial
TXN-00919,EXT-ACC-248382,SYN-ACC-100038,UPI,119381,2026-05-17 10:25:57,UCO Bank,9000000362,Multiple small transfers (structuring),Financial
TXN-00920,SYN-ACC-100076,SYN-ACC-100051,NEFT,6837,2026-01-09 08:00:13,SBI,9000000092,New account high value,Financial
TXN-00921,SYN-ACC-100033,EXT-ACC-345388,IMPS,14630,2025-01-10 11:52:51,Indian Bank,9000000126,Cross-state transfer,Financial
TXN-00922,SYN-ACC-100051,EXT-ACC-355372,IMPS,4737,2025-04-01 01:37:17,South Indian Bank,NULL,None,Financial
TXN-00923,EXT-ACC-293326,SYN-ACC-100074,NEFT,126167,2025-10-25 20:25:58,Karnataka Bank,9000000008,New account high value,Financial
TXN-00924,EXT-ACC-292741,SYN-ACC-100026,Cash Deposit,134273,2025-12-27 23:48:48,HDFC Bank,9000000062,Unusual hours transfer,Financial
TXN-00925,EXT-ACC-233072,SYN-ACC-100029,IMPS,5000,2025-10-05 04:49:31,Axis Bank,9000000452,Unusual hours transfer,Financial
TXN-00926,SYN-ACC-100071,SYN-ACC-100078,IMPS,1877,2025-04-08 21:49:42,Indian Bank,9000000064.0,Cross-state transfer,Financial
TXN-00927,EXT-ACC-231994,EXT-ACC-396034,Cash Deposit,26000,2025-10-17 13:24:31,SBI,9000000171,Round-number transaction,Financial
TXN-00928,SYN-ACC-100068,SYN-ACC-100099,IMPS,1000,2026-08-04 00:44:47,HDFC Bank,9000000444,None,Financial
TXN-00929,EXT-ACC-274828,SYN-ACC-100025,NEFT,661186,2025-02-07 22:16:47,ICICI Bank,9000000007,None,Financial
TXN-00930,SYN-ACC-100098,SYN-ACC-100038,UPI,3469,2025-07-31 19:06:45,SBI,9000000043,None,Financial
TXN-00931,SYN-ACC-100088,EXT-ACC-383211,UPI,796,2025-06-21 16:48:52,Canara Bank,9000000442,None,Financial
TXN-00932,EXT-ACC-277059,SYN-ACC-100071,NEFT,10000,2025-09-22 13:10:09,ICICI Bank,9000000098,Rapid in-out movement,Financial
TXN-00933,EXT-ACC-227608,SYN-ACC-100003,NEFT,11324,2025-03-03 01:22:08,Karnataka Bank,9000000359,Unusual hours transfer,Financial
TXN-00934,SYN-ACC-100008,SYN-ACC-100029,UPI,58709,2026-03-15 18:21:29,Axis Bank,9000000308,Unusual hours transfer,Financial
TXN-00935,SYN-ACC-100084,EXT-ACC-317261,NEFT,409000,2025-06-19 13:30:26,UCO Bank,NULL,Round-number transaction,Financial
TXN-00936,EXT-ACC-296267,EXT-ACC-372098,NEFT,124624,2025-08-05 14:41:41,ICICI Bank,NULL,None,Financial
TXN-00937,SYN-ACC-100086,EXT-ACC-399844,RTGS,117806,2025-11-10 18:28:17,Kotak Bank,NULL,Unusual hours transfer,Financial
TXN-00938,EXT-ACC-258911,SYN-ACC-100055,NEFT,14096,2025-12-27 09:59:14,Karnataka Bank,9000000121,None,Financial
TXN-00939,SYN-ACC-100058,SYN-ACC-100063,UPI,146954,2026-04-11 16:45:38,South Indian Bank,9000000308,New account high value,Financial
TXN-00940,SYN-ACC-100003,SYN-ACC-100085,Cash Withdrawal,10352,2026-05-24 01:36:24,Axis Bank,9000000017.0,Rapid in-out movement,Financial
TXN-00941,EXT-ACC-231367,SYN-ACC-100099,Cash Withdrawal,5000,2025-01-24 23:49:36,UCO Bank,9000000217,Cross-state transfer,Financial
TXN-00942,SYN-ACC-100095,SYN-ACC-100088,RTGS,101838,2025-05-04 16:56:39,UCO Bank,9000000138,Multiple small transfers (structuring),Financial
TXN-00943,EXT-ACC-289394,EXT-ACC-368126,Cheque,297568,2025-07-21 23:17:47,Federal Bank,9000000228,None,Financial
TXN-00944,EXT-ACC-293685,SYN-ACC-100070,IMPS,7027,2026-07-18 05:47:08,SBI,9000000375.0,None,Financial
TXN-00945,SYN-ACC-100076,EXT-ACC-313582,UPI,14020,2026-09-07 20:50:21,Canara Bank,9000000003,None,Financial
TXN-00946,SYN-ACC-100095,SYN-ACC-100050,UPI,135126,2026-01-17 19:39:29,UCO Bank,NULL,New account high value,Financial
TXN-00947,SYN-ACC-100041,EXT-ACC-391692,UPI,1085,2025-04-25 23:22:00,Federal Bank,9000000022,New account high value,Financial
TXN-00948,SYN-ACC-100067,SYN-ACC-100077,RTGS,12183,2025-08-18 00:57:16,Indian Bank,9000000070.0,Rapid in-out movement,Financial
TXN-00949,EXT-ACC-233725,SYN-ACC-100082,UPI,10000,2025-10-10 20:28:04,Federal Bank,9000000414,None,Financial
TXN-00950,SYN-ACC-100043,EXT-ACC-384390,UPI,809127,2025-10-21 14:02:03,Kotak Bank,9000000337,Cross-state transfer,Financial
TXN-00951,SYN-ACC-100053,SYN-ACC-100065,UPI,13246,2025-04-03 21:20:44,Karnataka Bank,9000000326,None,Financial
TXN-00952,SYN-ACC-100027,EXT-ACC-368697,Cash Withdrawal,110306,2025-11-06 12:24:53,Karnataka Bank,9000000235,Unusual hours transfer,Financial
TXN-00953,EXT-ACC-297158,SYN-ACC-100054,IMPS,9067,2025-07-18 21:31:45,Indian Bank,9000000060,New account high value,Financial
TXN-00954,SYN-ACC-100078,SYN-ACC-100016,UPI,14110,2025-04-13 22:53:28,Federal Bank,9000000283,Unusual hours transfer,Financial
TXN-00955,SYN-ACC-100087,EXT-ACC-306695,UPI,66492,2025-12-10 05:34:37,Canara Bank,9000000251,None,Financial
TXN-00956,SYN-ACC-100071,SYN-ACC-100027,NEFT,1659911,2026-08-27 19:42:33,Karnataka Bank,9000000408,None,Financial
TXN-00957,EXT-ACC-232997,EXT-ACC-378820,UPI,101151,2026-02-04 09:23:13,HDFC Bank,NULL,Unusual hours transfer,Financial
TXN-00958,SYN-ACC-100074,SYN-ACC-100091,NEFT,44222,2025-05-22 12:05:11,Kotak Bank,9000000145.0,None,Financial
TXN-00959,SYN-ACC-100003,EXT-ACC-388208,UPI,1079455,2026-06-18 13:50:33,Federal Bank,NULL,Cross-state transfer,Financial
TXN-00960,EXT-ACC-227946,SYN-ACC-100065,IMPS,11718,2026-04-19 10:24:03,UCO Bank,9000000182,Cross-state transfer,Financial
TXN-00961,EXT-ACC-220701,SYN-ACC-100075,Cash Withdrawal,1520470,2025-11-20 19:45:00,HDFC Bank,9000000287,None,Financial
TXN-00962,EXT-ACC-239795,SYN-ACC-100065,IMPS,97667,2025-11-27 08:07:39,South Indian Bank,9000000118,Multiple small transfers (structuring),Financial
TXN-00963,SYN-ACC-100053,SYN-ACC-100047,Cheque,20107,2025-06-07 01:31:31,UCO Bank,9000000236,Unusual hours transfer,Financial
TXN-00964,SYN-ACC-100076,SYN-ACC-100016,IMPS,146844,2025-08-01 19:02:27,Canara Bank,9000000051,New account high value,Financial
TXN-00965,EXT-ACC-277717,SYN-ACC-100092,UPI,142675,2026-04-17 05:47:52,South Indian Bank,9000000251,Multiple small transfers (structuring),Financial
TXN-00966,SYN-ACC-100008,SYN-ACC-100099,UPI,13000,2026-08-26 03:34:30,Axis Bank,NULL,Rapid in-out movement,Financial
TXN-00967,SYN-ACC-100021,SYN-ACC-100065,NEFT,91394,2025-04-20 02:30:18,Canara Bank,NULL,None,Financial
TXN-00968,SYN-ACC-100081,EXT-ACC-358437,IMPS,5763,2025-12-24 22:00:12,ICICI Bank,9000000010,None,Financial
TXN-00969,SYN-ACC-100071,EXT-ACC-318385,UPI,6993,2026-09-12 21:36:23,SBI,NULL,Multiple small transfers (structuring),Financial
TXN-00970,SYN-ACC-100027,SYN-ACC-100063,NEFT,143978,2025-09-17 05:35:55,Karnataka Bank,9000000264.0,Unusual hours transfer,Financial
TXN-00971,EXT-ACC-269699,SYN-ACC-100072,Cash Deposit,137801,2025-05-29 06:24:00,Canara Bank,NULL,None,Financial
TXN-00972,SYN-ACC-100079,EXT-ACC-319949,IMPS,11114,2025-12-19 16:03:03,Federal Bank,NULL,None,Financial
TXN-00973,EXT-ACC-256675,EXT-ACC-352620,RTGS,14069,2025-01-07 15:09:29,UCO Bank,9000000216.0,Unusual hours transfer,Financial
TXN-00974,EXT-ACC-276595,EXT-ACC-342810,NEFT,67516,2026-03-23 04:18:29,ICICI Bank,NULL,None,Financial
TXN-00975,EXT-ACC-220002,SYN-ACC-100002,UPI,9239,2025-01-31 15:26:58,Indian Bank,9000000138,New account high value,Financial
TXN-00976,EXT-ACC-286267,SYN-ACC-100025,NEFT,4059,2025-01-22 04:50:33,Indian Bank,NULL,None,Financial
TXN-00977,SYN-ACC-100053,SYN-ACC-100055,Cash Deposit,1306,2025-11-07 01:13:15,UCO Bank,9000000458.0,None,Financial
TXN-00978,SYN-ACC-100003,EXT-ACC-394964,NEFT,4000,2026-01-15 21:38:30,South Indian Bank,9000000100,Multiple small transfers (structuring),Financial
TXN-00979,EXT-ACC-247167,SYN-ACC-100072,Cash Withdrawal,6726,2025-11-07 22:17:18,Canara Bank,9000000088.0,New account high value,Financial
TXN-00980,SYN-ACC-100068,SYN-ACC-100051,NEFT,5000,2025-09-09 02:12:25,SBI,9000000111.0,Rapid in-out movement,Financial
TXN-00981,SYN-ACC-100075,EXT-ACC-399914,UPI,70005,2026-05-29 09:02:30,HDFC Bank,9000000207.0,Rapid in-out movement,Financial
TXN-00982,SYN-ACC-100003,SYN-ACC-100002,Cash Deposit,110701,2025-03-26 23:12:24,Indian Bank,9000000314,Rapid in-out movement,Financial
TXN-00983,EXT-ACC-234757,SYN-ACC-100082,UPI,8000,2025-04-23 02:42:27,Axis Bank,9000000065,None,Financial
TXN-00984,EXT-ACC-222248,SYN-ACC-100027,Cash Withdrawal,2000,2026-01-05 11:29:33,Kotak Bank,NULL,Unusual hours transfer,Financial
TXN-00985,EXT-ACC-200094,SYN-ACC-100056,Cash Withdrawal,11254,2026-04-22 14:30:41,Karnataka Bank,9000000215.0,None,Financial
TXN-00986,EXT-ACC-274873,SYN-ACC-100084,UPI,623017,2026-08-01 05:58:37,Canara Bank,9000000221.0,Round-number transaction,Financial
TXN-00987,SYN-ACC-100077,SYN-ACC-100067,NEFT,84921,2025-04-13 07:11:53,ICICI Bank,9000000234.0,Rapid in-out movement,Financial
TXN-00988,EXT-ACC-204485,EXT-ACC-350466,RTGS,63000,2026-05-08 22:22:22,SBI,NULL,Cross-state transfer,Financial
TXN-00989,SYN-ACC-100065,SYN-ACC-100062,UPI,121341,2025-06-16 20:50:12,Kotak Bank,9000000029,Rapid in-out movement,Financial
TXN-00990,EXT-ACC-267435,EXT-ACC-344204,Cheque,6086,2026-01-14 12:57:30,Federal Bank,9000000388,None,Financial
TXN-00991,EXT-ACC-268035,SYN-ACC-100080,NEFT,9000,2025-06-26 09:55:04,Kotak Bank,NULL,Round-number transaction,Financial
TXN-00992,SYN-ACC-100055,SYN-ACC-100076,Cheque,14704,2025-05-22 20:08:29,Axis Bank,NULL,New account high value,Financial
TXN-00993,SYN-ACC-100027,EXT-ACC-346391,NEFT,27320,2025-10-09 16:24:02,Federal Bank,9000000268,Multiple small transfers (structuring),Financial
TXN-00994,EXT-ACC-283218,SYN-ACC-100069,Cash Deposit,54860,2026-04-19 12:59:22,Axis Bank,NULL,Cross-state transfer,Financial
TXN-00995,SYN-ACC-100043,EXT-ACC-362461,NEFT,5000,2025-07-15 05:06:59,Federal Bank,9000000283,None,Financial
TXN-00996,EXT-ACC-207762,EXT-ACC-318389,UPI,78561,2025-05-04 20:13:59,Karnataka Bank,9000000205,Cross-state transfer,Financial
TXN-00997,SYN-ACC-100059,SYN-ACC-100053,UPI,12394,2026-06-07 04:54:11,Indian Bank,9000000001,Rapid in-out movement,Financial
TXN-00998,SYN-ACC-100033,SYN-ACC-100046,RTGS,11320,2025-04-07 23:38:34,Federal Bank,9000000199,New account high value,Financial
TXN-00999,SYN-ACC-100045,EXT-ACC-350004,Cash Deposit,10771,2026-03-31 08:47:27,Indian Bank,NULL,None,Financial
TXN-01000,EXT-ACC-263871,EXT-ACC-329443,NEFT,12489,2026-04-11 07:02:42,ICICI Bank,9000000222,None,Financial
TXN-01001,EXT-ACC-256685,SYN-ACC-100061,Cash Deposit,12362,2025-07-15 11:29:01,Karnataka Bank,9000000363.0,None,Financial
TXN-01002,EXT-ACC-246748,SYN-ACC-100087,Cash Deposit,8609,2025-12-03 22:00:12,Karnataka Bank,9000000085.0,None,Financial
TXN-01003,SYN-ACC-100020,SYN-ACC-100072,Cash Withdrawal,10000,2026-09-09 09:46:32,Karnataka Bank,NULL,Round-number transaction,Financial
TXN-01004,SYN-ACC-100029,EXT-ACC-355290,Cash Deposit,25451,2026-09-05 03:55:35,Kotak Bank,NULL,None,Financial
TXN-01005,EXT-ACC-204885,EXT-ACC-382328,IMPS,920,2025-05-21 09:11:41,SBI,9000000235,Round-number transaction,Financial
TXN-01006,SYN-ACC-100094,SYN-ACC-100012,Cash Withdrawal,11690,2025-07-13 04:07:27,HDFC Bank,9000000477.0,New account high value,Financial
TXN-01007,SYN-ACC-100068,SYN-ACC-100096,UPI,99380,2026-08-09 02:53:12,ICICI Bank,NULL,Rapid in-out movement,Financial
TXN-01008,EXT-ACC-243747,SYN-ACC-100016,Cash Deposit,813821,2025-03-20 16:20:04,Canara Bank,9000000213,None,Financial
TXN-01009,SYN-ACC-100089,SYN-ACC-100098,NEFT,109756,2025-05-11 21:52:22,ICICI Bank,9000000105.0,Unusual hours transfer,Financial
TXN-01010,EXT-ACC-273463,SYN-ACC-100016,UPI,35000,2025-03-12 07:49:45,South Indian Bank,NULL,Rapid in-out movement,Financial
TXN-01011,SYN-ACC-100059,SYN-ACC-100002,NEFT,92048,2025-03-05 20:32:07,ICICI Bank,NULL,None,Financial
TXN-01012,SYN-ACC-100075,EXT-ACC-303454,NEFT,72404,2025-06-25 09:49:32,Kotak Bank,9000000007,Rapid in-out movement,Financial
TXN-01013,SYN-ACC-100095,SYN-ACC-100071,Cash Deposit,9531,2025-05-30 07:35:48,Axis Bank,9000000343.0,Unusual hours transfer,Financial
TXN-01014,EXT-ACC-250738,EXT-ACC-392634,IMPS,13635,2025-10-15 13:33:34,ICICI Bank,NULL,Cross-state transfer,Financial
TXN-01015,SYN-ACC-100057,EXT-ACC-317628,UPI,79723,2026-03-26 16:34:05,Indian Bank,9000000355,None,Financial
TXN-01016,SYN-ACC-100047,SYN-ACC-100077,IMPS,73711,2026-03-23 00:57:59,SBI,9000000081,None,Financial
TXN-01017,SYN-ACC-100068,SYN-ACC-100041,IMPS,1149559,2025-04-25 20:41:07,Canara Bank,9000000272,Rapid in-out movement,Financial
TXN-01018,EXT-ACC-295389,SYN-ACC-100071,NEFT,49959,2025-06-17 03:41:45,Karnataka Bank,9000000004.0,None,Financial
TXN-01019,SYN-ACC-100006,EXT-ACC-353364,UPI,97434,2026-04-19 11:39:50,SBI,9000000318.0,Multiple small transfers (structuring),Financial
TXN-01020,SYN-ACC-100024,EXT-ACC-396017,UPI,1772639,2025-05-20 07:09:18,Indian Bank,9000000381,None,Financial
TXN-01021,SYN-ACC-100035,EXT-ACC-375235,IMPS,121844,2026-01-04 11:35:52,Indian Bank,NULL,Rapid in-out movement,Financial
TXN-01022,SYN-ACC-100057,EXT-ACC-333031,NEFT,7076,2025-09-30 18:51:18,Karnataka Bank,9000000031,None,Financial
TXN-01023,SYN-ACC-100027,SYN-ACC-100068,UPI,3000,2026-02-15 23:31:47,SBI,9000000231.0,Unusual hours transfer,Financial
TXN-01024,SYN-ACC-100055,EXT-ACC-324704,RTGS,9268,2025-09-26 03:53:18,Canara Bank,NULL,Rapid in-out movement,Financial
TXN-01025,SYN-ACC-100079,EXT-ACC-323264,NEFT,132000,2025-01-31 02:48:17,Federal Bank,NULL,Round-number transaction,Financial
TXN-01026,EXT-ACC-240850,EXT-ACC-314126,UPI,9000,2025-03-19 10:56:41,Kotak Bank,9000000182,None,Financial
TXN-01027,EXT-ACC-259594,EXT-ACC-371824,Cash Deposit,45509,2025-02-20 20:19:46,ICICI Bank,9000000001,Cross-state transfer,Financial
TXN-01028,EXT-ACC-264325,SYN-ACC-100089,NEFT,1157521,2026-05-28 08:57:14,South Indian Bank,9000000074,Round-number transaction,Financial
TXN-01029,SYN-ACC-100024,SYN-ACC-100074,NEFT,67674,2025-04-16 05:26:58,Kotak Bank,NULL,Unusual hours transfer,Financial
TXN-01030,EXT-ACC-255878,SYN-ACC-100052,NEFT,5767,2026-04-19 12:56:47,Axis Bank,9000000019,None,Financial
TXN-01031,EXT-ACC-269147,EXT-ACC-324651,Cash Withdrawal,10125,2026-03-20 17:20:10,Federal Bank,9000000213,None,Financial
TXN-01032,SYN-ACC-100082,EXT-ACC-350449,UPI,259965,2026-06-16 09:46:00,Axis Bank,9000000337,Rapid in-out movement,Financial
TXN-01033,SYN-ACC-100091,SYN-ACC-100005,NEFT,4130,2025-02-26 16:08:16,UCO Bank,9000000040,None,Financial
TXN-01034,SYN-ACC-100078,SYN-ACC-100043,UPI,4438,2025-09-14 21:38:23,Indian Bank,NULL,Cross-state transfer,Financial
TXN-01035,SYN-ACC-100002,SYN-ACC-100073,Cash Withdrawal,9847,2026-05-02 09:02:07,HDFC Bank,9000000298.0,None,Financial
TXN-01036,SYN-ACC-100027,EXT-ACC-349431,UPI,1862796,2025-07-16 20:11:36,South Indian Bank,9000000071.0,Cross-state transfer,Financial
TXN-01037,SYN-ACC-100098,SYN-ACC-100033,UPI,32000,2025-09-12 06:46:43,Indian Bank,NULL,Unusual hours transfer,Financial
TXN-01038,EXT-ACC-291097,SYN-ACC-100016,UPI,43441,2025-11-03 17:35:09,UCO Bank,NULL,None,Financial
TXN-01039,SYN-ACC-100072,SYN-ACC-100070,UPI,7000,2026-08-16 06:48:07,Canara Bank,9000000243,Round-number transaction,Financial
TXN-01040,SYN-ACC-100080,EXT-ACC-366010,IMPS,3947,2025-02-03 23:42:22,South Indian Bank,9000000012,New account high value,Financial
TXN-01041,SYN-ACC-100003,SYN-ACC-100043,UPI,5280,2025-06-24 22:41:45,Indian Bank,9000000328.0,None,Financial
TXN-01042,SYN-ACC-100076,EXT-ACC-378860,NEFT,52582,2025-09-04 15:37:38,SBI,9000000272,None,Financial
TXN-01043,SYN-ACC-100077,EXT-ACC-342160,NEFT,2200,2025-01-05 14:00:50,Axis Bank,9000000150.0,None,Financial
TXN-01044,SYN-ACC-100084,SYN-ACC-100021,UPI,139893,2026-05-16 19:45:34,Axis Bank,9000000243,New account high value,Financial
TXN-01045,SYN-ACC-100049,SYN-ACC-100068,RTGS,3009,2025-10-07 17:24:20,UCO Bank,9000000171,Cross-state transfer,Financial
TXN-01046,EXT-ACC-221013,SYN-ACC-100027,Cash Deposit,8035,2026-02-25 14:15:50,UCO Bank,NULL,Rapid in-out movement,Financial
TXN-01047,SYN-ACC-100099,SYN-ACC-100058,IMPS,6864,2025-09-20 09:04:23,ICICI Bank,9000000127,None,Financial
TXN-01048,SYN-ACC-100067,SYN-ACC-100053,IMPS,110268,2026-03-02 19:17:29,Axis Bank,9000000289.0,Cross-state transfer,Financial
TXN-01049,SYN-ACC-100051,SYN-ACC-100020,IMPS,28000,2025-09-20 06:52:12,Federal Bank,NULL,Unusual hours transfer,Financial
TXN-01050,SYN-ACC-100099,SYN-ACC-100026,RTGS,12722,2026-08-21 11:40:24,Indian Bank,9000000126,Rapid in-out movement,Financial
TXN-01051,SYN-ACC-100055,SYN-ACC-100099,UPI,1434139,2026-05-03 20:21:52,SBI,9000000272,Multiple small transfers (structuring),Financial
TXN-01052,SYN-ACC-100035,EXT-ACC-346752,UPI,3989,2025-02-21 06:45:34,ICICI Bank,9000000189.0,None,Financial
TXN-01053,EXT-ACC-258538,SYN-ACC-100098,UPI,10000,2025-04-29 01:48:01,Indian Bank,9000000307,Unusual hours transfer,Financial
TXN-01054,SYN-ACC-100056,EXT-ACC-390434,Cash Deposit,2357,2025-04-24 21:41:05,Kotak Bank,9000000032,Rapid in-out movement,Financial
TXN-01055,EXT-ACC-261972,SYN-ACC-100003,UPI,109997,2026-03-31 07:09:44,South Indian Bank,9000000095.0,None,Financial
TXN-01056,SYN-ACC-100086,EXT-ACC-348492,UPI,5416,2025-04-27 02:37:15,Canara Bank,NULL,None,Financial
TXN-01057,SYN-ACC-100069,SYN-ACC-100096,IMPS,13596,2026-04-29 00:21:05,South Indian Bank,9000000463.0,New account high value,Financial
TXN-01058,SYN-ACC-100008,SYN-ACC-100043,NEFT,259076,2026-06-29 02:32:38,HDFC Bank,9000000044.0,New account high value,Financial
TXN-01059,EXT-ACC-286074,SYN-ACC-100054,RTGS,11000,2026-03-22 13:39:34,SBI,9000000129.0,Multiple small transfers (structuring),Financial
TXN-01060,EXT-ACC-235426,EXT-ACC-343992,NEFT,126284,2025-09-23 17:44:27,Indian Bank,NULL,None,Financial
TXN-01061,SYN-ACC-100026,SYN-ACC-100039,NEFT,98523,2025-03-30 04:15:52,SBI,NULL,Round-number transaction,Financial
TXN-01062,SYN-ACC-100002,EXT-ACC-311453,Cash Deposit,720,2025-09-22 23:12:49,South Indian Bank,9000000146.0,None,Financial
TXN-01063,EXT-ACC-282706,EXT-ACC-387154,UPI,12000,2026-08-03 11:38:32,Canara Bank,9000000366.0,Round-number transaction,Financial
TXN-01064,SYN-ACC-100044,SYN-ACC-100078,UPI,9000,2025-06-03 05:56:02,Kotak Bank,9000000258,New account high value,Financial
TXN-01065,SYN-ACC-100055,SYN-ACC-100072,UPI,702000,2026-02-25 23:34:59,South Indian Bank,NULL,Multiple small transfers (structuring),Financial
TXN-01066,SYN-ACC-100020,EXT-ACC-329847,UPI,92784,2026-01-29 12:43:24,Karnataka Bank,9000000104,Unusual hours transfer,Financial
TXN-01067,EXT-ACC-269540,SYN-ACC-100079,IMPS,3000,2025-02-18 18:21:34,Kotak Bank,9000000274,None,Financial
TXN-01068,EXT-ACC-256373,SYN-ACC-100080,IMPS,12694,2025-09-05 07:22:11,South Indian Bank,NULL,New account high value,Financial
TXN-01069,SYN-ACC-100053,SYN-ACC-100077,UPI,13786,2026-01-24 02:59:19,HDFC Bank,NULL,New account high value,Financial
TXN-01070,EXT-ACC-229899,SYN-ACC-100078,NEFT,8063,2026-09-11 11:12:23,Axis Bank,9000000132,New account high value,Financial
TXN-01071,EXT-ACC-254997,EXT-ACC-318275,IMPS,14758,2025-11-07 05:41:45,ICICI Bank,9000000234.0,Rapid in-out movement,Financial
TXN-01072,SYN-ACC-100099,SYN-ACC-100027,NEFT,4000,2025-11-01 15:43:57,Indian Bank,9000000460,Cross-state transfer,Financial
TXN-01073,SYN-ACC-100038,SYN-ACC-100081,NEFT,107634,2025-02-21 23:13:10,ICICI Bank,9000000436,Unusual hours transfer,Financial
TXN-01074,SYN-ACC-100072,SYN-ACC-100005,NEFT,1474000,2026-05-05 16:36:29,HDFC Bank,9000000093.0,Round-number transaction,Financial
TXN-01075,SYN-ACC-100059,SYN-ACC-100098,UPI,139000,2025-12-14 06:08:30,ICICI Bank,9000000006,New account high value,Financial
TXN-01076,EXT-ACC-240964,SYN-ACC-100043,NEFT,6082,2025-09-15 03:25:08,UCO Bank,NULL,New account high value,Financial
TXN-01077,SYN-ACC-100043,EXT-ACC-379873,UPI,143081,2025-01-16 01:35:30,ICICI Bank,9000000172,None,Financial
TXN-01078,SYN-ACC-100054,SYN-ACC-100071,Cash Withdrawal,708000,2025-10-30 14:13:54,UCO Bank,NULL,Unusual hours transfer,Financial
TXN-01079,SYN-ACC-100080,SYN-ACC-100084,UPI,10668,2025-04-24 11:52:40,HDFC Bank,NULL,None,Financial
TXN-01080,SYN-ACC-100016,EXT-ACC-384651,UPI,1419000,2026-07-24 15:56:17,SBI,9000000086,None,Financial
TXN-01081,SYN-ACC-100044,SYN-ACC-100047,UPI,2860,2025-01-23 09:16:00,Karnataka Bank,9000000092,Round-number transaction,Financial
TXN-01082,SYN-ACC-100089,SYN-ACC-100076,UPI,1106183,2026-07-03 14:19:31,South Indian Bank,9000000042.0,Multiple small transfers (structuring),Financial
TXN-01083,SYN-ACC-100055,SYN-ACC-100057,UPI,21676,2026-05-18 00:25:59,ICICI Bank,9000000379.0,None,Financial
TXN-01084,SYN-ACC-100008,SYN-ACC-100006,Cash Withdrawal,12251,2026-01-21 18:43:23,Canara Bank,NULL,Unusual hours transfer,Financial
TXN-01085,SYN-ACC-100067,SYN-ACC-100057,NEFT,6129,2026-01-18 12:02:22,Axis Bank,9000000337,None,Financial
TXN-01086,SYN-ACC-100075,EXT-ACC-327165,NEFT,14732,2025-07-05 20:13:47,SBI,9000000431,Multiple small transfers (structuring),Financial
TXN-01087,SYN-ACC-100020,SYN-ACC-100078,UPI,3000,2025-04-17 22:24:46,Federal Bank,9000000491.0,None,Financial
TXN-01088,SYN-ACC-100080,SYN-ACC-100073,IMPS,25520,2025-01-28 23:11:34,UCO Bank,9000000166.0,Multiple small transfers (structuring),Financial
TXN-01089,SYN-ACC-100057,EXT-ACC-321519,NEFT,620,2026-08-02 01:53:53,South Indian Bank,9000000322.0,New account high value,Financial
TXN-01090,SYN-ACC-100026,SYN-ACC-100059,UPI,2452,2025-12-17 19:21:43,SBI,9000000060,None,Financial
TXN-01091,SYN-ACC-100026,SYN-ACC-100047,IMPS,569730,2026-07-26 10:29:20,HDFC Bank,NULL,Unusual hours transfer,Financial
TXN-01092,EXT-ACC-247308,SYN-ACC-100051,UPI,1919079,2026-02-01 23:34:59,SBI,9000000007,Rapid in-out movement,Financial
TXN-01093,SYN-ACC-100099,SYN-ACC-100065,Cheque,58322,2026-01-08 23:07:17,Federal Bank,9000000130,Multiple small transfers (structuring),Financial
TXN-01094,EXT-ACC-204089,SYN-ACC-100055,Cash Withdrawal,786374,2026-07-21 00:51:05,South Indian Bank,NULL,Round-number transaction,Financial
TXN-01095,SYN-ACC-100053,EXT-ACC-348866,UPI,866,2025-01-28 04:18:43,Canara Bank,9000000287,None,Financial
TXN-01096,EXT-ACC-226825,SYN-ACC-100069,Cash Withdrawal,140000,2025-03-29 10:46:10,Canara Bank,9000000489,None,Financial
TXN-01097,SYN-ACC-100027,SYN-ACC-100054,IMPS,7013,2025-01-24 05:20:28,SBI,9000000321,Multiple small transfers (structuring),Financial
TXN-01098,SYN-ACC-100078,SYN-ACC-100080,UPI,8350,2025-07-27 14:32:35,SBI,9000000362,Cross-state transfer,Financial
TXN-01099,EXT-ACC-285220,SYN-ACC-100021,Cash Deposit,143065,2026-07-10 19:10:44,SBI,9000000168.0,None,Financial
TXN-01100,SYN-ACC-100047,SYN-ACC-100057,Cash Withdrawal,53194,2026-05-12 13:40:48,ICICI Bank,9000000195.0,Rapid in-out movement,Financial
TXN-01101,EXT-ACC-219350,EXT-ACC-398521,Cash Withdrawal,121910,2025-12-02 07:40:57,Canara Bank,9000000084.0,New account high value,Financial
TXN-01102,EXT-ACC-284602,SYN-ACC-100097,Cash Deposit,1200,2026-05-01 12:00:55,Indian Bank,9000000056,None,Financial
TXN-01103,EXT-ACC-220896,EXT-ACC-375195,UPI,68953,2025-11-04 20:30:10,Canara Bank,NULL,Round-number transaction,Financial
TXN-01104,EXT-ACC-271302,SYN-ACC-100046,UPI,1543845,2026-07-29 13:13:02,UCO Bank,9000000328.0,None,Financial
TXN-01105,SYN-ACC-100077,EXT-ACC-371886,Cash Withdrawal,117971,2025-09-30 17:37:07,Axis Bank,9000000033.0,Cross-state transfer,Financial
TXN-01106,SYN-ACC-100020,EXT-ACC-324684,IMPS,1208037,2026-01-20 15:15:05,Indian Bank,NULL,None,Financial
TXN-01107,SYN-ACC-100060,EXT-ACC-371036,RTGS,551000,2025-01-25 03:41:54,HDFC Bank,9000000258,None,Financial
TXN-01108,SYN-ACC-100013,EXT-ACC-355301,Cash Withdrawal,17771,2025-08-22 04:25:19,ICICI Bank,9000000283,Unusual hours transfer,Financial
TXN-01109,SYN-ACC-100071,SYN-ACC-100069,UPI,1016,2025-10-01 00:22:41,SBI,9000000147.0,None,Financial
TXN-01110,EXT-ACC-255404,EXT-ACC-381295,Cash Withdrawal,1586231,2025-01-22 05:25:59,Axis Bank,9000000291,Round-number transaction,Financial
TXN-01111,SYN-ACC-100016,SYN-ACC-100077,IMPS,1103547,2025-09-20 01:16:09,UCO Bank,9000000305.0,Unusual hours transfer,Financial
TXN-01112,EXT-ACC-259139,SYN-ACC-100060,UPI,14634,2025-01-22 22:21:08,Federal Bank,9000000175,Rapid in-out movement,Financial
TXN-01113,SYN-ACC-100098,SYN-ACC-100099,IMPS,10000,2026-02-06 08:39:47,Kotak Bank,9000000198.0,Unusual hours transfer,Financial
TXN-01114,SYN-ACC-100071,SYN-ACC-100098,Cheque,8399,2025-01-05 10:06:57,Axis Bank,NULL,None,Financial
TXN-01115,EXT-ACC-205750,SYN-ACC-100084,Cash Deposit,144330,2025-12-12 09:10:57,Canara Bank,9000000024,Rapid in-out movement,Financial
TXN-01116,EXT-ACC-273763,SYN-ACC-100048,IMPS,12106,2026-06-23 21:35:41,ICICI Bank,9000000033.0,None,Financial
TXN-01117,SYN-ACC-100008,SYN-ACC-100076,UPI,11390,2025-11-08 17:16:37,Federal Bank,NULL,Round-number transaction,Financial
TXN-01118,SYN-ACC-100026,SYN-ACC-100051,NEFT,140000,2026-09-06 14:37:59,Karnataka Bank,9000000265,Round-number transaction,Financial
TXN-01119,SYN-ACC-100002,SYN-ACC-100098,UPI,13000,2026-02-12 10:33:55,Karnataka Bank,9000000268,Round-number transaction,Financial
TXN-01120,SYN-ACC-100095,SYN-ACC-100005,IMPS,4000,2025-10-29 06:11:18,Federal Bank,9000000476,Round-number transaction,Financial
TXN-01121,SYN-ACC-100033,SYN-ACC-100055,UPI,34030,2025-07-11 21:40:40,Karnataka Bank,NULL,Round-number transaction,Financial
TXN-01122,EXT-ACC-253266,SYN-ACC-100076,Cash Deposit,22000,2026-07-19 06:51:10,ICICI Bank,9000000228,Cross-state transfer,Financial
TXN-01123,SYN-ACC-100069,EXT-ACC-353284,RTGS,56232,2026-02-09 20:57:45,HDFC Bank,9000000264.0,None,Financial
TXN-01124,SYN-ACC-100021,EXT-ACC-319079,IMPS,5044,2025-12-27 19:02:23,Karnataka Bank,NULL,New account high value,Financial
TXN-01125,SYN-ACC-100074,SYN-ACC-100065,Cash Withdrawal,116213,2026-06-19 17:40:10,South Indian Bank,9000000422,None,Financial
TXN-01126,EXT-ACC-217991,SYN-ACC-100035,NEFT,8970,2025-02-18 21:10:54,HDFC Bank,9000000448,Unusual hours transfer,Financial
TXN-01127,SYN-ACC-100084,EXT-ACC-342488,Cash Withdrawal,106361,2025-05-30 00:16:43,ICICI Bank,9000000456,Cross-state transfer,Financial
TXN-01128,EXT-ACC-224687,EXT-ACC-318255,Cash Deposit,64799,2025-10-08 18:36:17,Federal Bank,9000000314,None,Financial
TXN-01129,SYN-ACC-100003,EXT-ACC-338202,RTGS,13442,2025-09-20 01:04:16,Indian Bank,NULL,Cross-state transfer,Financial
TXN-01130,SYN-ACC-100045,SYN-ACC-100016,UPI,81000,2025-10-20 11:37:29,Federal Bank,NULL,Rapid in-out movement,Financial
TXN-01131,EXT-ACC-259606,EXT-ACC-372174,RTGS,9797,2025-07-26 09:01:46,SBI,NULL,None,Financial
TXN-01132,EXT-ACC-278023,SYN-ACC-100076,UPI,2513,2025-02-12 07:59:37,SBI,NULL,Unusual hours transfer,Financial
TXN-01133,SYN-ACC-100090,EXT-ACC-390010,NEFT,11318,2025-01-08 15:43:51,Canara Bank,9000000407.0,None,Financial
TXN-01134,SYN-ACC-100076,SYN-ACC-100069,RTGS,9554,2025-07-03 14:06:47,Indian Bank,9000000066,New account high value,Financial
TXN-01135,SYN-ACC-100053,SYN-ACC-100016,UPI,9859,2025-07-29 12:06:57,Kotak Bank,9000000393.0,Cross-state transfer,Financial
TXN-01136,SYN-ACC-100079,EXT-ACC-336630,UPI,5554,2026-04-11 19:31:21,Axis Bank,9000000142,Round-number transaction,Financial
TXN-01137,EXT-ACC-253547,EXT-ACC-358002,UPI,1933809,2025-10-23 06:44:42,SBI,9000000295.0,Cross-state transfer,Financial
TXN-01138,EXT-ACC-264424,SYN-ACC-100055,UPI,8815,2025-12-10 11:00:33,South Indian Bank,9000000401,New account high value,Financial
TXN-01139,EXT-ACC-222070,EXT-ACC-327149,UPI,4991,2025-08-14 18:38:44,UCO Bank,9000000305.0,Multiple small transfers (structuring),Financial
TXN-01140,EXT-ACC-273834,SYN-ACC-100098,NEFT,116940,2025-10-07 05:56:57,Axis Bank,9000000067,Cross-state transfer,Financial
TXN-01141,SYN-ACC-100013,SYN-ACC-100057,Cheque,3261,2026-03-31 18:24:36,Karnataka Bank,9000000268,Cross-state transfer,Financial
TXN-01142,EXT-ACC-247785,SYN-ACC-100084,IMPS,10583,2025-02-08 21:16:50,HDFC Bank,9000000023,Round-number transaction,Financial
TXN-01143,EXT-ACC-236505,EXT-ACC-324382,UPI,9000,2025-03-13 16:03:20,South Indian Bank,9000000013.0,None,Financial
TXN-01144,SYN-ACC-100016,EXT-ACC-322010,UPI,66220,2025-03-01 20:16:08,Canara Bank,NULL,Unusual hours transfer,Financial
TXN-01145,SYN-ACC-100033,SYN-ACC-100080,IMPS,3560,2025-01-07 19:02:47,ICICI Bank,NULL,Unusual hours transfer,Financial
TXN-01146,SYN-ACC-100072,SYN-ACC-100002,UPI,2667,2026-04-19 00:00:24,ICICI Bank,9000000134.0,Round-number transaction,Financial
TXN-01147,EXT-ACC-293510,SYN-ACC-100061,IMPS,7000,2025-08-12 01:50:33,Kotak Bank,9000000062,None,Financial
TXN-01148,EXT-ACC-272130,SYN-ACC-100089,NEFT,1239798,2026-04-16 07:39:28,South Indian Bank,9000000332.0,Unusual hours transfer,Financial
TXN-01149,SYN-ACC-100072,SYN-ACC-100047,UPI,111339,2025-03-31 17:45:02,South Indian Bank,NULL,Rapid in-out movement,Financial
TXN-01150,SYN-ACC-100062,EXT-ACC-328255,NEFT,53580,2026-04-04 14:24:40,Indian Bank,9000000163,None,Financial
TXN-01151,SYN-ACC-100027,SYN-ACC-100076,NEFT,8121,2025-06-08 23:44:35,Kotak Bank,9000000252,Cross-state transfer,Financial
TXN-01152,EXT-ACC-213275,SYN-ACC-100078,NEFT,11205,2025-03-02 16:19:37,South Indian Bank,9000000339.0,None,Financial
TXN-01153,EXT-ACC-262843,SYN-ACC-100059,UPI,17899,2025-04-24 08:30:02,Federal Bank,9000000387,Unusual hours transfer,Financial
TXN-01154,SYN-ACC-100041,SYN-ACC-100071,UPI,7000,2026-02-06 13:31:56,South Indian Bank,9000000081,Unusual hours transfer,Financial
TXN-01155,SYN-ACC-100080,EXT-ACC-374232,NEFT,471557,2025-10-21 13:01:56,ICICI Bank,9000000385,None,Financial
TXN-01156,SYN-ACC-100002,EXT-ACC-312214,RTGS,4000,2025-08-24 06:39:25,SBI,NULL,Round-number transaction,Financial
TXN-01157,SYN-ACC-100093,SYN-ACC-100016,UPI,151190,2025-05-07 21:50:13,SBI,9000000115.0,Round-number transaction,Financial
TXN-01158,EXT-ACC-264681,SYN-ACC-100073,Cash Deposit,12426,2025-12-31 05:25:11,HDFC Bank,9000000122,None,Financial
TXN-01159,SYN-ACC-100051,SYN-ACC-100073,Cash Deposit,88129,2026-08-28 12:29:27,UCO Bank,9000000308,None,Financial
TXN-01160,SYN-ACC-100072,SYN-ACC-100077,NEFT,779864,2025-07-20 02:48:00,Canara Bank,NULL,Round-number transaction,Financial
TXN-01161,EXT-ACC-232602,SYN-ACC-100002,UPI,110157,2025-11-07 13:45:26,Axis Bank,9000000457.0,Unusual hours transfer,Financial
TXN-01162,SYN-ACC-100099,SYN-ACC-100065,Cash Withdrawal,13853,2025-11-18 17:40:28,Kotak Bank,NULL,New account high value,Financial
TXN-01163,SYN-ACC-100084,EXT-ACC-364469,Cash Withdrawal,4006,2025-07-02 14:47:34,HDFC Bank,9000000030.0,Rapid in-out movement,Financial
TXN-01164,SYN-ACC-100081,SYN-ACC-100039,IMPS,7521,2025-03-13 16:52:37,Karnataka Bank,9000000252,Multiple small transfers (structuring),Financial
TXN-01165,SYN-ACC-100063,SYN-ACC-100020,IMPS,1617974,2026-03-21 06:48:06,Canara Bank,9000000088.0,Unusual hours transfer,Financial
TXN-01166,SYN-ACC-100078,SYN-ACC-100064,IMPS,1878454,2025-03-25 12:39:44,HDFC Bank,9000000243,Unusual hours transfer,Financial
TXN-01167,SYN-ACC-100054,SYN-ACC-100007,RTGS,40198,2025-06-23 19:47:00,HDFC Bank,9000000031,Cross-state transfer,Financial
TXN-01168,EXT-ACC-247022,EXT-ACC-340160,UPI,120145,2025-07-02 15:02:57,HDFC Bank,9000000006,Cross-state transfer,Financial
TXN-01169,SYN-ACC-100098,SYN-ACC-100054,Cash Deposit,8000,2026-07-16 09:24:15,Canara Bank,9000000143,Round-number transaction,Financial
TXN-01170,EXT-ACC-257060,SYN-ACC-100099,IMPS,94311,2025-06-12 22:25:52,Kotak Bank,9000000303,Rapid in-out movement,Financial
TXN-01171,SYN-ACC-100063,EXT-ACC-333053,NEFT,136505,2025-11-05 17:44:37,ICICI Bank,9000000379.0,None,Financial
TXN-01172,EXT-ACC-255358,EXT-ACC-398502,RTGS,16951,2025-05-08 12:31:14,HDFC Bank,9000000291,New account high value,Financial
TXN-01173,SYN-ACC-100086,SYN-ACC-100071,Cash Withdrawal,1662000,2025-01-30 20:44:34,SBI,9000000442,New account high value,Financial
TXN-01174,SYN-ACC-100027,SYN-ACC-100093,NEFT,5947,2026-07-27 02:12:09,Federal Bank,9000000210,None,Financial
TXN-01175,SYN-ACC-100071,SYN-ACC-100053,Cash Deposit,12281,2025-08-14 09:35:41,Federal Bank,NULL,Rapid in-out movement,Financial
TXN-01176,SYN-ACC-100006,EXT-ACC-308231,NEFT,1122121,2026-04-18 20:07:02,South Indian Bank,9000000189.0,Rapid in-out movement,Financial
TXN-01177,SYN-ACC-100051,SYN-ACC-100084,Cash Withdrawal,5000,2025-06-28 00:59:10,SBI,9000000296,Cross-state transfer,Financial
TXN-01178,SYN-ACC-100054,EXT-ACC-370157,Cash Deposit,124000,2026-07-24 03:27:06,Karnataka Bank,NULL,None,Financial
TXN-01179,SYN-ACC-100006,SYN-ACC-100016,IMPS,965848,2025-09-13 05:18:46,Indian Bank,9000000129.0,Multiple small transfers (structuring),Financial
TXN-01180,SYN-ACC-100051,EXT-ACC-302711,UPI,1683053,2026-05-26 15:53:23,HDFC Bank,9000000207.0,Rapid in-out movement,Financial
TXN-01181,SYN-ACC-100003,SYN-ACC-100099,UPI,33000,2025-05-01 20:00:33,Canara Bank,NULL,Multiple small transfers (structuring),Financial
TXN-01182,SYN-ACC-100080,EXT-ACC-335396,Cheque,7893,2026-01-24 17:18:28,Federal Bank,9000000374.0,None,Financial
TXN-01183,SYN-ACC-100039,EXT-ACC-346299,UPI,80609,2026-04-27 20:00:44,Canara Bank,NULL,Rapid in-out movement,Financial
TXN-01184,SYN-ACC-100003,EXT-ACC-370098,UPI,1738204,2025-01-24 03:18:33,ICICI Bank,NULL,Unusual hours transfer,Financial
TXN-01185,EXT-ACC-252751,SYN-ACC-100026,RTGS,32538,2026-08-02 09:18:20,UCO Bank,NULL,None,Financial
TXN-01186,SYN-ACC-100065,SYN-ACC-100043,UPI,9854,2026-06-01 04:40:24,ICICI Bank,9000000207.0,None,Financial
TXN-01187,EXT-ACC-260749,SYN-ACC-100020,RTGS,45539,2026-01-03 17:22:16,Kotak Bank,9000000435,None,Financial
TXN-01188,SYN-ACC-100047,EXT-ACC-383634,UPI,13970,2025-01-31 05:52:17,Canara Bank,9000000457.0,None,Financial
TXN-01189,SYN-ACC-100007,SYN-ACC-100002,UPI,1718,2025-10-10 13:26:54,Canara Bank,9000000457.0,Rapid in-out movement,Financial
TXN-01190,SYN-ACC-100067,EXT-ACC-368806,RTGS,910000,2025-07-25 05:02:31,ICICI Bank,9000000309.0,Rapid in-out movement,Financial
TXN-01191,SYN-ACC-100006,SYN-ACC-100078,UPI,35884,2026-03-03 08:55:04,South Indian Bank,NULL,Unusual hours transfer,Financial
TXN-01192,EXT-ACC-213164,EXT-ACC-398605,Cash Withdrawal,14884,2026-05-27 00:05:54,ICICI Bank,9000000252,Rapid in-out movement,Financial
TXN-01193,SYN-ACC-100053,SYN-ACC-100033,NEFT,6416,2025-03-25 00:35:29,HDFC Bank,9000000159,Round-number transaction,Financial
TXN-01194,SYN-ACC-100064,EXT-ACC-313614,RTGS,4078,2025-04-09 09:08:24,Indian Bank,9000000422,None,Financial
TXN-01195,SYN-ACC-100060,EXT-ACC-335823,RTGS,64166,2025-07-04 18:59:44,SBI,9000000028,None,Financial
TXN-01196,SYN-ACC-100093,SYN-ACC-100002,Cheque,9975,2025-07-13 10:16:05,South Indian Bank,NULL,Round-number transaction,Financial
TXN-01197,SYN-ACC-100071,SYN-ACC-100033,RTGS,48605,2026-05-13 17:45:39,South Indian Bank,9000000082,Multiple small transfers (structuring),Financial
TXN-01198,SYN-ACC-100017,SYN-ACC-100054,NEFT,729966,2026-03-23 06:50:57,SBI,9000000366.0,Round-number transaction,Financial
TXN-01199,SYN-ACC-100033,SYN-ACC-100002,IMPS,111668,2025-11-16 07:57:35,Axis Bank,9000000351.0,Round-number transaction,Financial
TXN-01200,EXT-ACC-219125,SYN-ACC-100057,Cash Deposit,1538952,2026-01-15 18:00:30,HDFC Bank,9000000382.0,Round-number transaction,Financial
TXN-01201,SYN-ACC-100079,SYN-ACC-100012,UPI,14939,2025-08-09 03:49:10,HDFC Bank,9000000447,None,Financial
TXN-01202,EXT-ACC-269414,SYN-ACC-100012,UPI,3791,2025-08-03 01:50:47,Kotak Bank,NULL,Unusual hours transfer,Financial
TXN-01203,SYN-ACC-100084,EXT-ACC-302247,IMPS,115816,2026-03-05 13:18:04,Federal Bank,9000000075,Rapid in-out movement,Financial
TXN-01204,SYN-ACC-100098,SYN-ACC-100051,IMPS,20000,2025-03-25 04:50:44,UCO Bank,NULL,Unusual hours transfer,Financial
TXN-01205,EXT-ACC-287614,EXT-ACC-380425,RTGS,533669,2026-02-15 08:44:38,SBI,9000000095.0,New account high value,Financial
TXN-01206,EXT-ACC-272597,SYN-ACC-100059,NEFT,12503,2026-08-17 13:00:58,Axis Bank,9000000295.0,Cross-state transfer,Financial
TXN-01207,EXT-ACC-278849,SYN-ACC-100057,NEFT,79195,2025-09-19 02:15:08,ICICI Bank,9000000261,Round-number transaction,Financial
TXN-01208,SYN-ACC-100021,EXT-ACC-313525,RTGS,7229,2025-06-09 04:43:09,Kotak Bank,9000000091.0,Round-number transaction,Financial
TXN-01209,EXT-ACC-271901,SYN-ACC-100002,IMPS,2000,2025-01-10 02:03:47,South Indian Bank,9000000094,None,Financial
TXN-01210,SYN-ACC-100034,SYN-ACC-100084,UPI,78000,2026-06-20 03:49:45,HDFC Bank,9000000423,None,Financial
TXN-01211,EXT-ACC-264166,EXT-ACC-328358,IMPS,360000,2026-03-29 17:39:21,UCO Bank,NULL,Unusual hours transfer,Financial
TXN-01212,SYN-ACC-100098,EXT-ACC-398740,NEFT,22052,2026-05-03 03:58:32,South Indian Bank,9000000319,Round-number transaction,Financial
TXN-01213,SYN-ACC-100078,SYN-ACC-100020,UPI,1503,2025-06-25 05:57:29,South Indian Bank,9000000350.0,None,Financial
TXN-01214,SYN-ACC-100069,EXT-ACC-339268,Cash Deposit,12000,2025-05-04 13:15:31,Kotak Bank,9000000027,Round-number transaction,Financial
TXN-01215,EXT-ACC-255096,SYN-ACC-100080,UPI,2276,2026-06-28 11:07:15,Indian Bank,9000000074,None,Financial
TXN-01216,EXT-ACC-277553,EXT-ACC-376758,Cheque,480086,2026-04-07 13:59:17,Federal Bank,9000000007,None,Financial
TXN-01217,SYN-ACC-100071,EXT-ACC-336592,UPI,20000,2025-08-18 13:09:25,Axis Bank,NULL,None,Financial
TXN-01218,EXT-ACC-215118,EXT-ACC-316617,Cash Withdrawal,11973,2025-03-29 21:32:47,Federal Bank,9000000165.0,None,Financial
TXN-01219,EXT-ACC-217723,SYN-ACC-100003,Cash Deposit,78042,2026-01-30 21:33:38,South Indian Bank,9000000091.0,Cross-state transfer,Financial
TXN-01220,SYN-ACC-100072,SYN-ACC-100050,NEFT,26540,2025-06-09 11:04:34,Indian Bank,NULL,Cross-state transfer,Financial
TXN-01221,SYN-ACC-100002,SYN-ACC-100076,RTGS,12954,2025-05-08 21:00:43,Karnataka Bank,9000000162,Multiple small transfers (structuring),Financial
TXN-01222,EXT-ACC-287147,EXT-ACC-394776,UPI,12911,2026-05-10 19:16:16,South Indian Bank,9000000384.0,Cross-state transfer,Financial
TXN-01223,SYN-ACC-100047,SYN-ACC-100043,RTGS,10835,2026-04-15 19:36:30,SBI,9000000317.0,Multiple small transfers (structuring),Financial
TXN-01224,EXT-ACC-266062,SYN-ACC-100066,UPI,14000,2026-06-03 23:05:55,South Indian Bank,9000000019,None,Financial
TXN-01225,SYN-ACC-100080,SYN-ACC-100093,UPI,26131,2025-12-31 04:27:07,SBI,9000000245.0,Multiple small transfers (structuring),Financial
TXN-01226,SYN-ACC-100050,SYN-ACC-100059,UPI,8952,2025-04-27 11:25:51,Axis Bank,9000000374.0,Rapid in-out movement,Financial
TXN-01227,SYN-ACC-100068,SYN-ACC-100078,UPI,9950,2025-02-02 12:34:19,Federal Bank,9000000192,Round-number transaction,Financial
TXN-01228,SYN-ACC-100071,SYN-ACC-100088,NEFT,1769770,2026-05-10 04:27:57,Federal Bank,9000000272,Multiple small transfers (structuring),Financial
TXN-01229,EXT-ACC-251337,SYN-ACC-100024,Cash Withdrawal,1699000,2026-05-01 21:37:36,HDFC Bank,NULL,None,Financial
TXN-01230,SYN-ACC-100053,SYN-ACC-100099,NEFT,13000,2026-05-19 02:47:47,Canara Bank,9000000378,Rapid in-out movement,Financial
TXN-01231,SYN-ACC-100089,EXT-ACC-395156,UPI,95609,2025-05-04 04:23:07,SBI,9000000363.0,New account high value,Financial
TXN-01232,EXT-ACC-269248,SYN-ACC-100046,Cheque,8068,2025-10-31 01:33:31,HDFC Bank,NULL,None,Financial
TXN-01233,SYN-ACC-100057,EXT-ACC-399307,UPI,541306,2025-06-27 22:20:35,Karnataka Bank,9000000089,Round-number transaction,Financial
TXN-01234,EXT-ACC-295583,SYN-ACC-100039,NEFT,5084,2026-02-03 10:38:34,South Indian Bank,NULL,None,Financial
TXN-01235,SYN-ACC-100064,EXT-ACC-395784,UPI,11926,2025-05-19 14:38:07,HDFC Bank,9000000127,None,Financial
TXN-01236,SYN-ACC-100098,EXT-ACC-344555,UPI,30080,2025-08-15 07:38:49,UCO Bank,9000000007,Cross-state transfer,Financial
TXN-01237,EXT-ACC-225471,EXT-ACC-333779,RTGS,406231,2025-06-22 08:07:15,Indian Bank,NULL,Round-number transaction,Financial
TXN-01238,SYN-ACC-100071,SYN-ACC-100077,IMPS,67067,2025-03-13 00:10:04,Karnataka Bank,9000000344,New account high value,Financial
TXN-01239,SYN-ACC-100084,EXT-ACC-304555,IMPS,1722953,2026-01-28 03:45:55,Kotak Bank,NULL,New account high value,Financial
TXN-01240,SYN-ACC-100053,EXT-ACC-372423,IMPS,17000,2025-05-24 13:27:31,UCO Bank,NULL,Multiple small transfers (structuring),Financial
TXN-01241,SYN-ACC-100094,SYN-ACC-100020,NEFT,11778,2026-01-02 19:48:25,Karnataka Bank,9000000140,Unusual hours transfer,Financial
TXN-01242,SYN-ACC-100077,SYN-ACC-100027,RTGS,6527,2025-09-26 14:02:26,Indian Bank,NULL,Multiple small transfers (structuring),Financial
TXN-01243,EXT-ACC-268938,SYN-ACC-100006,UPI,4290,2026-01-06 18:23:27,ICICI Bank,NULL,Cross-state transfer,Financial
TXN-01244,SYN-ACC-100047,SYN-ACC-100005,RTGS,4434,2025-09-18 08:25:05,ICICI Bank,9000000376.0,Unusual hours transfer,Financial
TXN-01245,EXT-ACC-295777,SYN-ACC-100072,NEFT,111164,2026-08-28 07:18:53,ICICI Bank,9000000073.0,New account high value,Financial
TXN-01246,SYN-ACC-100098,SYN-ACC-100033,IMPS,1190,2025-02-13 00:29:49,Federal Bank,NULL,Unusual hours transfer,Financial
TXN-01247,SYN-ACC-100055,SYN-ACC-100002,NEFT,12708,2025-05-17 07:42:32,UCO Bank,9000000386,Cross-state transfer,Financial
TXN-01248,SYN-ACC-100003,SYN-ACC-100062,Cash Deposit,9697,2025-04-21 18:10:41,South Indian Bank,9000000337,Multiple small transfers (structuring),Financial
TXN-01249,SYN-ACC-100025,SYN-ACC-100096,Cheque,104813,2026-01-06 09:48:56,Karnataka Bank,NULL,None,Financial
TXN-01250,EXT-ACC-217890,SYN-ACC-100034,RTGS,48000,2026-06-03 02:15:40,ICICI Bank,9000000070.0,Multiple small transfers (structuring),Financial
TXN-01251,SYN-ACC-100078,SYN-ACC-100021,IMPS,89912,2025-01-13 06:02:07,Kotak Bank,NULL,None,Financial
TXN-01252,SYN-ACC-100071,SYN-ACC-100099,NEFT,113532,2026-05-26 03:06:09,HDFC Bank,NULL,None,Financial
TXN-01253,SYN-ACC-100077,EXT-ACC-359795,UPI,53059,2025-10-12 10:05:56,South Indian Bank,9000000260.0,Unusual hours transfer,Financial
TXN-01254,SYN-ACC-100027,SYN-ACC-100065,RTGS,557794,2025-05-28 20:51:39,Canara Bank,9000000083,Unusual hours transfer,Financial
TXN-01255,EXT-ACC-256344,SYN-ACC-100016,Cash Withdrawal,12000,2026-03-10 08:10:08,Kotak Bank,9000000068.0,Round-number transaction,Financial
TXN-01256,SYN-ACC-100079,SYN-ACC-100003,UPI,74798,2025-06-21 04:30:15,ICICI Bank,9000000191.0,New account high value,Financial
TXN-01257,EXT-ACC-268184,SYN-ACC-100043,IMPS,89633,2025-09-25 17:21:16,Axis Bank,NULL,Round-number transaction,Financial
TXN-01258,EXT-ACC-274221,SYN-ACC-100059,NEFT,53599,2026-08-16 17:18:47,ICICI Bank,9000000399,None,Financial
TXN-01259,SYN-ACC-100016,SYN-ACC-100059,RTGS,604000,2026-01-10 07:48:32,Axis Bank,9000000072,Rapid in-out movement,Financial
TXN-01260,EXT-ACC-241116,SYN-ACC-100068,IMPS,3646,2025-11-06 15:45:23,Federal Bank,9000000409,Unusual hours transfer,Financial
TXN-01261,SYN-ACC-100043,EXT-ACC-321527,NEFT,606,2026-02-04 03:45:51,Axis Bank,9000000160,Round-number transaction,Financial
TXN-01262,SYN-ACC-100068,SYN-ACC-100026,UPI,10525,2025-01-20 19:04:51,SBI,NULL,None,Financial
TXN-01263,SYN-ACC-100008,SYN-ACC-100071,Cash Deposit,7924,2025-05-18 15:02:46,Karnataka Bank,9000000146.0,None,Financial
TXN-01264,SYN-ACC-100078,SYN-ACC-100069,UPI,1074110,2025-08-07 15:33:29,Axis Bank,9000000110,None,Financial
TXN-01265,EXT-ACC-253955,EXT-ACC-378159,UPI,14000,2026-01-18 05:17:56,Karnataka Bank,NULL,None,Financial
TXN-01266,EXT-ACC-221098,SYN-ACC-100099,UPI,20960,2026-02-11 23:43:19,Karnataka Bank,9000000273.0,Cross-state transfer,Financial
TXN-01267,SYN-ACC-100099,EXT-ACC-341182,NEFT,574922,2025-11-08 17:00:12,Canara Bank,9000000444,Round-number transaction,Financial
TXN-01268,EXT-ACC-210301,SYN-ACC-100027,UPI,77384,2026-06-05 02:51:41,ICICI Bank,9000000381,None,Financial
TXN-01269,SYN-ACC-100033,SYN-ACC-100054,IMPS,4835,2026-07-18 21:22:18,Indian Bank,NULL,Cross-state transfer,Financial
TXN-01270,SYN-ACC-100078,EXT-ACC-356512,UPI,645993,2026-06-14 18:18:36,HDFC Bank,NULL,None,Financial
TXN-01271,SYN-ACC-100002,SYN-ACC-100044,IMPS,4000,2025-05-06 10:08:53,Karnataka Bank,9000000166.0,None,Financial
TXN-01272,SYN-ACC-100069,SYN-ACC-100099,NEFT,104166,2026-01-17 14:36:17,Karnataka Bank,9000000398,None,Financial
TXN-01273,SYN-ACC-100093,SYN-ACC-100033,NEFT,98478,2025-09-20 21:33:42,UCO Bank,9000000296,New account high value,Financial
TXN-01274,SYN-ACC-100077,SYN-ACC-100091,Cheque,12000,2026-01-21 14:46:02,UCO Bank,NULL,None,Financial
TXN-01275,SYN-ACC-100096,SYN-ACC-100027,NEFT,14000,2025-06-23 21:57:05,Karnataka Bank,9000000345,Cross-state transfer,Financial
TXN-01276,EXT-ACC-286449,SYN-ACC-100080,NEFT,2218,2025-11-11 12:31:46,South Indian Bank,9000000091.0,None,Financial
TXN-01277,EXT-ACC-209535,EXT-ACC-318185,UPI,7982,2025-01-31 15:07:05,Federal Bank,9000000422,Unusual hours transfer,Financial
TXN-01278,SYN-ACC-100069,SYN-ACC-100090,Cash Deposit,416075,2025-01-30 08:25:18,ICICI Bank,NULL,None,Financial
TXN-01279,SYN-ACC-100020,SYN-ACC-100077,IMPS,5281,2025-08-20 13:40:53,South Indian Bank,9000000176,None,Financial
TXN-01280,SYN-ACC-100039,SYN-ACC-100069,NEFT,1725327,2026-06-25 00:57:55,Karnataka Bank,9000000394,Unusual hours transfer,Financial
TXN-01281,SYN-ACC-100089,SYN-ACC-100080,IMPS,10585,2025-10-23 12:04:12,Canara Bank,NULL,Round-number transaction,Financial
TXN-01282,EXT-ACC-260477,SYN-ACC-100074,NEFT,10717,2025-12-06 00:17:21,Federal Bank,9000000012,Rapid in-out movement,Financial
TXN-01283,SYN-ACC-100006,SYN-ACC-100066,IMPS,15172,2025-05-25 15:42:45,Karnataka Bank,9000000041,Rapid in-out movement,Financial
TXN-01284,EXT-ACC-286975,EXT-ACC-347232,IMPS,12422,2026-06-17 12:44:30,Kotak Bank,9000000009.0,None,Financial
TXN-01285,SYN-ACC-100008,SYN-ACC-100080,UPI,5000,2026-02-11 16:19:46,Axis Bank,9000000419,Unusual hours transfer,Financial
TXN-01286,SYN-ACC-100061,SYN-ACC-100002,NEFT,85583,2025-06-22 14:03:18,UCO Bank,9000000420,Round-number transaction,Financial
TXN-01287,SYN-ACC-100085,EXT-ACC-324458,NEFT,8000,2025-09-24 16:31:13,Axis Bank,9000000126,Rapid in-out movement,Financial
TXN-01288,SYN-ACC-100006,EXT-ACC-329133,UPI,112000,2026-01-27 20:12:43,Canara Bank,9000000210,New account high value,Financial
TXN-01289,SYN-ACC-100050,SYN-ACC-100020,UPI,142866,2025-08-12 03:44:55,HDFC Bank,9000000086,Unusual hours transfer,Financial
TXN-01290,SYN-ACC-100029,SYN-ACC-100006,Cash Withdrawal,8384,2025-05-09 00:22:20,SBI,9000000300,New account high value,Financial
TXN-01291,SYN-ACC-100078,EXT-ACC-327549,NEFT,5311,2025-09-11 19:23:37,ICICI Bank,9000000007,Unusual hours transfer,Financial
TXN-01292,EXT-ACC-254982,SYN-ACC-100020,NEFT,7483,2025-09-04 11:16:40,SBI,9000000200,Unusual hours transfer,Financial
TXN-01293,SYN-ACC-100055,EXT-ACC-337156,Cash Withdrawal,24226,2025-05-18 17:34:22,Kotak Bank,9000000144,Round-number transaction,Financial
TXN-01294,SYN-ACC-100021,SYN-ACC-100020,IMPS,6000,2026-02-04 10:25:20,Federal Bank,9000000449.0,Round-number transaction,Financial
TXN-01295,EXT-ACC-273060,EXT-ACC-356118,NEFT,1962012,2026-01-29 08:42:55,Axis Bank,NULL,None,Financial
TXN-01296,SYN-ACC-100008,EXT-ACC-318116,NEFT,6026,2026-06-04 20:55:53,HDFC Bank,9000000031,None,Financial
TXN-01297,EXT-ACC-241592,EXT-ACC-380432,UPI,94834,2025-04-03 03:56:28,Canara Bank,NULL,None,Financial
TXN-01298,EXT-ACC-203328,SYN-ACC-100081,Cash Withdrawal,13633,2026-05-12 10:53:59,UCO Bank,9000000142,Round-number transaction,Financial
TXN-01299,EXT-ACC-217187,SYN-ACC-100093,Cheque,5840,2025-02-23 18:46:30,UCO Bank,9000000386,None,Financial
TXN-01300,SYN-ACC-100026,SYN-ACC-100016,UPI,5468,2026-02-08 17:56:32,Federal Bank,9000000131,None,Financial
TXN-01301,EXT-ACC-218883,SYN-ACC-100081,Cheque,7856,2026-09-05 16:48:47,Kotak Bank,9000000467,None,Financial
TXN-01302,SYN-ACC-100040,SYN-ACC-100020,Cheque,111688,2025-02-24 01:18:41,Federal Bank,9000000193,None,Financial
TXN-01303,EXT-ACC-296606,SYN-ACC-100020,UPI,16858,2026-04-30 17:28:05,Canara Bank,9000000429.0,Round-number transaction,Financial
TXN-01304,SYN-ACC-100049,SYN-ACC-100016,UPI,138644,2026-07-03 11:54:04,Canara Bank,9000000011,Rapid in-out movement,Financial
TXN-01305,SYN-ACC-100065,EXT-ACC-347603,RTGS,2722,2026-03-20 16:17:25,SBI,9000000185,Round-number transaction,Financial
TXN-01306,EXT-ACC-287789,EXT-ACC-350123,Cash Withdrawal,41805,2026-03-03 17:04:30,Indian Bank,9000000495,None,Financial
TXN-01307,SYN-ACC-100054,EXT-ACC-325994,NEFT,71957,2026-05-25 01:28:06,South Indian Bank,NULL,Round-number transaction,Financial
TXN-01308,SYN-ACC-100053,EXT-ACC-328062,IMPS,361414,2026-09-13 21:57:04,ICICI Bank,9000000066,Round-number transaction,Financial
TXN-01309,SYN-ACC-100016,SYN-ACC-100003,IMPS,79100,2026-02-24 13:22:42,UCO Bank,9000000289.0,Cross-state transfer,Financial
TXN-01310,EXT-ACC-260689,EXT-ACC-364631,UPI,90981,2025-01-16 04:37:50,South Indian Bank,9000000382.0,None,Financial
TXN-01311,EXT-ACC-265289,SYN-ACC-100077,UPI,14014,2026-03-29 06:13:15,Kotak Bank,9000000040,Round-number transaction,Financial
TXN-01312,SYN-ACC-100017,EXT-ACC-361408,IMPS,1657000,2026-01-16 20:22:01,ICICI Bank,9000000431,None,Financial
TXN-01313,SYN-ACC-100002,EXT-ACC-398664,Cheque,6468,2026-09-07 01:35:11,SBI,9000000193,Multiple small transfers (structuring),Financial
TXN-01314,SYN-ACC-100016,SYN-ACC-100099,Cash Withdrawal,147623,2025-12-07 11:48:29,ICICI Bank,9000000071.0,None,Financial
TXN-01315,EXT-ACC-287470,SYN-ACC-100026,RTGS,1497,2026-08-07 00:19:32,SBI,9000000134.0,Cross-state transfer,Financial
TXN-01316,SYN-ACC-100047,EXT-ACC-375215,UPI,6183,2025-05-07 14:37:43,UCO Bank,NULL,None,Financial
TXN-01317,EXT-ACC-202993,EXT-ACC-384267,RTGS,106292,2025-03-13 19:51:36,HDFC Bank,9000000102,None,Financial
TXN-01318,EXT-ACC-267027,SYN-ACC-100071,UPI,7308,2025-03-06 04:40:01,UCO Bank,9000000326,Round-number transaction,Financial
TXN-01319,SYN-ACC-100089,SYN-ACC-100077,UPI,14700,2026-06-29 00:26:22,Kotak Bank,9000000234.0,Unusual hours transfer,Financial
TXN-01320,EXT-ACC-288268,SYN-ACC-100033,NEFT,3000,2026-04-25 15:10:57,SBI,9000000045.0,None,Financial
TXN-01321,SYN-ACC-100076,SYN-ACC-100099,IMPS,5310,2025-12-02 02:47:02,Axis Bank,9000000380.0,Multiple small transfers (structuring),Financial
TXN-01322,SYN-ACC-100055,EXT-ACC-368287,UPI,89000,2025-03-11 23:35:39,HDFC Bank,9000000431,Unusual hours transfer,Financial
TXN-01323,SYN-ACC-100059,SYN-ACC-100051,Cheque,5197,2025-01-14 07:02:41,South Indian Bank,9000000003,New account high value,Financial
TXN-01324,EXT-ACC-208653,EXT-ACC-396466,IMPS,71261,2026-03-18 20:30:25,South Indian Bank,9000000070.0,None,Financial
TXN-01325,SYN-ACC-100027,SYN-ACC-100053,UPI,7444,2026-03-03 23:03:25,ICICI Bank,9000000491.0,Unusual hours transfer,Financial
TXN-01326,SYN-ACC-100020,SYN-ACC-100054,IMPS,2807,2025-02-11 19:11:30,Axis Bank,9000000262.0,Rapid in-out movement,Financial
TXN-01327,SYN-ACC-100008,SYN-ACC-100069,NEFT,37381,2026-04-04 21:32:47,SBI,9000000164.0,Rapid in-out movement,Financial
TXN-01328,SYN-ACC-100099,SYN-ACC-100065,Cash Withdrawal,14894,2026-05-14 16:30:41,SBI,9000000451.0,Multiple small transfers (structuring),Financial
TXN-01329,SYN-ACC-100069,EXT-ACC-353154,Cash Withdrawal,133352,2026-09-04 03:45:09,HDFC Bank,9000000076.0,None,Financial
TXN-01330,EXT-ACC-245617,SYN-ACC-100076,UPI,8357,2025-04-17 07:14:22,HDFC Bank,9000000208,Multiple small transfers (structuring),Financial
TXN-01331,EXT-ACC-267394,SYN-ACC-100026,Cash Deposit,123154,2025-03-19 23:09:59,Kotak Bank,9000000323,Unusual hours transfer,Financial
TXN-01332,SYN-ACC-100027,SYN-ACC-100077,NEFT,10000,2026-07-14 01:54:24,Canara Bank,NULL,Multiple small transfers (structuring),Financial
TXN-01333,SYN-ACC-100078,SYN-ACC-100017,NEFT,1805,2025-08-12 11:35:18,ICICI Bank,NULL,Unusual hours transfer,Financial
TXN-01334,SYN-ACC-100089,SYN-ACC-100026,UPI,6216,2026-02-15 04:54:49,Karnataka Bank,9000000104,Rapid in-out movement,Financial
TXN-01335,SYN-ACC-100026,SYN-ACC-100059,Cheque,67525,2025-05-02 14:56:45,Kotak Bank,NULL,None,Financial
TXN-01336,SYN-ACC-100002,SYN-ACC-100054,UPI,14487,2025-01-25 22:06:03,SBI,NULL,Multiple small transfers (structuring),Financial
TXN-01337,SYN-ACC-100059,SYN-ACC-100097,IMPS,10142,2025-12-30 00:11:46,Canara Bank,NULL,New account high value,Financial
TXN-01338,SYN-ACC-100084,EXT-ACC-372356,UPI,85663,2025-09-02 16:54:04,UCO Bank,9000000085.0,Round-number transaction,Financial
TXN-01339,SYN-ACC-100071,SYN-ACC-100047,UPI,145261,2025-11-03 19:20:15,South Indian Bank,9000000344,Multiple small transfers (structuring),Financial
TXN-01340,SYN-ACC-100071,EXT-ACC-354339,NEFT,92000,2025-10-24 17:04:15,Canara Bank,9000000425,Unusual hours transfer,Financial
TXN-01341,SYN-ACC-100006,SYN-ACC-100020,IMPS,3955,2026-02-05 07:31:50,Karnataka Bank,9000000346,None,Financial
TXN-01342,SYN-ACC-100071,EXT-ACC-308781,IMPS,496330,2026-05-28 21:17:59,Indian Bank,9000000245.0,Multiple small transfers (structuring),Financial
TXN-01343,EXT-ACC-270851,EXT-ACC-313853,UPI,3094,2026-05-28 01:34:08,SBI,9000000234.0,None,Financial
TXN-01344,SYN-ACC-100020,EXT-ACC-371532,Cash Withdrawal,76660,2026-06-30 02:49:01,South Indian Bank,9000000475,None,Financial
TXN-01345,EXT-ACC-258796,EXT-ACC-314674,UPI,867,2026-02-22 11:45:36,Federal Bank,9000000346,None,Financial
TXN-01346,SYN-ACC-100047,EXT-ACC-371646,Cash Withdrawal,787774,2025-05-05 19:58:09,Canara Bank,9000000394,None,Financial
TXN-01347,EXT-ACC-274853,EXT-ACC-366433,NEFT,1281000,2025-01-20 22:57:04,HDFC Bank,9000000363.0,None,Financial
TXN-01348,SYN-ACC-100051,EXT-ACC-323570,Cash Deposit,1894,2025-11-10 04:44:34,Canara Bank,NULL,Round-number transaction,Financial
TXN-01349,SYN-ACC-100038,EXT-ACC-335443,IMPS,126012,2026-01-28 00:02:31,Indian Bank,9000000210,None,Financial
TXN-01350,EXT-ACC-287854,EXT-ACC-362539,IMPS,1206,2025-06-28 03:09:23,Canara Bank,9000000168.0,None,Financial
TXN-01351,SYN-ACC-100057,SYN-ACC-100043,RTGS,5154,2026-06-21 15:52:37,Federal Bank,9000000143,Multiple small transfers (structuring),Financial
TXN-01352,EXT-ACC-260324,SYN-ACC-100055,IMPS,62639,2025-02-05 01:59:04,South Indian Bank,NULL,None,Financial
TXN-01353,EXT-ACC-249324,SYN-ACC-100017,UPI,21717,2026-02-02 10:47:27,HDFC Bank,9000000098,Multiple small transfers (structuring),Financial
TXN-01354,SYN-ACC-100059,SYN-ACC-100003,Cash Withdrawal,78743,2025-11-12 20:09:01,HDFC Bank,9000000090,Multiple small transfers (structuring),Financial
TXN-01355,SYN-ACC-100044,SYN-ACC-100074,NEFT,25771,2025-04-17 18:25:43,HDFC Bank,9000000216.0,None,Financial
TXN-01356,SYN-ACC-100006,SYN-ACC-100069,UPI,4013,2025-03-29 17:28:11,South Indian Bank,NULL,New account high value,Financial
TXN-01357,EXT-ACC-278602,SYN-ACC-100003,Cash Deposit,7000,2025-06-15 17:00:59,Kotak Bank,9000000484,Round-number transaction,Financial
TXN-01358,SYN-ACC-100013,SYN-ACC-100083,UPI,20750,2025-10-07 20:46:49,HDFC Bank,NULL,None,Financial
TXN-01359,SYN-ACC-100033,SYN-ACC-100065,UPI,5237,2026-09-04 19:45:15,South Indian Bank,9000000108,None,Financial
TXN-01360,SYN-ACC-100043,EXT-ACC-367605,UPI,9318,2026-03-01 13:45:25,Karnataka Bank,9000000476,Cross-state transfer,Financial
TXN-01361,SYN-ACC-100016,SYN-ACC-100054,UPI,42417,2025-09-11 13:25:56,South Indian Bank,9000000419,Rapid in-out movement,Financial
TXN-01362,SYN-ACC-100069,SYN-ACC-100047,UPI,980111,2026-03-03 20:23:38,Kotak Bank,9000000355,None,Financial
TXN-01363,EXT-ACC-211835,SYN-ACC-100006,Cheque,28000,2026-04-22 16:08:35,Indian Bank,9000000371,New account high value,Financial
TXN-01364,EXT-ACC-247358,SYN-ACC-100099,Cash Withdrawal,2000,2025-03-03 01:19:41,Axis Bank,9000000487.0,Cross-state transfer,Financial
TXN-01365,SYN-ACC-100080,EXT-ACC-327150,NEFT,12122,2025-03-19 16:17:24,Federal Bank,9000000379.0,New account high value,Financial
TXN-01366,SYN-ACC-100027,SYN-ACC-100051,RTGS,93306,2026-03-27 18:46:01,HDFC Bank,9000000233.0,None,Financial
TXN-01367,EXT-ACC-235910,EXT-ACC-397066,Cash Deposit,128074,2025-02-08 20:06:40,ICICI Bank,NULL,Unusual hours transfer,Financial
TXN-01368,SYN-ACC-100047,EXT-ACC-341254,NEFT,12890,2026-02-22 12:03:39,SBI,9000000289.0,New account high value,Financial
TXN-01369,SYN-ACC-100072,SYN-ACC-100076,UPI,82657,2025-10-24 03:12:32,Indian Bank,NULL,Rapid in-out movement,Financial
TXN-01370,SYN-ACC-100008,SYN-ACC-100069,RTGS,1000,2026-06-09 11:53:58,Axis Bank,9000000258,Rapid in-out movement,Financial
TXN-01371,SYN-ACC-100080,SYN-ACC-100053,NEFT,96427,2026-08-17 06:25:48,ICICI Bank,9000000160,Round-number transaction,Financial
TXN-01372,SYN-ACC-100068,SYN-ACC-100043,Cash Deposit,80851,2026-02-06 14:52:26,Karnataka Bank,9000000274,Multiple small transfers (structuring),Financial
TXN-01373,EXT-ACC-201967,SYN-ACC-100006,Cheque,8602,2025-04-10 07:20:12,UCO Bank,NULL,Rapid in-out movement,Financial
TXN-01374,EXT-ACC-246971,SYN-ACC-100090,UPI,132000,2026-07-12 21:40:42,Axis Bank,NULL,Rapid in-out movement,Financial
TXN-01375,SYN-ACC-100076,SYN-ACC-100033,UPI,4616,2026-08-14 02:14:50,Kotak Bank,9000000064.0,New account high value,Financial
TXN-01376,EXT-ACC-298639,SYN-ACC-100088,NEFT,59251,2025-07-25 14:52:14,Federal Bank,9000000297.0,Round-number transaction,Financial
TXN-01377,EXT-ACC-291057,EXT-ACC-365989,UPI,13556,2025-07-28 10:29:42,SBI,9000000093.0,Unusual hours transfer,Financial
TXN-01378,SYN-ACC-100057,EXT-ACC-344373,IMPS,1923163,2025-03-28 12:42:53,Indian Bank,NULL,Rapid in-out movement,Financial
TXN-01379,EXT-ACC-237416,EXT-ACC-380580,IMPS,143780,2026-04-28 04:21:53,Canara Bank,9000000445,Cross-state transfer,Financial
TXN-01380,SYN-ACC-100008,SYN-ACC-100014,NEFT,14714,2026-02-23 13:44:55,Axis Bank,9000000091.0,Multiple small transfers (structuring),Financial
TXN-01381,EXT-ACC-207966,EXT-ACC-308817,RTGS,4545,2025-07-18 00:14:17,ICICI Bank,9000000086,Multiple small transfers (structuring),Financial
TXN-01382,SYN-ACC-100068,EXT-ACC-342598,IMPS,52966,2025-06-28 05:01:13,ICICI Bank,NULL,New account high value,Financial
TXN-01383,EXT-ACC-297033,SYN-ACC-100054,Cash Deposit,8776,2025-02-22 00:14:27,Axis Bank,9000000193,New account high value,Financial
TXN-01384,EXT-ACC-234295,SYN-ACC-100078,NEFT,109800,2026-01-05 00:43:08,South Indian Bank,9000000296,None,Financial
TXN-01385,SYN-ACC-100061,EXT-ACC-395161,IMPS,10000,2026-02-21 19:31:28,Kotak Bank,NULL,None,Financial
TXN-01386,EXT-ACC-270630,EXT-ACC-381539,RTGS,10106,2026-08-27 01:21:14,Indian Bank,NULL,None,Financial
TXN-01387,SYN-ACC-100065,EXT-ACC-363077,RTGS,8000,2025-12-16 01:41:12,Karnataka Bank,9000000036,Multiple small transfers (structuring),Financial
TXN-01388,EXT-ACC-278409,SYN-ACC-100053,IMPS,2665,2026-03-09 10:31:02,Karnataka Bank,9000000296,Rapid in-out movement,Financial
TXN-01389,SYN-ACC-100096,SYN-ACC-100033,RTGS,22887,2025-05-03 00:51:40,South Indian Bank,9000000193,None,Financial
TXN-01390,EXT-ACC-293282,SYN-ACC-100099,UPI,14000,2025-05-24 18:46:48,UCO Bank,9000000208,Unusual hours transfer,Financial
TXN-01391,SYN-ACC-100076,SYN-ACC-100043,NEFT,141052,2025-04-05 12:42:10,SBI,9000000415.0,Multiple small transfers (structuring),Financial
TXN-01392,SYN-ACC-100043,SYN-ACC-100016,Cash Withdrawal,37296,2026-08-10 12:24:14,SBI,NULL,Unusual hours transfer,Financial
TXN-01393,SYN-ACC-100026,SYN-ACC-100055,RTGS,41000,2025-06-04 05:20:50,SBI,9000000368,Rapid in-out movement,Financial
TXN-01394,EXT-ACC-297280,SYN-ACC-100076,UPI,12000,2025-12-03 04:55:27,Karnataka Bank,9000000441,New account high value,Financial
TXN-01395,SYN-ACC-100057,EXT-ACC-392924,UPI,73929,2025-01-02 05:33:30,Kotak Bank,9000000251,None,Financial
TXN-01396,EXT-ACC-277526,SYN-ACC-100069,UPI,111282,2026-08-14 11:19:08,UCO Bank,9000000122,Round-number transaction,Financial
TXN-01397,SYN-ACC-100077,SYN-ACC-100089,NEFT,752,2026-02-24 09:07:45,Axis Bank,9000000074,None,Financial
TXN-01398,SYN-ACC-100068,EXT-ACC-363608,IMPS,1001,2026-04-05 07:47:05,Axis Bank,9000000199,Round-number transaction,Financial
TXN-01399,EXT-ACC-203063,EXT-ACC-331030,UPI,428295,2026-06-29 21:41:39,ICICI Bank,9000000470,None,Financial
TXN-01400,SYN-ACC-100020,SYN-ACC-100027,Cheque,16533,2026-03-21 00:08:08,ICICI Bank,NULL,Round-number transaction,Financial
TXN-01401,SYN-ACC-100072,EXT-ACC-315437,NEFT,12000,2026-08-04 22:51:30,Indian Bank,9000000131,Multiple small transfers (structuring),Financial
TXN-01402,SYN-ACC-100029,EXT-ACC-372276,UPI,12178,2025-04-18 00:14:00,Axis Bank,9000000042.0,Rapid in-out movement,Financial
TXN-01403,SYN-ACC-100018,SYN-ACC-100054,UPI,84294,2025-10-12 14:57:42,HDFC Bank,NULL,Round-number transaction,Financial
TXN-01404,SYN-ACC-100008,SYN-ACC-100020,UPI,48000,2026-03-25 22:17:17,Indian Bank,9000000003,None,Financial
TXN-01405,EXT-ACC-202367,EXT-ACC-306524,UPI,12036,2025-11-15 11:07:01,HDFC Bank,NULL,None,Financial
TXN-01406,SYN-ACC-100020,SYN-ACC-100055,Cheque,101010,2026-09-04 16:56:55,HDFC Bank,9000000168.0,None,Financial
TXN-01407,EXT-ACC-267726,SYN-ACC-100098,IMPS,2732,2025-02-26 07:16:26,Axis Bank,NULL,None,Financial
TXN-01408,EXT-ACC-248908,SYN-ACC-100054,IMPS,1495282,2025-02-15 19:52:27,Canara Bank,9000000061,Multiple small transfers (structuring),Financial
TXN-01409,EXT-ACC-214314,EXT-ACC-386106,UPI,1824,2025-02-03 21:07:41,ICICI Bank,9000000385,Multiple small transfers (structuring),Financial
TXN-01410,EXT-ACC-217847,SYN-ACC-100063,UPI,5643,2025-01-04 13:48:55,Kotak Bank,9000000226,None,Financial
TXN-01411,SYN-ACC-100072,EXT-ACC-373632,IMPS,74508,2025-04-20 09:37:12,South Indian Bank,9000000265,None,Financial
TXN-01412,SYN-ACC-100055,SYN-ACC-100071,UPI,2393,2026-07-24 02:33:49,Canara Bank,NULL,None,Financial
TXN-01413,SYN-ACC-100018,EXT-ACC-370571,UPI,1671176,2025-01-28 14:10:19,HDFC Bank,9000000012,New account high value,Financial
TXN-01414,EXT-ACC-287030,SYN-ACC-100084,UPI,5362,2026-09-01 16:41:47,ICICI Bank,9000000337,Round-number transaction,Financial
TXN-01415,SYN-ACC-100054,EXT-ACC-371522,NEFT,132000,2026-03-02 14:35:49,UCO Bank,NULL,Unusual hours transfer,Financial
TXN-01416,EXT-ACC-265979,SYN-ACC-100025,UPI,115303,2026-09-12 15:57:03,Karnataka Bank,NULL,Unusual hours transfer,Financial
TXN-01417,SYN-ACC-100002,SYN-ACC-100059,NEFT,5033,2025-11-02 14:52:42,ICICI Bank,9000000328.0,Cross-state transfer,Financial
TXN-01418,SYN-ACC-100021,EXT-ACC-301275,RTGS,102375,2025-09-10 02:05:46,Canara Bank,9000000016,None,Financial
TXN-01419,SYN-ACC-100082,EXT-ACC-313332,Cash Withdrawal,1865,2025-12-26 09:20:52,Federal Bank,NULL,Round-number transaction,Financial
TXN-01420,SYN-ACC-100098,SYN-ACC-100047,IMPS,7000,2026-06-30 19:13:30,Indian Bank,9000000387,None,Financial
TXN-01421,SYN-ACC-100084,EXT-ACC-335133,IMPS,3402,2025-03-06 05:30:33,Karnataka Bank,9000000081,New account high value,Financial
TXN-01422,EXT-ACC-246837,EXT-ACC-307801,UPI,1742885,2025-02-09 10:29:39,Canara Bank,9000000162,Cross-state transfer,Financial
TXN-01423,EXT-ACC-223998,EXT-ACC-345485,Cheque,83061,2026-04-25 17:33:17,ICICI Bank,9000000221.0,Multiple small transfers (structuring),Financial
TXN-01424,EXT-ACC-264528,SYN-ACC-100076,UPI,10247,2025-10-02 20:31:56,South Indian Bank,9000000114,Multiple small transfers (structuring),Financial
TXN-01425,EXT-ACC-208619,SYN-ACC-100068,UPI,71684,2026-08-24 07:10:47,SBI,9000000212.0,Rapid in-out movement,Financial
TXN-01426,SYN-ACC-100063,SYN-ACC-100078,RTGS,746000,2026-02-26 13:47:58,HDFC Bank,9000000172,Cross-state transfer,Financial
TXN-01427,SYN-ACC-100069,EXT-ACC-371492,NEFT,78867,2026-06-17 20:25:37,South Indian Bank,9000000046,Multiple small transfers (structuring),Financial
TXN-01428,SYN-ACC-100053,SYN-ACC-100006,RTGS,7520,2026-03-02 06:06:10,SBI,9000000491.0,Rapid in-out movement,Financial
TXN-01429,SYN-ACC-100098,SYN-ACC-100070,UPI,72097,2026-03-19 22:42:54,HDFC Bank,9000000240,New account high value,Financial
TXN-01430,SYN-ACC-100089,SYN-ACC-100080,Cash Deposit,631,2026-05-07 13:47:46,ICICI Bank,NULL,Round-number transaction,Financial
TXN-01431,EXT-ACC-241039,SYN-ACC-100043,UPI,9302,2026-03-29 03:22:19,SBI,9000000234.0,None,Financial
TXN-01432,SYN-ACC-100044,SYN-ACC-100055,UPI,23376,2026-05-15 13:12:15,Axis Bank,NULL,Multiple small transfers (structuring),Financial
TXN-01433,SYN-ACC-100053,SYN-ACC-100094,UPI,2000,2025-11-01 22:15:37,Kotak Bank,9000000037,None,Financial
TXN-01434,SYN-ACC-100091,EXT-ACC-359839,UPI,1329801,2026-02-26 18:49:11,Kotak Bank,9000000280.0,Rapid in-out movement,Financial
TXN-01435,SYN-ACC-100071,SYN-ACC-100076,UPI,14314,2026-06-06 05:01:34,Indian Bank,NULL,Rapid in-out movement,Financial
TXN-01436,SYN-ACC-100026,SYN-ACC-100068,Cash Withdrawal,48000,2025-12-12 13:51:59,Canara Bank,9000000359,Unusual hours transfer,Financial
TXN-01437,SYN-ACC-100026,EXT-ACC-322052,UPI,60000,2026-02-12 08:08:17,Canara Bank,9000000062,Rapid in-out movement,Financial
TXN-01438,SYN-ACC-100076,EXT-ACC-365946,NEFT,102115,2025-03-05 08:15:31,South Indian Bank,NULL,None,Financial
TXN-01439,EXT-ACC-261662,SYN-ACC-100098,NEFT,28198,2026-08-24 12:07:28,ICICI Bank,NULL,None,Financial
TXN-01440,EXT-ACC-279150,EXT-ACC-308803,NEFT,3032,2026-03-28 23:06:45,Kotak Bank,NULL,None,Financial
TXN-01441,SYN-ACC-100053,SYN-ACC-100078,UPI,59073,2026-01-06 07:40:31,Indian Bank,9000000011,Rapid in-out movement,Financial
TXN-01442,SYN-ACC-100069,EXT-ACC-329968,UPI,274067,2025-08-04 11:33:50,HDFC Bank,9000000134.0,Round-number transaction,Financial
TXN-01443,EXT-ACC-268799,EXT-ACC-308655,NEFT,904769,2026-07-06 21:25:44,UCO Bank,9000000047.0,Rapid in-out movement,Financial
TXN-01444,EXT-ACC-296309,SYN-ACC-100078,UPI,12204,2025-06-20 02:46:56,Indian Bank,9000000081,Round-number transaction,Financial
TXN-01445,EXT-ACC-213531,SYN-ACC-100077,UPI,49248,2025-11-21 14:45:19,ICICI Bank,NULL,Round-number transaction,Financial
TXN-01446,SYN-ACC-100068,SYN-ACC-100077,RTGS,1072685,2025-10-04 09:41:28,Axis Bank,NULL,Round-number transaction,Financial
TXN-01447,SYN-ACC-100080,EXT-ACC-385427,UPI,123977,2026-06-17 16:00:34,Canara Bank,9000000065,Round-number transaction,Financial
TXN-01448,SYN-ACC-100053,SYN-ACC-100099,UPI,12654,2025-08-03 07:15:18,Canara Bank,9000000210,Multiple small transfers (structuring),Financial
TXN-01449,EXT-ACC-226610,EXT-ACC-355023,NEFT,111179,2025-10-14 06:43:29,Axis Bank,NULL,None,Financial
TXN-01450,SYN-ACC-100066,EXT-ACC-350222,UPI,3000,2026-02-02 19:04:28,Axis Bank,9000000274,Unusual hours transfer,Financial
TXN-01451,SYN-ACC-100080,EXT-ACC-339387,IMPS,7569,2025-06-02 12:10:35,Karnataka Bank,9000000362,Cross-state transfer,Financial
TXN-01452,SYN-ACC-100025,SYN-ACC-100003,UPI,116000,2025-04-02 05:49:15,Canara Bank,9000000399,Cross-state transfer,Financial
TXN-01453,EXT-ACC-296841,SYN-ACC-100051,IMPS,3000,2026-02-04 18:27:45,Federal Bank,9000000032,None,Financial
TXN-01454,EXT-ACC-277872,EXT-ACC-380963,UPI,122000,2025-07-06 11:49:37,HDFC Bank,NULL,None,Financial
TXN-01455,SYN-ACC-100071,EXT-ACC-334559,UPI,77764,2026-07-14 08:51:23,HDFC Bank,NULL,Rapid in-out movement,Financial
TXN-01456,EXT-ACC-247798,SYN-ACC-100084,UPI,14000,2026-06-20 13:39:54,UCO Bank,9000000169,New account high value,Financial
TXN-01457,SYN-ACC-100089,SYN-ACC-100077,NEFT,12423,2026-06-20 19:20:37,South Indian Bank,9000000326,New account high value,Financial
TXN-01458,SYN-ACC-100067,EXT-ACC-335160,IMPS,1483218,2025-06-04 20:29:42,ICICI Bank,NULL,None,Financial
TXN-01459,SYN-ACC-100056,EXT-ACC-351514,NEFT,146804,2025-02-19 09:15:25,Axis Bank,9000000094,Rapid in-out movement,Financial
TXN-01460,SYN-ACC-100059,SYN-ACC-100074,Cash Withdrawal,95308,2025-09-23 09:34:20,Indian Bank,NULL,Rapid in-out movement,Financial
TXN-01461,SYN-ACC-100089,EXT-ACC-323818,UPI,178409,2025-08-03 12:26:26,Indian Bank,9000000366.0,None,Financial
TXN-01462,SYN-ACC-100089,EXT-ACC-337475,UPI,84409,2026-03-30 05:37:25,UCO Bank,9000000141.0,None,Financial
TXN-01463,SYN-ACC-100065,SYN-ACC-100077,UPI,72675,2025-12-22 15:49:58,UCO Bank,9000000351.0,New account high value,Financial
TXN-01464,EXT-ACC-215988,SYN-ACC-100024,NEFT,2000,2026-07-21 22:07:32,Federal Bank,9000000431,Unusual hours transfer,Financial
TXN-01465,SYN-ACC-100034,EXT-ACC-386237,UPI,1057953,2026-01-28 14:56:27,Kotak Bank,9000000351.0,None,Financial
TXN-01466,EXT-ACC-265281,SYN-ACC-100048,RTGS,11118,2026-06-10 14:42:14,SBI,9000000456,New account high value,Financial
TXN-01467,EXT-ACC-219344,SYN-ACC-100041,NEFT,119938,2025-11-12 22:08:20,UCO Bank,9000000208,Round-number transaction,Financial
TXN-01468,SYN-ACC-100054,EXT-ACC-382483,IMPS,130168,2025-02-18 20:12:06,SBI,NULL,Unusual hours transfer,Financial
TXN-01469,EXT-ACC-205980,SYN-ACC-100064,NEFT,49000,2025-05-25 17:02:37,ICICI Bank,9000000086,Round-number transaction,Financial
TXN-01470,SYN-ACC-100071,SYN-ACC-100006,IMPS,72047,2026-02-15 22:53:20,Karnataka Bank,9000000381,Rapid in-out movement,Financial
TXN-01471,SYN-ACC-100026,SYN-ACC-100059,UPI,61141,2025-01-21 19:22:58,South Indian Bank,9000000126,None,Financial
TXN-01472,SYN-ACC-100095,SYN-ACC-100057,RTGS,70892,2025-04-26 05:36:17,Indian Bank,9000000071.0,Unusual hours transfer,Financial
TXN-01473,SYN-ACC-100072,SYN-ACC-100027,NEFT,11862,2026-08-31 04:10:24,UCO Bank,NULL,Cross-state transfer,Financial
TXN-01474,SYN-ACC-100072,EXT-ACC-361543,NEFT,1306007,2025-02-05 09:19:52,Federal Bank,9000000228,None,Financial
TXN-01475,SYN-ACC-100072,SYN-ACC-100081,NEFT,9000,2025-11-04 21:54:40,Canara Bank,9000000101,Cross-state transfer,Financial
TXN-01476,SYN-ACC-100016,EXT-ACC-392548,UPI,1547166,2026-05-05 13:01:33,Axis Bank,NULL,Unusual hours transfer,Financial
TXN-01477,SYN-ACC-100089,SYN-ACC-100076,UPI,4050,2025-04-29 15:46:10,Indian Bank,NULL,None,Financial
TXN-01478,SYN-ACC-100097,SYN-ACC-100068,UPI,1949492,2025-04-30 20:02:36,Karnataka Bank,NULL,None,Financial
TXN-01479,SYN-ACC-100053,SYN-ACC-100052,Cash Deposit,103483,2026-05-25 14:23:55,SBI,NULL,Cross-state transfer,Financial
TXN-01480,SYN-ACC-100077,EXT-ACC-332065,UPI,29529,2026-06-16 00:36:39,Kotak Bank,9000000482,Multiple small transfers (structuring),Financial
TXN-01481,SYN-ACC-100055,EXT-ACC-315994,IMPS,722,2025-02-25 17:16:35,UCO Bank,NULL,Multiple small transfers (structuring),Financial
TXN-01482,SYN-ACC-100008,SYN-ACC-100006,IMPS,116000,2026-07-22 09:27:42,HDFC Bank,NULL,Rapid in-out movement,Financial
TXN-01483,SYN-ACC-100047,EXT-ACC-386466,UPI,12302,2025-03-02 04:34:38,South Indian Bank,NULL,Cross-state transfer,Financial
TXN-01484,SYN-ACC-100006,EXT-ACC-375527,IMPS,70449,2025-12-17 04:37:34,Federal Bank,9000000494,Multiple small transfers (structuring),Financial
TXN-01485,SYN-ACC-100002,SYN-ACC-100076,UPI,10703,2026-01-21 08:32:28,Canara Bank,9000000234.0,Multiple small transfers (structuring),Financial
TXN-01486,EXT-ACC-274917,SYN-ACC-100077,Cash Withdrawal,136310,2026-05-18 17:55:04,Kotak Bank,9000000280.0,None,Financial
TXN-01487,SYN-ACC-100076,EXT-ACC-330320,UPI,64000,2026-05-22 10:48:02,Axis Bank,9000000057,None,Financial
TXN-01488,EXT-ACC-269522,SYN-ACC-100018,NEFT,14273,2025-06-11 13:29:30,Karnataka Bank,9000000240,None,Financial
TXN-01489,SYN-ACC-100033,SYN-ACC-100080,UPI,8896,2026-09-03 05:20:54,South Indian Bank,9000000440.0,Multiple small transfers (structuring),Financial
TXN-01490,SYN-ACC-100006,SYN-ACC-100027,UPI,86379,2026-03-14 07:49:58,Karnataka Bank,9000000269,Multiple small transfers (structuring),Financial
TXN-01491,SYN-ACC-100076,SYN-ACC-100089,UPI,129101,2025-08-20 06:20:53,South Indian Bank,9000000296,Unusual hours transfer,Financial
TXN-01492,SYN-ACC-100047,SYN-ACC-100059,IMPS,14555,2025-01-18 21:45:00,Axis Bank,9000000189.0,Round-number transaction,Financial
TXN-01493,SYN-ACC-100077,EXT-ACC-374061,NEFT,8108,2025-03-27 08:52:12,Karnataka Bank,9000000318.0,Rapid in-out movement,Financial
TXN-01494,SYN-ACC-100065,SYN-ACC-100057,NEFT,6529,2025-05-06 10:48:06,Federal Bank,9000000265,Rapid in-out movement,Financial
TXN-01495,SYN-ACC-100054,SYN-ACC-100008,NEFT,102923,2025-09-28 19:53:01,HDFC Bank,9000000352.0,Rapid in-out movement,Financial
TXN-01496,EXT-ACC-238293,EXT-ACC-340290,IMPS,95047,2025-11-04 05:03:47,South Indian Bank,NULL,None,Financial
TXN-01497,SYN-ACC-100071,EXT-ACC-333879,UPI,4209,2025-07-29 10:26:20,Axis Bank,9000000454.0,None,Financial
TXN-01498,EXT-ACC-222457,SYN-ACC-100078,UPI,10419,2026-07-16 23:52:32,UCO Bank,NULL,None,Financial
TXN-01499,SYN-ACC-100011,SYN-ACC-100099,UPI,630,2026-08-14 12:03:54,South Indian Bank,9000000487.0,Cross-state transfer,Financial
TXN-01500,EXT-ACC-262774,SYN-ACC-100043,NEFT,10826,2025-11-17 15:07:21,ICICI Bank,9000000066,Rapid in-out movement,Financial
TXN-01501,SYN-ACC-100095,SYN-ACC-100008,NEFT,2000,2026-04-20 12:43:03,UCO Bank,9000000057,Rapid in-out movement,Financial
TXN-01502,EXT-ACC-213977,SYN-ACC-100033,IMPS,14565,2025-10-04 16:46:37,Federal Bank,9000000210,Rapid in-out movement,Financial
TXN-01503,SYN-ACC-100020,EXT-ACC-372794,Cash Withdrawal,315427,2026-04-19 09:36:15,UCO Bank,NULL,Unusual hours transfer,Financial
TXN-01504,SYN-ACC-100026,EXT-ACC-351976,NEFT,4150,2026-03-04 18:21:09,ICICI Bank,9000000314,Unusual hours transfer,Financial
TXN-01505,SYN-ACC-100060,EXT-ACC-397106,UPI,558741,2025-08-16 09:21:01,Indian Bank,9000000283,None,Financial
TXN-01506,SYN-ACC-100025,EXT-ACC-393612,RTGS,118874,2026-02-24 15:24:18,SBI,9000000060,New account high value,Financial
TXN-01507,EXT-ACC-218463,SYN-ACC-100008,IMPS,470845,2026-05-23 20:03:43,Canara Bank,9000000291,None,Financial
TXN-01508,SYN-ACC-100050,EXT-ACC-339596,UPI,3042,2026-09-09 16:05:58,ICICI Bank,NULL,Rapid in-out movement,Financial
TXN-01509,SYN-ACC-100016,EXT-ACC-355328,NEFT,12814,2026-08-09 13:33:35,Indian Bank,9000000127,None,Financial
TXN-01510,SYN-ACC-100084,SYN-ACC-100002,NEFT,601992,2025-01-08 17:40:59,UCO Bank,9000000327,Cross-state transfer,Financial
TXN-01511,SYN-ACC-100098,EXT-ACC-356069,IMPS,14000,2025-11-28 13:23:57,Indian Bank,NULL,None,Financial
TXN-01512,EXT-ACC-241312,SYN-ACC-100040,UPI,70000,2025-05-15 09:43:42,UCO Bank,9000000322.0,Unusual hours transfer,Financial
TXN-01513,EXT-ACC-222364,SYN-ACC-100005,IMPS,426000,2026-02-24 13:45:18,HDFC Bank,9000000195.0,None,Financial
TXN-01514,EXT-ACC-202147,SYN-ACC-100077,Cash Withdrawal,49709,2025-10-17 22:48:51,SBI,9000000265,Unusual hours transfer,Financial
TXN-01515,SYN-ACC-100077,EXT-ACC-362427,RTGS,99179,2025-11-18 12:01:39,Canara Bank,9000000242,Rapid in-out movement,Financial
TXN-01516,SYN-ACC-100057,SYN-ACC-100016,Cash Withdrawal,11602,2025-04-26 05:13:11,ICICI Bank,9000000108,Unusual hours transfer,Financial
TXN-01517,SYN-ACC-100053,EXT-ACC-344989,NEFT,88859,2026-01-29 21:38:55,Indian Bank,NULL,Round-number transaction,Financial
TXN-01518,SYN-ACC-100080,SYN-ACC-100026,UPI,1000,2025-12-22 15:40:51,Federal Bank,9000000413,New account high value,Financial
TXN-01519,SYN-ACC-100047,EXT-ACC-306553,IMPS,305051,2025-02-08 10:26:38,Kotak Bank,9000000187.0,None,Financial
TXN-01520,SYN-ACC-100059,SYN-ACC-100069,UPI,10300,2026-08-17 15:55:19,Canara Bank,9000000193,Cross-state transfer,Financial
TXN-01521,EXT-ACC-298099,SYN-ACC-100084,NEFT,6409,2025-04-27 05:44:37,Indian Bank,9000000011,None,Financial
TXN-01522,EXT-ACC-234166,SYN-ACC-100051,Cash Deposit,3699,2025-01-02 04:06:21,Federal Bank,NULL,Cross-state transfer,Financial
TXN-01523,SYN-ACC-100076,EXT-ACC-302427,UPI,145835,2026-03-27 14:02:43,ICICI Bank,9000000132,Multiple small transfers (structuring),Financial
TXN-01524,SYN-ACC-100057,EXT-ACC-366517,IMPS,13051,2025-05-28 03:54:40,Karnataka Bank,9000000236,None,Financial
TXN-01525,SYN-ACC-100076,EXT-ACC-320966,Cash Withdrawal,97978,2025-07-28 04:01:16,Indian Bank,9000000405.0,Round-number transaction,Financial
TXN-01526,SYN-ACC-100057,SYN-ACC-100058,Cash Withdrawal,2000,2026-04-15 14:18:32,Indian Bank,9000000302,None,Financial
TXN-01527,SYN-ACC-100071,SYN-ACC-100065,Cash Deposit,1010908,2025-04-28 18:40:36,South Indian Bank,9000000222,None,Financial
TXN-01528,SYN-ACC-100095,EXT-ACC-320207,RTGS,10697,2026-05-31 19:21:14,Indian Bank,9000000065,Round-number transaction,Financial
TXN-01529,SYN-ACC-100007,SYN-ACC-100051,RTGS,3854,2025-06-23 05:40:45,Karnataka Bank,9000000032,Unusual hours transfer,Financial
TXN-01530,EXT-ACC-229419,EXT-ACC-320582,UPI,61342,2025-03-15 07:01:13,Indian Bank,NULL,New account high value,Financial
TXN-01531,EXT-ACC-267025,EXT-ACC-314765,IMPS,129149,2026-02-21 03:45:53,Kotak Bank,NULL,Unusual hours transfer,Financial
TXN-01532,EXT-ACC-213629,EXT-ACC-314383,NEFT,9000,2025-08-29 05:50:32,HDFC Bank,NULL,None,Financial
TXN-01533,SYN-ACC-100096,SYN-ACC-100099,Cash Withdrawal,10957,2025-07-09 22:46:43,ICICI Bank,9000000491.0,Cross-state transfer,Financial
TXN-01534,EXT-ACC-297695,SYN-ACC-100076,UPI,3000,2025-04-20 10:44:26,Axis Bank,NULL,Round-number transaction,Financial
TXN-01535,SYN-ACC-100098,SYN-ACC-100003,UPI,2347,2026-01-13 04:11:39,Federal Bank,NULL,None,Financial
TXN-01536,EXT-ACC-214669,SYN-ACC-100055,NEFT,121497,2026-04-07 10:06:29,South Indian Bank,9000000404,Round-number transaction,Financial
TXN-01537,SYN-ACC-100026,EXT-ACC-302608,UPI,1035519,2026-07-27 20:00:18,Indian Bank,9000000487.0,Round-number transaction,Financial
TXN-01538,EXT-ACC-270679,SYN-ACC-100016,UPI,5771,2025-09-11 16:57:48,Indian Bank,9000000268,Cross-state transfer,Financial
TXN-01539,SYN-ACC-100057,EXT-ACC-354778,Cash Deposit,31000,2025-11-06 05:15:47,Federal Bank,9000000042.0,None,Financial
TXN-01540,EXT-ACC-229771,SYN-ACC-100016,Cash Withdrawal,1201935,2025-10-27 07:42:55,Karnataka Bank,NULL,Cross-state transfer,Financial
TXN-01541,SYN-ACC-100040,SYN-ACC-100069,Cash Withdrawal,1851473,2026-08-20 11:52:47,Axis Bank,9000000199,Unusual hours transfer,Financial
TXN-01542,SYN-ACC-100080,SYN-ACC-100054,UPI,56118,2025-06-25 05:39:12,South Indian Bank,9000000047.0,None,Financial
TXN-01543,EXT-ACC-229334,SYN-ACC-100026,IMPS,31594,2025-09-10 17:16:38,SBI,9000000055,New account high value,Financial
TXN-01544,SYN-ACC-100097,EXT-ACC-376284,UPI,41333,2025-07-26 22:04:31,UCO Bank,NULL,None,Financial
TXN-01545,SYN-ACC-100071,EXT-ACC-315306,NEFT,44012,2026-04-06 22:09:57,Axis Bank,9000000063,New account high value,Financial
TXN-01546,SYN-ACC-100051,SYN-ACC-100029,Cheque,54499,2025-10-20 17:22:23,ICICI Bank,9000000439.0,Round-number transaction,Financial
TXN-01547,SYN-ACC-100057,EXT-ACC-318135,UPI,10604,2026-03-16 05:45:57,Indian Bank,9000000083,Cross-state transfer,Financial
TXN-01548,SYN-ACC-100027,SYN-ACC-100008,UPI,197134,2026-05-03 07:36:47,Kotak Bank,9000000185,Rapid in-out movement,Financial
TXN-01549,SYN-ACC-100076,SYN-ACC-100062,RTGS,134875,2026-06-12 22:49:06,Kotak Bank,9000000317.0,None,Financial
TXN-01550,SYN-ACC-100089,SYN-ACC-100072,Cash Deposit,94000,2025-12-25 21:06:43,UCO Bank,9000000338,None,Financial
TXN-01551,SYN-ACC-100089,SYN-ACC-100047,UPI,13220,2025-01-22 17:06:26,HDFC Bank,9000000479,New account high value,Financial
TXN-01552,SYN-ACC-100089,SYN-ACC-100053,UPI,216000,2025-04-19 09:13:57,Kotak Bank,9000000439.0,Unusual hours transfer,Financial
TXN-01553,EXT-ACC-202369,EXT-ACC-323480,UPI,108997,2026-08-22 05:03:17,UCO Bank,9000000056,None,Financial
TXN-01554,SYN-ACC-100055,EXT-ACC-343238,NEFT,77118,2026-07-27 08:41:15,Kotak Bank,9000000033.0,Round-number transaction,Financial
TXN-01555,SYN-ACC-100099,SYN-ACC-100057,UPI,1252,2026-07-14 09:34:22,Axis Bank,NULL,Unusual hours transfer,Financial
TXN-01556,SYN-ACC-100026,EXT-ACC-346849,NEFT,4777,2025-05-29 19:20:43,Kotak Bank,NULL,None,Financial
TXN-01557,EXT-ACC-256622,SYN-ACC-100078,IMPS,190907,2026-02-17 07:11:33,Kotak Bank,9000000114,New account high value,Financial
TXN-01558,EXT-ACC-256063,SYN-ACC-100098,UPI,5343,2025-07-15 18:49:56,Indian Bank,9000000330,None,Financial
TXN-01559,EXT-ACC-255304,SYN-ACC-100099,Cash Deposit,5429,2025-10-21 11:15:29,Indian Bank,NULL,Rapid in-out movement,Financial
TXN-01560,SYN-ACC-100076,SYN-ACC-100065,NEFT,15000,2026-04-19 00:22:00,SBI,9000000007,None,Financial
TXN-01561,SYN-ACC-100096,SYN-ACC-100065,Cash Withdrawal,5227,2025-09-10 23:07:15,ICICI Bank,9000000242,Multiple small transfers (structuring),Financial
TXN-01562,EXT-ACC-230377,SYN-ACC-100065,NEFT,2747,2026-07-20 23:05:52,ICICI Bank,9000000002.0,None,Financial
TXN-01563,EXT-ACC-207386,SYN-ACC-100017,UPI,1997,2025-02-22 19:24:55,Kotak Bank,9000000068.0,Rapid in-out movement,Financial
TXN-01564,SYN-ACC-100088,SYN-ACC-100080,NEFT,79588,2026-03-08 14:43:12,ICICI Bank,9000000097.0,Round-number transaction,Financial
TXN-01565,SYN-ACC-100065,EXT-ACC-345387,UPI,362658,2026-01-26 04:36:53,ICICI Bank,9000000262.0,Multiple small transfers (structuring),Financial
TXN-01566,SYN-ACC-100078,EXT-ACC-306181,NEFT,82719,2025-08-27 15:40:22,HDFC Bank,9000000003,Round-number transaction,Financial
TXN-01567,SYN-ACC-100055,EXT-ACC-395977,UPI,136000,2026-03-27 22:48:48,HDFC Bank,9000000040,Rapid in-out movement,Financial
TXN-01568,EXT-ACC-279040,SYN-ACC-100059,NEFT,73000,2026-02-16 13:08:28,UCO Bank,9000000138,New account high value,Financial
TXN-01569,SYN-ACC-100071,SYN-ACC-100099,NEFT,60897,2026-03-09 11:48:35,Canara Bank,9000000485,None,Financial
TXN-01570,SYN-ACC-100008,SYN-ACC-100026,IMPS,2502,2025-08-26 11:12:43,Axis Bank,9000000234.0,Cross-state transfer,Financial
TXN-01571,EXT-ACC-263259,EXT-ACC-367090,UPI,43150,2026-06-17 11:44:50,Kotak Bank,9000000134.0,None,Financial
TXN-01572,SYN-ACC-100077,SYN-ACC-100052,UPI,32120,2025-06-24 08:40:59,UCO Bank,NULL,Rapid in-out movement,Financial
TXN-01573,SYN-ACC-100086,SYN-ACC-100076,Cheque,10487,2026-04-01 00:47:51,SBI,9000000183,Multiple small transfers (structuring),Financial
TXN-01574,SYN-ACC-100070,SYN-ACC-100024,UPI,1636609,2025-03-15 22:39:01,Canara Bank,9000000124.0,None,Financial
TXN-01575,SYN-ACC-100043,SYN-ACC-100008,UPI,1778395,2026-04-26 23:42:57,Karnataka Bank,9000000338,Round-number transaction,Financial
TXN-01576,SYN-ACC-100055,EXT-ACC-364261,UPI,106365,2025-04-09 04:36:35,Federal Bank,9000000369.0,Multiple small transfers (structuring),Financial
TXN-01577,SYN-ACC-100006,EXT-ACC-379849,IMPS,34394,2025-08-21 10:13:58,Federal Bank,9000000068.0,None,Financial
TXN-01578,SYN-ACC-100054,SYN-ACC-100065,RTGS,4803,2025-03-18 19:17:07,HDFC Bank,NULL,Round-number transaction,Financial
TXN-01579,SYN-ACC-100089,SYN-ACC-100039,IMPS,70030,2025-09-23 10:06:14,Axis Bank,NULL,Round-number transaction,Financial
TXN-01580,SYN-ACC-100071,EXT-ACC-370617,UPI,855817,2025-01-18 14:29:09,South Indian Bank,9000000188.0,None,Financial
TXN-01581,SYN-ACC-100046,SYN-ACC-100078,UPI,126471,2026-03-31 12:56:22,UCO Bank,9000000034,Round-number transaction,Financial
TXN-01582,EXT-ACC-297584,SYN-ACC-100066,IMPS,13000,2026-06-04 13:52:12,ICICI Bank,9000000047.0,None,Financial
TXN-01583,SYN-ACC-100040,SYN-ACC-100084,RTGS,14551,2026-03-22 10:54:45,Kotak Bank,9000000177.0,Round-number transaction,Financial
TXN-01584,EXT-ACC-205539,SYN-ACC-100098,UPI,41494,2026-07-12 01:10:58,Canara Bank,9000000379.0,Multiple small transfers (structuring),Financial
TXN-01585,SYN-ACC-100067,SYN-ACC-100054,UPI,145074,2026-08-12 09:18:29,Axis Bank,9000000385,Rapid in-out movement,Financial
TXN-01586,SYN-ACC-100071,SYN-ACC-100034,UPI,16865,2026-02-27 23:11:51,ICICI Bank,NULL,New account high value,Financial
TXN-01587,EXT-ACC-259029,EXT-ACC-311265,IMPS,1870528,2026-03-31 05:08:54,Kotak Bank,9000000394,New account high value,Financial
TXN-01588,EXT-ACC-215163,SYN-ACC-100008,NEFT,26165,2026-01-30 14:53:21,UCO Bank,9000000440.0,Round-number transaction,Financial
TXN-01589,SYN-ACC-100076,EXT-ACC-349572,NEFT,4585,2026-02-09 20:37:05,Canara Bank,9000000023,New account high value,Financial
TXN-01590,EXT-ACC-210032,SYN-ACC-100046,Cheque,5797,2025-06-09 00:35:15,ICICI Bank,9000000408,Unusual hours transfer,Financial
TXN-01591,SYN-ACC-100050,EXT-ACC-316310,UPI,15000,2025-06-16 05:07:21,SBI,9000000291,None,Financial
TXN-01592,SYN-ACC-100002,EXT-ACC-313428,UPI,4933,2026-02-15 18:49:27,South Indian Bank,9000000100,Cross-state transfer,Financial
TXN-01593,SYN-ACC-100006,SYN-ACC-100048,UPI,15943,2025-05-15 11:26:13,Federal Bank,9000000134.0,None,Financial
TXN-01594,EXT-ACC-241930,EXT-ACC-345954,UPI,101154,2025-12-19 09:06:20,Indian Bank,NULL,Round-number transaction,Financial
TXN-01595,SYN-ACC-100086,SYN-ACC-100053,Cash Deposit,401277,2026-08-12 09:55:21,Axis Bank,NULL,Unusual hours transfer,Financial
TXN-01596,EXT-ACC-204602,SYN-ACC-100053,RTGS,32041,2025-06-09 15:39:47,Federal Bank,9000000060,Unusual hours transfer,Financial
TXN-01597,SYN-ACC-100084,SYN-ACC-100080,NEFT,39719,2025-01-07 13:07:23,South Indian Bank,9000000183,New account high value,Financial
TXN-01598,EXT-ACC-203039,SYN-ACC-100033,UPI,3233,2025-07-23 11:24:05,Canara Bank,9000000027,Cross-state transfer,Financial
TXN-01599,SYN-ACC-100077,SYN-ACC-100088,UPI,32000,2026-07-04 08:34:55,Kotak Bank,9000000300,Round-number transaction,Financial
TXN-01600,SYN-ACC-100057,EXT-ACC-372199,RTGS,8408,2025-08-29 10:44:08,Canara Bank,NULL,Rapid in-out movement,Financial
TXN-01601,SYN-ACC-100032,SYN-ACC-100077,NEFT,82046,2026-03-23 02:24:13,Axis Bank,9000000011,Cross-state transfer,Financial
TXN-01602,EXT-ACC-218894,SYN-ACC-100027,Cash Deposit,71000,2025-03-19 10:08:49,Canara Bank,9000000492,Rapid in-out movement,Financial
TXN-01603,SYN-ACC-100076,EXT-ACC-328195,UPI,9448,2026-06-24 09:38:45,Karnataka Bank,9000000216.0,Rapid in-out movement,Financial
TXN-01604,EXT-ACC-230991,SYN-ACC-100047,IMPS,6000,2026-02-27 07:19:40,South Indian Bank,9000000031,None,Financial
TXN-01605,SYN-ACC-100054,SYN-ACC-100002,Cash Withdrawal,18000,2025-12-25 09:01:25,UCO Bank,9000000168.0,Cross-state transfer,Financial
TXN-01606,SYN-ACC-100001,SYN-ACC-100033,NEFT,1175,2026-01-03 02:09:48,Canara Bank,9000000381,Multiple small transfers (structuring),Financial
TXN-01607,EXT-ACC-233277,SYN-ACC-100064,IMPS,44328,2025-03-28 04:25:55,South Indian Bank,9000000138,None,Financial
TXN-01608,EXT-ACC-259609,SYN-ACC-100095,UPI,1880261,2025-08-23 05:00:29,HDFC Bank,NULL,Rapid in-out movement,Financial
TXN-01609,SYN-ACC-100002,SYN-ACC-100027,UPI,10129,2025-03-05 21:51:02,Indian Bank,NULL,None,Financial
TXN-01610,SYN-ACC-100065,EXT-ACC-362188,Cash Withdrawal,870,2025-05-22 20:29:56,Axis Bank,9000000317.0,Round-number transaction,Financial
TXN-01611,SYN-ACC-100054,SYN-ACC-100047,IMPS,12000,2025-09-25 22:16:01,ICICI Bank,9000000304.0,Round-number transaction,Financial
TXN-01612,SYN-ACC-100006,SYN-ACC-100053,NEFT,341000,2025-11-30 21:18:09,Federal Bank,NULL,Unusual hours transfer,Financial
TXN-01613,EXT-ACC-254214,SYN-ACC-100016,IMPS,1227297,2025-04-09 13:37:09,UCO Bank,9000000274,Multiple small transfers (structuring),Financial
TXN-01614,SYN-ACC-100012,SYN-ACC-100066,NEFT,38219,2025-03-27 01:53:20,South Indian Bank,9000000467,None,Financial
TXN-01615,EXT-ACC-217121,SYN-ACC-100025,UPI,67849,2026-07-22 06:56:21,Karnataka Bank,9000000327,New account high value,Financial
TXN-01616,EXT-ACC-236516,SYN-ACC-100072,UPI,231942,2025-04-02 02:02:26,UCO Bank,9000000144,Cross-state transfer,Financial
TXN-01617,SYN-ACC-100067,SYN-ACC-100054,UPI,143888,2026-07-31 18:00:59,Indian Bank,NULL,New account high value,Financial
TXN-01618,SYN-ACC-100034,SYN-ACC-100054,UPI,80187,2026-08-01 17:00:11,Axis Bank,9000000369.0,Round-number transaction,Financial
TXN-01619,SYN-ACC-100072,EXT-ACC-374465,Cheque,2451,2025-01-03 01:24:06,SBI,9000000376.0,None,Financial
TXN-01620,EXT-ACC-219958,EXT-ACC-318201,IMPS,7983,2026-03-29 00:44:57,Karnataka Bank,9000000383.0,None,Financial
TXN-01621,SYN-ACC-100077,SYN-ACC-100027,IMPS,9401,2025-03-05 20:19:41,Federal Bank,9000000209.0,Multiple small transfers (structuring),Financial
TXN-01622,SYN-ACC-100071,EXT-ACC-377265,NEFT,80285,2025-03-17 04:07:47,UCO Bank,NULL,Round-number transaction,Financial
TXN-01623,SYN-ACC-100039,SYN-ACC-100071,RTGS,101436,2026-08-13 17:03:54,South Indian Bank,NULL,Multiple small transfers (structuring),Financial
TXN-01624,SYN-ACC-100007,EXT-ACC-301577,UPI,12995,2025-11-17 16:30:34,Axis Bank,9000000097.0,None,Financial
TXN-01625,EXT-ACC-279588,SYN-ACC-100008,Cash Withdrawal,7126,2025-04-26 03:57:00,SBI,9000000460,New account high value,Financial
TXN-01626,EXT-ACC-218255,EXT-ACC-370657,Cash Withdrawal,54901,2026-05-22 21:41:10,UCO Bank,9000000367,Unusual hours transfer,Financial
TXN-01627,EXT-ACC-219567,EXT-ACC-351259,UPI,146281,2026-01-21 22:31:36,HDFC Bank,9000000037,None,Financial
TXN-01628,SYN-ACC-100043,SYN-ACC-100026,UPI,616133,2025-12-19 23:15:36,SBI,9000000465.0,Rapid in-out movement,Financial
TXN-01629,EXT-ACC-273402,EXT-ACC-372307,IMPS,2403,2025-02-23 22:31:00,Karnataka Bank,9000000470,New account high value,Financial
TXN-01630,SYN-ACC-100027,EXT-ACC-352111,UPI,8112,2025-06-20 03:38:07,SBI,9000000124.0,Round-number transaction,Financial
TXN-01631,SYN-ACC-100072,SYN-ACC-100063,IMPS,61080,2025-04-09 18:17:24,South Indian Bank,9000000247.0,Multiple small transfers (structuring),Financial
TXN-01632,SYN-ACC-100051,SYN-ACC-100074,NEFT,7535,2025-09-10 12:20:46,UCO Bank,NULL,None,Financial
TXN-01633,EXT-ACC-240901,SYN-ACC-100078,Cash Deposit,52835,2025-11-22 10:00:58,UCO Bank,NULL,Multiple small transfers (structuring),Financial
TXN-01634,SYN-ACC-100035,SYN-ACC-100057,IMPS,68729,2025-08-29 02:33:25,Kotak Bank,NULL,Unusual hours transfer,Financial
TXN-01635,EXT-ACC-210888,SYN-ACC-100060,UPI,1737000,2026-06-12 16:43:40,Indian Bank,NULL,None,Financial
TXN-01636,EXT-ACC-251673,SYN-ACC-100027,NEFT,13758,2025-09-30 16:39:00,Axis Bank,NULL,Multiple small transfers (structuring),Financial
TXN-01637,EXT-ACC-281448,EXT-ACC-353578,Cash Deposit,14528,2026-09-06 16:39:37,South Indian Bank,9000000245.0,Round-number transaction,Financial
TXN-01638,EXT-ACC-275783,SYN-ACC-100026,UPI,2283,2025-08-24 14:04:19,Federal Bank,9000000163,Rapid in-out movement,Financial
TXN-01639,EXT-ACC-227456,SYN-ACC-100065,NEFT,114197,2025-03-27 19:10:36,Indian Bank,9000000171,None,Financial
TXN-01640,SYN-ACC-100066,SYN-ACC-100007,IMPS,7048,2025-08-03 16:41:53,HDFC Bank,9000000168.0,Round-number transaction,Financial
TXN-01641,SYN-ACC-100067,SYN-ACC-100026,RTGS,136530,2026-06-04 09:17:13,Axis Bank,9000000125.0,New account high value,Financial
TXN-01642,EXT-ACC-265594,EXT-ACC-365888,Cash Deposit,87674,2025-11-23 01:10:53,Federal Bank,9000000332.0,None,Financial
TXN-01643,SYN-ACC-100080,SYN-ACC-100087,UPI,2000,2025-10-16 05:14:43,HDFC Bank,9000000134.0,Round-number transaction,Financial
TXN-01644,SYN-ACC-100055,SYN-ACC-100089,UPI,126000,2025-07-06 04:39:26,Kotak Bank,9000000110,None,Financial
TXN-01645,SYN-ACC-100078,SYN-ACC-100003,Cheque,10243,2026-04-05 23:54:19,South Indian Bank,9000000354.0,Rapid in-out movement,Financial
TXN-01646,SYN-ACC-100027,SYN-ACC-100099,Cash Deposit,12791,2026-08-04 15:07:42,Canara Bank,9000000321,None,Financial
TXN-01647,SYN-ACC-100066,EXT-ACC-399309,NEFT,1745010,2025-10-03 13:33:04,Karnataka Bank,9000000252,None,Financial
TXN-01648,SYN-ACC-100087,SYN-ACC-100020,RTGS,101156,2025-01-08 07:42:20,Karnataka Bank,9000000390,Rapid in-out movement,Financial
TXN-01649,SYN-ACC-100098,SYN-ACC-100064,RTGS,131298,2025-01-03 16:33:25,Kotak Bank,9000000245.0,None,Financial
TXN-01650,EXT-ACC-261334,SYN-ACC-100058,NEFT,149000,2026-04-24 03:02:47,Kotak Bank,NULL,Rapid in-out movement,Financial
TXN-01651,SYN-ACC-100026,SYN-ACC-100097,RTGS,8382,2025-04-04 16:24:59,Federal Bank,9000000031,Cross-state transfer,Financial
TXN-01652,SYN-ACC-100046,EXT-ACC-323863,IMPS,111033,2025-12-28 13:57:38,Federal Bank,9000000463.0,None,Financial
TXN-01653,SYN-ACC-100055,SYN-ACC-100080,UPI,4000,2025-04-05 09:42:03,Axis Bank,9000000231.0,None,Financial
TXN-01654,SYN-ACC-100059,SYN-ACC-100089,NEFT,7749,2025-10-04 21:46:40,Canara Bank,9000000404,Rapid in-out movement,Financial
TXN-01655,EXT-ACC-218617,SYN-ACC-100078,UPI,5385,2025-10-29 16:12:40,Canara Bank,9000000429.0,Multiple small transfers (structuring),Financial
TXN-01656,EXT-ACC-285036,SYN-ACC-100007,IMPS,3971,2026-06-24 16:43:18,Canara Bank,9000000022,None,Financial
TXN-01657,SYN-ACC-100016,SYN-ACC-100054,UPI,2255,2026-04-12 13:37:03,Canara Bank,NULL,New account high value,Financial
TXN-01658,SYN-ACC-100087,EXT-ACC-349421,NEFT,13730,2025-10-29 11:21:22,HDFC Bank,9000000021,Cross-state transfer,Financial
TXN-01659,EXT-ACC-280539,EXT-ACC-330496,UPI,551,2025-04-03 00:50:32,HDFC Bank,NULL,None,Financial
TXN-01660,SYN-ACC-100068,SYN-ACC-100047,RTGS,2503,2025-07-11 16:20:53,Federal Bank,9000000241.0,Rapid in-out movement,Financial
TXN-01661,SYN-ACC-100041,SYN-ACC-100047,UPI,145483,2025-09-23 03:31:35,ICICI Bank,9000000036,New account high value,Financial
TXN-01662,EXT-ACC-260536,SYN-ACC-100077,UPI,5295,2026-07-28 08:02:04,ICICI Bank,NULL,None,Financial
TXN-01663,SYN-ACC-100078,SYN-ACC-100046,NEFT,8692,2025-10-08 21:42:55,Axis Bank,NULL,None,Financial
TXN-01664,EXT-ACC-298649,SYN-ACC-100051,UPI,5710,2025-06-27 07:16:41,Federal Bank,9000000258,Multiple small transfers (structuring),Financial
TXN-01665,EXT-ACC-265962,EXT-ACC-392494,NEFT,1000,2025-05-15 04:26:54,ICICI Bank,9000000419,None,Financial
TXN-01666,SYN-ACC-100068,EXT-ACC-324371,RTGS,26979,2025-11-29 21:53:02,HDFC Bank,9000000248,None,Financial
TXN-01667,EXT-ACC-218850,SYN-ACC-100054,Cash Deposit,6042,2026-03-03 00:35:30,Axis Bank,9000000071.0,Round-number transaction,Financial
TXN-01668,SYN-ACC-100024,EXT-ACC-362283,RTGS,11507,2026-09-12 07:19:44,HDFC Bank,9000000157.0,None,Financial
TXN-01669,SYN-ACC-100084,SYN-ACC-100059,NEFT,598,2025-01-20 17:28:41,Karnataka Bank,9000000278,Rapid in-out movement,Financial
TXN-01670,SYN-ACC-100014,EXT-ACC-342909,RTGS,4716,2025-09-02 02:25:43,UCO Bank,9000000097.0,None,Financial
TXN-01671,SYN-ACC-100077,SYN-ACC-100011,NEFT,5000,2025-03-01 18:54:27,South Indian Bank,9000000057,Cross-state transfer,Financial
TXN-01672,SYN-ACC-100002,SYN-ACC-100034,NEFT,134392,2025-05-21 00:20:03,SBI,9000000485,Multiple small transfers (structuring),Financial
TXN-01673,SYN-ACC-100054,SYN-ACC-100057,Cash Withdrawal,2477,2025-03-24 19:18:58,Axis Bank,9000000233.0,Rapid in-out movement,Financial
TXN-01674,SYN-ACC-100033,SYN-ACC-100016,RTGS,7000,2025-03-22 10:35:53,Axis Bank,NULL,Round-number transaction,Financial
TXN-01675,SYN-ACC-100043,EXT-ACC-374532,IMPS,5000,2025-11-05 18:19:20,HDFC Bank,9000000462,Multiple small transfers (structuring),Financial
TXN-01676,EXT-ACC-259058,SYN-ACC-100086,UPI,1817,2025-05-31 16:45:37,Kotak Bank,NULL,Multiple small transfers (structuring),Financial
TXN-01677,EXT-ACC-289817,SYN-ACC-100063,RTGS,7270,2025-05-23 13:25:48,HDFC Bank,NULL,None,Financial
TXN-01678,SYN-ACC-100081,EXT-ACC-357746,UPI,7767,2025-07-07 16:58:49,Federal Bank,9000000022,None,Financial
TXN-01679,SYN-ACC-100089,EXT-ACC-334093,UPI,1441389,2026-03-04 05:31:13,ICICI Bank,9000000278,Cross-state transfer,Financial
TXN-01680,SYN-ACC-100088,SYN-ACC-100097,UPI,485682,2025-04-02 13:18:39,Axis Bank,9000000060,Multiple small transfers (structuring),Financial
TXN-01681,SYN-ACC-100080,EXT-ACC-307798,UPI,7377,2026-05-17 16:06:24,ICICI Bank,NULL,None,Financial
TXN-01682,SYN-ACC-100025,EXT-ACC-377085,NEFT,113000,2026-07-16 09:42:24,SBI,9000000029,None,Financial
TXN-01683,SYN-ACC-100027,EXT-ACC-347629,IMPS,21000,2026-02-28 19:28:20,SBI,9000000474,None,Financial
TXN-01684,EXT-ACC-277990,SYN-ACC-100026,UPI,14021,2025-07-05 00:18:23,South Indian Bank,9000000209.0,None,Financial
TXN-01685,SYN-ACC-100084,EXT-ACC-345678,Cash Withdrawal,3000,2025-05-11 07:30:36,UCO Bank,9000000032,Rapid in-out movement,Financial
TXN-01686,EXT-ACC-243435,SYN-ACC-100092,UPI,624465,2025-08-09 08:10:36,ICICI Bank,NULL,None,Financial
TXN-01687,EXT-ACC-229627,EXT-ACC-376139,NEFT,89669,2025-06-11 16:13:13,South Indian Bank,9000000021,Cross-state transfer,Financial
TXN-01688,EXT-ACC-238606,EXT-ACC-351657,Cash Withdrawal,50000,2026-02-22 09:55:47,SBI,9000000004.0,None,Financial
TXN-01689,SYN-ACC-100033,EXT-ACC-335319,IMPS,14913,2025-12-12 02:55:49,ICICI Bank,NULL,Unusual hours transfer,Financial
TXN-01690,SYN-ACC-100002,SYN-ACC-100053,NEFT,8033,2025-10-16 16:54:06,HDFC Bank,9000000447,Rapid in-out movement,Financial
TXN-01691,SYN-ACC-100006,EXT-ACC-344813,RTGS,50000,2025-12-13 16:21:13,Canara Bank,9000000251,New account high value,Financial
TXN-01692,SYN-ACC-100099,EXT-ACC-335922,NEFT,14476,2025-11-06 15:13:19,HDFC Bank,9000000001,Unusual hours transfer,Financial
TXN-01693,SYN-ACC-100041,EXT-ACC-303466,UPI,85407,2025-04-17 17:51:15,HDFC Bank,9000000002.0,None,Financial
TXN-01694,SYN-ACC-100057,SYN-ACC-100059,UPI,3938,2025-04-19 09:50:53,Canara Bank,9000000377.0,Multiple small transfers (structuring),Financial
TXN-01695,SYN-ACC-100076,EXT-ACC-360423,RTGS,10419,2025-10-18 18:36:30,HDFC Bank,NULL,Rapid in-out movement,Financial
TXN-01696,SYN-ACC-100084,EXT-ACC-382350,IMPS,9342,2026-04-04 19:27:37,Indian Bank,9000000008,Unusual hours transfer,Financial
TXN-01697,SYN-ACC-100078,SYN-ACC-100089,RTGS,1996810,2025-05-13 03:55:44,South Indian Bank,9000000431,Rapid in-out movement,Financial
TXN-01698,EXT-ACC-207492,SYN-ACC-100032,NEFT,7599,2026-02-08 17:07:40,ICICI Bank,9000000318.0,None,Financial
TXN-01699,SYN-ACC-100026,EXT-ACC-322517,Cheque,7663,2026-01-07 03:19:16,Indian Bank,9000000193,Multiple small transfers (structuring),Financial
TXN-01700,SYN-ACC-100070,EXT-ACC-322057,NEFT,1958298,2025-09-05 16:23:37,ICICI Bank,9000000066,None,Financial
TXN-01701,SYN-ACC-100075,SYN-ACC-100059,IMPS,107450,2026-05-31 12:02:43,Karnataka Bank,9000000457.0,Cross-state transfer,Financial
TXN-01702,SYN-ACC-100080,EXT-ACC-384688,UPI,505525,2025-07-10 19:52:45,HDFC Bank,9000000260.0,Multiple small transfers (structuring),Financial
TXN-01703,EXT-ACC-279362,EXT-ACC-354723,NEFT,131000,2025-11-15 09:15:50,Axis Bank,9000000045.0,Multiple small transfers (structuring),Financial
TXN-01704,EXT-ACC-247357,SYN-ACC-100026,NEFT,1000,2025-06-29 21:19:27,South Indian Bank,9000000301,Rapid in-out movement,Financial
TXN-01705,EXT-ACC-270614,SYN-ACC-100002,UPI,1922,2025-06-22 13:58:25,Axis Bank,NULL,Multiple small transfers (structuring),Financial
TXN-01706,EXT-ACC-218817,SYN-ACC-100051,UPI,2316,2026-08-05 06:29:03,Axis Bank,NULL,Multiple small transfers (structuring),Financial
TXN-01707,SYN-ACC-100033,SYN-ACC-100098,IMPS,741,2025-06-27 07:14:44,Kotak Bank,9000000448,Cross-state transfer,Financial
TXN-01708,EXT-ACC-229220,EXT-ACC-326946,Cheque,1799412,2025-01-10 15:43:37,Karnataka Bank,NULL,None,Financial
TXN-01709,SYN-ACC-100067,EXT-ACC-339278,UPI,2124,2025-08-03 09:25:08,HDFC Bank,9000000099,None,Financial
TXN-01710,SYN-ACC-100056,EXT-ACC-368597,NEFT,1727000,2026-06-22 22:00:10,UCO Bank,NULL,None,Financial
TXN-01711,SYN-ACC-100069,SYN-ACC-100008,NEFT,5870,2025-03-19 17:45:09,Federal Bank,9000000095.0,Round-number transaction,Financial
TXN-01712,SYN-ACC-100069,SYN-ACC-100025,UPI,751948,2025-12-12 20:55:30,HDFC Bank,9000000282.0,Round-number transaction,Financial
TXN-01713,SYN-ACC-100037,SYN-ACC-100059,UPI,81986,2026-08-14 23:22:27,SBI,9000000233.0,Round-number transaction,Financial
TXN-01714,SYN-ACC-100080,SYN-ACC-100006,UPI,3741,2026-07-25 01:40:27,HDFC Bank,9000000486.0,Multiple small transfers (structuring),Financial
TXN-01715,SYN-ACC-100055,SYN-ACC-100065,IMPS,1997,2025-08-05 08:07:19,UCO Bank,9000000205,Multiple small transfers (structuring),Financial
TXN-01716,SYN-ACC-100084,SYN-ACC-100050,NEFT,14367,2025-11-15 21:29:24,Canara Bank,9000000489,None,Financial
TXN-01717,SYN-ACC-100008,SYN-ACC-100089,NEFT,133325,2025-09-30 22:37:16,Axis Bank,9000000207.0,Cross-state transfer,Financial
TXN-01718,EXT-ACC-252970,SYN-ACC-100047,Cheque,11299,2026-06-24 01:13:29,Canara Bank,9000000414,None,Financial
TXN-01719,SYN-ACC-100054,SYN-ACC-100099,UPI,17908,2025-08-28 06:45:21,ICICI Bank,9000000199,None,Financial
TXN-01720,SYN-ACC-100027,EXT-ACC-347623,NEFT,219765,2025-01-29 08:30:07,UCO Bank,9000000098,Unusual hours transfer,Financial
TXN-01721,SYN-ACC-100095,SYN-ACC-100070,NEFT,13892,2026-06-29 08:39:40,Canara Bank,9000000037,Rapid in-out movement,Financial
TXN-01722,EXT-ACC-255132,SYN-ACC-100055,Cash Withdrawal,36308,2026-08-22 22:17:47,Federal Bank,9000000107,Round-number transaction,Financial
TXN-01723,SYN-ACC-100059,SYN-ACC-100020,NEFT,123714,2026-06-12 23:13:18,Indian Bank,9000000070.0,None,Financial
TXN-01724,SYN-ACC-100070,SYN-ACC-100014,UPI,826653,2026-06-05 23:36:20,Karnataka Bank,9000000084.0,Rapid in-out movement,Financial
TXN-01725,EXT-ACC-291025,SYN-ACC-100050,Cash Deposit,11971,2026-02-28 08:44:55,Axis Bank,9000000194,Multiple small transfers (structuring),Financial
TXN-01726,SYN-ACC-100026,EXT-ACC-399947,UPI,18888,2026-03-27 16:01:16,South Indian Bank,9000000145.0,Unusual hours transfer,Financial
TXN-01727,EXT-ACC-220937,SYN-ACC-100021,NEFT,14976,2026-08-24 02:35:15,UCO Bank,9000000338,None,Financial
TXN-01728,EXT-ACC-200796,SYN-ACC-100093,UPI,7139,2025-05-03 12:23:41,SBI,9000000413,None,Financial
TXN-01729,SYN-ACC-100053,SYN-ACC-100086,IMPS,5854,2026-05-12 21:29:59,South Indian Bank,9000000183,Unusual hours transfer,Financial
TXN-01730,SYN-ACC-100058,SYN-ACC-100052,UPI,130000,2025-10-13 17:29:23,HDFC Bank,NULL,None,Financial
TXN-01731,SYN-ACC-100068,SYN-ACC-100043,IMPS,13383,2025-02-12 04:17:25,Indian Bank,NULL,None,Financial
TXN-01732,EXT-ACC-261067,EXT-ACC-314633,NEFT,16463,2025-10-20 18:01:17,Karnataka Bank,9000000022,None,Financial
TXN-01733,SYN-ACC-100011,SYN-ACC-100055,IMPS,365915,2025-07-16 04:45:47,South Indian Bank,NULL,New account high value,Financial
TXN-01734,SYN-ACC-100059,SYN-ACC-100041,UPI,10315,2025-11-17 05:12:02,Karnataka Bank,9000000248,Unusual hours transfer,Financial
TXN-01735,SYN-ACC-100063,SYN-ACC-100055,Cash Deposit,7000,2025-05-09 15:05:23,South Indian Bank,NULL,Rapid in-out movement,Financial
TXN-01736,EXT-ACC-269019,SYN-ACC-100099,IMPS,2913,2026-05-28 11:01:27,South Indian Bank,NULL,New account high value,Financial
TXN-01737,SYN-ACC-100008,SYN-ACC-100016,NEFT,44448,2025-10-26 22:39:15,Canara Bank,9000000365,Multiple small transfers (structuring),Financial
TXN-01738,SYN-ACC-100024,EXT-ACC-331471,RTGS,10913,2025-05-17 02:31:43,Axis Bank,9000000140,Unusual hours transfer,Financial
TXN-01739,SYN-ACC-100065,SYN-ACC-100069,UPI,9051,2026-01-12 08:43:19,SBI,9000000479,None,Financial
TXN-01740,EXT-ACC-286212,SYN-ACC-100003,Cash Deposit,10000,2025-03-11 22:11:00,Indian Bank,NULL,Multiple small transfers (structuring),Financial
TXN-01741,SYN-ACC-100043,SYN-ACC-100089,Cash Deposit,80517,2026-05-20 02:42:23,Kotak Bank,9000000233.0,Round-number transaction,Financial
TXN-01742,EXT-ACC-290401,SYN-ACC-100059,UPI,82068,2025-03-03 11:38:03,Federal Bank,NULL,New account high value,Financial
TXN-01743,SYN-ACC-100027,SYN-ACC-100089,IMPS,148699,2025-04-03 07:38:40,ICICI Bank,NULL,None,Financial
TXN-01744,SYN-ACC-100072,SYN-ACC-100067,NEFT,416702,2025-01-30 20:34:49,Axis Bank,9000000132,None,Financial
TXN-01745,EXT-ACC-253444,SYN-ACC-100054,NEFT,13879,2026-06-02 17:53:53,Indian Bank,9000000354.0,Unusual hours transfer,Financial
TXN-01746,SYN-ACC-100003,SYN-ACC-100069,UPI,1690,2026-03-19 02:34:53,South Indian Bank,9000000362,Unusual hours transfer,Financial
TXN-01747,EXT-ACC-278750,EXT-ACC-320227,RTGS,79999,2026-08-07 16:53:38,Federal Bank,9000000439.0,None,Financial
TXN-01748,SYN-ACC-100098,SYN-ACC-100026,Cash Withdrawal,5000,2025-07-17 21:56:44,Federal Bank,9000000157.0,Unusual hours transfer,Financial
TXN-01749,EXT-ACC-212536,SYN-ACC-100071,IMPS,1407000,2025-04-08 21:49:49,Axis Bank,9000000119,Multiple small transfers (structuring),Financial
TXN-01750,EXT-ACC-286274,EXT-ACC-352284,UPI,32653,2025-08-25 20:51:36,Karnataka Bank,9000000490.0,Unusual hours transfer,Financial
TXN-01751,EXT-ACC-273927,SYN-ACC-100025,UPI,144947,2026-05-09 15:50:31,Federal Bank,9000000069,None,Financial
TXN-01752,SYN-ACC-100076,SYN-ACC-100073,UPI,50503,2025-01-09 19:42:03,ICICI Bank,9000000451.0,Unusual hours transfer,Financial
TXN-01753,SYN-ACC-100059,SYN-ACC-100006,NEFT,10471,2025-03-21 11:06:05,South Indian Bank,NULL,None,Financial
TXN-01754,SYN-ACC-100043,SYN-ACC-100068,IMPS,1862000,2025-10-15 09:42:07,Axis Bank,9000000119,Round-number transaction,Financial
TXN-01755,SYN-ACC-100069,SYN-ACC-100060,Cash Withdrawal,5959,2025-04-29 18:55:07,Karnataka Bank,NULL,None,Financial
TXN-01756,SYN-ACC-100020,SYN-ACC-100096,UPI,12000,2025-06-25 04:20:20,Canara Bank,9000000055,None,Financial
TXN-01757,EXT-ACC-212705,SYN-ACC-100048,NEFT,34209,2025-09-29 13:14:14,SBI,9000000465.0,None,Financial
TXN-01758,EXT-ACC-223506,EXT-ACC-319216,IMPS,33608,2026-02-05 12:09:33,Kotak Bank,9000000217,Multiple small transfers (structuring),Financial
TXN-01759,SYN-ACC-100077,EXT-ACC-340699,UPI,9510,2026-08-29 15:14:03,HDFC Bank,9000000353.0,None,Financial
TXN-01760,SYN-ACC-100055,EXT-ACC-341315,Cheque,160776,2026-01-01 09:33:47,Axis Bank,9000000436,Round-number transaction,Financial
TXN-01761,SYN-ACC-100068,EXT-ACC-346829,UPI,58637,2026-04-06 15:59:22,ICICI Bank,9000000317.0,Rapid in-out movement,Financial
TXN-01762,SYN-ACC-100047,SYN-ACC-100057,UPI,13000,2026-07-27 03:19:58,Canara Bank,9000000198.0,Unusual hours transfer,Financial
TXN-01763,SYN-ACC-100057,SYN-ACC-100033,NEFT,139000,2025-08-10 09:50:14,SBI,9000000486.0,Rapid in-out movement,Financial
TXN-01764,SYN-ACC-100008,SYN-ACC-100080,RTGS,54000,2026-02-24 03:23:18,SBI,9000000109.0,Round-number transaction,Financial
TXN-01765,EXT-ACC-296785,EXT-ACC-331266,NEFT,1290826,2026-06-16 15:52:07,HDFC Bank,9000000070.0,None,Financial
TXN-01766,SYN-ACC-100041,SYN-ACC-100002,UPI,104000,2025-10-24 19:32:28,HDFC Bank,9000000451.0,Round-number transaction,Financial
TXN-01767,EXT-ACC-244898,EXT-ACC-317321,UPI,1418571,2025-08-22 00:03:07,HDFC Bank,NULL,None,Financial
TXN-01768,EXT-ACC-207002,EXT-ACC-356623,NEFT,141608,2025-02-03 01:22:41,South Indian Bank,9000000371,None,Financial
TXN-01769,SYN-ACC-100098,SYN-ACC-100020,Cash Deposit,88964,2025-03-03 06:04:16,Canara Bank,9000000075,Multiple small transfers (structuring),Financial
TXN-01770,SYN-ACC-100008,SYN-ACC-100078,UPI,3555,2025-03-28 13:21:43,South Indian Bank,9000000069,Unusual hours transfer,Financial
TXN-01771,EXT-ACC-288111,EXT-ACC-319233,UPI,8206,2026-01-05 18:11:33,Kotak Bank,NULL,New account high value,Financial
TXN-01772,EXT-ACC-238832,SYN-ACC-100098,IMPS,1573749,2026-08-24 01:51:09,Indian Bank,NULL,Multiple small transfers (structuring),Financial
TXN-01773,SYN-ACC-100040,EXT-ACC-375011,UPI,4961,2026-09-08 16:28:48,Kotak Bank,NULL,None,Financial
TXN-01774,SYN-ACC-100060,SYN-ACC-100098,RTGS,911900,2025-01-11 13:41:53,Indian Bank,9000000091.0,None,Financial
TXN-01775,SYN-ACC-100057,EXT-ACC-358775,UPI,1234095,2025-09-14 19:39:09,SBI,9000000038.0,Cross-state transfer,Financial
TXN-01776,EXT-ACC-248623,SYN-ACC-100077,Cash Withdrawal,10875,2025-01-07 05:23:49,South Indian Bank,9000000495,Multiple small transfers (structuring),Financial
TXN-01777,SYN-ACC-100071,EXT-ACC-307694,Cash Deposit,1000,2025-04-16 01:20:50,SBI,9000000031,Rapid in-out movement,Financial
TXN-01778,EXT-ACC-260302,EXT-ACC-374504,NEFT,75625,2026-03-23 05:02:52,Karnataka Bank,NULL,None,Financial
TXN-01779,SYN-ACC-100069,SYN-ACC-100078,Cash Deposit,13848,2025-08-18 08:20:20,Karnataka Bank,9000000295.0,None,Financial
TXN-01780,SYN-ACC-100065,EXT-ACC-379295,UPI,5896,2025-03-12 08:12:56,Canara Bank,9000000016,Unusual hours transfer,Financial
TXN-01781,SYN-ACC-100059,SYN-ACC-100034,Cash Withdrawal,101553,2025-11-12 11:04:51,Indian Bank,NULL,None,Financial
TXN-01782,SYN-ACC-100033,SYN-ACC-100078,IMPS,4345,2025-11-14 04:55:08,Canara Bank,NULL,Cross-state transfer,Financial
TXN-01783,SYN-ACC-100027,SYN-ACC-100061,IMPS,1002000,2025-06-02 19:30:20,ICICI Bank,NULL,Rapid in-out movement,Financial
TXN-01784,SYN-ACC-100057,SYN-ACC-100027,NEFT,38637,2025-03-14 22:13:31,ICICI Bank,9000000464.0,Multiple small transfers (structuring),Financial
TXN-01785,SYN-ACC-100003,SYN-ACC-100034,RTGS,9792,2026-07-06 04:55:53,Axis Bank,NULL,None,Financial
TXN-01786,SYN-ACC-100091,SYN-ACC-100099,Cash Withdrawal,98708,2025-04-06 14:54:14,South Indian Bank,NULL,Round-number transaction,Financial
TXN-01787,EXT-ACC-283522,SYN-ACC-100089,Cheque,1927573,2026-03-28 01:42:43,UCO Bank,9000000491.0,Round-number transaction,Financial
TXN-01788,SYN-ACC-100065,SYN-ACC-100050,IMPS,9461,2025-10-18 16:37:29,Karnataka Bank,9000000258,Cross-state transfer,Financial
TXN-01789,EXT-ACC-262134,EXT-ACC-311626,NEFT,597,2025-03-19 21:00:41,South Indian Bank,9000000353.0,None,Financial
TXN-01790,SYN-ACC-100049,SYN-ACC-100081,UPI,140583,2026-06-15 04:48:59,Indian Bank,9000000332.0,Unusual hours transfer,Financial
TXN-01791,SYN-ACC-100026,SYN-ACC-100002,UPI,6968,2025-12-24 10:33:03,Axis Bank,9000000369.0,Round-number transaction,Financial
TXN-01792,SYN-ACC-100064,SYN-ACC-100098,UPI,103644,2025-02-06 07:11:12,Indian Bank,9000000440.0,Multiple small transfers (structuring),Financial
TXN-01793,SYN-ACC-100068,SYN-ACC-100069,UPI,88113,2025-06-14 23:45:18,HDFC Bank,9000000249,None,Financial
TXN-01794,SYN-ACC-100071,EXT-ACC-363343,UPI,1877,2025-07-28 17:28:18,ICICI Bank,9000000160,Multiple small transfers (structuring),Financial
TXN-01795,SYN-ACC-100076,EXT-ACC-381570,UPI,73000,2025-01-03 22:28:03,Axis Bank,NULL,Round-number transaction,Financial
TXN-01796,SYN-ACC-100097,EXT-ACC-394988,IMPS,1183400,2025-12-29 14:56:27,UCO Bank,9000000264.0,None,Financial
TXN-01797,EXT-ACC-266352,EXT-ACC-304426,Cash Withdrawal,5394,2025-01-22 23:07:27,Kotak Bank,9000000431,New account high value,Financial
TXN-01798,SYN-ACC-100052,SYN-ACC-100069,UPI,95000,2025-08-12 10:26:40,Canara Bank,9000000025,None,Financial
TXN-01799,EXT-ACC-295410,SYN-ACC-100043,UPI,128857,2026-08-13 05:31:46,ICICI Bank,9000000093.0,Rapid in-out movement,Financial
TXN-01800,SYN-ACC-100027,EXT-ACC-320958,UPI,12076,2026-01-30 20:27:17,Karnataka Bank,NULL,None,Financial
TXN-01801,EXT-ACC-252892,EXT-ACC-334389,Cash Withdrawal,89115,2025-07-27 14:11:43,ICICI Bank,9000000177.0,None,Financial
TXN-01802,SYN-ACC-100072,SYN-ACC-100006,IMPS,87823,2026-04-10 14:27:11,Canara Bank,9000000169,Unusual hours transfer,Financial
TXN-01803,EXT-ACC-241286,EXT-ACC-301862,Cash Deposit,69000,2025-11-20 20:26:07,Axis Bank,9000000297.0,Rapid in-out movement,Financial
TXN-01804,EXT-ACC-277395,SYN-ACC-100052,UPI,9479,2026-02-19 12:16:56,Karnataka Bank,9000000377.0,New account high value,Financial
TXN-01805,SYN-ACC-100021,SYN-ACC-100013,UPI,11723,2026-07-30 19:04:00,Indian Bank,9000000017.0,None,Financial
TXN-01806,EXT-ACC-292169,EXT-ACC-365235,UPI,57367,2026-07-10 11:02:05,Kotak Bank,9000000413,None,Financial
TXN-01807,SYN-ACC-100072,SYN-ACC-100002,Cheque,9115,2026-05-20 00:57:38,Kotak Bank,9000000423,None,Financial
TXN-01808,SYN-ACC-100089,SYN-ACC-100098,Cheque,12351,2026-05-14 23:50:03,ICICI Bank,9000000245.0,None,Financial
TXN-01809,SYN-ACC-100092,EXT-ACC-351303,UPI,127298,2026-04-30 07:28:53,HDFC Bank,9000000491.0,Cross-state transfer,Financial
TXN-01810,EXT-ACC-270985,SYN-ACC-100027,RTGS,473309,2025-04-03 16:28:34,SBI,NULL,Multiple small transfers (structuring),Financial
TXN-01811,SYN-ACC-100039,SYN-ACC-100027,NEFT,5720,2026-06-16 13:50:20,Federal Bank,9000000134.0,New account high value,Financial
TXN-01812,EXT-ACC-252244,SYN-ACC-100066,NEFT,2136,2025-05-14 17:04:09,HDFC Bank,9000000319,Multiple small transfers (structuring),Financial
TXN-01813,SYN-ACC-100089,SYN-ACC-100072,Cash Deposit,49811,2025-02-14 15:41:17,ICICI Bank,9000000473,Multiple small transfers (structuring),Financial
TXN-01814,SYN-ACC-100079,EXT-ACC-334080,UPI,138814,2025-01-04 20:03:22,Indian Bank,NULL,Cross-state transfer,Financial
TXN-01815,SYN-ACC-100060,SYN-ACC-100076,NEFT,5714,2025-02-02 13:00:30,Canara Bank,9000000021,Unusual hours transfer,Financial
TXN-01816,SYN-ACC-100099,SYN-ACC-100034,RTGS,1240,2025-09-16 11:33:12,SBI,9000000063,Unusual hours transfer,Financial
TXN-01817,EXT-ACC-236435,EXT-ACC-327864,UPI,128577,2026-04-17 18:47:39,Kotak Bank,9000000126,None,Financial
TXN-01818,SYN-ACC-100045,EXT-ACC-372776,UPI,6877,2026-02-14 01:02:04,SBI,9000000038.0,None,Financial
TXN-01819,SYN-ACC-100066,SYN-ACC-100098,UPI,18713,2026-01-23 00:20:22,Karnataka Bank,9000000083,Multiple small transfers (structuring),Financial
TXN-01820,EXT-ACC-276608,EXT-ACC-399780,NEFT,8000,2026-07-12 02:04:53,South Indian Bank,9000000399,None,Financial
TXN-01821,EXT-ACC-205805,EXT-ACC-311799,NEFT,51678,2025-08-06 18:24:48,South Indian Bank,NULL,Multiple small transfers (structuring),Financial
TXN-01822,SYN-ACC-100020,SYN-ACC-100084,RTGS,8033,2026-02-18 16:12:16,Axis Bank,9000000176,New account high value,Financial
TXN-01823,SYN-ACC-100065,SYN-ACC-100076,UPI,1246142,2025-06-06 11:36:34,SBI,9000000164.0,New account high value,Financial
TXN-01824,SYN-ACC-100089,SYN-ACC-100099,UPI,4509,2025-06-20 17:03:14,Indian Bank,NULL,New account high value,Financial
TXN-01825,SYN-ACC-100016,EXT-ACC-399187,UPI,14240,2026-02-06 01:31:52,UCO Bank,9000000098,Cross-state transfer,Financial
TXN-01826,SYN-ACC-100003,SYN-ACC-100051,RTGS,112000,2026-02-16 09:02:18,Canara Bank,9000000483,Round-number transaction,Financial
TXN-01827,EXT-ACC-247423,EXT-ACC-373810,UPI,21136,2025-04-29 15:42:01,UCO Bank,9000000401,Cross-state transfer,Financial
TXN-01828,EXT-ACC-215603,SYN-ACC-100072,RTGS,509165,2026-06-12 15:14:59,South Indian Bank,9000000085.0,Rapid in-out movement,Financial
TXN-01829,EXT-ACC-293646,SYN-ACC-100061,UPI,738394,2025-12-13 21:45:08,South Indian Bank,9000000209.0,Round-number transaction,Financial
TXN-01830,SYN-ACC-100041,SYN-ACC-100065,RTGS,13911,2026-02-28 00:56:18,Federal Bank,9000000032,None,Financial
TXN-01831,SYN-ACC-100054,SYN-ACC-100065,RTGS,94299,2026-04-18 15:43:07,Karnataka Bank,9000000332.0,Rapid in-out movement,Financial
TXN-01832,SYN-ACC-100076,SYN-ACC-100027,UPI,8347,2025-04-28 05:40:56,UCO Bank,9000000351.0,New account high value,Financial
TXN-01833,EXT-ACC-278987,SYN-ACC-100020,IMPS,41000,2026-03-17 10:59:46,Karnataka Bank,NULL,None,Financial
TXN-01834,EXT-ACC-299931,SYN-ACC-100080,Cash Deposit,14058,2025-11-09 01:54:28,Axis Bank,9000000367,Multiple small transfers (structuring),Financial
TXN-01835,SYN-ACC-100006,SYN-ACC-100080,RTGS,9564,2025-06-29 09:33:04,UCO Bank,9000000169,None,Financial
TXN-01836,EXT-ACC-286684,SYN-ACC-100043,Cash Withdrawal,6000,2026-01-17 05:43:50,ICICI Bank,9000000262.0,None,Financial
TXN-01837,EXT-ACC-229528,EXT-ACC-325035,UPI,18479,2025-12-10 12:18:31,UCO Bank,9000000027,None,Financial
TXN-01838,EXT-ACC-228576,SYN-ACC-100059,RTGS,98439,2025-01-26 10:12:58,ICICI Bank,9000000376.0,None,Financial
TXN-01839,SYN-ACC-100055,SYN-ACC-100045,Cash Deposit,5598,2026-01-31 10:19:38,Federal Bank,9000000462,Cross-state transfer,Financial
TXN-01840,EXT-ACC-285380,EXT-ACC-313422,IMPS,1509325,2025-02-08 05:31:09,UCO Bank,9000000098,Round-number transaction,Financial
TXN-01841,SYN-ACC-100066,EXT-ACC-369968,RTGS,129796,2025-12-16 18:50:19,South Indian Bank,9000000347,Rapid in-out movement,Financial
TXN-01842,SYN-ACC-100092,EXT-ACC-382255,UPI,5282,2026-01-03 09:53:39,South Indian Bank,NULL,Multiple small transfers (structuring),Financial
TXN-01843,EXT-ACC-230395,EXT-ACC-355477,IMPS,5385,2025-02-21 13:40:02,Axis Bank,9000000127,None,Financial
TXN-01844,SYN-ACC-100084,SYN-ACC-100051,Cash Deposit,8662,2026-07-03 16:35:41,Indian Bank,9000000300,Cross-state transfer,Financial
TXN-01845,SYN-ACC-100072,EXT-ACC-397391,UPI,9755,2025-09-15 10:14:31,Federal Bank,9000000169,Round-number transaction,Financial
TXN-01846,EXT-ACC-229723,SYN-ACC-100025,NEFT,932000,2025-09-27 11:47:36,Karnataka Bank,9000000004.0,Cross-state transfer,Financial
TXN-01847,SYN-ACC-100096,SYN-ACC-100032,UPI,6796,2026-07-05 17:04:18,HDFC Bank,9000000374.0,New account high value,Financial
TXN-01848,EXT-ACC-275012,SYN-ACC-100008,UPI,85186,2026-04-19 14:44:17,Canara Bank,9000000194,Round-number transaction,Financial
TXN-01849,EXT-ACC-210082,SYN-ACC-100083,RTGS,14166,2025-03-18 19:17:30,UCO Bank,NULL,Unusual hours transfer,Financial
TXN-01850,EXT-ACC-287509,SYN-ACC-100098,UPI,68319,2025-12-16 07:55:10,HDFC Bank,9000000297.0,None,Financial
TXN-01851,EXT-ACC-270256,SYN-ACC-100051,Cheque,1766172,2025-04-28 17:19:57,Axis Bank,NULL,New account high value,Financial
TXN-01852,SYN-ACC-100077,SYN-ACC-100098,UPI,64443,2025-12-18 09:43:04,Kotak Bank,9000000065,Multiple small transfers (structuring),Financial
TXN-01853,SYN-ACC-100068,EXT-ACC-331524,UPI,23000,2025-04-10 10:12:13,Indian Bank,9000000294,Unusual hours transfer,Financial
TXN-01854,SYN-ACC-100054,EXT-ACC-395053,NEFT,4116,2026-01-15 05:07:13,ICICI Bank,9000000154.0,Round-number transaction,Financial
TXN-01855,SYN-ACC-100054,SYN-ACC-100065,Cash Deposit,5000,2025-05-08 12:59:43,UCO Bank,9000000304.0,Round-number transaction,Financial
TXN-01856,EXT-ACC-247250,SYN-ACC-100065,Cash Deposit,1000,2025-10-26 01:14:51,UCO Bank,9000000297.0,Unusual hours transfer,Financial
TXN-01857,SYN-ACC-100066,EXT-ACC-384259,NEFT,102781,2026-08-12 16:54:23,Indian Bank,9000000425,None,Financial
TXN-01858,SYN-ACC-100081,SYN-ACC-100083,RTGS,14562,2026-03-02 07:30:08,ICICI Bank,9000000453,None,Financial
TXN-01859,EXT-ACC-244993,SYN-ACC-100077,UPI,718509,2026-06-15 18:29:34,HDFC Bank,NULL,None,Financial
TXN-01860,SYN-ACC-100043,SYN-ACC-100027,NEFT,4000,2025-10-08 13:12:14,HDFC Bank,9000000413,Cross-state transfer,Financial
TXN-01861,SYN-ACC-100020,SYN-ACC-100083,UPI,135059,2025-12-29 09:14:51,South Indian Bank,NULL,New account high value,Financial
TXN-01862,SYN-ACC-100027,SYN-ACC-100095,NEFT,2052,2025-02-10 05:00:59,Federal Bank,NULL,Multiple small transfers (structuring),Financial
TXN-01863,EXT-ACC-270243,SYN-ACC-100095,UPI,100000,2025-02-20 10:15:03,HDFC Bank,9000000055,None,Financial
TXN-01864,SYN-ACC-100069,EXT-ACC-301937,NEFT,135000,2026-04-23 19:01:50,Karnataka Bank,9000000337,Round-number transaction,Financial
TXN-01865,SYN-ACC-100012,SYN-ACC-100061,IMPS,14651,2026-03-26 02:10:08,Karnataka Bank,9000000249,New account high value,Financial
TXN-01866,EXT-ACC-223488,EXT-ACC-325713,UPI,4000,2025-05-24 17:00:47,Federal Bank,9000000328.0,None,Financial
TXN-01867,EXT-ACC-243927,EXT-ACC-302472,IMPS,440000,2026-07-30 11:23:07,Canara Bank,9000000012,Multiple small transfers (structuring),Financial
TXN-01868,SYN-ACC-100070,SYN-ACC-100054,UPI,52000,2025-11-09 02:00:28,Axis Bank,NULL,Cross-state transfer,Financial
TXN-01869,SYN-ACC-100033,EXT-ACC-336421,UPI,636765,2026-04-02 00:27:10,Indian Bank,9000000011,Round-number transaction,Financial
TXN-01870,EXT-ACC-212531,EXT-ACC-396883,RTGS,2000,2025-06-11 08:27:09,HDFC Bank,9000000006,Cross-state transfer,Financial
TXN-01871,SYN-ACC-100026,SYN-ACC-100057,NEFT,394830,2025-05-03 23:22:14,UCO Bank,9000000023,New account high value,Financial
TXN-01872,SYN-ACC-100008,SYN-ACC-100025,NEFT,13675,2025-12-10 20:52:11,Axis Bank,NULL,Unusual hours transfer,Financial
TXN-01873,SYN-ACC-100026,SYN-ACC-100078,Cash Deposit,669082,2025-12-19 11:45:47,Karnataka Bank,9000000192,Unusual hours transfer,Financial
TXN-01874,SYN-ACC-100069,SYN-ACC-100056,UPI,13000,2026-06-19 15:55:14,Indian Bank,NULL,Rapid in-out movement,Financial
TXN-01875,SYN-ACC-100054,SYN-ACC-100043,Cheque,4535,2026-02-01 19:48:38,SBI,9000000118,Rapid in-out movement,Financial
TXN-01876,SYN-ACC-100068,SYN-ACC-100089,RTGS,5227,2026-08-27 20:48:21,HDFC Bank,NULL,Rapid in-out movement,Financial
TXN-01877,EXT-ACC-244310,SYN-ACC-100006,IMPS,416930,2026-08-18 20:53:45,South Indian Bank,9000000031,Rapid in-out movement,Financial
TXN-01878,SYN-ACC-100043,EXT-ACC-350889,NEFT,93000,2026-01-04 19:18:22,Canara Bank,9000000338,None,Financial
TXN-01879,SYN-ACC-100026,SYN-ACC-100099,UPI,11302,2026-03-03 01:19:02,ICICI Bank,9000000093.0,Cross-state transfer,Financial
TXN-01880,SYN-ACC-100090,SYN-ACC-100016,UPI,10967,2026-04-18 13:44:35,Federal Bank,NULL,Rapid in-out movement,Financial
TXN-01881,EXT-ACC-288317,EXT-ACC-310918,UPI,1230598,2026-06-24 12:59:40,Kotak Bank,9000000021,Multiple small transfers (structuring),Financial
TXN-01882,SYN-ACC-100034,SYN-ACC-100054,IMPS,16067,2025-08-01 17:18:03,Federal Bank,9000000055,None,Financial
TXN-01883,SYN-ACC-100043,SYN-ACC-100045,UPI,2506,2025-11-06 07:34:49,UCO Bank,9000000313,Rapid in-out movement,Financial
TXN-01884,SYN-ACC-100020,EXT-ACC-382946,UPI,92736,2025-11-11 22:18:45,UCO Bank,NULL,Cross-state transfer,Financial
TXN-01885,SYN-ACC-100040,SYN-ACC-100047,RTGS,4026,2026-03-21 19:06:30,HDFC Bank,9000000222,Round-number transaction,Financial
TXN-01886,SYN-ACC-100061,EXT-ACC-350235,IMPS,38182,2025-12-17 16:31:46,Karnataka Bank,9000000422,None,Financial
TXN-01887,SYN-ACC-100059,SYN-ACC-100063,Cash Withdrawal,6232,2026-03-20 16:17:52,SBI,9000000366.0,Cross-state transfer,Financial
TXN-01888,SYN-ACC-100006,EXT-ACC-310656,UPI,4954,2026-06-02 04:58:08,Axis Bank,NULL,None,Financial
TXN-01889,EXT-ACC-235865,SYN-ACC-100087,UPI,85000,2025-02-18 05:11:12,Canara Bank,NULL,None,Financial
TXN-01890,SYN-ACC-100078,EXT-ACC-371356,UPI,5135,2026-07-06 18:23:28,South Indian Bank,9000000333.0,Rapid in-out movement,Financial
TXN-01891,EXT-ACC-221174,EXT-ACC-305066,UPI,124375,2025-04-03 11:37:28,Axis Bank,NULL,Multiple small transfers (structuring),Financial
TXN-01892,EXT-ACC-209483,EXT-ACC-378934,UPI,2498,2026-08-21 20:24:10,UCO Bank,9000000235,Unusual hours transfer,Financial
TXN-01893,SYN-ACC-100086,EXT-ACC-327463,UPI,1505,2026-03-16 05:12:15,Karnataka Bank,9000000205,Round-number transaction,Financial
TXN-01894,SYN-ACC-100016,SYN-ACC-100065,NEFT,331216,2025-04-01 02:30:39,UCO Bank,NULL,New account high value,Financial
TXN-01895,SYN-ACC-100020,SYN-ACC-100002,Cash Withdrawal,16000,2026-02-09 11:34:04,Federal Bank,NULL,Multiple small transfers (structuring),Financial
TXN-01896,SYN-ACC-100074,EXT-ACC-339200,UPI,1612000,2026-04-17 21:57:45,UCO Bank,NULL,None,Financial
TXN-01897,EXT-ACC-248300,SYN-ACC-100008,NEFT,77612,2025-03-03 21:32:58,SBI,NULL,Multiple small transfers (structuring),Financial
TXN-01898,EXT-ACC-249669,SYN-ACC-100006,UPI,3000,2025-08-09 13:22:38,SBI,9000000041,Round-number transaction,Financial
TXN-01899,SYN-ACC-100078,SYN-ACC-100076,IMPS,7160,2025-09-25 11:58:09,ICICI Bank,9000000155.0,Rapid in-out movement,Financial
TXN-01900,SYN-ACC-100065,SYN-ACC-100002,NEFT,14000,2026-07-04 14:22:20,Kotak Bank,9000000367,None,Financial
TXN-01901,SYN-ACC-100043,SYN-ACC-100089,UPI,72910,2025-01-24 18:54:03,ICICI Bank,9000000247.0,None,Financial
TXN-01902,SYN-ACC-100059,EXT-ACC-352676,UPI,8771,2025-04-24 03:00:40,Indian Bank,9000000465.0,Cross-state transfer,Financial
TXN-01903,SYN-ACC-100051,SYN-ACC-100082,NEFT,869,2025-03-06 11:17:24,HDFC Bank,NULL,None,Financial
TXN-01904,SYN-ACC-100084,EXT-ACC-349554,NEFT,1032858,2025-07-22 11:22:18,SBI,NULL,Multiple small transfers (structuring),Financial
TXN-01905,EXT-ACC-200449,EXT-ACC-353982,NEFT,86289,2026-08-14 01:45:54,Canara Bank,9000000380.0,Rapid in-out movement,Financial
TXN-01906,SYN-ACC-100060,SYN-ACC-100077,UPI,1533000,2025-06-28 03:44:17,Indian Bank,9000000331,Rapid in-out movement,Financial
TXN-01907,SYN-ACC-100074,SYN-ACC-100055,NEFT,10428,2025-08-19 19:28:06,SBI,9000000376.0,Multiple small transfers (structuring),Financial
TXN-01908,SYN-ACC-100001,EXT-ACC-329907,NEFT,45268,2025-09-27 13:05:40,Karnataka Bank,9000000213,Cross-state transfer,Financial
TXN-01909,SYN-ACC-100080,SYN-ACC-100002,IMPS,49407,2025-01-06 22:42:51,Axis Bank,9000000068.0,None,Financial
TXN-01910,SYN-ACC-100049,EXT-ACC-378485,IMPS,23000,2026-02-24 18:42:25,SBI,NULL,Multiple small transfers (structuring),Financial
TXN-01911,EXT-ACC-213412,SYN-ACC-100043,IMPS,5000,2025-09-16 14:00:37,Indian Bank,NULL,None,Financial
TXN-01912,SYN-ACC-100051,SYN-ACC-100016,IMPS,14979,2026-03-04 15:58:40,SBI,9000000135.0,None,Financial
TXN-01913,EXT-ACC-229264,SYN-ACC-100084,UPI,1322823,2025-01-20 08:52:06,Karnataka Bank,NULL,None,Financial
TXN-01914,EXT-ACC-287508,SYN-ACC-100084,IMPS,131558,2025-07-06 01:33:01,Axis Bank,9000000447,New account high value,Financial
TXN-01915,SYN-ACC-100053,EXT-ACC-348769,RTGS,13000,2026-08-13 23:14:01,HDFC Bank,9000000484,None,Financial
TXN-01916,SYN-ACC-100069,EXT-ACC-347092,Cash Withdrawal,128000,2025-02-21 18:57:37,SBI,9000000092,Cross-state transfer,Financial
TXN-01917,EXT-ACC-248661,SYN-ACC-100078,NEFT,7000,2025-06-22 22:52:58,Axis Bank,9000000138,Unusual hours transfer,Financial
TXN-01918,SYN-ACC-100002,SYN-ACC-100027,UPI,7028,2025-05-05 20:12:21,Karnataka Bank,9000000445,Cross-state transfer,Financial
TXN-01919,EXT-ACC-265391,EXT-ACC-323638,UPI,169190,2026-06-09 12:43:49,Indian Bank,9000000001,Unusual hours transfer,Financial
TXN-01920,SYN-ACC-100025,SYN-ACC-100063,UPI,96000,2025-09-15 02:10:32,ICICI Bank,9000000445,None,Financial
TXN-01921,SYN-ACC-100074,SYN-ACC-100008,Cash Withdrawal,956000,2026-01-23 13:48:07,South Indian Bank,NULL,Round-number transaction,Financial
TXN-01922,SYN-ACC-100054,EXT-ACC-327904,UPI,13522,2026-04-11 20:46:47,HDFC Bank,9000000022,Unusual hours transfer,Financial
TXN-01923,EXT-ACC-218258,SYN-ACC-100084,UPI,443227,2025-11-01 17:11:17,Indian Bank,NULL,None,Financial
TXN-01924,SYN-ACC-100075,SYN-ACC-100053,RTGS,21932,2025-11-13 08:04:47,Kotak Bank,9000000011,Round-number transaction,Financial
TXN-01925,SYN-ACC-100043,SYN-ACC-100034,Cash Deposit,118866,2025-04-09 00:34:26,ICICI Bank,NULL,Round-number transaction,Financial
TXN-01926,SYN-ACC-100038,SYN-ACC-100080,Cash Deposit,3000,2025-03-15 23:01:23,Karnataka Bank,9000000033.0,Round-number transaction,Financial
TXN-01927,SYN-ACC-100069,SYN-ACC-100062,RTGS,11000,2026-07-05 11:44:38,South Indian Bank,9000000064.0,Round-number transaction,Financial
TXN-01928,EXT-ACC-249358,EXT-ACC-388737,UPI,8923,2025-10-02 21:07:29,South Indian Bank,9000000296,None,Financial
TXN-01929,EXT-ACC-218694,SYN-ACC-100008,IMPS,72000,2025-07-02 00:16:49,Canara Bank,NULL,None,Financial
TXN-01930,SYN-ACC-100080,EXT-ACC-337337,UPI,12524,2025-07-10 08:18:09,Kotak Bank,9000000350.0,Rapid in-out movement,Financial
TXN-01931,SYN-ACC-100069,EXT-ACC-310522,IMPS,1047389,2026-07-07 15:17:30,Axis Bank,9000000359,Rapid in-out movement,Financial
TXN-01932,SYN-ACC-100080,SYN-ACC-100082,RTGS,99189,2025-02-12 16:13:53,Axis Bank,9000000407.0,Round-number transaction,Financial
TXN-01933,SYN-ACC-100033,SYN-ACC-100016,Cash Withdrawal,10808,2026-05-07 08:43:31,Axis Bank,9000000021,New account high value,Financial
TXN-01934,SYN-ACC-100016,SYN-ACC-100054,UPI,89576,2025-10-13 13:11:58,Axis Bank,9000000405.0,Round-number transaction,Financial
TXN-01935,SYN-ACC-100026,SYN-ACC-100099,UPI,79398,2026-02-22 18:41:52,South Indian Bank,NULL,Rapid in-out movement,Financial
TXN-01936,EXT-ACC-209587,SYN-ACC-100007,UPI,146650,2025-10-23 03:30:58,South Indian Bank,9000000391,None,Financial
TXN-01937,EXT-ACC-213537,SYN-ACC-100016,Cash Deposit,6111,2025-09-22 17:28:46,UCO Bank,NULL,Multiple small transfers (structuring),Financial
TXN-01938,EXT-ACC-287464,EXT-ACC-350834,Cash Deposit,7511,2025-05-23 21:48:20,Axis Bank,9000000294,New account high value,Financial
TXN-01939,SYN-ACC-100002,SYN-ACC-100008,Cash Withdrawal,13734,2026-01-15 19:47:14,ICICI Bank,9000000213,None,Financial
TXN-01940,EXT-ACC-234102,SYN-ACC-100072,RTGS,5065,2026-03-25 18:09:30,HDFC Bank,9000000495,New account high value,Financial
TXN-01941,SYN-ACC-100027,SYN-ACC-100033,RTGS,9246,2025-03-27 07:53:06,Indian Bank,NULL,Multiple small transfers (structuring),Financial
TXN-01942,EXT-ACC-298394,SYN-ACC-100058,NEFT,75665,2026-06-30 09:05:14,SBI,9000000066,Cross-state transfer,Financial
TXN-01943,SYN-ACC-100055,EXT-ACC-309561,UPI,7661,2026-05-26 02:34:48,ICICI Bank,NULL,Round-number transaction,Financial
TXN-01944,SYN-ACC-100048,SYN-ACC-100055,Cash Withdrawal,16640,2025-09-25 21:11:43,Kotak Bank,9000000132,Unusual hours transfer,Financial
TXN-01945,SYN-ACC-100051,SYN-ACC-100026,RTGS,39539,2026-03-08 11:16:52,Karnataka Bank,NULL,Rapid in-out movement,Financial
TXN-01946,SYN-ACC-100051,EXT-ACC-390887,UPI,85708,2026-07-12 12:09:37,Axis Bank,9000000098,Cross-state transfer,Financial
TXN-01947,SYN-ACC-100073,EXT-ACC-368186,NEFT,1603,2026-09-09 13:02:41,Indian Bank,9000000354.0,None,Financial
TXN-01948,EXT-ACC-238296,SYN-ACC-100037,NEFT,14748,2025-06-08 21:53:07,UCO Bank,9000000198.0,None,Financial
TXN-01949,SYN-ACC-100027,EXT-ACC-321808,Cash Withdrawal,121292,2026-07-29 19:49:59,Karnataka Bank,9000000390,Rapid in-out movement,Financial
TXN-01950,SYN-ACC-100013,EXT-ACC-356998,Cash Deposit,21299,2025-10-15 18:05:31,Axis Bank,9000000375.0,Multiple small transfers (structuring),Financial
TXN-01951,SYN-ACC-100026,SYN-ACC-100057,Cash Deposit,601201,2026-05-23 06:21:56,SBI,9000000433.0,Cross-state transfer,Financial
TXN-01952,SYN-ACC-100043,EXT-ACC-392862,RTGS,27790,2026-02-11 22:37:34,Federal Bank,9000000187.0,Multiple small transfers (structuring),Financial
TXN-01953,SYN-ACC-100054,SYN-ACC-100059,NEFT,34884,2025-09-14 10:51:57,UCO Bank,9000000013.0,New account high value,Financial
TXN-01954,SYN-ACC-100065,SYN-ACC-100072,UPI,18000,2025-11-10 06:21:10,Federal Bank,NULL,Multiple small transfers (structuring),Financial
TXN-01955,SYN-ACC-100047,SYN-ACC-100078,Cheque,55572,2026-09-06 20:26:34,Karnataka Bank,9000000228,None,Financial
TXN-01956,SYN-ACC-100026,EXT-ACC-357138,UPI,6877,2026-09-13 11:19:44,Federal Bank,NULL,Unusual hours transfer,Financial
TXN-01957,SYN-ACC-100020,SYN-ACC-100006,IMPS,4000,2025-02-21 00:13:52,Kotak Bank,NULL,Multiple small transfers (structuring),Financial
TXN-01958,SYN-ACC-100068,SYN-ACC-100026,NEFT,106168,2025-12-08 13:11:30,Indian Bank,9000000393.0,New account high value,Financial
TXN-01959,EXT-ACC-275825,EXT-ACC-399756,NEFT,6855,2025-04-21 07:33:41,Canara Bank,9000000226,None,Financial
TXN-01960,SYN-ACC-100078,EXT-ACC-370703,Cash Deposit,1047072,2026-04-15 17:24:02,UCO Bank,9000000050.0,Unusual hours transfer,Financial
TXN-01961,SYN-ACC-100075,EXT-ACC-323431,NEFT,10207,2026-05-18 19:27:35,UCO Bank,9000000138,None,Financial
TXN-01962,SYN-ACC-100077,SYN-ACC-100065,Cash Deposit,5412,2025-07-05 06:57:12,SBI,NULL,None,Financial
TXN-01963,EXT-ACC-201003,SYN-ACC-100021,NEFT,1917000,2025-12-21 17:07:54,UCO Bank,9000000375.0,Rapid in-out movement,Financial
TXN-01964,EXT-ACC-262274,SYN-ACC-100064,Cash Withdrawal,14898,2025-08-16 04:23:52,Indian Bank,9000000071.0,None,Financial
TXN-01965,SYN-ACC-100072,SYN-ACC-100027,RTGS,2000,2025-02-07 07:42:57,Indian Bank,9000000134.0,New account high value,Financial
TXN-01966,SYN-ACC-100005,EXT-ACC-306793,UPI,132188,2025-03-14 23:05:15,South Indian Bank,NULL,None,Financial
TXN-01967,EXT-ACC-215769,EXT-ACC-376357,RTGS,6476,2025-12-04 11:42:48,ICICI Bank,NULL,None,Financial
TXN-01968,EXT-ACC-253309,SYN-ACC-100071,IMPS,14503,2025-08-12 08:43:54,HDFC Bank,9000000262.0,Round-number transaction,Financial
TXN-01969,EXT-ACC-236903,EXT-ACC-388403,NEFT,66453,2026-04-30 18:52:07,UCO Bank,NULL,Rapid in-out movement,Financial
TXN-01970,SYN-ACC-100035,SYN-ACC-100007,Cheque,135000,2026-06-23 11:39:56,HDFC Bank,9000000378,None,Financial
TXN-01971,SYN-ACC-100033,SYN-ACC-100061,UPI,839000,2026-06-30 08:04:27,Canara Bank,9000000445,None,Financial
TXN-01972,SYN-ACC-100027,SYN-ACC-100002,UPI,69772,2025-12-31 01:41:33,ICICI Bank,9000000322.0,Rapid in-out movement,Financial
TXN-01973,SYN-ACC-100067,SYN-ACC-100043,RTGS,9846,2026-03-19 20:04:30,Canara Bank,NULL,New account high value,Financial
TXN-01974,SYN-ACC-100094,SYN-ACC-100081,IMPS,3000,2025-06-11 07:13:12,Canara Bank,NULL,None,Financial
TXN-01975,EXT-ACC-286166,SYN-ACC-100057,IMPS,6936,2025-07-24 22:53:11,South Indian Bank,NULL,None,Financial
TXN-01976,SYN-ACC-100027,EXT-ACC-390335,Cash Withdrawal,52000,2025-10-31 19:03:38,Karnataka Bank,9000000218,None,Financial
TXN-01977,EXT-ACC-241894,SYN-ACC-100027,IMPS,14000,2025-03-30 23:12:36,Axis Bank,NULL,Cross-state transfer,Financial
TXN-01978,EXT-ACC-291235,EXT-ACC-330732,UPI,11238,2025-10-24 05:36:50,South Indian Bank,9000000129.0,Multiple small transfers (structuring),Financial
TXN-01979,SYN-ACC-100054,EXT-ACC-377245,UPI,77000,2025-12-11 08:57:54,Federal Bank,9000000208,Unusual hours transfer,Financial
TXN-01980,SYN-ACC-100078,SYN-ACC-100068,UPI,88000,2026-02-27 08:19:49,South Indian Bank,NULL,None,Financial
TXN-01981,SYN-ACC-100084,EXT-ACC-392573,UPI,7000,2026-08-22 07:42:06,Axis Bank,9000000063,Multiple small transfers (structuring),Financial
TXN-01982,SYN-ACC-100002,SYN-ACC-100072,UPI,1746001,2026-08-29 16:42:29,Kotak Bank,NULL,Unusual hours transfer,Financial
TXN-01983,EXT-ACC-245545,EXT-ACC-328873,UPI,38000,2025-09-28 23:03:49,Karnataka Bank,9000000340,None,Financial
TXN-01984,EXT-ACC-232048,SYN-ACC-100071,NEFT,7837,2025-08-14 10:01:00,Indian Bank,9000000066,Round-number transaction,Financial
TXN-01985,SYN-ACC-100076,SYN-ACC-100068,IMPS,971,2025-03-22 15:49:34,Axis Bank,NULL,None,Financial
TXN-01986,EXT-ACC-266727,SYN-ACC-100089,Cash Withdrawal,71819,2025-07-03 10:51:16,Axis Bank,9000000222,Multiple small transfers (structuring),Financial
TXN-01987,EXT-ACC-251971,EXT-ACC-383870,UPI,510496,2025-05-23 23:24:54,Axis Bank,9000000098,None,Financial
TXN-01988,EXT-ACC-267486,SYN-ACC-100098,UPI,37447,2025-09-10 07:54:57,Indian Bank,9000000135.0,None,Financial
TXN-01989,EXT-ACC-279848,SYN-ACC-100008,RTGS,43000,2025-09-23 04:07:38,South Indian Bank,9000000321,Unusual hours transfer,Financial
TXN-01990,EXT-ACC-249831,SYN-ACC-100016,UPI,21459,2025-02-26 06:22:35,HDFC Bank,9000000385,Round-number transaction,Financial
TXN-01991,EXT-ACC-243209,SYN-ACC-100006,RTGS,441662,2025-10-01 18:41:45,Axis Bank,9000000376.0,None,Financial
TXN-01992,SYN-ACC-100033,EXT-ACC-368889,NEFT,11173,2025-02-03 20:31:06,SBI,9000000494,New account high value,Financial
TXN-01993,SYN-ACC-100072,SYN-ACC-100020,NEFT,28053,2026-05-15 02:11:41,SBI,NULL,Multiple small transfers (structuring),Financial
TXN-01994,SYN-ACC-100055,SYN-ACC-100027,RTGS,11000,2025-08-02 18:47:25,Indian Bank,9000000308,None,Financial
TXN-01995,SYN-ACC-100002,SYN-ACC-100084,UPI,46213,2025-01-13 04:14:45,Axis Bank,9000000038.0,Multiple small transfers (structuring),Financial
TXN-01996,SYN-ACC-100026,EXT-ACC-334298,IMPS,1515683,2025-04-18 21:08:59,HDFC Bank,9000000420,Cross-state transfer,Financial
TXN-01997,EXT-ACC-296308,SYN-ACC-100068,IMPS,14985,2025-03-13 11:24:31,Karnataka Bank,NULL,New account high value,Financial
TXN-01998,EXT-ACC-248166,EXT-ACC-388904,IMPS,1314,2026-02-26 13:35:46,Kotak Bank,NULL,New account high value,Financial
TXN-01999,SYN-ACC-100013,SYN-ACC-100077,UPI,124795,2026-02-04 07:46:02,UCO Bank,9000000441,Rapid in-out movement,Financial
TXN-02000,SYN-ACC-100055,EXT-ACC-346291,IMPS,1471000,2025-11-20 11:57:12,Kotak Bank,9000000210,Unusual hours transfer,Financial
