FIR_ID,FIR_Title,FIR_Description,FIR_Category,Crime_Type,Complaint_Type,FIR_Date,Incident_Date,Incident_Time,Incident_Time_Period,Incident_Location,District,State,Police_Station,Complainant_Name,Complainant_Mobile,Victim_Name,Victim_Mobile,Suspect_Name,Suspect_Mobile,Associate_Name,Associate_Mobile,Vehicle_Number,Vehicle_Type,Account_Number,Evidence_Mentioned,Witness_Name,Witness_Mobile,Modus_Operandi,Status,Investigating_Officer,Related_FIR_ID,Source_Type,Keywords
FIR-2026-00001,Highway Incident Report,"According to the complaint registered on 2025-01-02, a transport worker was allegedly waylaid near Sindhu Puram Industrial Area and cash of about Rs. 50,000 was taken from the complainant. The incident is stated to have occurred on 2025-01-02 at roughly 00:05. The online submission was made by Lavanya Ammal (9000000175). The identity of the person involved remains unknown at this stage. No independent witness was identified at the time of registration. Items referenced in the complaint: photographs and CCTV footage.",Robbery,Highway Robbery,Online,02-01-2025,02-01-2025,00:05,Night,Sindhu Puram Industrial Area,Salem,Tamil Nadu,Salem Town PS,Lavanya Ammal,9000000175,Lavanya Ammal,9000000175,Unknown,NULL,NULL,NULL,NULL,None,NULL,Photograph; CCTV footage,Unknown,NULL,Vehicle allegedly forced to stop on a lonely stretch before valuables were taken.,Pending Verification,IO-SLM-002,NULL,Complaint,"highway robbery, roadside, photograph, industrial area, CCTV, night"
FIR-2026-00002,Property Damage Complaint,"It was alleged that the complainant found that the main gate near Roja Park Main Street in Coimbatore had been damaged overnight, causing a loss of roughly Rs. 3,00,000. The matter was brought to Coimbatore North PS on 2025-01-05, while the incident was placed on 2025-01-02 at about 19:40. Inban Selvam approached Coimbatore North PS to report the matter and can be reached on 9000000182. Dinesh Prakash (mobile 9000000068) was named as a possible person of interest. No independent witness was identified at the time of registration. Items referenced in the complaint: photographs.",Property Crime,Property Damage,Oral,05-01-2025,02-01-2025,19:40,Evening,Roja Park Main Street,Coimbatore,Tamil Nadu,Coimbatore North PS,Inban Selvam,9000000182,Inban Selvam,9000000182,Dinesh Prakash,9000000068,NULL,NULL,NULL,None,NULL,Photograph,Unknown,NULL,Property allegedly damaged following a local dispute.,Open,IO-CBE-001,NULL,Complaint,"property damage, vandalism, main street, photograph, evening, mobile number, suspect"
FIR-2026-00003,Smartphone Theft Complaint,"As per the FIR recorded on 2025-01-05, an older model smartphone of the complainant went missing after a brief push in a crowded stretch at Amudham Garden Market Road. The time of the incident was given as 10:45 on 2025-01-05. Thirumal Babu reported the matter orally at Salem East PS; the contact number given was 9000000321. Vignesh Subramani (mobile 9000000487) was named as a possible person of interest. The complainant noted the registration number TN-47-ZZ-1038 of a maroon motorcycle. Meena Sekar (9000000196) noticed the incident and may be able to provide a statement. Items referenced in the complaint: CCTV footage and a call detail reference.",Theft,Mobile Theft,Oral,05-01-2025,05-01-2025,10:45,Morning,Amudham Garden Market Road,Salem,Tamil Nadu,Salem East PS,Thirumal Babu,9000000321,Thirumal Babu,9000000321,Vignesh Subramani,9000000487,NULL,NULL,TN-47-ZZ-1038,Motorcycle,NULL,CCTV footage; Call detail reference,Meena Sekar,9000000196,Suspect allegedly approached from behind and took the phone before leaving the spot.,Under Investigation,IO-SLM-003,NULL,FIR,"mobile theft, smartphone, witness, mobile number, morning, motorcycle, call detail, CCTV"
FIR-2026-00004,Suspicious Transaction Complaint,"On 2025-01-07 around 13:45 hrs, it was reported that the complainant noticed that Rs. 3,50,000 had been withdrawn through multiple online transactions in a short interval. The complainant, Babu Rajan, provided the contact number 9000000365. Transaction details refer to the receiving account SYN-ACC-100055. A further person, Lokesh Karuppasamy, a driver, using the number 9000000097, is stated to be associated with the incident. The complainant could not identify the person involved. The complainant mentioned transaction records.",Financial Fraud,Bank Transaction Fraud,Written,09-01-2025,07-01-2025,13:45,Afternoon,Sevvanthi Park Shopping Complex,Tiruppur,Tamil Nadu,Tiruppur Central PS,Babu Rajan,9000000365,Babu Rajan,9000000365,Unknown,NULL,Lokesh Karuppasamy,9000000097,NULL,None,SYN-ACC-100055,Transaction record,Unknown,NULL,Victim reported unauthorised debits after sharing details during a call.,Closed,IO-TUP-001,NULL,FIR,"bank fraud, unauthorised transaction, associate, shopping complex, afternoon, receiving account, transaction record"
FIR-2026-00005,Damage to Property Report,"On 2025-01-09 at approximately 00:35, it was reported that a water tank of the complainant was damaged near Palar Park Industrial Area, with a repair estimate of about Rs. 1,50,000. Suspicion was reportedly directed towards Vasanth Gopal, using the number 9000000245. No independent witness was identified at the time of registration. Items referenced in the complaint: CCTV footage, photographs and physical documents.",Property Crime,Property Damage,Oral,09-01-2025,09-01-2025,00:35,Night,Palar Park Industrial Area,Madurai,Tamil Nadu,Madurai South PS,Deviga Murugan,9000000058,Deviga Murugan,9000000058,Vasanth Gopal,9000000245,NULL,NULL,NULL,None,NULL,CCTV footage; Photograph; Physical document,Unknown,NULL,Property allegedly damaged following a local dispute.,Pending Verification,IO-MDU-005,NULL,Preliminary Report,"property damage, vandalism, industrial area, CCTV, photograph, mobile number, night, suspect"
FIR-2026-00006,UPI Payment Fraud Complaint,"It was alleged that Rs. 7,500 was debited from the account of the complainant through UPI after a collect request from an unknown UPI ID was approved. The matter was brought to Chennai North PS on 2025-01-10, while the incident was placed on 2025-01-10 at roughly 19:20. The complainant, Meena Ammal, provided the contact number 9000000431. The complainant mentioned the account SYN-ACC-100070 as the destination of the transfer. Ramya Bai (9000000232) noticed the incident and may be able to provide a statement. The complainant alleged that Thirumal Palanisamy may be involved and provided the mobile number 9000000135. The complainant mentioned a bank transaction reference.",Cybercrime,UPI Fraud,Written,10-01-2025,10-01-2025,19:20,Evening,Nallur Park Main Street,Chennai,Tamil Nadu,Chennai North PS,Meena Ammal,9000000431,Meena Ammal,9000000431,Thirumal Palanisamy,9000000135,NULL,NULL,NULL,None,SYN-ACC-100070,Bank transaction reference,Ramya Bai,9000000232,Victim was allegedly induced to approve a collect request on a UPI app.,Pending Verification,IO-CHN-003,NULL,FIR,"UPI fraud, online payment, suspect, evening, main street, mobile number, receiving account, bank reference"
FIR-2026-00007,Job Offer Cheating Complaint,"A online complaint dated 2025-01-12 states that the complainant paid Rs. 2,50,000 to a person who promised a job placement, but no appointment order was provided and calls went unanswered, on 2025-01-10 around 09:15 hrs. Transaction details refer to the receiving account SYN-ACC-100069. The complaint refers to Sanjay Mani, an intermediary, reachable on 9000000120. Tamilarasan Velan (9000000281) was mentioned as a person who was present nearby. Suspicion was reportedly directed towards Dinesh Subramani, using the number 9000000212. The complainant mentioned a bank transaction reference.",Cheating,Job Offer Cheating,Online,12-01-2025,10-01-2025,09:15,Morning,Mullai Park Shopping Complex,Chennai,Tamil Nadu,Chennai South PS,Ajith Velan,9000000022,Ajith Velan,9000000022,Dinesh Subramani,9000000212,Sanjay Mani,9000000120,NULL,None,SYN-ACC-100069,Bank transaction reference,Tamilarasan Velan,9000000281,Victim allegedly paid a fee for a job that was never provided.,Under Investigation,IO-CHN-005,NULL,Complaint,"job fraud, cheating, suspect, mobile number, morning, receiving account, bank reference, shopping complex"
FIR-2026-00008,Auto Rickshaw Theft Complaint,"It was alleged that the complainant reported that a yellow auto bearing registration number TN-38-YY-1073 was missing from the stand near Kalai Layout Parking Area in Tiruppur. The matter was brought to Tiruppur South PS on 2025-01-16, while the incident was placed on 2025-01-15 at approximately 21:50. Hemanth Murugan reported the matter orally at Tiruppur South PS; the contact number given was 9000000301. Suspicion was reportedly directed towards Madhan Palanisamy, using the number 9000000295. The complainant mentioned CCTV footage and a vehicle observation.",Vehicle Theft,Auto Theft,Oral,16-01-2025,15-01-2025,21:50,Night,Kalai Layout Parking Area,Tiruppur,Tamil Nadu,Tiruppur South PS,Hemanth Murugan,9000000301,Hemanth Murugan,9000000301,Madhan Palanisamy,9000000295,NULL,NULL,TN-38-YY-1073,Auto,NULL,CCTV footage; Vehicle observation,Unknown,NULL,Auto reportedly taken from an unattended stand during the night.,Under Investigation,IO-TUP-005,NULL,Preliminary Report,"auto theft, vehicle, night, CCTV, vehicle observation, parking area, mobile number, auto"
FIR-2026-00009,Neighbour Harassment Complaint,"According to the complaint registered on 2025-01-17, the complainant reported repeated harassment by a neighbour over a minor road collision near Amudham Puram Apartment Complex. The incident is stated to have occurred on 2025-01-17 at about 11:20. Yogesh Raj submitted the complaint online using the mobile number 9000000359. Vignesh Subramani (mobile 9000000487) was named as a possible person of interest. Records suggest a possible link with FIR-2026-00003, as the mobile number 9000000487 is associated with a suspect in both entries.",Harassment,Neighbour Harassment,Online,17-01-2025,17-01-2025,11:20,Morning,Amudham Puram Apartment Complex,Madurai,Tamil Nadu,Madurai Central PS,Yogesh Raj,9000000359,Yogesh Raj,9000000359,Vignesh Subramani,9000000487,NULL,NULL,NULL,None,NULL,CCTV footage; Photograph,Unknown,NULL,Access to the property reportedly obstructed repeatedly.,Closed,IO-MDU-001,FIR-2026-00003,Complaint,"harassment, neighbour dispute, apartment complex, morning, suspect, mobile number, CCTV, photograph"
FIR-2026-00010,Goods Vehicle Theft Report,"On 2025-01-21 at about 21:20, it was reported that a green truck bearing registration number TN-38-XX-1054 belonging to the complainant was taken from Mullai Puram Parking Area in Thanjavur. The complaint was lodged by Vidhya Krishnan (9000000069). Ganesh Shankar (9000000155), described as a co-worker, was also mentioned in the complaint. The complaint mentions Pandian Thangaraj, who was reportedly contacted on 9000000427, in connection with the events. Nithin Velan (9000000004) noticed the incident and may be able to provide a statement. Items referenced in the complaint: CCTV footage.",Vehicle Theft,Truck Theft,Oral,21-01-2025,21-01-2025,21:20,Night,Mullai Puram Parking Area,Thanjavur,Tamil Nadu,Thanjavur Town PS,Vidhya Krishnan,9000000069,Vidhya Krishnan,9000000069,Pandian Thangaraj,9000000427,Ganesh Shankar,9000000155,TN-38-XX-1054,Truck,NULL,CCTV footage,Nithin Velan,9000000004,Vehicle allegedly driven away from an industrial parking space at night.,Closed,IO-TNJ-002,NULL,Complaint,"truck theft, vehicle, truck, suspect, mobile number, parking area, CCTV, witness"
FIR-2026-00011,Suspicious Transaction Complaint,"On 2025-01-25 around 16:55 hrs, it was reported that a series of small debits adding up to Rs. 12,00,000 appeared in the statement of the complainant without any authorisation. Bhuvana Bai approached Coimbatore North PS to report the matter and can be reached on 9000000344. A person named Hariharan Subramani, associated with the number 9000000044, was mentioned as potentially relevant to the incident. The complainant mentioned the account SYN-ACC-100070 as the destination of the transfer. The complainant mentioned a bank transaction reference, physical documents and transaction records.",Financial Fraud,Bank Transaction Fraud,Oral,26-01-2025,25-01-2025,16:55,Afternoon,Roja Park Main Street,Coimbatore,Tamil Nadu,Coimbatore North PS,Bhuvana Bai,9000000344,Bhuvana Bai,9000000344,Hariharan Subramani,9000000044,NULL,NULL,NULL,None,SYN-ACC-100070,Bank transaction reference; Physical document; Transaction record,Unknown,NULL,Victim reported unauthorised debits after sharing details during a call.,Pending Verification,IO-CBE-001,NULL,Preliminary Report,"bank fraud, unauthorised transaction, mobile number, documents, suspect, receiving account, main street, afternoon"
FIR-2026-00012,Premises Occupation Dispute Report,"On 2025-01-28 around 11:05 hrs, it was reported that a rented premises near Kalai Park Main Street was allegedly occupied by a person after the lease ended, and the keys were not returned. Sanjay Raj reported the matter orally at Thanjavur East PS; the contact number given was 9000000083. A witness, Praveen Balan, reachable on 9000000446, was mentioned in the complaint. The complainant alleged that Selvam Rajan may be involved and provided the mobile number 9000000157. Potentially relevant material referenced includes photographs.",Property Crime,Illegal Occupation,Oral,29-01-2025,28-01-2025,11:05,Morning,Kalai Park Main Street,Thanjavur,Tamil Nadu,Thanjavur East PS,Sanjay Raj,9000000083,Sanjay Raj,9000000083,Selvam Rajan,9000000157,NULL,NULL,NULL,None,NULL,Photograph,Praveen Balan,9000000446,Premises allegedly occupied after the lease period ended.,Closed,IO-TNJ-004,NULL,FIR,"illegal occupation, lease dispute, photograph, mobile number, witness, main street, suspect, morning"
FIR-2026-00013,Forged Document Complaint,"As per the complaint recorded on 2025-01-31, a document allegedly prepared using forged details of the complainant was used to seek a payment of Rs. 5,00,000. The time of the incident was given as 17:10 on 2025-01-16. Suspicion was reportedly directed towards Prakash Palanisamy, using the number 9000000156. No independent witness was identified at the time of registration. Items referenced in the complaint: physical documents and digital documents.",Forgery,Forged Document,Written,31-01-2025,16-01-2025,17:10,Evening,Roja Park Main Street,Coimbatore,Tamil Nadu,Coimbatore North PS,Praveen Natarajan,9000000041,Praveen Natarajan,9000000041,Prakash Palanisamy,9000000156,NULL,NULL,NULL,None,NULL,Physical document; Digital document,Unknown,NULL,Document allegedly altered before submission.,Under Investigation,IO-CBE-002,NULL,Complaint,"forgery, forged document, evening, mobile number, main street, documents, digital document, suspect"
FIR-2026-00014,Missing Person Report,"According to the complaint registered on 2025-02-04, Nithya Rani, aged 41, could not be traced after leaving home for a visit to relatives; the last sighting was near Nallur Garden Residential Colony. The incident is stated to have occurred on 2025-02-04 at about 16:45. The complaint was lodged by Arun Prakash (9000000194), a family member of Nithya Rani. The family mentioned that Vignesh Natarajan (9000000177) was last known to be in contact with the missing person. A further person, Mathan Chandran, a business acquaintance, using the number 9000000343, is stated to be associated with the incident. Ezhilan Sundaram was mentioned as a person who was present nearby, but no contact number was available. Potentially relevant material referenced includes a witness statement, photographs and mobile phone records.",Missing Person,Missing Adult,Oral,04-02-2025,04-02-2025,16:45,Afternoon,Nallur Garden Residential Colony,Coimbatore,Tamil Nadu,Coimbatore North PS,Arun Prakash,9000000194,Nithya Rani,NULL,Vignesh Natarajan,9000000177,Mathan Chandran,9000000343,NULL,None,NULL,Witness statement; Photograph; Mobile phone record,Ezhilan Sundaram,NULL,Last known location noted near a public transport point.,Open,IO-CBE-001,NULL,Complaint,"missing person, adult, afternoon, suspect, associate, witness statement, photograph, residential colony"
FIR-2026-00015,Missing Adult Complaint,"A written complaint dated 2025-02-05 states that Senthil Rajan, aged 25, could not be traced after leaving home for a temple visit; the last sighting was near Nallur Colony College Road in Madurai, on 2025-02-05 at roughly 07:15. The complaint was lodged by Nandhini Sekar (9000000014), a family member of Senthil Rajan, whose last active mobile number is noted as 9000000019. No identifying details of the suspected person were available at the time of registration. Potentially relevant material referenced includes CCTV footage, photographs and social media screenshots.",Missing Person,Missing Adult,Written,05-02-2025,05-02-2025,07:15,Morning,Nallur Colony College Road,Madurai,Tamil Nadu,Madurai North PS,Nandhini Sekar,9000000014,Senthil Rajan,9000000019,Unknown,NULL,NULL,NULL,NULL,None,NULL,CCTV footage; Photograph; Social media screenshot,Unknown,NULL,Person reportedly left the residence and could not be contacted afterwards.,Closed,IO-MDU-004,NULL,FIR,"missing person, adult, morning, photograph, CCTV, college road"
FIR-2026-00016,Mobile Handset Theft Report,"A written complaint dated 2025-02-06 states that a dual-SIM handset was allegedly snatched from the hand of Naveen Balan at Amudham Nagar Main Street by a person who left quickly, on 2025-02-05 at about 06:10. Elango Balan (9000000036) reported the matter for Naveen Balan, whose contact number is given as 9000000277. Jeeva Natarajan (mobile 9000000002) was named as a possible person of interest. No independent witness was identified at the time of registration. The complainant mentioned a call detail reference and mobile phone records.",Theft,Mobile Theft,Written,06-02-2025,05-02-2025,06:10,Early Morning,Amudham Nagar Main Street,Madurai,Tamil Nadu,Madurai North PS,Elango Balan,9000000036,Naveen Balan,9000000277,Jeeva Natarajan,9000000002,NULL,NULL,NULL,None,NULL,Call detail reference; Mobile phone record,Unknown,NULL,Handset reportedly snatched while the victim was using it near the roadside.,Under Investigation,IO-MDU-004,NULL,FIR,"mobile theft, smartphone, mobile number, phone records, call detail, suspect, main street, early morning"
FIR-2026-00017,Suspicious Package Transport Complaint,"As per the preliminary report recorded on 2025-02-06, a resident near Kalai Nagar College Road in Tirunelveli noticed repeated night-time loading of unmarked packages, and suspected illegal transport. The time of the incident was given as 19:10 on 2025-02-06. Deepa Selvam reported the matter orally at Tirunelveli Junction PS; the contact number given was 9000000413. Prakash Muthu was mentioned as a person who was present nearby, but no contact number was available. A car bearing the number TN-33-XX-1072 was seen leaving the area. A person named Hariharan Palanisamy, associated with the number 9000000463, was mentioned as potentially relevant to the incident. The complainant mentioned CCTV footage.",Drug-Related,Suspected Narcotics Transport,Oral,06-02-2025,06-02-2025,19:10,Evening,Kalai Nagar College Road,Tirunelveli,Tamil Nadu,Tirunelveli Junction PS,Deepa Selvam,9000000413,Deepa Selvam,9000000413,Hariharan Palanisamy,9000000463,NULL,NULL,TN-33-XX-1072,Car,NULL,CCTV footage,Prakash Muthu,NULL,Repeated night-time loading of unmarked packages reportedly noticed by residents. A car was reportedly used to leave the area.,Closed,IO-TVL-003,NULL,Preliminary Report,"suspected narcotics, transport, suspect, car, witness, college road, mobile number, evening"
FIR-2026-00018,Local Chit Scheme Complaint,"During the afternoon of 2025-01-26, around 13:25, members of a chit group near Sindhu Garden Residential Colony reported that the organiser stopped payouts, with the complainant owed about Rs. 1,85,000, according to the complaint recorded on 2025-02-12. The online submission was made by Rakesh Anand (9000000340). Yuvaraj Palanisamy (9000000158) was mentioned as a person who was present nearby. The complainant alleged that Arun Babu may be involved and provided the mobile number 9000000379. The complainant mentioned the account SYN-ACC-100069 as the destination of the transfer. Potentially relevant material referenced includes a bank transaction reference and physical documents. The account SYN-ACC-100069 was also referenced in FIR-2026-00007, so the two matters may be potentially related.",Financial Fraud,Chit Fund Fraud,Online,12-02-2025,26-01-2025,13:25,Afternoon,Sindhu Garden Residential Colony,Erode,Tamil Nadu,Erode South PS,Rakesh Anand,9000000340,Rakesh Anand,9000000340,Arun Babu,9000000379,NULL,NULL,NULL,None,SYN-ACC-100069,Bank transaction reference; Physical document,Yuvaraj Palanisamy,9000000158,Organiser allegedly stopped payouts and became unreachable.,Under Investigation,IO-ERD-005,FIR-2026-00007,Complaint,"chit fund, financial fraud, residential colony, afternoon, receiving account, witness, mobile number, bank reference"
FIR-2026-00019,Burglary Incident Report,"During the night of 2025-02-14, around 21:10, the complainant returned to the residence near Arasu Nagar Residential Colony and found the door forced open, with a water pump motor missing, according to the complaint recorded on 2025-02-14. A van bearing the number TN-38-ZZ-1071 was seen leaving the area. The identity of the person involved remains unknown at this stage. Praveen Natarajan (9000000041) noticed the incident and may be able to provide a statement. A further person, Lokesh Balan, a relative of the suspect, using the number 9000000366, is stated to be associated with the incident. The complainant mentioned a vehicle observation and photographs.",Burglary,House Burglary,Online,14-02-2025,14-02-2025,21:10,Night,Arasu Nagar Residential Colony,Madurai,Tamil Nadu,Madurai South PS,Elango Ramasamy,9000000445,Elango Ramasamy,9000000445,Unknown,NULL,Lokesh Balan,9000000366,TN-38-ZZ-1071,Van,NULL,Vehicle observation; Photograph,Praveen Natarajan,9000000041,Suspects reportedly targeted the house while the family was away. A van was reportedly used to leave the area.,Under Investigation,IO-MDU-006,NULL,FIR,"burglary, house break-in, associate, van, residential colony, witness, photograph, vehicle observation"
FIR-2026-00020,Document Forgery Report,"According to the complaint registered on 2025-02-16, a document allegedly prepared using forged details of the complainant was used to seek a payment of Rs. 8,00,000. The incident is stated to have occurred on 2025-02-13 at about 14:50. Suspicion was reportedly directed towards Murugan Sundaram, using the number 9000000207. Potentially relevant material referenced includes physical documents and digital documents.",Forgery,Forged Document,Written,16-02-2025,13-02-2025,14:50,Afternoon,Sevvanthi Layout Residential Colony,Bengaluru Urban,Karnataka,Bengaluru Urban East PS,Uma Raj,9000000089,Uma Raj,9000000089,Murugan Sundaram,9000000207,NULL,NULL,NULL,None,NULL,Physical document; Digital document,Unknown,NULL,Forged papers reportedly used to process a transaction.,Under Investigation,IO-BLR-004,NULL,FIR,"forgery, forged document, residential colony, afternoon, mobile number, suspect, digital document, documents"
FIR-2026-00021,Truck Theft Complaint,"During the night of 2025-02-22, around 21:50, a grey truck bearing registration number KL-07-YY-1055 belonging to the complainant was taken from Mullai Puram Parking Area in Thanjavur, according to the complaint recorded on 2025-02-22. Hemanth Murugan approached Thanjavur Town PS to report the matter and can be reached on 9000000301. Pandian Thangaraj (mobile 9000000427) was named as a possible person of interest. Madhan Kumar (9000000410) was mentioned as a person who was present nearby. Potentially relevant material referenced includes CCTV footage and a vehicle observation. Records suggest a possible link with FIR-2026-00010, as the mobile number 9000000427 is associated with a suspect in both entries.",Vehicle Theft,Truck Theft,Oral,22-02-2025,22-02-2025,21:50,Night,Mullai Puram Parking Area,Thanjavur,Tamil Nadu,Thanjavur Town PS,Hemanth Murugan,9000000301,Hemanth Murugan,9000000301,Pandian Thangaraj,9000000427,NULL,NULL,KL-07-YY-1055,Truck,NULL,CCTV footage; Vehicle observation,Madhan Kumar,9000000410,Vehicle allegedly driven away from an industrial parking space at night.,Closed,IO-TNJ-001,FIR-2026-00010,Complaint,"truck theft, vehicle, night, vehicle observation, mobile number, CCTV, suspect, truck"
FIR-2026-00022,Theft of Valuables Complaint,"During the evening of 2025-02-20, around 20:25, the complainant discovered that a gas stove and utensils had been taken from a place near Mullai Puram Parking Area in Thanjavur, according to the complaint recorded on 2025-02-24. Sudha Kannan reported the matter orally at Thanjavur Town PS; the contact number given was 9000000349. Janani Krishnan (9000000357) noticed the incident and may be able to provide a statement. Mathan Raman (9000000187), described as an intermediary, was also mentioned in the complaint. Mohan Kumar (mobile 9000000464) was named as a possible person of interest. No supporting material was reported at the time of registration.",Theft,Property Theft,Oral,24-02-2025,20-02-2025,20:25,Evening,Mullai Puram Parking Area,Thanjavur,Tamil Nadu,Thanjavur Town PS,Sudha Kannan,9000000349,Sudha Kannan,9000000349,Mohan Kumar,9000000464,Mathan Raman,9000000187,NULL,None,NULL,None reported,Janani Krishnan,9000000357,Items reportedly taken while the premises were unattended.,Under Investigation,IO-TNJ-001,NULL,FIR,"property theft, valuables, parking area, witness, mobile number, associate, suspect, evening"
FIR-2026-00023,Investment Fraud Complaint,"A written complaint dated 2025-02-26 states that an investment offer shared in a messaging group led the complainant to deposit Rs. 8,00,000, after which contact ended, on 2025-02-17 at approximately 09:40. Transaction details refer to the receiving account SYN-ACC-100055. A witness, Vasanth Chandran, reachable on 9000000408, was mentioned in the complaint. The complaint mentions Vignesh Subramani, who was reportedly contacted on 9000000487, in connection with the events. The complainant mentioned a call detail reference. Records suggest a possible link with FIR-2026-00009, as the mobile number 9000000487 is associated with a suspect in both entries.",Financial Fraud,Investment Fraud,Written,26-02-2025,17-02-2025,09:40,Morning,Ezhil Garden Shopping Complex,Karur,Tamil Nadu,Karur East PS,Rakesh Anand,9000000340,Rakesh Anand,9000000340,Vignesh Subramani,9000000487,NULL,NULL,NULL,None,SYN-ACC-100055,Call detail reference,Vasanth Chandran,9000000408,Victim allegedly persuaded to deposit funds with a promise of high returns.,Under Investigation,IO-KRR-003,FIR-2026-00009,FIR,"investment fraud, high returns, shopping complex, witness, mobile number, morning, suspect, receiving account"
FIR-2026-00024,Mobile Handset Theft Report,"According to the complaint registered on 2025-02-26, a smartphone in a blue cover was allegedly snatched from the hand of the complainant at Kalai Park Main Street by a person who left quickly. The incident is stated to have occurred on 2025-02-26 at approximately 18:00. Pandian Thangaraj (mobile 9000000427) was named as a possible person of interest. The complainant noted the registration number TN-68-XX-1018 of a maroon motorcycle. The complainant mentioned CCTV footage and a call detail reference.",Theft,Mobile Theft,Online,26-02-2025,26-02-2025,18:00,Evening,Kalai Park Main Street,Thanjavur,Tamil Nadu,Thanjavur East PS,Arun Natarajan,9000000473,Arun Natarajan,9000000473,Pandian Thangaraj,9000000427,NULL,NULL,TN-68-XX-1018,Motorcycle,NULL,CCTV footage; Call detail reference,Unknown,NULL,Phone allegedly lifted during a brief distraction in a crowded area.,Closed,IO-TNJ-004,NULL,FIR,"mobile theft, smartphone, suspect, evening, motorcycle, mobile number, main street, call detail"
FIR-2026-00025,Truck Theft Complaint,"As per the complaint recorded on 2025-02-26, a blue truck bearing registration number TN-45-ZZ-1056 belonging to the complainant was taken from Roja Layout Industrial Area. The time of the incident was given as 22:10 on 2025-02-26. Bharath Prakash submitted the complaint online using the mobile number 9000000118. No independent witness was identified at the time of registration. The complaint mentions Abirami Krishnan, who was reportedly contacted on 9000000111, in connection with the events. A further person, Revathi Ammal, a driver, using the number 9000000164, is stated to be associated with the incident. Items referenced in the complaint: CCTV footage.",Vehicle Theft,Truck Theft,Online,26-02-2025,26-02-2025,22:10,Night,Roja Layout Industrial Area,Thanjavur,Tamil Nadu,Thanjavur Town PS,Bharath Prakash,9000000118,Bharath Prakash,9000000118,Abirami Krishnan,9000000111,Revathi Ammal,9000000164,TN-45-ZZ-1056,Truck,NULL,CCTV footage,Unknown,NULL,Vehicle allegedly driven away from an industrial parking space at night.,Under Investigation,IO-TNJ-002,NULL,Complaint,"truck theft, vehicle, night, truck, CCTV, mobile number, suspect, associate"
FIR-2026-00026,Damage to Property Report,"According to the complaint registered on 2025-02-28, farm fencing of the complainant was damaged near Roja Park Main Street, with a repair estimate of about Rs. 55,000. The incident is stated to have occurred on 2025-02-28 at roughly 21:25. Contact details given by the complainant, Suresh Pandian, include the number 9000000074. The complaint refers to Dinesh Balan, an intermediary, reachable on 9000000363. The complaint mentions Madhan Babu, who was reportedly contacted on 9000000490, in connection with the events. A witness, Pandian Balan, reachable on 9000000285, was mentioned in the complaint. Items referenced in the complaint: CCTV footage, photographs and physical documents.",Property Crime,Property Damage,Oral,28-02-2025,28-02-2025,21:25,Night,Roja Park Main Street,Coimbatore,Tamil Nadu,Coimbatore North PS,Suresh Pandian,9000000074,Suresh Pandian,9000000074,Madhan Babu,9000000490,Dinesh Balan,9000000363,NULL,None,NULL,CCTV footage; Photograph; Physical document,Pandian Balan,9000000285,Property allegedly damaged following a local dispute.,Under Investigation,IO-CBE-001,NULL,FIR,"property damage, vandalism, night, mobile number, CCTV, main street, associate, photograph"
FIR-2026-00027,Gold Chain Snatching Report,"It was alleged that the complainant lost a gold chain of about 3 sovereigns to a person who grabbed it near Sevvanthi Park Shopping Complex and ran. The matter was brought to Tiruppur Central PS on 2025-03-01, while the incident was placed on 2025-02-27 around 15:05 hrs. The complainant, Lavanya Ammal, provided the contact number 9000000175. The complaint mentions Hariharan Palanisamy, who was reportedly contacted on 9000000463, in connection with the events. Anitha Raman (9000000267) was mentioned as a person who was present nearby. No supporting material was reported at the time of registration.",Chain Snatching,Gold Chain Snatching,Oral,01-03-2025,27-02-2025,15:05,Afternoon,Sevvanthi Park Shopping Complex,Tiruppur,Tamil Nadu,Tiruppur Central PS,Lavanya Ammal,9000000175,Lavanya Ammal,9000000175,Hariharan Palanisamy,9000000463,NULL,NULL,NULL,None,NULL,None reported,Anitha Raman,9000000267,Suspect reportedly grabbed the chain and fled the spot quickly.,Closed,IO-TUP-002,NULL,Complaint,"chain snatching, gold chain, mobile number, shopping complex, afternoon, suspect, witness"
FIR-2026-00028,Truck Theft Complaint,"As per the FIR recorded on 2025-03-01, a white truck bearing registration number TN-01-XX-1057 belonging to the complainant was taken from Mullai Puram Parking Area. The time of the incident was given as 23:35 on 2025-03-01. Deepa Selvam approached Thanjavur Town PS to report the matter and can be reached on 9000000413. Suspicion was reportedly directed towards Pandian Thangaraj, using the number 9000000427. The complaint refers to Revathi Ammal, a driver, reachable on 9000000164. Ezhilan Palanisamy (9000000181) noticed the incident and may be able to provide a statement. The complainant mentioned a witness statement.",Vehicle Theft,Truck Theft,Written,01-03-2025,01-03-2025,23:35,Night,Mullai Puram Parking Area,Thanjavur,Tamil Nadu,Thanjavur Town PS,Deepa Selvam,9000000413,Deepa Selvam,9000000413,Pandian Thangaraj,9000000427,Revathi Ammal,9000000164,TN-01-XX-1057,Truck,NULL,Witness statement,Ezhilan Palanisamy,9000000181,Vehicle allegedly driven away from an industrial parking space at night.,Pending Verification,IO-TNJ-001,NULL,FIR,"truck theft, vehicle, witness, parking area, suspect, night, witness statement, associate"
FIR-2026-00029,Wallet Theft Report,"As per the FIR recorded on 2025-03-05, the purse of the complainant with cash and cards was allegedly lifted while queueing at Mullai Colony Shopping Complex. The time of the incident was given as 09:20 on 2025-03-05. The identity of the person involved remains unknown at this stage. The complainant mentioned CCTV footage and photographs.",Theft,Pickpocketing,Oral,05-03-2025,05-03-2025,09:20,Morning,Mullai Colony Shopping Complex,Coimbatore,Tamil Nadu,Coimbatore South PS,Deepak Gopal,9000000484,Deepak Gopal,9000000484,Unknown,NULL,NULL,NULL,NULL,None,NULL,CCTV footage; Photograph,Unknown,NULL,Wallet allegedly lifted from a pocket in a crowded queue.,Closed,IO-CBE-003,NULL,FIR,"pickpocketing, wallet, CCTV, shopping complex, photograph, morning"
FIR-2026-00030,Pickpocketing Complaint,"During the morning of 2025-03-11, around 07:35, a wallet containing about Rs. 2,200 and identity cards was picked from the complainant near Mullai Colony Shopping Complex in Coimbatore, according to the complaint recorded on 2025-03-11. Logesh Karuppasamy (9000000198), described as a business acquaintance, was also mentioned in the complaint. No identifying details of the suspected person were available at the time of registration. The complainant mentioned CCTV footage.",Theft,Pickpocketing,Written,11-03-2025,11-03-2025,07:35,Morning,Mullai Colony Shopping Complex,Coimbatore,Tamil Nadu,Coimbatore South PS,Sudha Sekar,9000000169,Sudha Sekar,9000000169,Unknown,NULL,Logesh Karuppasamy,9000000198,NULL,None,NULL,CCTV footage,Unknown,NULL,Reported theft occurred while the victim was boarding a bus.,Under Investigation,IO-CBE-004,NULL,FIR,"pickpocketing, wallet, shopping complex, associate, CCTV, morning"
FIR-2026-00031,Land Sale Fraud Complaint,"According to the complaint registered on 2025-03-16, the seller of a house near Kalai Colony Apartment Complex allegedly accepted Rs. 15,000 from the complainant without a clear title. The incident is stated to have occurred on 2025-03-13 at approximately 11:45. Jagan Anand (mobile 9000000165) was named as a possible person of interest. A further person, Arun Muthu, a driver, using the number 9000000304, is stated to be associated with the incident. Nithin Thangaraj (9000000252) was mentioned as a person who was present nearby. No supporting material was reported at the time of registration.",Cheating,Property Sale Cheating,Written,16-03-2025,13-03-2025,11:45,Morning,Kalai Colony Apartment Complex,Erode,Tamil Nadu,Erode North PS,Jagan Gopal,9000000108,Jagan Gopal,9000000108,Jagan Anand,9000000165,Arun Muthu,9000000304,NULL,None,NULL,None reported,Nithin Thangaraj,9000000252,Seller reportedly shared questionable documents and stopped responding.,Under Investigation,IO-ERD-004,NULL,Complaint,"property fraud, cheating, mobile number, suspect, associate, morning, apartment complex, witness"
FIR-2026-00032,Threat Over Land Dispute Report,"As per the FIR recorded on 2025-03-17, the complainant reported being warned by a person near Palar Park Industrial Area in Madurai not to enter the disputed property. The time of the incident was given as 06:30 on 2025-03-13. Buvaneswari Kannan approached Madurai South PS to report the matter and can be reached on 9000000331. A car bearing the number TN-39-ZZ-1044 was seen leaving the area. A witness, Padmini Raj, reachable on 9000000032, was mentioned in the complaint. The complaint mentions Gokul Sundaram, who was reportedly contacted on 9000000491, in connection with the events. The complainant mentioned a call detail reference and photographs.",Threat,Property Dispute Threat,Written,17-03-2025,13-03-2025,06:30,Early Morning,Palar Park Industrial Area,Madurai,Tamil Nadu,Madurai South PS,Buvaneswari Kannan,9000000331,Buvaneswari Kannan,9000000331,Gokul Sundaram,9000000491,NULL,NULL,TN-39-ZZ-1044,Car,NULL,Call detail reference; Photograph,Padmini Raj,9000000032,Suspect reportedly warned the victim at the disputed property.,Open,IO-MDU-005,NULL,FIR,"threat, property dispute, industrial area, early morning, car, photograph, witness, suspect"
FIR-2026-00033,Vehicle Theft Complaint,"On 2025-03-17 at roughly 05:45, it was reported that a grey auto bearing registration number TN-45-ZZ-1074 used by the complainant for daily work was taken from Vaigai Park Parking Area in Chennai. Uma Raj approached Chennai South PS to report the matter and can be reached on 9000000089. A further person, Hariharan Babu, a co-worker, using the number 9000000154, is stated to be associated with the incident. Hariharan Raj (mobile 9000000328) was named as a possible person of interest. Items referenced in the complaint: CCTV footage and photographs.",Vehicle Theft,Auto Theft,Oral,17-03-2025,17-03-2025,05:45,Early Morning,Vaigai Park Parking Area,Chennai,Tamil Nadu,Chennai South PS,Uma Raj,9000000089,Uma Raj,9000000089,Hariharan Raj,9000000328,Hariharan Babu,9000000154,TN-45-ZZ-1074,Auto,NULL,CCTV footage; Photograph,Unknown,NULL,Vehicle allegedly driven away after being left unattended.,Closed,IO-CHN-005,NULL,FIR,"auto theft, vehicle, photograph, associate, early morning, auto, suspect, CCTV"
FIR-2026-00034,Theft of Valuables Complaint,"A written complaint dated 2025-03-18 states that items including a water pump motor were taken from an unattended premises at Nallur Park Main Street, on 2025-03-17 at approximately 13:25. Contact details given by the complainant, Anand Arumugam, include the number 9000000296. Suspicion was reportedly directed towards Gokul Muthu, using the number 9000000234. The complainant mentioned CCTV footage and physical documents.",Theft,Property Theft,Written,18-03-2025,17-03-2025,13:25,Afternoon,Nallur Park Main Street,Chennai,Tamil Nadu,Chennai North PS,Anand Arumugam,9000000296,Anand Arumugam,9000000296,Gokul Muthu,9000000234,NULL,NULL,NULL,None,NULL,CCTV footage; Physical document,Unknown,NULL,Suspect allegedly entered through an unsecured entry point.,Under Investigation,IO-CHN-003,NULL,Complaint,"property theft, valuables, CCTV, afternoon, documents, suspect, main street, mobile number"
FIR-2026-00035,Pickpocketing Complaint,"On 2025-03-18 at about 08:15, it was reported that the complainant found the pocket emptied of cash (about Rs. 8,500) after boarding a crowded bus near Anbu Layout Bus Stand Area in Thanjavur. Jothi Bai approached Thanjavur East PS to report the matter and can be reached on 9000000471. The incident reportedly occurred on or near a bus bearing registration TN-45-ZZ-1062. Praveen Natarajan (9000000041) noticed the incident and may be able to provide a statement. The identity of the person involved remains unknown at this stage. Potentially relevant material referenced includes CCTV footage, a witness statement and a vehicle observation.",Theft,Pickpocketing,Oral,18-03-2025,18-03-2025,08:15,Morning,Anbu Layout Bus Stand Area,Thanjavur,Tamil Nadu,Thanjavur East PS,Jothi Bai,9000000471,Jothi Bai,9000000471,Unknown,NULL,NULL,NULL,TN-45-ZZ-1062,Bus,NULL,CCTV footage; Witness statement; Vehicle observation,Praveen Natarajan,9000000041,Wallet allegedly lifted from a pocket in a crowded queue. The incident reportedly took place on a bus.,Open,IO-TNJ-003,NULL,Preliminary Report,"pickpocketing, wallet, bus stand, bus, morning, witness statement, CCTV, witness"
FIR-2026-00036,Bank Transaction Fraud Complaint,"On 2025-03-18 at about 12:45, it was reported that a series of small debits adding up to Rs. 12,00,000 appeared in the statement of the complainant without any authorisation. The online submission was made by Lavanya Ammal (9000000175). Praveen Natarajan (9000000041) was mentioned as a person who was present nearby. Mathan Raman (9000000187), described as an intermediary, was also mentioned in the complaint. Nandha Karuppasamy (mobile 9000000113) was named as a possible person of interest. The complainant mentioned the account SYN-ACC-100024 as the destination of the transfer. The complainant mentioned physical documents.",Financial Fraud,Bank Transaction Fraud,Online,19-03-2025,18-03-2025,12:45,Afternoon,Kalai Puram Apartment Complex,Chennai,Tamil Nadu,Chennai Central PS,Lavanya Ammal,9000000175,Lavanya Ammal,9000000175,Nandha Karuppasamy,9000000113,Mathan Raman,9000000187,NULL,None,SYN-ACC-100024,Physical document,Praveen Natarajan,9000000041,Multiple small transfers reportedly made in quick succession.,Pending Verification,IO-CHN-002,NULL,Complaint,"bank fraud, unauthorised transaction, apartment complex, afternoon, documents, receiving account, suspect, associate"
FIR-2026-00037,Missing Person Complaint,"A written complaint dated 2025-03-21 states that the brother of the complainant, Rajeshwari Rani, aged 18, left for work and could not be contacted afterwards; last seen near Nila Nagar Bus Stand Area, on 2025-03-18 at approximately 16:00. The complaint was lodged by Dinesh Nathan (9000000420), a family member of Rajeshwari Rani, whose last active mobile number is noted as 9000000291. The complainant could not identify the person involved. The complainant mentioned photographs.",Missing Person,Missing Student,Written,21-03-2025,18-03-2025,16:00,Afternoon,Nila Nagar Bus Stand Area,Chennai,Tamil Nadu,Chennai North PS,Dinesh Nathan,9000000420,Rajeshwari Rani,9000000291,Unknown,NULL,NULL,NULL,NULL,None,NULL,Photograph,Unknown,NULL,Student reportedly left for college and could not be contacted afterwards.,Under Investigation,IO-CHN-003,NULL,FIR,"missing person, student, photograph, afternoon, bus stand"
FIR-2026-00038,Physical Assault Complaint,"As per the FIR recorded on 2025-03-22, the complainant was allegedly assaulted during an argument near Nila Garden Bus Stand Area in Erode, resulting in minor injuries. The time of the incident was given as 18:20 on 2025-03-22. Contact details given by the complainant, Babu Selvam, include the number 9000000442. A further person, Madhan Murugan, a neighbour, using the number 9000000216, is stated to be associated with the incident. A person named Gokul Gopal, associated with the number 9000000195, was mentioned as potentially relevant to the incident. Babu Rajan (9000000365) was mentioned as a person who was present nearby. Potentially relevant material referenced includes a witness statement.",Assault,Physical Assault,Written,22-03-2025,22-03-2025,18:20,Evening,Nila Garden Bus Stand Area,Erode,Tamil Nadu,Erode Central PS,Babu Selvam,9000000442,Babu Selvam,9000000442,Gokul Gopal,9000000195,Madhan Murugan,9000000216,NULL,None,NULL,Witness statement,Babu Rajan,9000000365,Suspect allegedly attacked the victim during a heated argument.,Closed,IO-ERD-002,NULL,FIR,"assault, altercation, suspect, witness statement, associate, witness, mobile number, bus stand"
FIR-2026-00039,Motorcycle Theft Report,"During the night of 2025-03-24, around 22:45, the complainant parked a grey motorcycle bearing registration number TN-68-YY-1058 at Mullai Puram Parking Area in Thanjavur and found it missing on return, according to the complaint recorded on 2025-03-24. The complaint mentions Abirami Krishnan, who was reportedly contacted on 9000000111, in connection with the events. No independent witness was identified at the time of registration. Items referenced in the complaint: CCTV footage and a vehicle observation.",Vehicle Theft,Motorcycle Theft,Oral,24-03-2025,24-03-2025,22:45,Night,Mullai Puram Parking Area,Thanjavur,Tamil Nadu,Thanjavur Town PS,Prakash Chandran,9000000086,Prakash Chandran,9000000086,Abirami Krishnan,9000000111,NULL,NULL,TN-68-YY-1058,Motorcycle,NULL,CCTV footage; Vehicle observation,Unknown,NULL,Vehicle reportedly taken during the night from a residential parking spot.,Pending Verification,IO-TNJ-002,NULL,FIR,"motorcycle theft, vehicle, mobile number, suspect, vehicle observation, CCTV, motorcycle, parking area"
FIR-2026-00040,Household Property Theft Complaint,"The reported incident took place on 2025-03-22 (night, 01:00): Jewellery kept in a cupboard valued at around Rs. 85,000 was found missing from a premises near Nallur Park Main Street. A person named Anand Krishnan, associated with the number 9000000088, was mentioned as potentially relevant to the incident. The complainant mentioned CCTV footage and photographs.",Theft,Property Theft,Written,26-03-2025,22-03-2025,01:00,Night,Nallur Park Main Street,Chennai,Tamil Nadu,Chennai North PS,Ajith Velan,9000000022,Ajith Velan,9000000022,Anand Krishnan,9000000088,NULL,NULL,NULL,None,NULL,CCTV footage; Photograph,Unknown,NULL,Suspect allegedly entered through an unsecured entry point.,Closed,IO-CHN-003,NULL,Complaint,"property theft, valuables, CCTV, night, photograph, main street, mobile number, suspect"
FIR-2026-00041,Online Payment Fraud Complaint,"During the morning of 2025-03-27, around 08:40, a person offering to buy an item listed online asked the complainant to approve a UPI request, following which Rs. 18,500 was withdrawn, according to the complaint recorded on 2025-03-27. Naveen Natarajan submitted the complaint online using the mobile number 9000000057. Praveen Sekar (9000000221), described as a relative of the suspect, was also mentioned in the complaint. Funds were reportedly sent to the account reference SYN-ACC-100069. Yuvaraj Palanisamy (9000000158) was mentioned as a person who was present nearby. The complaint mentions Vignesh Subramani, who was reportedly contacted on 9000000487, in connection with the events. The complainant mentioned a bank transaction reference and mobile phone records. Records suggest a possible link with FIR-2026-00023, as the mobile number 9000000487 is associated with a suspect in both entries.",Cybercrime,UPI Fraud,Online,27-03-2025,27-03-2025,08:40,Morning,Roja Colony Residential Colony,Trichy,Tamil Nadu,Trichy Fort PS,Naveen Natarajan,9000000057,Naveen Natarajan,9000000057,Vignesh Subramani,9000000487,Praveen Sekar,9000000221,NULL,None,SYN-ACC-100069,Bank transaction reference; Mobile phone record,Yuvaraj Palanisamy,9000000158,Victim was allegedly induced to approve a collect request on a UPI app.,Under Investigation,IO-TRY-004,FIR-2026-00023,Complaint,"UPI fraud, online payment, bank reference, morning, receiving account, phone records, associate, witness"
FIR-2026-00042,Street Robbery Complaint,"On 2025-03-28 at roughly 11:15, it was reported that a person allegedly threatened the complainant at Kalai Park Main Street and took a laptop bag. Anand Natarajan approached Thanjavur East PS to report the matter and can be reached on 9000000327. No identifying details of the suspected person were available at the time of registration. The complainant noted the registration number TN-45-XX-1036 of a green scooter. Vignesh Balan (9000000105), described as a co-worker, was also mentioned in the complaint. Items referenced in the complaint: photographs.",Robbery,Street Robbery,Oral,29-03-2025,28-03-2025,11:15,Morning,Kalai Park Main Street,Thanjavur,Tamil Nadu,Thanjavur East PS,Anand Natarajan,9000000327,Anand Natarajan,9000000327,Unknown,NULL,Vignesh Balan,9000000105,TN-45-XX-1036,Scooter,NULL,Photograph,Unknown,NULL,Suspects reportedly approached in a secluded stretch and left quickly. A scooter was reportedly used to leave the area.,Under Investigation,IO-TNJ-003,NULL,Complaint,"robbery, threat, associate, scooter, morning, main street, photograph"
FIR-2026-00043,Wallet Theft Report,"On 2025-03-30 at roughly 19:45, it was reported that the purse of the complainant with cash and cards was allegedly lifted while queueing at Kadal Nagar Bus Stand Area in Coimbatore. The complainant, Babu Thangaraj, provided the contact number 9000000025. No identifying details of the suspected person were available at the time of registration. A witness, Vasanth Mani, reachable on 9000000382, was mentioned in the complaint. The complainant mentioned CCTV footage.",Theft,Pickpocketing,Written,30-03-2025,30-03-2025,19:45,Evening,Kadal Nagar Bus Stand Area,Coimbatore,Tamil Nadu,Coimbatore South PS,Babu Thangaraj,9000000025,Babu Thangaraj,9000000025,Unknown,NULL,NULL,NULL,NULL,None,NULL,CCTV footage,Vasanth Mani,9000000382,Reported theft occurred while the victim was boarding a bus.,Open,IO-CBE-003,NULL,FIR,"pickpocketing, wallet, CCTV, witness, bus stand, evening"
FIR-2026-00044,Theft of Valuables Complaint,"A written complaint dated 2025-03-30 states that the complainant discovered that jewellery kept in a cupboard had been taken from a place near Amudham Nagar Main Street in Madurai, on 2025-03-30 at roughly 12:05. A further person, Udhay Shankar, a relative of the suspect, using the number 9000000241, is stated to be associated with the incident. A person named Udhay Anand, associated with the number 9000000125, was mentioned as potentially relevant to the incident. The complainant mentioned photographs, physical documents and CCTV footage.",Theft,Property Theft,Written,30-03-2025,30-03-2025,12:05,Afternoon,Amudham Nagar Main Street,Madurai,Tamil Nadu,Madurai North PS,Bharathi Ammal,9000000228,Bharathi Ammal,9000000228,Udhay Anand,9000000125,Udhay Shankar,9000000241,NULL,None,NULL,Photograph; Physical document; CCTV footage,Unknown,NULL,Reported theft occurred while the residents were away for a few hours.,Open,IO-MDU-004,NULL,FIR,"property theft, valuables, documents, associate, afternoon, suspect, main street, mobile number"
FIR-2026-00045,Car Theft Complaint,"As per the FIR recorded on 2025-03-30, the complainant parked a silver car bearing registration number TN-01-XX-1075 near Sindhu Puram Industrial Area and found the parking spot empty the next morning. The time of the incident was given as 01:25 on 2025-03-30. Lavanya Ammal approached Salem Town PS to report the matter and can be reached on 9000000175. No independent witness was identified at the time of registration. The complainant could not identify the person involved. Potentially relevant material referenced includes physical documents, CCTV footage and a vehicle observation.",Vehicle Theft,Car Theft,Written,30-03-2025,30-03-2025,01:25,Night,Sindhu Puram Industrial Area,Salem,Tamil Nadu,Salem Town PS,Lavanya Ammal,9000000175,Lavanya Ammal,9000000175,Unknown,NULL,NULL,NULL,TN-01-XX-1075,Car,NULL,Physical document; CCTV footage; Vehicle observation,Unknown,NULL,Car reportedly taken from an unattended parking area.,Under Investigation,IO-SLM-001,NULL,FIR,"car theft, vehicle, night, documents, CCTV, car, industrial area"
FIR-2026-00046,Local Chit Scheme Complaint,"During the afternoon of 2025-03-28, around 14:55, the complainant contributed to a local chit group, and after the organiser failed to pay the maturity amount of Rs. 2,40,000, contact was lost, according to the complaint recorded on 2025-03-31. Rajesh Mani submitted the complaint online using the mobile number 9000000409. The complaint refers to Dinesh Balan, a relative of the suspect, reachable on 9000000363. The complainant alleged that Karthik Nathan may be involved and provided the mobile number 9000000383. Funds were reportedly sent to the account reference SYN-ACC-100071. The complainant mentioned digital documents and a bank transaction reference.",Financial Fraud,Chit Fund Fraud,Online,31-03-2025,28-03-2025,14:55,Afternoon,Anbu Park Main Street,Trichy,Tamil Nadu,Trichy Central PS,Rajesh Mani,9000000409,Rajesh Mani,9000000409,Karthik Nathan,9000000383,Dinesh Balan,9000000363,NULL,None,SYN-ACC-100071,Digital document; Bank transaction reference,Unknown,NULL,Chit contributions reportedly collected in cash and through transfers.,Closed,IO-TRY-002,NULL,Complaint,"chit fund, financial fraud, receiving account, afternoon, bank reference, digital document, associate, mobile number"
FIR-2026-00047,Pickpocketing Complaint,"The reported incident took place on 2025-03-31 (afternoon, 13:55): The complainant found the pocket emptied of cash (about Rs. 12,000) after boarding a crowded bus near Mullai Colony Shopping Complex. A person named Balaji Karuppasamy, associated with the number 9000000407, was mentioned as potentially relevant to the incident. Items referenced in the complaint: CCTV footage and photographs.",Theft,Pickpocketing,Oral,31-03-2025,31-03-2025,13:55,Afternoon,Mullai Colony Shopping Complex,Coimbatore,Tamil Nadu,Coimbatore South PS,Kavitha Selvam,9000000099,Kavitha Selvam,9000000099,Balaji Karuppasamy,9000000407,NULL,NULL,NULL,None,NULL,CCTV footage; Photograph,Unknown,NULL,Suspect reportedly bumped into the victim while another person took the purse.,Closed,IO-CBE-003,NULL,Preliminary Report,"pickpocketing, wallet, mobile number, CCTV, shopping complex, photograph, afternoon, suspect"
FIR-2026-00048,Truck Theft Complaint,"It was alleged that the complainant reported that a white truck bearing registration number TN-39-ZZ-1059 parked near Roja Layout Industrial Area in Thanjavur could not be found the next morning. The matter was brought to Thanjavur Town PS on 2025-04-03, while the incident was placed on 2025-04-03 around 23:25 hrs. Contact details given by the complainant, Abirami Sekar, include the number 9000000186. The complainant alleged that Gokul Muthu may be involved and provided the mobile number 9000000234. Madhan Kumar (9000000410) noticed the incident and may be able to provide a statement. Items referenced in the complaint: a vehicle observation and CCTV footage. Records suggest a possible link with FIR-2026-00034, as the mobile number 9000000234 is associated with a suspect in both entries.",Vehicle Theft,Truck Theft,Written,03-04-2025,03-04-2025,23:25,Night,Roja Layout Industrial Area,Thanjavur,Tamil Nadu,Thanjavur Town PS,Abirami Sekar,9000000186,Abirami Sekar,9000000186,Gokul Muthu,9000000234,NULL,NULL,TN-39-ZZ-1059,Truck,NULL,Vehicle observation; CCTV footage,Madhan Kumar,9000000410,Vehicle allegedly driven away from an industrial parking space at night.,Closed,IO-TNJ-002,FIR-2026-00034,Complaint,"truck theft, vehicle, night, industrial area, mobile number, CCTV, truck, vehicle observation"
FIR-2026-00049,Damage to Property Report,"On 2025-04-04 at approximately 00:45, it was reported that a parked car of the complainant was damaged near Iniyan Layout Parking Area in Namakkal, with a repair estimate of about Rs. 90,000. The complainant could not identify the person involved. Udhay Pandian (9000000220) noticed the incident and may be able to provide a statement. No supporting material was reported at the time of registration.",Property Crime,Property Damage,Online,04-04-2025,04-04-2025,00:45,Night,Iniyan Layout Parking Area,Namakkal,Tamil Nadu,Namakkal Town PS,Malathi Kumari,9000000092,Malathi Kumari,9000000092,Unknown,NULL,NULL,NULL,NULL,None,NULL,None reported,Udhay Pandian,9000000220,Property allegedly damaged following a local dispute.,Under Investigation,IO-NKL-002,NULL,FIR,"property damage, vandalism, night, parking area, witness"
FIR-2026-00050,Employment Fraud Complaint,"During the morning of 2025-04-03, around 10:05, the complainant paid Rs. 40,000 to a person who promised a job placement, but no appointment order was provided and calls went unanswered, according to the complaint recorded on 2025-04-05. The complaint was lodged by Yogesh Raj (9000000359). Padmini Sri (9000000119) was mentioned as a person who was present nearby. A person named Udhay Anand, associated with the number 9000000125, was mentioned as potentially relevant to the incident. The account reference SYN-ACC-100070 was noted in connection with the payment.",Cheating,Job Offer Cheating,Written,05-04-2025,03-04-2025,10:05,Morning,Sindhu Colony College Road,Erode,Tamil Nadu,Erode Central PS,Yogesh Raj,9000000359,Yogesh Raj,9000000359,Udhay Anand,9000000125,NULL,NULL,NULL,None,SYN-ACC-100070,Social media screenshot,Padmini Sri,9000000119,Victim allegedly paid a fee for a job that was never provided.,Closed,IO-ERD-001,NULL,FIR,"job fraud, cheating, screenshot, suspect, college road, morning, receiving account, mobile number"
FIR-2026-00051,Vehicle Theft Report,"As per the FIR recorded on 2025-04-07, the complainant parked a blue car bearing registration number TN-28-YY-1076 near Kadal Nagar Bus Stand Area in Coimbatore and found the parking spot empty the next morning. The time of the incident was given as 08:05 on 2025-04-06. The complainant, Yogesh Arumugam, provided the contact number 9000000029. A witness, Elango Krishnan, reachable on 9000000081, was mentioned in the complaint. The identity of the person involved remains unknown at this stage. The complaint refers to another person whose identity could not be established. The complainant mentioned CCTV footage.",Vehicle Theft,Car Theft,Written,07-04-2025,06-04-2025,08:05,Morning,Kadal Nagar Bus Stand Area,Coimbatore,Tamil Nadu,Coimbatore South PS,Yogesh Arumugam,9000000029,Yogesh Arumugam,9000000029,Unknown,NULL,Unknown,NULL,TN-28-YY-1076,Car,NULL,CCTV footage,Elango Krishnan,9000000081,Vehicle allegedly taken overnight from a residential parking spot.,Closed,IO-CBE-004,NULL,FIR,"car theft, vehicle, morning, car, CCTV, witness, bus stand"
FIR-2026-00052,Investment Fraud Complaint,"On 2025-04-07 around 10:05 hrs, it was reported that an investment offer shared in a messaging group led the complainant to deposit Rs. 1,85,000, after which contact ended. Transactions from the account SYN-ACC-100072, held by the complainant, were referred to in the complaint. A witness, Harish Babu, reachable on 9000000422, was mentioned in the complaint. The complaint mentions Murugan Karuppasamy, who was reportedly contacted on 9000000309, in connection with the events. Ajith Murugan (9000000225), described as a co-worker, was also mentioned in the complaint. Items referenced in the complaint: physical documents.",Financial Fraud,Investment Fraud,Written,09-04-2025,07-04-2025,10:05,Morning,Thendral Nagar ATM Area,Namakkal,Tamil Nadu,Namakkal East PS,Mathan Arumugam,9000000138,Mathan Arumugam,9000000138,Murugan Karuppasamy,9000000309,Ajith Murugan,9000000225,NULL,None,SYN-ACC-100072,Physical document,Harish Babu,9000000422,Initial small payouts allegedly used to build trust before larger deposits.,Closed,IO-NKL-003,NULL,Complaint,"investment fraud, high returns, associate, mobile number, documents, ATM area, bank account, morning"
FIR-2026-00053,High-Return Scheme Complaint,"As per the FIR recorded on 2025-04-11, an investment offer shared in a messaging group led Madhan Kumar to deposit Rs. 4,50,000, after which contact ended. The time of the incident was given as 09:20 on 2025-04-09. Eswari Raj (mobile 9000000433) was named as a possible person of interest. The complainant mentioned the account SYN-ACC-100069 as the destination of the transfer. Elango Krishnan (9000000081) noticed the incident and may be able to provide a statement. Items referenced in the complaint: transaction records.",Financial Fraud,Investment Fraud,Oral,11-04-2025,09-04-2025,09:20,Morning,Kalai Puram Apartment Complex,Chennai,Tamil Nadu,Chennai Central PS,Dharani Rajan,9000000248,Madhan Kumar,9000000410,Eswari Raj,9000000433,NULL,NULL,NULL,None,SYN-ACC-100069,Transaction record,Elango Krishnan,9000000081,Victim allegedly persuaded to deposit funds with a promise of high returns.,Closed,IO-CHN-001,NULL,FIR,"investment fraud, high returns, apartment complex, receiving account, suspect, morning, mobile number, witness"
FIR-2026-00054,Suspected Narcotics Activity Complaint,"As per the FIR recorded on 2025-04-11, the complainant reported suspicious activity near Sindhu Garden Residential Colony in Erode, where a person was allegedly handing over packets to visitors at night. The time of the incident was given as 20:15 on 2025-04-11. Nandhini Sekar approached Erode South PS to report the matter and can be reached on 9000000014. The complainant alleged that Jagan Raman may be involved and provided the mobile number 9000000369. Abirami Sekar (9000000186) noticed the incident and may be able to provide a statement. A further person, Elango Selvam, a friend of the suspect, using the number 9000000289, is stated to be associated with the incident. Another person, Balaji Karuppasamy, using the number 9000000407, was named as potentially involved. Potentially relevant material referenced includes a witness statement.",Drug-Related,Suspected Narcotics Sale,Written,11-04-2025,11-04-2025,20:15,Evening,Sindhu Garden Residential Colony,Erode,Tamil Nadu,Erode South PS,Nandhini Sekar,9000000014,Nandhini Sekar,9000000014,Jagan Raman,9000000369,Elango Selvam,9000000289,NULL,None,NULL,Witness statement,Abirami Sekar,9000000186,Repeated suspicious exchanges allegedly observed near a public place.,Under Investigation,IO-ERD-005,NULL,FIR,"suspected narcotics, suspicious activity, residential colony, associate, witness statement, suspect, witness, mobile number"
FIR-2026-00055,Street Robbery Complaint,"As per the complaint recorded on 2025-04-12, the complainant was stopped by a group near Kalai Park Main Street in Thanjavur, and a laptop bag along with cash of around Rs. 8,500 were taken under threat. The time of the incident was given as 16:15 on 2025-04-12. Nithin Balan submitted the complaint online using the mobile number 9000000470. Eswari Raj (mobile 9000000433) was named as a possible person of interest. Ajith Murugan (9000000225), described as a person who arranged the contact, was also mentioned in the complaint. Vasanth Chandran (9000000408) was mentioned as a person who was present nearby. No supporting material was reported at the time of registration.",Robbery,Street Robbery,Online,12-04-2025,12-04-2025,16:15,Afternoon,Kalai Park Main Street,Thanjavur,Tamil Nadu,Thanjavur East PS,Nithin Balan,9000000470,Nithin Balan,9000000470,Eswari Raj,9000000433,Ajith Murugan,9000000225,NULL,None,NULL,None reported,Vasanth Chandran,9000000408,Victim allegedly intercepted and threatened before valuables were taken.,Pending Verification,IO-TNJ-004,NULL,Complaint,"robbery, threat, associate, suspect, mobile number, witness, main street, afternoon"
FIR-2026-00056,Retail Theft Complaint,"It was alleged that goods worth about Rs. 40,000 (grocery stock) were found missing from Green Leaf Stores, a shop near Senthil Garden Main Street in Salem. The matter was brought to Salem West PS on 2025-04-13, while the incident was placed on 2025-04-11 at roughly 09:45. The complainant is associated with the business Green Leaf Stores. The complainant alleged that Tamilarasan Muthu may be involved and provided the mobile number 9000000260. Items referenced in the complaint: physical documents.",Theft,Shop Theft,Written,13-04-2025,11-04-2025,09:45,Morning,Senthil Garden Main Street,Salem,Tamil Nadu,Salem West PS,Latha Sekar,9000000043,Latha Sekar,9000000043,Tamilarasan Muthu,9000000260,NULL,NULL,NULL,None,NULL,Physical document,Unknown,NULL,Suspect allegedly posed as a customer and took items while staff were attending to others.,Closed,IO-SLM-006,NULL,FIR,"shop theft, stock, mobile number, main street, documents, suspect, morning"
FIR-2026-00057,Unauthorised Account Access Complaint,"During the morning of 2025-04-09, around 08:40, the email and banking application of Abirami Sekar were accessed without permission after an OTP was shared during a call, and Rs. 15,000 was moved out, according to the complaint recorded on 2025-04-14. Dharani Prakash (9000000213) reported the matter for Abirami Sekar, whose contact number is given as 9000000186. Suspicion was reportedly directed towards Vasanth Gopal, using the number 9000000245. A witness, Amudha Kannan, reachable on 9000000066, was mentioned in the complaint. The account reference SYN-ACC-100051 was noted in connection with the payment. The complainant mentioned social media screenshots and transaction records.",Cybercrime,Account Takeover,Written,14-04-2025,09-04-2025,08:40,Morning,Sindhu Colony College Road,Erode,Tamil Nadu,Erode Central PS,Dharani Prakash,9000000213,Abirami Sekar,9000000186,Vasanth Gopal,9000000245,NULL,NULL,NULL,None,SYN-ACC-100051,Social media screenshot; Transaction record,Amudha Kannan,9000000066,OTP allegedly obtained during a call before the account was accessed.,Pending Verification,IO-ERD-002,NULL,FIR,"account takeover, unauthorised access, witness, screenshot, transaction record, mobile number, college road, morning"
FIR-2026-00058,Bank Phishing Link Complaint,"On 2025-04-15 at approximately 00:45, it was reported that a caller claiming to be a bank executive asked the complainant to install a support application, after which Rs. 45,000 was withdrawn. Vidhya Devi approached Tirunelveli Town PS to report the matter and can be reached on 9000000062. Suspicion was reportedly directed towards Hariharan Palanisamy, using the number 9000000463. Chandran Krishnan (9000000031) noticed the incident and may be able to provide a statement. The complainant mentioned the account SYN-ACC-100073 as the destination of the transfer. Items referenced in the complaint: social media screenshots and digital documents.",Cybercrime,Phishing,Written,15-04-2025,15-04-2025,00:45,Night,Vennila Park Shopping Complex,Tirunelveli,Tamil Nadu,Tirunelveli Town PS,Vidhya Devi,9000000062,Vidhya Devi,9000000062,Hariharan Palanisamy,9000000463,NULL,NULL,NULL,None,SYN-ACC-100073,Social media screenshot; Digital document,Chandran Krishnan,9000000031,Fraudulent KYC-update message allegedly used to collect account credentials.,Closed,IO-TVL-002,NULL,FIR,"phishing, suspicious link, witness, suspect, digital document, shopping complex, mobile number, night"
FIR-2026-00059,Property Theft Report,"According to the complaint registered on 2025-04-18, items including a television and a music system were taken from an unattended premises at Mullai Puram Parking Area. The incident is stated to have occurred on 2025-04-18 at roughly 20:15. The complaint was lodged by Inban Selvam (9000000182). Mohan Kumar (mobile 9000000464) was named as a possible person of interest. Another person, Pandian Thangaraj, using the number 9000000427, was named as potentially involved. The complaint refers to Ganesh Shankar, a business acquaintance, reachable on 9000000155. A witness, Abirami Sri, reachable on 9000000096, was mentioned in the complaint. Items referenced in the complaint: CCTV footage and a witness statement.",Theft,Property Theft,Written,18-04-2025,18-04-2025,20:15,Evening,Mullai Puram Parking Area,Thanjavur,Tamil Nadu,Thanjavur Town PS,Inban Selvam,9000000182,Inban Selvam,9000000182,Mohan Kumar,9000000464,Ganesh Shankar,9000000155,NULL,None,NULL,CCTV footage; Witness statement,Abirami Sri,9000000096,Items reportedly taken while the premises were unattended.,Closed,IO-TNJ-001,NULL,Complaint,"property theft, valuables, CCTV, witness, mobile number, witness statement, associate, parking area"
FIR-2026-00060,Extortion Call Complaint,"As per the complaint recorded on 2025-04-19, a caller repeatedly demanded Rs. 25,000 from Senthil Rajan and threatened to visit the premises. The time of the incident was given as 22:45 on 2025-04-19. Karthik Pandian (9000000137) reported the matter for Senthil Rajan, whose contact number is given as 9000000019. Madhan Palanisamy (9000000295) was mentioned as a person who was present nearby. The complaint mentions Balaji Karuppasamy, who was reportedly contacted on 9000000407, in connection with the events. The complainant mentioned mobile phone records.",Extortion,Extortion Call,Online,19-04-2025,19-04-2025,22:45,Night,Sindhu Garden Residential Colony,Erode,Tamil Nadu,Erode South PS,Karthik Pandian,9000000137,Senthil Rajan,9000000019,Balaji Karuppasamy,9000000407,NULL,NULL,NULL,None,NULL,Mobile phone record,Madhan Palanisamy,9000000295,Caller allegedly demanded money with threats of consequences.,Under Investigation,IO-ERD-005,NULL,Complaint,"extortion, money demand, mobile number, witness, phone records, residential colony, suspect, night"
FIR-2026-00061,Mobile Phone Theft Report,"On 2025-04-22 around 18:25 hrs, it was reported that a smartphone in a blue cover belonging to the complainant was taken near Vaigai Nagar College Road. The complaint was lodged by Rajesh Mani (9000000409). Prakash Palanisamy (9000000156), described as a business acquaintance, was also mentioned in the complaint. The complainant alleged that Chandran Subramani may be involved and provided the mobile number 9000000064. A witness, Praveen Natarajan, reachable on 9000000041, was mentioned in the complaint. Potentially relevant material referenced includes CCTV footage and a witness statement.",Theft,Mobile Theft,Written,22-04-2025,22-04-2025,18:25,Evening,Vaigai Nagar College Road,Karur,Tamil Nadu,Karur Town PS,Rajesh Mani,9000000409,Rajesh Mani,9000000409,Chandran Subramani,9000000064,Prakash Palanisamy,9000000156,NULL,None,NULL,CCTV footage; Witness statement,Praveen Natarajan,9000000041,Phone allegedly lifted during a brief distraction in a crowded area.,Under Investigation,IO-KRR-002,NULL,FIR,"mobile theft, smartphone, witness, suspect, mobile number, CCTV, associate, witness statement"
FIR-2026-00062,Missing Elderly Person Report,"A written complaint dated 2025-04-25 states that Mythili Selvi, aged 72, was reported missing after leaving for work; the last sighting was near Sevvanthi Colony Bus Stand Area, on 2025-04-25 around 16:15 hrs. The complaint was lodged by Saranya Murugan (9000000193), a family member of Mythili Selvi, whose last active mobile number is noted as 9000000244. Amudha Kannan (9000000066) noticed the incident and may be able to provide a statement. A further person, Udhay Muthu, an intermediary, using the number 9000000352, is stated to be associated with the incident. The identity of the person involved remains unknown at this stage. Potentially relevant material referenced includes CCTV footage.",Missing Person,Missing Elderly Person,Written,25-04-2025,25-04-2025,16:15,Afternoon,Sevvanthi Colony Bus Stand Area,Vellore,Tamil Nadu,Vellore Town PS,Saranya Murugan,9000000193,Mythili Selvi,9000000244,Unknown,NULL,Udhay Muthu,9000000352,NULL,None,NULL,CCTV footage,Amudha Kannan,9000000066,Elderly person reportedly left home alone and did not return.,Under Investigation,IO-VLR-002,NULL,FIR,"missing person, elderly, associate, CCTV, afternoon, bus stand, witness"
FIR-2026-00063,Two-Wheeler Theft Complaint,"On 2025-04-27 at roughly 00:25, it was reported that a maroon motorcycle bearing registration number TN-45-XX-1060 was found missing from the parking space near Roja Layout Industrial Area. A witness, Abirami Sri, reachable on 9000000096, was mentioned in the complaint. The complaint refers to Ganesh Shankar, a relative of the suspect, reachable on 9000000155. The complaint mentions Pandian Thangaraj, who was reportedly contacted on 9000000427, in connection with the events. Potentially relevant material referenced includes a vehicle observation. Records suggest a possible link with FIR-2026-00021, as the mobile number 9000000427 is associated with a suspect in both entries.",Vehicle Theft,Motorcycle Theft,Oral,27-04-2025,27-04-2025,00:25,Night,Roja Layout Industrial Area,Thanjavur,Tamil Nadu,Thanjavur Town PS,Sanjay Raj,9000000083,Sanjay Raj,9000000083,Pandian Thangaraj,9000000427,Ganesh Shankar,9000000155,TN-45-XX-1060,Motorcycle,NULL,Vehicle observation,Abirami Sri,9000000096,Vehicle reportedly taken during the night from a residential parking spot.,Pending Verification,IO-TNJ-001,FIR-2026-00021,Preliminary Report,"motorcycle theft, vehicle, suspect, motorcycle, night, mobile number, vehicle observation, industrial area"
FIR-2026-00064,Online Purchase Fraud Complaint,"A written complaint dated 2025-04-29 states that an online seller collected an advance of Rs. 3,500 for a product and then blocked the number of the complainant, on 2025-04-27 at about 00:05. Contact details given by the complainant, Durga Bai, include the number 9000000388. Ramesh Pandian (9000000469) was mentioned as a person who was present nearby. Transactions from the account SYN-ACC-100063, held by the complainant, were referred to in the complaint. Kishore Babu (mobile 9000000076) was named as a possible person of interest.",Cybercrime,Online Shopping Fraud,Written,29-04-2025,27-04-2025,00:05,Night,Nallur Park Main Street,Chennai,Tamil Nadu,Chennai North PS,Durga Bai,9000000388,Durga Bai,9000000388,Kishore Babu,9000000076,NULL,NULL,NULL,None,SYN-ACC-100063,Mobile phone record,Ramesh Pandian,9000000469,Seller allegedly collected an advance through an online advertisement and became unreachable.,Pending Verification,IO-CHN-004,NULL,FIR,"online shopping fraud, fake seller, main street, suspect, mobile number, night, witness, phone records"
FIR-2026-00065,Property Dispute Threat Complaint,"According to the complaint registered on 2025-04-30, the complainant reported being warned by a person near Nallur Park Main Street in Chennai not to enter the disputed property. The incident is stated to have occurred on 2025-04-30 at roughly 16:55. Chithra Raj submitted the complaint online using the mobile number 9000000303. A person named Arjun Shankar, associated with the number 9000000136, was mentioned as potentially relevant to the incident. Padmini Raj (9000000032) was mentioned as a person who was present nearby. The complainant mentioned a call detail reference and a witness statement.",Threat,Property Dispute Threat,Online,30-04-2025,30-04-2025,16:55,Afternoon,Nallur Park Main Street,Chennai,Tamil Nadu,Chennai North PS,Chithra Raj,9000000303,Chithra Raj,9000000303,Arjun Shankar,9000000136,NULL,NULL,NULL,None,NULL,Call detail reference; Witness statement,Padmini Raj,9000000032,Suspect reportedly warned the victim at the disputed property.,Under Investigation,IO-CHN-004,NULL,Preliminary Report,"threat, property dispute, witness, afternoon, main street, witness statement, call detail, mobile number"
FIR-2026-00066,Missing Student Report,"During the night of 2025-04-30, around 22:30, Deviga Murugan, aged 22, a college student, did not return after leaving for college; last known location was near Anbu Layout Bus Stand Area, according to the complaint recorded on 2025-04-30. The complainant could not identify the person involved. Jagan Velan (9000000339), described as a business acquaintance, was also mentioned in the complaint. Items referenced in the complaint: photographs and CCTV footage.",Missing Person,Missing Student,Oral,30-04-2025,30-04-2025,22:30,Night,Anbu Layout Bus Stand Area,Thanjavur,Tamil Nadu,Thanjavur East PS,Abirami Sekar,9000000186,Deviga Murugan,NULL,Unknown,NULL,Jagan Velan,9000000339,NULL,None,NULL,Photograph; CCTV footage,Unknown,NULL,Mobile phone allegedly switched off shortly after leaving the campus area.,Closed,IO-TNJ-004,NULL,FIR,"missing person, student, photograph, CCTV, associate, night, bus stand"
FIR-2026-00067,Purse Theft Complaint,"During the evening of 2025-05-02, around 18:50, the purse of the complainant with cash and cards was allegedly lifted while queueing at Nallur Puram Market Road, according to the complaint recorded on 2025-05-02. The complainant, Deepa Kumari, provided the contact number 9000000272. The incident reportedly occurred on or near a bus bearing registration TN-69-YY-1061. Vasanthi Bai (mobile 9000000115) was named as a possible person of interest. Potentially relevant material referenced includes CCTV footage and a vehicle observation.",Theft,Pickpocketing,Written,02-05-2025,02-05-2025,18:50,Evening,Nallur Puram Market Road,Chennai,Tamil Nadu,Chennai West PS,Deepa Kumari,9000000272,Deepa Kumari,9000000272,Vasanthi Bai,9000000115,NULL,NULL,TN-69-YY-1061,Bus,NULL,CCTV footage; Vehicle observation,Unknown,NULL,Wallet allegedly lifted from a pocket in a crowded queue.,Under Investigation,IO-CHN-007,NULL,Complaint,"pickpocketing, wallet, bus, mobile number, vehicle observation, market road, evening, CCTV"
FIR-2026-00068,Pickpocketing Complaint,"As per the preliminary report recorded on 2025-05-08, the purse of the complainant with cash and cards was allegedly lifted while queueing at Kurinji Puram Railway Station Road. The time of the incident was given as 08:05 on 2025-05-08. The online submission was made by Durga Raman (9000000103). Vasanth Mani (9000000382) was mentioned as a person who was present nearby. The complaint mentions Gunasekar Anand, who was reportedly contacted on 9000000050, in connection with the events. Sanjay Mani (9000000120), described as an intermediary, was also mentioned in the complaint. The complainant mentioned a witness statement and CCTV footage.",Theft,Pickpocketing,Online,08-05-2025,08-05-2025,08:05,Morning,Kurinji Puram Railway Station Road,Coimbatore,Tamil Nadu,Coimbatore Town PS,Durga Raman,9000000103,Durga Raman,9000000103,Gunasekar Anand,9000000050,Sanjay Mani,9000000120,NULL,None,NULL,Witness statement; CCTV footage,Vasanth Mani,9000000382,Reported theft occurred while the victim was boarding a bus.,Closed,IO-CBE-006,NULL,Preliminary Report,"pickpocketing, wallet, witness statement, witness, suspect, CCTV, railway station road, morning"
FIR-2026-00069,Card Gambling Complaint,"As per the preliminary report recorded on 2025-05-08, Logesh Palanisamy reported an organised card game played for money near Sindhu Garden Residential Colony, attracting repeated late-night crowds. The time of the incident was given as 01:00 on 2025-05-08. Abirami Kannan (9000000249) reported the matter for Logesh Palanisamy, whose contact number is given as 9000000171. Madhan Palanisamy (9000000295) was mentioned as a person who was present nearby. A person named Balaji Karuppasamy, associated with the number 9000000407, was mentioned as potentially relevant to the incident. Items referenced in the complaint: a witness statement and photographs. Records suggest a possible link with FIR-2026-00060, as the mobile number 9000000407 is associated with a suspect in both entries.",Illegal Gambling,Gambling Den Report,Oral,08-05-2025,08-05-2025,01:00,Night,Sindhu Garden Residential Colony,Erode,Tamil Nadu,Erode South PS,Abirami Kannan,9000000249,Logesh Palanisamy,9000000171,Balaji Karuppasamy,9000000407,NULL,NULL,NULL,None,NULL,Witness statement; Photograph,Madhan Palanisamy,9000000295,Organised card game reportedly run late at night.,Pending Verification,IO-ERD-005,FIR-2026-00060,Preliminary Report,"illegal gambling, card game, night, mobile number, witness, suspect, residential colony, witness statement"
FIR-2026-00070,Neighbour Harassment Complaint,"A written complaint dated 2025-05-10 states that the complainant reported repeated harassment by a neighbour over a payment settlement near Nallur Garden Residential Colony in Coimbatore, on 2025-05-10 at about 16:00. Contact details given by the complainant, Sangeetha Bai, include the number 9000000261. The complainant alleged that Senthil Krishnan may be involved and provided the mobile number 9000000461. Siva Muthu (9000000256), described as a co-worker, was also mentioned in the complaint. Potentially relevant material referenced includes CCTV footage and photographs.",Harassment,Neighbour Harassment,Written,10-05-2025,10-05-2025,16:00,Afternoon,Nallur Garden Residential Colony,Coimbatore,Tamil Nadu,Coimbatore North PS,Sangeetha Bai,9000000261,Sangeetha Bai,9000000261,Senthil Krishnan,9000000461,Siva Muthu,9000000256,NULL,None,NULL,CCTV footage; Photograph,Unknown,NULL,Neighbour allegedly used abusive language during a continuing dispute.,Pending Verification,IO-CBE-001,NULL,Preliminary Report,"harassment, neighbour dispute, mobile number, suspect, photograph, associate, residential colony, CCTV"
FIR-2026-00071,Neighbourhood Dispute Report,"The reported incident took place on 2025-05-11 (afternoon, 12:10): A neighbour allegedly obstructed access and used abusive language towards the complainant near Sevvanthi Puram Industrial Area on repeated occasions. Yuvaraj Selvam (9000000434) was mentioned as a person who was present nearby. The complainant alleged that Arjun Shankar may be involved and provided the mobile number 9000000136. Jeeva Natarajan (9000000002), described as a driver, was also mentioned in the complaint. The complainant mentioned social media screenshots and a witness statement. Records suggest a possible link with FIR-2026-00065, as the mobile number 9000000136 is associated with a suspect in both entries.",Harassment,Neighbour Harassment,Oral,12-05-2025,11-05-2025,12:10,Afternoon,Sevvanthi Puram Industrial Area,Chittoor,Andhra Pradesh,Chittoor North PS,Nithin Balan,9000000470,Nithin Balan,9000000470,Arjun Shankar,9000000136,Jeeva Natarajan,9000000002,NULL,None,NULL,Social media screenshot; Witness statement,Yuvaraj Selvam,9000000434,Access to the property reportedly obstructed repeatedly.,Under Investigation,IO-CTR-004,FIR-2026-00065,FIR,"harassment, neighbour dispute, witness statement, mobile number, suspect, afternoon, associate, witness"
FIR-2026-00072,Vandalism Complaint,"It was alleged that the compound wall of the complainant near Nallur Colony College Road was defaced and partly broken. The matter was brought to Madurai North PS on 2025-05-14, while the incident was placed on 2025-05-14 around 22:10 hrs. The complaint was lodged by Uma Raj (9000000089). The identity of the person involved remains unknown at this stage. The complainant mentioned photographs and CCTV footage.",Property Crime,Vandalism,Written,14-05-2025,14-05-2025,22:10,Night,Nallur Colony College Road,Madurai,Tamil Nadu,Madurai North PS,Uma Raj,9000000089,Uma Raj,9000000089,Unknown,NULL,NULL,NULL,NULL,None,NULL,Photograph; CCTV footage,Unknown,NULL,Property reportedly defaced late at night.,Pending Verification,IO-MDU-003,NULL,Complaint,"vandalism, property damage, college road, CCTV, night, photograph"
FIR-2026-00073,Suspected Narcotics Activity Complaint,"During the night of 2025-05-16, around 23:45, the complainant reported suspicious activity near Sindhu Garden Residential Colony, where a person was allegedly handing over packets to visitors at night, according to the complaint recorded on 2025-05-16. The online submission was made by Padmini Bai (9000000447). The complainant noted the registration number TN-33-XX-1072 of a yellow car. Vasanth Mani (9000000382), described as a relative of the suspect, was also mentioned in the complaint. Suspicion was reportedly directed towards Balaji Karuppasamy, using the number 9000000407. A second person, Jagan Raman (9000000369), was also mentioned as possibly present. A witness, Abirami Sekar, reachable on 9000000186, was mentioned in the complaint. Potentially relevant material referenced includes CCTV footage, a witness statement and a call detail reference.",Drug-Related,Suspected Narcotics Sale,Online,16-05-2025,16-05-2025,23:45,Night,Sindhu Garden Residential Colony,Erode,Tamil Nadu,Erode South PS,Padmini Bai,9000000447,Padmini Bai,9000000447,Balaji Karuppasamy,9000000407,Vasanth Mani,9000000382,TN-33-XX-1072,Car,NULL,CCTV footage; Witness statement; Call detail reference,Abirami Sekar,9000000186,Repeated suspicious exchanges allegedly observed near a public place.,Under Investigation,IO-ERD-005,NULL,FIR,"suspected narcotics, suspicious activity, suspect, CCTV, witness, associate, car, witness statement"
FIR-2026-00074,Wallet Theft Report,"It was alleged that the purse of the complainant with cash and cards was allegedly lifted while queueing at Kurinji Puram Railway Station Road. The matter was brought to Coimbatore Town PS on 2025-05-17, while the incident was placed on 2025-05-15 at approximately 15:55. The complainant, Tamilselvi Devi, provided the contact number 9000000452. Gunasekar Anand (mobile 9000000050) was named as a possible person of interest. A bus with registration number TN-45-ZZ-1062 was mentioned in connection with the incident. A second person, Senthil Sekar (9000000174), was also mentioned as possibly present. The complainant mentioned CCTV footage.",Theft,Pickpocketing,Written,17-05-2025,15-05-2025,15:55,Afternoon,Kurinji Puram Railway Station Road,Coimbatore,Tamil Nadu,Coimbatore Town PS,Tamilselvi Devi,9000000452,Tamilselvi Devi,9000000452,Gunasekar Anand,9000000050,NULL,NULL,TN-45-ZZ-1062,Bus,NULL,CCTV footage,Unknown,NULL,Reported theft occurred while the victim was boarding a bus. The incident reportedly took place on a bus.,Closed,IO-CBE-006,NULL,FIR,"pickpocketing, wallet, suspect, afternoon, mobile number, railway station road, CCTV, bus"
FIR-2026-00075,Forged Signature Complaint,"During the morning of 2025-05-16, around 09:15, a cheque bearing a forged signature of the complainant for Rs. 2,50,000 was presented near Roja Park Main Street in Coimbatore, according to the complaint recorded on 2025-05-19. Anand Krishnan (mobile 9000000088) was named as a possible person of interest. A witness, Siva Sekar, reachable on 9000000284, was mentioned in the complaint. Potentially relevant material referenced includes physical documents and a witness statement. Records suggest a possible link with FIR-2026-00040, as the mobile number 9000000088 is associated with a suspect in both entries.",Forgery,Forged Signature,Written,19-05-2025,16-05-2025,09:15,Morning,Roja Park Main Street,Coimbatore,Tamil Nadu,Coimbatore North PS,Sanjay Raj,9000000083,Sanjay Raj,9000000083,Anand Krishnan,9000000088,NULL,NULL,NULL,None,NULL,Physical document; Witness statement,Siva Sekar,9000000284,Signature allegedly imitated on a cheque or agreement.,Pending Verification,IO-CBE-002,FIR-2026-00040,Preliminary Report,"forgery, forged signature, morning, mobile number, witness statement, main street, suspect, documents"
FIR-2026-00076,Assault Incident Report,"The reported incident took place on 2025-05-17 (evening, 19:15): The complainant was allegedly assaulted during an argument near Roja Park Main Street in Coimbatore, resulting in minor injuries. The complaint was lodged by Arun Prakash (9000000194). A second person, Elango Prakash (9000000351), was also mentioned as possibly present. No independent witness was identified at the time of registration. The complainant alleged that Senthil Krishnan may be involved and provided the mobile number 9000000461. The complainant mentioned photographs, physical documents and CCTV footage.",Assault,Physical Assault,Written,19-05-2025,17-05-2025,19:15,Evening,Roja Park Main Street,Coimbatore,Tamil Nadu,Coimbatore North PS,Arun Prakash,9000000194,Arun Prakash,9000000194,Senthil Krishnan,9000000461,NULL,NULL,NULL,None,NULL,Photograph; Physical document; CCTV footage,Unknown,NULL,Dispute reportedly escalated into a physical altercation.,Closed,IO-CBE-002,NULL,FIR,"assault, altercation, documents, suspect, photograph, evening, main street, mobile number"
FIR-2026-00077,UPI Collect Request Fraud Report,"During the night of 2025-05-19, around 22:25, a person offering to buy an item listed online asked the complainant to approve a UPI request, following which Rs. 9,900 was withdrawn, according to the complaint recorded on 2025-05-19. Kumaran Prakash reported the matter orally at Chennai South PS; the contact number given was 9000000476. A witness, Kishore Selvam, reachable on 9000000323, was mentioned in the complaint. Suspicion was reportedly directed towards Kishore Babu, using the number 9000000076. The complainant mentioned social media screenshots. Records suggest a possible link with FIR-2026-00064, as the mobile number 9000000076 is associated with a suspect in both entries.",Cybercrime,UPI Fraud,Oral,19-05-2025,19-05-2025,22:25,Night,Mullai Park Shopping Complex,Chennai,Tamil Nadu,Chennai South PS,Kumaran Prakash,9000000476,Kumaran Prakash,9000000476,Kishore Babu,9000000076,NULL,NULL,NULL,None,NULL,Social media screenshot,Kishore Selvam,9000000323,Fraudulent QR code allegedly shared under the pretext of a refund.,Closed,IO-CHN-005,FIR-2026-00064,FIR,"UPI fraud, online payment, night, shopping complex, screenshot, mobile number, suspect, witness"
FIR-2026-00078,Street Robbery Complaint,"According to the complaint registered on 2025-05-19, the complainant was stopped by a group near Roja Park Main Street, and a wristwatch along with cash of around Rs. 3,000 were taken under threat. The incident is stated to have occurred on 2025-05-19 at approximately 20:30. Contact details given by the complainant, Deviga Devi, include the number 9000000460. The complaint refers to Sanjay Mani, an intermediary, reachable on 9000000120. No independent witness was identified at the time of registration. The complaint mentions Gunasekar Anand, who was reportedly contacted on 9000000050, in connection with the events. A motorcycle bearing the number TN-38-YY-1022 was seen leaving the area. The complainant mentioned a vehicle observation and mobile phone records.",Robbery,Street Robbery,Written,19-05-2025,19-05-2025,20:30,Evening,Roja Park Main Street,Coimbatore,Tamil Nadu,Coimbatore North PS,Deviga Devi,9000000460,Deviga Devi,9000000460,Gunasekar Anand,9000000050,Sanjay Mani,9000000120,TN-38-YY-1022,Motorcycle,NULL,Vehicle observation; Mobile phone record,Unknown,NULL,Victim allegedly intercepted and threatened before valuables were taken.,Open,IO-CBE-002,NULL,Complaint,"robbery, threat, associate, phone records, main street, vehicle observation, evening, mobile number"
FIR-2026-00079,Suspicious Substance Sale Report,"According to the complaint registered on 2025-05-19, residents near Sindhu Garden Residential Colony reported repeated visits by a group of persons allegedly exchanging small packets, raising suspicion of the sale of a banned substance. The incident is stated to have occurred on 2025-05-19 at approximately 22:30. The complainant, Pavithra Kannan, provided the contact number 9000000453. Suspicion was reportedly directed towards Balaji Karuppasamy, using the number 9000000407. No independent witness was identified at the time of registration. Potentially relevant material referenced includes photographs, CCTV footage and a call detail reference. Records suggest a possible link with FIR-2026-00047, as the mobile number 9000000407 is associated with a suspect in both entries.",Drug-Related,Suspected Narcotics Sale,Written,19-05-2025,19-05-2025,22:30,Night,Sindhu Garden Residential Colony,Erode,Tamil Nadu,Erode South PS,Pavithra Kannan,9000000453,Pavithra Kannan,9000000453,Balaji Karuppasamy,9000000407,NULL,NULL,NULL,None,NULL,Photograph; CCTV footage; Call detail reference,Unknown,NULL,Repeated suspicious exchanges allegedly observed near a public place.,Open,IO-ERD-005,FIR-2026-00047,FIR,"suspected narcotics, suspicious activity, night, mobile number, CCTV, residential colony, suspect, photograph"
FIR-2026-00080,Loan Recovery Harassment Complaint,"It was alleged that agents of a loan application allegedly contacted the complainant and relatives with abusive messages over alleged dues of Rs. 50,000. The matter was brought to Vellore North PS on 2025-05-19, while the incident was placed on 2025-05-19 at roughly 21:00. The online submission was made by Dharani Gopal (9000000072). Funds were reportedly sent to the account reference SYN-ACC-100074. Pavithra Bai (9000000006) noticed the incident and may be able to provide a statement. The complainant could not identify the person involved. The complaint refers to another person whose identity could not be established. Potentially relevant material referenced includes social media screenshots.",Harassment,Loan Recovery Harassment,Online,19-05-2025,19-05-2025,21:00,Night,Selvapuram Puram Main Street,Vellore,Tamil Nadu,Vellore North PS,Dharani Gopal,9000000072,Dharani Gopal,9000000072,Unknown,NULL,Unknown,NULL,NULL,None,SYN-ACC-100074,Social media screenshot,Pavithra Bai,9000000006,Messages reportedly sent to relatives to pressure repayment.,Closed,IO-VLR-003,NULL,Complaint,"loan app, harassment, receiving account, witness, screenshot, night, main street"
FIR-2026-00081,Assault by Group Report,"As per the FIR recorded on 2025-05-20, the complainant was allegedly surrounded and attacked by several persons near Sindhu Garden Residential Colony in Erode after a dispute over a boundary issue. The time of the incident was given as 01:45 on 2025-05-19. Sathish Kumar submitted the complaint online using the mobile number 9000000268. The complaint refers to Vasanth Mani, a neighbour, reachable on 9000000382. The complainant noted the registration number TN-33-ZZ-1029 of a yellow van. Suspicion was reportedly directed towards Jagan Raman, using the number 9000000369. Madhan Palanisamy (9000000295) noticed the incident and may be able to provide a statement. Items referenced in the complaint: a witness statement and photographs.",Assault,Group Assault,Online,20-05-2025,19-05-2025,01:45,Night,Sindhu Garden Residential Colony,Erode,Tamil Nadu,Erode South PS,Sathish Kumar,9000000268,Sathish Kumar,9000000268,Jagan Raman,9000000369,Vasanth Mani,9000000382,TN-33-ZZ-1029,Van,NULL,Witness statement; Photograph,Madhan Palanisamy,9000000295,Several persons reportedly attacked the victim in a secluded stretch. A van was reportedly used to leave the area.,Closed,IO-ERD-006,NULL,FIR,"group assault, injury, suspect, witness statement, photograph, witness, night, residential colony"
FIR-2026-00082,Physical Assault Complaint,"A oral complaint dated 2025-05-20 states that the complainant was allegedly struck by a person after a verbal exchange at Roja Park Main Street and later sought medical attention, on 2025-05-20 around 14:35 hrs. Rajesh Mani reported the matter orally at Coimbatore North PS; the contact number given was 9000000409. The complaint mentions Bharathi Raj, who was reportedly contacted on 9000000191, in connection with the events. Potentially relevant material referenced includes physical documents and CCTV footage.",Assault,Physical Assault,Oral,20-05-2025,20-05-2025,14:35,Afternoon,Roja Park Main Street,Coimbatore,Tamil Nadu,Coimbatore North PS,Rajesh Mani,9000000409,Rajesh Mani,9000000409,Bharathi Raj,9000000191,NULL,NULL,NULL,None,NULL,Physical document; CCTV footage,Unknown,NULL,Dispute reportedly escalated into a physical altercation.,Closed,IO-CBE-001,NULL,Complaint,"assault, altercation, afternoon, CCTV, documents, main street, suspect, mobile number"
FIR-2026-00083,Missing Person Report,"According to the complaint registered on 2025-05-20, Hariharan Ramasamy, aged 33, could not be traced after leaving home for work; the last sighting was near Oviya Colony Railway Station Road. The incident is stated to have occurred on 2025-05-20 at about 15:10. The complaint was lodged by Karthik Pandian (9000000137), a family member of Hariharan Ramasamy, whose last active mobile number is noted as 9000000133. Rajesh Krishnan was mentioned as a person who was present nearby, but no contact number was available. The identity of the person involved remains unknown at this stage.",Missing Person,Missing Adult,Written,20-05-2025,20-05-2025,15:10,Afternoon,Oviya Colony Railway Station Road,Erode,Tamil Nadu,Erode South PS,Karthik Pandian,9000000137,Hariharan Ramasamy,9000000133,Unknown,NULL,NULL,NULL,NULL,None,NULL,CCTV footage,Rajesh Krishnan,NULL,Last known location noted near a public transport point.,Closed,IO-ERD-005,NULL,FIR,"missing person, adult, afternoon, CCTV, railway station road, witness"
FIR-2026-00084,Robbery Incident Report,"As per the FIR recorded on 2025-05-21, a person allegedly threatened Kumaran Anand at Roja Park Main Street in Coimbatore and took a mobile phone. The time of the incident was given as 22:45 on 2025-05-21. The complaint was lodged by Elango Krishnan (9000000081) on behalf of Kumaran Anand, whose contact number is given as 9000000039. No independent witness was identified at the time of registration. No identifying details of the suspected person were available at the time of registration. A motorcycle bearing the number TN-38-YY-1022 was seen leaving the area. Items referenced in the complaint: a vehicle observation.",Robbery,Street Robbery,Written,21-05-2025,21-05-2025,22:45,Night,Roja Park Main Street,Coimbatore,Tamil Nadu,Coimbatore North PS,Elango Krishnan,9000000081,Kumaran Anand,9000000039,Unknown,NULL,NULL,NULL,TN-38-YY-1022,Motorcycle,NULL,Vehicle observation,Unknown,NULL,Victim allegedly intercepted and threatened before valuables were taken. A motorcycle was reportedly used to leave the area.,Pending Verification,IO-CBE-002,NULL,FIR,"robbery, threat, main street, night, motorcycle, vehicle observation"
FIR-2026-00085,Missing Person Complaint,"On 2025-05-21 at about 13:50, it was reported that the brother of the complainant, Divya Kumari, aged 23, left for a bank visit and could not be contacted afterwards; last seen near Nila Garden Bus Stand Area. The complaint was lodged by Ganesh Natarajan (9000000055), a family member of Divya Kumari, whose last active mobile number is noted as 9000000152. The complaint refers to Divya Murugan, a person who arranged the contact, reachable on 9000000333. Praveen Balan (9000000446) noticed the incident and may be able to provide a statement. The identity of the person involved remains unknown at this stage. Items referenced in the complaint: photographs.",Missing Person,Missing Student,Written,21-05-2025,21-05-2025,13:50,Afternoon,Nila Garden Bus Stand Area,Erode,Tamil Nadu,Erode Central PS,Ganesh Natarajan,9000000055,Divya Kumari,9000000152,Unknown,NULL,Divya Murugan,9000000333,NULL,None,NULL,Photograph,Praveen Balan,9000000446,Student reportedly left for college and could not be contacted afterwards.,Closed,IO-ERD-001,NULL,Complaint,"missing person, student, associate, photograph, bus stand, witness, afternoon"
FIR-2026-00086,Theft of Valuables Complaint,"During the afternoon of 2025-05-22, around 12:00, items including a gas stove and utensils were taken from an unattended premises at Vaigai Park Parking Area, according to the complaint recorded on 2025-05-22. A person named Arjun Shankar, associated with the number 9000000136, was mentioned as potentially relevant to the incident. Items referenced in the complaint: physical documents and CCTV footage.",Theft,Property Theft,Oral,22-05-2025,22-05-2025,12:00,Afternoon,Vaigai Park Parking Area,Chennai,Tamil Nadu,Chennai South PS,Mohan Natarajan,9000000391,Mohan Natarajan,9000000391,Arjun Shankar,9000000136,NULL,NULL,NULL,None,NULL,Physical document; CCTV footage,Unknown,NULL,Items reportedly taken while the premises were unattended.,Closed,IO-CHN-006,NULL,FIR,"property theft, valuables, documents, CCTV, parking area, mobile number, afternoon, suspect"
FIR-2026-00087,Premises Occupation Dispute Report,"A written complaint dated 2025-05-23 states that a rented premises near Nallur Park Main Street was allegedly occupied by a person after the lease ended, and the keys were not returned, on 2025-05-13 at about 14:15. The complainant, Rajeshwari Ammal, provided the contact number 9000000242. The complainant alleged that Karthik Thangaraj may be involved and provided the mobile number 9000000053. No independent witness was identified at the time of registration. Items referenced in the complaint: physical documents.",Property Crime,Illegal Occupation,Written,23-05-2025,13-05-2025,14:15,Afternoon,Nallur Park Main Street,Chennai,Tamil Nadu,Chennai North PS,Rajeshwari Ammal,9000000242,Rajeshwari Ammal,9000000242,Karthik Thangaraj,9000000053,NULL,NULL,NULL,None,NULL,Physical document,Unknown,NULL,Premises allegedly occupied after the lease period ended.,Under Investigation,IO-CHN-004,NULL,Complaint,"illegal occupation, lease dispute, afternoon, suspect, main street, mobile number, documents"
FIR-2026-00088,Purse Theft Complaint,"The reported incident took place on 2025-05-24 (morning, 10:50): The purse of the complainant with cash and cards was allegedly lifted while queueing at Kurinji Puram Railway Station Road in Coimbatore. Contact details given by the complainant, Rakesh Anand, include the number 9000000340. The complainant could not identify the person involved. Items referenced in the complaint: CCTV footage and photographs.",Theft,Pickpocketing,Written,24-05-2025,24-05-2025,10:50,Morning,Kurinji Puram Railway Station Road,Coimbatore,Tamil Nadu,Coimbatore Town PS,Rakesh Anand,9000000340,Rakesh Anand,9000000340,Unknown,NULL,NULL,NULL,NULL,None,NULL,CCTV footage; Photograph,Unknown,NULL,Reported theft occurred while the victim was boarding a bus.,Under Investigation,IO-CBE-006,NULL,FIR,"pickpocketing, wallet, CCTV, morning, photograph, railway station road"
FIR-2026-00089,Advance Payment Cheating Complaint,"During the evening of 2025-05-23, around 17:40, the complainant paid an advance of Rs. 25,000 for a tour package, but the service was not provided and the payee stopped responding, according to the complaint recorded on 2025-05-25. Rakesh Krishnan approached Erode South PS to report the matter and can be reached on 9000000381. The account reference SYN-ACC-100075 linked to the complainant was mentioned in relation to the transactions. A person named Tamilarasan Muthu, associated with the number 9000000260, was mentioned as potentially relevant to the incident. Potentially relevant material referenced includes digital documents, physical documents and a call detail reference. Records suggest a possible link with FIR-2026-00056, as the mobile number 9000000260 is associated with a suspect in both entries.",Cheating,Advance Payment Cheating,Written,25-05-2025,23-05-2025,17:40,Evening,Sindhu Garden Residential Colony,Erode,Tamil Nadu,Erode South PS,Rakesh Krishnan,9000000381,Rakesh Krishnan,9000000381,Tamilarasan Muthu,9000000260,NULL,NULL,NULL,None,SYN-ACC-100075,Digital document; Physical document; Call detail reference,Unknown,NULL,Advance allegedly collected for a service that was not provided.,Closed,IO-ERD-006,FIR-2026-00056,FIR,"advance payment, cheating, documents, residential colony, mobile number, suspect, digital document, bank account"
FIR-2026-00090,Online Threat for Money Complaint,"It was alleged that an online contact allegedly demanded Rs. 25,000 from the complainant and threatened to share personal content. The matter was brought to Erode Central PS on 2025-05-31, while the incident was placed on 2025-05-28 at roughly 16:15. Harish Babu submitted the complaint online using the mobile number 9000000422. Meena Sekar was mentioned as a person who was present nearby, but no contact number was available. The identity of the person involved remains unknown at this stage. Funds were reportedly sent to the account reference SYN-ACC-100051. No supporting material was reported at the time of registration.",Extortion,Digital Blackmail,Online,31-05-2025,28-05-2025,16:15,Afternoon,Sindhu Colony College Road,Erode,Tamil Nadu,Erode Central PS,Harish Babu,9000000422,Harish Babu,9000000422,Unknown,NULL,NULL,NULL,NULL,None,SYN-ACC-100051,None reported,Meena Sekar,NULL,Payment reportedly demanded under a threat of public exposure.,Under Investigation,IO-ERD-002,NULL,FIR,"blackmail, online threat, college road, afternoon, witness, receiving account"
FIR-2026-00091,Signature Forgery Report,"As per the complaint recorded on 2025-06-01, a cheque bearing a forged signature of the complainant for Rs. 8,00,000 was presented near Roja Park Main Street. The time of the incident was given as 14:40 on 2025-05-21. The complaint was lodged by Hemanth Murugan (9000000301). Suspicion was reportedly directed towards Pandian Thangaraj, using the number 9000000427. No supporting material was reported at the time of registration. Records suggest a possible link with FIR-2026-00010, as the mobile number 9000000427 is associated with a suspect in both entries.",Forgery,Forged Signature,Written,01-06-2025,21-05-2025,14:40,Afternoon,Roja Park Main Street,Coimbatore,Tamil Nadu,Coimbatore North PS,Hemanth Murugan,9000000301,Hemanth Murugan,9000000301,Pandian Thangaraj,9000000427,NULL,NULL,NULL,None,NULL,None reported,Unknown,NULL,Forged signature reportedly used to obtain payment.,Pending Verification,IO-CBE-001,FIR-2026-00010,Complaint,"forgery, forged signature, main street, afternoon, mobile number, suspect"
FIR-2026-00092,Phishing Complaint,"On 2025-06-03 at approximately 17:05, it was reported that a message about KYC expiry led the complainant to a website where account credentials were entered, and Rs. 18,500 was transferred out. The complaint was lodged by Malathi Selvi (9000000386). Rajesh Rajan (9000000302) was mentioned as a person who was present nearby. Transaction details refer to the receiving account SYN-ACC-100071. The complainant could not identify the person involved. Items referenced in the complaint: digital documents and social media screenshots. The account SYN-ACC-100071 was also referenced in FIR-2026-00046, so the two matters may be potentially related.",Cybercrime,Phishing,Written,03-06-2025,03-06-2025,17:05,Evening,Kalai Nagar College Road,Tirunelveli,Tamil Nadu,Tirunelveli Junction PS,Malathi Selvi,9000000386,Malathi Selvi,9000000386,Unknown,NULL,NULL,NULL,NULL,None,SYN-ACC-100071,Digital document; Social media screenshot,Rajesh Rajan,9000000302,Victim reported receiving a suspicious link that imitated a bank notification.,Under Investigation,IO-TVL-003,FIR-2026-00046,Complaint,"phishing, suspicious link, college road, witness, evening, screenshot, digital document, receiving account"
FIR-2026-00093,Neighbourhood Dispute Report,"During the early morning of 2025-06-05, around 06:30, the complainant reported repeated harassment by a neighbour over a payment settlement near Roja Park Main Street in Coimbatore, according to the complaint recorded on 2025-06-07. The online submission was made by Yogesh Balan (9000000338). Dinesh Subramani (9000000212) was mentioned as a person who was present nearby. Senthil Krishnan (mobile 9000000461) was named as a possible person of interest. The complainant noted the registration number TN-38-YY-1028 of a black car.",Harassment,Neighbour Harassment,Online,07-06-2025,05-06-2025,06:30,Early Morning,Roja Park Main Street,Coimbatore,Tamil Nadu,Coimbatore North PS,Yogesh Balan,9000000338,Yogesh Balan,9000000338,Senthil Krishnan,9000000461,NULL,NULL,TN-38-YY-1028,Car,NULL,Witness statement,Dinesh Subramani,9000000212,Neighbour allegedly used abusive language during a continuing dispute.,Closed,IO-CBE-002,NULL,Complaint,"harassment, neighbour dispute, witness statement, early morning, mobile number, suspect, witness, car"
FIR-2026-00094,Vandalism Complaint,"A written complaint dated 2025-06-07 states that a parked car of the complainant near Kalai Puram Apartment Complex in Chennai was defaced and partly broken, on 2025-06-06 at approximately 20:05. Elango Krishnan approached Chennai Central PS to report the matter and can be reached on 9000000081. Udhay Muthu (9000000352), described as an intermediary, was also mentioned in the complaint. Suspicion was reportedly directed towards Prakash Palanisamy, using the number 9000000156. No independent witness was identified at the time of registration. Potentially relevant material referenced includes CCTV footage and photographs.",Property Crime,Vandalism,Written,07-06-2025,06-06-2025,20:05,Evening,Kalai Puram Apartment Complex,Chennai,Tamil Nadu,Chennai Central PS,Elango Krishnan,9000000081,Elango Krishnan,9000000081,Prakash Palanisamy,9000000156,Udhay Muthu,9000000352,NULL,None,NULL,CCTV footage; Photograph,Unknown,NULL,Unidentified persons allegedly damaged the property while it was unattended.,Under Investigation,IO-CHN-002,NULL,FIR,"vandalism, property damage, apartment complex, mobile number, CCTV, evening, suspect, photograph"
FIR-2026-00095,Forged Document Complaint,"On 2025-06-05 around 10:15 hrs, it was reported that the complainant learned that a document with altered details had been submitted for a transaction worth Rs. 5,00,000 near Selvapuram Puram Main Street in Vellore. The complaint was lodged by Tamilselvi Devi (9000000452). Dinesh Balan (9000000363), described as an intermediary, was also mentioned in the complaint. No independent witness was identified at the time of registration. Vasanth Gopal (mobile 9000000245) was named as a possible person of interest. The complainant mentioned physical documents and digital documents.",Forgery,Forged Document,Written,08-06-2025,05-06-2025,10:15,Morning,Selvapuram Puram Main Street,Vellore,Tamil Nadu,Vellore North PS,Tamilselvi Devi,9000000452,Tamilselvi Devi,9000000452,Vasanth Gopal,9000000245,Dinesh Balan,9000000363,NULL,None,NULL,Physical document; Digital document,Unknown,NULL,Forged papers reportedly used to process a transaction.,Open,IO-VLR-003,NULL,Complaint,"forgery, forged document, documents, suspect, digital document, mobile number, morning, associate"
FIR-2026-00096,Pickpocketing Complaint,"The reported incident took place on 2025-06-08 (morning, 08:25): The complainant found the pocket emptied of cash (about Rs. 2,200) after boarding a crowded bus near Nila Nagar Bus Stand Area in Chennai. Anand Krishnan (mobile 9000000088) was named as a possible person of interest. A bus with registration number TN-69-YY-1061 was mentioned in connection with the incident. Items referenced in the complaint: CCTV footage and a vehicle observation. Records suggest a possible link with FIR-2026-00075, as the mobile number 9000000088 is associated with a suspect in both entries.",Theft,Pickpocketing,Written,08-06-2025,08-06-2025,08:25,Morning,Nila Nagar Bus Stand Area,Chennai,Tamil Nadu,Chennai North PS,Saravanan Selvam,9000000441,Saravanan Selvam,9000000441,Anand Krishnan,9000000088,NULL,NULL,TN-69-YY-1061,Bus,NULL,CCTV footage; Vehicle observation,Unknown,NULL,Reported theft occurred while the victim was boarding a bus.,Pending Verification,IO-CHN-004,FIR-2026-00075,Complaint,"pickpocketing, wallet, bus, bus stand, morning, mobile number, suspect, CCTV"
FIR-2026-00097,Physical Assault Complaint,"The reported incident took place on 2025-06-09 (evening, 17:50): Anitha Raj was allegedly assaulted during an argument near Roja Nagar Residential Colony, resulting in minor injuries. The complaint was lodged by Mohan Gopal (9000000456) on behalf of Anitha Raj, whose contact number is given as 9000000399. A person named Janani Devi, associated with the number 9000000454, was mentioned as potentially relevant to the incident. The complaint refers to Arun Selvam, a driver, reachable on 9000000377. A maroon auto with registration TN-28-ZZ-1077 was observed near Roja Nagar Residential Colony. The complainant mentioned physical documents and photographs.",Assault,Physical Assault,Online,09-06-2025,09-06-2025,17:50,Evening,Roja Nagar Residential Colony,Thoothukudi,Tamil Nadu,Thoothukudi Port PS,Mohan Gopal,9000000456,Anitha Raj,9000000399,Janani Devi,9000000454,Arun Selvam,9000000377,TN-28-ZZ-1077,Auto,NULL,Physical document; Photograph,Unknown,NULL,Suspect allegedly attacked the victim during a heated argument. A auto was reportedly used to leave the area.,Under Investigation,IO-TUT-004,NULL,Complaint,"assault, altercation, auto, photograph, residential colony, mobile number, documents, associate"
FIR-2026-00098,Two-Wheeler Theft Complaint,"On 2025-06-09 at roughly 03:20, it was reported that a black motorcycle bearing registration number TN-39-XX-1078 was found missing from the parking space near Vennila Puram Shopping Complex. Arjun Pandian approached Erode South PS to report the matter and can be reached on 9000000330. Suspicion was reportedly directed towards Tamilarasan Muthu, using the number 9000000260. Manoj Karuppasamy (9000000054) noticed the incident and may be able to provide a statement. A further person, Gokul Sundaram, a neighbour, using the number 9000000491, is stated to be associated with the incident. The complainant mentioned CCTV footage.",Vehicle Theft,Motorcycle Theft,Oral,11-06-2025,09-06-2025,03:20,Night,Vennila Puram Shopping Complex,Erode,Tamil Nadu,Erode South PS,Arjun Pandian,9000000330,Arjun Pandian,9000000330,Tamilarasan Muthu,9000000260,Gokul Sundaram,9000000491,TN-39-XX-1078,Motorcycle,NULL,CCTV footage,Manoj Karuppasamy,9000000054,Vehicle reportedly taken from an unattended parking area.,Under Investigation,IO-ERD-005,NULL,Complaint,"motorcycle theft, vehicle, shopping complex, witness, motorcycle, CCTV, mobile number, night"
FIR-2026-00099,Loan Processing Fee Fraud Complaint,"During the morning of 2025-06-10, around 10:35, the complainant paid Rs. 4,50,000 as a processing fee for a promised loan that was never disbursed, according to the complaint recorded on 2025-06-11. Contact details given by the complainant, Vasanth Raman, include the number 9000000051. Sathish Sundaram (mobile 9000000372) was named as a possible person of interest. The complaint refers to Udhay Muthu, a relative of the suspect, reachable on 9000000352. Potentially relevant material referenced includes digital documents.",Financial Fraud,Loan Fraud,Written,11-06-2025,10-06-2025,10:35,Morning,Vennila Puram Shopping Complex,Erode,Tamil Nadu,Erode South PS,Vasanth Raman,9000000051,Vasanth Raman,9000000051,Sathish Sundaram,9000000372,Udhay Muthu,9000000352,NULL,None,NULL,Digital document,Unknown,NULL,Agent reportedly claimed a guaranteed approval and became unreachable.,Closed,IO-ERD-005,NULL,Complaint,"loan fraud, processing fee, shopping complex, associate, mobile number, digital document, suspect, morning"
FIR-2026-00100,Neighbour Harassment Complaint,"It was alleged that the complainant reported repeated harassment by a neighbour over a personal disagreement near Roja Park Main Street in Coimbatore. The matter was brought to Coimbatore North PS on 2025-06-12, while the incident was placed on 2025-06-08 at approximately 10:50. Babu Selvam reported the matter orally at Coimbatore North PS; the contact number given was 9000000442. Anitha Raman (9000000267) noticed the incident and may be able to provide a statement. The complaint refers to Logesh Karuppasamy, a person who arranged the contact, reachable on 9000000198. Suspicion was reportedly directed towards Gunasekar Anand, using the number 9000000050. The complainant mentioned photographs and CCTV footage. Records suggest a possible link with FIR-2026-00078, as the mobile number 9000000050 is associated with a suspect in both entries.",Harassment,Neighbour Harassment,Oral,12-06-2025,08-06-2025,10:50,Morning,Roja Park Main Street,Coimbatore,Tamil Nadu,Coimbatore North PS,Babu Selvam,9000000442,Babu Selvam,9000000442,Gunasekar Anand,9000000050,Logesh Karuppasamy,9000000198,NULL,None,NULL,Photograph; CCTV footage,Anitha Raman,9000000267,Neighbour allegedly used abusive language during a continuing dispute.,Under Investigation,IO-CBE-001,FIR-2026-00078,Complaint,"harassment, neighbour dispute, suspect, CCTV, morning, photograph, mobile number, associate"
FIR-2026-00101,Defacement of Property Report,"The reported incident took place on 2025-06-14 (night, 21:55): The compound wall of the complainant near Mangai Colony Railway Station Road was defaced and partly broken. The complainant, Jagan Shankar, provided the contact number 9000000161. A further person, Hariharan Subramani, a person who arranged the contact, using the number 9000000044, is stated to be associated with the incident. The complainant alleged that Karthik Thangaraj may be involved and provided the mobile number 9000000053. Potentially relevant material referenced includes CCTV footage. Records suggest a possible link with FIR-2026-00087, as the mobile number 9000000053 is associated with a suspect in both entries.",Property Crime,Vandalism,Written,14-06-2025,14-06-2025,21:55,Night,Mangai Colony Railway Station Road,Chittoor,Andhra Pradesh,Chittoor Town PS,Jagan Shankar,9000000161,Jagan Shankar,9000000161,Karthik Thangaraj,9000000053,Hariharan Subramani,9000000044,NULL,None,NULL,CCTV footage,Unknown,NULL,Unidentified persons allegedly damaged the property while it was unattended.,Closed,IO-CTR-002,FIR-2026-00087,FIR,"vandalism, property damage, mobile number, suspect, CCTV, night, railway station road, associate"
FIR-2026-00102,Job Offer Cheating Complaint,"On 2025-06-13 at about 16:25, it was reported that the complainant paid Rs. 4,00,000 to a person who promised a job placement, but no appointment order was provided and calls went unanswered. Inban Balan submitted the complaint online using the mobile number 9000000367. The complainant alleged that Saravanan Anand may be involved and provided the mobile number 9000000282. Yuvaraj Selvam (9000000434) noticed the incident and may be able to provide a statement. Items referenced in the complaint: digital documents and a call detail reference.",Cheating,Job Offer Cheating,Online,15-06-2025,13-06-2025,16:25,Afternoon,Roja Park Main Street,Coimbatore,Tamil Nadu,Coimbatore North PS,Inban Balan,9000000367,Inban Balan,9000000367,Saravanan Anand,9000000282,NULL,NULL,NULL,None,NULL,Digital document; Call detail reference,Yuvaraj Selvam,9000000434,Victim allegedly paid a fee for a job that was never provided.,Open,IO-CBE-001,NULL,FIR,"job fraud, cheating, suspect, afternoon, main street, call detail, mobile number, digital document"
FIR-2026-00103,Extortion Call Complaint,"During the afternoon of 2025-06-15, around 12:35, the complainant received calls demanding Rs. 50,000 with warnings of consequences if the amount was not paid, according to the complaint recorded on 2025-06-15. A witness, Ramesh Pandian, reachable on 9000000469, was mentioned in the complaint. A further person, Nithin Velan, a person who arranged the contact, using the number 9000000004, is stated to be associated with the incident. No identifying details of the suspected person were available at the time of registration. Items referenced in the complaint: a witness statement and social media screenshots.",Extortion,Extortion Call,Written,15-06-2025,15-06-2025,12:35,Afternoon,Sindhu Garden Residential Colony,Erode,Tamil Nadu,Erode South PS,Jagan Arumugam,9000000008,Jagan Arumugam,9000000008,Unknown,NULL,Nithin Velan,9000000004,NULL,None,NULL,Witness statement; Social media screenshot,Ramesh Pandian,9000000469,Caller allegedly demanded money with threats of consequences.,Open,IO-ERD-005,NULL,FIR,"extortion, money demand, associate, witness statement, screenshot, witness, afternoon, residential colony"
FIR-2026-00104,Suspicious Substance Sale Report,"On 2025-06-17 at about 21:55, it was reported that residents near Nila Puram Main Street reported repeated visits by a group of persons allegedly exchanging small packets, raising suspicion of the sale of a banned substance. Contact details given by the complainant, Sangeetha Sri, include the number 9000000007. Abirami Raj (mobile 9000000141) was named as a possible person of interest. A witness, Anitha Raman, reachable on 9000000267, was mentioned in the complaint. A car bearing the number TN-39-ZZ-1044 was seen leaving the area. A further person, Dinesh Subramani, a co-worker, using the number 9000000212, is stated to be associated with the incident. Potentially relevant material referenced includes CCTV footage and a witness statement.",Drug-Related,Suspected Narcotics Sale,Oral,17-06-2025,17-06-2025,21:55,Night,Nila Puram Main Street,Ernakulam,Kerala,Ernakulam North PS,Sangeetha Sri,9000000007,Sangeetha Sri,9000000007,Abirami Raj,9000000141,Dinesh Subramani,9000000212,TN-39-ZZ-1044,Car,NULL,CCTV footage; Witness statement,Anitha Raman,9000000267,Residents reportedly noticed regular late-night visits at the same spot.,Pending Verification,IO-EKM-004,NULL,Preliminary Report,"suspected narcotics, suspicious activity, main street, suspect, witness statement, witness, night, car"
FIR-2026-00105,Mobile Handset Theft Report,"A online complaint dated 2025-06-18 states that a red-coloured mobile phone of the complainant went missing after a brief push in a crowded stretch at Mullai Park Shopping Complex, on 2025-06-16 at roughly 15:05. Rajeshwari Ammal submitted the complaint online using the mobile number 9000000242. The complainant could not identify the person involved. The incident reportedly occurred on or near a bus bearing registration TN-45-ZZ-1062. Items referenced in the complaint: CCTV footage, photographs and a vehicle observation.",Theft,Mobile Theft,Online,18-06-2025,16-06-2025,15:05,Afternoon,Mullai Park Shopping Complex,Chennai,Tamil Nadu,Chennai South PS,Rajeshwari Ammal,9000000242,Rajeshwari Ammal,9000000242,Unknown,NULL,NULL,NULL,TN-45-ZZ-1062,Bus,NULL,CCTV footage; Photograph; Vehicle observation,Unknown,NULL,Phone allegedly lifted during a brief distraction in a crowded area.,Closed,IO-CHN-006,NULL,Complaint,"mobile theft, smartphone, bus, afternoon, shopping complex, CCTV, photograph"
FIR-2026-00106,Neighbourhood Dispute Report,"According to the complaint registered on 2025-06-18, the complainant reported repeated harassment by a neighbour over a minor road collision near Nallur Garden Residential Colony in Coimbatore. The incident is stated to have occurred on 2025-06-17 at approximately 22:40. Bharathi Ammal approached Coimbatore North PS to report the matter and can be reached on 9000000228. Bharathi Raj (mobile 9000000191) was named as a possible person of interest. Items referenced in the complaint: CCTV footage and social media screenshots. Records suggest a possible link with FIR-2026-00082, as the mobile number 9000000191 is associated with a suspect in both entries.",Harassment,Neighbour Harassment,Written,18-06-2025,17-06-2025,22:40,Night,Nallur Garden Residential Colony,Coimbatore,Tamil Nadu,Coimbatore North PS,Bharathi Ammal,9000000228,Bharathi Ammal,9000000228,Bharathi Raj,9000000191,NULL,NULL,NULL,None,NULL,CCTV footage; Social media screenshot,Unknown,NULL,Neighbour allegedly used abusive language during a continuing dispute.,Under Investigation,IO-CBE-001,FIR-2026-00082,FIR,"harassment, neighbour dispute, screenshot, night, suspect, CCTV, mobile number, residential colony"
FIR-2026-00107,Loan Processing Fee Fraud Complaint,"A online complaint dated 2025-06-19 states that the complainant paid Rs. 1,85,000 as a processing fee for a promised loan that was never disbursed, on 2025-06-18 at approximately 10:10. Saravanan Sundaram submitted the complaint online using the mobile number 9000000258. The account reference SYN-ACC-100053 linked to the complainant was mentioned in relation to the transactions. Madhan Murugan (9000000216) was mentioned as a person who was present nearby. The complaint mentions Venkat Palanisamy, who was reportedly contacted on 9000000134, in connection with the events. Prakash Muthu (9000000312), described as a person who arranged the contact, was also mentioned in the complaint. Items referenced in the complaint: social media screenshots and digital documents.",Financial Fraud,Loan Fraud,Online,19-06-2025,18-06-2025,10:10,Morning,Mynthan Colony Main Street,Erode,Tamil Nadu,Erode North PS,Saravanan Sundaram,9000000258,Saravanan Sundaram,9000000258,Venkat Palanisamy,9000000134,Prakash Muthu,9000000312,NULL,None,SYN-ACC-100053,Social media screenshot; Digital document,Madhan Murugan,9000000216,Agent reportedly claimed a guaranteed approval and became unreachable.,Under Investigation,IO-ERD-003,NULL,Complaint,"loan fraud, processing fee, associate, main street, witness, bank account, suspect, screenshot"
FIR-2026-00108,Neighbourhood Dispute Report,"During the morning of 2025-06-20, around 11:30, a neighbour allegedly obstructed access and used abusive language towards the complainant near Roja Park Main Street in Coimbatore on repeated occasions, according to the complaint recorded on 2025-06-20. The complaint was lodged by Jagan Sekar (9000000355). Gopal Muthu (9000000403), described as a person who arranged the contact, was also mentioned in the complaint. Dinesh Subramani (9000000212) was mentioned as a person who was present nearby. A person named Senthil Krishnan, associated with the number 9000000461, was mentioned as potentially relevant to the incident. Potentially relevant material referenced includes a witness statement, social media screenshots and photographs.",Harassment,Neighbour Harassment,Written,20-06-2025,20-06-2025,11:30,Morning,Roja Park Main Street,Coimbatore,Tamil Nadu,Coimbatore North PS,Jagan Sekar,9000000355,Jagan Sekar,9000000355,Senthil Krishnan,9000000461,Gopal Muthu,9000000403,NULL,None,NULL,Witness statement; Social media screenshot; Photograph,Dinesh Subramani,9000000212,Neighbour allegedly used abusive language during a continuing dispute.,Closed,IO-CBE-001,NULL,FIR,"harassment, neighbour dispute, morning, mobile number, witness, witness statement, associate, screenshot"
FIR-2026-00109,Group Assault Complaint,"During the night of 2025-06-25, around 00:00, a group of persons allegedly attacked the complainant at Nila Puram Main Street in Ernakulam, causing injuries that required treatment, according to the complaint recorded on 2025-06-25. Tamilarasan Palanisamy submitted the complaint online using the mobile number 9000000023. Babu Rajan (9000000365) noticed the incident and may be able to provide a statement. Mathan Chandran (9000000343), described as a relative of the suspect, was also mentioned in the complaint. A car bearing the number KL-07-XX-1012 was seen leaving the area. A person named Abirami Raj, associated with the number 9000000141, was mentioned as potentially relevant to the incident. The complainant mentioned photographs.",Assault,Group Assault,Online,25-06-2025,25-06-2025,00:00,Night,Nila Puram Main Street,Ernakulam,Kerala,Ernakulam North PS,Tamilarasan Palanisamy,9000000023,Tamilarasan Palanisamy,9000000023,Abirami Raj,9000000141,Mathan Chandran,9000000343,KL-07-XX-1012,Car,NULL,Photograph,Babu Rajan,9000000365,Group allegedly confronted the victim following an earlier dispute.,Closed,IO-EKM-004,NULL,Complaint,"group assault, injury, car, mobile number, photograph, associate, night, witness"
FIR-2026-00110,Online Shopping Fraud Complaint,"The reported incident took place on 2025-06-19 (evening, 17:25): An online seller collected an advance of Rs. 58,000 for a product and then blocked the number of the complainant. A witness, Vasanth Mani, reachable on 9000000382, was mentioned in the complaint. The account reference SYN-ACC-100011 was noted in connection with the payment. The complainant alleged that Sathish Sundaram may be involved and provided the mobile number 9000000372. The complaint refers to Udhay Muthu, an intermediary, reachable on 9000000352. Items referenced in the complaint: a bank transaction reference. Records suggest a possible link with FIR-2026-00099, as the mobile number 9000000372 is associated with a suspect in both entries.",Cybercrime,Online Shopping Fraud,Written,26-06-2025,19-06-2025,17:25,Evening,Sindhu Colony College Road,Erode,Tamil Nadu,Erode Central PS,Meena Bai,9000000300,Meena Bai,9000000300,Sathish Sundaram,9000000372,Udhay Muthu,9000000352,NULL,None,SYN-ACC-100011,Bank transaction reference,Vasanth Mani,9000000382,Victim reportedly paid in advance and was blocked by the seller.,Pending Verification,IO-ERD-001,FIR-2026-00099,FIR,"online shopping fraud, fake seller, suspect, mobile number, receiving account, college road, bank reference, witness"
FIR-2026-00111,Public Altercation Complaint,"As per the FIR recorded on 2025-06-26, a disagreement over a financial disagreement turned into a scuffle involving Uma Raj near Roja Park Main Street. The time of the incident was given as 17:35 on 2025-06-26. Deepak Subramani (9000000011) reported the matter for Uma Raj, whose contact number is given as 9000000089. A person named Senthil Krishnan, associated with the number 9000000461, was mentioned as potentially relevant to the incident. Siva Muthu (9000000256), described as an intermediary, was also mentioned in the complaint. The complainant mentioned CCTV footage and physical documents.",Assault,Street Altercation,Oral,26-06-2025,26-06-2025,17:35,Evening,Roja Park Main Street,Coimbatore,Tamil Nadu,Coimbatore North PS,Deepak Subramani,9000000011,Uma Raj,9000000089,Senthil Krishnan,9000000461,Siva Muthu,9000000256,NULL,None,NULL,CCTV footage; Physical document,Unknown,NULL,Minor dispute reportedly turned into a scuffle in a public place.,Under Investigation,IO-CBE-002,NULL,FIR,"altercation, street dispute, CCTV, associate, evening, mobile number, documents, suspect"
FIR-2026-00112,Group Assault Complaint,"It was alleged that the complainant was allegedly surrounded and attacked by several persons near Sindhu Garden Residential Colony after a dispute over a parking issue. The matter was brought to Erode South PS on 2025-06-26, while the incident was placed on 2025-06-26 at approximately 19:30. Anitha Raman (9000000267) was mentioned as a person who was present nearby. A person named Balaji Karuppasamy, associated with the number 9000000407, was mentioned as potentially relevant to the incident. Potentially relevant material referenced includes physical documents.",Assault,Group Assault,Written,26-06-2025,26-06-2025,19:30,Evening,Sindhu Garden Residential Colony,Erode,Tamil Nadu,Erode South PS,Vidhya Krishnan,9000000069,Vidhya Krishnan,9000000069,Balaji Karuppasamy,9000000407,NULL,NULL,NULL,None,NULL,Physical document,Anitha Raman,9000000267,Several persons reportedly attacked the victim in a secluded stretch.,Open,IO-ERD-005,NULL,FIR,"group assault, injury, evening, mobile number, documents, witness, suspect, residential colony"
FIR-2026-00113,Missing Student Report,"During the night of 2025-06-28, around 02:40, Rajesh Krishnan, aged 19, a college student, did not return after leaving for a local errand; last known location was near Kadal Nagar Bus Stand Area, according to the complaint recorded on 2025-06-28. The complaint was lodged by Dharani Thangaraj (9000000307), a family member of Rajesh Krishnan, whose last active mobile number is noted as 9000000167. The complainant could not identify the person involved. Siva Muthu (9000000256), described as an intermediary, was also mentioned in the complaint.",Missing Person,Missing Student,Written,28-06-2025,28-06-2025,02:40,Night,Kadal Nagar Bus Stand Area,Coimbatore,Tamil Nadu,Coimbatore South PS,Dharani Thangaraj,9000000307,Rajesh Krishnan,9000000167,Unknown,NULL,Siva Muthu,9000000256,NULL,None,NULL,CCTV footage,Unknown,NULL,Student reportedly left for college and could not be contacted afterwards.,Closed,IO-CBE-003,NULL,FIR,"missing person, student, bus stand, associate, CCTV, night"
FIR-2026-00114,Threatening Call Complaint,"A written complaint dated 2025-06-30 states that a caller allegedly threatened the complainant with harm over a personal disagreement, on 2025-06-28 around 00:55 hrs. Ezhilan Palanisamy (9000000181) was mentioned as a person who was present nearby. Vignesh Thangaraj (mobile 9000000009) was named as a possible person of interest. The complainant mentioned social media screenshots.",Threat,Threatening Call,Written,30-06-2025,28-06-2025,00:55,Night,Nila Puram Main Street,Ernakulam,Kerala,Ernakulam North PS,Dinesh Raj,9000000061,Dinesh Raj,9000000061,Vignesh Thangaraj,9000000009,NULL,NULL,NULL,None,NULL,Social media screenshot,Ezhilan Palanisamy,9000000181,Caller allegedly made threats over a personal dispute.,Closed,IO-EKM-003,NULL,Preliminary Report,"threat, phone calls, suspect, main street, witness, night, mobile number, screenshot"
FIR-2026-00115,Bank Transaction Fraud Complaint,"During the morning of 2025-07-02, around 09:15, a series of small debits adding up to Rs. 12,00,000 appeared in the statement of the complainant without any authorisation, according to the complaint recorded on 2025-07-03. The complaint was lodged by Sanjay Raj (9000000083). Rajesh Krishnan (9000000167) was mentioned as a person who was present nearby. The account reference SYN-ACC-100003 was noted in connection with the payment. The complainant alleged that Rakesh Gopal may be involved and provided the mobile number 9000000405. Items referenced in the complaint: a bank transaction reference.",Financial Fraud,Bank Transaction Fraud,Written,03-07-2025,02-07-2025,09:15,Morning,Ezhil Garden Shopping Complex,Karur,Tamil Nadu,Karur East PS,Sanjay Raj,9000000083,Sanjay Raj,9000000083,Rakesh Gopal,9000000405,NULL,NULL,NULL,None,SYN-ACC-100003,Bank transaction reference,Rajesh Krishnan,9000000167,Multiple small transfers reportedly made in quick succession.,Under Investigation,IO-KRR-003,NULL,Complaint,"bank fraud, unauthorised transaction, receiving account, mobile number, shopping complex, witness, morning, suspect"
FIR-2026-00116,Online Shopping Fraud Complaint,"On 2025-06-29 at roughly 15:20, it was reported that goods ordered from a website for Rs. 96,000 were not delivered, and the seller could not be reached. Vidhya Ammal submitted the complaint online using the mobile number 9000000144. The complainant mentioned the account SYN-ACC-100011 as the destination of the transfer. No independent witness was identified at the time of registration. Suspicion was reportedly directed towards Sathish Sundaram, using the number 9000000372. The complainant mentioned digital documents and social media screenshots. The account SYN-ACC-100011 was also referenced in FIR-2026-00110, so the two matters may be potentially related.",Cybercrime,Online Shopping Fraud,Online,04-07-2025,29-06-2025,15:20,Afternoon,Kalai Colony Apartment Complex,Erode,Tamil Nadu,Erode North PS,Vidhya Ammal,9000000144,Vidhya Ammal,9000000144,Sathish Sundaram,9000000372,NULL,NULL,NULL,None,SYN-ACC-100011,Digital document; Social media screenshot,Unknown,NULL,Victim reportedly paid in advance and was blocked by the seller.,Closed,IO-ERD-004,FIR-2026-00110,Complaint,"online shopping fraud, fake seller, screenshot, suspect, receiving account, digital document, afternoon, mobile number"
FIR-2026-00117,Public Altercation Complaint,"As per the preliminary report recorded on 2025-07-05, a disagreement over a boundary issue turned into a scuffle involving Thirumal Sekar near Roja Park Main Street. The time of the incident was given as 23:55 on 2025-07-05. Kannan Thangaraj (9000000206) reported the matter for Thirumal Sekar, whose contact number is given as 9000000046. A further person, Siva Muthu, an intermediary, using the number 9000000256, is stated to be associated with the incident. Dinesh Subramani (9000000212) noticed the incident and may be able to provide a statement. Suspicion was reportedly directed towards Senthil Krishnan, using the number 9000000461. The complainant mentioned photographs.",Assault,Street Altercation,Online,05-07-2025,05-07-2025,23:55,Night,Roja Park Main Street,Coimbatore,Tamil Nadu,Coimbatore North PS,Kannan Thangaraj,9000000206,Thirumal Sekar,9000000046,Senthil Krishnan,9000000461,Siva Muthu,9000000256,NULL,None,NULL,Photograph,Dinesh Subramani,9000000212,Minor dispute reportedly turned into a scuffle in a public place.,Pending Verification,IO-CBE-002,NULL,Preliminary Report,"altercation, street dispute, photograph, suspect, associate, witness, main street, night"
FIR-2026-00118,Local Chit Scheme Complaint,"It was alleged that members of a chit group near Poongodi Layout Residential Colony reported that the organiser stopped payouts, with the complainant owed about Rs. 50,000. The matter was brought to Tiruppur Central PS on 2025-07-06, while the incident was placed on 2025-07-01 at approximately 10:05. Contact details given by the complainant, Uma Raj, include the number 9000000089. A witness, Vignesh Balan, reachable on 9000000105, was mentioned in the complaint. The account reference SYN-ACC-100076 was noted in connection with the payment. The complaint mentions Mohan Sekar, who was reportedly contacted on 9000000168, in connection with the events. Items referenced in the complaint: a call detail reference and mobile phone records.",Financial Fraud,Chit Fund Fraud,Written,06-07-2025,01-07-2025,10:05,Morning,Poongodi Layout Residential Colony,Tiruppur,Tamil Nadu,Tiruppur Central PS,Uma Raj,9000000089,Uma Raj,9000000089,Mohan Sekar,9000000168,NULL,NULL,NULL,None,SYN-ACC-100076,Call detail reference; Mobile phone record,Vignesh Balan,9000000105,Chit contributions reportedly collected in cash and through transfers.,Under Investigation,IO-TUP-002,NULL,FIR,"chit fund, financial fraud, morning, residential colony, mobile number, phone records, suspect, witness"
FIR-2026-00119,Missing Person Complaint,"During the evening of 2025-07-07, around 20:10, the cousin of the complainant, Dharani Shankar, aged 23, left for work and could not be contacted afterwards; last seen near Kaveri Park Bus Stand Area in Trichy, according to the complaint recorded on 2025-07-07. The complaint was lodged by Sudha Rani (9000000265), a family member of Dharani Shankar, whose last active mobile number is noted as 9000000003. Vignesh Balan (9000000105) noticed the incident and may be able to provide a statement. The complainant could not identify the person involved. Items referenced in the complaint: photographs and social media screenshots.",Missing Person,Missing Student,Oral,07-07-2025,07-07-2025,20:10,Evening,Kaveri Park Bus Stand Area,Trichy,Tamil Nadu,Trichy Fort PS,Sudha Rani,9000000265,Dharani Shankar,9000000003,Unknown,NULL,NULL,NULL,NULL,None,NULL,Photograph; Social media screenshot,Vignesh Balan,9000000105,Mobile phone allegedly switched off shortly after leaving the campus area.,Closed,IO-TRY-004,NULL,Preliminary Report,"missing person, student, witness, photograph, bus stand, screenshot, evening"
FIR-2026-00120,Phishing Complaint,"On 2025-07-07 at roughly 14:45, it was reported that a caller claiming to be a bank executive asked the complainant to install a support application, after which Rs. 32,000 was withdrawn. The complainant, Praveen Kumar, provided the contact number 9000000122. Thirumal Palanisamy (mobile 9000000135) was named as a possible person of interest. Madhan Kumar (9000000410) noticed the incident and may be able to provide a statement. Transaction details refer to the receiving account SYN-ACC-100026. The complaint refers to Mathan Raman, an intermediary, reachable on 9000000187. Potentially relevant material referenced includes a call detail reference. Records suggest a possible link with FIR-2026-00006, as the mobile number 9000000135 is associated with a suspect in both entries.",Cybercrime,Phishing,Written,09-07-2025,07-07-2025,14:45,Afternoon,Kalai Puram Apartment Complex,Chennai,Tamil Nadu,Chennai Central PS,Praveen Kumar,9000000122,Praveen Kumar,9000000122,Thirumal Palanisamy,9000000135,Mathan Raman,9000000187,NULL,None,SYN-ACC-100026,Call detail reference,Madhan Kumar,9000000410,Caller allegedly posed as a bank executive and asked for remote access.,Under Investigation,IO-CHN-001,FIR-2026-00006,FIR,"phishing, suspicious link, call detail, suspect, associate, mobile number, afternoon, witness"
FIR-2026-00121,Cyber Fraud Complaint,"As per the complaint recorded on 2025-07-10, the complainant received an SMS with a link resembling a bank notification; after entering card details on the page, Rs. 4,800 was debited. The time of the incident was given as 01:45 on 2025-07-10. The online submission was made by Babu Selvam (9000000442). Funds were reportedly sent to the account reference SYN-ACC-100001. The complainant alleged that Rakesh Gopal may be involved and provided the mobile number 9000000405. No supporting material was reported at the time of registration. Records suggest a possible link with FIR-2026-00115, as the mobile number 9000000405 is associated with a suspect in both entries.",Cybercrime,Phishing,Online,10-07-2025,10-07-2025,01:45,Night,Ezhil Garden Shopping Complex,Karur,Tamil Nadu,Karur East PS,Babu Selvam,9000000442,Babu Selvam,9000000442,Rakesh Gopal,9000000405,NULL,NULL,NULL,None,SYN-ACC-100001,None reported,Unknown,NULL,Fraudulent KYC-update message allegedly used to collect account credentials.,Under Investigation,IO-KRR-003,FIR-2026-00115,Complaint,"phishing, suspicious link, suspect, night, mobile number, shopping complex, receiving account"
FIR-2026-00122,Missing Student Report,"As per the complaint recorded on 2025-07-10, the cousin of the complainant, Saravanan Palanisamy, aged 19, left for a temple visit and could not be contacted afterwards; last seen near Anbu Layout Bus Stand Area in Thanjavur. The time of the incident was given as 06:45 on 2025-07-10. The complaint was lodged by Sanjay Raj (9000000083), a family member of Saravanan Palanisamy, whose last active mobile number is noted as 9000000235. The complainant could not identify the person involved. Karthik Velan (9000000188), described as a co-worker, was also mentioned in the complaint. A witness, Praveen Natarajan, reachable on 9000000041, was mentioned in the complaint. Potentially relevant material referenced includes social media screenshots.",Missing Person,Missing Student,Written,10-07-2025,10-07-2025,06:45,Early Morning,Anbu Layout Bus Stand Area,Thanjavur,Tamil Nadu,Thanjavur East PS,Sanjay Raj,9000000083,Saravanan Palanisamy,9000000235,Unknown,NULL,Karthik Velan,9000000188,NULL,None,NULL,Social media screenshot,Praveen Natarajan,9000000041,Student reportedly left for college and could not be contacted afterwards.,Under Investigation,IO-TNJ-004,NULL,Complaint,"missing person, student, associate, witness, screenshot, early morning, bus stand"
FIR-2026-00123,UPI Payment Fraud Complaint,"The reported incident took place on 2025-07-11 (evening, 19:10): The complainant scanned a QR code shared by a caller who spoke of a refund, and Rs. 3,500 was debited instead. The complaint was lodged by Keerthana Sri (9000000319). Nandha Karuppasamy (mobile 9000000113) was named as a possible person of interest. The complainant mentioned the account SYN-ACC-100024 as the destination of the transfer. No independent witness was identified at the time of registration. Mathan Raman (9000000187), described as an intermediary, was also mentioned in the complaint. The complainant mentioned social media screenshots and a bank transaction reference. Records suggest a possible link with FIR-2026-00036, as the mobile number 9000000113 is associated with a suspect in both entries.",Cybercrime,UPI Fraud,Written,11-07-2025,11-07-2025,19:10,Evening,Kalai Puram Apartment Complex,Chennai,Tamil Nadu,Chennai Central PS,Keerthana Sri,9000000319,Keerthana Sri,9000000319,Nandha Karuppasamy,9000000113,Mathan Raman,9000000187,NULL,None,SYN-ACC-100024,Social media screenshot; Bank transaction reference,Unknown,NULL,Fraudulent QR code allegedly shared under the pretext of a refund.,Closed,IO-CHN-001,FIR-2026-00036,FIR,"UPI fraud, online payment, associate, screenshot, receiving account, apartment complex, bank reference, evening"
FIR-2026-00124,Loan Processing Fee Fraud Complaint,"On 2025-07-12 at roughly 12:35, it was reported that a loan agent collected Rs. 50,000 from the complainant for approving a personal loan and then stopped answering calls. Contact details given by the complainant, Ajith Sekar, include the number 9000000063. A second person, Sathish Subramani (9000000429), was also mentioned as possibly present. The complaint refers to Murugan Babu, a friend of the suspect, reachable on 9000000070. A person named Mathan Velan, associated with the number 9000000147, was mentioned as potentially relevant to the incident. The complainant mentioned digital documents.",Financial Fraud,Loan Fraud,Written,13-07-2025,12-07-2025,12:35,Afternoon,Roja Nagar Residential Colony,Thoothukudi,Tamil Nadu,Thoothukudi Port PS,Ajith Sekar,9000000063,Ajith Sekar,9000000063,Mathan Velan,9000000147,Murugan Babu,9000000070,NULL,None,NULL,Digital document,Unknown,NULL,Agent reportedly claimed a guaranteed approval and became unreachable.,Under Investigation,IO-TUT-004,NULL,FIR,"loan fraud, processing fee, mobile number, residential colony, afternoon, digital document, associate, suspect"
FIR-2026-00125,Second-hand Vehicle Fraud Complaint,"The reported incident took place on 2025-07-03 (afternoon, 16:50): The complainant paid Rs. 40,000 for a grey motorcycle bearing registration number TN-68-YY-1058 sold as second-hand, but the ownership transfer was not completed and the seller became unreachable. The complainant, Arun Thangaraj, provided the contact number 9000000483. Praveen Sekar (mobile 9000000221) was named as a possible person of interest. Rajesh Rajan (9000000302) was mentioned as a person who was present nearby. The complainant mentioned physical documents.",Cheating,Second-hand Vehicle Sale Cheating,Written,14-07-2025,03-07-2025,16:50,Afternoon,Kalai Park Main Street,Thanjavur,Tamil Nadu,Thanjavur East PS,Arun Thangaraj,9000000483,Arun Thangaraj,9000000483,Praveen Sekar,9000000221,NULL,NULL,TN-68-YY-1058,Motorcycle,NULL,Physical document,Rajesh Rajan,9000000302,Vehicle allegedly sold without a valid ownership transfer.,Closed,IO-TNJ-004,NULL,Preliminary Report,"vehicle sale, cheating, motorcycle, afternoon, witness, documents, mobile number, main street"
FIR-2026-00126,Unauthorised Bank Transfer Complaint,"The reported incident took place on 2025-07-05 (afternoon, 16:40): The complainant noticed that Rs. 1,20,000 had been withdrawn through multiple online transactions in a short interval. The complaint mentions Hariharan Babu, who was reportedly contacted on 9000000154, in connection with the events. Murugan Sundaram (9000000207) was mentioned as a person who was present nearby. Funds were reportedly sent to the account reference SYN-ACC-100018. Potentially relevant material referenced includes transaction records and digital documents.",Financial Fraud,Bank Transaction Fraud,Online,14-07-2025,05-07-2025,16:40,Afternoon,Mullai Colony Shopping Complex,Coimbatore,Tamil Nadu,Coimbatore South PS,Kishore Murugan,9000000326,Kishore Murugan,9000000326,Hariharan Babu,9000000154,NULL,NULL,NULL,None,SYN-ACC-100018,Transaction record; Digital document,Murugan Sundaram,9000000207,Funds reportedly routed through a chain of accounts.,Closed,IO-CBE-003,NULL,Complaint,"bank fraud, unauthorised transaction, transaction record, afternoon, receiving account, witness, mobile number, digital document"
FIR-2026-00127,UPI Collect Request Fraud Report,"During the afternoon of 2025-07-07, around 14:20, Rs. 32,000 was debited from the account of the complainant through UPI after a collect request from an unknown UPI ID was approved, according to the complaint recorded on 2025-07-14. Contact details given by the complainant, Malathi Kumari, include the number 9000000092. Transaction details refer to the receiving account SYN-ACC-100025. No independent witness was identified at the time of registration. A person named Kishore Babu, associated with the number 9000000076, was mentioned as potentially relevant to the incident. The complainant mentioned social media screenshots and digital documents.",Cybercrime,UPI Fraud,Written,14-07-2025,07-07-2025,14:20,Afternoon,Kalai Puram Apartment Complex,Chennai,Tamil Nadu,Chennai Central PS,Malathi Kumari,9000000092,Malathi Kumari,9000000092,Kishore Babu,9000000076,NULL,NULL,NULL,None,SYN-ACC-100025,Social media screenshot; Digital document,Unknown,NULL,Fraudulent QR code allegedly shared under the pretext of a refund.,Open,IO-CHN-001,NULL,FIR,"UPI fraud, online payment, suspect, apartment complex, screenshot, afternoon, receiving account, digital document"
FIR-2026-00128,Missing Person Report,"It was alleged that Anitha Raj, aged 49, could not be traced after leaving home for college; the last sighting was near Amudham Layout Residential Colony. The matter was brought to Salem East PS on 2025-07-16, while the incident was placed on 2025-07-15 at about 08:00. The complaint was lodged by Arun Prakash (9000000194), a family member of Anitha Raj, whose last active mobile number is noted as 9000000399. Harish Mani (9000000132) noticed the incident and may be able to provide a statement. A car bearing the number TN-30-YY-1079 was seen leaving the area. The family mentioned that Gokul Sundaram (9000000491) was last known to be in contact with the missing person. Potentially relevant material referenced includes a call detail reference.",Missing Person,Missing Adult,Oral,16-07-2025,15-07-2025,08:00,Morning,Amudham Layout Residential Colony,Salem,Tamil Nadu,Salem East PS,Arun Prakash,9000000194,Anitha Raj,9000000399,Gokul Sundaram,9000000491,NULL,NULL,TN-30-YY-1079,Car,NULL,Call detail reference,Harish Mani,9000000132,Mobile phone reportedly switched off after the last known call.,Pending Verification,IO-SLM-004,NULL,Preliminary Report,"missing person, adult, car, residential colony, call detail, mobile number, morning, suspect"
FIR-2026-00129,Public Altercation Complaint,"On 2025-07-17 around 21:50 hrs, it was reported that Nithya Selvi was allegedly pushed and struck during a street argument at Roja Park Main Street in Coimbatore. The complainant noted the registration number TN-38-YY-1028 of a black car. A witness, Dinesh Subramani, reachable on 9000000212, was mentioned in the complaint. The complainant could not identify the person involved. Potentially relevant material referenced includes photographs and a witness statement.",Assault,Street Altercation,Written,17-07-2025,17-07-2025,21:50,Night,Roja Park Main Street,Coimbatore,Tamil Nadu,Coimbatore North PS,Kumaran Prakash,9000000476,Nithya Selvi,9000000334,Unknown,NULL,NULL,NULL,TN-38-YY-1028,Car,NULL,Photograph; Witness statement,Dinesh Subramani,9000000212,Minor dispute reportedly turned into a scuffle in a public place. A car was reportedly used to leave the area.,Under Investigation,IO-CBE-002,NULL,Complaint,"altercation, street dispute, main street, night, car, witness statement, photograph, witness"
FIR-2026-00130,Auto Rickshaw Theft Complaint,"A online complaint dated 2025-07-17 states that a maroon auto bearing registration number TN-28-ZZ-1080 used by Uma Raj for daily work was taken from Oviya Colony Railway Station Road, on 2025-07-17 at about 04:30. Deepak Subramani (9000000011) reported the matter for Uma Raj, whose contact number is given as 9000000089. No identifying details of the suspected person were available at the time of registration. The complainant mentioned CCTV footage.",Vehicle Theft,Auto Theft,Online,17-07-2025,17-07-2025,04:30,Early Morning,Oviya Colony Railway Station Road,Erode,Tamil Nadu,Erode South PS,Deepak Subramani,9000000011,Uma Raj,9000000089,Unknown,NULL,NULL,NULL,TN-28-ZZ-1080,Auto,NULL,CCTV footage,Unknown,NULL,Vehicle allegedly driven away after being left unattended.,Pending Verification,IO-ERD-006,NULL,Preliminary Report,"auto theft, vehicle, railway station road, early morning, auto, CCTV"
FIR-2026-00131,Phishing Complaint,"The reported incident took place on 2025-07-19 (morning, 11:35): A message about KYC expiry led the complainant to a website where account credentials were entered, and Rs. 12,000 was transferred out. The online submission was made by Nithin Balan (9000000470). The complainant alleged that Rajesh Karuppasamy may be involved and provided the mobile number 9000000318. Items referenced in the complaint: mobile phone records and social media screenshots.",Cybercrime,Phishing,Online,19-07-2025,19-07-2025,11:35,Morning,Kaveri Nagar Apartment Complex,Thoothukudi,Tamil Nadu,Thoothukudi Town PS,Nithin Balan,9000000470,Nithin Balan,9000000470,Rajesh Karuppasamy,9000000318,NULL,NULL,NULL,None,NULL,Mobile phone record; Social media screenshot,Unknown,NULL,Victim reported receiving a suspicious link that imitated a bank notification.,Closed,IO-TUT-001,NULL,FIR,"phishing, suspicious link, phone records, morning, screenshot, suspect, mobile number, apartment complex"
FIR-2026-00132,Threatening Call Complaint,"During the evening of 2025-07-20, around 19:20, a caller allegedly threatened the complainant with harm over a financial disagreement, according to the complaint recorded on 2025-07-21. Saranya Murugan reported the matter orally at Ernakulam Central PS; the contact number given was 9000000193. The complaint mentions Vignesh Thangaraj, who was reportedly contacted on 9000000009, in connection with the events. Items referenced in the complaint: mobile phone records.",Threat,Threatening Call,Oral,21-07-2025,20-07-2025,19:20,Evening,Mynthan Layout Shopping Complex,Ernakulam,Kerala,Ernakulam Central PS,Saranya Murugan,9000000193,Saranya Murugan,9000000193,Vignesh Thangaraj,9000000009,NULL,NULL,NULL,None,NULL,Mobile phone record,Unknown,NULL,Caller allegedly made threats over a personal dispute.,Open,IO-EKM-001,NULL,FIR,"threat, phone calls, shopping complex, evening, suspect, phone records, mobile number"
FIR-2026-00133,Vehicle Sale Cheating Complaint,"According to the complaint registered on 2025-07-22, the complainant bought a blue car bearing registration number TN-28-YY-1076 for Rs. 2,50,000 and later found that the documents shown by the seller were doubtful. The incident is stated to have occurred on 2025-07-19 at approximately 17:10. Ganesh Natarajan reported the matter orally at Erode North PS; the contact number given was 9000000055. Yuvaraj Selvam was mentioned as a person who was present nearby, but no contact number was available. The complainant alleged that Hariharan Prakash may be involved and provided the mobile number 9000000017. The complainant mentioned the account SYN-ACC-100077 as the destination of the transfer.",Cheating,Second-hand Vehicle Sale Cheating,Oral,22-07-2025,19-07-2025,17:10,Evening,Mynthan Colony Main Street,Erode,Tamil Nadu,Erode North PS,Ganesh Natarajan,9000000055,Ganesh Natarajan,9000000055,Hariharan Prakash,9000000017,NULL,NULL,TN-28-YY-1076,Car,SYN-ACC-100077,Physical document,Yuvaraj Selvam,NULL,Seller reportedly shared doubtful papers and stopped responding.,Closed,IO-ERD-004,NULL,FIR,"vehicle sale, cheating, mobile number, receiving account, evening, car, suspect, main street"
FIR-2026-00134,Suspicious Transaction Complaint,"During the afternoon of 2025-07-18, around 14:30, a series of small debits adding up to Rs. 1,85,000 appeared in the statement of the complainant without any authorisation, according to the complaint recorded on 2025-07-23. The complaint was lodged by Dharani Anand (9000000114). The account reference SYN-ACC-100027 was noted in connection with the payment. A further person, Arun Babu, a friend of the suspect, using the number 9000000379, is stated to be associated with the incident. The complaint mentions Nandha Karuppasamy, who was reportedly contacted on 9000000113, in connection with the events. Items referenced in the complaint: a call detail reference.",Financial Fraud,Bank Transaction Fraud,Written,23-07-2025,18-07-2025,14:30,Afternoon,Kalai Puram Apartment Complex,Chennai,Tamil Nadu,Chennai Central PS,Dharani Anand,9000000114,Dharani Anand,9000000114,Nandha Karuppasamy,9000000113,Arun Babu,9000000379,NULL,None,SYN-ACC-100027,Call detail reference,Unknown,NULL,Multiple small transfers reportedly made in quick succession.,Pending Verification,IO-CHN-002,NULL,FIR,"bank fraud, unauthorised transaction, suspect, call detail, associate, afternoon, mobile number, receiving account"
FIR-2026-00135,Fake Seller Fraud Report,"On 2025-07-24 at about 13:25, it was reported that an online seller collected an advance of Rs. 96,000 for a product and then blocked the number of the complainant. Arjun Karuppasamy approached Erode Central PS to report the matter and can be reached on 9000000172. The account reference SYN-ACC-100054 linked to the complainant was mentioned in relation to the transactions. A further person, Udhay Muthu, a neighbour, using the number 9000000352, is stated to be associated with the incident. Venkat Palanisamy (mobile 9000000134) was named as a possible person of interest. A second person, Sathish Sundaram (9000000372), was also mentioned as possibly present. Ganesh Shankar (9000000155) noticed the incident and may be able to provide a statement.",Cybercrime,Online Shopping Fraud,Written,25-07-2025,24-07-2025,13:25,Afternoon,Sindhu Colony College Road,Erode,Tamil Nadu,Erode Central PS,Arjun Karuppasamy,9000000172,Arjun Karuppasamy,9000000172,Venkat Palanisamy,9000000134,Udhay Muthu,9000000352,NULL,None,SYN-ACC-100054,Mobile phone record; Call detail reference,Ganesh Shankar,9000000155,Victim reportedly paid in advance and was blocked by the seller.,Pending Verification,IO-ERD-001,NULL,Complaint,"online shopping fraud, fake seller, suspect, witness, phone records, afternoon, call detail, college road"
FIR-2026-00136,Cheating Complaint,"A written complaint dated 2025-07-27 states that the complainant paid an advance of Rs. 65,000 for a machinery supply order, but the service was not provided and the payee stopped responding, on 2025-07-25 at roughly 16:40. Kalaiselvi Raman approached Erode South PS to report the matter and can be reached on 9000000010. Sathish Sundaram (mobile 9000000372) was named as a possible person of interest. Manoj Karuppasamy (9000000054) noticed the incident and may be able to provide a statement. Potentially relevant material referenced includes digital documents. Records suggest a possible link with FIR-2026-00116, as the mobile number 9000000372 is associated with a suspect in both entries.",Cheating,Advance Payment Cheating,Written,27-07-2025,25-07-2025,16:40,Afternoon,Vennila Puram Shopping Complex,Erode,Tamil Nadu,Erode South PS,Kalaiselvi Raman,9000000010,Kalaiselvi Raman,9000000010,Sathish Sundaram,9000000372,NULL,NULL,NULL,None,NULL,Digital document,Manoj Karuppasamy,9000000054,Payee reportedly stopped taking calls after receiving the advance.,Open,IO-ERD-005,FIR-2026-00116,FIR,"advance payment, cheating, shopping complex, afternoon, digital document, suspect, witness, mobile number"
FIR-2026-00137,UPI Collect Request Fraud Report,"It was alleged that a person offering to buy an item listed online asked the complainant to approve a UPI request, following which Rs. 45,000 was withdrawn. The matter was brought to Coimbatore Town PS on 2025-07-28, while the incident was placed on 2025-07-27 at about 15:10. The complaint refers to Sathish Subramani, a person who arranged the contact, reachable on 9000000429. A second person, Hariharan Prakash (9000000017), was also mentioned as possibly present. Hariharan Babu (mobile 9000000154) was named as a possible person of interest. A witness, Babu Rajan, reachable on 9000000365, was mentioned in the complaint. Transactions from the account SYN-ACC-100052, held by the complainant, were referred to in the complaint. The complainant mentioned transaction records.",Cybercrime,UPI Fraud,Written,28-07-2025,27-07-2025,15:10,Afternoon,Iniyan Puram College Road,Coimbatore,Tamil Nadu,Coimbatore Town PS,Kannan Thangaraj,9000000206,Kannan Thangaraj,9000000206,Hariharan Babu,9000000154,Sathish Subramani,9000000429,NULL,None,SYN-ACC-100052,Transaction record,Babu Rajan,9000000365,Fraudulent QR code allegedly shared under the pretext of a refund.,Closed,IO-CBE-005,NULL,FIR,"UPI fraud, online payment, mobile number, suspect, afternoon, bank account, college road, witness"
FIR-2026-00138,Online Payment Fraud Complaint,"The reported incident took place on 2025-07-28 (night, 00:30): The complainant scanned a QR code shared by a caller who spoke of a refund, and Rs. 18,500 was debited instead. Arun Mani submitted the complaint online using the mobile number 9000000012. Transactions from the account SYN-ACC-100078, held by the complainant, were referred to in the complaint. Ramya Bai (9000000232) was mentioned as a person who was present nearby. A person named Hariharan Palanisamy, associated with the number 9000000463, was mentioned as potentially relevant to the incident. The complainant mentioned a bank transaction reference and transaction records. Records suggest a possible link with FIR-2026-00058, as the mobile number 9000000463 is associated with a suspect in both entries.",Cybercrime,UPI Fraud,Online,28-07-2025,28-07-2025,00:30,Night,Kalai Colony Apartment Complex,Erode,Tamil Nadu,Erode North PS,Arun Mani,9000000012,Arun Mani,9000000012,Hariharan Palanisamy,9000000463,NULL,NULL,NULL,None,SYN-ACC-100078,Bank transaction reference; Transaction record,Ramya Bai,9000000232,Suspect allegedly posed as an online buyer and requested payment approval.,Open,IO-ERD-004,FIR-2026-00058,Complaint,"UPI fraud, online payment, witness, mobile number, night, transaction record, bank account, suspect"
FIR-2026-00139,High-Return Scheme Complaint,"As per the FIR recorded on 2025-07-29, the complainant invested Rs. 75,000 in a scheme promising fixed monthly returns, but payouts stopped after two months. The time of the incident was given as 12:05 on 2025-07-27. The online submission was made by Babu Selvam (9000000442). Rajesh Krishnan (9000000167) noticed the incident and may be able to provide a statement. Transaction details refer to the receiving account SYN-ACC-100055. Suspicion was reportedly directed towards Sathish Sundaram, using the number 9000000372. The complainant mentioned a bank transaction reference. Records suggest a possible link with FIR-2026-00136, as the mobile number 9000000372 is associated with a suspect in both entries.",Financial Fraud,Investment Fraud,Online,29-07-2025,27-07-2025,12:05,Afternoon,Mynthan Colony Main Street,Erode,Tamil Nadu,Erode North PS,Babu Selvam,9000000442,Babu Selvam,9000000442,Sathish Sundaram,9000000372,NULL,NULL,NULL,None,SYN-ACC-100055,Bank transaction reference,Rajesh Krishnan,9000000167,Victim allegedly persuaded to deposit funds with a promise of high returns.,Under Investigation,IO-ERD-003,FIR-2026-00136,FIR,"investment fraud, high returns, suspect, witness, bank reference, mobile number, afternoon, receiving account"
FIR-2026-00140,Online Shopping Fraud Complaint,"According to the complaint registered on 2025-07-29, the complainant paid Rs. 45,000 for an item advertised on a social media page, but the item never arrived and the seller stopped responding. The incident is stated to have occurred on 2025-07-28 at about 12:55. Suspicion was reportedly directed towards Venkat Palanisamy, using the number 9000000134. Vasanth Mani (9000000382) was mentioned as a person who was present nearby. The complaint refers to Udhay Muthu, an intermediary, reachable on 9000000352. Items referenced in the complaint: social media screenshots.",Cybercrime,Online Shopping Fraud,Written,29-07-2025,28-07-2025,12:55,Afternoon,Kalai Colony Apartment Complex,Erode,Tamil Nadu,Erode North PS,Bharathi Ammal,9000000228,Bharathi Ammal,9000000228,Venkat Palanisamy,9000000134,Udhay Muthu,9000000352,NULL,None,NULL,Social media screenshot,Vasanth Mani,9000000382,Victim reportedly paid in advance and was blocked by the seller.,Pending Verification,IO-ERD-003,NULL,Preliminary Report,"online shopping fraud, fake seller, witness, associate, screenshot, suspect, afternoon, apartment complex"
FIR-2026-00141,Bank Transaction Fraud Complaint,"As per the complaint recorded on 2025-08-01, several unauthorised transfers totalling Rs. 1,85,000 were noticed in the account of the complainant. The time of the incident was given as 10:30 on 2025-07-31. The online submission was made by Kishore Krishnan (9000000246). Transactions from the account SYN-ACC-100056, held by the complainant, were referred to in the complaint. Sathish Sundaram (mobile 9000000372) was named as a possible person of interest. Prakash Muthu (9000000312), described as a neighbour, was also mentioned in the complaint. Items referenced in the complaint: transaction records and a bank transaction reference. Records suggest a possible link with FIR-2026-00139, as the mobile number 9000000372 is associated with a suspect in both entries.",Financial Fraud,Bank Transaction Fraud,Online,01-08-2025,31-07-2025,10:30,Morning,Sindhu Garden Residential Colony,Erode,Tamil Nadu,Erode South PS,Kishore Krishnan,9000000246,Kishore Krishnan,9000000246,Sathish Sundaram,9000000372,Prakash Muthu,9000000312,NULL,None,SYN-ACC-100056,Transaction record; Bank transaction reference,Unknown,NULL,Victim reported unauthorised debits after sharing details during a call.,Closed,IO-ERD-006,FIR-2026-00139,Complaint,"bank fraud, unauthorised transaction, associate, bank reference, residential colony, suspect, transaction record, mobile number"
FIR-2026-00142,UPI Payment Fraud Complaint,"As per the FIR recorded on 2025-08-02, a person offering to buy an item listed online asked the complainant to approve a UPI request, following which Rs. 45,000 was withdrawn. The time of the incident was given as 10:45 on 2025-07-27. The complaint refers to another person whose identity could not be established. Suspicion was reportedly directed towards Nithin Murugan, using the number 9000000374. Transactions from the account SYN-ACC-100046, held by the complainant, were referred to in the complaint. The complainant mentioned social media screenshots.",Cybercrime,UPI Fraud,Online,02-08-2025,27-07-2025,10:45,Morning,Ezhil Garden Shopping Complex,Karur,Tamil Nadu,Karur East PS,Vijay Rajan,9000000160,Vijay Rajan,9000000160,Nithin Murugan,9000000374,Unknown,NULL,NULL,None,SYN-ACC-100046,Social media screenshot,Unknown,NULL,Victim was allegedly induced to approve a collect request on a UPI app.,Closed,IO-KRR-003,NULL,FIR,"UPI fraud, online payment, suspect, morning, bank account, screenshot, mobile number, shopping complex"
FIR-2026-00143,Bank Transaction Fraud Complaint,"It was alleged that a series of small debits adding up to Rs. 50,000 appeared in the statement of the complainant without any authorisation. The matter was brought to Karur East PS on 2025-08-02, while the incident was placed on 2025-08-01 around 13:05 hrs. The online submission was made by Anand Chandran (9000000060). A person named Nithin Murugan, associated with the number 9000000374, was mentioned as potentially relevant to the incident. The account reference SYN-ACC-100047 linked to the complainant was mentioned in relation to the transactions. Items referenced in the complaint: social media screenshots.",Financial Fraud,Bank Transaction Fraud,Online,02-08-2025,01-08-2025,13:05,Afternoon,Ezhil Garden Shopping Complex,Karur,Tamil Nadu,Karur East PS,Anand Chandran,9000000060,Anand Chandran,9000000060,Nithin Murugan,9000000374,NULL,NULL,NULL,None,SYN-ACC-100047,Social media screenshot,Unknown,NULL,Multiple small transfers reportedly made in quick succession.,Open,IO-KRR-004,NULL,Complaint,"bank fraud, unauthorised transaction, screenshot, suspect, afternoon, shopping complex, mobile number, bank account"
FIR-2026-00144,Missing Senior Citizen Complaint,"According to the complaint registered on 2025-08-02, the father of the complainant, Jothi Selvi, aged 81, left home for a temple visit and had not returned; last seen near Poongodi Layout Residential Colony in Tiruppur. The incident is stated to have occurred on 2025-08-02 at approximately 17:25. The complaint was lodged by Gunasekar Murugan (9000000210), a family member of Jothi Selvi, whose last active mobile number is noted as 9000000436. No identifying details of the suspected person were available at the time of registration. The complaint refers to Sanjay Mani, an intermediary, reachable on 9000000120. No independent witness was identified at the time of registration.",Missing Person,Missing Elderly Person,Oral,02-08-2025,02-08-2025,17:25,Evening,Poongodi Layout Residential Colony,Tiruppur,Tamil Nadu,Tiruppur Central PS,Gunasekar Murugan,9000000210,Jothi Selvi,9000000436,Unknown,NULL,Sanjay Mani,9000000120,NULL,None,NULL,CCTV footage; Photograph,Unknown,NULL,Person last seen near a bus stop and could not be traced afterwards.,Under Investigation,IO-TUP-002,NULL,Complaint,"missing person, elderly, associate, evening, CCTV, photograph, residential colony"
FIR-2026-00145,Street Altercation Report,"A written complaint dated 2025-08-02 states that the complainant was allegedly pushed and struck during a street argument at Kadal Nagar Bus Stand Area, on 2025-08-02 at roughly 18:45. Contact details given by the complainant, Lakshmi Krishnan, include the number 9000000075. Suspicion was reportedly directed towards Senthil Krishnan, using the number 9000000461. Gopal Muthu (9000000403), described as a driver, was also mentioned in the complaint. A witness, Buvaneswari Sri, reachable on 9000000294, was mentioned in the complaint. The complainant mentioned CCTV footage.",Assault,Street Altercation,Written,02-08-2025,02-08-2025,18:45,Evening,Kadal Nagar Bus Stand Area,Coimbatore,Tamil Nadu,Coimbatore South PS,Lakshmi Krishnan,9000000075,Lakshmi Krishnan,9000000075,Senthil Krishnan,9000000461,Gopal Muthu,9000000403,NULL,None,NULL,CCTV footage,Buvaneswari Sri,9000000294,Minor dispute reportedly turned into a scuffle in a public place.,Pending Verification,IO-CBE-004,NULL,FIR,"altercation, street dispute, CCTV, suspect, witness, evening, bus stand, mobile number"
FIR-2026-00146,Local Chit Scheme Complaint,"The reported incident took place on 2025-07-30 (afternoon, 13:40): The complainant contributed to a local chit group, and after the organiser failed to pay the maturity amount of Rs. 1,20,000, contact was lost. The account reference SYN-ACC-100079 was noted in connection with the payment. A witness, Praveen Balan, reachable on 9000000446, was mentioned in the complaint. The complaint refers to Nandha Natarajan, a business acquaintance, reachable on 9000000393. Suspicion was reportedly directed towards Ezhilan Ramasamy, using the number 9000000042. The complainant mentioned digital documents and a bank transaction reference.",Financial Fraud,Chit Fund Fraud,Online,03-08-2025,30-07-2025,13:40,Afternoon,Senthil Garden Main Street,Salem,Tamil Nadu,Salem West PS,Elango Ramasamy,9000000445,Elango Ramasamy,9000000445,Ezhilan Ramasamy,9000000042,Nandha Natarajan,9000000393,NULL,None,SYN-ACC-100079,Digital document; Bank transaction reference,Praveen Balan,9000000446,Chit contributions reportedly collected in cash and through transfers.,Pending Verification,IO-SLM-005,NULL,Complaint,"chit fund, financial fraud, bank reference, mobile number, receiving account, digital document, witness, associate"
FIR-2026-00147,Cyber Fraud Complaint,"A online complaint dated 2025-08-03 states that a message about KYC expiry led the complainant to a website where account credentials were entered, and Rs. 15,000 was transferred out, on 2025-08-02 at about 09:55. Kannan Muthu submitted the complaint online using the mobile number 9000000430. Funds were reportedly sent to the account reference SYN-ACC-100035. A further person, Dinesh Balan, an intermediary, using the number 9000000363, is stated to be associated with the incident. An unidentified caller using the number 9000000318 was mentioned in the complaint. No supporting material was reported at the time of registration. Records suggest a possible link with FIR-2026-00131, as the mobile number 9000000318 is associated with a suspect in both entries.",Cybercrime,Phishing,Online,03-08-2025,02-08-2025,09:55,Morning,Roja Nagar Residential Colony,Thoothukudi,Tamil Nadu,Thoothukudi Port PS,Kannan Muthu,9000000430,Kannan Muthu,9000000430,Unknown,9000000318,Dinesh Balan,9000000363,NULL,None,SYN-ACC-100035,None reported,Unknown,NULL,Victim reported receiving a suspicious link that imitated a bank notification.,Closed,IO-TUT-004,FIR-2026-00131,Complaint,"phishing, suspicious link, receiving account, associate, morning, residential colony, mobile number"
FIR-2026-00148,Neighbourhood Dispute Report,"According to the complaint registered on 2025-08-03, the complainant reported repeated harassment by a neighbour over a traffic incident near Nallur Garden Residential Colony. The incident is stated to have occurred on 2025-08-03 at approximately 16:10. Elango Krishnan approached Coimbatore North PS to report the matter and can be reached on 9000000081. Senthil Krishnan (mobile 9000000461) was named as a possible person of interest. Madhan Murugan was mentioned as a person who was present nearby, but no contact number was available. Items referenced in the complaint: a witness statement and CCTV footage.",Harassment,Neighbour Harassment,Written,03-08-2025,03-08-2025,16:10,Afternoon,Nallur Garden Residential Colony,Coimbatore,Tamil Nadu,Coimbatore North PS,Elango Krishnan,9000000081,Elango Krishnan,9000000081,Senthil Krishnan,9000000461,NULL,NULL,NULL,None,NULL,Witness statement; CCTV footage,Madhan Murugan,NULL,Neighbour allegedly used abusive language during a continuing dispute.,Closed,IO-CBE-002,NULL,FIR,"harassment, neighbour dispute, witness, witness statement, mobile number, CCTV, afternoon, residential colony"
FIR-2026-00149,Physical Assault Complaint,"According to the complaint registered on 2025-08-06, Eswari Selvam was allegedly struck by a person after a verbal exchange at Sindhu Garden Residential Colony and later sought medical attention. The incident is stated to have occurred on 2025-08-05 at about 14:20. The complaint was lodged by Praveen Kumar (9000000122) on behalf of Eswari Selvam, whose contact number is given as 9000000250. A motorcycle bearing the number TN-47-ZZ-1038 was seen leaving the area. The identity of the person involved remains unknown at this stage. Items referenced in the complaint: a vehicle observation.",Assault,Physical Assault,Written,06-08-2025,05-08-2025,14:20,Afternoon,Sindhu Garden Residential Colony,Erode,Tamil Nadu,Erode South PS,Praveen Kumar,9000000122,Eswari Selvam,9000000250,Unknown,NULL,NULL,NULL,TN-47-ZZ-1038,Motorcycle,NULL,Vehicle observation,Unknown,NULL,Suspect allegedly attacked the victim during a heated argument.,Closed,IO-ERD-005,NULL,FIR,"assault, altercation, vehicle observation, afternoon, residential colony, motorcycle"
FIR-2026-00150,Group Assault Complaint,"A written complaint dated 2025-08-07 states that a group of persons allegedly attacked the complainant at Poongodi Layout Residential Colony in Tiruppur, causing injuries that required treatment, on 2025-08-07 at approximately 18:15. A person named Janani Devi, associated with the number 9000000454, was mentioned as potentially relevant to the incident. Dinesh Subramani (9000000212) was mentioned as a person who was present nearby. Potentially relevant material referenced includes photographs and a witness statement. Records suggest a possible link with FIR-2026-00097, as the mobile number 9000000454 is associated with a suspect in both entries.",Assault,Group Assault,Written,07-08-2025,07-08-2025,18:15,Evening,Poongodi Layout Residential Colony,Tiruppur,Tamil Nadu,Tiruppur Central PS,Nithin Thangaraj,9000000252,Nithin Thangaraj,9000000252,Janani Devi,9000000454,NULL,NULL,NULL,None,NULL,Photograph; Witness statement,Dinesh Subramani,9000000212,Several persons reportedly attacked the victim in a secluded stretch.,Under Investigation,IO-TUP-001,FIR-2026-00097,FIR,"group assault, injury, mobile number, suspect, photograph, witness, evening, residential colony"
FIR-2026-00151,Threatening Message Report,"During the night of 2025-08-06, around 21:30, messages threatening harm were sent to the complainant following a disagreement over a parking issue, according to the complaint recorded on 2025-08-10. The complaint was lodged by Indhu Murugan (9000000163). An unidentified caller using the number 9000000188 was mentioned in the complaint. Dinesh Subramani (9000000212) noticed the incident and may be able to provide a statement. The complaint refers to Arun Muthu, a business acquaintance, reachable on 9000000304. Items referenced in the complaint: a call detail reference.",Threat,Threat Message,Oral,10-08-2025,06-08-2025,21:30,Night,Poongodi Layout Residential Colony,Tiruppur,Tamil Nadu,Tiruppur Central PS,Indhu Murugan,9000000163,Indhu Murugan,9000000163,Unknown,9000000188,Arun Muthu,9000000304,NULL,None,NULL,Call detail reference,Dinesh Subramani,9000000212,Messages reportedly sent from an unfamiliar number.,Open,IO-TUP-002,NULL,FIR,"threat, text messages, residential colony, associate, call detail, mobile number, witness, night"
FIR-2026-00152,Threat Message Complaint,"It was alleged that the complainant received threatening text messages after a financial disagreement. The matter was brought to Tiruppur Central PS on 2025-08-10, while the incident was placed on 2025-08-07 at roughly 12:40. Yogesh Raman approached Tiruppur Central PS to report the matter and can be reached on 9000000183. Vignesh Balan (mobile 9000000105) was named as a possible person of interest. Udhay Pandian (9000000220) noticed the incident and may be able to provide a statement. Items referenced in the complaint: social media screenshots and mobile phone records.",Threat,Threat Message,Written,10-08-2025,07-08-2025,12:40,Afternoon,Poongodi Layout Residential Colony,Tiruppur,Tamil Nadu,Tiruppur Central PS,Yogesh Raman,9000000183,Yogesh Raman,9000000183,Vignesh Balan,9000000105,NULL,NULL,NULL,None,NULL,Social media screenshot; Mobile phone record,Udhay Pandian,9000000220,Threatening messages allegedly sent after a dispute.,Open,IO-TUP-001,NULL,FIR,"threat, text messages, mobile number, afternoon, witness, phone records, residential colony, suspect"
FIR-2026-00153,Shop Extortion Report,"A oral complaint dated 2025-08-10 states that the owner of Green Leaf Stores reported repeated demands for weekly payments of Rs. 4,500 from persons visiting the premises near Vaigai Layout Market Road in Tiruppur, on 2025-08-10 around 20:30 hrs. Sanjay Prakash reported the matter orally at Tiruppur North PS; the contact number given was 9000000462. The complainant is associated with the business Green Leaf Stores. No independent witness was identified at the time of registration. The complainant could not identify the person involved. A car bearing the number TN-58-YY-1037 was seen leaving the area. An unidentified associate was also mentioned by the complainant. Potentially relevant material referenced includes CCTV footage.",Extortion,Business Extortion,Oral,10-08-2025,10-08-2025,20:30,Evening,Vaigai Layout Market Road,Tiruppur,Tamil Nadu,Tiruppur North PS,Sanjay Prakash,9000000462,Sanjay Prakash,9000000462,Unknown,NULL,Unknown,NULL,TN-58-YY-1037,Car,NULL,CCTV footage,Unknown,NULL,Payment demands reportedly made with veiled threats.,Under Investigation,IO-TUP-004,NULL,Complaint,"extortion, business, market road, car, evening, CCTV"
FIR-2026-00154,Property Theft Report,"A written complaint dated 2025-08-10 states that a bicycle and some tools valued at around Rs. 85,000 was found missing from a premises near Sevvanthi Puram Industrial Area in Chittoor, on 2025-08-10 around 23:50 hrs. The complainant, Siva Velan, provided the contact number 9000000435. The complainant could not identify the person involved. A witness, Yuvaraj Selvam, reachable on 9000000434, was mentioned in the complaint. Hariharan Subramani (9000000044), described as a business acquaintance, was also mentioned in the complaint. Items referenced in the complaint: physical documents and photographs.",Theft,Property Theft,Written,10-08-2025,10-08-2025,23:50,Night,Sevvanthi Puram Industrial Area,Chittoor,Andhra Pradesh,Chittoor North PS,Siva Velan,9000000435,Siva Velan,9000000435,Unknown,NULL,Hariharan Subramani,9000000044,NULL,None,NULL,Physical document; Photograph,Yuvaraj Selvam,9000000434,Items reportedly taken while the premises were unattended.,Closed,IO-CTR-003,NULL,Preliminary Report,"property theft, valuables, associate, photograph, night, witness, documents, industrial area"
FIR-2026-00155,Two-Wheeler Theft Complaint,"During the night of 2025-08-10, around 22:20, a silver motorcycle bearing registration number TN-45-XX-1081 was found missing from the parking space near Kaveri Park Bus Stand Area, according to the complaint recorded on 2025-08-10. Contact details given by the complainant, Rakesh Anand, include the number 9000000340. A person named Nithin Subramani, associated with the number 9000000354, was mentioned as potentially relevant to the incident. The complaint refers to another person whose identity could not be established. No supporting material was reported at the time of registration.",Vehicle Theft,Motorcycle Theft,Written,10-08-2025,10-08-2025,22:20,Night,Kaveri Park Bus Stand Area,Trichy,Tamil Nadu,Trichy Fort PS,Rakesh Anand,9000000340,Rakesh Anand,9000000340,Nithin Subramani,9000000354,Unknown,NULL,TN-45-XX-1081,Motorcycle,NULL,None reported,Unknown,NULL,Vehicle reportedly taken from an unattended parking area.,Pending Verification,IO-TRY-004,NULL,Complaint,"motorcycle theft, vehicle, motorcycle, bus stand, night, mobile number, suspect"
FIR-2026-00156,Illegal Occupation Complaint,"It was alleged that a rented premises near Sevvanthi Garden College Road was allegedly occupied by a person after the lease ended, and the keys were not returned. The matter was brought to Hyderabad North PS on 2025-08-11, while the incident was placed on 2025-08-05 at about 13:05. Tamilarasan Muthu (mobile 9000000260) was named as a possible person of interest. The complainant mentioned physical documents. Records suggest a possible link with FIR-2026-00098, as the mobile number 9000000260 is associated with a suspect in both entries.",Property Crime,Illegal Occupation,Online,11-08-2025,05-08-2025,13:05,Afternoon,Sevvanthi Garden College Road,Hyderabad,Telangana,Hyderabad North PS,Thirumal Sekar,9000000046,Thirumal Sekar,9000000046,Tamilarasan Muthu,9000000260,NULL,NULL,NULL,None,NULL,Physical document,Unknown,NULL,Premises allegedly occupied after the lease period ended.,Closed,IO-HYD-004,FIR-2026-00098,FIR,"illegal occupation, lease dispute, mobile number, documents, suspect, afternoon, college road"
FIR-2026-00157,Money Demand Complaint,"The reported incident took place on 2025-08-12 (night, 00:35): A caller repeatedly demanded Rs. 50,000 from the complainant and threatened to visit the premises. Rajesh Rajan approached Erode Central PS to report the matter and can be reached on 9000000302. The complaint refers to Udhay Muthu, an intermediary, reachable on 9000000352. A person named Prakash Muthu, associated with the number 9000000312, was mentioned as potentially relevant to the incident. Abirami Sekar (9000000186) noticed the incident and may be able to provide a statement. No supporting material was reported at the time of registration.",Extortion,Extortion Call,Written,12-08-2025,12-08-2025,00:35,Night,Sindhu Colony College Road,Erode,Tamil Nadu,Erode Central PS,Rajesh Rajan,9000000302,Rajesh Rajan,9000000302,Prakash Muthu,9000000312,Udhay Muthu,9000000352,NULL,None,NULL,None reported,Abirami Sekar,9000000186,Caller allegedly demanded money with threats of consequences.,Closed,IO-ERD-001,NULL,FIR,"extortion, money demand, mobile number, night, witness, associate, college road, suspect"
FIR-2026-00158,Motorcycle Theft Report,"According to the complaint registered on 2025-08-12, a maroon motorcycle bearing registration number TN-38-YY-1082 belonging to the complainant was taken from Palar Park Industrial Area. The incident is stated to have occurred on 2025-08-12 at approximately 21:15. Durga Sekar approached Madurai South PS to report the matter and can be reached on 9000000467. Vasanth Gopal (mobile 9000000245) was named as a possible person of interest. The complaint refers to Karthik Velan, a relative of the suspect, reachable on 9000000188. No independent witness was identified at the time of registration. Items referenced in the complaint: CCTV footage and physical documents.",Vehicle Theft,Motorcycle Theft,Written,12-08-2025,12-08-2025,21:15,Night,Palar Park Industrial Area,Madurai,Tamil Nadu,Madurai South PS,Durga Sekar,9000000467,Durga Sekar,9000000467,Vasanth Gopal,9000000245,Karthik Velan,9000000188,TN-38-YY-1082,Motorcycle,NULL,CCTV footage; Physical document,Unknown,NULL,Vehicle reportedly taken during the night from a residential parking spot.,Under Investigation,IO-MDU-005,NULL,Complaint,"motorcycle theft, vehicle, documents, mobile number, night, suspect, CCTV, motorcycle"
FIR-2026-00159,Household Property Theft Complaint,"According to the complaint registered on 2025-08-13, construction materials valued at around Rs. 2,00,000 was found missing from a premises near Sevvanthi Puram Industrial Area. The incident is stated to have occurred on 2025-08-12 at about 23:35. Saravanan Murugan reported the matter orally at Chittoor North PS; the contact number given was 9000000269. No independent witness was identified at the time of registration. Karthik Thangaraj (mobile 9000000053) was named as a possible person of interest. A further person, Hariharan Subramani, a relative of the suspect, using the number 9000000044, is stated to be associated with the incident. The complainant mentioned CCTV footage and a call detail reference.",Theft,Property Theft,Oral,13-08-2025,12-08-2025,23:35,Night,Sevvanthi Puram Industrial Area,Chittoor,Andhra Pradesh,Chittoor North PS,Saravanan Murugan,9000000269,Saravanan Murugan,9000000269,Karthik Thangaraj,9000000053,Hariharan Subramani,9000000044,NULL,None,NULL,CCTV footage; Call detail reference,Unknown,NULL,Suspect allegedly entered through an unsecured entry point.,Pending Verification,IO-CTR-004,NULL,Complaint,"property theft, valuables, suspect, CCTV, industrial area, call detail, night, associate"
FIR-2026-00160,Missing Adult Complaint,"As per the FIR recorded on 2025-08-15, the brother of the complainant, Mohan Gopal, aged 29, left for work and did not return; the last known location was near Kadal Nagar Bus Stand Area. The time of the incident was given as 15:05 on 2025-08-12. The complaint was lodged by Nithya Murugan (9000000423), a family member of Mohan Gopal, whose last active mobile number is noted as 9000000456. Dinesh Subramani (9000000212) noticed the incident and may be able to provide a statement. The complaint refers to Gunasekar Anand, a friend of the suspect, reachable on 9000000050. The family mentioned that Senthil Krishnan (9000000461) was last known to be in contact with the missing person. Potentially relevant material referenced includes CCTV footage and a call detail reference.",Missing Person,Missing Adult,Written,15-08-2025,12-08-2025,15:05,Afternoon,Kadal Nagar Bus Stand Area,Coimbatore,Tamil Nadu,Coimbatore South PS,Nithya Murugan,9000000423,Mohan Gopal,9000000456,Senthil Krishnan,9000000461,Gunasekar Anand,9000000050,NULL,None,NULL,CCTV footage; Call detail reference,Dinesh Subramani,9000000212,Person reportedly left the residence and could not be contacted afterwards.,Pending Verification,IO-CBE-004,NULL,FIR,"missing person, adult, call detail, CCTV, witness, afternoon, associate, mobile number"
FIR-2026-00161,Illegal Occupation Complaint,"According to the complaint registered on 2025-08-15, the complainant reported that a shop near Roja Park Main Street was occupied without a valid agreement and the occupant refused to leave. The incident is stated to have occurred on 2025-08-14 at about 10:35. The online submission was made by Sathish Palanisamy (9000000238). Elango Prakash (mobile 9000000351) was named as a possible person of interest. A witness, Tamilarasan Velan, reachable on 9000000281, was mentioned in the complaint.",Property Crime,Illegal Occupation,Online,15-08-2025,14-08-2025,10:35,Morning,Roja Park Main Street,Coimbatore,Tamil Nadu,Coimbatore North PS,Sathish Palanisamy,9000000238,Sathish Palanisamy,9000000238,Elango Prakash,9000000351,NULL,NULL,NULL,None,NULL,Physical document; Digital document; Photograph,Tamilarasan Velan,9000000281,Occupant reportedly refused to vacate despite repeated requests.,Closed,IO-CBE-001,NULL,Complaint,"illegal occupation, lease dispute, morning, main street, mobile number, digital document, documents, suspect"
FIR-2026-00162,Unauthorised Bank Transfer Complaint,"As per the FIR recorded on 2025-08-16, the complainant noticed that Rs. 4,50,000 had been withdrawn through multiple online transactions in a short interval. The time of the incident was given as 14:30 on 2025-08-10. Siva Velan approached Chennai North PS to report the matter and can be reached on 9000000435. Kishore Babu (mobile 9000000076) was named as a possible person of interest. A witness, Padmini Raj, reachable on 9000000032, was mentioned in the complaint. Potentially relevant material referenced includes physical documents and digital documents. Records suggest a possible link with FIR-2026-00077, as the mobile number 9000000076 is associated with a suspect in both entries.",Financial Fraud,Bank Transaction Fraud,Written,16-08-2025,10-08-2025,14:30,Afternoon,Nallur Park Main Street,Chennai,Tamil Nadu,Chennai North PS,Siva Velan,9000000435,Siva Velan,9000000435,Kishore Babu,9000000076,NULL,NULL,NULL,None,NULL,Physical document; Digital document,Padmini Raj,9000000032,Multiple small transfers reportedly made in quick succession.,Closed,IO-CHN-003,FIR-2026-00077,FIR,"bank fraud, unauthorised transaction, suspect, mobile number, main street, documents, digital document, afternoon"
FIR-2026-00163,Group Assault Complaint,"A written complaint dated 2025-08-16 states that the complainant was allegedly surrounded and attacked by several persons near Poongodi Layout Residential Colony in Tiruppur after a dispute over a parking issue, on 2025-08-16 around 22:15 hrs. The complaint was lodged by Malathi Ammal (9000000345). Dinesh Subramani was mentioned as a person who was present nearby, but no contact number was available. Karthik Velan (mobile 9000000188) was named as a possible person of interest. Potentially relevant material referenced includes physical documents.",Assault,Group Assault,Written,16-08-2025,16-08-2025,22:15,Night,Poongodi Layout Residential Colony,Tiruppur,Tamil Nadu,Tiruppur Central PS,Malathi Ammal,9000000345,Malathi Ammal,9000000345,Karthik Velan,9000000188,NULL,NULL,NULL,None,NULL,Physical document,Dinesh Subramani,NULL,Several persons reportedly attacked the victim in a secluded stretch.,Under Investigation,IO-TUP-001,NULL,FIR,"group assault, injury, documents, witness, residential colony, suspect, mobile number, night"
FIR-2026-00164,UPI Payment Fraud Complaint,"As per the FIR recorded on 2025-08-19, the complainant scanned a QR code shared by a caller who spoke of a refund, and Rs. 9,900 was debited instead. The time of the incident was given as 00:25 on 2025-08-16. The online submission was made by Babu Rajan (9000000365). An unidentified associate was also mentioned by the complainant. Transaction details refer to the receiving account SYN-ACC-100018. Ramesh Pandian (9000000469) noticed the incident and may be able to provide a statement. The person involved was not identified; the number 9000000154 was noted as potentially relevant.",Cybercrime,UPI Fraud,Online,19-08-2025,16-08-2025,00:25,Night,Iniyan Puram College Road,Coimbatore,Tamil Nadu,Coimbatore Town PS,Babu Rajan,9000000365,Babu Rajan,9000000365,Unknown,9000000154,Unknown,NULL,NULL,None,SYN-ACC-100018,Bank transaction reference,Ramesh Pandian,9000000469,Fraudulent QR code allegedly shared under the pretext of a refund.,Closed,IO-CBE-006,NULL,FIR,"UPI fraud, online payment, college road, witness, mobile number, night, receiving account, bank reference"
FIR-2026-00165,Forged Document Complaint,"As per the complaint recorded on 2025-08-19, a document allegedly prepared using forged details of the complainant was used to seek a payment of Rs. 50,000. The time of the incident was given as 15:50 on 2025-08-16. Ramya Bai approached Chittoor Town PS to report the matter and can be reached on 9000000232. No independent witness was identified at the time of registration. The account reference SYN-ACC-100064 linked to the complainant was mentioned in relation to the transactions. A person named Ganesh Selvam, associated with the number 9000000247, was mentioned as potentially relevant to the incident. Potentially relevant material referenced includes digital documents and physical documents.",Forgery,Forged Document,Written,19-08-2025,16-08-2025,15:50,Afternoon,Mangai Colony Railway Station Road,Chittoor,Andhra Pradesh,Chittoor Town PS,Ramya Bai,9000000232,Ramya Bai,9000000232,Ganesh Selvam,9000000247,NULL,NULL,NULL,None,SYN-ACC-100064,Digital document; Physical document,Unknown,NULL,Document allegedly altered before submission.,Closed,IO-CTR-001,NULL,Complaint,"forgery, forged document, afternoon, mobile number, suspect, bank account, railway station road, digital document"
FIR-2026-00166,High-Return Scheme Complaint,"The reported incident took place on 2025-08-18 (morning, 11:20): A person promoting a trading group collected Rs. 50,000 from the complainant with an assurance of high returns. Dinesh Raj approached Karur East PS to report the matter and can be reached on 9000000061. Funds were reportedly sent to the account reference SYN-ACC-100001. A person named Nithin Murugan, associated with the number 9000000374, was mentioned as potentially relevant to the incident. Items referenced in the complaint: a call detail reference, transaction records and digital documents. Records suggest a possible link with FIR-2026-00143, as the mobile number 9000000374 is associated with a suspect in both entries.",Financial Fraud,Investment Fraud,Written,20-08-2025,18-08-2025,11:20,Morning,Ezhil Garden Shopping Complex,Karur,Tamil Nadu,Karur East PS,Dinesh Raj,9000000061,Dinesh Raj,9000000061,Nithin Murugan,9000000374,NULL,NULL,NULL,None,SYN-ACC-100001,Call detail reference; Transaction record; Digital document,Unknown,NULL,Victim allegedly persuaded to deposit funds with a promise of high returns.,Closed,IO-KRR-004,FIR-2026-00143,Complaint,"investment fraud, high returns, shopping complex, suspect, receiving account, mobile number, transaction record, morning"
FIR-2026-00167,Premises Occupation Dispute Report,"On 2025-08-19 at approximately 09:20, it was reported that the complainant reported that a shop near Vaigai Layout Market Road was occupied without a valid agreement and the occupant refused to leave. Contact details given by the complainant, Thirumal Babu, include the number 9000000321. The complaint mentions Bharath Selvam, who was reportedly contacted on 9000000273, in connection with the events. The complaint refers to Mathan Raman, an intermediary, reachable on 9000000187. Potentially relevant material referenced includes physical documents.",Property Crime,Illegal Occupation,Written,20-08-2025,19-08-2025,09:20,Morning,Vaigai Layout Market Road,Tiruppur,Tamil Nadu,Tiruppur North PS,Thirumal Babu,9000000321,Thirumal Babu,9000000321,Bharath Selvam,9000000273,Mathan Raman,9000000187,NULL,None,NULL,Physical document,Unknown,NULL,Occupant reportedly refused to vacate despite repeated requests.,Pending Verification,IO-TUP-003,NULL,FIR,"illegal occupation, lease dispute, suspect, market road, morning, documents, mobile number, associate"
FIR-2026-00168,Defacement of Property Report,"According to the complaint registered on 2025-08-21, a parked car of the complainant near Nallur Park Main Street was defaced and partly broken. The incident is stated to have occurred on 2025-08-18 at roughly 21:35. Jagan Sekar reported the matter orally at Chennai North PS; the contact number given was 9000000355. Kavitha Selvam (9000000099) noticed the incident and may be able to provide a statement. The complainant could not identify the person involved. Udhay Muthu (9000000352), described as an intermediary, was also mentioned in the complaint. The complainant mentioned photographs.",Property Crime,Vandalism,Oral,21-08-2025,18-08-2025,21:35,Night,Nallur Park Main Street,Chennai,Tamil Nadu,Chennai North PS,Jagan Sekar,9000000355,Jagan Sekar,9000000355,Unknown,NULL,Udhay Muthu,9000000352,NULL,None,NULL,Photograph,Kavitha Selvam,9000000099,Unidentified persons allegedly damaged the property while it was unattended.,Closed,IO-CHN-003,NULL,FIR,"vandalism, property damage, main street, witness, night, associate, photograph"
FIR-2026-00169,Money Demand Complaint,"It was alleged that Bharathi Ammal received calls demanding Rs. 25,000 with warnings of consequences if the amount was not paid. The matter was brought to Erode South PS on 2025-08-21, while the incident was placed on 2025-08-21 at about 15:15. Ramya Bai (9000000232) reported the matter for Bharathi Ammal, whose contact number is given as 9000000228. Abirami Sekar (9000000186) noticed the incident and may be able to provide a statement. The complaint refers to Siva Muthu, an intermediary, reachable on 9000000256. Jagan Raman (mobile 9000000369) was named as a possible person of interest. The account reference SYN-ACC-100055 was noted in connection with the payment. The complainant mentioned mobile phone records, social media screenshots and a call detail reference.",Extortion,Extortion Call,Online,21-08-2025,21-08-2025,15:15,Afternoon,Sindhu Garden Residential Colony,Erode,Tamil Nadu,Erode South PS,Ramya Bai,9000000232,Bharathi Ammal,9000000228,Jagan Raman,9000000369,Siva Muthu,9000000256,NULL,None,SYN-ACC-100055,Mobile phone record; Social media screenshot; Call detail reference,Abirami Sekar,9000000186,Caller allegedly demanded money with threats of consequences.,Pending Verification,IO-ERD-006,NULL,Complaint,"extortion, money demand, witness, screenshot, phone records, residential colony, mobile number, associate"
FIR-2026-00170,Property Theft Report,"A written complaint dated 2025-08-22 states that the complainant discovered that a gas stove and utensils had been taken from a place near Mynthan Colony Main Street, on 2025-08-22 at roughly 09:20. Contact details given by the complainant, Nithin Balan, include the number 9000000470. The complaint refers to Madhan Palanisamy, a driver, reachable on 9000000295. The complaint mentions Thirumal Velan, who was reportedly contacted on 9000000384, in connection with the events. No independent witness was identified at the time of registration. Potentially relevant material referenced includes physical documents, CCTV footage and photographs.",Theft,Property Theft,Written,22-08-2025,22-08-2025,09:20,Morning,Mynthan Colony Main Street,Erode,Tamil Nadu,Erode North PS,Nithin Balan,9000000470,Nithin Balan,9000000470,Thirumal Velan,9000000384,Madhan Palanisamy,9000000295,NULL,None,NULL,Physical document; CCTV footage; Photograph,Unknown,NULL,Items reportedly taken while the premises were unattended.,Closed,IO-ERD-004,NULL,FIR,"property theft, valuables, mobile number, morning, suspect, CCTV, documents, main street"
FIR-2026-00171,Vehicle Theft Complaint,"As per the FIR recorded on 2025-08-25, a green motorcycle bearing registration number TN-30-ZZ-1083 was found missing from the parking space near Kaveri Park Bus Stand Area. The time of the incident was given as 05:20 on 2025-08-25. No identifying details of the suspected person were available at the time of registration. Ezhilan Palanisamy (9000000181) was mentioned as a person who was present nearby. Potentially relevant material referenced includes a vehicle observation and photographs.",Vehicle Theft,Motorcycle Theft,Oral,25-08-2025,25-08-2025,05:20,Early Morning,Kaveri Park Bus Stand Area,Trichy,Tamil Nadu,Trichy Fort PS,Nithin Balan,9000000470,Nithin Balan,9000000470,Unknown,NULL,NULL,NULL,TN-30-ZZ-1083,Motorcycle,NULL,Vehicle observation; Photograph,Ezhilan Palanisamy,9000000181,Vehicle reportedly taken during the night from a residential parking spot.,Closed,IO-TRY-003,NULL,FIR,"motorcycle theft, vehicle, witness, bus stand, vehicle observation, photograph, early morning, motorcycle"
FIR-2026-00172,Business Extortion Complaint,"The reported incident took place on 2025-08-25 (morning, 10:50): The owner of Kurinji Stationery reported repeated demands for weekly payments of Rs. 4,500 from persons visiting the premises near Nila Park Industrial Area. The complainant, Arjun Karuppasamy, provided the contact number 9000000172. The complainant is associated with the business Kurinji Stationery. A yellow car with registration TN-58-XX-1084 was observed near Nila Park Industrial Area. Padmini Sri (9000000119) was mentioned as a person who was present nearby. The complainant mentioned the account SYN-ACC-100080 as the destination of the transfer. A person named Ezhilan Ramasamy, associated with the number 9000000042, was mentioned as potentially relevant to the incident. The complainant mentioned a call detail reference. Records suggest a possible link with FIR-2026-00146, as the mobile number 9000000042 is associated with a suspect in both entries.",Extortion,Business Extortion,Written,25-08-2025,25-08-2025,10:50,Morning,Nila Park Industrial Area,Chennai,Tamil Nadu,Chennai Central PS,Arjun Karuppasamy,9000000172,Arjun Karuppasamy,9000000172,Ezhilan Ramasamy,9000000042,NULL,NULL,TN-58-XX-1084,Car,SYN-ACC-100080,Call detail reference,Padmini Sri,9000000119,Payment demands reportedly made with veiled threats. A car was reportedly used to leave the area.,Pending Verification,IO-CHN-002,FIR-2026-00146,FIR,"extortion, business, call detail, mobile number, witness, industrial area, receiving account, suspect"
FIR-2026-00173,Online Payment Fraud Complaint,"It was alleged that a person offering to buy an item listed online asked the complainant to approve a UPI request, following which Rs. 3,500 was withdrawn. The matter was brought to Chennai North PS on 2025-08-26, while the incident was placed on 2025-08-24 at about 09:25. The online submission was made by Senthil Prakash (9000000067). Nandha Karuppasamy (mobile 9000000113) was named as a possible person of interest. Funds were reportedly sent to the account reference SYN-ACC-100024. A further person, Arun Babu, a driver, using the number 9000000379, is stated to be associated with the incident. Items referenced in the complaint: social media screenshots.",Cybercrime,UPI Fraud,Online,26-08-2025,24-08-2025,09:25,Morning,Nallur Park Main Street,Chennai,Tamil Nadu,Chennai North PS,Senthil Prakash,9000000067,Senthil Prakash,9000000067,Nandha Karuppasamy,9000000113,Arun Babu,9000000379,NULL,None,SYN-ACC-100024,Social media screenshot,Unknown,NULL,Fraudulent QR code allegedly shared under the pretext of a refund.,Closed,IO-CHN-003,NULL,FIR,"UPI fraud, online payment, morning, mobile number, screenshot, suspect, main street, associate"
FIR-2026-00174,Loan Fraud Complaint,"A oral complaint dated 2025-08-26 states that the complainant paid Rs. 3,50,000 as a processing fee for a promised loan that was never disbursed, on 2025-08-25 around 12:00 hrs. The complaint was lodged by Kishore Pandian (9000000200). Nithin Velan (9000000004) was mentioned as a person who was present nearby. The complainant alleged that Mathan Velan may be involved and provided the mobile number 9000000147. Items referenced in the complaint: physical documents.",Financial Fraud,Loan Fraud,Oral,26-08-2025,25-08-2025,12:00,Afternoon,Roja Nagar Residential Colony,Thoothukudi,Tamil Nadu,Thoothukudi Port PS,Kishore Pandian,9000000200,Kishore Pandian,9000000200,Mathan Velan,9000000147,NULL,NULL,NULL,None,NULL,Physical document,Nithin Velan,9000000004,Agent reportedly claimed a guaranteed approval and became unreachable.,Pending Verification,IO-TUT-003,NULL,Complaint,"loan fraud, processing fee, witness, suspect, afternoon, documents, mobile number, residential colony"
FIR-2026-00175,Account Takeover Complaint,"It was alleged that a payment wallet of the complainant was accessed from an unfamiliar device and Rs. 12,000 was moved to another account. The matter was brought to Vellore North PS on 2025-08-26, while the incident was placed on 2025-08-26 at about 14:00. The complainant, Deviga Murugan, provided the contact number 9000000058. The complaint mentions Vignesh Subramani, who was reportedly contacted on 9000000487, in connection with the events. The account reference SYN-ACC-100076 was noted in connection with the payment. Ramesh Pandian (9000000469) noticed the incident and may be able to provide a statement. The complainant mentioned a bank transaction reference. Records suggest a possible link with FIR-2026-00041, as the mobile number 9000000487 is associated with a suspect in both entries.",Cybercrime,Account Takeover,Written,26-08-2025,26-08-2025,14:00,Afternoon,Selvapuram Puram Main Street,Vellore,Tamil Nadu,Vellore North PS,Deviga Murugan,9000000058,Deviga Murugan,9000000058,Vignesh Subramani,9000000487,NULL,NULL,NULL,None,SYN-ACC-100076,Bank transaction reference,Ramesh Pandian,9000000469,OTP allegedly obtained during a call before the account was accessed.,Under Investigation,IO-VLR-004,FIR-2026-00041,Preliminary Report,"account takeover, unauthorised access, mobile number, witness, receiving account, afternoon, bank reference, main street"
FIR-2026-00176,Unauthorised Bank Transfer Complaint,"As per the complaint recorded on 2025-08-27, several unauthorised transfers totalling Rs. 1,20,000 were noticed in the account of the complainant. The time of the incident was given as 11:10 on 2025-08-19. Contact details given by the complainant, Karthik Pandian, include the number 9000000137. The complainant alleged that Rakesh Gopal may be involved and provided the mobile number 9000000405. A further person, Elango Shankar, a business acquaintance, using the number 9000000317, is stated to be associated with the incident. Pandian Balan (9000000285) was mentioned as a person who was present nearby. The account reference SYN-ACC-100048 linked to the complainant was mentioned in relation to the transactions. No supporting material was reported at the time of registration.",Financial Fraud,Bank Transaction Fraud,Written,27-08-2025,19-08-2025,11:10,Morning,Ezhil Garden Shopping Complex,Karur,Tamil Nadu,Karur East PS,Karthik Pandian,9000000137,Karthik Pandian,9000000137,Rakesh Gopal,9000000405,Elango Shankar,9000000317,NULL,None,SYN-ACC-100048,None reported,Pandian Balan,9000000285,Multiple small transfers reportedly made in quick succession.,Closed,IO-KRR-004,NULL,Complaint,"bank fraud, unauthorised transaction, bank account, morning, associate, mobile number, suspect, witness"
FIR-2026-00177,Damage to Property Report,"During the night of 2025-08-24, around 21:50, farm fencing of the complainant was damaged near Palar Layout Market Road, with a repair estimate of about Rs. 30,000, according to the complaint recorded on 2025-08-27. A witness, Meena Sekar, reachable on 9000000196, was mentioned in the complaint. The complainant alleged that Mathan Velan may be involved and provided the mobile number 9000000147. The complaint refers to Dinesh Balan, an intermediary, reachable on 9000000363. Items referenced in the complaint: photographs and a witness statement. Records suggest a possible link with FIR-2026-00174, as the mobile number 9000000147 is associated with a suspect in both entries.",Property Crime,Property Damage,Written,27-08-2025,24-08-2025,21:50,Night,Palar Layout Market Road,Karur,Tamil Nadu,Karur Town PS,Anitha Raj,9000000399,Anitha Raj,9000000399,Mathan Velan,9000000147,Dinesh Balan,9000000363,NULL,None,NULL,Photograph; Witness statement,Meena Sekar,9000000196,Damage reportedly caused overnight by unidentified persons.,Open,IO-KRR-001,FIR-2026-00174,FIR,"property damage, vandalism, mobile number, suspect, market road, witness, night, photograph"
FIR-2026-00178,Defacement of Property Report,"On 2025-08-26 at approximately 00:15, it was reported that the main gate of the complainant near Kalai Puram Apartment Complex in Chennai was defaced and partly broken. Gokul Karuppasamy reported the matter orally at Chennai Central PS; the contact number given was 9000000346. The complaint refers to Vasanthi Selvam, a co-worker, reachable on 9000000353. No identifying details of the suspected person were available at the time of registration. Kishore Selvam (9000000323) was mentioned as a person who was present nearby. The complainant mentioned CCTV footage, photographs and a witness statement.",Property Crime,Vandalism,Oral,27-08-2025,26-08-2025,00:15,Night,Kalai Puram Apartment Complex,Chennai,Tamil Nadu,Chennai Central PS,Gokul Karuppasamy,9000000346,Gokul Karuppasamy,9000000346,Unknown,NULL,Vasanthi Selvam,9000000353,NULL,None,NULL,CCTV footage; Photograph; Witness statement,Kishore Selvam,9000000323,Unidentified persons allegedly damaged the property while it was unattended.,Closed,IO-CHN-002,NULL,Complaint,"vandalism, property damage, photograph, associate, witness, night, apartment complex, CCTV"
FIR-2026-00179,Cheating Complaint,"According to the complaint registered on 2025-08-29, the complainant paid an advance of Rs. 25,000 for a tour package, but the service was not provided and the payee stopped responding. The incident is stated to have occurred on 2025-08-27 at roughly 16:55. Yogesh Arumugam reported the matter orally at Erode North PS; the contact number given was 9000000029. Funds were reportedly sent to the account reference SYN-ACC-100051. A witness, Ganesh Shankar, reachable on 9000000155, was mentioned in the complaint. The complaint refers to Prakash Muthu, a person who arranged the contact, reachable on 9000000312. A person named Venkat Palanisamy, associated with the number 9000000134, was mentioned as potentially relevant to the incident. Potentially relevant material referenced includes digital documents.",Cheating,Advance Payment Cheating,Oral,29-08-2025,27-08-2025,16:55,Afternoon,Mynthan Colony Main Street,Erode,Tamil Nadu,Erode North PS,Yogesh Arumugam,9000000029,Yogesh Arumugam,9000000029,Venkat Palanisamy,9000000134,Prakash Muthu,9000000312,NULL,None,SYN-ACC-100051,Digital document,Ganesh Shankar,9000000155,Advance allegedly collected for a service that was not provided.,Pending Verification,IO-ERD-004,NULL,Preliminary Report,"advance payment, cheating, afternoon, digital document, suspect, main street, witness, mobile number"
FIR-2026-00180,Threat Message Complaint,"A written complaint dated 2025-08-29 states that messages threatening harm were sent to the complainant following a disagreement over a boundary issue, on 2025-08-28 at approximately 16:10. Vasanthi Kannan approached Erode South PS to report the matter and can be reached on 9000000288. The complaint refers to Siva Muthu, a business acquaintance, reachable on 9000000256. Jagan Raman (mobile 9000000369) was named as a possible person of interest. Items referenced in the complaint: social media screenshots and mobile phone records.",Threat,Threat Message,Written,29-08-2025,28-08-2025,16:10,Afternoon,Sindhu Garden Residential Colony,Erode,Tamil Nadu,Erode South PS,Vasanthi Kannan,9000000288,Vasanthi Kannan,9000000288,Jagan Raman,9000000369,Siva Muthu,9000000256,NULL,None,NULL,Social media screenshot; Mobile phone record,Unknown,NULL,Messages reportedly sent from an unfamiliar number.,Under Investigation,IO-ERD-006,NULL,FIR,"threat, text messages, screenshot, residential colony, suspect, associate, phone records, mobile number"
FIR-2026-00181,Theft of Valuables Complaint,"On 2025-08-29 at approximately 15:40, it was reported that the complainant discovered that a gas stove and utensils had been taken from a place near Selvapuram Puram Main Street in Vellore. Contact details given by the complainant, Sanjay Raj, include the number 9000000083. The complaint mentions Jeeva Natarajan, who was reportedly contacted on 9000000002, in connection with the events. An unidentified associate was also mentioned by the complainant. Pavithra Bai (9000000006) was mentioned as a person who was present nearby.",Theft,Property Theft,Written,29-08-2025,29-08-2025,15:40,Afternoon,Selvapuram Puram Main Street,Vellore,Tamil Nadu,Vellore North PS,Sanjay Raj,9000000083,Sanjay Raj,9000000083,Jeeva Natarajan,9000000002,Unknown,NULL,NULL,None,NULL,Witness statement; Photograph,Pavithra Bai,9000000006,Suspect allegedly entered through an unsecured entry point.,Under Investigation,IO-VLR-004,NULL,FIR,"property theft, valuables, main street, witness statement, photograph, mobile number, suspect, afternoon"
FIR-2026-00182,Investment Fraud Complaint,"A written complaint dated 2025-08-30 states that the complainant invested Rs. 12,00,000 in a scheme promising fixed monthly returns, but payouts stopped after two months, on 2025-08-28 at roughly 12:35. Durga Bai approached Chennai Central PS to report the matter and can be reached on 9000000388. The complainant alleged that Hariharan Palanisamy may be involved and provided the mobile number 9000000463. The complaint refers to another person whose identity could not be established. The account reference SYN-ACC-100081 was noted in connection with the payment. Madhan Kumar (9000000410) noticed the incident and may be able to provide a statement. Potentially relevant material referenced includes mobile phone records.",Financial Fraud,Investment Fraud,Written,30-08-2025,28-08-2025,12:35,Afternoon,Kalai Puram Apartment Complex,Chennai,Tamil Nadu,Chennai Central PS,Durga Bai,9000000388,Durga Bai,9000000388,Hariharan Palanisamy,9000000463,Unknown,NULL,NULL,None,SYN-ACC-100081,Mobile phone record,Madhan Kumar,9000000410,Scheme reportedly promoted through a messaging group.,Closed,IO-CHN-001,NULL,FIR,"investment fraud, high returns, witness, mobile number, phone records, apartment complex, receiving account, suspect"
FIR-2026-00183,Employment Fraud Complaint,"During the afternoon of 2025-08-30, around 14:00, a person claiming to be a recruitment agent took Rs. 4,00,000 from the complainant for a job offer that did not materialise, according to the complaint recorded on 2025-09-01. Contact details given by the complainant, Kishore Velan, include the number 9000000140. No independent witness was identified at the time of registration. The complainant alleged that Eswari Raj may be involved and provided the mobile number 9000000433. Records suggest a possible link with FIR-2026-00055, as the mobile number 9000000433 is associated with a suspect in both entries.",Cheating,Job Offer Cheating,Written,01-09-2025,30-08-2025,14:00,Afternoon,Neithal Colony Residential Colony,Namakkal,Tamil Nadu,Namakkal Town PS,Kishore Velan,9000000140,Kishore Velan,9000000140,Eswari Raj,9000000433,NULL,NULL,NULL,None,NULL,Digital document; Call detail reference,Unknown,NULL,Agent reportedly issued a forged offer letter and became unreachable.,Pending Verification,IO-NKL-001,FIR-2026-00055,Preliminary Report,"job fraud, cheating, afternoon, suspect, call detail, digital document, mobile number, residential colony"
FIR-2026-00184,Shop Extortion Report,"According to the complaint registered on 2025-09-01, the owner of Vetri Provision Store reported repeated demands for weekly payments of Rs. 2,200 from persons visiting the premises near Nila Puram Main Street in Ernakulam. The incident is stated to have occurred on 2025-08-31 at approximately 20:05. The complainant is associated with the business Vetri Provision Store. Vignesh Balan (9000000105), described as a driver, was also mentioned in the complaint. Abirami Raj (mobile 9000000141) was named as a possible person of interest. Potentially relevant material referenced includes a call detail reference.",Extortion,Business Extortion,Written,01-09-2025,31-08-2025,20:05,Evening,Nila Puram Main Street,Ernakulam,Kerala,Ernakulam North PS,Kalaiselvi Sri,9000000192,Kalaiselvi Sri,9000000192,Abirami Raj,9000000141,Vignesh Balan,9000000105,NULL,None,NULL,Call detail reference,Unknown,NULL,Payment demands reportedly made with veiled threats.,Under Investigation,IO-EKM-003,NULL,FIR,"extortion, business, associate, main street, mobile number, suspect, evening, call detail"
FIR-2026-00185,Financial Fraud Complaint,"It was alleged that the complainant invested Rs. 3,50,000 in a scheme promising fixed monthly returns, but payouts stopped after two months. The matter was brought to Karur East PS on 2025-09-04, while the incident was placed on 2025-09-02 around 17:40 hrs. The complainant, Lavanya Ammal, provided the contact number 9000000175. Suspicion was reportedly directed towards Nithin Murugan, using the number 9000000374. The complaint refers to Harish Murugan, a relative of the suspect, reachable on 9000000180. Tamilarasan Selvam (9000000305) noticed the incident and may be able to provide a statement. Funds were reportedly sent to the account reference SYN-ACC-100003. Potentially relevant material referenced includes digital documents. Records suggest a possible link with FIR-2026-00142, as the mobile number 9000000374 is associated with a suspect in both entries.",Financial Fraud,Investment Fraud,Written,04-09-2025,02-09-2025,17:40,Evening,Ezhil Garden Shopping Complex,Karur,Tamil Nadu,Karur East PS,Lavanya Ammal,9000000175,Lavanya Ammal,9000000175,Nithin Murugan,9000000374,Harish Murugan,9000000180,NULL,None,SYN-ACC-100003,Digital document,Tamilarasan Selvam,9000000305,Victim allegedly persuaded to deposit funds with a promise of high returns.,Pending Verification,IO-KRR-004,FIR-2026-00142,FIR,"investment fraud, high returns, associate, suspect, mobile number, receiving account, digital document, shopping complex"
FIR-2026-00186,Online Purchase Fraud Complaint,"As per the FIR recorded on 2025-09-04, goods ordered from a website for Rs. 24,000 were not delivered, and the seller could not be reached. The time of the incident was given as 13:05 on 2025-09-03. The complaint was lodged by Kalaiselvi Devi (9000000121). The complaint refers to Jagan Velan, a business acquaintance, reachable on 9000000339. The account reference SYN-ACC-100013 was noted in connection with the payment. No independent witness was identified at the time of registration. The complainant alleged that Sathish Sundaram may be involved and provided the mobile number 9000000372. No supporting material was reported at the time of registration.",Cybercrime,Online Shopping Fraud,Written,04-09-2025,03-09-2025,13:05,Afternoon,Sindhu Colony College Road,Erode,Tamil Nadu,Erode Central PS,Kalaiselvi Devi,9000000121,Kalaiselvi Devi,9000000121,Sathish Sundaram,9000000372,Jagan Velan,9000000339,NULL,None,SYN-ACC-100013,None reported,Unknown,NULL,Victim reportedly paid in advance and was blocked by the seller.,Under Investigation,IO-ERD-002,NULL,FIR,"online shopping fraud, fake seller, afternoon, college road, receiving account, suspect, associate, mobile number"
FIR-2026-00187,Assault by Group Report,"During the night of 2025-09-05, around 23:00, a group of persons allegedly attacked Abirami Sri at Poongodi Layout Residential Colony in Tiruppur, causing injuries that required treatment, according to the complaint recorded on 2025-09-05. Bharathi Raman (9000000104) reported the matter for Abirami Sri, whose contact number is given as 9000000096. Sanjay Mani (9000000120), described as a co-worker, was also mentioned in the complaint. A person named Karthik Velan, associated with the number 9000000188, was mentioned as potentially relevant to the incident. Potentially relevant material referenced includes CCTV footage and physical documents.",Assault,Group Assault,Online,05-09-2025,05-09-2025,23:00,Night,Poongodi Layout Residential Colony,Tiruppur,Tamil Nadu,Tiruppur Central PS,Bharathi Raman,9000000104,Abirami Sri,9000000096,Karthik Velan,9000000188,Sanjay Mani,9000000120,NULL,None,NULL,CCTV footage; Physical document,Unknown,NULL,Several persons reportedly attacked the victim in a secluded stretch.,Pending Verification,IO-TUP-001,NULL,Preliminary Report,"group assault, injury, documents, suspect, residential colony, CCTV, associate, mobile number"
FIR-2026-00188,Chain Snatching Complaint,"According to the complaint registered on 2025-09-06, the complainant lost a gold chain of about 4 sovereigns near Anbu Colony Highway Junction when a rider on a maroon motorcycle bearing registration number TN-47-ZZ-1038 grabbed it and sped away. The incident is stated to have occurred on 2025-09-06 at about 19:35. Geetha Kumari approached Karur East PS to report the matter and can be reached on 9000000202. No independent witness was identified at the time of registration. Anand Palanisamy (9000000093), described as a co-worker, was also mentioned in the complaint. Nandha Karuppasamy (mobile 9000000113) was named as a possible person of interest. Potentially relevant material referenced includes CCTV footage. Records suggest a possible link with FIR-2026-00173, as the mobile number 9000000113 is associated with a suspect in both entries.",Chain Snatching,Two-Wheeler Chain Snatching,Written,06-09-2025,06-09-2025,19:35,Evening,Anbu Colony Highway Junction,Karur,Tamil Nadu,Karur East PS,Geetha Kumari,9000000202,Geetha Kumari,9000000202,Nandha Karuppasamy,9000000113,Anand Palanisamy,9000000093,TN-47-ZZ-1038,Motorcycle,NULL,CCTV footage,Unknown,NULL,Suspect allegedly snatched the chain from a passing two-wheeler.,Closed,IO-KRR-003,FIR-2026-00173,Complaint,"chain snatching, two-wheeler, suspect, mobile number, motorcycle, CCTV, evening, associate"
FIR-2026-00189,Illegal Occupation Complaint,"The reported incident took place on 2025-09-06 (morning, 09:25): The complainant reported that a shop near Vaigai Layout Market Road was occupied without a valid agreement and the occupant refused to leave. Bhuvana Bai reported the matter orally at Tiruppur North PS; the contact number given was 9000000344. The complaint refers to Vasanth Mani, a driver, reachable on 9000000382. The complaint mentions Chithra Kannan, who was reportedly contacted on 9000000146, in connection with the events. Harish Babu (9000000422) noticed the incident and may be able to provide a statement.",Property Crime,Illegal Occupation,Oral,07-09-2025,06-09-2025,09:25,Morning,Vaigai Layout Market Road,Tiruppur,Tamil Nadu,Tiruppur North PS,Bhuvana Bai,9000000344,Bhuvana Bai,9000000344,Chithra Kannan,9000000146,Vasanth Mani,9000000382,NULL,None,NULL,Photograph,Harish Babu,9000000422,Occupant reportedly refused to vacate despite repeated requests.,Pending Verification,IO-TUP-004,NULL,Preliminary Report,"illegal occupation, lease dispute, morning, mobile number, photograph, associate, market road, witness"
FIR-2026-00190,Chit Fund Fraud Complaint,"The reported incident took place on 2025-09-05 (afternoon, 16:25): Members of a chit group near Roja Park Main Street reported that the organiser stopped payouts, with the complainant owed about Rs. 1,20,000. The complaint was lodged by Bharath Babu (9000000482). A person named Hariharan Babu, associated with the number 9000000154, was mentioned as potentially relevant to the incident. A witness, Ramesh Pandian, reachable on 9000000469, was mentioned in the complaint.",Financial Fraud,Chit Fund Fraud,Written,08-09-2025,05-09-2025,16:25,Afternoon,Roja Park Main Street,Coimbatore,Tamil Nadu,Coimbatore North PS,Bharath Babu,9000000482,Bharath Babu,9000000482,Hariharan Babu,9000000154,NULL,NULL,NULL,None,NULL,Physical document; Call detail reference,Ramesh Pandian,9000000469,Organiser allegedly stopped payouts and became unreachable.,Closed,IO-CBE-001,NULL,Complaint,"chit fund, financial fraud, afternoon, mobile number, witness, documents, suspect, call detail"
FIR-2026-00191,Online Threat for Money Complaint,"A written complaint dated 2025-09-08 states that the complainant received messages threatening to circulate private material online unless Rs. 25,000 was paid, on 2025-09-08 at roughly 17:50. Tamilselvi Devi approached Tiruppur South PS to report the matter and can be reached on 9000000452. Nithya Rani (9000000035) was mentioned as a person who was present nearby. The complaint mentions Karthik Velan, who was reportedly contacted on 9000000188, in connection with the events.",Extortion,Digital Blackmail,Written,08-09-2025,08-09-2025,17:50,Evening,Ponni Nagar College Road,Tiruppur,Tamil Nadu,Tiruppur South PS,Tamilselvi Devi,9000000452,Tamilselvi Devi,9000000452,Karthik Velan,9000000188,NULL,NULL,NULL,None,NULL,Mobile phone record,Nithya Rani,9000000035,Suspect allegedly used online messages to demand money.,Closed,IO-TUP-006,NULL,FIR,"blackmail, online threat, suspect, evening, witness, college road, mobile number, phone records"
FIR-2026-00192,Loan Fraud Complaint,"It was alleged that a loan agent collected Rs. 8,00,000 from the complainant for approving a personal loan and then stopped answering calls. The matter was brought to Thoothukudi Port PS on 2025-09-09, while the incident was placed on 2025-09-08 at roughly 17:50. Anitha Raj reported the matter orally at Thoothukudi Port PS; the contact number given was 9000000399. A further person, Murugan Babu, a relative of the suspect, using the number 9000000070, is stated to be associated with the incident. Funds were reportedly sent to the account reference SYN-ACC-100033. A witness, Abirami Sri, reachable on 9000000096, was mentioned in the complaint. A person named Sathish Subramani, associated with the number 9000000429, was mentioned as potentially relevant to the incident. The complainant mentioned social media screenshots.",Financial Fraud,Loan Fraud,Oral,09-09-2025,08-09-2025,17:50,Evening,Roja Nagar Residential Colony,Thoothukudi,Tamil Nadu,Thoothukudi Port PS,Anitha Raj,9000000399,Anitha Raj,9000000399,Sathish Subramani,9000000429,Murugan Babu,9000000070,NULL,None,SYN-ACC-100033,Social media screenshot,Abirami Sri,9000000096,Agent reportedly claimed a guaranteed approval and became unreachable.,Closed,IO-TUT-004,NULL,FIR,"loan fraud, processing fee, mobile number, suspect, witness, receiving account, screenshot, residential colony"
FIR-2026-00193,Business Extortion Complaint,"As per the FIR recorded on 2025-09-09, the owner of Arasu Furniture reported repeated demands for weekly payments of Rs. 3,000 from persons visiting the premises near Nallur Park Main Street. The time of the incident was given as 11:45 on 2025-09-09. The online submission was made by Praveen Anand (9000000419). The complainant is associated with the business Arasu Furniture. A witness, Rajesh Rajan, reachable on 9000000302, was mentioned in the complaint. The complaint refers to another person whose identity could not be established. The complainant alleged that Hariharan Palanisamy may be involved and provided the mobile number 9000000463. The complainant mentioned CCTV footage and a call detail reference. Records suggest a possible link with FIR-2026-00182, as the mobile number 9000000463 is associated with a suspect in both entries.",Extortion,Business Extortion,Online,09-09-2025,09-09-2025,11:45,Morning,Nallur Park Main Street,Chennai,Tamil Nadu,Chennai North PS,Praveen Anand,9000000419,Praveen Anand,9000000419,Hariharan Palanisamy,9000000463,Unknown,NULL,NULL,None,NULL,CCTV footage; Call detail reference,Rajesh Rajan,9000000302,Suspects allegedly visited the premises and demanded regular payments.,Closed,IO-CHN-004,FIR-2026-00182,FIR,"extortion, business, CCTV, call detail, suspect, witness, mobile number, main street"
FIR-2026-00194,Premises Occupation Dispute Report,"According to the complaint registered on 2025-09-11, a rented premises near Vaigai Layout Market Road was allegedly occupied by a person after the lease ended, and the keys were not returned. The incident is stated to have occurred on 2025-09-04 at about 10:05. The complainant, Jagan Arumugam, provided the contact number 9000000008. Yuvaraj Palanisamy (9000000158) noticed the incident and may be able to provide a statement. The complainant alleged that Chithra Kannan may be involved and provided the mobile number 9000000146. A further person, Vasanth Mani, a business acquaintance, using the number 9000000382, is stated to be associated with the incident. Items referenced in the complaint: photographs. Records suggest a possible link with FIR-2026-00189, as the mobile number 9000000146 is associated with a suspect in both entries.",Property Crime,Illegal Occupation,Written,11-09-2025,04-09-2025,10:05,Morning,Vaigai Layout Market Road,Tiruppur,Tamil Nadu,Tiruppur North PS,Jagan Arumugam,9000000008,Jagan Arumugam,9000000008,Chithra Kannan,9000000146,Vasanth Mani,9000000382,NULL,None,NULL,Photograph,Yuvaraj Palanisamy,9000000158,Occupant reportedly refused to vacate despite repeated requests.,Open,IO-TUP-003,FIR-2026-00189,FIR,"illegal occupation, lease dispute, morning, mobile number, associate, photograph, witness, market road"
FIR-2026-00195,Assault by Group Report,"The reported incident took place on 2025-09-10 (afternoon, 16:10): The complainant was allegedly surrounded and attacked by several persons near Poongodi Layout Residential Colony in Tiruppur after a dispute over a minor road collision. The online submission was made by Naveen Mani (9000000021). Suspicion was reportedly directed towards Vignesh Balan, using the number 9000000105. The complaint refers to another person whose identity could not be established.",Assault,Group Assault,Online,11-09-2025,10-09-2025,16:10,Afternoon,Poongodi Layout Residential Colony,Tiruppur,Tamil Nadu,Tiruppur Central PS,Naveen Mani,9000000021,Naveen Mani,9000000021,Vignesh Balan,9000000105,Unknown,NULL,NULL,None,NULL,Photograph; Physical document,Unknown,NULL,Several persons reportedly attacked the victim in a secluded stretch.,Pending Verification,IO-TUP-001,NULL,FIR,"group assault, injury, photograph, residential colony, mobile number, suspect, documents, afternoon"
FIR-2026-00196,Missing Student Report,"According to the complaint registered on 2025-09-11, the cousin of the complainant, Tamilarasan Palanisamy, aged 18, left for work and could not be contacted afterwards; last seen near Mangai Puram Railway Station Road. The incident is stated to have occurred on 2025-09-11 at roughly 21:45. The complainant could not identify the person involved. No independent witness was identified at the time of registration. The complaint refers to Sanjay Mani, an intermediary, reachable on 9000000120. Items referenced in the complaint: social media screenshots.",Missing Person,Missing Student,Written,11-09-2025,11-09-2025,21:45,Night,Mangai Puram Railway Station Road,Tiruppur,Tamil Nadu,Tiruppur North PS,Vasanthi Kannan,9000000288,Tamilarasan Palanisamy,NULL,Unknown,NULL,Sanjay Mani,9000000120,NULL,None,NULL,Social media screenshot,Unknown,NULL,Student reportedly left for college and could not be contacted afterwards.,Under Investigation,IO-TUP-004,NULL,FIR,"missing person, student, screenshot, associate, railway station road, night"
FIR-2026-00197,Public Altercation Complaint,"It was alleged that Malathi Selvi was allegedly pushed and struck during a street argument at Roja Park Main Street. The matter was brought to Coimbatore North PS on 2025-09-13, while the incident was placed on 2025-09-11 at approximately 13:20. The complaint was lodged by Kishore Murugan (9000000326) on behalf of Malathi Selvi, whose contact number is given as 9000000386. Amudha Kannan was mentioned as a person who was present nearby, but no contact number was available. The complainant alleged that Gokul Gopal may be involved and provided the mobile number 9000000195. Items referenced in the complaint: photographs and a witness statement.",Assault,Street Altercation,Written,13-09-2025,11-09-2025,13:20,Afternoon,Roja Park Main Street,Coimbatore,Tamil Nadu,Coimbatore North PS,Kishore Murugan,9000000326,Malathi Selvi,9000000386,Gokul Gopal,9000000195,NULL,NULL,NULL,None,NULL,Photograph; Witness statement,Amudha Kannan,NULL,Suspect allegedly pushed the victim during a street argument.,Closed,IO-CBE-002,NULL,FIR,"altercation, street dispute, afternoon, witness, mobile number, photograph, suspect, main street"
FIR-2026-00198,Assault by Group Report,"According to the complaint registered on 2025-09-14, the complainant was allegedly surrounded and attacked by several persons near Nallur Nagar Main Street after a dispute over a payment settlement. The incident is stated to have occurred on 2025-09-12 at roughly 18:25. The complainant, Gayathri Raman, provided the contact number 9000000100. The complainant alleged that Abirami Raj may be involved and provided the mobile number 9000000141. The complaint refers to Siva Muthu, a relative of the suspect, reachable on 9000000256. A green car with registration KL-07-ZZ-1011 was observed near Nallur Nagar Main Street. The complainant mentioned physical documents.",Assault,Group Assault,Written,14-09-2025,12-09-2025,18:25,Evening,Nallur Nagar Main Street,Palakkad,Kerala,Palakkad North PS,Gayathri Raman,9000000100,Gayathri Raman,9000000100,Abirami Raj,9000000141,Siva Muthu,9000000256,KL-07-ZZ-1011,Car,NULL,Physical document,Unknown,NULL,Group allegedly confronted the victim following an earlier dispute.,Under Investigation,IO-PKD-003,NULL,FIR,"group assault, injury, suspect, mobile number, car, associate, evening, main street"
FIR-2026-00199,Two-Wheeler Chain Snatching Report,"During the afternoon of 2025-09-16, around 16:40, the complainant lost a gold chain of about 4 sovereigns near Mynthan Colony Main Street in Erode when a rider on a white scooter bearing registration number TN-58-YY-1085 grabbed it and sped away, according to the complaint recorded on 2025-09-16. The online submission was made by Harini Sri (9000000444). The complaint mentions Vignesh Natarajan, who was reportedly contacted on 9000000177, in connection with the events. No supporting material was reported at the time of registration.",Chain Snatching,Two-Wheeler Chain Snatching,Online,16-09-2025,16-09-2025,16:40,Afternoon,Mynthan Colony Main Street,Erode,Tamil Nadu,Erode North PS,Harini Sri,9000000444,Harini Sri,9000000444,Vignesh Natarajan,9000000177,NULL,NULL,TN-58-YY-1085,Scooter,NULL,None reported,Unknown,NULL,"Rider reportedly approached from behind, grabbed the chain and fled.",Closed,IO-ERD-003,NULL,Complaint,"chain snatching, two-wheeler, mobile number, suspect, scooter, afternoon, main street"
FIR-2026-00200,Property Damage Complaint,"As per the FIR recorded on 2025-09-16, the complainant found that the main gate near Kalai Colony Apartment Complex had been damaged overnight, causing a loss of roughly Rs. 3,00,000. The time of the incident was given as 02:35 on 2025-09-16. The complaint was lodged by Bharath Gopal (9000000314). Nithin Thangaraj (9000000252) noticed the incident and may be able to provide a statement. The complaint refers to Siva Selvam, a person who arranged the contact, reachable on 9000000440. No identifying details of the suspected person were available at the time of registration. The complainant mentioned photographs and a witness statement.",Property Crime,Property Damage,Written,16-09-2025,16-09-2025,02:35,Night,Kalai Colony Apartment Complex,Erode,Tamil Nadu,Erode North PS,Bharath Gopal,9000000314,Bharath Gopal,9000000314,Unknown,NULL,Siva Selvam,9000000440,NULL,None,NULL,Photograph; Witness statement,Nithin Thangaraj,9000000252,Property allegedly damaged following a local dispute.,Under Investigation,IO-ERD-003,NULL,FIR,"property damage, vandalism, apartment complex, photograph, associate, witness, witness statement, night"
FIR-2026-00201,UPI Collect Request Fraud Report,"On 2025-09-18 at about 15:25, it was reported that Rs. 12,000 was debited from the account of the complainant through UPI after a collect request from an unknown UPI ID was approved. Padmini Bai submitted the complaint online using the mobile number 9000000447. Yuvaraj Selvam (9000000434) was mentioned as a person who was present nearby. Funds were reportedly sent to the account reference SYN-ACC-100017. Jeeva Rajan (9000000071), described as a friend of the suspect, was also mentioned in the complaint. The complainant alleged that Hariharan Babu may be involved and provided the mobile number 9000000154.",Cybercrime,UPI Fraud,Online,18-09-2025,18-09-2025,15:25,Afternoon,Mullai Colony Shopping Complex,Coimbatore,Tamil Nadu,Coimbatore South PS,Padmini Bai,9000000447,Padmini Bai,9000000447,Hariharan Babu,9000000154,Jeeva Rajan,9000000071,NULL,None,SYN-ACC-100017,Transaction record,Yuvaraj Selvam,9000000434,Fraudulent QR code allegedly shared under the pretext of a refund.,Under Investigation,IO-CBE-003,NULL,Complaint,"UPI fraud, online payment, receiving account, suspect, mobile number, shopping complex, afternoon, witness"
FIR-2026-00202,Assault by Group Report,"During the afternoon of 2025-09-18, around 14:45, the complainant was allegedly surrounded and attacked by several persons near Vetri Colony Industrial Area in Erode after a dispute over a traffic incident, according to the complaint recorded on 2025-09-18. Selvam Natarajan approached Erode North PS to report the matter and can be reached on 9000000001. Another person, Saravanan Anand, using the number 9000000282, was named as potentially involved. Suspicion was reportedly directed towards Jagan Raman, using the number 9000000369. The complainant noted the registration number TN-33-ZZ-1029 of a yellow van. Potentially relevant material referenced includes CCTV footage.",Assault,Group Assault,Written,18-09-2025,18-09-2025,14:45,Afternoon,Vetri Colony Industrial Area,Erode,Tamil Nadu,Erode North PS,Selvam Natarajan,9000000001,Selvam Natarajan,9000000001,Jagan Raman,9000000369,NULL,NULL,TN-33-ZZ-1029,Van,NULL,CCTV footage,Unknown,NULL,Group allegedly confronted the victim following an earlier dispute. A van was reportedly used to leave the area.,Closed,IO-ERD-004,NULL,FIR,"group assault, injury, industrial area, suspect, CCTV, mobile number, van, afternoon"
FIR-2026-00203,UPI Payment Fraud Complaint,"As per the complaint recorded on 2025-09-19, Rs. 75,000 was debited from the account of the complainant through UPI after a collect request from an unknown UPI ID was approved. The time of the incident was given as 00:05 on 2025-09-16. Ravi Gopal submitted the complaint online using the mobile number 9000000098. The complainant mentioned the account SYN-ACC-100082 as the destination of the transfer. The complaint mentions Gokul Gopal, who was reportedly contacted on 9000000195, in connection with the events. Rajesh Krishnan (9000000167) was mentioned as a person who was present nearby. Potentially relevant material referenced includes digital documents.",Cybercrime,UPI Fraud,Online,19-09-2025,16-09-2025,00:05,Night,Ezhil Garden Shopping Complex,Karur,Tamil Nadu,Karur East PS,Ravi Gopal,9000000098,Ravi Gopal,9000000098,Gokul Gopal,9000000195,NULL,NULL,NULL,None,SYN-ACC-100082,Digital document,Rajesh Krishnan,9000000167,Suspect allegedly posed as an online buyer and requested payment approval.,Closed,IO-KRR-004,NULL,Complaint,"UPI fraud, online payment, suspect, digital document, mobile number, shopping complex, night, witness"
FIR-2026-00204,Bank Transaction Fraud Complaint,"As per the preliminary report recorded on 2025-09-22, a series of small debits adding up to Rs. 50,000 appeared in the statement of the complainant without any authorisation. The time of the incident was given as 11:15 on 2025-09-13. The complainant, Tamilselvi Devi, provided the contact number 9000000452. No independent witness was identified at the time of registration. The complaint mentions Rakesh Gopal, who was reportedly contacted on 9000000405, in connection with the events. Transaction details refer to the receiving account SYN-ACC-100002. The complaint refers to another person whose identity could not be established. Items referenced in the complaint: digital documents.",Financial Fraud,Bank Transaction Fraud,Written,22-09-2025,13-09-2025,11:15,Morning,Ezhil Garden Shopping Complex,Karur,Tamil Nadu,Karur East PS,Tamilselvi Devi,9000000452,Tamilselvi Devi,9000000452,Rakesh Gopal,9000000405,Unknown,NULL,NULL,None,SYN-ACC-100002,Digital document,Unknown,NULL,Multiple small transfers reportedly made in quick succession.,Pending Verification,IO-KRR-004,NULL,Preliminary Report,"bank fraud, unauthorised transaction, receiving account, digital document, mobile number, morning, suspect, shopping complex"
FIR-2026-00205,Motorcycle Theft Report,"It was alleged that Kumaran Subramani parked a grey motorcycle bearing registration number TN-23-ZZ-1086 at Mangai Puram Railway Station Road and found it missing on return. The matter was brought to Tiruppur North PS on 2025-09-22, while the incident was placed on 2025-09-22 at about 04:55. The complaint was lodged by Bharath Prakash (9000000118) on behalf of Kumaran Subramani, whose contact number is given as 9000000078. The complainant alleged that Murugan Sundaram may be involved and provided the mobile number 9000000207.",Vehicle Theft,Motorcycle Theft,Oral,22-09-2025,22-09-2025,04:55,Early Morning,Mangai Puram Railway Station Road,Tiruppur,Tamil Nadu,Tiruppur North PS,Bharath Prakash,9000000118,Kumaran Subramani,9000000078,Murugan Sundaram,9000000207,NULL,NULL,TN-23-ZZ-1086,Motorcycle,NULL,CCTV footage; Vehicle observation,Unknown,NULL,Vehicle reportedly taken from an unattended parking area.,Pending Verification,IO-TUP-004,NULL,Preliminary Report,"motorcycle theft, vehicle, suspect, early morning, CCTV, motorcycle, vehicle observation, mobile number"
FIR-2026-00206,Group Assault Complaint,"On 2025-09-24 around 21:00 hrs, it was reported that a group of persons allegedly attacked the complainant at Kalai Layout Parking Area, causing injuries that required treatment. Contact details given by the complainant, Jothi Selvi, include the number 9000000436. The complainant alleged that Karthik Velan may be involved and provided the mobile number 9000000188. Abirami Sekar (9000000186) noticed the incident and may be able to provide a statement. Items referenced in the complaint: photographs and physical documents.",Assault,Group Assault,Oral,24-09-2025,24-09-2025,21:00,Night,Kalai Layout Parking Area,Tiruppur,Tamil Nadu,Tiruppur South PS,Jothi Selvi,9000000436,Jothi Selvi,9000000436,Karthik Velan,9000000188,NULL,NULL,NULL,None,NULL,Photograph; Physical document,Abirami Sekar,9000000186,Several persons reportedly attacked the victim in a secluded stretch.,Closed,IO-TUP-005,NULL,Complaint,"group assault, injury, witness, mobile number, suspect, documents, photograph, night"
FIR-2026-00207,Burglary Incident Report,"The reported incident took place on 2025-09-22 (night, 00:10): The lock of the residence of the complainant near Poongodi Layout Residential Colony was found broken and a bicycle and some tools was missing, valued at about Rs. 40,000. The complaint was lodged by Naveen Natarajan (9000000057). Chithra Kannan (mobile 9000000146) was named as a possible person of interest. Ramesh Pandian (9000000469) noticed the incident and may be able to provide a statement. A white van with registration TN-39-YY-1016 was observed near Poongodi Layout Residential Colony. Items referenced in the complaint: a vehicle observation, physical documents and a witness statement. Records suggest a possible link with FIR-2026-00194, as the mobile number 9000000146 is associated with a suspect in both entries.",Burglary,House Burglary,Oral,25-09-2025,22-09-2025,00:10,Night,Poongodi Layout Residential Colony,Tiruppur,Tamil Nadu,Tiruppur Central PS,Naveen Natarajan,9000000057,Naveen Natarajan,9000000057,Chithra Kannan,9000000146,NULL,NULL,TN-39-YY-1016,Van,NULL,Vehicle observation; Physical document; Witness statement,Ramesh Pandian,9000000469,Entry allegedly forced through a broken lock while the house was locked.,Under Investigation,IO-TUP-001,FIR-2026-00194,FIR,"burglary, house break-in, suspect, van, residential colony, mobile number, documents, night"
FIR-2026-00208,Missing Person Complaint,"As per the complaint recorded on 2025-09-26, Rajesh Mani, aged 20, a college student, did not return after leaving for a temple visit; last known location was near Sevvanthi Park Shopping Complex. The time of the incident was given as 17:10 on 2025-09-26. The complaint was lodged by Divya Devi (9000000287), a family member of Rajesh Mani, whose last active mobile number is noted as 9000000409. No identifying details of the suspected person were available at the time of registration. Tamilarasan Selvam was mentioned as a person who was present nearby, but no contact number was available. Murugan Sundaram (9000000207), described as a friend of the suspect, was also mentioned in the complaint. Potentially relevant material referenced includes CCTV footage and photographs.",Missing Person,Missing Student,Oral,26-09-2025,26-09-2025,17:10,Evening,Sevvanthi Park Shopping Complex,Tiruppur,Tamil Nadu,Tiruppur Central PS,Divya Devi,9000000287,Rajesh Mani,9000000409,Unknown,NULL,Murugan Sundaram,9000000207,NULL,None,NULL,CCTV footage; Photograph,Tamilarasan Selvam,NULL,Mobile phone allegedly switched off shortly after leaving the campus area.,Pending Verification,IO-TUP-002,NULL,Complaint,"missing person, student, evening, witness, photograph, shopping complex, CCTV, associate"
FIR-2026-00209,UPI Collect Request Fraud Report,"On 2025-09-27 at approximately 01:15, it was reported that a person offering to buy an item listed online asked the complainant to approve a UPI request, following which Rs. 12,000 was withdrawn. Lakshmi Raman submitted the complaint online using the mobile number 9000000082. Venkat Palanisamy (mobile 9000000134) was named as a possible person of interest. Manoj Karuppasamy (9000000054) was mentioned as a person who was present nearby.",Cybercrime,UPI Fraud,Online,27-09-2025,27-09-2025,01:15,Night,Vennila Puram Shopping Complex,Erode,Tamil Nadu,Erode South PS,Lakshmi Raman,9000000082,Lakshmi Raman,9000000082,Venkat Palanisamy,9000000134,NULL,NULL,NULL,None,NULL,Call detail reference; Mobile phone record,Manoj Karuppasamy,9000000054,Victim was allegedly induced to approve a collect request on a UPI app.,Closed,IO-ERD-005,NULL,Complaint,"UPI fraud, online payment, shopping complex, night, witness, mobile number, phone records, suspect"
FIR-2026-00210,Missing Student Report,"According to the complaint registered on 2025-09-29, the relative of the complainant, Senthil Rajan, aged 23, left for a temple visit and could not be contacted afterwards; last seen near Alli Park Shopping Complex in Salem. The incident is stated to have occurred on 2025-09-26 at roughly 21:20. The complaint was lodged by Logesh Palanisamy (9000000171), a family member of Senthil Rajan, whose last active mobile number is noted as 9000000019. Karthik Velan (9000000188), described as a business acquaintance, was also mentioned in the complaint. Anitha Raman (9000000267) was mentioned as a person who was present nearby. The complainant could not identify the person involved. No supporting material was reported at the time of registration.",Missing Person,Missing Student,Written,29-09-2025,26-09-2025,21:20,Night,Alli Park Shopping Complex,Salem,Tamil Nadu,Salem West PS,Logesh Palanisamy,9000000171,Senthil Rajan,9000000019,Unknown,NULL,Karthik Velan,9000000188,NULL,None,NULL,None reported,Anitha Raman,9000000267,Mobile phone allegedly switched off shortly after leaving the campus area.,Open,IO-SLM-005,NULL,FIR,"missing person, student, night, shopping complex, associate, witness"
FIR-2026-00211,Online Purchase Fraud Complaint,"According to the complaint registered on 2025-09-29, an online seller collected an advance of Rs. 45,000 for a product and then blocked the number of the complainant. The incident is stated to have occurred on 2025-09-28 at roughly 09:15. The online submission was made by Sathish Kumar (9000000268). Manoj Karuppasamy (9000000054) was mentioned as a person who was present nearby. Transaction details refer to the receiving account SYN-ACC-100014. No identifying details of the suspected person were available at the time of registration. The complainant mentioned digital documents.",Cybercrime,Online Shopping Fraud,Online,29-09-2025,28-09-2025,09:15,Morning,Vennila Puram Shopping Complex,Erode,Tamil Nadu,Erode South PS,Sathish Kumar,9000000268,Sathish Kumar,9000000268,Unknown,NULL,NULL,NULL,NULL,None,SYN-ACC-100014,Digital document,Manoj Karuppasamy,9000000054,Victim reportedly paid in advance and was blocked by the seller.,Pending Verification,IO-ERD-006,NULL,FIR,"online shopping fraud, fake seller, morning, digital document, receiving account, shopping complex, witness"
FIR-2026-00212,Assault Incident Report,"During the night of 2025-10-02, around 22:20, the complainant was allegedly struck by a person after a verbal exchange at Oviya Puram Parking Area and later sought medical attention, according to the complaint recorded on 2025-10-02. The online submission was made by Karthik Pandian (9000000137). The complaint mentions Saravanan Anand, who was reportedly contacted on 9000000282, in connection with the events. A witness, Rajesh Krishnan, reachable on 9000000167, was mentioned in the complaint. Items referenced in the complaint: a witness statement.",Assault,Physical Assault,Online,02-10-2025,02-10-2025,22:20,Night,Oviya Puram Parking Area,Erode,Tamil Nadu,Erode Central PS,Karthik Pandian,9000000137,Karthik Pandian,9000000137,Saravanan Anand,9000000282,NULL,NULL,NULL,None,NULL,Witness statement,Rajesh Krishnan,9000000167,Suspect allegedly attacked the victim during a heated argument.,Under Investigation,IO-ERD-002,NULL,Complaint,"assault, altercation, mobile number, witness statement, night, witness, suspect, parking area"
FIR-2026-00213,Missing Person Report,"According to the complaint registered on 2025-10-03, Harish Selvam, aged 56, could not be traced after leaving home for a local errand; the last sighting was near Nallur Puram Market Road in Chennai. The incident is stated to have occurred on 2025-09-30 at roughly 18:15. The complaint was lodged by Tamilarasan Karuppasamy (9000000425), a family member of Harish Selvam, whose last active mobile number is noted as 9000000205. Madhan Babu, reachable on 9000000490, was named as someone who may have spoken to the missing person recently. The complainant mentioned photographs.",Missing Person,Missing Adult,Written,03-10-2025,30-09-2025,18:15,Evening,Nallur Puram Market Road,Chennai,Tamil Nadu,Chennai West PS,Tamilarasan Karuppasamy,9000000425,Harish Selvam,9000000205,Madhan Babu,9000000490,NULL,NULL,NULL,None,NULL,Photograph,Unknown,NULL,Person reportedly left the residence and could not be contacted afterwards.,Closed,IO-CHN-008,NULL,FIR,"missing person, adult, suspect, market road, mobile number, photograph, evening"
FIR-2026-00214,Suspicious Transaction Complaint,"A oral complaint dated 2025-10-03 states that the complainant noticed that Rs. 50,000 had been withdrawn through multiple online transactions in a short interval, on 2025-10-02 at roughly 16:35. Lavanya Ammal reported the matter orally at Coimbatore South PS; the contact number given was 9000000175. Hariharan Prakash (mobile 9000000017) was named as a possible person of interest. No independent witness was identified at the time of registration. The account reference SYN-ACC-100057 linked to the complainant was mentioned in relation to the transactions. The complainant mentioned social media screenshots, a call detail reference and a bank transaction reference.",Financial Fraud,Bank Transaction Fraud,Oral,03-10-2025,02-10-2025,16:35,Afternoon,Mullai Colony Shopping Complex,Coimbatore,Tamil Nadu,Coimbatore South PS,Lavanya Ammal,9000000175,Lavanya Ammal,9000000175,Hariharan Prakash,9000000017,NULL,NULL,NULL,None,SYN-ACC-100057,Social media screenshot; Call detail reference; Bank transaction reference,Unknown,NULL,Funds reportedly routed through a chain of accounts.,Pending Verification,IO-CBE-003,NULL,Complaint,"bank fraud, unauthorised transaction, call detail, mobile number, afternoon, bank account, shopping complex, suspect"
FIR-2026-00215,Smartphone Theft Complaint,"As per the complaint recorded on 2025-10-03, a recently purchased smartphone of the complainant went missing after a brief push in a crowded stretch at Vaigai Layout Market Road in Tiruppur. The time of the incident was given as 17:45 on 2025-10-03. Jagan Gopal approached Tiruppur North PS to report the matter and can be reached on 9000000108. Suspicion was reportedly directed towards Chithra Kannan, using the number 9000000146. No independent witness was identified at the time of registration. The incident reportedly occurred on or near a bus bearing registration TN-01-ZZ-1053. Harish Murugan (9000000180), described as a driver, was also mentioned in the complaint. The complainant mentioned CCTV footage. Records suggest a possible link with FIR-2026-00207, as the mobile number 9000000146 is associated with a suspect in both entries.",Theft,Mobile Theft,Oral,03-10-2025,03-10-2025,17:45,Evening,Vaigai Layout Market Road,Tiruppur,Tamil Nadu,Tiruppur North PS,Jagan Gopal,9000000108,Jagan Gopal,9000000108,Chithra Kannan,9000000146,Harish Murugan,9000000180,TN-01-ZZ-1053,Bus,NULL,CCTV footage,Unknown,NULL,Handset reportedly snatched while the victim was using it near the roadside. The incident reportedly took place on a bus.,Under Investigation,IO-TUP-004,FIR-2026-00207,Complaint,"mobile theft, smartphone, market road, mobile number, suspect, CCTV, associate, evening"
FIR-2026-00216,Property Encroachment Report,"A oral complaint dated 2025-10-04 states that the complainant reported that a boundary wall near Selvapuram Puram Main Street was extended into the land of the complainant without permission, on 2025-10-03 around 09:40 hrs. The complainant, Harish Subramani, provided the contact number 9000000398. Kishore Selvam (9000000323) was mentioned as a person who was present nearby. The complaint refers to Nandha Karuppasamy, a neighbour, reachable on 9000000113. The complainant alleged that Karthik Rajan may be involved and provided the mobile number 9000000091. Items referenced in the complaint: photographs.",Property Crime,Land Encroachment,Oral,04-10-2025,03-10-2025,09:40,Morning,Selvapuram Puram Main Street,Vellore,Tamil Nadu,Vellore North PS,Harish Subramani,9000000398,Harish Subramani,9000000398,Karthik Rajan,9000000091,Nandha Karuppasamy,9000000113,NULL,None,NULL,Photograph,Kishore Selvam,9000000323,Encroachment reportedly began after a dispute over survey records.,Under Investigation,IO-VLR-003,NULL,Complaint,"land encroachment, boundary dispute, morning, associate, witness, main street, suspect, mobile number"
FIR-2026-00217,Property Damage Complaint,"It was alleged that the complainant found that the main gate near Poongodi Layout Residential Colony had been damaged overnight, causing a loss of roughly Rs. 3,00,000. The matter was brought to Tiruppur Central PS on 2025-10-05, while the incident was placed on 2025-10-04 around 02:50 hrs. Contact details given by the complainant, Lavanya Raj, include the number 9000000127. Harish Babu (9000000422) was mentioned as a person who was present nearby. A person named Rakesh Muthu, associated with the number 9000000045, was mentioned as potentially relevant to the incident. The complaint refers to Vasanth Mani, a business acquaintance, reachable on 9000000382.",Property Crime,Property Damage,Written,05-10-2025,04-10-2025,02:50,Night,Poongodi Layout Residential Colony,Tiruppur,Tamil Nadu,Tiruppur Central PS,Lavanya Raj,9000000127,Lavanya Raj,9000000127,Rakesh Muthu,9000000045,Vasanth Mani,9000000382,NULL,None,NULL,Photograph,Harish Babu,9000000422,Damage reportedly caused overnight by unidentified persons.,Under Investigation,IO-TUP-002,NULL,FIR,"property damage, vandalism, suspect, photograph, mobile number, associate, residential colony, night"
FIR-2026-00218,Phishing Complaint,"During the afternoon of 2025-10-05, around 14:10, a message about KYC expiry led the complainant to a website where account credentials were entered, and Rs. 12,000 was transferred out, according to the complaint recorded on 2025-10-05. Pavithra Bai submitted the complaint online using the mobile number 9000000006. Abirami Sri (9000000096) was mentioned as a person who was present nearby. Transaction details refer to the receiving account SYN-ACC-100032. Madhan Palanisamy (9000000295), described as a business acquaintance, was also mentioned in the complaint. The complainant alleged that Mathan Velan may be involved and provided the mobile number 9000000147. Items referenced in the complaint: social media screenshots and a call detail reference.",Cybercrime,Phishing,Online,05-10-2025,05-10-2025,14:10,Afternoon,Roja Nagar Residential Colony,Thoothukudi,Tamil Nadu,Thoothukudi Port PS,Pavithra Bai,9000000006,Pavithra Bai,9000000006,Mathan Velan,9000000147,Madhan Palanisamy,9000000295,NULL,None,SYN-ACC-100032,Social media screenshot; Call detail reference,Abirami Sri,9000000096,Victim reported receiving a suspicious link that imitated a bank notification.,Pending Verification,IO-TUT-003,NULL,Complaint,"phishing, suspicious link, residential colony, call detail, screenshot, receiving account, witness, associate"
FIR-2026-00219,Scooter Theft Complaint,"It was alleged that the complainant left a blue scooter bearing registration number TN-30-XX-1087 near Sevvanthi Park Shopping Complex and could not find it later. The matter was brought to Tiruppur Central PS on 2025-10-07, while the incident was placed on 2025-10-04 at about 01:20. The complainant, Harish Mani, provided the contact number 9000000132. A person named Sanjay Gopal, associated with the number 9000000073, was mentioned as potentially relevant to the incident. An unidentified associate was also mentioned by the complainant. Vignesh Balan (9000000105) was mentioned as a person who was present nearby.",Vehicle Theft,Scooter Theft,Written,07-10-2025,04-10-2025,01:20,Night,Sevvanthi Park Shopping Complex,Tiruppur,Tamil Nadu,Tiruppur Central PS,Harish Mani,9000000132,Harish Mani,9000000132,Sanjay Gopal,9000000073,Unknown,NULL,TN-30-XX-1087,Scooter,NULL,Vehicle observation,Vignesh Balan,9000000105,Scooter reportedly taken from an unattended parking area.,Closed,IO-TUP-002,NULL,Complaint,"scooter theft, vehicle, scooter, suspect, night, vehicle observation, witness, mobile number"
FIR-2026-00220,Fake Seller Fraud Report,"It was alleged that an online seller collected an advance of Rs. 7,500 for a product and then blocked the number of the complainant. The matter was brought to Thoothukudi Port PS on 2025-10-08, while the incident was placed on 2025-10-07 at approximately 11:20. Dinesh Balan (9000000363), described as an intermediary, was also mentioned in the complaint. Abirami Sri (9000000096) noticed the incident and may be able to provide a statement. The complainant mentioned the account SYN-ACC-100034 as the destination of the transfer. A person named Rajesh Karuppasamy, associated with the number 9000000318, was mentioned as potentially relevant to the incident. Items referenced in the complaint: digital documents and a bank transaction reference.",Cybercrime,Online Shopping Fraud,Written,08-10-2025,07-10-2025,11:20,Morning,Roja Nagar Residential Colony,Thoothukudi,Tamil Nadu,Thoothukudi Port PS,Rajesh Rajan,9000000302,Rajesh Rajan,9000000302,Rajesh Karuppasamy,9000000318,Dinesh Balan,9000000363,NULL,None,SYN-ACC-100034,Digital document; Bank transaction reference,Abirami Sri,9000000096,Fake shopping page allegedly used to collect payments.,Pending Verification,IO-TUT-004,NULL,Complaint,"online shopping fraud, fake seller, mobile number, morning, digital document, residential colony, witness, receiving account"
FIR-2026-00221,Missing Person Report,"According to the complaint registered on 2025-10-09, the spouse of the complainant, Inban Selvam, aged 42, left for college and did not return; the last known location was near Vaigai Nagar College Road. The incident is stated to have occurred on 2025-10-08 at about 18:40. The complaint was lodged by Sanjay Raj (9000000083), a family member of Inban Selvam, whose last active mobile number is noted as 9000000182. Nithin Thangaraj (9000000252) was mentioned as a person who was present nearby. A further person, Praveen Sekar, a friend of the suspect, using the number 9000000221, is stated to be associated with the incident. The complainant could not identify the person involved. The complainant mentioned CCTV footage and social media screenshots.",Missing Person,Missing Adult,Written,09-10-2025,08-10-2025,18:40,Evening,Vaigai Nagar College Road,Karur,Tamil Nadu,Karur Town PS,Sanjay Raj,9000000083,Inban Selvam,9000000182,Unknown,NULL,Praveen Sekar,9000000221,NULL,None,NULL,CCTV footage; Social media screenshot,Nithin Thangaraj,9000000252,Mobile phone reportedly switched off after the last known call.,Under Investigation,IO-KRR-002,NULL,FIR,"missing person, adult, college road, evening, witness, associate, CCTV, screenshot"
FIR-2026-00222,Phishing Complaint,"A online complaint dated 2025-10-10 states that the complainant received an SMS with a link resembling a bank notification; after entering card details on the page, Rs. 45,000 was debited, on 2025-10-03 at roughly 09:20. Ganesh Subramani submitted the complaint online using the mobile number 9000000240. The account reference SYN-ACC-100032 was noted in connection with the payment. An unidentified associate was also mentioned by the complainant. A person named Mathan Velan, associated with the number 9000000147, was mentioned as potentially relevant to the incident. The complainant mentioned digital documents and mobile phone records.",Cybercrime,Phishing,Online,10-10-2025,03-10-2025,09:20,Morning,Kaveri Nagar Apartment Complex,Thoothukudi,Tamil Nadu,Thoothukudi Town PS,Ganesh Subramani,9000000240,Ganesh Subramani,9000000240,Mathan Velan,9000000147,Unknown,NULL,NULL,None,SYN-ACC-100032,Digital document; Mobile phone record,Unknown,NULL,Victim reported receiving a suspicious link that imitated a bank notification.,Open,IO-TUT-001,NULL,Complaint,"phishing, suspicious link, receiving account, apartment complex, morning, suspect, mobile number, phone records"
FIR-2026-00223,Advance Payment Cheating Complaint,"A online complaint dated 2025-10-10 states that an advance of Rs. 4,00,000 was collected from the complainant for an event catering booking near Nallur Park Main Street, after which the person became unreachable, on 2025-10-08 at roughly 15:15. Geetha Kumari submitted the complaint online using the mobile number 9000000202. An unidentified associate was also mentioned by the complainant. A person named Nandha Karuppasamy, associated with the number 9000000113, was mentioned as potentially relevant to the incident. Items referenced in the complaint: digital documents.",Cheating,Advance Payment Cheating,Online,10-10-2025,08-10-2025,15:15,Afternoon,Nallur Park Main Street,Chennai,Tamil Nadu,Chennai North PS,Geetha Kumari,9000000202,Geetha Kumari,9000000202,Nandha Karuppasamy,9000000113,Unknown,NULL,NULL,None,NULL,Digital document,Unknown,NULL,Advance allegedly collected for a service that was not provided.,Closed,IO-CHN-004,NULL,Complaint,"advance payment, cheating, afternoon, suspect, mobile number, digital document, main street"
FIR-2026-00224,Shop Theft Complaint,"On 2025-10-10 at roughly 16:40, it was reported that the proprietor of Ezhil Cycle Mart noticed missing stock (hardware goods) valued at Rs. 40,000 near Vaigai Layout Market Road. Contact details given by the complainant, Yuvaraj Anand, include the number 9000000102. The complainant is associated with the business Ezhil Cycle Mart. Suspicion was reportedly directed towards Chithra Kannan, using the number 9000000146. No supporting material was reported at the time of registration. Records suggest a possible link with FIR-2026-00189, as the mobile number 9000000146 is associated with a suspect in both entries.",Theft,Shop Theft,Oral,10-10-2025,10-10-2025,16:40,Afternoon,Vaigai Layout Market Road,Tiruppur,Tamil Nadu,Tiruppur North PS,Yuvaraj Anand,9000000102,Yuvaraj Anand,9000000102,Chithra Kannan,9000000146,NULL,NULL,NULL,None,NULL,None reported,Unknown,NULL,Missing stock noticed at closing time and a review of shop CCTV was requested.,Closed,IO-TUP-003,FIR-2026-00189,Complaint,"shop theft, stock, suspect, market road, afternoon, mobile number"
FIR-2026-00225,Unauthorised Bank Transfer Complaint,"During the evening of 2025-10-05, around 17:25, a series of small debits adding up to Rs. 4,50,000 appeared in the statement of the complainant without any authorisation, according to the complaint recorded on 2025-10-12. The complaint was lodged by Nandhini Selvi (9000000239). The account reference SYN-ACC-100058 linked to the complainant was mentioned in relation to the transactions. A witness, Murugan Sundaram, reachable on 9000000207, was mentioned in the complaint. Hariharan Prakash (mobile 9000000017) was named as a possible person of interest. Potentially relevant material referenced includes transaction records and mobile phone records. Records suggest a possible link with FIR-2026-00133, as the mobile number 9000000017 is associated with a suspect in both entries.",Financial Fraud,Bank Transaction Fraud,Oral,12-10-2025,05-10-2025,17:25,Evening,Mullai Colony Shopping Complex,Coimbatore,Tamil Nadu,Coimbatore South PS,Nandhini Selvi,9000000239,Nandhini Selvi,9000000239,Hariharan Prakash,9000000017,NULL,NULL,NULL,None,SYN-ACC-100058,Transaction record; Mobile phone record,Murugan Sundaram,9000000207,Funds reportedly routed through a chain of accounts.,Closed,IO-CBE-003,FIR-2026-00133,FIR,"bank fraud, unauthorised transaction, witness, transaction record, evening, phone records, shopping complex, mobile number"
FIR-2026-00226,Loan Recovery Harassment Complaint,"As per the FIR recorded on 2025-10-12, agents of a loan application allegedly contacted the complainant and relatives with abusive messages over alleged dues of Rs. 8,000. The time of the incident was given as 10:55 on 2025-10-12. Rakesh Anand approached Coimbatore South PS to report the matter and can be reached on 9000000340. The complaint mentions Kishore Arumugam, who was reportedly contacted on 9000000189, in connection with the events. The complainant mentioned social media screenshots and a call detail reference.",Harassment,Loan Recovery Harassment,Written,12-10-2025,12-10-2025,10:55,Morning,Mullai Colony Shopping Complex,Coimbatore,Tamil Nadu,Coimbatore South PS,Rakesh Anand,9000000340,Rakesh Anand,9000000340,Kishore Arumugam,9000000189,NULL,NULL,NULL,None,NULL,Social media screenshot; Call detail reference,Unknown,NULL,Recovery agents allegedly sent abusive messages to the borrower and contacts.,Pending Verification,IO-CBE-004,NULL,FIR,"loan app, harassment, shopping complex, screenshot, call detail, suspect, morning, mobile number"
FIR-2026-00227,Loan Processing Fee Fraud Complaint,"A online complaint dated 2025-10-13 states that a loan agent collected Rs. 3,50,000 from the complainant for approving a personal loan and then stopped answering calls, on 2025-10-12 at approximately 13:35. The online submission was made by Anand Chandran (9000000060). Funds were reportedly sent to the account reference SYN-ACC-100012. The complainant alleged that Sathish Sundaram may be involved and provided the mobile number 9000000372. The complaint refers to Udhay Muthu, an intermediary, reachable on 9000000352. The complainant mentioned transaction records.",Financial Fraud,Loan Fraud,Online,13-10-2025,12-10-2025,13:35,Afternoon,Sindhu Garden Residential Colony,Erode,Tamil Nadu,Erode South PS,Anand Chandran,9000000060,Anand Chandran,9000000060,Sathish Sundaram,9000000372,Udhay Muthu,9000000352,NULL,None,SYN-ACC-100012,Transaction record,Unknown,NULL,Agent reportedly claimed a guaranteed approval and became unreachable.,Pending Verification,IO-ERD-006,NULL,Complaint,"loan fraud, processing fee, transaction record, residential colony, mobile number, associate, suspect, afternoon"
FIR-2026-00228,Advance Payment Cheating Complaint,"A online complaint dated 2025-10-15 states that the complainant paid an advance of Rs. 25,000 for a machinery supply order, but the service was not provided and the payee stopped responding, on 2025-10-10 at roughly 10:50. The online submission was made by Saravanan Gopal (9000000094). The complaint mentions Nandha Karuppasamy, who was reportedly contacted on 9000000113, in connection with the events. Padmini Raj (9000000032) noticed the incident and may be able to provide a statement. Funds were reportedly sent to the account reference SYN-ACC-100051. The complainant mentioned a call detail reference and physical documents. Records suggest a possible link with FIR-2026-00223, as the mobile number 9000000113 is associated with a suspect in both entries.",Cheating,Advance Payment Cheating,Online,15-10-2025,10-10-2025,10:50,Morning,Nallur Puram Market Road,Chennai,Tamil Nadu,Chennai West PS,Saravanan Gopal,9000000094,Saravanan Gopal,9000000094,Nandha Karuppasamy,9000000113,NULL,NULL,NULL,None,SYN-ACC-100051,Call detail reference; Physical document,Padmini Raj,9000000032,Payee reportedly stopped taking calls after receiving the advance.,Pending Verification,IO-CHN-008,FIR-2026-00223,Complaint,"advance payment, cheating, suspect, documents, witness, mobile number, market road, call detail"
FIR-2026-00229,Threatening Message Report,"A online complaint dated 2025-10-16 states that messages threatening harm were sent to the complainant following a disagreement over a personal disagreement, on 2025-10-15 around 21:35 hrs. Sanjay Raj submitted the complaint online using the mobile number 9000000083. A witness, Madhan Palanisamy, reachable on 9000000295, was mentioned in the complaint. A further person, Siva Muthu, an intermediary, using the number 9000000256, is stated to be associated with the incident. A person named Jagan Raman, associated with the number 9000000369, was mentioned as potentially relevant to the incident. The complainant mentioned mobile phone records.",Threat,Threat Message,Online,16-10-2025,15-10-2025,21:35,Night,Kalai Colony Apartment Complex,Erode,Tamil Nadu,Erode North PS,Sanjay Raj,9000000083,Sanjay Raj,9000000083,Jagan Raman,9000000369,Siva Muthu,9000000256,NULL,None,NULL,Mobile phone record,Madhan Palanisamy,9000000295,Messages reportedly sent from an unfamiliar number.,Under Investigation,IO-ERD-003,NULL,FIR,"threat, text messages, associate, phone records, night, suspect, mobile number, apartment complex"
FIR-2026-00230,Neighbourhood Dispute Report,"During the morning of 2025-10-18, around 08:55, the complainant reported repeated harassment by a neighbour over a parking issue near Iniyan Colony Apartment Complex, according to the complaint recorded on 2025-10-18. The online submission was made by Babu Selvam (9000000442). A further person, Murugan Sundaram, a driver, using the number 9000000207, is stated to be associated with the incident. The complaint mentions Janani Devi, who was reportedly contacted on 9000000454, in connection with the events. Items referenced in the complaint: social media screenshots and CCTV footage. Records suggest a possible link with FIR-2026-00150, as the mobile number 9000000454 is associated with a suspect in both entries.",Harassment,Neighbour Harassment,Online,18-10-2025,18-10-2025,08:55,Morning,Iniyan Colony Apartment Complex,Tiruppur,Tamil Nadu,Tiruppur Central PS,Babu Selvam,9000000442,Babu Selvam,9000000442,Janani Devi,9000000454,Murugan Sundaram,9000000207,NULL,None,NULL,Social media screenshot; CCTV footage,Unknown,NULL,Neighbour allegedly used abusive language during a continuing dispute.,Pending Verification,IO-TUP-001,FIR-2026-00150,Preliminary Report,"harassment, neighbour dispute, suspect, mobile number, apartment complex, associate, screenshot, CCTV"
FIR-2026-00231,Public Altercation Complaint,"It was alleged that a disagreement over a payment settlement turned into a scuffle involving the complainant near Roja Park Main Street. The matter was brought to Coimbatore North PS on 2025-10-19, while the incident was placed on 2025-10-18 at roughly 17:05. The complainant, Rajeshwari Ammal, provided the contact number 9000000242. Suspicion was reportedly directed towards Kishore Arumugam, using the number 9000000189. A white car with registration TN-38-XX-1015 was observed near Roja Park Main Street. The complaint refers to Vignesh Balan, a co-worker, reachable on 9000000105. Amudha Kannan (9000000066) noticed the incident and may be able to provide a statement. Items referenced in the complaint: a witness statement, photographs and physical documents. Records suggest a possible link with FIR-2026-00226, as the mobile number 9000000189 is associated with a suspect in both entries.",Assault,Street Altercation,Oral,19-10-2025,18-10-2025,17:05,Evening,Roja Park Main Street,Coimbatore,Tamil Nadu,Coimbatore North PS,Rajeshwari Ammal,9000000242,Rajeshwari Ammal,9000000242,Kishore Arumugam,9000000189,Vignesh Balan,9000000105,TN-38-XX-1015,Car,NULL,Witness statement; Photograph; Physical document,Amudha Kannan,9000000066,Minor dispute reportedly turned into a scuffle in a public place.,Closed,IO-CBE-001,FIR-2026-00226,FIR,"altercation, street dispute, suspect, mobile number, witness statement, witness, car, photograph"
FIR-2026-00232,Forged Signature Complaint,"The reported incident took place on 2025-10-17 (afternoon, 13:10): The complainant found that a signature resembling theirs had been used on a document connected to Rs. 50,000, though no such signing had taken place. The complainant, Logesh Palanisamy, provided the contact number 9000000171. The complainant alleged that Harish Murugan may be involved and provided the mobile number 9000000180. Items referenced in the complaint: physical documents and digital documents.",Forgery,Forged Signature,Written,20-10-2025,17-10-2025,13:10,Afternoon,Senthil Garden Main Street,Salem,Tamil Nadu,Salem West PS,Logesh Palanisamy,9000000171,Logesh Palanisamy,9000000171,Harish Murugan,9000000180,NULL,NULL,NULL,None,NULL,Physical document; Digital document,Unknown,NULL,Forged signature reportedly used to obtain payment.,Open,IO-SLM-006,NULL,Preliminary Report,"forgery, forged signature, documents, suspect, afternoon, digital document, main street, mobile number"
FIR-2026-00233,Cheating Complaint,"On 2025-10-18 at roughly 09:10, it was reported that the complainant paid an advance of Rs. 2,50,000 for a wedding hall booking, but the service was not provided and the payee stopped responding. Gopal Gopal submitted the complaint online using the mobile number 9000000034. A witness, Chandran Krishnan, reachable on 9000000031, was mentioned in the complaint. A further person, Kumaran Murugan, a person who arranged the contact, using the number 9000000166, is stated to be associated with the incident. Funds were reportedly sent to the account reference SYN-ACC-100051. The complainant alleged that Venkat Prakash may be involved and provided the mobile number 9000000439. Items referenced in the complaint: physical documents and a witness statement. The account SYN-ACC-100051 was also referenced in FIR-2026-00228, so the two matters may be potentially related.",Cheating,Advance Payment Cheating,Online,20-10-2025,18-10-2025,09:10,Morning,Mullai Park Shopping Complex,Chennai,Tamil Nadu,Chennai South PS,Gopal Gopal,9000000034,Gopal Gopal,9000000034,Venkat Prakash,9000000439,Kumaran Murugan,9000000166,NULL,None,SYN-ACC-100051,Physical document; Witness statement,Chandran Krishnan,9000000031,Payee reportedly stopped taking calls after receiving the advance.,Pending Verification,IO-CHN-005,FIR-2026-00228,Preliminary Report,"advance payment, cheating, shopping complex, mobile number, morning, suspect, receiving account, witness"
FIR-2026-00234,Shop Theft Complaint,"It was alleged that an unidentified customer allegedly took grocery stock worth Rs. 3,50,000 from Sakthi Auto Spares near Vennila Puram Shopping Complex. The matter was brought to Erode South PS on 2025-10-21, while the incident was placed on 2025-10-21 at about 18:30. The complainant, Bhuvana Raman, provided the contact number 9000000251. The complainant is associated with the business Sakthi Auto Spares. The complainant noted the registration number TN-58-YY-1085 of a white scooter. The identity of the person involved remains unknown at this stage. Arun Selvam (9000000377), described as a driver, was also mentioned in the complaint. No independent witness was identified at the time of registration. The complainant mentioned a vehicle observation, CCTV footage and physical documents. This matter may be connected to FIR-2026-00199, where the same vehicle registration TN-58-YY-1085 was also mentioned.",Theft,Shop Theft,Written,21-10-2025,21-10-2025,18:30,Evening,Vennila Puram Shopping Complex,Erode,Tamil Nadu,Erode South PS,Bhuvana Raman,9000000251,Bhuvana Raman,9000000251,Unknown,NULL,Arun Selvam,9000000377,TN-58-YY-1085,Scooter,NULL,Vehicle observation; CCTV footage; Physical document,Unknown,NULL,Goods reportedly taken in a bag during peak hours. A scooter was reportedly used to leave the area.,Under Investigation,IO-ERD-006,FIR-2026-00199,FIR,"shop theft, stock, vehicle observation, scooter, CCTV, evening, associate, shopping complex"
FIR-2026-00235,Street Altercation Report,"It was alleged that the complainant was allegedly pushed and struck during a street argument at Roja Park Main Street in Coimbatore. The matter was brought to Coimbatore North PS on 2025-10-22, while the incident was placed on 2025-10-21 around 22:30 hrs. The complaint was lodged by Arun Prakash (9000000194). No independent witness was identified at the time of registration. A white car with registration TN-38-XX-1015 was observed near Roja Park Main Street. The complainant alleged that Kishore Arumugam may be involved and provided the mobile number 9000000189. Vignesh Balan (9000000105), described as a neighbour, was also mentioned in the complaint. The complainant mentioned photographs.",Assault,Street Altercation,Written,22-10-2025,21-10-2025,22:30,Night,Roja Park Main Street,Coimbatore,Tamil Nadu,Coimbatore North PS,Arun Prakash,9000000194,Arun Prakash,9000000194,Kishore Arumugam,9000000189,Vignesh Balan,9000000105,TN-38-XX-1015,Car,NULL,Photograph,Unknown,NULL,Minor dispute reportedly turned into a scuffle in a public place.,Closed,IO-CBE-001,NULL,Preliminary Report,"altercation, street dispute, mobile number, photograph, associate, car, suspect, main street"
FIR-2026-00236,Assault Incident Report,"According to the complaint registered on 2025-10-22, the complainant was allegedly assaulted during an argument near Vaigai Layout Market Road, resulting in minor injuries. The incident is stated to have occurred on 2025-10-22 at about 19:35. A further person, Arun Muthu, a relative of the suspect, using the number 9000000304, is stated to be associated with the incident. No independent witness was identified at the time of registration. The complainant alleged that Karthik Velan may be involved and provided the mobile number 9000000188. Items referenced in the complaint: photographs.",Assault,Physical Assault,Online,22-10-2025,22-10-2025,19:35,Evening,Vaigai Layout Market Road,Tiruppur,Tamil Nadu,Tiruppur North PS,Sanjay Raj,9000000083,Sanjay Raj,9000000083,Karthik Velan,9000000188,Arun Muthu,9000000304,NULL,None,NULL,Photograph,Unknown,NULL,Dispute reportedly escalated into a physical altercation.,Open,IO-TUP-003,NULL,FIR,"assault, altercation, associate, market road, mobile number, photograph, suspect, evening"
FIR-2026-00237,Vandalism Complaint,"It was alleged that unidentified persons allegedly damaged a water tank of the complainant near Ponni Nagar College Road at night. The matter was brought to Tiruppur South PS on 2025-10-22, while the incident was placed on 2025-10-22 at about 22:55. The online submission was made by Dharani Shankar (9000000003). No independent witness was identified at the time of registration. The complaint mentions Murugan Karuppasamy, who was reportedly contacted on 9000000309, in connection with the events. The complaint refers to another person whose identity could not be established. Items referenced in the complaint: photographs. Records suggest a possible link with FIR-2026-00052, as the mobile number 9000000309 is associated with a suspect in both entries.",Property Crime,Vandalism,Online,22-10-2025,22-10-2025,22:55,Night,Ponni Nagar College Road,Tiruppur,Tamil Nadu,Tiruppur South PS,Dharani Shankar,9000000003,Dharani Shankar,9000000003,Murugan Karuppasamy,9000000309,Unknown,NULL,NULL,None,NULL,Photograph,Unknown,NULL,Property reportedly defaced late at night.,Pending Verification,IO-TUP-005,FIR-2026-00052,FIR,"vandalism, property damage, suspect, college road, mobile number, night, photograph"
FIR-2026-00238,Chain Snatching Complaint,"The reported incident took place on 2025-10-22 (morning, 08:10): A gold chain weighing about 3 sovereigns was snatched from the complainant near Vennila Park Shopping Complex. The complainant, Latha Murugan, provided the contact number 9000000037. The identity of the person involved remains unknown at this stage. The complainant mentioned CCTV footage.",Chain Snatching,Gold Chain Snatching,Written,22-10-2025,22-10-2025,08:10,Morning,Vennila Park Shopping Complex,Tirunelveli,Tamil Nadu,Tirunelveli Town PS,Latha Murugan,9000000037,Latha Murugan,9000000037,Unknown,NULL,NULL,NULL,NULL,None,NULL,CCTV footage,Unknown,NULL,Suspect reportedly grabbed the chain and fled the spot quickly.,Under Investigation,IO-TVL-002,NULL,FIR,"chain snatching, gold chain, shopping complex, CCTV, morning"
FIR-2026-00239,Mobile Phone Theft Report,"It was alleged that a silver-coloured smartphone was allegedly snatched from the hand of Mythili Murugan at Anbu Park Main Street by a person who left quickly. The matter was brought to Trichy Central PS on 2025-10-23, while the incident was placed on 2025-10-21 around 18:45 hrs. Lavanya Ammal (9000000175) reported the matter for Mythili Murugan, whose contact number is given as 9000000278. Suspicion was reportedly directed towards Murugan Karuppasamy, using the number 9000000309. No supporting material was reported at the time of registration.",Theft,Mobile Theft,Written,23-10-2025,21-10-2025,18:45,Evening,Anbu Park Main Street,Trichy,Tamil Nadu,Trichy Central PS,Lavanya Ammal,9000000175,Mythili Murugan,9000000278,Murugan Karuppasamy,9000000309,NULL,NULL,NULL,None,NULL,None reported,Unknown,NULL,Suspect allegedly approached from behind and took the phone before leaving the spot.,Pending Verification,IO-TRY-002,NULL,FIR,"mobile theft, smartphone, mobile number, main street, suspect, evening"
FIR-2026-00240,Street Altercation Report,"It was alleged that a disagreement over a personal disagreement turned into a scuffle involving the complainant near Roja Park Main Street. The matter was brought to Coimbatore North PS on 2025-10-23, while the incident was placed on 2025-10-22 at about 20:25. Contact details given by the complainant, Ezhilan Sundaram, include the number 9000000162. The complaint refers to Babu Balan, a person who arranged the contact, reachable on 9000000231. The complainant alleged that Kishore Arumugam may be involved and provided the mobile number 9000000189. A witness, Nithya Rani, reachable on 9000000035, was mentioned in the complaint. Potentially relevant material referenced includes CCTV footage, a witness statement and physical documents. Records suggest a possible link with FIR-2026-00235, as the mobile number 9000000189 is associated with a suspect in both entries.",Assault,Street Altercation,Written,23-10-2025,22-10-2025,20:25,Evening,Roja Park Main Street,Coimbatore,Tamil Nadu,Coimbatore North PS,Ezhilan Sundaram,9000000162,Ezhilan Sundaram,9000000162,Kishore Arumugam,9000000189,Babu Balan,9000000231,NULL,None,NULL,CCTV footage; Witness statement; Physical document,Nithya Rani,9000000035,Minor dispute reportedly turned into a scuffle in a public place.,Closed,IO-CBE-002,FIR-2026-00235,Complaint,"altercation, street dispute, mobile number, suspect, evening, witness, witness statement, CCTV"
FIR-2026-00241,Assault Incident Report,"As per the preliminary report recorded on 2025-10-25, the complainant was allegedly assaulted during an argument near Mynthan Colony Main Street in Erode, resulting in minor injuries. The time of the incident was given as 01:05 on 2025-10-23. Kishore Pandian reported the matter orally at Erode North PS; the contact number given was 9000000200. Udhay Pandian (9000000220) noticed the incident and may be able to provide a statement. Nithin Velan (9000000004), described as a driver, was also mentioned in the complaint. A motorcycle bearing the number TN-47-ZZ-1038 was seen leaving the area. Suspicion was reportedly directed towards Saravanan Anand, using the number 9000000282.",Assault,Physical Assault,Oral,25-10-2025,23-10-2025,01:05,Night,Mynthan Colony Main Street,Erode,Tamil Nadu,Erode North PS,Kishore Pandian,9000000200,Kishore Pandian,9000000200,Saravanan Anand,9000000282,Nithin Velan,9000000004,TN-47-ZZ-1038,Motorcycle,NULL,Witness statement; Photograph,Udhay Pandian,9000000220,Suspect allegedly attacked the victim during a heated argument. A motorcycle was reportedly used to leave the area.,Pending Verification,IO-ERD-003,NULL,Preliminary Report,"assault, altercation, witness, photograph, mobile number, witness statement, motorcycle, associate"
FIR-2026-00242,Assault by Group Report,"During the evening of 2025-10-25, around 20:40, the complainant was allegedly surrounded and attacked by several persons near Vetri Layout Industrial Area after a dispute over a minor road collision, according to the complaint recorded on 2025-10-25. Contact details given by the complainant, Rajesh Mani, include the number 9000000409. The complaint refers to Dinesh Balan, an intermediary, reachable on 9000000363. The complaint mentions Kishore Arumugam, who was reportedly contacted on 9000000189, in connection with the events. A witness, Ramesh Pandian, reachable on 9000000469, was mentioned in the complaint. Potentially relevant material referenced includes a witness statement and CCTV footage. Records suggest a possible link with FIR-2026-00240, as the mobile number 9000000189 is associated with a suspect in both entries.",Assault,Group Assault,Written,25-10-2025,25-10-2025,20:40,Evening,Vetri Layout Industrial Area,Coimbatore,Tamil Nadu,Coimbatore North PS,Rajesh Mani,9000000409,Rajesh Mani,9000000409,Kishore Arumugam,9000000189,Dinesh Balan,9000000363,NULL,None,NULL,Witness statement; CCTV footage,Ramesh Pandian,9000000469,Group allegedly confronted the victim following an earlier dispute.,Under Investigation,IO-CBE-002,FIR-2026-00240,FIR,"group assault, injury, associate, witness statement, evening, suspect, witness, CCTV"
FIR-2026-00243,Mobile Phone Theft Report,"A written complaint dated 2025-10-27 states that a dual-SIM handset of the complainant went missing after a brief push in a crowded stretch at Alli Park Shopping Complex in Salem, on 2025-10-27 at about 18:05. Contact details given by the complainant, Chithra Ammal, include the number 9000000016. Suspicion was reportedly directed towards Arun Babu, using the number 9000000379. Anitha Raman was mentioned as a person who was present nearby, but no contact number was available. The complainant mentioned a call detail reference.",Theft,Mobile Theft,Written,27-10-2025,27-10-2025,18:05,Evening,Alli Park Shopping Complex,Salem,Tamil Nadu,Salem West PS,Chithra Ammal,9000000016,Chithra Ammal,9000000016,Arun Babu,9000000379,NULL,NULL,NULL,None,NULL,Call detail reference,Anitha Raman,NULL,Suspect allegedly approached from behind and took the phone before leaving the spot.,Open,IO-SLM-006,NULL,FIR,"mobile theft, smartphone, mobile number, call detail, shopping complex, evening, suspect, witness"
FIR-2026-00244,Two-Wheeler Theft Report,"The reported incident took place on 2025-10-27 (night, 23:15): A yellow scooter bearing registration number TN-68-YY-1088 of the complainant was reported missing from Tamarai Garden Parking Area. The complainant, Gopal Karuppasamy, provided the contact number 9000000390. Vignesh Subramani (mobile 9000000487) was named as a possible person of interest. The complaint refers to Kishore Babu, a driver, reachable on 9000000076. Records suggest a possible link with FIR-2026-00023, as the mobile number 9000000487 is associated with a suspect in both entries.",Vehicle Theft,Scooter Theft,Written,27-10-2025,27-10-2025,23:15,Night,Tamarai Garden Parking Area,Coimbatore,Tamil Nadu,Coimbatore Town PS,Gopal Karuppasamy,9000000390,Gopal Karuppasamy,9000000390,Vignesh Subramani,9000000487,Kishore Babu,9000000076,TN-68-YY-1088,Scooter,NULL,Vehicle observation,Unknown,NULL,Scooter reportedly taken from an unattended parking area.,Open,IO-CBE-006,FIR-2026-00023,FIR,"scooter theft, vehicle, associate, scooter, parking area, suspect, vehicle observation, night"
FIR-2026-00245,Assault by Group Report,"During the afternoon of 2025-10-27, around 16:10, a group of persons allegedly attacked the complainant at Senthil Garden Main Street, causing injuries that required treatment, according to the complaint recorded on 2025-10-28. The online submission was made by Praveen Raman (9000000201). Karthik Balan (mobile 9000000380) was named as a possible person of interest. No independent witness was identified at the time of registration. No supporting material was reported at the time of registration.",Assault,Group Assault,Online,28-10-2025,27-10-2025,16:10,Afternoon,Senthil Garden Main Street,Salem,Tamil Nadu,Salem West PS,Praveen Raman,9000000201,Praveen Raman,9000000201,Karthik Balan,9000000380,NULL,NULL,NULL,None,NULL,None reported,Unknown,NULL,Group allegedly confronted the victim following an earlier dispute.,Closed,IO-SLM-005,NULL,Complaint,"group assault, injury, suspect, main street, afternoon, mobile number"
FIR-2026-00246,Gold Chain Snatching Report,"It was alleged that the complainant lost a gold chain of about 5 sovereigns to a person who grabbed it near Sindhu Garden Residential Colony in Erode and ran. The matter was brought to Erode South PS on 2025-10-28, while the incident was placed on 2025-10-28 at roughly 16:40. Abirami Sekar approached Erode South PS to report the matter and can be reached on 9000000186. The complaint mentions Murugan Karuppasamy, who was reportedly contacted on 9000000309, in connection with the events. Potentially relevant material referenced includes CCTV footage and photographs. Records suggest a possible link with FIR-2026-00239, as the mobile number 9000000309 is associated with a suspect in both entries.",Chain Snatching,Gold Chain Snatching,Written,28-10-2025,28-10-2025,16:40,Afternoon,Sindhu Garden Residential Colony,Erode,Tamil Nadu,Erode South PS,Abirami Sekar,9000000186,Abirami Sekar,9000000186,Murugan Karuppasamy,9000000309,NULL,NULL,NULL,None,NULL,CCTV footage; Photograph,Unknown,NULL,Suspect reportedly grabbed the chain and fled the spot quickly.,Under Investigation,IO-ERD-006,FIR-2026-00239,FIR,"chain snatching, gold chain, residential colony, photograph, mobile number, CCTV, suspect, afternoon"
FIR-2026-00247,Public Altercation Complaint,"A written complaint dated 2025-10-29 states that Gunasekar Murugan was allegedly pushed and struck during a street argument at Thendral Nagar ATM Area, on 2025-10-29 around 13:45 hrs. Padmini Raj (9000000032) reported the matter for Gunasekar Murugan, whose contact number is given as 9000000210. The complainant alleged that Dinesh Subramani may be involved and provided the mobile number 9000000212. A witness, Buvaneswari Sri, reachable on 9000000294, was mentioned in the complaint. Items referenced in the complaint: physical documents and a witness statement.",Assault,Street Altercation,Written,29-10-2025,29-10-2025,13:45,Afternoon,Thendral Nagar ATM Area,Namakkal,Tamil Nadu,Namakkal East PS,Padmini Raj,9000000032,Gunasekar Murugan,9000000210,Dinesh Subramani,9000000212,NULL,NULL,NULL,None,NULL,Physical document; Witness statement,Buvaneswari Sri,9000000294,Minor dispute reportedly turned into a scuffle in a public place.,Open,IO-NKL-003,NULL,Complaint,"altercation, street dispute, suspect, witness, mobile number, ATM area, witness statement, afternoon"
FIR-2026-00248,Advance Payment Cheating Complaint,"During the afternoon of 2025-10-18, around 13:35, an advance of Rs. 40,000 was collected from the complainant for an event catering booking near Mynthan Colony Main Street in Erode, after which the person became unreachable, according to the complaint recorded on 2025-10-30. The online submission was made by Arun Natarajan (9000000473). Suresh Selvam (9000000005), described as a neighbour, was also mentioned in the complaint. A person named Selvam Rajan, associated with the number 9000000157, was mentioned as potentially relevant to the incident. Records suggest a possible link with FIR-2026-00012, as the mobile number 9000000157 is associated with a suspect in both entries.",Cheating,Advance Payment Cheating,Online,30-10-2025,18-10-2025,13:35,Afternoon,Mynthan Colony Main Street,Erode,Tamil Nadu,Erode North PS,Arun Natarajan,9000000473,Arun Natarajan,9000000473,Selvam Rajan,9000000157,Suresh Selvam,9000000005,NULL,None,NULL,Physical document; Digital document,Unknown,NULL,Advance allegedly collected for a service that was not provided.,Closed,IO-ERD-004,FIR-2026-00012,Complaint,"advance payment, cheating, digital document, main street, documents, afternoon, associate, suspect"
FIR-2026-00249,Loan Processing Fee Fraud Complaint,"According to the complaint registered on 2025-10-30, the complainant paid Rs. 8,00,000 as a processing fee for a promised loan that was never disbursed. The incident is stated to have occurred on 2025-10-25 at about 13:15. The complainant, Dharani Shankar, provided the contact number 9000000003. Suspicion was reportedly directed towards Hemanth Raj, using the number 9000000085.",Financial Fraud,Loan Fraud,Written,30-10-2025,25-10-2025,13:15,Afternoon,Amudham Layout Residential Colony,Salem,Tamil Nadu,Salem East PS,Dharani Shankar,9000000003,Dharani Shankar,9000000003,Hemanth Raj,9000000085,NULL,NULL,NULL,None,NULL,Call detail reference; Digital document,Unknown,NULL,Agent reportedly claimed a guaranteed approval and became unreachable.,Closed,IO-SLM-004,NULL,FIR,"loan fraud, processing fee, residential colony, afternoon, suspect, call detail, digital document, mobile number"
FIR-2026-00250,Household Property Theft Complaint,"As per the FIR recorded on 2025-11-01, a laptop and a bag of documents valued at around Rs. 60,000 was found missing from a premises near Amudham Layout Residential Colony. The time of the incident was given as 11:00 on 2025-10-29. The complaint was lodged by Dharani Thangaraj (9000000307). A witness, Arun Babu, reachable on 9000000379, was mentioned in the complaint. Udhay Muthu (9000000352), described as an intermediary, was also mentioned in the complaint. No identifying details of the suspected person were available at the time of registration. Items referenced in the complaint: a witness statement.",Theft,Property Theft,Oral,01-11-2025,29-10-2025,11:00,Morning,Amudham Layout Residential Colony,Salem,Tamil Nadu,Salem East PS,Dharani Thangaraj,9000000307,Dharani Thangaraj,9000000307,Unknown,NULL,Udhay Muthu,9000000352,NULL,None,NULL,Witness statement,Arun Babu,9000000379,Suspect allegedly entered through an unsecured entry point.,Under Investigation,IO-SLM-004,NULL,FIR,"property theft, valuables, morning, associate, witness, residential colony, witness statement"
FIR-2026-00251,Illegal Occupation Complaint,"As per the complaint recorded on 2025-11-02, Tamilarasan Palanisamy reported that a shop near Vaigai Layout Market Road was occupied without a valid agreement and the occupant refused to leave. The time of the incident was given as 12:55 on 2025-11-01. The complaint was lodged by Gopal Gopal (9000000034) on behalf of Tamilarasan Palanisamy, whose contact number is given as 9000000023. Harish Babu (9000000422) noticed the incident and may be able to provide a statement. The complainant alleged that Logesh Subramani may be involved and provided the mobile number 9000000233. The complainant mentioned physical documents.",Property Crime,Illegal Occupation,Oral,02-11-2025,01-11-2025,12:55,Afternoon,Vaigai Layout Market Road,Tiruppur,Tamil Nadu,Tiruppur North PS,Gopal Gopal,9000000034,Tamilarasan Palanisamy,9000000023,Logesh Subramani,9000000233,NULL,NULL,NULL,None,NULL,Physical document,Harish Babu,9000000422,Occupant reportedly refused to vacate despite repeated requests.,Closed,IO-TUP-004,NULL,Complaint,"illegal occupation, lease dispute, witness, mobile number, market road, suspect, afternoon, documents"
FIR-2026-00252,Household Property Theft Complaint,"During the afternoon of 2025-11-02, around 14:50, the complainant discovered that a laptop and a bag of documents had been taken from a place near Senthil Garden Main Street in Salem, according to the complaint recorded on 2025-11-02. The complaint was lodged by Arun Prakash (9000000194). Karthik Balan (mobile 9000000380) was named as a possible person of interest. Arun Babu (9000000379) noticed the incident and may be able to provide a statement. Potentially relevant material referenced includes CCTV footage and a call detail reference.",Theft,Property Theft,Oral,02-11-2025,02-11-2025,14:50,Afternoon,Senthil Garden Main Street,Salem,Tamil Nadu,Salem West PS,Arun Prakash,9000000194,Arun Prakash,9000000194,Karthik Balan,9000000380,NULL,NULL,NULL,None,NULL,CCTV footage; Call detail reference,Arun Babu,9000000379,Suspect allegedly entered through an unsecured entry point.,Closed,IO-SLM-006,NULL,Complaint,"property theft, valuables, afternoon, suspect, mobile number, call detail, witness, CCTV"
FIR-2026-00253,Premises Occupation Dispute Report,"A written complaint dated 2025-11-03 states that a rented premises near Sevvanthi Park Shopping Complex in Tiruppur was allegedly occupied by a person after the lease ended, and the keys were not returned, on 2025-10-28 around 16:00 hrs. Contact details given by the complainant, Inban Balan, include the number 9000000367. Another person, Rakesh Muthu, using the number 9000000045, was named as potentially involved. A further person, Mathan Raman, a co-worker, using the number 9000000187, is stated to be associated with the incident. The complaint mentions Logesh Subramani, who was reportedly contacted on 9000000233, in connection with the events. Pandian Balan (9000000285) was mentioned as a person who was present nearby. Potentially relevant material referenced includes a witness statement and digital documents. Records suggest a possible link with FIR-2026-00251, as the mobile number 9000000233 is associated with a suspect in both entries.",Property Crime,Illegal Occupation,Written,03-11-2025,28-10-2025,16:00,Afternoon,Sevvanthi Park Shopping Complex,Tiruppur,Tamil Nadu,Tiruppur Central PS,Inban Balan,9000000367,Inban Balan,9000000367,Logesh Subramani,9000000233,Mathan Raman,9000000187,NULL,None,NULL,Witness statement; Digital document,Pandian Balan,9000000285,Occupant reportedly refused to vacate despite repeated requests.,Closed,IO-TUP-001,FIR-2026-00251,FIR,"illegal occupation, lease dispute, witness statement, mobile number, afternoon, suspect, associate, digital document"
FIR-2026-00254,Shop Robbery Complaint,"As per the complaint recorded on 2025-11-05, the owner of Green Leaf Stores reported that cash of around Rs. 25,000 was taken under threat at Alli Park Shopping Complex in Salem. The time of the incident was given as 17:15 on 2025-11-05. Bharath Gopal submitted the complaint online using the mobile number 9000000314. The complainant is associated with the business Green Leaf Stores. The complainant could not identify the person involved. Anitha Raman was mentioned as a person who was present nearby, but no contact number was available. The complainant noted the registration number TN-45-XX-1036 of a green scooter.",Robbery,Shop Robbery,Online,05-11-2025,05-11-2025,17:15,Evening,Alli Park Shopping Complex,Salem,Tamil Nadu,Salem West PS,Bharath Gopal,9000000314,Bharath Gopal,9000000314,Unknown,NULL,NULL,NULL,TN-45-XX-1036,Scooter,NULL,CCTV footage; Witness statement,Anitha Raman,NULL,Suspects allegedly entered near closing time and threatened the staff. A scooter was reportedly used to leave the area.,Under Investigation,IO-SLM-005,NULL,Complaint,"shop robbery, cash, scooter, CCTV, shopping complex, witness statement, witness, evening"
FIR-2026-00255,Shop Robbery Complaint,"A written complaint dated 2025-11-07 states that two persons allegedly entered Green Leaf Stores near Selvapuram Puram Main Street and took cash of about Rs. 5,000 after threatening the staff, on 2025-11-07 at about 10:35. The complainant, Venkat Pandian, provided the contact number 9000000236. The complainant is associated with the business Green Leaf Stores. Pavithra Bai was mentioned as a person who was present nearby, but no contact number was available. Dinesh Prakash (mobile 9000000068) was named as a possible person of interest. The complainant mentioned CCTV footage.",Robbery,Shop Robbery,Written,07-11-2025,07-11-2025,10:35,Morning,Selvapuram Puram Main Street,Vellore,Tamil Nadu,Vellore North PS,Venkat Pandian,9000000236,Venkat Pandian,9000000236,Dinesh Prakash,9000000068,NULL,NULL,NULL,None,NULL,CCTV footage,Pavithra Bai,NULL,Cash reportedly taken from the counter after staff were intimidated.,Closed,IO-VLR-003,NULL,FIR,"shop robbery, cash, suspect, mobile number, CCTV, main street, morning, witness"
FIR-2026-00256,UPI Payment Fraud Complaint,"A online complaint dated 2025-11-10 states that Rs. 15,000 was debited from the account of the complainant through UPI after a collect request from an unknown UPI ID was approved, on 2025-11-07 around 22:55 hrs. The online submission was made by Buvaneswari Murugan (9000000259). A further person, Venkat Palanisamy, an intermediary, using the number 9000000134, is stated to be associated with the incident. No independent witness was identified at the time of registration. The account reference SYN-ACC-100016 was noted in connection with the payment. The complainant alleged that Hariharan Babu may be involved and provided the mobile number 9000000154. No supporting material was reported at the time of registration. Records suggest a possible link with FIR-2026-00201, as the mobile number 9000000154 is associated with a suspect in both entries.",Cybercrime,UPI Fraud,Online,10-11-2025,07-11-2025,22:55,Night,Mullai Colony Shopping Complex,Coimbatore,Tamil Nadu,Coimbatore South PS,Buvaneswari Murugan,9000000259,Buvaneswari Murugan,9000000259,Hariharan Babu,9000000154,Venkat Palanisamy,9000000134,NULL,None,SYN-ACC-100016,None reported,Unknown,NULL,Fraudulent QR code allegedly shared under the pretext of a refund.,Pending Verification,IO-CBE-003,FIR-2026-00201,Preliminary Report,"UPI fraud, online payment, associate, mobile number, shopping complex, receiving account, night, suspect"
FIR-2026-00257,Bank Transaction Fraud Complaint,"During the morning of 2025-11-10, around 09:40, a series of small debits adding up to Rs. 4,50,000 appeared in the statement of the complainant without any authorisation, according to the complaint recorded on 2025-11-12. The online submission was made by Padmini Sri (9000000119). Abirami Sri (9000000096) was mentioned as a person who was present nearby. The complaint refers to Meena Sekar, a business acquaintance, reachable on 9000000196. The complainant mentioned the account SYN-ACC-100016 as the destination of the transfer. The complaint mentions Hariharan Babu, who was reportedly contacted on 9000000154, in connection with the events. Potentially relevant material referenced includes physical documents. Records suggest a possible link with FIR-2026-00256, as the mobile number 9000000154 is associated with a suspect in both entries.",Financial Fraud,Bank Transaction Fraud,Online,12-11-2025,10-11-2025,09:40,Morning,Mullai Colony Shopping Complex,Coimbatore,Tamil Nadu,Coimbatore South PS,Padmini Sri,9000000119,Padmini Sri,9000000119,Hariharan Babu,9000000154,Meena Sekar,9000000196,NULL,None,SYN-ACC-100016,Physical document,Abirami Sri,9000000096,Funds reportedly routed through a chain of accounts.,Pending Verification,IO-CBE-004,FIR-2026-00256,Complaint,"bank fraud, unauthorised transaction, shopping complex, suspect, mobile number, witness, receiving account, associate"
FIR-2026-00258,Cyber Fraud Complaint,"A online complaint dated 2025-11-12 states that the complainant received an SMS with a link resembling a bank notification; after entering card details on the page, Rs. 12,000 was debited, on 2025-11-12 around 16:30 hrs. Nandhini Selvi submitted the complaint online using the mobile number 9000000239. Transaction details refer to the receiving account SYN-ACC-100083. Vasanth Gopal (mobile 9000000245) was named as a possible person of interest. A further person, Sanjay Mani, an intermediary, using the number 9000000120, is stated to be associated with the incident. No supporting material was reported at the time of registration. Records suggest a possible link with FIR-2026-00095, as the mobile number 9000000245 is associated with a suspect in both entries.",Cybercrime,Phishing,Online,12-11-2025,12-11-2025,16:30,Afternoon,Anbu Park Main Street,Trichy,Tamil Nadu,Trichy Central PS,Nandhini Selvi,9000000239,Nandhini Selvi,9000000239,Vasanth Gopal,9000000245,Sanjay Mani,9000000120,NULL,None,SYN-ACC-100083,None reported,Unknown,NULL,Victim reported receiving a suspicious link that imitated a bank notification.,Pending Verification,IO-TRY-001,FIR-2026-00095,Preliminary Report,"phishing, suspicious link, associate, main street, mobile number, afternoon, receiving account, suspect"
FIR-2026-00259,Loan Recovery Harassment Complaint,"On 2025-11-12 around 16:00 hrs, it was reported that agents of a loan application allegedly contacted the complainant and relatives with abusive messages over alleged dues of Rs. 50,000. Kannan Thangaraj submitted the complaint online using the mobile number 9000000206. A person named Yogesh Gopal, associated with the number 9000000376, was mentioned as potentially relevant to the incident. The account reference SYN-ACC-100052 linked to the complainant was mentioned in relation to the transactions. A witness, Uma Bai, reachable on 9000000465, was mentioned in the complaint. Items referenced in the complaint: a bank transaction reference and digital documents. The account SYN-ACC-100052 was also referenced in FIR-2026-00137, so the two matters may be potentially related.",Harassment,Loan Recovery Harassment,Online,14-11-2025,12-11-2025,16:00,Afternoon,Roja Park Main Street,Coimbatore,Tamil Nadu,Coimbatore North PS,Kannan Thangaraj,9000000206,Kannan Thangaraj,9000000206,Yogesh Gopal,9000000376,NULL,NULL,NULL,None,SYN-ACC-100052,Bank transaction reference; Digital document,Uma Bai,9000000465,Recovery agents allegedly sent abusive messages to the borrower and contacts.,Open,IO-CBE-001,FIR-2026-00137,Preliminary Report,"loan app, harassment, digital document, mobile number, suspect, afternoon, main street, bank reference"
FIR-2026-00260,Farm Land Trespass Complaint,"A written complaint dated 2025-11-14 states that persons allegedly entered farm land of the complainant near Neithal Park Highway Junction and disturbed the crops, on 2025-11-12 at roughly 06:35. Contact details given by the complainant, Sudha Bai, include the number 9000000394. Dinesh Subramani (9000000212) was mentioned as a person who was present nearby. The complainant alleged that Senthil Krishnan may be involved and provided the mobile number 9000000461. Items referenced in the complaint: a witness statement.",Trespassing,Farm Land Trespass,Written,14-11-2025,12-11-2025,06:35,Early Morning,Neithal Park Highway Junction,Chennai,Tamil Nadu,Chennai West PS,Sudha Bai,9000000394,Sudha Bai,9000000394,Senthil Krishnan,9000000461,NULL,NULL,NULL,None,NULL,Witness statement,Dinesh Subramani,9000000212,Unauthorised entry reportedly noticed early in the morning.,Closed,IO-CHN-008,NULL,FIR,"trespass, farm land, highway junction, mobile number, witness statement, witness, early morning, suspect"
FIR-2026-00261,Premises Occupation Dispute Report,"According to the complaint registered on 2025-11-14, a rented premises near Vaigai Layout Market Road in Tiruppur was allegedly occupied by a person after the lease ended, and the keys were not returned. The incident is stated to have occurred on 2025-11-13 at about 09:45. The complaint was lodged by Dinesh Nathan (9000000420). The complaint refers to Gunasekar Anand, a neighbour, reachable on 9000000050. Chithra Kannan (mobile 9000000146) was named as a possible person of interest. The complainant mentioned physical documents and photographs. Records suggest a possible link with FIR-2026-00224, as the mobile number 9000000146 is associated with a suspect in both entries.",Property Crime,Illegal Occupation,Written,14-11-2025,13-11-2025,09:45,Morning,Vaigai Layout Market Road,Tiruppur,Tamil Nadu,Tiruppur North PS,Dinesh Nathan,9000000420,Dinesh Nathan,9000000420,Chithra Kannan,9000000146,Gunasekar Anand,9000000050,NULL,None,NULL,Physical document; Photograph,Unknown,NULL,Occupant reportedly refused to vacate despite repeated requests.,Under Investigation,IO-TUP-003,FIR-2026-00224,FIR,"illegal occupation, lease dispute, mobile number, documents, morning, market road, associate, suspect"
FIR-2026-00262,Group Assault Complaint,"On 2025-11-15 at about 22:00, it was reported that Sangeetha Bai was allegedly surrounded and attacked by several persons near Kalai Layout Parking Area after a dispute over a parking issue. The complaint was lodged by Deepak Gopal (9000000484) on behalf of Sangeetha Bai, whose contact number is given as 9000000261. Suspicion was reportedly directed towards Karthik Velan, using the number 9000000188. Items referenced in the complaint: CCTV footage and physical documents.",Assault,Group Assault,Oral,15-11-2025,15-11-2025,22:00,Night,Kalai Layout Parking Area,Tiruppur,Tamil Nadu,Tiruppur South PS,Deepak Gopal,9000000484,Sangeetha Bai,9000000261,Karthik Velan,9000000188,NULL,NULL,NULL,None,NULL,CCTV footage; Physical document,Unknown,NULL,Several persons reportedly attacked the victim in a secluded stretch.,Closed,IO-TUP-005,NULL,Complaint,"group assault, injury, CCTV, mobile number, documents, night, parking area, suspect"
FIR-2026-00263,Household Property Theft Complaint,"The reported incident took place on 2025-11-13 (afternoon, 14:20): A water pump motor valued at around Rs. 25,000 was found missing from a premises near Vetri Colony Industrial Area. Buvaneswari Kannan reported the matter orally at Erode North PS; the contact number given was 9000000331. An unidentified associate was also mentioned by the complainant. The complainant alleged that Chandran Subramani may be involved and provided the mobile number 9000000064. Items referenced in the complaint: CCTV footage and a call detail reference.",Theft,Property Theft,Oral,16-11-2025,13-11-2025,14:20,Afternoon,Vetri Colony Industrial Area,Erode,Tamil Nadu,Erode North PS,Buvaneswari Kannan,9000000331,Buvaneswari Kannan,9000000331,Chandran Subramani,9000000064,Unknown,NULL,NULL,None,NULL,CCTV footage; Call detail reference,Unknown,NULL,Suspect allegedly entered through an unsecured entry point.,Pending Verification,IO-ERD-004,NULL,Preliminary Report,"property theft, valuables, afternoon, CCTV, suspect, mobile number, industrial area, call detail"
FIR-2026-00264,Premises Occupation Dispute Report,"It was alleged that the complainant reported that a shop near Sevvanthi Park Shopping Complex in Tiruppur was occupied without a valid agreement and the occupant refused to leave. The matter was brought to Tiruppur Central PS on 2025-11-17, while the incident was placed on 2025-11-11 at about 15:25. The complaint was lodged by Malathi Kumari (9000000092). A further person, Mathan Raman, an intermediary, using the number 9000000187, is stated to be associated with the incident. A person named Chithra Kannan, associated with the number 9000000146, was mentioned as potentially relevant to the incident. No independent witness was identified at the time of registration. Items referenced in the complaint: physical documents.",Property Crime,Illegal Occupation,Oral,17-11-2025,11-11-2025,15:25,Afternoon,Sevvanthi Park Shopping Complex,Tiruppur,Tamil Nadu,Tiruppur Central PS,Malathi Kumari,9000000092,Malathi Kumari,9000000092,Chithra Kannan,9000000146,Mathan Raman,9000000187,NULL,None,NULL,Physical document,Unknown,NULL,Premises allegedly occupied after the lease period ended.,Under Investigation,IO-TUP-001,NULL,FIR,"illegal occupation, lease dispute, suspect, afternoon, shopping complex, documents, associate, mobile number"
FIR-2026-00265,Household Property Theft Complaint,"As per the FIR recorded on 2025-11-17, the complainant discovered that jewellery kept in a cupboard had been taken from a place near Senthil Garden Main Street in Salem. The time of the incident was given as 00:50 on 2025-11-17. The complaint was lodged by Vidhya Devi (9000000062). Suspicion was reportedly directed towards Dharani Selvam, using the number 9000000038. Udhay Muthu (9000000352), described as a relative of the suspect, was also mentioned in the complaint. A witness, Ganesh Shankar, reachable on 9000000155, was mentioned in the complaint. The complainant mentioned CCTV footage.",Theft,Property Theft,Written,17-11-2025,17-11-2025,00:50,Night,Senthil Garden Main Street,Salem,Tamil Nadu,Salem West PS,Vidhya Devi,9000000062,Vidhya Devi,9000000062,Dharani Selvam,9000000038,Udhay Muthu,9000000352,NULL,None,NULL,CCTV footage,Ganesh Shankar,9000000155,Suspect allegedly entered through an unsecured entry point.,Under Investigation,IO-SLM-005,NULL,FIR,"property theft, valuables, CCTV, suspect, witness, mobile number, night, associate"
FIR-2026-00266,Online Payment Fraud Complaint,"It was alleged that the complainant scanned a QR code shared by a caller who spoke of a refund, and Rs. 18,500 was debited instead. The matter was brought to Coimbatore South PS on 2025-11-18, while the incident was placed on 2025-11-18 at roughly 09:45. Hariharan Prakash (mobile 9000000017) was named as a possible person of interest. Transaction details refer to the receiving account SYN-ACC-100018. A further person, Meena Sekar, a person who arranged the contact, using the number 9000000196, is stated to be associated with the incident. Items referenced in the complaint: social media screenshots, digital documents and a call detail reference.",Cybercrime,UPI Fraud,Online,18-11-2025,18-11-2025,09:45,Morning,Mullai Colony Shopping Complex,Coimbatore,Tamil Nadu,Coimbatore South PS,Deviga Krishnan,9000000040,Deviga Krishnan,9000000040,Hariharan Prakash,9000000017,Meena Sekar,9000000196,NULL,None,SYN-ACC-100018,Social media screenshot; Digital document; Call detail reference,Unknown,NULL,Fraudulent QR code allegedly shared under the pretext of a refund.,Under Investigation,IO-CBE-004,NULL,Complaint,"UPI fraud, online payment, morning, mobile number, suspect, receiving account, associate, shopping complex"
FIR-2026-00267,Assault by Group Report,"According to the complaint registered on 2025-11-19, the complainant was allegedly surrounded and attacked by several persons near Arasu Nagar Residential Colony after a dispute over a personal disagreement. The incident is stated to have occurred on 2025-11-17 around 00:25 hrs. Lakshmi Raman submitted the complaint online using the mobile number 9000000082. Vasanth Chandran (9000000408) was mentioned as a person who was present nearby. A grey van with registration TN-33-XX-1030 was observed near Arasu Nagar Residential Colony. The complaint refers to Suresh Selvam, a co-worker, reachable on 9000000005. Suspicion was reportedly directed towards Kannan Shankar, using the number 9000000415. Items referenced in the complaint: a witness statement.",Assault,Group Assault,Online,19-11-2025,17-11-2025,00:25,Night,Arasu Nagar Residential Colony,Madurai,Tamil Nadu,Madurai South PS,Lakshmi Raman,9000000082,Lakshmi Raman,9000000082,Kannan Shankar,9000000415,Suresh Selvam,9000000005,TN-33-XX-1030,Van,NULL,Witness statement,Vasanth Chandran,9000000408,Group allegedly confronted the victim following an earlier dispute.,Open,IO-MDU-005,NULL,FIR,"group assault, injury, witness, van, residential colony, night, mobile number, associate"
FIR-2026-00268,Bank Phishing Link Complaint,"During the evening of 2025-11-19, around 20:05, a caller claiming to be a bank executive asked the complainant to install a support application, after which Rs. 75,000 was withdrawn, according to the complaint recorded on 2025-11-19. Saravanan Gopal submitted the complaint online using the mobile number 9000000094. The account reference SYN-ACC-100084 was noted in connection with the payment. A witness, Ramya Bai, reachable on 9000000232, was mentioned in the complaint. A person named Sathish Ramasamy, associated with the number 9000000209, was mentioned as potentially relevant to the incident. The complainant mentioned digital documents, a bank transaction reference and a call detail reference.",Cybercrime,Phishing,Online,19-11-2025,19-11-2025,20:05,Evening,Kalai Puram Apartment Complex,Chennai,Tamil Nadu,Chennai Central PS,Saravanan Gopal,9000000094,Saravanan Gopal,9000000094,Sathish Ramasamy,9000000209,NULL,NULL,NULL,None,SYN-ACC-100084,Digital document; Bank transaction reference; Call detail reference,Ramya Bai,9000000232,Fraudulent KYC-update message allegedly used to collect account credentials.,Pending Verification,IO-CHN-001,NULL,Preliminary Report,"phishing, suspicious link, evening, receiving account, apartment complex, witness, bank reference, mobile number"
FIR-2026-00269,Phishing Complaint,"During the evening of 2025-11-20, around 18:10, the complainant received an SMS with a link resembling a bank notification; after entering card details on the page, Rs. 24,000 was debited, according to the complaint recorded on 2025-11-20. The account reference SYN-ACC-100057 linked to the complainant was mentioned in relation to the transactions. A person named Dinesh Subramani, associated with the number 9000000212, was mentioned as potentially relevant to the incident.",Cybercrime,Phishing,Online,20-11-2025,20-11-2025,18:10,Evening,Roja Colony Residential Colony,Trichy,Tamil Nadu,Trichy Fort PS,Lavanya Ammal,9000000175,Lavanya Ammal,9000000175,Dinesh Subramani,9000000212,NULL,NULL,NULL,None,SYN-ACC-100057,Digital document; Social media screenshot,Unknown,NULL,Victim reported receiving a suspicious link that imitated a bank notification.,Under Investigation,IO-TRY-003,NULL,Complaint,"phishing, suspicious link, bank account, mobile number, screenshot, suspect, residential colony, digital document"
FIR-2026-00270,Suspicious Transaction Complaint,"The reported incident took place on 2025-11-22 (morning, 09:00): The complainant noticed that Rs. 4,50,000 had been withdrawn through multiple online transactions in a short interval. The complainant mentioned the account SYN-ACC-100085 as the destination of the transfer. Nithin Thangaraj was mentioned as a person who was present nearby, but no contact number was available. Suspicion was reportedly directed towards Mathan Balan, using the number 9000000084. Items referenced in the complaint: transaction records and a bank transaction reference.",Financial Fraud,Bank Transaction Fraud,Written,23-11-2025,22-11-2025,09:00,Morning,Mullai Colony Shopping Complex,Coimbatore,Tamil Nadu,Coimbatore South PS,Vasanth Chandran,9000000408,Vasanth Chandran,9000000408,Mathan Balan,9000000084,NULL,NULL,NULL,None,SYN-ACC-100085,Transaction record; Bank transaction reference,Nithin Thangaraj,NULL,Funds reportedly routed through a chain of accounts.,Under Investigation,IO-CBE-004,NULL,FIR,"bank fraud, unauthorised transaction, transaction record, morning, receiving account, suspect, bank reference, witness"
FIR-2026-00271,Van Theft Complaint,"On 2025-11-25 at about 02:20, it was reported that a silver van bearing registration number TN-69-ZZ-1089 belonging to the complainant was taken from Vetri Colony Industrial Area in Erode. The complainant, Meena Krishnan, provided the contact number 9000000474. The identity of the person involved remains unknown at this stage. Madhan Palanisamy (9000000295) was mentioned as a person who was present nearby.",Vehicle Theft,Van Theft,Written,25-11-2025,25-11-2025,02:20,Night,Vetri Colony Industrial Area,Erode,Tamil Nadu,Erode North PS,Meena Krishnan,9000000474,Meena Krishnan,9000000474,Unknown,NULL,NULL,NULL,TN-69-ZZ-1089,Van,NULL,CCTV footage,Madhan Palanisamy,9000000295,Van reportedly taken from an unattended lot.,Pending Verification,IO-ERD-004,NULL,FIR,"van theft, vehicle, industrial area, van, CCTV, witness, night"
FIR-2026-00272,Threatening Message Report,"The reported incident took place on 2025-11-26 (evening, 17:40): Messages threatening harm were sent to the complainant following a disagreement over a minor road collision. Arun Prakash submitted the complaint online using the mobile number 9000000194. Padmini Raj was mentioned as a person who was present nearby, but no contact number was available. A further person, Tamilarasan Selvam, a driver, using the number 9000000305, is stated to be associated with the incident. A person named Kannan Shankar, associated with the number 9000000415, was mentioned as potentially relevant to the incident.",Threat,Threat Message,Online,26-11-2025,26-11-2025,17:40,Evening,Amudham Nagar Main Street,Madurai,Tamil Nadu,Madurai North PS,Arun Prakash,9000000194,Arun Prakash,9000000194,Kannan Shankar,9000000415,Tamilarasan Selvam,9000000305,NULL,None,NULL,Call detail reference,Padmini Raj,NULL,Threatening messages allegedly sent after a dispute.,Pending Verification,IO-MDU-004,NULL,Complaint,"threat, text messages, witness, evening, call detail, main street, associate, mobile number"
FIR-2026-00273,Smartphone Theft Complaint,"It was alleged that a black smartphone belonging to the complainant was taken near Vaigai Layout Market Road. The matter was brought to Tiruppur North PS on 2025-12-02, while the incident was placed on 2025-12-02 at roughly 09:20. Vasanth Mani (9000000382), described as a friend of the suspect, was also mentioned in the complaint. Harish Babu (9000000422) was mentioned as a person who was present nearby. Logesh Subramani (mobile 9000000233) was named as a possible person of interest. Potentially relevant material referenced includes a witness statement.",Theft,Mobile Theft,Written,02-12-2025,02-12-2025,09:20,Morning,Vaigai Layout Market Road,Tiruppur,Tamil Nadu,Tiruppur North PS,Deepa Devi,9000000056,Deepa Devi,9000000056,Logesh Subramani,9000000233,Vasanth Mani,9000000382,NULL,None,NULL,Witness statement,Harish Babu,9000000422,Suspect allegedly approached from behind and took the phone before leaving the spot.,Under Investigation,IO-TUP-003,NULL,Complaint,"mobile theft, smartphone, associate, witness statement, witness, mobile number, market road, suspect"
FIR-2026-00274,Premises Occupation Dispute Report,"The reported incident took place on 2025-11-29 (afternoon, 16:10): The complainant reported that a shop near Vaigai Layout Market Road in Tiruppur was occupied without a valid agreement and the occupant refused to leave. The complainant, Bhuvana Raman, provided the contact number 9000000251. A person named Bharath Selvam, associated with the number 9000000273, was mentioned as potentially relevant to the incident. No independent witness was identified at the time of registration. Potentially relevant material referenced includes physical documents and photographs. Records suggest a possible link with FIR-2026-00167, as the mobile number 9000000273 is associated with a suspect in both entries.",Property Crime,Illegal Occupation,Oral,03-12-2025,29-11-2025,16:10,Afternoon,Vaigai Layout Market Road,Tiruppur,Tamil Nadu,Tiruppur North PS,Bhuvana Raman,9000000251,Bhuvana Raman,9000000251,Bharath Selvam,9000000273,NULL,NULL,NULL,None,NULL,Physical document; Photograph,Unknown,NULL,Occupant reportedly refused to vacate despite repeated requests.,Closed,IO-TUP-004,FIR-2026-00167,FIR,"illegal occupation, lease dispute, market road, photograph, documents, suspect, afternoon, mobile number"
FIR-2026-00275,Street Robbery Complaint,"A oral complaint dated 2025-12-03 states that a person allegedly threatened the complainant at Mynthan Colony Main Street and took a bag with documents, on 2025-12-03 around 21:25 hrs. Saravanan Murugan reported the matter orally at Erode North PS; the contact number given was 9000000269. Suspicion was reportedly directed towards Ezhilan Rajan, using the number 9000000449. A scooter bearing the number TN-33-YY-1007 was seen leaving the area. Dharani Anand (9000000114) was mentioned as a person who was present nearby. Items referenced in the complaint: CCTV footage and a vehicle observation.",Robbery,Street Robbery,Oral,03-12-2025,03-12-2025,21:25,Night,Mynthan Colony Main Street,Erode,Tamil Nadu,Erode North PS,Saravanan Murugan,9000000269,Saravanan Murugan,9000000269,Ezhilan Rajan,9000000449,NULL,NULL,TN-33-YY-1007,Scooter,NULL,CCTV footage; Vehicle observation,Dharani Anand,9000000114,Victim allegedly intercepted and threatened before valuables were taken.,Under Investigation,IO-ERD-003,NULL,Complaint,"robbery, threat, main street, scooter, suspect, witness, vehicle observation, CCTV"
FIR-2026-00276,Robbery Incident Report,"During the afternoon of 2025-12-03, around 14:35, the complainant was stopped by a group near Kayal Puram Highway Junction, and a mobile phone along with cash of around Rs. 3,000 were taken under threat, according to the complaint recorded on 2025-12-03. Uma Bai (9000000465), described as a driver, was also mentioned in the complaint. The complainant alleged that Gopal Natarajan may be involved and provided the mobile number 9000000030. The complainant mentioned CCTV footage and mobile phone records.",Robbery,Street Robbery,Online,03-12-2025,03-12-2025,14:35,Afternoon,Kayal Puram Highway Junction,Salem,Tamil Nadu,Salem Town PS,Kannan Thangaraj,9000000206,Kannan Thangaraj,9000000206,Gopal Natarajan,9000000030,Uma Bai,9000000465,NULL,None,NULL,CCTV footage; Mobile phone record,Unknown,NULL,Suspects reportedly approached in a secluded stretch and left quickly.,Closed,IO-SLM-001,NULL,Complaint,"robbery, threat, afternoon, highway junction, associate, suspect, CCTV, mobile number"
FIR-2026-00277,Theft of Valuables Complaint,"According to the complaint registered on 2025-12-04, Latha Sekar discovered that copper cables and fittings had been taken from a place near Senthil Garden Main Street in Salem. The incident is stated to have occurred on 2025-12-04 around 21:55 hrs. Chithra Raman (9000000126) reported the matter for Latha Sekar, whose contact number is given as 9000000043. The complaint mentions Mohan Ramasamy, who was reportedly contacted on 9000000458, in connection with the events. Praveen Natarajan (9000000041) noticed the incident and may be able to provide a statement. The complainant mentioned a witness statement.",Theft,Property Theft,Written,04-12-2025,04-12-2025,21:55,Night,Senthil Garden Main Street,Salem,Tamil Nadu,Salem West PS,Chithra Raman,9000000126,Latha Sekar,9000000043,Mohan Ramasamy,9000000458,NULL,NULL,NULL,None,NULL,Witness statement,Praveen Natarajan,9000000041,Suspect allegedly entered through an unsecured entry point.,Under Investigation,IO-SLM-005,NULL,Complaint,"property theft, valuables, witness statement, main street, mobile number, witness, night, suspect"
FIR-2026-00278,Property Theft Report,"It was alleged that Padmini Bai discovered that copper cables and fittings had been taken from a place near Senthil Garden Main Street. The matter was brought to Salem West PS on 2025-12-05, while the incident was placed on 2025-12-02 at approximately 10:30. The complaint was lodged by Elango Ramasamy (9000000445) on behalf of Padmini Bai, whose contact number is given as 9000000447. Karthik Balan (mobile 9000000380) was named as a possible person of interest. Potentially relevant material referenced includes CCTV footage.",Theft,Property Theft,Written,05-12-2025,02-12-2025,10:30,Morning,Senthil Garden Main Street,Salem,Tamil Nadu,Salem West PS,Elango Ramasamy,9000000445,Padmini Bai,9000000447,Karthik Balan,9000000380,NULL,NULL,NULL,None,NULL,CCTV footage,Unknown,NULL,Items reportedly taken while the premises were unattended.,Open,IO-SLM-005,NULL,Complaint,"property theft, valuables, mobile number, CCTV, morning, main street, suspect"
FIR-2026-00279,Motorcycle Theft Report,"According to the complaint registered on 2025-12-05, a white motorcycle bearing registration number TN-33-XX-1090 belonging to the complainant was taken from Vetri Colony Industrial Area. The incident is stated to have occurred on 2025-12-04 at roughly 08:45. The complaint was lodged by Chithra Devi (9000000176). No identifying details of the suspected person were available at the time of registration. Ezhilan Palanisamy (9000000181) noticed the incident and may be able to provide a statement. The complainant mentioned photographs.",Vehicle Theft,Motorcycle Theft,Written,05-12-2025,04-12-2025,08:45,Morning,Vetri Colony Industrial Area,Erode,Tamil Nadu,Erode North PS,Chithra Devi,9000000176,Chithra Devi,9000000176,Unknown,NULL,NULL,NULL,TN-33-XX-1090,Motorcycle,NULL,Photograph,Ezhilan Palanisamy,9000000181,Vehicle reportedly taken from an unattended parking area.,Pending Verification,IO-ERD-003,NULL,FIR,"motorcycle theft, vehicle, motorcycle, witness, morning, industrial area, photograph"
FIR-2026-00280,Property Theft Report,"According to the complaint registered on 2025-12-05, farm equipment valued at around Rs. 60,000 was found missing from a premises near Senthil Garden Main Street. The incident is stated to have occurred on 2025-12-05 at approximately 12:10. The complainant, Durga Raman, provided the contact number 9000000103. Praveen Balan (9000000446) noticed the incident and may be able to provide a statement. Karthik Balan (mobile 9000000380) was named as a possible person of interest.",Theft,Property Theft,Written,05-12-2025,05-12-2025,12:10,Afternoon,Senthil Garden Main Street,Salem,Tamil Nadu,Salem West PS,Durga Raman,9000000103,Durga Raman,9000000103,Karthik Balan,9000000380,NULL,NULL,NULL,None,NULL,CCTV footage; Witness statement; Photograph,Praveen Balan,9000000446,Suspect allegedly entered through an unsecured entry point.,Under Investigation,IO-SLM-006,NULL,FIR,"property theft, valuables, mobile number, witness statement, witness, main street, CCTV, afternoon"
FIR-2026-00281,Harassment Calls Report,"During the morning of 2025-11-30, around 08:30, the complainant reported constant unwanted calls at odd hours from a person who refused to stop, according to the complaint recorded on 2025-12-06. The online submission was made by Sathish Palanisamy (9000000238). The complaint mentions Kishore Arumugam, who was reportedly contacted on 9000000189, in connection with the events. Chandran Krishnan (9000000031) noticed the incident and may be able to provide a statement. The complainant mentioned mobile phone records.",Harassment,Phone Harassment,Online,06-12-2025,30-11-2025,08:30,Morning,Nallur Garden Residential Colony,Coimbatore,Tamil Nadu,Coimbatore North PS,Sathish Palanisamy,9000000238,Sathish Palanisamy,9000000238,Kishore Arumugam,9000000189,NULL,NULL,NULL,None,NULL,Mobile phone record,Chandran Krishnan,9000000031,Repeated calls and messages allegedly sent from the same number.,Closed,IO-CBE-002,NULL,Complaint,"harassment, phone calls, mobile number, residential colony, suspect, morning, witness, phone records"
FIR-2026-00282,Burglary Incident Report,"The reported incident took place on 2025-12-06 (night, 22:30): The complainant returned to the residence near Sindhu Garden Residential Colony in Erode and found the door forced open, with jewellery kept in a cupboard missing. Babu Selvam submitted the complaint online using the mobile number 9000000442. The complainant alleged that Vignesh Subramani may be involved and provided the mobile number 9000000487. Gokul Sundaram (9000000491), described as a business acquaintance, was also mentioned in the complaint. Items referenced in the complaint: physical documents and photographs. Records suggest a possible link with FIR-2026-00175, as the mobile number 9000000487 is associated with a suspect in both entries.",Burglary,House Burglary,Online,06-12-2025,06-12-2025,22:30,Night,Sindhu Garden Residential Colony,Erode,Tamil Nadu,Erode South PS,Babu Selvam,9000000442,Babu Selvam,9000000442,Vignesh Subramani,9000000487,Gokul Sundaram,9000000491,NULL,None,NULL,Physical document; Photograph,Unknown,NULL,Entry allegedly forced through a broken lock while the house was locked.,Closed,IO-ERD-005,FIR-2026-00175,Complaint,"burglary, house break-in, documents, mobile number, associate, photograph, suspect, residential colony"
FIR-2026-00283,Store Robbery Report,"According to the complaint registered on 2025-12-07, two persons allegedly entered Mullai Footwear near Amudham Garden Market Road and took cash of about Rs. 50,000 after threatening the staff. The incident is stated to have occurred on 2025-12-06 at roughly 17:05. The complainant is associated with the business Mullai Footwear. The complainant alleged that Karthik Balan may be involved and provided the mobile number 9000000380. Padmini Raj (9000000032) noticed the incident and may be able to provide a statement. The complainant noted the registration number TN-45-XX-1036 of a green scooter. The complaint refers to another person whose identity could not be established. The complainant mentioned a witness statement. Records suggest a possible link with FIR-2026-00280, as the mobile number 9000000380 is associated with a suspect in both entries.",Robbery,Shop Robbery,Written,07-12-2025,06-12-2025,17:05,Evening,Amudham Garden Market Road,Salem,Tamil Nadu,Salem East PS,Gunasekar Murugan,9000000210,Gunasekar Murugan,9000000210,Karthik Balan,9000000380,Unknown,NULL,TN-45-XX-1036,Scooter,NULL,Witness statement,Padmini Raj,9000000032,Suspects allegedly entered near closing time and threatened the staff. A scooter was reportedly used to leave the area.,Under Investigation,IO-SLM-004,FIR-2026-00280,FIR,"shop robbery, cash, witness statement, evening, witness, suspect, mobile number, market road"
FIR-2026-00284,Mobile Phone Theft Report,"A online complaint dated 2025-12-08 states that a dual-SIM handset of the complainant went missing after a brief push in a crowded stretch at Sevvanthi Park Shopping Complex, on 2025-12-06 around 08:30 hrs. Nandhini Sekar submitted the complaint online using the mobile number 9000000014. The incident reportedly occurred on or near a bus bearing registration TN-01-ZZ-1053. A person named Logesh Subramani, associated with the number 9000000233, was mentioned as potentially relevant to the incident. Potentially relevant material referenced includes mobile phone records. Records suggest a possible link with FIR-2026-00273, as the mobile number 9000000233 is associated with a suspect in both entries.",Theft,Mobile Theft,Online,08-12-2025,06-12-2025,08:30,Morning,Sevvanthi Park Shopping Complex,Tiruppur,Tamil Nadu,Tiruppur Central PS,Nandhini Sekar,9000000014,Nandhini Sekar,9000000014,Logesh Subramani,9000000233,NULL,NULL,TN-01-ZZ-1053,Bus,NULL,Mobile phone record,Unknown,NULL,Handset reportedly snatched while the victim was using it near the roadside.,Closed,IO-TUP-002,FIR-2026-00273,FIR,"mobile theft, smartphone, morning, phone records, suspect, shopping complex, bus, mobile number"
FIR-2026-00285,Auto Rickshaw Theft Complaint,"During the early morning of 2025-12-08, around 04:30, the complainant reported that a grey auto bearing registration number TN-39-YY-1091 was missing from the stand near Mullai Puram Parking Area, according to the complaint recorded on 2025-12-08. The complainant, Ganesh Subramani, provided the contact number 9000000240. Suspicion was reportedly directed towards Vignesh Subramani, using the number 9000000487. Indhu Rani was mentioned as a person who was present nearby, but no contact number was available. The complainant mentioned a vehicle observation and CCTV footage. Records suggest a possible link with FIR-2026-00282, as the mobile number 9000000487 is associated with a suspect in both entries.",Vehicle Theft,Auto Theft,Oral,08-12-2025,08-12-2025,04:30,Early Morning,Mullai Puram Parking Area,Thanjavur,Tamil Nadu,Thanjavur Town PS,Ganesh Subramani,9000000240,Ganesh Subramani,9000000240,Vignesh Subramani,9000000487,NULL,NULL,TN-39-YY-1091,Auto,NULL,Vehicle observation; CCTV footage,Indhu Rani,NULL,Auto reportedly taken from an unattended stand during the night.,Under Investigation,IO-TNJ-001,FIR-2026-00282,Complaint,"auto theft, vehicle, vehicle observation, auto, suspect, parking area, CCTV, witness"
FIR-2026-00286,Online Gambling Loss Complaint,"During the morning of 2025-12-08, around 09:50, the complainant reported losing Rs. 60,000 on an online betting platform allegedly promoted by a local agent, according to the complaint recorded on 2025-12-09. Suspicion was reportedly directed towards Arjun Shankar, using the number 9000000136. Nithya Rani (9000000035) was mentioned as a person who was present nearby. Items referenced in the complaint: digital documents and social media screenshots.",Illegal Gambling,Online Betting Complaint,Online,09-12-2025,08-12-2025,09:50,Morning,Mullai Colony Shopping Complex,Coimbatore,Tamil Nadu,Coimbatore South PS,Arun Prakash,9000000194,Arun Prakash,9000000194,Arjun Shankar,9000000136,NULL,NULL,NULL,None,NULL,Digital document; Social media screenshot,Nithya Rani,9000000035,Local agent allegedly promoted a betting platform and collected deposits.,Under Investigation,IO-CBE-004,NULL,Complaint,"online betting, gambling, suspect, digital document, morning, witness, mobile number, screenshot"
FIR-2026-00287,Property Theft Report,"On 2025-12-15 at about 22:15, it was reported that items including a tablet and a set of keys were taken from an unattended premises at Senthil Garden Main Street. Saranya Murugan approached Salem West PS to report the matter and can be reached on 9000000193. Suspicion was reportedly directed towards Mohan Ramasamy, using the number 9000000458. Arun Babu (9000000379) noticed the incident and may be able to provide a statement. Potentially relevant material referenced includes a call detail reference and a witness statement. Records suggest a possible link with FIR-2026-00277, as the mobile number 9000000458 is associated with a suspect in both entries.",Theft,Property Theft,Written,15-12-2025,15-12-2025,22:15,Night,Senthil Garden Main Street,Salem,Tamil Nadu,Salem West PS,Saranya Murugan,9000000193,Saranya Murugan,9000000193,Mohan Ramasamy,9000000458,NULL,NULL,NULL,None,NULL,Call detail reference; Witness statement,Arun Babu,9000000379,Suspect allegedly entered through an unsecured entry point.,Under Investigation,IO-SLM-006,FIR-2026-00277,Preliminary Report,"property theft, valuables, witness, main street, suspect, mobile number, night, witness statement"
FIR-2026-00288,Shop Theft Complaint,"It was alleged that goods worth about Rs. 2,00,000 (garments) were found missing from Oviya Fancy Store, a shop near Vennila Puram Shopping Complex in Erode. The matter was brought to Erode South PS on 2025-12-16, while the incident was placed on 2025-12-16 at roughly 15:15. The online submission was made by Harish Anand (9000000208). The complainant is associated with the business Oviya Fancy Store. A witness, Manoj Karuppasamy, reachable on 9000000054, was mentioned in the complaint. The complaint refers to Madhan Palanisamy, a relative of the suspect, reachable on 9000000295. Karthik Rajan (mobile 9000000091) was named as a possible person of interest.",Theft,Shop Theft,Online,16-12-2025,16-12-2025,15:15,Afternoon,Vennila Puram Shopping Complex,Erode,Tamil Nadu,Erode South PS,Harish Anand,9000000208,Harish Anand,9000000208,Karthik Rajan,9000000091,Madhan Palanisamy,9000000295,NULL,None,NULL,Witness statement; Physical document,Manoj Karuppasamy,9000000054,Suspect allegedly posed as a customer and took items while staff were attending to others.,Open,IO-ERD-006,NULL,Complaint,"shop theft, stock, witness, shopping complex, suspect, mobile number, afternoon, associate"
FIR-2026-00289,Chain Snatching Complaint,"As per the complaint recorded on 2025-12-18, a gold chain weighing about 2.5 sovereigns was snatched from the complainant near Nallur Nagar Main Street by a person riding a maroon motorcycle bearing registration number TN-47-ZZ-1038. The time of the incident was given as 10:35 on 2025-12-18. The online submission was made by Gayathri Raman (9000000100). Dharani Anand (9000000114) was mentioned as a person who was present nearby. The complaint mentions Ezhilan Ramasamy, who was reportedly contacted on 9000000042, in connection with the events. Potentially relevant material referenced includes CCTV footage.",Chain Snatching,Two-Wheeler Chain Snatching,Online,18-12-2025,18-12-2025,10:35,Morning,Nallur Nagar Main Street,Palakkad,Kerala,Palakkad North PS,Gayathri Raman,9000000100,Gayathri Raman,9000000100,Ezhilan Ramasamy,9000000042,NULL,NULL,TN-47-ZZ-1038,Motorcycle,NULL,CCTV footage,Dharani Anand,9000000114,"Rider reportedly approached from behind, grabbed the chain and fled.",Pending Verification,IO-PKD-004,NULL,Complaint,"chain snatching, two-wheeler, morning, suspect, main street, CCTV, motorcycle, witness"
FIR-2026-00290,Store Robbery Report,"A online complaint dated 2025-12-20 states that two persons allegedly entered Ponni Medicals near Amudham Garden Market Road in Salem and took cash of about Rs. 1,00,000 after threatening the staff, on 2025-12-20 around 12:10 hrs. The online submission was made by Latha Murugan (9000000037). The complainant is associated with the business Ponni Medicals. The complaint mentions Karthik Balan, who was reportedly contacted on 9000000380, in connection with the events. Records suggest a possible link with FIR-2026-00280, as the mobile number 9000000380 is associated with a suspect in both entries.",Robbery,Shop Robbery,Online,20-12-2025,20-12-2025,12:10,Afternoon,Amudham Garden Market Road,Salem,Tamil Nadu,Salem East PS,Latha Murugan,9000000037,Latha Murugan,9000000037,Karthik Balan,9000000380,NULL,NULL,NULL,None,NULL,CCTV footage,Unknown,NULL,Cash reportedly taken from the counter after staff were intimidated.,Under Investigation,IO-SLM-003,FIR-2026-00280,Complaint,"shop robbery, cash, afternoon, market road, mobile number, CCTV, suspect"
FIR-2026-00291,Two-Wheeler Theft Report,"As per the complaint recorded on 2025-12-21, the complainant left a white scooter bearing registration number TN-28-XX-1063 near Vetri Layout Industrial Area and could not find it later. The time of the incident was given as 04:45 on 2025-12-21. The complaint was lodged by Babu Murugan (9000000226). Suspicion was reportedly directed towards Madhan Murugan, using the number 9000000216. The complaint refers to another person whose identity could not be established. Rajesh Krishnan was mentioned as a person who was present nearby, but no contact number was available. Items referenced in the complaint: CCTV footage.",Vehicle Theft,Scooter Theft,Written,21-12-2025,21-12-2025,04:45,Early Morning,Vetri Layout Industrial Area,Coimbatore,Tamil Nadu,Coimbatore North PS,Babu Murugan,9000000226,Babu Murugan,9000000226,Madhan Murugan,9000000216,Unknown,NULL,TN-28-XX-1063,Scooter,NULL,CCTV footage,Rajesh Krishnan,NULL,Vehicle allegedly taken after the handle lock was forced.,Closed,IO-CBE-001,NULL,Complaint,"scooter theft, vehicle, scooter, suspect, CCTV, industrial area, mobile number, witness"
FIR-2026-00292,Shop Extortion Report,"A oral complaint dated 2025-12-21 states that the owner of Kalai Home Appliances reported repeated demands for weekly payments of Rs. 1,500 from persons visiting the premises near Anbu Park Main Street, on 2025-12-21 at about 20:45. Thirumal Babu reported the matter orally at Trichy Central PS; the contact number given was 9000000321. The complainant is associated with the business Kalai Home Appliances. Vasanth Chandran (9000000408) was mentioned as a person who was present nearby. The complainant alleged that Murugan Karuppasamy may be involved and provided the mobile number 9000000309. Potentially relevant material referenced includes a witness statement and CCTV footage. Records suggest a possible link with FIR-2026-00246, as the mobile number 9000000309 is associated with a suspect in both entries.",Extortion,Business Extortion,Oral,21-12-2025,21-12-2025,20:45,Evening,Anbu Park Main Street,Trichy,Tamil Nadu,Trichy Central PS,Thirumal Babu,9000000321,Thirumal Babu,9000000321,Murugan Karuppasamy,9000000309,NULL,NULL,NULL,None,NULL,Witness statement; CCTV footage,Vasanth Chandran,9000000408,Suspects allegedly visited the premises and demanded regular payments.,Under Investigation,IO-TRY-002,FIR-2026-00246,Complaint,"extortion, business, witness statement, mobile number, evening, CCTV, suspect, witness"
FIR-2026-00293,Public Altercation Complaint,"It was alleged that the complainant was allegedly pushed and struck during a street argument at Roja Park Main Street in Coimbatore. The matter was brought to Coimbatore North PS on 2025-12-23, while the incident was placed on 2025-12-21 around 22:00 hrs. The complainant, Kavitha Devi, provided the contact number 9000000412. A further person, Nandha Natarajan, a friend of the suspect, using the number 9000000393, is stated to be associated with the incident. A person named Yogesh Gopal, associated with the number 9000000376, was mentioned as potentially relevant to the incident. The complainant noted the registration number TN-38-XX-1015 of a white car. Potentially relevant material referenced includes a vehicle observation.",Assault,Street Altercation,Written,23-12-2025,21-12-2025,22:00,Night,Roja Park Main Street,Coimbatore,Tamil Nadu,Coimbatore North PS,Kavitha Devi,9000000412,Kavitha Devi,9000000412,Yogesh Gopal,9000000376,Nandha Natarajan,9000000393,TN-38-XX-1015,Car,NULL,Vehicle observation,Unknown,NULL,Minor dispute reportedly turned into a scuffle in a public place.,Closed,IO-CBE-002,NULL,FIR,"altercation, street dispute, car, main street, night, mobile number, vehicle observation, associate"
FIR-2026-00294,Purse Theft Complaint,"During the early morning of 2025-12-23, around 06:45, the complainant found the pocket emptied of cash (about Rs. 1,500) after boarding a crowded bus near Vaigai Layout Market Road, according to the complaint recorded on 2025-12-23. Contact details given by the complainant, Deviga Krishnan, include the number 9000000040. The complaint mentions Murugan Sundaram, who was reportedly contacted on 9000000207, in connection with the events. Revathi Raman (9000000145), described as a driver, was also mentioned in the complaint. Kishore Muthu (9000000320) was mentioned as a person who was present nearby. Items referenced in the complaint: a witness statement, CCTV footage and photographs.",Theft,Pickpocketing,Written,23-12-2025,23-12-2025,06:45,Early Morning,Vaigai Layout Market Road,Tiruppur,Tamil Nadu,Tiruppur North PS,Deviga Krishnan,9000000040,Deviga Krishnan,9000000040,Murugan Sundaram,9000000207,Revathi Raman,9000000145,NULL,None,NULL,Witness statement; CCTV footage; Photograph,Kishore Muthu,9000000320,Suspect reportedly bumped into the victim while another person took the purse.,Closed,IO-TUP-003,NULL,Preliminary Report,"pickpocketing, wallet, mobile number, CCTV, witness statement, suspect, early morning, associate"
FIR-2026-00295,Loan Fraud Complaint,"During the afternoon of 2025-12-23, around 16:00, a loan agent collected Rs. 12,00,000 from Meena Murugan for approving a personal loan and then stopped answering calls, according to the complaint recorded on 2025-12-24. Suspicion was reportedly directed towards Mathan Velan, using the number 9000000147. A further person, Madhan Palanisamy, a driver, using the number 9000000295, is stated to be associated with the incident. Nithin Velan (9000000004) was mentioned as a person who was present nearby. The complainant mentioned a witness statement, mobile phone records and social media screenshots. Records suggest a possible link with FIR-2026-00177, as the mobile number 9000000147 is associated with a suspect in both entries.",Financial Fraud,Loan Fraud,Online,24-12-2025,23-12-2025,16:00,Afternoon,Roja Nagar Residential Colony,Thoothukudi,Tamil Nadu,Thoothukudi Port PS,Babu Murugan,9000000226,Meena Murugan,9000000190,Mathan Velan,9000000147,Madhan Palanisamy,9000000295,NULL,None,NULL,Witness statement; Mobile phone record; Social media screenshot,Nithin Velan,9000000004,Agent reportedly claimed a guaranteed approval and became unreachable.,Under Investigation,IO-TUT-004,FIR-2026-00177,Complaint,"loan fraud, processing fee, suspect, mobile number, afternoon, phone records, residential colony, witness statement"
FIR-2026-00296,Land Sale Fraud Complaint,"According to the complaint registered on 2025-12-26, the seller of a house near Nallur Garden Residential Colony allegedly accepted Rs. 90,000 from the complainant without a clear title. The incident is stated to have occurred on 2025-12-22 at roughly 17:35. Malathi Devi submitted the complaint online using the mobile number 9000000485. The complaint refers to Siva Selvam, a co-worker, reachable on 9000000440. The complainant alleged that Madhan Murugan may be involved and provided the mobile number 9000000216. Transactions from the account SYN-ACC-100065, held by the complainant, were referred to in the complaint. The complainant mentioned transaction records, a bank transaction reference and physical documents. Records suggest a possible link with FIR-2026-00291, as the mobile number 9000000216 is associated with a suspect in both entries.",Cheating,Property Sale Cheating,Online,26-12-2025,22-12-2025,17:35,Evening,Nallur Garden Residential Colony,Coimbatore,Tamil Nadu,Coimbatore North PS,Malathi Devi,9000000485,Malathi Devi,9000000485,Madhan Murugan,9000000216,Siva Selvam,9000000440,NULL,None,SYN-ACC-100065,Transaction record; Bank transaction reference; Physical document,Unknown,NULL,Seller reportedly shared questionable documents and stopped responding.,Pending Verification,IO-CBE-001,FIR-2026-00291,FIR,"property fraud, cheating, transaction record, bank reference, evening, residential colony, bank account, suspect"
FIR-2026-00297,Vandalism Complaint,"According to the complaint registered on 2025-12-26, a water tank of the complainant near Alli Colony College Road in Vellore was defaced and partly broken. The incident is stated to have occurred on 2025-12-26 at roughly 23:05. Senthil Prakash approached Vellore Town PS to report the matter and can be reached on 9000000067. The complainant alleged that Gokul Sundaram may be involved and provided the mobile number 9000000491. Potentially relevant material referenced includes CCTV footage.",Property Crime,Vandalism,Written,26-12-2025,26-12-2025,23:05,Night,Alli Colony College Road,Vellore,Tamil Nadu,Vellore Town PS,Senthil Prakash,9000000067,Senthil Prakash,9000000067,Gokul Sundaram,9000000491,NULL,NULL,NULL,None,NULL,CCTV footage,Unknown,NULL,Property reportedly defaced late at night.,Closed,IO-VLR-001,NULL,FIR,"vandalism, property damage, night, suspect, college road, mobile number, CCTV"
FIR-2026-00298,Forged Document Complaint,"During the evening of 2025-12-26, around 17:45, the complainant learned that a document with altered details had been submitted for a transaction worth Rs. 5,00,000 near Palar Layout Market Road in Karur, according to the complaint recorded on 2025-12-29. The complaint was lodged by Senthil Rajan (9000000019). The complainant alleged that Nithin Subramani may be involved and provided the mobile number 9000000354. The complainant mentioned physical documents.",Forgery,Forged Document,Written,29-12-2025,26-12-2025,17:45,Evening,Palar Layout Market Road,Karur,Tamil Nadu,Karur Town PS,Senthil Rajan,9000000019,Senthil Rajan,9000000019,Nithin Subramani,9000000354,NULL,NULL,NULL,None,NULL,Physical document,Unknown,NULL,Forged papers reportedly used to process a transaction.,Open,IO-KRR-002,NULL,FIR,"forgery, forged document, suspect, mobile number, evening, market road, documents"
FIR-2026-00299,Public Altercation Complaint,"The reported incident took place on 2025-12-29 (night, 21:15): Gopal Balan was allegedly pushed and struck during a street argument at Roja Park Main Street. Rajeshwari Devi (9000000299) reported the matter for Gopal Balan, whose contact number is given as 9000000276. Nithya Rani (9000000035) was mentioned as a person who was present nearby. Yogesh Gopal (mobile 9000000376) was named as a possible person of interest. The complaint refers to Nandha Natarajan, a business acquaintance, reachable on 9000000393.",Assault,Street Altercation,Online,30-12-2025,29-12-2025,21:15,Night,Roja Park Main Street,Coimbatore,Tamil Nadu,Coimbatore North PS,Rajeshwari Devi,9000000299,Gopal Balan,9000000276,Yogesh Gopal,9000000376,Nandha Natarajan,9000000393,NULL,None,NULL,Witness statement; Physical document; CCTV footage,Nithya Rani,9000000035,Minor dispute reportedly turned into a scuffle in a public place.,Under Investigation,IO-CBE-001,NULL,Complaint,"altercation, street dispute, night, documents, main street, associate, suspect, witness"
FIR-2026-00300,Missing Person Complaint,"As per the FIR recorded on 2025-12-31, the sister of the complainant, Latha Selvi, aged 22, left for a local errand and could not be contacted afterwards; last seen near Nallur Colony College Road in Madurai. The time of the incident was given as 02:45 on 2025-12-29. The complaint was lodged by Abirami Bai (9000000059), a family member of Latha Selvi, whose last active mobile number is noted as 9000000459. Arun Babu (9000000379) was mentioned as a person who was present nearby. Sanjay Mani (9000000120), described as an intermediary, was also mentioned in the complaint. The identity of the person involved remains unknown at this stage. No supporting material was reported at the time of registration.",Missing Person,Missing Student,Written,31-12-2025,29-12-2025,02:45,Night,Nallur Colony College Road,Madurai,Tamil Nadu,Madurai North PS,Abirami Bai,9000000059,Latha Selvi,9000000459,Unknown,NULL,Sanjay Mani,9000000120,NULL,None,NULL,None reported,Arun Babu,9000000379,Mobile phone allegedly switched off shortly after leaving the campus area.,Open,IO-MDU-003,NULL,FIR,"missing person, student, witness, college road, night, associate"
FIR-2026-00301,Illegal Occupation Complaint,"According to the complaint registered on 2026-01-01, the complainant reported that a shop near Nallur Nagar Main Street was occupied without a valid agreement and the occupant refused to leave. The incident is stated to have occurred on 2025-12-22 at roughly 15:35. Elango Balan approached Palakkad North PS to report the matter and can be reached on 9000000036. Harish Babu (9000000422) was mentioned as a person who was present nearby. The complaint mentions Tamilarasan Muthu, who was reportedly contacted on 9000000260, in connection with the events. Potentially relevant material referenced includes photographs.",Property Crime,Illegal Occupation,Written,01-01-2026,22-12-2025,15:35,Afternoon,Nallur Nagar Main Street,Palakkad,Kerala,Palakkad North PS,Elango Balan,9000000036,Elango Balan,9000000036,Tamilarasan Muthu,9000000260,NULL,NULL,NULL,None,NULL,Photograph,Harish Babu,9000000422,Premises allegedly occupied after the lease period ended.,Open,IO-PKD-003,NULL,FIR,"illegal occupation, lease dispute, mobile number, witness, main street, afternoon, suspect, photograph"
FIR-2026-00302,Theft of Valuables Complaint,"During the night of 2026-01-01, around 21:05, items including a bicycle and some tools were taken from an unattended premises at Neithal Garden Apartment Complex, according to the complaint recorded on 2026-01-01. Ramya Bai submitted the complaint online using the mobile number 9000000232. A person named Mohan Ramasamy, associated with the number 9000000458, was mentioned as potentially relevant to the incident. Nandha Muthu (9000000322), described as a person who arranged the contact, was also mentioned in the complaint. Items referenced in the complaint: CCTV footage and photographs.",Theft,Property Theft,Online,01-01-2026,01-01-2026,21:05,Night,Neithal Garden Apartment Complex,Salem,Tamil Nadu,Salem Town PS,Ramya Bai,9000000232,Ramya Bai,9000000232,Mohan Ramasamy,9000000458,Nandha Muthu,9000000322,NULL,None,NULL,CCTV footage; Photograph,Unknown,NULL,Suspect allegedly entered through an unsecured entry point.,Open,IO-SLM-002,NULL,Complaint,"property theft, valuables, CCTV, apartment complex, suspect, associate, photograph, mobile number"
FIR-2026-00303,Fake Certificate Complaint,"The reported incident took place on 2025-12-23 (morning, 09:35): A certificate carrying the details of the complainant was allegedly altered and submitted to obtain a benefit worth Rs. 50,000. Indhu Sri approached Tiruppur South PS to report the matter and can be reached on 9000000243. Vasanth Mani (9000000382), described as a neighbour, was also mentioned in the complaint. The complaint mentions Bharath Selvam, who was reportedly contacted on 9000000273, in connection with the events. No supporting material was reported at the time of registration.",Forgery,Fake Certificate,Written,02-01-2026,23-12-2025,09:35,Morning,Ponni Nagar College Road,Tiruppur,Tamil Nadu,Tiruppur South PS,Indhu Sri,9000000243,Indhu Sri,9000000243,Bharath Selvam,9000000273,Vasanth Mani,9000000382,NULL,None,NULL,None reported,Unknown,NULL,Certificate allegedly altered and submitted with an application.,Open,IO-TUP-006,NULL,FIR,"fake certificate, forgery, morning, mobile number, associate, college road, suspect"
FIR-2026-00304,Unauthorised Bank Transfer Complaint,"On 2026-01-03 at roughly 17:30, it was reported that a series of small debits adding up to Rs. 1,20,000 appeared in the statement of the complainant without any authorisation. Kishore Velan submitted the complaint online using the mobile number 9000000140. Funds were reportedly sent to the account reference SYN-ACC-100086. The complainant alleged that Vasanth Gopal may be involved and provided the mobile number 9000000245. The complainant mentioned a bank transaction reference. Records suggest a possible link with FIR-2026-00258, as the mobile number 9000000245 is associated with a suspect in both entries.",Financial Fraud,Bank Transaction Fraud,Online,04-01-2026,03-01-2026,17:30,Evening,Mullai Park Shopping Complex,Chennai,Tamil Nadu,Chennai South PS,Kishore Velan,9000000140,Kishore Velan,9000000140,Vasanth Gopal,9000000245,NULL,NULL,NULL,None,SYN-ACC-100086,Bank transaction reference,Unknown,NULL,Victim reported unauthorised debits after sharing details during a call.,Closed,IO-CHN-005,FIR-2026-00258,FIR,"bank fraud, unauthorised transaction, suspect, receiving account, mobile number, evening, shopping complex, bank reference"
FIR-2026-00305,Group Assault Complaint,"As per the FIR recorded on 2026-01-05, a group of persons allegedly attacked the complainant at Amudham Nagar Main Street, causing injuries that required treatment. The time of the incident was given as 21:00 on 2026-01-05. The complaint was lodged by Sanjay Raj (9000000083). A witness, Padmini Raj, reachable on 9000000032, was mentioned in the complaint. Vasanth Mani (9000000382), described as a neighbour, was also mentioned in the complaint. The complainant alleged that Sanjay Velan may be involved and provided the mobile number 9000000095. No supporting material was reported at the time of registration.",Assault,Group Assault,Oral,05-01-2026,05-01-2026,21:00,Night,Amudham Nagar Main Street,Madurai,Tamil Nadu,Madurai North PS,Sanjay Raj,9000000083,Sanjay Raj,9000000083,Sanjay Velan,9000000095,Vasanth Mani,9000000382,NULL,None,NULL,None reported,Padmini Raj,9000000032,Group allegedly confronted the victim following an earlier dispute.,Closed,IO-MDU-003,NULL,FIR,"group assault, injury, associate, witness, suspect, night, mobile number, main street"
FIR-2026-00306,Shop Stock Theft Report,"A written complaint dated 2026-01-07 states that an unidentified customer allegedly took cosmetic products worth Rs. 3,50,000 from Mullai Footwear near Anbu Park Main Street, on 2026-01-07 at roughly 20:15. Arun Prakash approached Trichy Central PS to report the matter and can be reached on 9000000194. The complainant is associated with the business Mullai Footwear. Siva Sekar (9000000284) was mentioned as a person who was present nearby. Elango Shankar (mobile 9000000317) was named as a possible person of interest. The complainant mentioned a witness statement and CCTV footage.",Theft,Shop Theft,Written,07-01-2026,07-01-2026,20:15,Evening,Anbu Park Main Street,Trichy,Tamil Nadu,Trichy Central PS,Arun Prakash,9000000194,Arun Prakash,9000000194,Elango Shankar,9000000317,NULL,NULL,NULL,None,NULL,Witness statement; CCTV footage,Siva Sekar,9000000284,Suspect allegedly posed as a customer and took items while staff were attending to others.,Under Investigation,IO-TRY-001,NULL,FIR,"shop theft, stock, CCTV, witness statement, evening, suspect, witness, mobile number"
FIR-2026-00307,Scooter Theft Complaint,"On 2026-01-07 at approximately 07:00, it was reported that a green scooter bearing registration number TN-57-YY-1064 of the complainant was reported missing from Anbu Puram Apartment Complex in Palakkad. Lavanya Raj reported the matter orally at Palakkad Town PS; the contact number given was 9000000127. The complaint mentions Arun Babu, who was reportedly contacted on 9000000379, in connection with the events. A further person, Siva Selvam, a business acquaintance, using the number 9000000440, is stated to be associated with the incident. A witness, Tamilarasan Velan, reachable on 9000000281, was mentioned in the complaint. Records suggest a possible link with FIR-2026-00243, as the mobile number 9000000379 is associated with a suspect in both entries.",Vehicle Theft,Scooter Theft,Oral,07-01-2026,07-01-2026,07:00,Morning,Anbu Puram Apartment Complex,Palakkad,Kerala,Palakkad Town PS,Lavanya Raj,9000000127,Lavanya Raj,9000000127,Arun Babu,9000000379,Siva Selvam,9000000440,TN-57-YY-1064,Scooter,NULL,Photograph,Tamilarasan Velan,9000000281,Vehicle allegedly taken after the handle lock was forced.,Pending Verification,IO-PKD-002,FIR-2026-00243,Preliminary Report,"scooter theft, vehicle, witness, scooter, photograph, suspect, mobile number, apartment complex"
FIR-2026-00308,Loan App Harassment Complaint,"According to the complaint registered on 2026-01-08, the complainant reported threatening messages from a loan recovery number regarding Rs. 8,000. The incident is stated to have occurred on 2026-01-03 around 19:25 hrs. Sanjay Raj submitted the complaint online using the mobile number 9000000083. No identifying details of the suspected person were available at the time of registration. No independent witness was identified at the time of registration. Potentially relevant material referenced includes digital documents.",Harassment,Loan Recovery Harassment,Online,08-01-2026,03-01-2026,19:25,Evening,Nallur Garden Residential Colony,Coimbatore,Tamil Nadu,Coimbatore North PS,Sanjay Raj,9000000083,Sanjay Raj,9000000083,Unknown,NULL,NULL,NULL,NULL,None,NULL,Digital document,Unknown,NULL,Recovery agents allegedly sent abusive messages to the borrower and contacts.,Under Investigation,IO-CBE-002,NULL,Preliminary Report,"loan app, harassment, digital document, residential colony, evening"
FIR-2026-00309,Two-Wheeler Theft Report,"As per the complaint recorded on 2026-01-08, a maroon scooter bearing registration number TN-68-ZZ-1065 of the complainant was reported missing from Vetri Layout Industrial Area in Coimbatore. The time of the incident was given as 22:05 on 2026-01-08. The complainant could not identify the person involved. No independent witness was identified at the time of registration. Potentially relevant material referenced includes photographs, physical documents and CCTV footage.",Vehicle Theft,Scooter Theft,Written,08-01-2026,08-01-2026,22:05,Night,Vetri Layout Industrial Area,Coimbatore,Tamil Nadu,Coimbatore North PS,Vidhya Devi,9000000062,Vidhya Devi,9000000062,Unknown,NULL,NULL,NULL,TN-68-ZZ-1065,Scooter,NULL,Photograph; Physical document; CCTV footage,Unknown,NULL,Vehicle allegedly taken after the handle lock was forced.,Open,IO-CBE-002,NULL,Complaint,"scooter theft, vehicle, industrial area, scooter, documents, photograph, night"
FIR-2026-00310,Suspicious Transaction Complaint,"It was alleged that several unauthorised transfers totalling Rs. 2,40,000 were noticed in the account of the complainant. The matter was brought to Vellore North PS on 2026-01-10, while the incident was placed on 2026-01-09 around 12:45 hrs. The account reference SYN-ACC-100059 linked to the complainant was mentioned in relation to the transactions. Murugan Sundaram (9000000207), described as a relative of the suspect, was also mentioned in the complaint. Suspicion was reportedly directed towards Logesh Karuppasamy, using the number 9000000198. Items referenced in the complaint: mobile phone records and a bank transaction reference.",Financial Fraud,Bank Transaction Fraud,Online,10-01-2026,09-01-2026,12:45,Afternoon,Selvapuram Puram Main Street,Vellore,Tamil Nadu,Vellore North PS,Arun Thangaraj,9000000483,Arun Thangaraj,9000000483,Logesh Karuppasamy,9000000198,Murugan Sundaram,9000000207,NULL,None,SYN-ACC-100059,Mobile phone record; Bank transaction reference,Unknown,NULL,Multiple small transfers reportedly made in quick succession.,Under Investigation,IO-VLR-003,NULL,Complaint,"bank fraud, unauthorised transaction, suspect, bank account, phone records, afternoon, main street, associate"
FIR-2026-00311,Vehicle Theft Complaint,"It was alleged that a grey auto bearing registration number TN-28-ZZ-1092 used by the complainant for daily work was taken from Palar Layout Market Road. The matter was brought to Karur Town PS on 2026-01-12, while the incident was placed on 2026-01-12 around 06:25 hrs. Anand Chandran approached Karur Town PS to report the matter and can be reached on 9000000060. The complainant could not identify the person involved. No independent witness was identified at the time of registration. Potentially relevant material referenced includes CCTV footage and a vehicle observation.",Vehicle Theft,Auto Theft,Written,12-01-2026,12-01-2026,06:25,Early Morning,Palar Layout Market Road,Karur,Tamil Nadu,Karur Town PS,Anand Chandran,9000000060,Anand Chandran,9000000060,Unknown,NULL,NULL,NULL,TN-28-ZZ-1092,Auto,NULL,CCTV footage; Vehicle observation,Unknown,NULL,Vehicle allegedly driven away after being left unattended.,Closed,IO-KRR-001,NULL,FIR,"auto theft, vehicle, auto, vehicle observation, early morning, market road, CCTV"
FIR-2026-00312,Public Altercation Complaint,"On 2026-01-13 at roughly 19:10, it was reported that a disagreement over a boundary issue turned into a scuffle involving the complainant near Roja Park Main Street. The complainant, Arun Thangaraj, provided the contact number 9000000483. The complaint mentions Kishore Arumugam, who was reportedly contacted on 9000000189, in connection with the events. The complaint refers to Vignesh Balan, a friend of the suspect, reachable on 9000000105. Chandran Krishnan (9000000031) was mentioned as a person who was present nearby. Items referenced in the complaint: physical documents, CCTV footage and photographs.",Assault,Street Altercation,Oral,13-01-2026,13-01-2026,19:10,Evening,Roja Park Main Street,Coimbatore,Tamil Nadu,Coimbatore North PS,Arun Thangaraj,9000000483,Arun Thangaraj,9000000483,Kishore Arumugam,9000000189,Vignesh Balan,9000000105,NULL,None,NULL,Physical document; CCTV footage; Photograph,Chandran Krishnan,9000000031,Minor dispute reportedly turned into a scuffle in a public place.,Pending Verification,IO-CBE-002,NULL,Preliminary Report,"altercation, street dispute, suspect, main street, associate, documents, evening, CCTV"
FIR-2026-00313,Property Damage Complaint,"A online complaint dated 2026-01-14 states that the complainant found that the shop shutter near Palar Park Industrial Area had been damaged overnight, causing a loss of roughly Rs. 90,000, on 2026-01-11 at roughly 01:25. Arun Prakash submitted the complaint online using the mobile number 9000000194. No independent witness was identified at the time of registration. The complaint mentions Vasanthi Bai, who was reportedly contacted on 9000000115, in connection with the events. The complainant mentioned photographs and CCTV footage.",Property Crime,Property Damage,Online,14-01-2026,11-01-2026,01:25,Night,Palar Park Industrial Area,Madurai,Tamil Nadu,Madurai South PS,Arun Prakash,9000000194,Arun Prakash,9000000194,Vasanthi Bai,9000000115,NULL,NULL,NULL,None,NULL,Photograph; CCTV footage,Unknown,NULL,Property allegedly damaged following a local dispute.,Pending Verification,IO-MDU-006,NULL,FIR,"property damage, vandalism, night, photograph, CCTV, suspect, industrial area, mobile number"
FIR-2026-00314,Unauthorised Bank Transfer Complaint,"According to the complaint registered on 2026-01-15, the complainant noticed that Rs. 12,00,000 had been withdrawn through multiple online transactions in a short interval. The incident is stated to have occurred on 2026-01-08 at about 10:25. The online submission was made by Vasanthi Ammal (9000000479). An unidentified caller using the number 9000000187 was mentioned in the complaint. The complainant mentioned the account SYN-ACC-100021 as the destination of the transfer. An unidentified associate was also mentioned by the complainant. Items referenced in the complaint: a bank transaction reference.",Financial Fraud,Bank Transaction Fraud,Online,15-01-2026,08-01-2026,10:25,Morning,Selvapuram Puram Main Street,Vellore,Tamil Nadu,Vellore North PS,Vasanthi Ammal,9000000479,Vasanthi Ammal,9000000479,Unknown,9000000187,Unknown,NULL,NULL,None,SYN-ACC-100021,Bank transaction reference,Unknown,NULL,Multiple small transfers reportedly made in quick succession.,Pending Verification,IO-VLR-003,NULL,Complaint,"bank fraud, unauthorised transaction, bank reference, morning, mobile number, main street, receiving account"
FIR-2026-00315,Group Assault Complaint,"As per the preliminary report recorded on 2026-01-15, a group of persons allegedly attacked the complainant at Senthil Garden Main Street, causing injuries that required treatment. The time of the incident was given as 01:15 on 2026-01-13. A witness, Vasanth Chandran, reachable on 9000000408, was mentioned in the complaint. The complainant alleged that Dharani Selvam may be involved and provided the mobile number 9000000038. Items referenced in the complaint: physical documents.",Assault,Group Assault,Oral,15-01-2026,13-01-2026,01:15,Night,Senthil Garden Main Street,Salem,Tamil Nadu,Salem West PS,Arun Prakash,9000000194,Arun Prakash,9000000194,Dharani Selvam,9000000038,NULL,NULL,NULL,None,NULL,Physical document,Vasanth Chandran,9000000408,Group allegedly confronted the victim following an earlier dispute.,Closed,IO-SLM-006,NULL,Preliminary Report,"group assault, injury, night, suspect, documents, mobile number, witness, main street"
FIR-2026-00316,Digital Blackmail Complaint,"The reported incident took place on 2026-01-10 (night, 00:10): The complainant received messages threatening to circulate private material online unless Rs. 25,000 was paid. The complaint refers to Murugan Babu, a person who arranged the contact, reachable on 9000000070. The complainant alleged that Rajesh Karuppasamy may be involved and provided the mobile number 9000000318. No supporting material was reported at the time of registration. Records suggest a possible link with FIR-2026-00131, as the mobile number 9000000318 is associated with a suspect in both entries.",Extortion,Digital Blackmail,Online,16-01-2026,10-01-2026,00:10,Night,Roja Nagar Residential Colony,Thoothukudi,Tamil Nadu,Thoothukudi Port PS,Kishore Chandran,9000000159,Kishore Chandran,9000000159,Rajesh Karuppasamy,9000000318,Murugan Babu,9000000070,NULL,None,NULL,None reported,Unknown,NULL,Suspect allegedly used online messages to demand money.,Pending Verification,IO-TUT-003,FIR-2026-00131,Preliminary Report,"blackmail, online threat, suspect, night, residential colony, associate, mobile number"
FIR-2026-00317,Vandalism Complaint,"According to the complaint registered on 2026-01-17, the main gate of the complainant near Amudham Layout Residential Colony in Salem was defaced and partly broken. The incident is stated to have occurred on 2026-01-14 at approximately 21:55. The complainant could not identify the person involved. Potentially relevant material referenced includes CCTV footage.",Property Crime,Vandalism,Written,17-01-2026,14-01-2026,21:55,Night,Amudham Layout Residential Colony,Salem,Tamil Nadu,Salem East PS,Durga Bai,9000000388,Durga Bai,9000000388,Unknown,NULL,NULL,NULL,NULL,None,NULL,CCTV footage,Unknown,NULL,Property reportedly defaced late at night.,Pending Verification,IO-SLM-003,NULL,FIR,"vandalism, property damage, residential colony, CCTV, night"
FIR-2026-00318,Property Theft Report,"On 2026-01-17 at about 21:15, it was reported that cash kept in a drawer valued at around Rs. 25,000 was found missing from a premises near Senthil Garden Main Street. Latha Ammal approached Salem West PS to report the matter and can be reached on 9000000347. A witness, Rajesh Rajan, reachable on 9000000302, was mentioned in the complaint. Dharani Selvam (mobile 9000000038) was named as a possible person of interest. Potentially relevant material referenced includes CCTV footage. Records suggest a possible link with FIR-2026-00315, as the mobile number 9000000038 is associated with a suspect in both entries.",Theft,Property Theft,Written,17-01-2026,17-01-2026,21:15,Night,Senthil Garden Main Street,Salem,Tamil Nadu,Salem West PS,Latha Ammal,9000000347,Latha Ammal,9000000347,Dharani Selvam,9000000038,NULL,NULL,NULL,None,NULL,CCTV footage,Rajesh Rajan,9000000302,Reported theft occurred while the residents were away for a few hours.,Under Investigation,IO-SLM-005,FIR-2026-00315,FIR,"property theft, valuables, CCTV, night, main street, witness, mobile number, suspect"
FIR-2026-00319,Threat Complaint,"A written complaint dated 2026-01-18 states that a caller allegedly threatened the complainant with harm over a minor road collision, on 2026-01-18 at approximately 19:15. The complaint was lodged by Tamilarasan Palanisamy (9000000023). A witness, Kishore Selvam, reachable on 9000000323, was mentioned in the complaint. Suspicion was reportedly directed towards Madhan Palanisamy, using the number 9000000295. Potentially relevant material referenced includes a call detail reference.",Threat,Threatening Call,Written,18-01-2026,18-01-2026,19:15,Evening,Nallur Garden Residential Colony,Coimbatore,Tamil Nadu,Coimbatore North PS,Tamilarasan Palanisamy,9000000023,Tamilarasan Palanisamy,9000000023,Madhan Palanisamy,9000000295,NULL,NULL,NULL,None,NULL,Call detail reference,Kishore Selvam,9000000323,Threatening calls reportedly received at odd hours.,Under Investigation,IO-CBE-001,NULL,FIR,"threat, phone calls, mobile number, suspect, witness, evening, call detail, residential colony"
FIR-2026-00320,Shop Robbery Complaint,"The reported incident took place on 2026-01-19 (morning, 11:10): The owner of Ezhil Cycle Mart reported that cash of around Rs. 50,000 was taken under threat at Mynthan Colony Main Street. The complainant is associated with the business Ezhil Cycle Mart. The identity of the person involved remains unknown at this stage. A further person, Udhay Muthu, a person who arranged the contact, using the number 9000000352, is stated to be associated with the incident. A motorcycle bearing the number TN-01-XX-1093 was seen leaving the area. The complainant mentioned CCTV footage.",Robbery,Shop Robbery,Written,19-01-2026,19-01-2026,11:10,Morning,Mynthan Colony Main Street,Erode,Tamil Nadu,Erode North PS,Tamilarasan Karuppasamy,9000000425,Tamilarasan Karuppasamy,9000000425,Unknown,NULL,Udhay Muthu,9000000352,TN-01-XX-1093,Motorcycle,NULL,CCTV footage,Unknown,NULL,Cash reportedly taken from the counter after staff were intimidated.,Under Investigation,IO-ERD-004,NULL,Complaint,"shop robbery, cash, morning, motorcycle, main street, associate, CCTV"
FIR-2026-00321,Street Altercation Report,"On 2026-01-20 around 12:10 hrs, it was reported that Rakesh Krishnan was allegedly pushed and struck during a street argument at Anbu Colony Highway Junction in Karur. The complaint was lodged by Bharath Prakash (9000000118) on behalf of Rakesh Krishnan, whose contact number is given as 9000000381. The complaint mentions Eswari Raj, who was reportedly contacted on 9000000433, in connection with the events. No independent witness was identified at the time of registration. Items referenced in the complaint: photographs.",Assault,Street Altercation,Written,20-01-2026,20-01-2026,12:10,Afternoon,Anbu Colony Highway Junction,Karur,Tamil Nadu,Karur East PS,Bharath Prakash,9000000118,Rakesh Krishnan,9000000381,Eswari Raj,9000000433,NULL,NULL,NULL,None,NULL,Photograph,Unknown,NULL,Suspect allegedly pushed the victim during a street argument.,Under Investigation,IO-KRR-003,NULL,FIR,"altercation, street dispute, suspect, photograph, afternoon, highway junction, mobile number"
FIR-2026-00322,Vehicle Theft Complaint,"During the night of 2026-01-21, around 02:40, the complainant reported that a white auto bearing registration number TN-33-XX-1066 was missing from the stand near Tamarai Garden Parking Area in Coimbatore, according to the complaint recorded on 2026-01-21. The complaint was lodged by Meena Ammal (9000000431). Abirami Sekar (9000000186) was mentioned as a person who was present nearby. The complainant alleged that Arun Babu may be involved and provided the mobile number 9000000379. Potentially relevant material referenced includes a witness statement.",Vehicle Theft,Auto Theft,Oral,21-01-2026,21-01-2026,02:40,Night,Tamarai Garden Parking Area,Coimbatore,Tamil Nadu,Coimbatore Town PS,Meena Ammal,9000000431,Meena Ammal,9000000431,Arun Babu,9000000379,NULL,NULL,TN-33-XX-1066,Auto,NULL,Witness statement,Abirami Sekar,9000000186,Auto reportedly taken from an unattended stand during the night.,Under Investigation,IO-CBE-005,NULL,FIR,"auto theft, vehicle, mobile number, auto, parking area, witness statement, suspect, witness"
FIR-2026-00323,Shop Stock Theft Report,"During the evening of 2026-01-21, around 20:40, an unidentified customer allegedly took hardware goods worth Rs. 3,50,000 from Sri Vel Hardware near Kadal Nagar Bus Stand Area in Coimbatore, according to the complaint recorded on 2026-01-21. Jeeva Krishnan submitted the complaint online using the mobile number 9000000414. The complainant is associated with the business Sri Vel Hardware. Ramesh Pandian (9000000469) noticed the incident and may be able to provide a statement. The complainant alleged that Madhan Murugan may be involved and provided the mobile number 9000000216. The complaint refers to Venkat Palanisamy, an intermediary, reachable on 9000000134. Potentially relevant material referenced includes a witness statement and CCTV footage. Records suggest a possible link with FIR-2026-00291, as the mobile number 9000000216 is associated with a suspect in both entries.",Theft,Shop Theft,Online,21-01-2026,21-01-2026,20:40,Evening,Kadal Nagar Bus Stand Area,Coimbatore,Tamil Nadu,Coimbatore South PS,Jeeva Krishnan,9000000414,Jeeva Krishnan,9000000414,Madhan Murugan,9000000216,Venkat Palanisamy,9000000134,NULL,None,NULL,Witness statement; CCTV footage,Ramesh Pandian,9000000469,Suspect allegedly posed as a customer and took items while staff were attending to others.,Under Investigation,IO-CBE-004,FIR-2026-00291,Complaint,"shop theft, stock, CCTV, witness statement, suspect, bus stand, associate, witness"
FIR-2026-00324,Two-Wheeler Theft Report,"As per the FIR recorded on 2026-01-21, the complainant left a maroon scooter bearing registration number TN-72-YY-1067 near Tamarai Garden Parking Area and could not find it later. The time of the incident was given as 05:15 on 2026-01-21. Contact details given by the complainant, Harish Subramani, include the number 9000000398. A witness, Abirami Sekar, reachable on 9000000186, was mentioned in the complaint. Arun Babu (mobile 9000000379) was named as a possible person of interest. No supporting material was reported at the time of registration. Records suggest a possible link with FIR-2026-00243, as the mobile number 9000000379 is associated with a suspect in both entries.",Vehicle Theft,Scooter Theft,Written,21-01-2026,21-01-2026,05:15,Early Morning,Tamarai Garden Parking Area,Coimbatore,Tamil Nadu,Coimbatore Town PS,Harish Subramani,9000000398,Harish Subramani,9000000398,Arun Babu,9000000379,NULL,NULL,TN-72-YY-1067,Scooter,NULL,None reported,Abirami Sekar,9000000186,Vehicle allegedly taken after the handle lock was forced.,Under Investigation,IO-CBE-005,FIR-2026-00243,FIR,"scooter theft, vehicle, suspect, early morning, mobile number, witness, scooter, parking area"
FIR-2026-00325,Forged Signature Complaint,"As per the complaint recorded on 2026-01-22, a cheque bearing a forged signature of the complainant for Rs. 8,00,000 was presented near Amudham Park Railway Station Road in Thoothukudi. The time of the incident was given as 13:35 on 2025-12-30. The complainant, Uma Raj, provided the contact number 9000000089. Murugan Babu (9000000070), described as a relative of the suspect, was also mentioned in the complaint. A person named Rajesh Karuppasamy, associated with the number 9000000318, was mentioned as potentially relevant to the incident. The complainant mentioned physical documents.",Forgery,Forged Signature,Written,22-01-2026,30-12-2025,13:35,Afternoon,Amudham Park Railway Station Road,Thoothukudi,Tamil Nadu,Thoothukudi Town PS,Uma Raj,9000000089,Uma Raj,9000000089,Rajesh Karuppasamy,9000000318,Murugan Babu,9000000070,NULL,None,NULL,Physical document,Unknown,NULL,Forged signature reportedly used to obtain payment.,Under Investigation,IO-TUT-002,NULL,Complaint,"forgery, forged signature, suspect, mobile number, railway station road, associate, afternoon, documents"
FIR-2026-00326,Loan Fraud Complaint,"A written complaint dated 2026-01-23 states that the complainant paid Rs. 4,50,000 as a processing fee for a promised loan that was never disbursed, on 2026-01-22 at roughly 15:25. The complaint was lodged by Chithra Devi (9000000176). The complaint refers to Dinesh Balan, an intermediary, reachable on 9000000363. The complainant mentioned the account SYN-ACC-100033 as the destination of the transfer. Mathan Velan (mobile 9000000147) was named as a possible person of interest. A witness, Abirami Sri, reachable on 9000000096, was mentioned in the complaint. The complainant mentioned physical documents. Records suggest a possible link with FIR-2026-00174, as the mobile number 9000000147 is associated with a suspect in both entries.",Financial Fraud,Loan Fraud,Written,23-01-2026,22-01-2026,15:25,Afternoon,Roja Nagar Residential Colony,Thoothukudi,Tamil Nadu,Thoothukudi Port PS,Chithra Devi,9000000176,Chithra Devi,9000000176,Mathan Velan,9000000147,Dinesh Balan,9000000363,NULL,None,SYN-ACC-100033,Physical document,Abirami Sri,9000000096,Agent reportedly claimed a guaranteed approval and became unreachable.,Pending Verification,IO-TUT-003,FIR-2026-00174,FIR,"loan fraud, processing fee, receiving account, afternoon, associate, suspect, witness, documents"
FIR-2026-00327,Cyber Fraud Complaint,"On 2026-01-26 at approximately 18:30, it was reported that a caller claiming to be a bank executive asked the complainant to install a support application, after which Rs. 12,000 was withdrawn. Naveen Natarajan approached Vellore Town PS to report the matter and can be reached on 9000000057. A witness, Elango Krishnan, reachable on 9000000081, was mentioned in the complaint. The complainant alleged that Logesh Karuppasamy may be involved and provided the mobile number 9000000198. The complainant mentioned the account SYN-ACC-100020 as the destination of the transfer. The complainant mentioned social media screenshots.",Cybercrime,Phishing,Written,26-01-2026,26-01-2026,18:30,Evening,Alli Colony College Road,Vellore,Tamil Nadu,Vellore Town PS,Naveen Natarajan,9000000057,Naveen Natarajan,9000000057,Logesh Karuppasamy,9000000198,NULL,NULL,NULL,None,SYN-ACC-100020,Social media screenshot,Elango Krishnan,9000000081,Caller allegedly posed as a bank executive and asked for remote access.,Pending Verification,IO-VLR-002,NULL,Complaint,"phishing, suspicious link, college road, suspect, screenshot, evening, receiving account, mobile number"
FIR-2026-00328,Group Assault Complaint,"As per the FIR recorded on 2026-01-27, Bharathi Raman was allegedly surrounded and attacked by several persons near Arasu Nagar Residential Colony in Madurai after a dispute over a boundary issue. The time of the incident was given as 23:50 on 2026-01-27. Vasanth Chandran (9000000408) was mentioned as a person who was present nearby. Suspicion was reportedly directed towards Kannan Shankar, using the number 9000000415.",Assault,Group Assault,Oral,27-01-2026,27-01-2026,23:50,Night,Arasu Nagar Residential Colony,Madurai,Tamil Nadu,Madurai South PS,Ezhilan Sundaram,9000000162,Bharathi Raman,9000000104,Kannan Shankar,9000000415,NULL,NULL,NULL,None,NULL,Witness statement; Physical document,Vasanth Chandran,9000000408,Group allegedly confronted the victim following an earlier dispute.,Pending Verification,IO-MDU-006,NULL,FIR,"group assault, injury, night, mobile number, witness statement, witness, residential colony, documents"
FIR-2026-00329,Missing Elderly Person Report,"The reported incident took place on 2026-01-31 (afternoon, 16:35): Arun Prakash, aged 70, was reported missing after leaving for a bank visit; the last sighting was near Amudham Garden Market Road. The complaint was lodged by Deepak Gopal (9000000484), a family member of Arun Prakash, whose last active mobile number is noted as 9000000194. A witness, Siva Sekar, reachable on 9000000284, was mentioned in the complaint. The complaint refers to another person whose identity could not be established. The family mentioned that Chandran Subramani (9000000064) was last known to be in contact with the missing person. Potentially relevant material referenced includes CCTV footage and photographs. Records suggest a possible link with FIR-2026-00263, as the mobile number 9000000064 is associated with a suspect in both entries.",Missing Person,Missing Elderly Person,Online,31-01-2026,31-01-2026,16:35,Afternoon,Amudham Garden Market Road,Salem,Tamil Nadu,Salem East PS,Deepak Gopal,9000000484,Arun Prakash,9000000194,Chandran Subramani,9000000064,Unknown,NULL,NULL,None,NULL,CCTV footage; Photograph,Siva Sekar,9000000284,Elderly person reportedly left home alone and did not return.,Open,IO-SLM-004,FIR-2026-00263,FIR,"missing person, elderly, mobile number, CCTV, photograph, suspect, afternoon, market road"
FIR-2026-00330,Highway Robbery Complaint,"The reported incident took place on 2026-02-03 (night, 22:45): The complainant was stopped on a stretch near Arasu Garden ATM Area in Palakkad by a few persons and a wristwatch was taken. Contact details given by the complainant, Inban Palanisamy, include the number 9000000342. Suspicion was reportedly directed towards Madhan Murugan, using the number 9000000216. Potentially relevant material referenced includes CCTV footage.",Robbery,Highway Robbery,Written,03-02-2026,03-02-2026,22:45,Night,Arasu Garden ATM Area,Palakkad,Kerala,Palakkad Town PS,Inban Palanisamy,9000000342,Inban Palanisamy,9000000342,Madhan Murugan,9000000216,NULL,NULL,NULL,None,NULL,CCTV footage,Unknown,NULL,Suspects reportedly followed the victim before stopping the vehicle.,Open,IO-PKD-001,NULL,Complaint,"highway robbery, roadside, night, CCTV, suspect, ATM area, mobile number"
FIR-2026-00331,Chain Snatching Complaint,"It was alleged that a gold chain weighing about 3 sovereigns was snatched from the complainant near Amudham Garden Market Road in Salem. The matter was brought to Salem East PS on 2026-02-04, while the incident was placed on 2026-02-04 at about 06:00. Bharathi Ammal submitted the complaint online using the mobile number 9000000228. The complaint refers to Jeeva Muthu, a friend of the suspect, reachable on 9000000124. A maroon motorcycle with registration TN-47-ZZ-1038 was observed near Amudham Garden Market Road. The complainant alleged that Praveen Sekar may be involved and provided the mobile number 9000000221. Ramya Bai (9000000232) was mentioned as a person who was present nearby.",Chain Snatching,Gold Chain Snatching,Online,04-02-2026,04-02-2026,06:00,Early Morning,Amudham Garden Market Road,Salem,Tamil Nadu,Salem East PS,Bharathi Ammal,9000000228,Bharathi Ammal,9000000228,Praveen Sekar,9000000221,Jeeva Muthu,9000000124,TN-47-ZZ-1038,Motorcycle,NULL,Witness statement; Vehicle observation,Ramya Bai,9000000232,Suspect reportedly grabbed the chain and fled the spot quickly.,Under Investigation,IO-SLM-004,NULL,Complaint,"chain snatching, gold chain, market road, witness, vehicle observation, early morning, mobile number, associate"
FIR-2026-00332,Loan Fraud Complaint,"On 2026-02-05 at roughly 13:05, it was reported that the complainant paid Rs. 75,000 as a processing fee for a promised loan that was never disbursed. Kishore Murugan approached Thoothukudi Port PS to report the matter and can be reached on 9000000326. The complaint refers to Murugan Babu, a person who arranged the contact, reachable on 9000000070. The account reference SYN-ACC-100032 was noted in connection with the payment. The complaint mentions Mathan Velan, who was reportedly contacted on 9000000147, in connection with the events. Items referenced in the complaint: mobile phone records.",Financial Fraud,Loan Fraud,Oral,07-02-2026,05-02-2026,13:05,Afternoon,Roja Nagar Residential Colony,Thoothukudi,Tamil Nadu,Thoothukudi Port PS,Kishore Murugan,9000000326,Kishore Murugan,9000000326,Mathan Velan,9000000147,Murugan Babu,9000000070,NULL,None,SYN-ACC-100032,Mobile phone record,Unknown,NULL,Agent reportedly claimed a guaranteed approval and became unreachable.,Closed,IO-TUT-004,NULL,FIR,"loan fraud, processing fee, residential colony, mobile number, associate, suspect, afternoon, receiving account"
FIR-2026-00333,Missing Person Report,"As per the preliminary report recorded on 2026-02-07, the spouse of the complainant, Chithra Ammal, aged 22, left for work and did not return; the last known location was near Iniyan Puram College Road. The time of the incident was given as 10:20 on 2026-02-07. The complainant could not identify the person involved. Vignesh Balan (9000000105), described as a relative of the suspect, was also mentioned in the complaint. Potentially relevant material referenced includes photographs. The mobile number 9000000105 appears in FIR-2026-00195 in a different capacity and may be relevant to this matter.",Missing Person,Missing Adult,Oral,07-02-2026,07-02-2026,10:20,Morning,Iniyan Puram College Road,Coimbatore,Tamil Nadu,Coimbatore Town PS,Lavanya Ammal,9000000175,Chithra Ammal,NULL,Unknown,NULL,Vignesh Balan,9000000105,NULL,None,NULL,Photograph,Unknown,NULL,Mobile phone reportedly switched off after the last known call.,Pending Verification,IO-CBE-006,FIR-2026-00195,Preliminary Report,"missing person, adult, photograph, associate, morning, college road"
FIR-2026-00334,Phishing Complaint,"According to the complaint registered on 2026-02-09, a caller claiming to be a bank executive asked the complainant to install a support application, after which Rs. 96,000 was withdrawn. The incident is stated to have occurred on 2026-02-09 around 08:15 hrs. The online submission was made by Madhan Rajan (9000000143). Tamilarasan Velan (9000000281) noticed the incident and may be able to provide a statement. Prakash Muthu (mobile 9000000312) was named as a possible person of interest. Funds were reportedly sent to the account reference SYN-ACC-100020. Siva Muthu (9000000256), described as an intermediary, was also mentioned in the complaint.",Cybercrime,Phishing,Online,09-02-2026,09-02-2026,08:15,Morning,Alli Colony College Road,Vellore,Tamil Nadu,Vellore Town PS,Madhan Rajan,9000000143,Madhan Rajan,9000000143,Prakash Muthu,9000000312,Siva Muthu,9000000256,NULL,None,SYN-ACC-100020,Digital document,Tamilarasan Velan,9000000281,Caller allegedly posed as a bank executive and asked for remote access.,Pending Verification,IO-VLR-001,NULL,Preliminary Report,"phishing, suspicious link, receiving account, morning, college road, associate, suspect, mobile number"
FIR-2026-00335,Scooter Theft Complaint,"According to the complaint registered on 2026-02-09, the complainant left a blue scooter bearing registration number TN-01-ZZ-1068 near Mullai Colony Shopping Complex and could not find it later. The incident is stated to have occurred on 2026-02-09 at roughly 03:35. The complainant, Ramya Bai, provided the contact number 9000000232. The complainant alleged that Madhan Murugan may be involved and provided the mobile number 9000000216. A witness, Kishore Selvam, reachable on 9000000323, was mentioned in the complaint. Items referenced in the complaint: photographs. Records suggest a possible link with FIR-2026-00323, as the mobile number 9000000216 is associated with a suspect in both entries.",Vehicle Theft,Scooter Theft,Written,09-02-2026,09-02-2026,03:35,Night,Mullai Colony Shopping Complex,Coimbatore,Tamil Nadu,Coimbatore South PS,Ramya Bai,9000000232,Ramya Bai,9000000232,Madhan Murugan,9000000216,NULL,NULL,TN-01-ZZ-1068,Scooter,NULL,Photograph,Kishore Selvam,9000000323,Vehicle allegedly taken after the handle lock was forced.,Pending Verification,IO-CBE-003,FIR-2026-00323,FIR,"scooter theft, vehicle, suspect, mobile number, photograph, shopping complex, scooter, night"
FIR-2026-00336,Two-Wheeler Chain Snatching Report,"A oral complaint dated 2026-02-10 states that a gold chain weighing about 6 sovereigns was snatched from the complainant near Mynthan Colony Main Street in Erode by a person riding a maroon motorcycle bearing registration number TN-47-ZZ-1038, on 2026-02-10 around 07:05 hrs. The complaint was lodged by Revathi Bai (9000000313). Pandian Balan (9000000285) noticed the incident and may be able to provide a statement. Vignesh Babu (9000000271), described as a neighbour, was also mentioned in the complaint. The complaint mentions Thirumal Velan, who was reportedly contacted on 9000000384, in connection with the events. Potentially relevant material referenced includes a witness statement and a vehicle observation.",Chain Snatching,Two-Wheeler Chain Snatching,Oral,10-02-2026,10-02-2026,07:05,Morning,Mynthan Colony Main Street,Erode,Tamil Nadu,Erode North PS,Revathi Bai,9000000313,Revathi Bai,9000000313,Thirumal Velan,9000000384,Vignesh Babu,9000000271,TN-47-ZZ-1038,Motorcycle,NULL,Witness statement; Vehicle observation,Pandian Balan,9000000285,Suspect allegedly snatched the chain from a passing two-wheeler.,Closed,IO-ERD-004,NULL,FIR,"chain snatching, two-wheeler, associate, motorcycle, morning, main street, vehicle observation, witness"
FIR-2026-00337,Bank Phishing Link Complaint,"According to the complaint registered on 2026-02-12, the complainant received an SMS with a link resembling a bank notification; after entering card details on the page, Rs. 32,000 was debited. The incident is stated to have occurred on 2026-02-12 at roughly 00:30. The complainant, Babu Selvam, provided the contact number 9000000442. No identifying details of the suspected person were available at the time of registration. Chandran Krishnan (9000000031) noticed the incident and may be able to provide a statement. The account reference SYN-ACC-100087 was noted in connection with the payment. A further person, Vasanth Gopal, a friend of the suspect, using the number 9000000245, is stated to be associated with the incident. Items referenced in the complaint: a bank transaction reference, social media screenshots and transaction records.",Cybercrime,Phishing,Written,12-02-2026,12-02-2026,00:30,Night,Iniyan Puram College Road,Coimbatore,Tamil Nadu,Coimbatore Town PS,Babu Selvam,9000000442,Babu Selvam,9000000442,Unknown,NULL,Vasanth Gopal,9000000245,NULL,None,SYN-ACC-100087,Bank transaction reference; Social media screenshot; Transaction record,Chandran Krishnan,9000000031,Victim reported receiving a suspicious link that imitated a bank notification.,Open,IO-CBE-006,NULL,FIR,"phishing, suspicious link, screenshot, associate, witness, college road, bank reference, night"
FIR-2026-00338,Trespass Report,"On 2026-02-12 at approximately 00:40, it was reported that unknown persons entered the property of the complainant near Amudham Layout Residential Colony without permission and refused to leave. The online submission was made by Madhan Nathan (9000000337). Jagan Velan (9000000339), described as a person who arranged the contact, was also mentioned in the complaint. Tamilarasan Muthu (mobile 9000000260) was named as a possible person of interest. No independent witness was identified at the time of registration. A van bearing the number TN-33-XX-1030 was seen leaving the area. Potentially relevant material referenced includes photographs and CCTV footage. Records suggest a possible link with FIR-2026-00301, as the mobile number 9000000260 is associated with a suspect in both entries.",Trespassing,Property Trespass,Online,12-02-2026,12-02-2026,00:40,Night,Amudham Layout Residential Colony,Salem,Tamil Nadu,Salem East PS,Madhan Nathan,9000000337,Madhan Nathan,9000000337,Tamilarasan Muthu,9000000260,Jagan Velan,9000000339,TN-33-XX-1030,Van,NULL,Photograph; CCTV footage,Unknown,NULL,Unauthorised entry reportedly noticed after the premises were locked.,Open,IO-SLM-003,FIR-2026-00301,Complaint,"trespass, unauthorised entry, suspect, night, associate, residential colony, CCTV, mobile number"
FIR-2026-00339,Two-Wheeler Theft Report,"During the morning of 2026-02-14, around 08:00, a green scooter bearing registration number TN-38-XX-1069 of the complainant was reported missing from Mullai Colony Shopping Complex, according to the complaint recorded on 2026-02-14. The complaint was lodged by Manoj Sekar (9000000489). A person named Madhan Murugan, associated with the number 9000000216, was mentioned as potentially relevant to the incident. Siva Selvam (9000000440), described as a co-worker, was also mentioned in the complaint. The complainant mentioned CCTV footage.",Vehicle Theft,Scooter Theft,Written,14-02-2026,14-02-2026,08:00,Morning,Mullai Colony Shopping Complex,Coimbatore,Tamil Nadu,Coimbatore South PS,Manoj Sekar,9000000489,Manoj Sekar,9000000489,Madhan Murugan,9000000216,Siva Selvam,9000000440,TN-38-XX-1069,Scooter,NULL,CCTV footage,Unknown,NULL,Vehicle allegedly taken after the handle lock was forced.,Under Investigation,IO-CBE-003,NULL,FIR,"scooter theft, vehicle, suspect, mobile number, shopping complex, morning, CCTV, scooter"
FIR-2026-00340,Gold Chain Snatching Report,"It was alleged that the complainant lost a gold chain of about 6 sovereigns to a person who grabbed it near Kadal Nagar Bus Stand Area in Coimbatore and ran. The matter was brought to Coimbatore South PS on 2026-02-14, while the incident was placed on 2026-02-14 around 14:40 hrs. The complaint was lodged by Malathi Murugan (9000000027). No independent witness was identified at the time of registration. The complaint mentions Madhan Murugan, who was reportedly contacted on 9000000216, in connection with the events. A further person, Karthik Rajan, a business acquaintance, using the number 9000000091, is stated to be associated with the incident. The complainant mentioned CCTV footage and photographs. Records suggest a possible link with FIR-2026-00339, as the mobile number 9000000216 is associated with a suspect in both entries.",Chain Snatching,Gold Chain Snatching,Written,14-02-2026,14-02-2026,14:40,Afternoon,Kadal Nagar Bus Stand Area,Coimbatore,Tamil Nadu,Coimbatore South PS,Malathi Murugan,9000000027,Malathi Murugan,9000000027,Madhan Murugan,9000000216,Karthik Rajan,9000000091,NULL,None,NULL,CCTV footage; Photograph,Unknown,NULL,Chain allegedly snatched from behind while the victim was walking.,Pending Verification,IO-CBE-004,FIR-2026-00339,FIR,"chain snatching, gold chain, mobile number, photograph, afternoon, associate, suspect, CCTV"
FIR-2026-00341,Card Gambling Complaint,"As per the complaint recorded on 2026-02-16, residents reported that a group gathered daily near Kalai Park Main Street in Thanjavur to play cards for money, causing disturbances. The time of the incident was given as 22:05 on 2026-02-16. Malathi Bai submitted the complaint online using the mobile number 9000000495. A witness, Meena Sekar, reachable on 9000000196, was mentioned in the complaint. The complaint refers to another person whose identity could not be established. A yellow motorcycle with registration TN-33-YY-1094 was observed near Kalai Park Main Street. The complainant alleged that Karthik Rajan may be involved and provided the mobile number 9000000091. Items referenced in the complaint: CCTV footage and photographs.",Illegal Gambling,Gambling Den Report,Online,16-02-2026,16-02-2026,22:05,Night,Kalai Park Main Street,Thanjavur,Tamil Nadu,Thanjavur East PS,Malathi Bai,9000000495,Malathi Bai,9000000495,Karthik Rajan,9000000091,Unknown,NULL,TN-33-YY-1094,Motorcycle,NULL,CCTV footage; Photograph,Meena Sekar,9000000196,Organised card game reportedly run late at night.,Under Investigation,IO-TNJ-003,NULL,Complaint,"illegal gambling, card game, CCTV, motorcycle, photograph, witness, night, main street"
FIR-2026-00342,Highway Robbery Complaint,"During the night of 2026-02-17, around 21:55, a transport worker was allegedly waylaid near Vetri Layout Industrial Area and cash of about Rs. 25,000 was taken from the complainant, according to the complaint recorded on 2026-02-17. Arjun Pandian reported the matter orally at Coimbatore North PS; the contact number given was 9000000330. A motorcycle bearing the number TN-38-XX-1024 was seen leaving the area. Karthik Rajan (9000000091), described as a co-worker, was also mentioned in the complaint. The complaint mentions Madhan Murugan, who was reportedly contacted on 9000000216, in connection with the events. A witness, Vignesh Balan, reachable on 9000000105, was mentioned in the complaint. Items referenced in the complaint: CCTV footage.",Robbery,Highway Robbery,Oral,17-02-2026,17-02-2026,21:55,Night,Vetri Layout Industrial Area,Coimbatore,Tamil Nadu,Coimbatore North PS,Arjun Pandian,9000000330,Arjun Pandian,9000000330,Madhan Murugan,9000000216,Karthik Rajan,9000000091,TN-38-XX-1024,Motorcycle,NULL,CCTV footage,Vignesh Balan,9000000105,Suspects reportedly followed the victim before stopping the vehicle. A motorcycle was reportedly used to leave the area.,Pending Verification,IO-CBE-002,NULL,FIR,"highway robbery, roadside, mobile number, night, suspect, industrial area, motorcycle, witness"
FIR-2026-00343,Motorcycle Theft Report,"According to the complaint registered on 2026-02-20, the complainant parked a silver motorcycle bearing registration number TN-28-YY-1070 at Vetri Layout Industrial Area in Coimbatore and found it missing on return. The incident is stated to have occurred on 2026-02-18 around 04:35 hrs. The complaint refers to Venkat Palanisamy, an intermediary, reachable on 9000000134. The identity of the person involved remains unknown at this stage. Potentially relevant material referenced includes a vehicle observation.",Vehicle Theft,Motorcycle Theft,Oral,20-02-2026,18-02-2026,04:35,Early Morning,Vetri Layout Industrial Area,Coimbatore,Tamil Nadu,Coimbatore North PS,Anitha Raj,9000000399,Anitha Raj,9000000399,Unknown,NULL,Venkat Palanisamy,9000000134,TN-28-YY-1070,Motorcycle,NULL,Vehicle observation,Unknown,NULL,Motorcycle allegedly driven away after the lock was forced.,Under Investigation,IO-CBE-002,NULL,FIR,"motorcycle theft, vehicle, early morning, associate, industrial area, vehicle observation, motorcycle"
FIR-2026-00344,Auto Rickshaw Theft Complaint,"According to the complaint registered on 2026-02-21, a silver auto bearing registration number TN-68-XX-1045 used by the complainant for daily work was taken from Vaigai Park Parking Area in Chennai. The incident is stated to have occurred on 2026-02-18 around 23:50 hrs. The complainant, Dharani Prakash, provided the contact number 9000000213. The complaint mentions Sanjay Anand, who was reportedly contacted on 9000000477, in connection with the events. The complaint refers to Revathi Raman, a person who arranged the contact, reachable on 9000000145. Items referenced in the complaint: physical documents.",Vehicle Theft,Auto Theft,Written,21-02-2026,18-02-2026,23:50,Night,Vaigai Park Parking Area,Chennai,Tamil Nadu,Chennai South PS,Dharani Prakash,9000000213,Dharani Prakash,9000000213,Sanjay Anand,9000000477,Revathi Raman,9000000145,TN-68-XX-1045,Auto,NULL,Physical document,Unknown,NULL,Auto reportedly taken from an unattended stand during the night.,Closed,IO-CHN-006,NULL,FIR,"auto theft, vehicle, associate, parking area, mobile number, documents, auto, night"
FIR-2026-00345,Shop Stock Theft Report,"The reported incident took place on 2026-02-22 (afternoon, 16:50): An unidentified customer allegedly took stationery items worth Rs. 25,000 from Ponni Medicals near Nila Garden Bus Stand Area. The complainant is associated with the business Ponni Medicals. No independent witness was identified at the time of registration. A blue scooter with registration TN-33-YY-1007 was observed near Nila Garden Bus Stand Area. Suspicion was reportedly directed towards Thirumal Velan, using the number 9000000384. Items referenced in the complaint: CCTV footage.",Theft,Shop Theft,Written,22-02-2026,22-02-2026,16:50,Afternoon,Nila Garden Bus Stand Area,Erode,Tamil Nadu,Erode Central PS,Arjun Pandian,9000000330,Arjun Pandian,9000000330,Thirumal Velan,9000000384,NULL,NULL,TN-33-YY-1007,Scooter,NULL,CCTV footage,Unknown,NULL,Missing stock noticed at closing time and a review of shop CCTV was requested.,Closed,IO-ERD-002,NULL,Complaint,"shop theft, stock, suspect, mobile number, bus stand, CCTV, scooter, afternoon"
FIR-2026-00346,Loan App Harassment Complaint,"On 2026-02-22 around 10:35 hrs, it was reported that the complainant reported threatening messages from a loan recovery number regarding Rs. 50,000. A person named Eswari Raj, associated with the number 9000000433, was mentioned as potentially relevant to the incident. Items referenced in the complaint: digital documents and mobile phone records. Records suggest a possible link with FIR-2026-00321, as the mobile number 9000000433 is associated with a suspect in both entries.",Harassment,Loan Recovery Harassment,Written,22-02-2026,22-02-2026,10:35,Morning,Vennila Park Shopping Complex,Tirunelveli,Tamil Nadu,Tirunelveli Town PS,Inban Pandian,9000000385,Inban Pandian,9000000385,Eswari Raj,9000000433,NULL,NULL,NULL,None,NULL,Digital document; Mobile phone record,Unknown,NULL,Recovery agents allegedly sent abusive messages to the borrower and contacts.,Pending Verification,IO-TVL-001,FIR-2026-00321,Preliminary Report,"loan app, harassment, suspect, digital document, shopping complex, morning, phone records, mobile number"
FIR-2026-00347,Smartphone Theft Complaint,"On 2026-02-23 at roughly 06:15, it was reported that a black smartphone was allegedly snatched from the hand of the complainant at Nila Nagar Bus Stand Area in Chennai by a person who left quickly. A further person, Venkat Palanisamy, an intermediary, using the number 9000000134, is stated to be associated with the incident. A witness, Kishore Muthu, reachable on 9000000320, was mentioned in the complaint. A person named Bharath Balan, associated with the number 9000000047, was mentioned as potentially relevant to the incident.",Theft,Mobile Theft,Written,24-02-2026,23-02-2026,06:15,Early Morning,Nila Nagar Bus Stand Area,Chennai,Tamil Nadu,Chennai North PS,Sangeetha Sri,9000000007,Sangeetha Sri,9000000007,Bharath Balan,9000000047,Venkat Palanisamy,9000000134,NULL,None,NULL,Photograph; Mobile phone record; Call detail reference,Kishore Muthu,9000000320,Handset reportedly snatched while the victim was using it near the roadside.,Under Investigation,IO-CHN-003,NULL,FIR,"mobile theft, smartphone, photograph, witness, phone records, associate, early morning, mobile number"
FIR-2026-00348,Missing Student Report,"According to the complaint registered on 2026-02-25, Arun Raj, aged 20, a college student, did not return after leaving for a bank visit; last known location was near Kadal Nagar Bus Stand Area. The incident is stated to have occurred on 2026-02-24 around 23:10 hrs. The complaint was lodged by Vasanth Raman (9000000051), a family member of Arun Raj, whose last active mobile number is noted as 9000000455. The complainant could not identify the person involved. The complainant noted the registration number TN-47-ZZ-1038 of a maroon motorcycle. The complaint refers to Babu Balan, a person who arranged the contact, reachable on 9000000231. The complainant mentioned CCTV footage. This matter may be connected to FIR-2026-00336, where the same vehicle registration TN-47-ZZ-1038 was also mentioned.",Missing Person,Missing Student,Written,25-02-2026,24-02-2026,23:10,Night,Kadal Nagar Bus Stand Area,Coimbatore,Tamil Nadu,Coimbatore South PS,Vasanth Raman,9000000051,Arun Raj,9000000455,Unknown,NULL,Babu Balan,9000000231,TN-47-ZZ-1038,Motorcycle,NULL,CCTV footage,Unknown,NULL,Student reportedly left for college and could not be contacted afterwards. A motorcycle was reportedly used to leave the area.,Under Investigation,IO-CBE-003,FIR-2026-00336,Complaint,"missing person, student, CCTV, motorcycle, night, associate, bus stand"
FIR-2026-00349,Group Assault Complaint,"A oral complaint dated 2026-02-26 states that a group of persons allegedly attacked the complainant at Palar Park Industrial Area, causing injuries that required treatment, on 2026-02-26 around 22:50 hrs. Bharath Prakash approached Madurai South PS to report the matter and can be reached on 9000000118. Suspicion was reportedly directed towards Praveen Sekar, using the number 9000000221. Items referenced in the complaint: CCTV footage.",Assault,Group Assault,Oral,26-02-2026,26-02-2026,22:50,Night,Palar Park Industrial Area,Madurai,Tamil Nadu,Madurai South PS,Bharath Prakash,9000000118,Bharath Prakash,9000000118,Praveen Sekar,9000000221,NULL,NULL,NULL,None,NULL,CCTV footage,Unknown,NULL,Group allegedly confronted the victim following an earlier dispute.,Under Investigation,IO-MDU-005,NULL,Preliminary Report,"group assault, injury, suspect, night, mobile number, industrial area, CCTV"
FIR-2026-00350,Missing Person Complaint,"The reported incident took place on 2026-03-02 (evening, 18:40): Harish Mani, aged 18, a college student, did not return after leaving for a temple visit; last known location was near Vetri Nagar Shopping Complex. The complaint was lodged by Vidhya Krishnan (9000000069), a family member of Harish Mani. The identity of the person involved remains unknown at this stage. No independent witness was identified at the time of registration. Items referenced in the complaint: CCTV footage.",Missing Person,Missing Student,Oral,02-03-2026,02-03-2026,18:40,Evening,Vetri Nagar Shopping Complex,Madurai,Tamil Nadu,Madurai Central PS,Vidhya Krishnan,9000000069,Harish Mani,NULL,Unknown,NULL,NULL,NULL,NULL,None,NULL,CCTV footage,Unknown,NULL,Mobile phone allegedly switched off shortly after leaving the campus area.,Closed,IO-MDU-001,NULL,FIR,"missing person, student, shopping complex, CCTV, evening"
FIR-2026-00351,Neighbourhood Dispute Report,"During the afternoon of 2026-02-27, around 12:25, a neighbour allegedly obstructed access and used abusive language towards the complainant near Roja Park Main Street on repeated occasions, according to the complaint recorded on 2026-03-04. Padmini Rani approached Coimbatore North PS to report the matter and can be reached on 9000000028. Nithya Rani (9000000035) was mentioned as a person who was present nearby. A further person, Babu Balan, a co-worker, using the number 9000000231, is stated to be associated with the incident. A person named Kishore Arumugam, associated with the number 9000000189, was mentioned as potentially relevant to the incident. Items referenced in the complaint: CCTV footage and a witness statement. Records suggest a possible link with FIR-2026-00235, as the mobile number 9000000189 is associated with a suspect in both entries.",Harassment,Neighbour Harassment,Oral,04-03-2026,27-02-2026,12:25,Afternoon,Roja Park Main Street,Coimbatore,Tamil Nadu,Coimbatore North PS,Padmini Rani,9000000028,Padmini Rani,9000000028,Kishore Arumugam,9000000189,Babu Balan,9000000231,NULL,None,NULL,CCTV footage; Witness statement,Nithya Rani,9000000035,Access to the property reportedly obstructed repeatedly.,Pending Verification,IO-CBE-002,FIR-2026-00235,Preliminary Report,"harassment, neighbour dispute, associate, suspect, main street, mobile number, afternoon, witness statement"
FIR-2026-00352,Vandalism Complaint,"On 2026-03-04 at about 21:25, it was reported that unidentified persons allegedly damaged a parked car of the complainant near Roja Colony Residential Colony at night. Contact details given by the complainant, Priya Raman, include the number 9000000378. A witness, Ramesh Pandian, reachable on 9000000469, was mentioned in the complaint. No identifying details of the suspected person were available at the time of registration. A car bearing the number TN-58-YY-1037 was seen leaving the area. The complainant mentioned photographs and a vehicle observation. This matter may be connected to FIR-2026-00153, where the same vehicle registration TN-58-YY-1037 was also mentioned.",Property Crime,Vandalism,Written,05-03-2026,04-03-2026,21:25,Night,Roja Colony Residential Colony,Trichy,Tamil Nadu,Trichy Fort PS,Priya Raman,9000000378,Priya Raman,9000000378,Unknown,NULL,NULL,NULL,TN-58-YY-1037,Car,NULL,Photograph; Vehicle observation,Ramesh Pandian,9000000469,Property reportedly defaced late at night. A car was reportedly used to leave the area.,Closed,IO-TRY-003,FIR-2026-00153,FIR,"vandalism, property damage, residential colony, witness, car, photograph, night, vehicle observation"
FIR-2026-00353,Motorcycle Theft Report,"The reported incident took place on 2026-03-07 (night, 21:20): A green motorcycle bearing registration number TN-30-XX-1039 belonging to the complainant was taken from Oviya Colony Railway Station Road. The complaint was lodged by Nithin Balan (9000000470). Ezhilan Sundaram (9000000162) was mentioned as a person who was present nearby. A person named Rajesh Chandran, associated with the number 9000000486, was mentioned as potentially relevant to the incident. Potentially relevant material referenced includes CCTV footage.",Vehicle Theft,Motorcycle Theft,Written,07-03-2026,07-03-2026,21:20,Night,Oviya Colony Railway Station Road,Erode,Tamil Nadu,Erode South PS,Nithin Balan,9000000470,Nithin Balan,9000000470,Rajesh Chandran,9000000486,NULL,NULL,TN-30-XX-1039,Motorcycle,NULL,CCTV footage,Ezhilan Sundaram,9000000162,Vehicle reportedly taken during the night from a residential parking spot.,Pending Verification,IO-ERD-005,NULL,Preliminary Report,"motorcycle theft, vehicle, witness, motorcycle, night, mobile number, CCTV, suspect"
FIR-2026-00354,Retail Theft Complaint,"It was alleged that an unidentified customer allegedly took footwear worth Rs. 2,00,000 from Sri Vel Hardware near Sevvanthi Park Shopping Complex in Tiruppur. The matter was brought to Tiruppur Central PS on 2026-03-10, while the incident was placed on 2026-03-08 at roughly 15:10. The complaint was lodged by Revathi Bai (9000000313). The complainant is associated with the business Sri Vel Hardware. Prakash Muthu (9000000312), described as a neighbour, was also mentioned in the complaint. The complainant could not identify the person involved. The complainant mentioned CCTV footage and physical documents.",Theft,Shop Theft,Oral,10-03-2026,08-03-2026,15:10,Afternoon,Sevvanthi Park Shopping Complex,Tiruppur,Tamil Nadu,Tiruppur Central PS,Revathi Bai,9000000313,Revathi Bai,9000000313,Unknown,NULL,Prakash Muthu,9000000312,NULL,None,NULL,CCTV footage; Physical document,Unknown,NULL,Suspect allegedly posed as a customer and took items while staff were attending to others.,Pending Verification,IO-TUP-001,NULL,Preliminary Report,"shop theft, stock, associate, CCTV, documents, afternoon, shopping complex"
FIR-2026-00355,Street Robbery Complaint,"During the afternoon of 2026-03-10, around 15:30, a person allegedly threatened the complainant at Sindhu Colony College Road in Erode and took a wristwatch, according to the complaint recorded on 2026-03-12. Nandhini Selvi reported the matter orally at Erode Central PS; the contact number given was 9000000239. A person named Rajesh Chandran, associated with the number 9000000486, was mentioned as potentially relevant to the incident. A witness, Madhan Murugan, reachable on 9000000216, was mentioned in the complaint. A green motorcycle with registration TN-30-XX-1039 was observed near Sindhu Colony College Road. The complainant mentioned CCTV footage, a vehicle observation and a witness statement.",Robbery,Street Robbery,Oral,12-03-2026,10-03-2026,15:30,Afternoon,Sindhu Colony College Road,Erode,Tamil Nadu,Erode Central PS,Nandhini Selvi,9000000239,Nandhini Selvi,9000000239,Rajesh Chandran,9000000486,NULL,NULL,TN-30-XX-1039,Motorcycle,NULL,CCTV footage; Vehicle observation; Witness statement,Madhan Murugan,9000000216,Victim allegedly intercepted and threatened before valuables were taken. A motorcycle was reportedly used to leave the area.,Under Investigation,IO-ERD-002,NULL,Complaint,"robbery, threat, mobile number, afternoon, suspect, vehicle observation, motorcycle, college road"
FIR-2026-00356,Property Encroachment Report,"According to the complaint registered on 2026-03-13, the complainant reported that a boundary wall near Nallur Park Main Street in Chennai was extended into the land of the complainant without permission. The incident is stated to have occurred on 2026-03-10 at approximately 13:40. Rajeshwari Ammal reported the matter orally at Chennai North PS; the contact number given was 9000000242. Siva Selvam (9000000440), described as a neighbour, was also mentioned in the complaint. Murugan Sundaram (mobile 9000000207) was named as a possible person of interest. Potentially relevant material referenced includes photographs. Records suggest a possible link with FIR-2026-00294, as the mobile number 9000000207 is associated with a suspect in both entries.",Property Crime,Land Encroachment,Oral,13-03-2026,10-03-2026,13:40,Afternoon,Nallur Park Main Street,Chennai,Tamil Nadu,Chennai North PS,Rajeshwari Ammal,9000000242,Rajeshwari Ammal,9000000242,Murugan Sundaram,9000000207,Siva Selvam,9000000440,NULL,None,NULL,Photograph,Unknown,NULL,Encroachment reportedly began after a dispute over survey records.,Under Investigation,IO-CHN-004,FIR-2026-00294,Complaint,"land encroachment, boundary dispute, afternoon, associate, suspect, mobile number, main street, photograph"
FIR-2026-00357,Burglary Incident Report,"The reported incident took place on 2026-03-14 (night, 00:35): The lock of the residence of the complainant near Alli Colony College Road was found broken and farm equipment was missing, valued at about Rs. 1,50,000. The complaint was lodged by Naveen Mani (9000000021). A person named Vasanth Gopal, associated with the number 9000000245, was mentioned as potentially relevant to the incident. Sathish Subramani (9000000429), described as a driver, was also mentioned in the complaint. Potentially relevant material referenced includes CCTV footage, photographs and physical documents. Records suggest a possible link with FIR-2026-00304, as the mobile number 9000000245 is associated with a suspect in both entries.",Burglary,House Burglary,Oral,17-03-2026,14-03-2026,00:35,Night,Alli Colony College Road,Vellore,Tamil Nadu,Vellore Town PS,Naveen Mani,9000000021,Naveen Mani,9000000021,Vasanth Gopal,9000000245,Sathish Subramani,9000000429,NULL,None,NULL,CCTV footage; Photograph; Physical document,Unknown,NULL,Entry allegedly forced through a broken lock while the house was locked.,Pending Verification,IO-VLR-001,FIR-2026-00304,Complaint,"burglary, house break-in, college road, night, suspect, photograph, associate, CCTV"
FIR-2026-00358,Neighbourhood Dispute Report,"A online complaint dated 2026-03-19 states that a neighbour allegedly obstructed access and used abusive language towards the complainant near Mynthan Colony Main Street in Erode on repeated occasions, on 2026-03-14 at about 15:50. Meena Bai submitted the complaint online using the mobile number 9000000300. A witness, Ramesh Pandian, reachable on 9000000469, was mentioned in the complaint. Karthik Rajan (mobile 9000000091) was named as a possible person of interest. A car bearing the number TN-47-ZZ-1095 was seen leaving the area. Potentially relevant material referenced includes a witness statement and CCTV footage. Records suggest a possible link with FIR-2026-00288, as the mobile number 9000000091 is associated with a suspect in both entries.",Harassment,Neighbour Harassment,Online,19-03-2026,14-03-2026,15:50,Afternoon,Mynthan Colony Main Street,Erode,Tamil Nadu,Erode North PS,Meena Bai,9000000300,Meena Bai,9000000300,Karthik Rajan,9000000091,NULL,NULL,TN-47-ZZ-1095,Car,NULL,Witness statement; CCTV footage,Ramesh Pandian,9000000469,Access to the property reportedly obstructed repeatedly. A car was reportedly used to leave the area.,Pending Verification,IO-ERD-003,FIR-2026-00288,Complaint,"harassment, neighbour dispute, suspect, car, CCTV, witness statement, main street, mobile number"
FIR-2026-00359,Scooter Theft Complaint,"As per the FIR recorded on 2026-03-19, the complainant left a blue scooter bearing registration number TN-01-YY-1046 near Sevvanthi Colony Bus Stand Area and could not find it later. The time of the incident was given as 01:55 on 2026-03-19. The complaint was lodged by Durga Sekar (9000000467). Ganesh Shankar (9000000155) noticed the incident and may be able to provide a statement. A further person, Siva Muthu, a friend of the suspect, using the number 9000000256, is stated to be associated with the incident. Yuvaraj Natarajan (mobile 9000000298) was named as a possible person of interest. Potentially relevant material referenced includes CCTV footage and a witness statement.",Vehicle Theft,Scooter Theft,Oral,19-03-2026,19-03-2026,01:55,Night,Sevvanthi Colony Bus Stand Area,Vellore,Tamil Nadu,Vellore Town PS,Durga Sekar,9000000467,Durga Sekar,9000000467,Yuvaraj Natarajan,9000000298,Siva Muthu,9000000256,TN-01-YY-1046,Scooter,NULL,CCTV footage; Witness statement,Ganesh Shankar,9000000155,Vehicle allegedly taken after the handle lock was forced.,Under Investigation,IO-VLR-002,NULL,FIR,"scooter theft, vehicle, CCTV, witness statement, night, scooter, associate, mobile number"
FIR-2026-00360,Shop Stock Theft Report,"A written complaint dated 2026-03-20 states that the proprietor of Kalai Home Appliances noticed missing stock (stationery items) valued at Rs. 1,20,000 near Anbu Park Main Street in Trichy, on 2026-03-18 at about 13:10. Jagan Sekar approached Trichy Central PS to report the matter and can be reached on 9000000355. The complainant is associated with the business Kalai Home Appliances. A further person, Jeeva Muthu, a driver, using the number 9000000124, is stated to be associated with the incident. A witness, Buvaneswari Sri, reachable on 9000000294, was mentioned in the complaint. The complainant alleged that Nithin Velan may be involved and provided the mobile number 9000000004.",Theft,Shop Theft,Written,20-03-2026,18-03-2026,13:10,Afternoon,Anbu Park Main Street,Trichy,Tamil Nadu,Trichy Central PS,Jagan Sekar,9000000355,Jagan Sekar,9000000355,Nithin Velan,9000000004,Jeeva Muthu,9000000124,NULL,None,NULL,CCTV footage,Buvaneswari Sri,9000000294,Suspect allegedly posed as a customer and took items while staff were attending to others.,Open,IO-TRY-001,NULL,FIR,"shop theft, stock, witness, associate, CCTV, main street, mobile number, suspect"
FIR-2026-00361,Motorcycle Theft Report,"According to the complaint registered on 2026-03-20, a white motorcycle bearing registration number TN-68-YY-1040 belonging to the complainant was taken from Oviya Colony Railway Station Road in Erode. The incident is stated to have occurred on 2026-03-20 at approximately 03:10. Contact details given by the complainant, Divya Sekar, include the number 9000000371. A second person, Babu Krishnan (9000000033), was also mentioned as possibly present. Rajesh Chandran (mobile 9000000486) was named as a possible person of interest. Amudha Kannan (9000000066) was mentioned as a person who was present nearby. Items referenced in the complaint: a vehicle observation.",Vehicle Theft,Motorcycle Theft,Written,20-03-2026,20-03-2026,03:10,Night,Oviya Colony Railway Station Road,Erode,Tamil Nadu,Erode South PS,Divya Sekar,9000000371,Divya Sekar,9000000371,Rajesh Chandran,9000000486,NULL,NULL,TN-68-YY-1040,Motorcycle,NULL,Vehicle observation,Amudha Kannan,9000000066,Vehicle reportedly taken during the night from a residential parking spot.,Closed,IO-ERD-006,NULL,FIR,"motorcycle theft, vehicle, railway station road, witness, suspect, motorcycle, vehicle observation, night"
FIR-2026-00362,Shop Stock Theft Report,"The reported incident took place on 2026-03-20 (afternoon, 13:25): The proprietor of Kurinji Stationery noticed missing stock (garments) valued at Rs. 25,000 near Kaveri Park Bus Stand Area in Trichy. Contact details given by the complainant, Harish Mani, include the number 9000000132. The complainant is associated with the business Kurinji Stationery. The complaint refers to Jeeva Muthu, a relative of the suspect, reachable on 9000000124. Siva Sekar (9000000284) was mentioned as a person who was present nearby. No identifying details of the suspected person were available at the time of registration. Items referenced in the complaint: physical documents and CCTV footage.",Theft,Shop Theft,Written,20-03-2026,20-03-2026,13:25,Afternoon,Kaveri Park Bus Stand Area,Trichy,Tamil Nadu,Trichy Fort PS,Harish Mani,9000000132,Harish Mani,9000000132,Unknown,NULL,Jeeva Muthu,9000000124,NULL,None,NULL,Physical document; CCTV footage,Siva Sekar,9000000284,Missing stock noticed at closing time and a review of shop CCTV was requested.,Open,IO-TRY-004,NULL,FIR,"shop theft, stock, CCTV, bus stand, documents, afternoon, associate, witness"
FIR-2026-00363,Suspicious Transaction Complaint,"According to the complaint registered on 2026-03-21, a series of small debits adding up to Rs. 1,20,000 appeared in the statement of the complainant without any authorisation. The incident is stated to have occurred on 2026-03-15 at about 17:25. The online submission was made by Hemanth Murugan (9000000301). The account reference SYN-ACC-100021 was noted in connection with the payment. The complainant alleged that Logesh Karuppasamy may be involved and provided the mobile number 9000000198. Pavithra Bai (9000000006) noticed the incident and may be able to provide a statement. A further person, Murugan Sundaram, a friend of the suspect, using the number 9000000207, is stated to be associated with the incident. Items referenced in the complaint: digital documents. Records suggest a possible link with FIR-2026-00327, as the mobile number 9000000198 is associated with a suspect in both entries.",Financial Fraud,Bank Transaction Fraud,Online,21-03-2026,15-03-2026,17:25,Evening,Selvapuram Puram Main Street,Vellore,Tamil Nadu,Vellore North PS,Hemanth Murugan,9000000301,Hemanth Murugan,9000000301,Logesh Karuppasamy,9000000198,Murugan Sundaram,9000000207,NULL,None,SYN-ACC-100021,Digital document,Pavithra Bai,9000000006,Multiple small transfers reportedly made in quick succession.,Under Investigation,IO-VLR-004,FIR-2026-00327,Complaint,"bank fraud, unauthorised transaction, witness, main street, digital document, evening, suspect, mobile number"
FIR-2026-00364,Digital Wallet Misuse Complaint,"It was alleged that the complainant lost access to a wallet account and later noticed unauthorised transfers of Rs. 7,500. The matter was brought to Tiruppur Central PS on 2026-03-21, while the incident was placed on 2026-03-21 at roughly 09:05. The online submission was made by Dinesh Nathan (9000000420). Suspicion was reportedly directed towards Rajesh Karuppasamy, using the number 9000000318. Transaction details refer to the receiving account SYN-ACC-100084. The complaint refers to Naveen Krishnan, a driver, reachable on 9000000013. Potentially relevant material referenced includes social media screenshots. The account SYN-ACC-100084 was also referenced in FIR-2026-00268, so the two matters may be potentially related.",Cybercrime,Account Takeover,Online,21-03-2026,21-03-2026,09:05,Morning,Sevvanthi Park Shopping Complex,Tiruppur,Tamil Nadu,Tiruppur Central PS,Dinesh Nathan,9000000420,Dinesh Nathan,9000000420,Rajesh Karuppasamy,9000000318,Naveen Krishnan,9000000013,NULL,None,SYN-ACC-100084,Social media screenshot,Unknown,NULL,OTP allegedly obtained during a call before the account was accessed.,Under Investigation,IO-TUP-002,FIR-2026-00268,Preliminary Report,"account takeover, unauthorised access, mobile number, associate, suspect, morning, receiving account, shopping complex"
FIR-2026-00365,Illegal Occupation Complaint,"According to the complaint registered on 2026-03-22, a rented premises near Anbu Park Main Street in Trichy was allegedly occupied by a person after the lease ended, and the keys were not returned. The incident is stated to have occurred on 2026-03-21 at roughly 15:40. Jagan Gopal approached Trichy Central PS to report the matter and can be reached on 9000000108. A further person, Jeeva Muthu, a person who arranged the contact, using the number 9000000124, is stated to be associated with the incident. Elango Shankar (mobile 9000000317) was named as a possible person of interest. Potentially relevant material referenced includes photographs and physical documents.",Property Crime,Illegal Occupation,Written,22-03-2026,21-03-2026,15:40,Afternoon,Anbu Park Main Street,Trichy,Tamil Nadu,Trichy Central PS,Jagan Gopal,9000000108,Jagan Gopal,9000000108,Elango Shankar,9000000317,Jeeva Muthu,9000000124,NULL,None,NULL,Photograph; Physical document,Unknown,NULL,Premises allegedly occupied after the lease period ended.,Open,IO-TRY-002,NULL,Preliminary Report,"illegal occupation, lease dispute, suspect, associate, main street, photograph, afternoon, documents"
FIR-2026-00366,Gold Chain Snatching Report,"On 2026-03-22 around 06:20 hrs, it was reported that the complainant lost a gold chain of about 6 sovereigns to a person who grabbed it near Kadal Nagar Bus Stand Area in Coimbatore and ran. The complaint was lodged by Rajeshwari Ammal (9000000242). The complaint mentions Arun Babu, who was reportedly contacted on 9000000379, in connection with the events. Records suggest a possible link with FIR-2026-00307, as the mobile number 9000000379 is associated with a suspect in both entries.",Chain Snatching,Gold Chain Snatching,Oral,22-03-2026,22-03-2026,06:20,Early Morning,Kadal Nagar Bus Stand Area,Coimbatore,Tamil Nadu,Coimbatore South PS,Rajeshwari Ammal,9000000242,Rajeshwari Ammal,9000000242,Arun Babu,9000000379,NULL,NULL,NULL,None,NULL,CCTV footage,Unknown,NULL,Suspect reportedly grabbed the chain and fled the spot quickly.,Closed,IO-CBE-003,FIR-2026-00307,FIR,"chain snatching, gold chain, CCTV, suspect, bus stand, mobile number, early morning"
FIR-2026-00367,UPI Collect Request Fraud Report,"As per the complaint recorded on 2026-03-23, Rs. 4,800 was debited from the account of the complainant through UPI after a collect request from an unknown UPI ID was approved. The time of the incident was given as 09:15 on 2026-03-23. The online submission was made by Nithin Balan (9000000470). Suspicion was reportedly directed towards Ajith Nathan, using the number 9000000297. Funds were reportedly sent to the account reference SYN-ACC-100045. Items referenced in the complaint: mobile phone records.",Cybercrime,UPI Fraud,Online,23-03-2026,23-03-2026,09:15,Morning,Kalai Colony Apartment Complex,Erode,Tamil Nadu,Erode North PS,Nithin Balan,9000000470,Nithin Balan,9000000470,Ajith Nathan,9000000297,NULL,NULL,NULL,None,SYN-ACC-100045,Mobile phone record,Unknown,NULL,Suspect allegedly posed as an online buyer and requested payment approval.,Pending Verification,IO-ERD-004,NULL,Complaint,"UPI fraud, online payment, apartment complex, phone records, receiving account, morning, suspect, mobile number"
FIR-2026-00368,Local Chit Scheme Complaint,"The reported incident took place on 2026-03-17 (afternoon, 14:30): The complainant contributed to a local chit group, and after the organiser failed to pay the maturity amount of Rs. 75,000, contact was lost. Lavanya Ammal submitted the complaint online using the mobile number 9000000175. A witness, Padmini Raj, reachable on 9000000032, was mentioned in the complaint. A person named Senthil Natarajan, associated with the number 9000000262, was mentioned as potentially relevant to the incident. The complainant mentioned the account SYN-ACC-100007 as the destination of the transfer. Madhan Palanisamy (9000000295), described as a business acquaintance, was also mentioned in the complaint. Items referenced in the complaint: social media screenshots and a witness statement.",Financial Fraud,Chit Fund Fraud,Online,24-03-2026,17-03-2026,14:30,Afternoon,Nallur Nagar Main Street,Palakkad,Kerala,Palakkad North PS,Lavanya Ammal,9000000175,Lavanya Ammal,9000000175,Senthil Natarajan,9000000262,Madhan Palanisamy,9000000295,NULL,None,SYN-ACC-100007,Social media screenshot; Witness statement,Padmini Raj,9000000032,Organiser allegedly stopped payouts and became unreachable.,Pending Verification,IO-PKD-003,NULL,Complaint,"chit fund, financial fraud, associate, afternoon, witness, screenshot, receiving account, main street"
FIR-2026-00369,Goods Vehicle Theft Report,"According to the complaint registered on 2026-03-25, the complainant reported that a silver truck bearing registration number TN-72-YY-1031 parked near Nila Park Industrial Area could not be found the next morning. The incident is stated to have occurred on 2026-03-23 at about 03:05. Contact details given by the complainant, Padmini Raj, include the number 9000000032. A further person, Nithin Velan, a friend of the suspect, using the number 9000000004, is stated to be associated with the incident. Padmini Sri (9000000119) was mentioned as a person who was present nearby. Vijay Raman (mobile 9000000350) was named as a possible person of interest. The complainant mentioned a vehicle observation and physical documents.",Vehicle Theft,Truck Theft,Written,25-03-2026,23-03-2026,03:05,Night,Nila Park Industrial Area,Chennai,Tamil Nadu,Chennai Central PS,Padmini Raj,9000000032,Padmini Raj,9000000032,Vijay Raman,9000000350,Nithin Velan,9000000004,TN-72-YY-1031,Truck,NULL,Vehicle observation; Physical document,Padmini Sri,9000000119,Truck reportedly taken from an unattended roadside parking area.,Pending Verification,IO-CHN-001,NULL,Preliminary Report,"truck theft, vehicle, mobile number, truck, night, associate, industrial area, suspect"
FIR-2026-00370,Robbery Incident Report,"As per the complaint recorded on 2026-03-25, the complainant was stopped by a group near Mynthan Colony Main Street, and a gold ring along with cash of around Rs. 2,200 were taken under threat. The time of the incident was given as 21:25 on 2026-03-23. The complaint was lodged by Divya Sekar (9000000371). Prakash Muthu (9000000312) noticed the incident and may be able to provide a statement. A blue scooter with registration TN-33-YY-1007 was observed near Mynthan Colony Main Street. Karthik Rajan (mobile 9000000091) was named as a possible person of interest. Items referenced in the complaint: a witness statement. Records suggest a possible link with FIR-2026-00341, as the mobile number 9000000091 is associated with a suspect in both entries.",Robbery,Street Robbery,Written,25-03-2026,23-03-2026,21:25,Night,Mynthan Colony Main Street,Erode,Tamil Nadu,Erode North PS,Divya Sekar,9000000371,Divya Sekar,9000000371,Karthik Rajan,9000000091,NULL,NULL,TN-33-YY-1007,Scooter,NULL,Witness statement,Prakash Muthu,9000000312,Victim allegedly intercepted and threatened before valuables were taken. A scooter was reportedly used to leave the area.,Under Investigation,IO-ERD-004,FIR-2026-00341,Complaint,"robbery, threat, witness statement, night, mobile number, scooter, main street, witness"
FIR-2026-00371,High-Return Scheme Complaint,"It was alleged that an investment offer shared in a messaging group led the complainant to deposit Rs. 2,40,000, after which contact ended. The matter was brought to Erode North PS on 2026-03-26, while the incident was placed on 2026-03-24 at about 09:15. Venkat Kumar submitted the complaint online using the mobile number 9000000274. Madhan Babu (mobile 9000000490) was named as a possible person of interest. Ramesh Pandian (9000000469) noticed the incident and may be able to provide a statement. The account reference SYN-ACC-100041 was noted in connection with the payment. Udhay Muthu (9000000352), described as an intermediary, was also mentioned in the complaint. Records suggest a possible link with FIR-2026-00213, as the mobile number 9000000490 is associated with a suspect in both entries.",Financial Fraud,Investment Fraud,Online,26-03-2026,24-03-2026,09:15,Morning,Mynthan Colony Main Street,Erode,Tamil Nadu,Erode North PS,Venkat Kumar,9000000274,Venkat Kumar,9000000274,Madhan Babu,9000000490,Udhay Muthu,9000000352,NULL,None,SYN-ACC-100041,Transaction record; Bank transaction reference,Ramesh Pandian,9000000469,Scheme reportedly promoted through a messaging group.,Pending Verification,IO-ERD-004,FIR-2026-00213,Complaint,"investment fraud, high returns, associate, bank reference, main street, witness, suspect, mobile number"
FIR-2026-00372,Assault Incident Report,"A oral complaint dated 2026-03-27 states that the complainant was allegedly struck by a person after a verbal exchange at Kayal Colony Bus Stand Area in Tirunelveli and later sought medical attention, on 2026-03-26 at about 23:15. Meena Bai reported the matter orally at Tirunelveli Town PS; the contact number given was 9000000300. No independent witness was identified at the time of registration. The complainant alleged that Anand Krishnan may be involved and provided the mobile number 9000000088. The complainant mentioned physical documents and CCTV footage. Records suggest a possible link with FIR-2026-00096, as the mobile number 9000000088 is associated with a suspect in both entries.",Assault,Physical Assault,Oral,27-03-2026,26-03-2026,23:15,Night,Kayal Colony Bus Stand Area,Tirunelveli,Tamil Nadu,Tirunelveli Town PS,Meena Bai,9000000300,Meena Bai,9000000300,Anand Krishnan,9000000088,NULL,NULL,NULL,None,NULL,Physical document; CCTV footage,Unknown,NULL,Victim allegedly struck after a verbal exchange in a public place.,Under Investigation,IO-TVL-001,FIR-2026-00096,Complaint,"assault, altercation, documents, CCTV, mobile number, bus stand, suspect, night"
FIR-2026-00373,Shop Stock Theft Report,"On 2026-04-01 at roughly 09:40, it was reported that the proprietor of Ezhil Cycle Mart noticed missing stock (cosmetic products) valued at Rs. 25,000 near Roja Park Main Street in Coimbatore. The complainant, Sanjay Raj, provided the contact number 9000000083. The complainant is associated with the business Ezhil Cycle Mart. A person named Logesh Subramani, associated with the number 9000000233, was mentioned as potentially relevant to the incident. The complaint refers to Siva Muthu, an intermediary, reachable on 9000000256. Potentially relevant material referenced includes CCTV footage and photographs. Records suggest a possible link with FIR-2026-00284, as the mobile number 9000000233 is associated with a suspect in both entries.",Theft,Shop Theft,Written,01-04-2026,01-04-2026,09:40,Morning,Roja Park Main Street,Coimbatore,Tamil Nadu,Coimbatore North PS,Sanjay Raj,9000000083,Sanjay Raj,9000000083,Logesh Subramani,9000000233,Siva Muthu,9000000256,NULL,None,NULL,CCTV footage; Photograph,Unknown,NULL,Goods reportedly taken in a bag during peak hours.,Under Investigation,IO-CBE-001,FIR-2026-00284,FIR,"shop theft, stock, morning, CCTV, suspect, mobile number, main street, associate"
FIR-2026-00374,Local Chit Scheme Complaint,"According to the complaint registered on 2026-04-04, members of a chit group near Nallur Nagar Main Street reported that the organiser stopped payouts, with the complainant owed about Rs. 1,20,000. The incident is stated to have occurred on 2026-03-16 at roughly 13:30. The account reference SYN-ACC-100005 was noted in connection with the payment. A second person, Senthil Natarajan (9000000262), was also mentioned as possibly present. The complainant alleged that Harish Murugan may be involved and provided the mobile number 9000000180. Padmini Raj (9000000032) noticed the incident and may be able to provide a statement. Mathan Raman (9000000187), described as an intermediary, was also mentioned in the complaint. No supporting material was reported at the time of registration.",Financial Fraud,Chit Fund Fraud,Online,04-04-2026,16-03-2026,13:30,Afternoon,Nallur Nagar Main Street,Palakkad,Kerala,Palakkad North PS,Harish Selvam,9000000205,Harish Selvam,9000000205,Harish Murugan,9000000180,Mathan Raman,9000000187,NULL,None,SYN-ACC-100005,None reported,Padmini Raj,9000000032,Chit contributions reportedly collected in cash and through transfers.,Under Investigation,IO-PKD-004,NULL,FIR,"chit fund, financial fraud, mobile number, afternoon, witness, suspect, receiving account, main street"
FIR-2026-00375,Job Offer Cheating Complaint,"On 2026-04-01 at about 10:10, it was reported that the complainant paid Rs. 15,000 to a person who promised a job placement, but no appointment order was provided and calls went unanswered. Lavanya Ammal submitted the complaint online using the mobile number 9000000175. Ramya Bai (9000000232) noticed the incident and may be able to provide a statement. The complainant alleged that Karthik Rajan may be involved and provided the mobile number 9000000091. The complainant mentioned physical documents. Records suggest a possible link with FIR-2026-00370, as the mobile number 9000000091 is associated with a suspect in both entries.",Cheating,Job Offer Cheating,Online,06-04-2026,01-04-2026,10:10,Morning,Vetri Nagar Shopping Complex,Madurai,Tamil Nadu,Madurai Central PS,Lavanya Ammal,9000000175,Lavanya Ammal,9000000175,Karthik Rajan,9000000091,NULL,NULL,NULL,None,NULL,Physical document,Ramya Bai,9000000232,Victim allegedly paid a fee for a job that was never provided.,Under Investigation,IO-MDU-001,FIR-2026-00370,Preliminary Report,"job fraud, cheating, morning, suspect, witness, mobile number, documents, shopping complex"
FIR-2026-00376,Vandalism Complaint,"It was alleged that unidentified persons allegedly damaged the compound wall of the complainant near Selvapuram Puram Main Street at night. The matter was brought to Vellore North PS on 2026-04-06, while the incident was placed on 2026-04-06 around 19:20 hrs. Yogesh Raj submitted the complaint online using the mobile number 9000000359. The identity of the person involved remains unknown at this stage. The complainant mentioned CCTV footage and photographs.",Property Crime,Vandalism,Online,06-04-2026,06-04-2026,19:20,Evening,Selvapuram Puram Main Street,Vellore,Tamil Nadu,Vellore North PS,Yogesh Raj,9000000359,Yogesh Raj,9000000359,Unknown,NULL,NULL,NULL,NULL,None,NULL,CCTV footage; Photograph,Unknown,NULL,Unidentified persons allegedly damaged the property while it was unattended.,Closed,IO-VLR-003,NULL,Complaint,"vandalism, property damage, photograph, main street, CCTV, evening"
FIR-2026-00377,Property Theft Report,"The reported incident took place on 2026-04-03 (night, 01:35): Deviga Krishnan discovered that copper cables and fittings had been taken from a place near Amudham Nagar Main Street. The complaint was lodged by Suresh Thangaraj (9000000494) on behalf of Deviga Krishnan, whose contact number is given as 9000000040. Prakash Muthu (9000000312) noticed the incident and may be able to provide a statement. A person named Ganesh Shankar, associated with the number 9000000155, was mentioned as potentially relevant to the incident. Items referenced in the complaint: a witness statement.",Theft,Property Theft,Oral,07-04-2026,03-04-2026,01:35,Night,Amudham Nagar Main Street,Madurai,Tamil Nadu,Madurai North PS,Suresh Thangaraj,9000000494,Deviga Krishnan,9000000040,Ganesh Shankar,9000000155,NULL,NULL,NULL,None,NULL,Witness statement,Prakash Muthu,9000000312,Reported theft occurred while the residents were away for a few hours.,Closed,IO-MDU-003,NULL,FIR,"property theft, valuables, night, witness statement, mobile number, suspect, main street, witness"
FIR-2026-00378,Purse Theft Complaint,"A online complaint dated 2026-04-07 states that the complainant found the pocket emptied of cash (about Rs. 8,500) after boarding a crowded bus near Mullai Colony Shopping Complex, on 2026-04-05 at about 18:25. Yogesh Raj submitted the complaint online using the mobile number 9000000359. A person named Sanjay Palanisamy, associated with the number 9000000215, was mentioned as potentially relevant to the incident. A further person, Abirami Rani, a driver, using the number 9000000451, is stated to be associated with the incident. Ramya Bai (9000000232) was mentioned as a person who was present nearby. The incident reportedly occurred on or near a bus bearing registration TN-58-ZZ-1035. The complainant mentioned CCTV footage.",Theft,Pickpocketing,Online,07-04-2026,05-04-2026,18:25,Evening,Mullai Colony Shopping Complex,Coimbatore,Tamil Nadu,Coimbatore South PS,Yogesh Raj,9000000359,Yogesh Raj,9000000359,Sanjay Palanisamy,9000000215,Abirami Rani,9000000451,TN-58-ZZ-1035,Bus,NULL,CCTV footage,Ramya Bai,9000000232,Wallet allegedly lifted from a pocket in a crowded queue. The incident reportedly took place on a bus.,Pending Verification,IO-CBE-003,NULL,Complaint,"pickpocketing, wallet, mobile number, bus, CCTV, shopping complex, witness, suspect"
FIR-2026-00379,Land Encroachment Complaint,"According to the complaint registered on 2026-04-07, the complainant reported that a boundary wall near Roja Colony Residential Colony was extended into the land of the complainant without permission. The incident is stated to have occurred on 2026-04-06 at approximately 10:05. Inban Balan submitted the complaint online using the mobile number 9000000367. A grey van with registration TN-33-XX-1030 was observed near Roja Colony Residential Colony. Indhu Rani (9000000480) was mentioned as a person who was present nearby. Elango Shankar (mobile 9000000317) was named as a possible person of interest. Potentially relevant material referenced includes physical documents.",Property Crime,Land Encroachment,Online,07-04-2026,06-04-2026,10:05,Morning,Roja Colony Residential Colony,Trichy,Tamil Nadu,Trichy Fort PS,Inban Balan,9000000367,Inban Balan,9000000367,Elango Shankar,9000000317,NULL,NULL,TN-33-XX-1030,Van,NULL,Physical document,Indhu Rani,9000000480,Encroachment reportedly began after a dispute over survey records.,Under Investigation,IO-TRY-003,NULL,Complaint,"land encroachment, boundary dispute, suspect, residential colony, mobile number, witness, van, documents"
FIR-2026-00380,Theft of Valuables Complaint,"On 2026-04-08 at about 20:30, it was reported that items including jewellery kept in a cupboard were taken from an unattended premises at Anbu Puram Apartment Complex. The complaint was lodged by Deviga Devi (9000000460) on behalf of Gunasekar Prakash, whose contact number is given as 9000000443. Suspicion was reportedly directed towards Madhan Murugan, using the number 9000000216. A witness, Vignesh Balan, reachable on 9000000105, was mentioned in the complaint. Karthik Rajan (9000000091), described as a friend of the suspect, was also mentioned in the complaint. The complainant mentioned a witness statement and CCTV footage.",Theft,Property Theft,Written,08-04-2026,08-04-2026,20:30,Evening,Anbu Puram Apartment Complex,Palakkad,Kerala,Palakkad Town PS,Deviga Devi,9000000460,Gunasekar Prakash,9000000443,Madhan Murugan,9000000216,Karthik Rajan,9000000091,NULL,None,NULL,Witness statement; CCTV footage,Vignesh Balan,9000000105,Reported theft occurred while the residents were away for a few hours.,Under Investigation,IO-PKD-002,NULL,FIR,"property theft, valuables, evening, associate, apartment complex, witness, mobile number, witness statement"
FIR-2026-00381,Loan Processing Fee Fraud Complaint,"On 2026-04-08 at approximately 11:30, it was reported that a loan agent collected Rs. 8,00,000 from the complainant for approving a personal loan and then stopped answering calls. A further person, Harish Murugan, a co-worker, using the number 9000000180, is stated to be associated with the incident. A person named Karthik Shankar, associated with the number 9000000306, was mentioned as potentially relevant to the incident. Funds were reportedly sent to the account reference SYN-ACC-100037. Praveen Balan (9000000446) was mentioned as a person who was present nearby. Items referenced in the complaint: digital documents.",Financial Fraud,Loan Fraud,Online,09-04-2026,08-04-2026,11:30,Morning,Nallur Garden Residential Colony,Coimbatore,Tamil Nadu,Coimbatore North PS,Janani Sekar,9000000401,Janani Sekar,9000000401,Karthik Shankar,9000000306,Harish Murugan,9000000180,NULL,None,SYN-ACC-100037,Digital document,Praveen Balan,9000000446,Agent reportedly claimed a guaranteed approval and became unreachable.,Pending Verification,IO-CBE-001,NULL,Complaint,"loan fraud, processing fee, residential colony, associate, morning, witness, receiving account, mobile number"
FIR-2026-00382,UPI Collect Request Fraud Report,"On 2026-04-10 around 21:05 hrs, it was reported that a person offering to buy an item listed online asked the complainant to approve a UPI request, following which Rs. 12,000 was withdrawn. Ravi Gopal reported the matter orally at Erode North PS; the contact number given was 9000000098. Funds were reportedly sent to the account reference SYN-ACC-100041. The complaint mentions Ajith Nathan, who was reportedly contacted on 9000000297, in connection with the events. Items referenced in the complaint: digital documents. The account SYN-ACC-100041 was also referenced in FIR-2026-00371, so the two matters may be potentially related.",Cybercrime,UPI Fraud,Oral,10-04-2026,10-04-2026,21:05,Night,Kalai Colony Apartment Complex,Erode,Tamil Nadu,Erode North PS,Ravi Gopal,9000000098,Ravi Gopal,9000000098,Ajith Nathan,9000000297,NULL,NULL,NULL,None,SYN-ACC-100041,Digital document,Unknown,NULL,Suspect allegedly posed as an online buyer and requested payment approval.,Under Investigation,IO-ERD-003,FIR-2026-00371,FIR,"UPI fraud, online payment, suspect, apartment complex, night, mobile number, receiving account, digital document"
FIR-2026-00383,Local Chit Scheme Complaint,"A online complaint dated 2026-04-12 states that members of a chit group near Nallur Nagar Main Street reported that the organiser stopped payouts, with the complainant owed about Rs. 1,85,000, on 2026-04-09 at approximately 13:10. Deepak Muthu submitted the complaint online using the mobile number 9000000404. Suspicion was reportedly directed towards Senthil Natarajan, using the number 9000000262. The complainant mentioned the account SYN-ACC-100005 as the destination of the transfer. Padmini Raj (9000000032) noticed the incident and may be able to provide a statement. The complainant mentioned transaction records, a witness statement and a bank transaction reference.",Financial Fraud,Chit Fund Fraud,Online,12-04-2026,09-04-2026,13:10,Afternoon,Nallur Nagar Main Street,Palakkad,Kerala,Palakkad North PS,Deepak Muthu,9000000404,Deepak Muthu,9000000404,Senthil Natarajan,9000000262,NULL,NULL,NULL,None,SYN-ACC-100005,Transaction record; Witness statement; Bank transaction reference,Padmini Raj,9000000032,Chit contributions reportedly collected in cash and through transfers.,Pending Verification,IO-PKD-004,NULL,FIR,"chit fund, financial fraud, main street, transaction record, suspect, mobile number, receiving account, witness"
FIR-2026-00384,Online Payment Fraud Complaint,"The reported incident took place on 2026-04-12 (evening, 18:50): Rs. 75,000 was debited from the account of the complainant through UPI after a collect request from an unknown UPI ID was approved. The online submission was made by Deviga Murugan (9000000058). Suspicion was reportedly directed towards Karthik Shankar, using the number 9000000306. Transaction details refer to the receiving account SYN-ACC-100037. A further person, Harish Murugan, a relative of the suspect, using the number 9000000180, is stated to be associated with the incident. Items referenced in the complaint: a call detail reference.",Cybercrime,UPI Fraud,Online,12-04-2026,12-04-2026,18:50,Evening,Anbu Garden Apartment Complex,Coimbatore,Tamil Nadu,Coimbatore South PS,Deviga Murugan,9000000058,Deviga Murugan,9000000058,Karthik Shankar,9000000306,Harish Murugan,9000000180,NULL,None,SYN-ACC-100037,Call detail reference,Unknown,NULL,Fraudulent QR code allegedly shared under the pretext of a refund.,Under Investigation,IO-CBE-004,NULL,Complaint,"UPI fraud, online payment, apartment complex, mobile number, suspect, call detail, evening, receiving account"
FIR-2026-00385,UPI Payment Fraud Complaint,"On 2026-04-13 around 13:20 hrs, it was reported that a person offering to buy an item listed online asked the complainant to approve a UPI request, following which Rs. 45,000 was withdrawn. The online submission was made by Keerthana Sri (9000000319). Praveen Balan (9000000446) was mentioned as a person who was present nearby. The account reference SYN-ACC-100040 was noted in connection with the payment. The complaint mentions Karthik Shankar, who was reportedly contacted on 9000000306, in connection with the events. Potentially relevant material referenced includes a call detail reference and digital documents.",Cybercrime,UPI Fraud,Online,13-04-2026,13-04-2026,13:20,Afternoon,Sindhu Garden Residential Colony,Erode,Tamil Nadu,Erode South PS,Keerthana Sri,9000000319,Keerthana Sri,9000000319,Karthik Shankar,9000000306,NULL,NULL,NULL,None,SYN-ACC-100040,Call detail reference; Digital document,Praveen Balan,9000000446,Fraudulent QR code allegedly shared under the pretext of a refund.,Under Investigation,IO-ERD-006,NULL,Complaint,"UPI fraud, online payment, witness, mobile number, residential colony, suspect, digital document, receiving account"
FIR-2026-00386,Bank Phishing Link Complaint,"A online complaint dated 2026-04-14 states that a message about KYC expiry led the complainant to a website where account credentials were entered, and Rs. 1,50,000 was transferred out, on 2026-04-08 at roughly 18:05. Yogesh Sekar submitted the complaint online using the mobile number 9000000101. The complaint refers to Siva Muthu, an intermediary, reachable on 9000000256. Logesh Karuppasamy (mobile 9000000198) was named as a possible person of interest. Funds were reportedly sent to the account reference SYN-ACC-100021. Potentially relevant material referenced includes a call detail reference and social media screenshots.",Cybercrime,Phishing,Online,14-04-2026,08-04-2026,18:05,Evening,Alli Colony College Road,Vellore,Tamil Nadu,Vellore Town PS,Yogesh Sekar,9000000101,Yogesh Sekar,9000000101,Logesh Karuppasamy,9000000198,Siva Muthu,9000000256,NULL,None,SYN-ACC-100021,Call detail reference; Social media screenshot,Unknown,NULL,Caller allegedly posed as a bank executive and asked for remote access.,Pending Verification,IO-VLR-001,NULL,Complaint,"phishing, suspicious link, suspect, mobile number, evening, call detail, receiving account, screenshot"
FIR-2026-00387,Forged Signature Complaint,"As per the FIR recorded on 2026-04-15, the complainant found that a signature resembling theirs had been used on a document connected to Rs. 50,000, though no such signing had taken place. The time of the incident was given as 09:05 on 2026-03-27. Kavitha Sri (9000000129), described as a neighbour, was also mentioned in the complaint. A person named Hemanth Arumugam, associated with the number 9000000264, was mentioned as potentially relevant to the incident.",Forgery,Forged Signature,Written,15-04-2026,27-03-2026,09:05,Morning,Mullai Colony Shopping Complex,Coimbatore,Tamil Nadu,Coimbatore South PS,Gokul Babu,9000000090,Gokul Babu,9000000090,Hemanth Arumugam,9000000264,Kavitha Sri,9000000129,NULL,None,NULL,Physical document; Digital document,Unknown,NULL,Signature allegedly imitated on a cheque or agreement.,Open,IO-CBE-003,NULL,FIR,"forgery, forged signature, morning, suspect, documents, mobile number, digital document, associate"
FIR-2026-00388,UPI Collect Request Fraud Report,"It was alleged that a person offering to buy an item listed online asked the complainant to approve a UPI request, following which Rs. 15,000 was withdrawn. The matter was brought to Coimbatore Town PS on 2026-04-15, while the incident was placed on 2026-04-11 at approximately 14:15. The complaint was lodged by Selvam Natarajan (9000000001). Suspicion was reportedly directed towards Karthik Shankar, using the number 9000000306. No independent witness was identified at the time of registration. Transaction details refer to the receiving account SYN-ACC-100038. Items referenced in the complaint: transaction records and social media screenshots.",Cybercrime,UPI Fraud,Written,15-04-2026,11-04-2026,14:15,Afternoon,Iniyan Puram College Road,Coimbatore,Tamil Nadu,Coimbatore Town PS,Selvam Natarajan,9000000001,Selvam Natarajan,9000000001,Karthik Shankar,9000000306,NULL,NULL,NULL,None,SYN-ACC-100038,Transaction record; Social media screenshot,Unknown,NULL,Fraudulent QR code allegedly shared under the pretext of a refund.,Under Investigation,IO-CBE-005,NULL,FIR,"UPI fraud, online payment, mobile number, college road, suspect, afternoon, screenshot, transaction record"
FIR-2026-00389,Shop Robbery Complaint,"A written complaint dated 2026-04-16 states that two persons allegedly entered Oviya Fancy Store near Selvapuram Puram Main Street and took cash of about Rs. 5,000 after threatening the staff, on 2026-04-16 at roughly 19:55. The complaint was lodged by Kishore Selvam (9000000323). The complainant is associated with the business Oviya Fancy Store. A scooter bearing the number TN-01-YY-1046 was seen leaving the area. A further person, Siva Muthu, an intermediary, using the number 9000000256, is stated to be associated with the incident. Suspicion was reportedly directed towards Yuvaraj Natarajan, using the number 9000000298. Potentially relevant material referenced includes CCTV footage.",Robbery,Shop Robbery,Written,16-04-2026,16-04-2026,19:55,Evening,Selvapuram Puram Main Street,Vellore,Tamil Nadu,Vellore North PS,Kishore Selvam,9000000323,Kishore Selvam,9000000323,Yuvaraj Natarajan,9000000298,Siva Muthu,9000000256,TN-01-YY-1046,Scooter,NULL,CCTV footage,Unknown,NULL,Suspects allegedly entered near closing time and threatened the staff. A scooter was reportedly used to leave the area.,Under Investigation,IO-VLR-004,NULL,FIR,"shop robbery, cash, CCTV, associate, scooter, main street, evening, mobile number"
FIR-2026-00390,Highway Incident Report,"According to the complaint registered on 2026-04-17, Buvaneswari Sri was stopped on a stretch near Vetri Layout Industrial Area by a few persons and a purse was taken. The incident is stated to have occurred on 2026-04-17 around 19:05 hrs. The complaint was lodged by Anitha Raj (9000000399) on behalf of Buvaneswari Sri, whose contact number is given as 9000000294. Suspicion was reportedly directed towards Ganesh Shankar, using the number 9000000155. A motorcycle bearing the number TN-38-ZZ-1005 was seen leaving the area. Potentially relevant material referenced includes a vehicle observation. Records suggest a possible link with FIR-2026-00377, as the mobile number 9000000155 is associated with a suspect in both entries.",Robbery,Highway Robbery,Written,17-04-2026,17-04-2026,19:05,Evening,Vetri Layout Industrial Area,Coimbatore,Tamil Nadu,Coimbatore North PS,Anitha Raj,9000000399,Buvaneswari Sri,9000000294,Ganesh Shankar,9000000155,NULL,NULL,TN-38-ZZ-1005,Motorcycle,NULL,Vehicle observation,Unknown,NULL,Suspects reportedly followed the victim before stopping the vehicle. A motorcycle was reportedly used to leave the area.,Open,IO-CBE-002,FIR-2026-00377,FIR,"highway robbery, roadside, suspect, mobile number, vehicle observation, industrial area, evening, motorcycle"
FIR-2026-00391,Premises Occupation Dispute Report,"It was alleged that the complainant reported that a shop near Selvapuram Puram Main Street in Vellore was occupied without a valid agreement and the occupant refused to leave. The matter was brought to Vellore North PS on 2026-04-18, while the incident was placed on 2026-04-12 at approximately 17:15. The complaint mentions Udhay Anand, who was reportedly contacted on 9000000125, in connection with the events. Janani Krishnan (9000000357) noticed the incident and may be able to provide a statement. A further person, Kavitha Sri, a co-worker, using the number 9000000129, is stated to be associated with the incident. Items referenced in the complaint: a witness statement, physical documents and photographs.",Property Crime,Illegal Occupation,Written,18-04-2026,12-04-2026,17:15,Evening,Selvapuram Puram Main Street,Vellore,Tamil Nadu,Vellore North PS,Bhuvana Kannan,9000000362,Bhuvana Kannan,9000000362,Udhay Anand,9000000125,Kavitha Sri,9000000129,NULL,None,NULL,Witness statement; Physical document; Photograph,Janani Krishnan,9000000357,Occupant reportedly refused to vacate despite repeated requests.,Pending Verification,IO-VLR-003,NULL,Preliminary Report,"illegal occupation, lease dispute, documents, main street, witness statement, evening, suspect, mobile number"
FIR-2026-00392,Motorcycle Theft Report,"It was alleged that a silver motorcycle bearing registration number TN-01-ZZ-1047 was found missing from the parking space near Sevvanthi Colony Bus Stand Area in Vellore. The matter was brought to Vellore Town PS on 2026-04-19, while the incident was placed on 2026-04-19 at about 21:05. Amudha Sri reported the matter orally at Vellore Town PS; the contact number given was 9000000218. A person named Yuvaraj Natarajan, associated with the number 9000000298, was mentioned as potentially relevant to the incident. Records suggest a possible link with FIR-2026-00389, as the mobile number 9000000298 is associated with a suspect in both entries.",Vehicle Theft,Motorcycle Theft,Oral,19-04-2026,19-04-2026,21:05,Night,Sevvanthi Colony Bus Stand Area,Vellore,Tamil Nadu,Vellore Town PS,Amudha Sri,9000000218,Amudha Sri,9000000218,Yuvaraj Natarajan,9000000298,NULL,NULL,TN-01-ZZ-1047,Motorcycle,NULL,CCTV footage; Vehicle observation,Unknown,NULL,Vehicle reportedly taken during the night from a residential parking spot.,Closed,IO-VLR-002,FIR-2026-00389,Preliminary Report,"motorcycle theft, vehicle, mobile number, vehicle observation, motorcycle, CCTV, bus stand, night"
FIR-2026-00393,Neighbour Harassment Complaint,"On 2026-04-15 at approximately 00:35, it was reported that a neighbour allegedly obstructed access and used abusive language towards the complainant near Nallur Garden Residential Colony on repeated occasions. Rakesh Anand submitted the complaint online using the mobile number 9000000340. Padmini Sri (9000000119) noticed the incident and may be able to provide a statement. An unidentified associate was also mentioned by the complainant. Jeeva Natarajan (mobile 9000000002) was named as a possible person of interest. Potentially relevant material referenced includes a witness statement. Records suggest a possible link with FIR-2026-00181, as the mobile number 9000000002 is associated with a suspect in both entries.",Harassment,Neighbour Harassment,Online,20-04-2026,15-04-2026,00:35,Night,Nallur Garden Residential Colony,Coimbatore,Tamil Nadu,Coimbatore North PS,Rakesh Anand,9000000340,Rakesh Anand,9000000340,Jeeva Natarajan,9000000002,Unknown,NULL,NULL,None,NULL,Witness statement,Padmini Sri,9000000119,Access to the property reportedly obstructed repeatedly.,Open,IO-CBE-002,FIR-2026-00181,FIR,"harassment, neighbour dispute, suspect, witness, mobile number, residential colony, night, witness statement"
FIR-2026-00394,Bank Transaction Fraud Complaint,"As per the complaint recorded on 2026-04-21, the complainant noticed that Rs. 12,00,000 had been withdrawn through multiple online transactions in a short interval. The time of the incident was given as 17:40 on 2026-04-20. Geetha Kumari approached Vellore North PS to report the matter and can be reached on 9000000202. Logesh Karuppasamy (mobile 9000000198) was named as a possible person of interest. A witness, Pavithra Bai, reachable on 9000000006, was mentioned in the complaint. The account reference SYN-ACC-100060 linked to the complainant was mentioned in relation to the transactions. The complainant mentioned a witness statement.",Financial Fraud,Bank Transaction Fraud,Written,21-04-2026,20-04-2026,17:40,Evening,Selvapuram Puram Main Street,Vellore,Tamil Nadu,Vellore North PS,Geetha Kumari,9000000202,Geetha Kumari,9000000202,Logesh Karuppasamy,9000000198,NULL,NULL,NULL,None,SYN-ACC-100060,Witness statement,Pavithra Bai,9000000006,Multiple small transfers reportedly made in quick succession.,Pending Verification,IO-VLR-003,NULL,Complaint,"bank fraud, unauthorised transaction, witness, witness statement, main street, evening, suspect, bank account"
FIR-2026-00395,Online Payment Fraud Complaint,"According to the complaint registered on 2026-04-22, a person offering to buy an item listed online asked the complainant to approve a UPI request, following which Rs. 96,000 was withdrawn. The incident is stated to have occurred on 2026-04-22 at roughly 18:15. Contact details given by the complainant, Saranya Murugan, include the number 9000000193. A person named Prakash Muthu, associated with the number 9000000312, was mentioned as potentially relevant to the incident. Ganesh Shankar (9000000155), described as a neighbour, was also mentioned in the complaint. The complainant mentioned a call detail reference and social media screenshots.",Cybercrime,UPI Fraud,Written,22-04-2026,22-04-2026,18:15,Evening,Selvapuram Puram Main Street,Vellore,Tamil Nadu,Vellore North PS,Saranya Murugan,9000000193,Saranya Murugan,9000000193,Prakash Muthu,9000000312,Ganesh Shankar,9000000155,NULL,None,NULL,Call detail reference; Social media screenshot,Unknown,NULL,Suspect allegedly posed as an online buyer and requested payment approval.,Under Investigation,IO-VLR-004,NULL,FIR,"UPI fraud, online payment, evening, screenshot, call detail, suspect, main street, associate"
FIR-2026-00396,Vehicle Theft Complaint,"It was alleged that a black motorcycle bearing registration number TN-39-XX-1048 belonging to the complainant was taken from Vaigai Park Parking Area. The matter was brought to Chennai South PS on 2026-04-24, while the incident was placed on 2026-04-24 around 21:10 hrs. Latha Sekar reported the matter orally at Chennai South PS; the contact number given was 9000000043. A further person, Siva Muthu, a friend of the suspect, using the number 9000000256, is stated to be associated with the incident. A person named Yuvaraj Natarajan, associated with the number 9000000298, was mentioned as potentially relevant to the incident. Potentially relevant material referenced includes CCTV footage and a vehicle observation.",Vehicle Theft,Motorcycle Theft,Oral,24-04-2026,24-04-2026,21:10,Night,Vaigai Park Parking Area,Chennai,Tamil Nadu,Chennai South PS,Latha Sekar,9000000043,Latha Sekar,9000000043,Yuvaraj Natarajan,9000000298,Siva Muthu,9000000256,TN-39-XX-1048,Motorcycle,NULL,CCTV footage; Vehicle observation,Unknown,NULL,Vehicle reportedly taken during the night from a residential parking spot.,Pending Verification,IO-CHN-006,NULL,Preliminary Report,"motorcycle theft, vehicle, vehicle observation, associate, night, mobile number, CCTV, motorcycle"
FIR-2026-00397,UPI Payment Fraud Complaint,"On 2026-04-24 at roughly 20:10, it was reported that the complainant scanned a QR code shared by a caller who spoke of a refund, and Rs. 12,000 was debited instead. Uma Raj submitted the complaint online using the mobile number 9000000089. A witness, Padmini Raj, reachable on 9000000032, was mentioned in the complaint. Mathan Chandran (9000000343), described as a business acquaintance, was also mentioned in the complaint. Anand Muthu (mobile 9000000280) was named as a possible person of interest. The complainant mentioned the account SYN-ACC-100088 as the destination of the transfer. Potentially relevant material referenced includes a call detail reference.",Cybercrime,UPI Fraud,Online,24-04-2026,24-04-2026,20:10,Evening,Amudham Nagar Main Street,Madurai,Tamil Nadu,Madurai North PS,Uma Raj,9000000089,Uma Raj,9000000089,Anand Muthu,9000000280,Mathan Chandran,9000000343,NULL,None,SYN-ACC-100088,Call detail reference,Padmini Raj,9000000032,Victim was allegedly induced to approve a collect request on a UPI app.,Under Investigation,IO-MDU-004,NULL,Complaint,"UPI fraud, online payment, associate, receiving account, evening, witness, suspect, main street"
FIR-2026-00398,Online Payment Fraud Complaint,"During the evening of 2026-04-27, around 18:20, a person offering to buy an item listed online asked the complainant to approve a UPI request, following which Rs. 3,500 was withdrawn, according to the complaint recorded on 2026-04-27. Buvaneswari Sri submitted the complaint online using the mobile number 9000000294. A further person, Logesh Karuppasamy, a person who arranged the contact, using the number 9000000198, is stated to be associated with the incident. Transactions from the account SYN-ACC-100068, held by the complainant, were referred to in the complaint. The complaint mentions Ajith Nathan, who was reportedly contacted on 9000000297, in connection with the events. A witness, Ramya Bai, reachable on 9000000232, was mentioned in the complaint. The complainant mentioned transaction records and mobile phone records.",Cybercrime,UPI Fraud,Online,27-04-2026,27-04-2026,18:20,Evening,Kalai Colony Apartment Complex,Erode,Tamil Nadu,Erode North PS,Buvaneswari Sri,9000000294,Buvaneswari Sri,9000000294,Ajith Nathan,9000000297,Logesh Karuppasamy,9000000198,NULL,None,SYN-ACC-100068,Transaction record; Mobile phone record,Ramya Bai,9000000232,Victim was allegedly induced to approve a collect request on a UPI app.,Under Investigation,IO-ERD-003,NULL,Complaint,"UPI fraud, online payment, mobile number, transaction record, bank account, associate, apartment complex, phone records"
FIR-2026-00399,Unauthorised Account Access Complaint,"On 2026-04-24 at roughly 20:10, it was reported that the email and banking application of the complainant were accessed without permission after an OTP was shared during a call, and Rs. 9,900 was moved out. The online submission was made by Lokesh Murugan (9000000325). The identity of the person involved remains unknown at this stage. Ganesh Shankar (9000000155) noticed the incident and may be able to provide a statement. The complaint refers to Prakash Palanisamy, a co-worker, reachable on 9000000156. The complainant mentioned social media screenshots.",Cybercrime,Account Takeover,Online,28-04-2026,24-04-2026,20:10,Evening,Alli Colony College Road,Vellore,Tamil Nadu,Vellore Town PS,Lokesh Murugan,9000000325,Lokesh Murugan,9000000325,Unknown,NULL,Prakash Palanisamy,9000000156,NULL,None,NULL,Social media screenshot,Ganesh Shankar,9000000155,Account reportedly accessed from an unfamiliar device and funds transferred out.,Under Investigation,IO-VLR-001,NULL,Complaint,"account takeover, unauthorised access, college road, associate, witness, evening, screenshot"
FIR-2026-00400,Bank Phishing Link Complaint,"During the afternoon of 2026-04-29, around 15:50, a message about KYC expiry led the complainant to a website where account credentials were entered, and Rs. 32,000 was transferred out, according to the complaint recorded on 2026-04-29. The online submission was made by Malathi Murugan (9000000027). A further person, Murugan Sundaram, a relative of the suspect, using the number 9000000207, is stated to be associated with the incident. The account reference SYN-ACC-100061 linked to the complainant was mentioned in relation to the transactions. Elango Krishnan (9000000081) noticed the incident and may be able to provide a statement. A person named Logesh Karuppasamy, associated with the number 9000000198, was mentioned as potentially relevant to the incident. Items referenced in the complaint: transaction records and digital documents.",Cybercrime,Phishing,Online,29-04-2026,29-04-2026,15:50,Afternoon,Selvapuram Puram Main Street,Vellore,Tamil Nadu,Vellore North PS,Malathi Murugan,9000000027,Malathi Murugan,9000000027,Logesh Karuppasamy,9000000198,Murugan Sundaram,9000000207,NULL,None,SYN-ACC-100061,Transaction record; Digital document,Elango Krishnan,9000000081,Victim reported receiving a suspicious link that imitated a bank notification.,Pending Verification,IO-VLR-003,NULL,Complaint,"phishing, suspicious link, mobile number, witness, associate, bank account, digital document, main street"
FIR-2026-00401,Two-Wheeler Theft Report,"It was alleged that the complainant left a maroon scooter bearing registration number TN-39-YY-1049 near Vaigai Park Parking Area and could not find it later. The matter was brought to Chennai South PS on 2026-04-30, while the incident was placed on 2026-04-27 at about 01:00. The complainant, Nandhini Selvi, provided the contact number 9000000239. The identity of the person involved remains unknown at this stage. A witness, Madhan Kumar, reachable on 9000000410, was mentioned in the complaint. Potentially relevant material referenced includes a witness statement.",Vehicle Theft,Scooter Theft,Written,30-04-2026,27-04-2026,01:00,Night,Vaigai Park Parking Area,Chennai,Tamil Nadu,Chennai South PS,Nandhini Selvi,9000000239,Nandhini Selvi,9000000239,Unknown,NULL,NULL,NULL,TN-39-YY-1049,Scooter,NULL,Witness statement,Madhan Kumar,9000000410,Vehicle allegedly taken after the handle lock was forced.,Under Investigation,IO-CHN-006,NULL,FIR,"scooter theft, vehicle, witness statement, witness, scooter, night, parking area"
FIR-2026-00402,Digital Blackmail Complaint,"A online complaint dated 2026-05-01 states that the complainant received messages threatening to circulate private material online unless Rs. 25,000 was paid, on 2026-05-01 at roughly 08:10. Kalaiselvi Raman submitted the complaint online using the mobile number 9000000010. Kishore Babu (9000000076), described as a relative of the suspect, was also mentioned in the complaint. The complaint mentions Arjun Shankar, who was reportedly contacted on 9000000136, in connection with the events. Potentially relevant material referenced includes digital documents.",Extortion,Digital Blackmail,Online,01-05-2026,01-05-2026,08:10,Morning,Nallur Park Main Street,Chennai,Tamil Nadu,Chennai North PS,Kalaiselvi Raman,9000000010,Kalaiselvi Raman,9000000010,Arjun Shankar,9000000136,Kishore Babu,9000000076,NULL,None,NULL,Digital document,Unknown,NULL,Payment reportedly demanded under a threat of public exposure.,Under Investigation,IO-CHN-003,NULL,Complaint,"blackmail, online threat, digital document, main street, mobile number, associate, morning, suspect"
FIR-2026-00403,Wallet Theft Report,"During the evening of 2026-05-02, around 17:05, the complainant found the pocket emptied of cash (about Rs. 2,200) after boarding a crowded bus near Kurinji Puram Railway Station Road, according to the complaint recorded on 2026-05-02. Durga Raman submitted the complaint online using the mobile number 9000000103. No independent witness was identified at the time of registration. Suspicion was reportedly directed towards Sanjay Palanisamy, using the number 9000000215. A further person, Dinesh Balan, a relative of the suspect, using the number 9000000363, is stated to be associated with the incident. Potentially relevant material referenced includes CCTV footage.",Theft,Pickpocketing,Online,02-05-2026,02-05-2026,17:05,Evening,Kurinji Puram Railway Station Road,Coimbatore,Tamil Nadu,Coimbatore Town PS,Durga Raman,9000000103,Durga Raman,9000000103,Sanjay Palanisamy,9000000215,Dinesh Balan,9000000363,NULL,None,NULL,CCTV footage,Unknown,NULL,Wallet allegedly lifted from a pocket in a crowded queue.,Open,IO-CBE-006,NULL,Complaint,"pickpocketing, wallet, associate, railway station road, evening, CCTV, mobile number, suspect"
FIR-2026-00404,Auto Rickshaw Theft Complaint,"During the night of 2026-05-03, around 00:35, a red auto bearing registration number TN-72-ZZ-1050 used by the complainant for daily work was taken from Sevvanthi Colony Bus Stand Area in Vellore, according to the complaint recorded on 2026-05-05. Uma Raj approached Vellore Town PS to report the matter and can be reached on 9000000089. Anand Muthu (9000000280), described as a neighbour, was also mentioned in the complaint. A witness, Ramya Bai, reachable on 9000000232, was mentioned in the complaint. No identifying details of the suspected person were available at the time of registration. Potentially relevant material referenced includes physical documents and a vehicle observation.",Vehicle Theft,Auto Theft,Oral,05-05-2026,03-05-2026,00:35,Night,Sevvanthi Colony Bus Stand Area,Vellore,Tamil Nadu,Vellore Town PS,Uma Raj,9000000089,Uma Raj,9000000089,Unknown,NULL,Anand Muthu,9000000280,TN-72-ZZ-1050,Auto,NULL,Physical document; Vehicle observation,Ramya Bai,9000000232,Vehicle allegedly driven away after being left unattended.,Under Investigation,IO-VLR-001,NULL,Complaint,"auto theft, vehicle, documents, auto, witness, vehicle observation, bus stand, night"
FIR-2026-00405,Phishing Complaint,"The reported incident took place on 2026-05-01 (morning, 08:05): A caller claiming to be a bank executive asked the complainant to install a support application, after which Rs. 24,000 was withdrawn. Divya Sekar submitted the complaint online using the mobile number 9000000371. The complainant alleged that Logesh Karuppasamy may be involved and provided the mobile number 9000000198. Padmini Sri (9000000119) noticed the incident and may be able to provide a statement. Ganesh Shankar (9000000155), described as a friend of the suspect, was also mentioned in the complaint. Items referenced in the complaint: social media screenshots.",Cybercrime,Phishing,Online,06-05-2026,01-05-2026,08:05,Morning,Selvapuram Puram Main Street,Vellore,Tamil Nadu,Vellore North PS,Divya Sekar,9000000371,Divya Sekar,9000000371,Logesh Karuppasamy,9000000198,Ganesh Shankar,9000000155,NULL,None,NULL,Social media screenshot,Padmini Sri,9000000119,Caller allegedly posed as a bank executive and asked for remote access.,Pending Verification,IO-VLR-003,NULL,Preliminary Report,"phishing, suspicious link, suspect, witness, main street, associate, screenshot, morning"
FIR-2026-00406,Certificate Forgery Report,"According to the complaint registered on 2026-05-06, the complainant reported that a certificate submitted in a loan application near Roja Park Main Street in Coimbatore did not match the original. The incident is stated to have occurred on 2026-05-03 at about 17:25. The complaint was lodged by Yogesh Raj (9000000359). Harish Murugan (9000000180), described as a person who arranged the contact, was also mentioned in the complaint. Dinesh Subramani (mobile 9000000212) was named as a possible person of interest. Items referenced in the complaint: physical documents and digital documents. Records suggest a possible link with FIR-2026-00269, as the mobile number 9000000212 is associated with a suspect in both entries.",Forgery,Fake Certificate,Written,06-05-2026,03-05-2026,17:25,Evening,Roja Park Main Street,Coimbatore,Tamil Nadu,Coimbatore North PS,Yogesh Raj,9000000359,Yogesh Raj,9000000359,Dinesh Subramani,9000000212,Harish Murugan,9000000180,NULL,None,NULL,Physical document; Digital document,Unknown,NULL,Fake certificate reportedly arranged through an intermediary.,Under Investigation,IO-CBE-001,FIR-2026-00269,FIR,"fake certificate, forgery, mobile number, digital document, documents, evening, main street, suspect"
FIR-2026-00407,Job Offer Cheating Complaint,"According to the complaint registered on 2026-05-07, a person claiming to be a recruitment agent took Rs. 2,50,000 from the complainant for a job offer that did not materialise. The incident is stated to have occurred on 2026-04-30 at roughly 13:50. The complaint was lodged by Inban Babu (9000000448). Funds were reportedly sent to the account reference SYN-ACC-100006. Chandran Krishnan (9000000031) was mentioned as a person who was present nearby. A person named Vasanth Mani, associated with the number 9000000382, was mentioned as potentially relevant to the incident. A further person, Kavitha Sri, a relative of the suspect, using the number 9000000129, is stated to be associated with the incident. Potentially relevant material referenced includes a call detail reference.",Cheating,Job Offer Cheating,Written,07-05-2026,30-04-2026,13:50,Afternoon,Nallur Garden Residential Colony,Coimbatore,Tamil Nadu,Coimbatore North PS,Inban Babu,9000000448,Inban Babu,9000000448,Vasanth Mani,9000000382,Kavitha Sri,9000000129,NULL,None,SYN-ACC-100006,Call detail reference,Chandran Krishnan,9000000031,Agent reportedly issued a forged offer letter and became unreachable.,Pending Verification,IO-CBE-001,NULL,Complaint,"job fraud, cheating, mobile number, suspect, residential colony, call detail, receiving account, associate"
FIR-2026-00408,Certificate Forgery Report,"According to the complaint registered on 2026-05-07, a certificate carrying the details of the complainant was allegedly altered and submitted to obtain a benefit worth Rs. 2,50,000. The incident is stated to have occurred on 2026-05-04 at about 09:50. Contact details given by the complainant, Babu Selvam, include the number 9000000442. Karthik Rajan (9000000091) noticed the incident and may be able to provide a statement. The complainant alleged that Mathan Raman may be involved and provided the mobile number 9000000187. Potentially relevant material referenced includes physical documents and a witness statement.",Forgery,Fake Certificate,Written,07-05-2026,04-05-2026,09:50,Morning,Mangai Layout Shopping Complex,Namakkal,Tamil Nadu,Namakkal Town PS,Babu Selvam,9000000442,Babu Selvam,9000000442,Mathan Raman,9000000187,NULL,NULL,NULL,None,NULL,Physical document; Witness statement,Karthik Rajan,9000000091,Certificate allegedly altered and submitted with an application.,Under Investigation,IO-NKL-001,NULL,Preliminary Report,"fake certificate, forgery, morning, witness statement, suspect, witness, documents, shopping complex"
FIR-2026-00409,Vehicle Theft Complaint,"During the night of 2026-05-07, around 01:45, the complainant reported that a maroon auto bearing registration number TN-68-ZZ-1032 was missing from the stand near Vaigai Park Parking Area, according to the complaint recorded on 2026-05-07. Rajesh Mani submitted the complaint online using the mobile number 9000000409. A witness, Madhan Murugan, reachable on 9000000216, was mentioned in the complaint. The complainant alleged that Bharath Balan may be involved and provided the mobile number 9000000047. No supporting material was reported at the time of registration.",Vehicle Theft,Auto Theft,Online,07-05-2026,07-05-2026,01:45,Night,Vaigai Park Parking Area,Chennai,Tamil Nadu,Chennai South PS,Rajesh Mani,9000000409,Rajesh Mani,9000000409,Bharath Balan,9000000047,NULL,NULL,TN-68-ZZ-1032,Auto,NULL,None reported,Madhan Murugan,9000000216,Vehicle allegedly driven away after being left unattended.,Open,IO-CHN-006,NULL,Complaint,"auto theft, vehicle, night, mobile number, parking area, auto, witness, suspect"
FIR-2026-00410,Highway Incident Report,"It was alleged that the complainant was stopped on a stretch near Sindhu Puram Industrial Area by a few persons and a gold ring was taken. The matter was brought to Salem Town PS on 2026-05-07, while the incident was placed on 2026-05-07 around 20:25 hrs. Malathi Ammal approached Salem Town PS to report the matter and can be reached on 9000000345. Ajith Murugan (9000000225), described as a relative of the suspect, was also mentioned in the complaint. The complainant could not identify the person involved. A motorcycle bearing the number TN-33-XX-1009 was seen leaving the area. Items referenced in the complaint: CCTV footage.",Robbery,Highway Robbery,Written,07-05-2026,07-05-2026,20:25,Evening,Sindhu Puram Industrial Area,Salem,Tamil Nadu,Salem Town PS,Malathi Ammal,9000000345,Malathi Ammal,9000000345,Unknown,NULL,Ajith Murugan,9000000225,TN-33-XX-1009,Motorcycle,NULL,CCTV footage,Unknown,NULL,Suspects reportedly followed the victim before stopping the vehicle.,Under Investigation,IO-SLM-002,NULL,FIR,"highway robbery, roadside, associate, industrial area, motorcycle, evening, CCTV"
FIR-2026-00411,Bank Phishing Link Complaint,"The reported incident took place on 2026-05-09 (night, 01:55): A message about KYC expiry led the complainant to a website where account credentials were entered, and Rs. 18,500 was transferred out. Contact details given by the complainant, Harish Pandian, include the number 9000000199. The complainant could not identify the person but reported communication from the number 9000000198. Ganesh Shankar (9000000155), described as a co-worker, was also mentioned in the complaint. Transaction details refer to the receiving account SYN-ACC-100021. A witness, Pavithra Bai, reachable on 9000000006, was mentioned in the complaint. The complainant mentioned social media screenshots and a call detail reference.",Cybercrime,Phishing,Written,09-05-2026,09-05-2026,01:55,Night,Selvapuram Puram Main Street,Vellore,Tamil Nadu,Vellore North PS,Harish Pandian,9000000199,Harish Pandian,9000000199,Unknown,9000000198,Ganesh Shankar,9000000155,NULL,None,SYN-ACC-100021,Social media screenshot; Call detail reference,Pavithra Bai,9000000006,Caller allegedly posed as a bank executive and asked for remote access.,Pending Verification,IO-VLR-004,NULL,FIR,"phishing, suspicious link, receiving account, night, screenshot, associate, main street, witness"
FIR-2026-00412,Loan Processing Fee Fraud Complaint,"A online complaint dated 2026-05-10 states that the complainant paid Rs. 3,50,000 as a processing fee for a promised loan that was never disbursed, on 2026-04-30 at roughly 13:15. The online submission was made by Gunasekar Murugan (9000000210). The complaint refers to Udhay Muthu, a neighbour, reachable on 9000000352. A person named Madhan Babu, associated with the number 9000000490, was mentioned as potentially relevant to the incident. The complainant mentioned the account SYN-ACC-100044 as the destination of the transfer. The complainant mentioned social media screenshots and transaction records. Records suggest a possible link with FIR-2026-00371, as the mobile number 9000000490 is associated with a suspect in both entries.",Financial Fraud,Loan Fraud,Online,10-05-2026,30-04-2026,13:15,Afternoon,Sindhu Garden Residential Colony,Erode,Tamil Nadu,Erode South PS,Gunasekar Murugan,9000000210,Gunasekar Murugan,9000000210,Madhan Babu,9000000490,Udhay Muthu,9000000352,NULL,None,SYN-ACC-100044,Social media screenshot; Transaction record,Unknown,NULL,Advance processing fee allegedly collected for a loan that was not disbursed.,Pending Verification,IO-ERD-006,FIR-2026-00371,Preliminary Report,"loan fraud, processing fee, mobile number, receiving account, suspect, residential colony, afternoon, associate"
FIR-2026-00413,Auto Rickshaw Theft Complaint,"The reported incident took place on 2026-05-10 (night, 22:30): A black auto bearing registration number TN-01-XX-1033 used by the complainant for daily work was taken from Nila Nagar Bus Stand Area. The online submission was made by Selvam Babu (9000000065). Suspicion was reportedly directed towards Vijay Raman, using the number 9000000350. A further person, Nithin Velan, a relative of the suspect, using the number 9000000004, is stated to be associated with the incident. The complainant mentioned CCTV footage and a vehicle observation.",Vehicle Theft,Auto Theft,Online,10-05-2026,10-05-2026,22:30,Night,Nila Nagar Bus Stand Area,Chennai,Tamil Nadu,Chennai North PS,Selvam Babu,9000000065,Selvam Babu,9000000065,Vijay Raman,9000000350,Nithin Velan,9000000004,TN-01-XX-1033,Auto,NULL,CCTV footage; Vehicle observation,Unknown,NULL,Vehicle allegedly driven away after being left unattended.,Open,IO-CHN-004,NULL,Complaint,"auto theft, vehicle, associate, mobile number, CCTV, night, auto, bus stand"
FIR-2026-00414,Shop Stock Theft Report,"On 2026-05-10 at about 19:55, it was reported that goods worth about Rs. 85,000 (cosmetic products) were found missing from Thendral Mobiles, a shop near Anbu Park Main Street. Padmini Sri approached Trichy Central PS to report the matter and can be reached on 9000000119. The complainant is associated with the business Thendral Mobiles. The complaint mentions Nithin Velan, who was reportedly contacted on 9000000004, in connection with the events. Siva Sekar (9000000284) was mentioned as a person who was present nearby. The complainant mentioned photographs and CCTV footage. Records suggest a possible link with FIR-2026-00360, as the mobile number 9000000004 is associated with a suspect in both entries.",Theft,Shop Theft,Written,10-05-2026,10-05-2026,19:55,Evening,Anbu Park Main Street,Trichy,Tamil Nadu,Trichy Central PS,Padmini Sri,9000000119,Padmini Sri,9000000119,Nithin Velan,9000000004,NULL,NULL,NULL,None,NULL,Photograph; CCTV footage,Siva Sekar,9000000284,Suspect allegedly posed as a customer and took items while staff were attending to others.,Under Investigation,IO-TRY-002,FIR-2026-00360,FIR,"shop theft, stock, mobile number, witness, suspect, photograph, main street, CCTV"
FIR-2026-00415,Defacement of Property Report,"According to the complaint registered on 2026-05-12, a parked car of the complainant near Roja Colony Residential Colony was defaced and partly broken. The incident is stated to have occurred on 2026-05-12 at about 03:35. The complaint was lodged by Indhu Sri (9000000243). Elango Shankar (mobile 9000000317) was named as a possible person of interest. No independent witness was identified at the time of registration. The complaint refers to Sanjay Mani, an intermediary, reachable on 9000000120. The complainant mentioned photographs and CCTV footage. Records suggest a possible link with FIR-2026-00379, as the mobile number 9000000317 is associated with a suspect in both entries.",Property Crime,Vandalism,Oral,12-05-2026,12-05-2026,03:35,Night,Roja Colony Residential Colony,Trichy,Tamil Nadu,Trichy Fort PS,Indhu Sri,9000000243,Indhu Sri,9000000243,Elango Shankar,9000000317,Sanjay Mani,9000000120,NULL,None,NULL,Photograph; CCTV footage,Unknown,NULL,Unidentified persons allegedly damaged the property while it was unattended.,Under Investigation,IO-TRY-004,FIR-2026-00379,Complaint,"vandalism, property damage, residential colony, CCTV, associate, mobile number, photograph, night"
FIR-2026-00416,Missing Person Complaint,"On 2026-05-12 at approximately 23:10, it was reported that the cousin of the complainant, Rakesh Krishnan, aged 21, left for a visit to relatives and could not be contacted afterwards; last seen near Vetri Nagar Shopping Complex in Madurai. The complaint was lodged by Venkat Kumar (9000000274), a family member of Rakesh Krishnan, whose last active mobile number is noted as 9000000381. No identifying details of the suspected person were available at the time of registration. A witness, Nithin Thangaraj, reachable on 9000000252, was mentioned in the complaint. Items referenced in the complaint: social media screenshots.",Missing Person,Missing Student,Written,13-05-2026,12-05-2026,23:10,Night,Vetri Nagar Shopping Complex,Madurai,Tamil Nadu,Madurai Central PS,Venkat Kumar,9000000274,Rakesh Krishnan,9000000381,Unknown,NULL,NULL,NULL,NULL,None,NULL,Social media screenshot,Nithin Thangaraj,9000000252,Mobile phone allegedly switched off shortly after leaving the campus area.,Under Investigation,IO-MDU-001,NULL,Complaint,"missing person, student, screenshot, witness, night, shopping complex"
FIR-2026-00417,Job Offer Cheating Complaint,"As per the FIR recorded on 2026-05-15, a person claiming to be a recruitment agent took Rs. 2,50,000 from the complainant for a job offer that did not materialise. The time of the incident was given as 15:25 on 2026-05-13. Tamilselvi Devi approached Coimbatore North PS to report the matter and can be reached on 9000000452. The account reference SYN-ACC-100066 linked to the complainant was mentioned in relation to the transactions. Suspicion was reportedly directed towards Karthik Shankar, using the number 9000000306. The complainant mentioned a bank transaction reference and a call detail reference.",Cheating,Job Offer Cheating,Written,15-05-2026,13-05-2026,15:25,Afternoon,Nallur Garden Residential Colony,Coimbatore,Tamil Nadu,Coimbatore North PS,Tamilselvi Devi,9000000452,Tamilselvi Devi,9000000452,Karthik Shankar,9000000306,NULL,NULL,NULL,None,SYN-ACC-100066,Bank transaction reference; Call detail reference,Unknown,NULL,Agent reportedly issued a forged offer letter and became unreachable.,Under Investigation,IO-CBE-002,NULL,FIR,"job fraud, cheating, residential colony, mobile number, bank reference, bank account, call detail, afternoon"
FIR-2026-00418,Online Shopping Fraud Complaint,"The reported incident took place on 2026-05-17 (morning, 09:35): The complainant paid Rs. 15,000 for an item advertised on a social media page, but the item never arrived and the seller stopped responding. Contact details given by the complainant, Senthil Raman, include the number 9000000308. The complaint mentions Senthil Natarajan, who was reportedly contacted on 9000000262, in connection with the events. Transactions from the account SYN-ACC-100049, held by the complainant, were referred to in the complaint. The complaint refers to Mathan Raman, an intermediary, reachable on 9000000187. The complainant mentioned social media screenshots, mobile phone records and digital documents. Records suggest a possible link with FIR-2026-00383, as the mobile number 9000000262 is associated with a suspect in both entries.",Cybercrime,Online Shopping Fraud,Written,18-05-2026,17-05-2026,09:35,Morning,Nallur Garden Residential Colony,Coimbatore,Tamil Nadu,Coimbatore North PS,Senthil Raman,9000000308,Senthil Raman,9000000308,Senthil Natarajan,9000000262,Mathan Raman,9000000187,NULL,None,SYN-ACC-100049,Social media screenshot; Mobile phone record; Digital document,Unknown,NULL,Victim reportedly paid in advance and was blocked by the seller.,Pending Verification,IO-CBE-002,FIR-2026-00383,FIR,"online shopping fraud, fake seller, phone records, morning, associate, suspect, screenshot, residential colony"
FIR-2026-00419,Missing Adult Complaint,"During the morning of 2026-05-16, around 07:00, Harish Selvam, aged 30, could not be traced after leaving home for a temple visit; the last sighting was near Nallur Puram Market Road, according to the complaint recorded on 2026-05-19. The complaint was lodged by Tamilarasan Palanisamy (9000000023), a family member of Harish Selvam, whose last active mobile number is noted as 9000000205. No independent witness was identified at the time of registration. Hariharan Subramani (9000000044), described as a person who arranged the contact, was also mentioned in the complaint. The complainant could not identify the person involved. Potentially relevant material referenced includes photographs.",Missing Person,Missing Adult,Written,19-05-2026,16-05-2026,07:00,Morning,Nallur Puram Market Road,Chennai,Tamil Nadu,Chennai West PS,Tamilarasan Palanisamy,9000000023,Harish Selvam,9000000205,Unknown,NULL,Hariharan Subramani,9000000044,NULL,None,NULL,Photograph,Unknown,NULL,Person reportedly left the residence and could not be contacted afterwards.,Under Investigation,IO-CHN-007,NULL,FIR,"missing person, adult, associate, photograph, market road, morning"
FIR-2026-00420,Cyber Fraud Complaint,"During the night of 2026-05-18, around 00:20, a message about KYC expiry led the complainant to a website where account credentials were entered, and Rs. 58,000 was transferred out, according to the complaint recorded on 2026-05-25. The online submission was made by Sanjay Raj (9000000083). The account reference SYN-ACC-100062 linked to the complainant was mentioned in relation to the transactions. Mathan Raman (mobile 9000000187) was named as a possible person of interest. No independent witness was identified at the time of registration. No supporting material was reported at the time of registration.",Cybercrime,Phishing,Online,25-05-2026,18-05-2026,00:20,Night,Alli Colony College Road,Vellore,Tamil Nadu,Vellore Town PS,Sanjay Raj,9000000083,Sanjay Raj,9000000083,Mathan Raman,9000000187,NULL,NULL,NULL,None,SYN-ACC-100062,None reported,Unknown,NULL,Caller allegedly posed as a bank executive and asked for remote access.,Pending Verification,IO-VLR-001,NULL,FIR,"phishing, suspicious link, night, suspect, bank account, mobile number, college road"
FIR-2026-00421,Employment Fraud Complaint,"As per the complaint recorded on 2026-05-26, the complainant paid Rs. 40,000 to a person who promised a job placement, but no appointment order was provided and calls went unanswered. The time of the incident was given as 09:00 on 2026-05-24. The complaint was lodged by Sanjay Raj (9000000083). Ramya Bai was mentioned as a person who was present nearby, but no contact number was available. The complaint mentions Gopal Mani, who was reportedly contacted on 9000000457, in connection with the events. Another person, Madhan Babu, using the number 9000000490, was named as potentially involved. A further person, Logesh Karuppasamy, a friend of the suspect, using the number 9000000198, is stated to be associated with the incident. The complainant mentioned digital documents, social media screenshots and physical documents.",Cheating,Job Offer Cheating,Written,26-05-2026,24-05-2026,09:00,Morning,Sindhu Garden Residential Colony,Erode,Tamil Nadu,Erode South PS,Sanjay Raj,9000000083,Sanjay Raj,9000000083,Gopal Mani,9000000457,Logesh Karuppasamy,9000000198,NULL,None,NULL,Digital document; Social media screenshot; Physical document,Ramya Bai,NULL,Agent reportedly issued a forged offer letter and became unreachable.,Pending Verification,IO-ERD-006,NULL,Complaint,"job fraud, cheating, screenshot, morning, residential colony, associate, mobile number, digital document"
FIR-2026-00422,Online Threat for Money Complaint,"It was alleged that the complainant received messages threatening to circulate private material online unless Rs. 10,000 was paid. The matter was brought to Madurai Central PS on 2026-05-27, while the incident was placed on 2026-05-27 at roughly 14:00. Mythili Selvi reported the matter orally at Madurai Central PS; the contact number given was 9000000244. Murugan Sundaram (9000000207) noticed the incident and may be able to provide a statement. The complainant mentioned the account SYN-ACC-100090 as the destination of the transfer. A person named Udhay Anand, associated with the number 9000000125, was mentioned as potentially relevant to the incident. No supporting material was reported at the time of registration. Records suggest a possible link with FIR-2026-00391, as the mobile number 9000000125 is associated with a suspect in both entries.",Extortion,Digital Blackmail,Oral,27-05-2026,27-05-2026,14:00,Afternoon,Vetri Nagar Shopping Complex,Madurai,Tamil Nadu,Madurai Central PS,Mythili Selvi,9000000244,Mythili Selvi,9000000244,Udhay Anand,9000000125,NULL,NULL,NULL,None,SYN-ACC-100090,None reported,Murugan Sundaram,9000000207,Suspect allegedly used online messages to demand money.,Open,IO-MDU-001,FIR-2026-00391,FIR,"blackmail, online threat, afternoon, receiving account, shopping complex, suspect, witness, mobile number"
FIR-2026-00423,House Burglary Complaint,"It was alleged that the complainant returned to the residence near Sindhu Garden Residential Colony and found the door forced open, with a television and a music system missing. The matter was brought to Erode South PS on 2026-05-27, while the incident was placed on 2026-05-27 at about 20:00. The online submission was made by Eswari Sri (9000000024). Suspicion was reportedly directed towards Mohan Sekar, using the number 9000000168. Vignesh Babu (9000000271), described as a driver, was also mentioned in the complaint. The complainant mentioned CCTV footage and photographs.",Burglary,House Burglary,Online,27-05-2026,27-05-2026,20:00,Evening,Sindhu Garden Residential Colony,Erode,Tamil Nadu,Erode South PS,Eswari Sri,9000000024,Eswari Sri,9000000024,Mohan Sekar,9000000168,Vignesh Babu,9000000271,NULL,None,NULL,CCTV footage; Photograph,Unknown,NULL,Suspects reportedly targeted the house while the family was away.,Under Investigation,IO-ERD-006,NULL,Complaint,"burglary, house break-in, CCTV, residential colony, associate, suspect, mobile number, photograph"
FIR-2026-00424,Phishing Complaint,"The reported incident took place on 2026-05-23 (morning, 08:05): A message about KYC expiry led the complainant to a website where account credentials were entered, and Rs. 9,900 was transferred out. The complaint was lodged by Geetha Kumari (9000000202). Udhay Muthu (9000000352), described as a driver, was also mentioned in the complaint. Suspicion was reportedly directed towards Jagan Anand, using the number 9000000165. Funds were reportedly sent to the account reference SYN-ACC-100089. Items referenced in the complaint: transaction records and mobile phone records.",Cybercrime,Phishing,Written,29-05-2026,23-05-2026,08:05,Morning,Mullai Park Shopping Complex,Chennai,Tamil Nadu,Chennai South PS,Geetha Kumari,9000000202,Geetha Kumari,9000000202,Jagan Anand,9000000165,Udhay Muthu,9000000352,NULL,None,SYN-ACC-100089,Transaction record; Mobile phone record,Unknown,NULL,Caller allegedly posed as a bank executive and asked for remote access.,Pending Verification,IO-CHN-006,NULL,FIR,"phishing, suspicious link, associate, mobile number, shopping complex, morning, suspect, phone records"
FIR-2026-00425,Investment Fraud Complaint,"According to the complaint registered on 2026-05-29, the complainant invested Rs. 12,00,000 in a scheme promising fixed monthly returns, but payouts stopped after two months. The incident is stated to have occurred on 2026-05-24 at roughly 11:05. Madhan Rajan submitted the complaint online using the mobile number 9000000143. The complaint refers to Divya Murugan, a neighbour, reachable on 9000000333. No independent witness was identified at the time of registration. The complainant alleged that Ajith Nathan may be involved and provided the mobile number 9000000297. Records suggest a possible link with FIR-2026-00398, as the mobile number 9000000297 is associated with a suspect in both entries.",Financial Fraud,Investment Fraud,Online,29-05-2026,24-05-2026,11:05,Morning,Sindhu Garden Residential Colony,Erode,Tamil Nadu,Erode South PS,Madhan Rajan,9000000143,Madhan Rajan,9000000143,Ajith Nathan,9000000297,Divya Murugan,9000000333,NULL,None,NULL,Physical document,Unknown,NULL,Scheme reportedly promoted through a messaging group.,Under Investigation,IO-ERD-005,FIR-2026-00398,Complaint,"investment fraud, high returns, associate, suspect, documents, morning, mobile number, residential colony"
FIR-2026-00426,High-Return Scheme Complaint,"According to the complaint registered on 2026-05-29, a person promoting a trading group collected Rs. 8,00,000 from the complainant with an assurance of high returns. The incident is stated to have occurred on 2026-05-27 at approximately 11:50. The account reference SYN-ACC-100041 was noted in connection with the payment. Suspicion was reportedly directed towards Gopal Mani, using the number 9000000457. A witness, Ramya Bai, reachable on 9000000232, was mentioned in the complaint. Potentially relevant material referenced includes digital documents.",Financial Fraud,Investment Fraud,Online,29-05-2026,27-05-2026,11:50,Morning,Mynthan Colony Main Street,Erode,Tamil Nadu,Erode North PS,Padmini Bai,9000000447,Padmini Bai,9000000447,Gopal Mani,9000000457,NULL,NULL,NULL,None,SYN-ACC-100041,Digital document,Ramya Bai,9000000232,Scheme reportedly promoted through a messaging group.,Under Investigation,IO-ERD-003,NULL,FIR,"investment fraud, high returns, witness, morning, receiving account, suspect, mobile number, main street"
FIR-2026-00427,Retail Theft Complaint,"According to the complaint registered on 2026-05-29, an unidentified customer allegedly took grocery stock worth Rs. 25,000 from Nila Electronics near Senthil Garden Main Street. The incident is stated to have occurred on 2026-05-29 at roughly 12:35. Contact details given by the complainant, Dharani Anand, include the number 9000000114. The complainant is associated with the business Nila Electronics. The complaint mentions Rajesh Chandran, who was reportedly contacted on 9000000486, in connection with the events. The complaint refers to Ajith Murugan, a driver, reachable on 9000000225. No supporting material was reported at the time of registration.",Theft,Shop Theft,Written,29-05-2026,29-05-2026,12:35,Afternoon,Senthil Garden Main Street,Salem,Tamil Nadu,Salem West PS,Dharani Anand,9000000114,Dharani Anand,9000000114,Rajesh Chandran,9000000486,Ajith Murugan,9000000225,NULL,None,NULL,None reported,Unknown,NULL,Suspect allegedly posed as a customer and took items while staff were attending to others.,Open,IO-SLM-006,NULL,Preliminary Report,"shop theft, stock, associate, afternoon, suspect, main street, mobile number"
FIR-2026-00428,Missing Person Report,"As per the complaint recorded on 2026-05-29, the brother of the complainant, Divya Sekar, aged 35, left for a local errand and did not return; the last known location was near Neithal Colony Residential Colony. The time of the incident was given as 23:50 on 2026-05-29. The complaint was lodged by Dharani Prakash (9000000213), a family member of Divya Sekar, whose last active mobile number is noted as 9000000371. Udhay Anand, reachable on 9000000125, was named as someone who may have spoken to the missing person recently. Potentially relevant material referenced includes CCTV footage. Records suggest a possible link with FIR-2026-00422, as the mobile number 9000000125 is associated with a suspect in both entries.",Missing Person,Missing Adult,Written,29-05-2026,29-05-2026,23:50,Night,Neithal Colony Residential Colony,Namakkal,Tamil Nadu,Namakkal Town PS,Dharani Prakash,9000000213,Divya Sekar,9000000371,Udhay Anand,9000000125,NULL,NULL,NULL,None,NULL,CCTV footage,Unknown,NULL,Mobile phone reportedly switched off after the last known call.,Under Investigation,IO-NKL-002,FIR-2026-00422,Complaint,"missing person, adult, residential colony, night, mobile number, CCTV, suspect"
FIR-2026-00429,Vandalism Complaint,"A oral complaint dated 2026-05-31 states that unidentified persons allegedly damaged a parked car of the complainant near Iniyan Colony Apartment Complex at night, on 2026-05-30 at roughly 03:15. The complainant could not identify the person involved. The complaint refers to Dinesh Balan, an intermediary, reachable on 9000000363. The complainant mentioned CCTV footage and photographs.",Property Crime,Vandalism,Oral,31-05-2026,30-05-2026,03:15,Night,Iniyan Colony Apartment Complex,Tiruppur,Tamil Nadu,Tiruppur Central PS,Buvaneswari Kannan,9000000331,Buvaneswari Kannan,9000000331,Unknown,NULL,Dinesh Balan,9000000363,NULL,None,NULL,CCTV footage; Photograph,Unknown,NULL,Property reportedly defaced late at night.,Closed,IO-TUP-002,NULL,Complaint,"vandalism, property damage, associate, CCTV, apartment complex, night, photograph"
FIR-2026-00430,Mobile Handset Theft Report,"A written complaint dated 2026-06-01 states that a smartphone in a blue cover was allegedly snatched from the hand of the complainant at Nallur Park Main Street by a person who left quickly, on 2026-05-30 at approximately 17:40. The complaint was lodged by Kumaran Prakash (9000000476). The identity of the person involved remains unknown at this stage. Potentially relevant material referenced includes CCTV footage and photographs.",Theft,Mobile Theft,Written,01-06-2026,30-05-2026,17:40,Evening,Nallur Park Main Street,Chennai,Tamil Nadu,Chennai North PS,Kumaran Prakash,9000000476,Kumaran Prakash,9000000476,Unknown,NULL,NULL,NULL,NULL,None,NULL,CCTV footage; Photograph,Unknown,NULL,Phone allegedly lifted during a brief distraction in a crowded area.,Open,IO-CHN-003,NULL,FIR,"mobile theft, smartphone, CCTV, evening, photograph, main street"
FIR-2026-00431,Harassment Calls Report,"As per the FIR recorded on 2026-06-01, the complainant reported constant unwanted calls at odd hours from a person who refused to stop. The time of the incident was given as 12:25 on 2026-06-01. The complainant, Abirami Sekar, provided the contact number 9000000186. A witness, Rajesh Krishnan, reachable on 9000000167, was mentioned in the complaint. Ganesh Shankar (mobile 9000000155) was named as a possible person of interest. The complainant mentioned mobile phone records.",Harassment,Phone Harassment,Written,01-06-2026,01-06-2026,12:25,Afternoon,Ezhil Garden Shopping Complex,Karur,Tamil Nadu,Karur East PS,Abirami Sekar,9000000186,Abirami Sekar,9000000186,Ganesh Shankar,9000000155,NULL,NULL,NULL,None,NULL,Mobile phone record,Rajesh Krishnan,9000000167,Repeated calls and messages allegedly sent from the same number.,Closed,IO-KRR-004,NULL,FIR,"harassment, phone calls, shopping complex, suspect, afternoon, witness, phone records, mobile number"
FIR-2026-00432,Wallet Theft Report,"On 2026-06-02 at about 16:50, it was reported that the complainant found the pocket emptied of cash (about Rs. 3,000) after boarding a crowded bus near Sevvanthi Colony Bus Stand Area in Vellore. Indhu Sri approached Vellore Town PS to report the matter and can be reached on 9000000243. The complainant alleged that Sanjay Anand may be involved and provided the mobile number 9000000477. No independent witness was identified at the time of registration. Records suggest a possible link with FIR-2026-00344, as the mobile number 9000000477 is associated with a suspect in both entries.",Theft,Pickpocketing,Written,02-06-2026,02-06-2026,16:50,Afternoon,Sevvanthi Colony Bus Stand Area,Vellore,Tamil Nadu,Vellore Town PS,Indhu Sri,9000000243,Indhu Sri,9000000243,Sanjay Anand,9000000477,NULL,NULL,NULL,None,NULL,CCTV footage,Unknown,NULL,Reported theft occurred while the victim was boarding a bus.,Under Investigation,IO-VLR-001,FIR-2026-00344,FIR,"pickpocketing, wallet, afternoon, bus stand, CCTV, suspect, mobile number"
FIR-2026-00433,Advance Payment Cheating Complaint,"A written complaint dated 2026-06-05 states that an advance of Rs. 40,000 was collected from the complainant for an event catering booking near Nallur Park Main Street in Chennai, after which the person became unreachable, on 2026-05-31 at roughly 09:30. Contact details given by the complainant, Priya Selvi, include the number 9000000128. An unidentified associate was also mentioned by the complainant. Suspicion was reportedly directed towards Vijay Raman, using the number 9000000350. Items referenced in the complaint: physical documents and a call detail reference. Records suggest a possible link with FIR-2026-00413, as the mobile number 9000000350 is associated with a suspect in both entries.",Cheating,Advance Payment Cheating,Written,05-06-2026,31-05-2026,09:30,Morning,Nallur Park Main Street,Chennai,Tamil Nadu,Chennai North PS,Priya Selvi,9000000128,Priya Selvi,9000000128,Vijay Raman,9000000350,Unknown,NULL,NULL,None,NULL,Physical document; Call detail reference,Unknown,NULL,Payee reportedly stopped taking calls after receiving the advance.,Pending Verification,IO-CHN-004,FIR-2026-00413,FIR,"advance payment, cheating, mobile number, main street, documents, suspect, morning, call detail"
FIR-2026-00434,Document Forgery Report,"According to the complaint registered on 2026-06-11, a document allegedly prepared using forged details of the complainant was used to seek a payment of Rs. 50,000. The incident is stated to have occurred on 2026-06-08 at about 16:20. The complaint mentions Anand Palanisamy, who was reportedly contacted on 9000000093, in connection with the events. A second person, Anand Muthu (9000000280), was also mentioned as possibly present. The account reference SYN-ACC-100029 was noted in connection with the payment. Kavitha Selvam (9000000099) was mentioned as a person who was present nearby. The complainant mentioned physical documents.",Forgery,Forged Document,Written,11-06-2026,08-06-2026,16:20,Afternoon,Vaigai Layout Market Road,Tiruppur,Tamil Nadu,Tiruppur North PS,Vasanth Raman,9000000051,Vasanth Raman,9000000051,Anand Palanisamy,9000000093,NULL,NULL,NULL,None,SYN-ACC-100029,Physical document,Kavitha Selvam,9000000099,Document allegedly altered before submission.,Open,IO-TUP-004,NULL,FIR,"forgery, forged document, mobile number, market road, documents, suspect, receiving account, witness"
FIR-2026-00435,Purse Theft Complaint,"The reported incident took place on 2026-06-11 (evening, 17:00): The complainant found the pocket emptied of cash (about Rs. 6,000) after boarding a crowded bus near Oviya Colony Railway Station Road. Gayathri Krishnan approached Erode South PS to report the matter and can be reached on 9000000387. The incident reportedly occurred on or near a bus bearing registration TN-58-ZZ-1035. The complaint mentions Hariharan Subramani, who was reportedly contacted on 9000000044, in connection with the events.",Theft,Pickpocketing,Written,11-06-2026,11-06-2026,17:00,Evening,Oviya Colony Railway Station Road,Erode,Tamil Nadu,Erode South PS,Gayathri Krishnan,9000000387,Gayathri Krishnan,9000000387,Hariharan Subramani,9000000044,NULL,NULL,TN-58-ZZ-1035,Bus,NULL,Vehicle observation,Unknown,NULL,Wallet allegedly lifted from a pocket in a crowded queue.,Open,IO-ERD-005,NULL,FIR,"pickpocketing, wallet, evening, bus, suspect, vehicle observation, mobile number, railway station road"
FIR-2026-00436,Unauthorised Bank Transfer Complaint,"As per the preliminary report recorded on 2026-06-12, a series of small debits adding up to Rs. 2,40,000 appeared in the statement of the complainant without any authorisation. The time of the incident was given as 10:35 on 2026-06-07. Anand Natarajan submitted the complaint online using the mobile number 9000000327. Gunasekar Anand (9000000050), described as a friend of the suspect, was also mentioned in the complaint. Suspicion was reportedly directed towards Sathish Ramasamy, using the number 9000000209. The account reference SYN-ACC-100091 was noted in connection with the payment. No independent witness was identified at the time of registration. Potentially relevant material referenced includes digital documents and mobile phone records.",Financial Fraud,Bank Transaction Fraud,Online,12-06-2026,07-06-2026,10:35,Morning,Sindhu Garden Residential Colony,Erode,Tamil Nadu,Erode South PS,Anand Natarajan,9000000327,Anand Natarajan,9000000327,Sathish Ramasamy,9000000209,Gunasekar Anand,9000000050,NULL,None,SYN-ACC-100091,Digital document; Mobile phone record,Unknown,NULL,Multiple small transfers reportedly made in quick succession.,Open,IO-ERD-005,NULL,Preliminary Report,"bank fraud, unauthorised transaction, associate, mobile number, phone records, digital document, receiving account, morning"
FIR-2026-00437,Vehicle Sale Cheating Complaint,"The reported incident took place on 2026-06-11 (afternoon, 12:55): The complainant paid Rs. 1,50,000 for a maroon motorcycle bearing registration number TN-45-XX-1060 sold as second-hand, but the ownership transfer was not completed and the seller became unreachable. The complainant alleged that Hariharan Prakash may be involved and provided the mobile number 9000000017. A witness, Dinesh Subramani, reachable on 9000000212, was mentioned in the complaint. Records suggest a possible link with FIR-2026-00266, as the mobile number 9000000017 is associated with a suspect in both entries.",Cheating,Second-hand Vehicle Sale Cheating,Oral,14-06-2026,11-06-2026,12:55,Afternoon,Amudham Nagar Main Street,Madurai,Tamil Nadu,Madurai North PS,Rajeshwari Ammal,9000000242,Rajeshwari Ammal,9000000242,Hariharan Prakash,9000000017,NULL,NULL,TN-45-XX-1060,Motorcycle,NULL,Physical document; Witness statement,Dinesh Subramani,9000000212,Seller reportedly shared doubtful papers and stopped responding.,Closed,IO-MDU-003,FIR-2026-00266,FIR,"vehicle sale, cheating, suspect, mobile number, motorcycle, witness statement, afternoon, documents"
FIR-2026-00438,Missing Person Report,"A written complaint dated 2026-06-14 states that the cousin of the complainant, Sangeetha Bai, aged 57, left for a local errand and did not return; the last known location was near Nallur Colony College Road, on 2026-06-14 around 11:10 hrs. Mathan Chandran (9000000343), described as a neighbour, was also mentioned in the complaint. The identity of the person involved remains unknown at this stage. Praveen Balan was mentioned as a person who was present nearby, but no contact number was available. The complainant mentioned photographs.",Missing Person,Missing Adult,Written,14-06-2026,14-06-2026,11:10,Morning,Nallur Colony College Road,Madurai,Tamil Nadu,Madurai North PS,Ramya Bai,9000000232,Sangeetha Bai,NULL,Unknown,NULL,Mathan Chandran,9000000343,NULL,None,NULL,Photograph,Praveen Balan,NULL,Last known location noted near a public transport point.,Under Investigation,IO-MDU-004,NULL,Complaint,"missing person, adult, photograph, associate, morning, witness, college road"
FIR-2026-00439,Property Damage Complaint,"On 2026-06-16 around 21:05 hrs, it was reported that Tamilarasan Karuppasamy found that the main gate near Poongodi Layout Residential Colony in Tiruppur had been damaged overnight, causing a loss of roughly Rs. 90,000. The complaint was lodged by Jothi Murugan (9000000142) on behalf of Tamilarasan Karuppasamy, whose contact number is given as 9000000425. The complainant alleged that Anand Palanisamy may be involved and provided the mobile number 9000000093. The complaint refers to Dinesh Balan, a relative of the suspect, reachable on 9000000363. Padmini Raj (9000000032) noticed the incident and may be able to provide a statement. A second person, Anand Muthu (9000000280), was also mentioned as possibly present. Potentially relevant material referenced includes CCTV footage.",Property Crime,Property Damage,Online,16-06-2026,16-06-2026,21:05,Night,Poongodi Layout Residential Colony,Tiruppur,Tamil Nadu,Tiruppur Central PS,Jothi Murugan,9000000142,Tamilarasan Karuppasamy,9000000425,Anand Palanisamy,9000000093,Dinesh Balan,9000000363,NULL,None,NULL,CCTV footage,Padmini Raj,9000000032,Damage reportedly caused overnight by unidentified persons.,Pending Verification,IO-TUP-001,NULL,FIR,"property damage, vandalism, night, witness, mobile number, residential colony, CCTV, associate"
FIR-2026-00440,Cyber Fraud Complaint,"It was alleged that the complainant received an SMS with a link resembling a bank notification; after entering card details on the page, Rs. 75,000 was debited. The matter was brought to Trichy Central PS on 2026-06-16, while the incident was placed on 2026-06-16 around 15:25 hrs. The online submission was made by Deviga Murugan (9000000058). The complainant could not identify the person involved. Transactions from the account SYN-ACC-100092, held by the complainant, were referred to in the complaint. No supporting material was reported at the time of registration.",Cybercrime,Phishing,Online,16-06-2026,16-06-2026,15:25,Afternoon,Mynthan Nagar Apartment Complex,Trichy,Tamil Nadu,Trichy Central PS,Deviga Murugan,9000000058,Deviga Murugan,9000000058,Unknown,NULL,NULL,NULL,NULL,None,SYN-ACC-100092,None reported,Unknown,NULL,Fraudulent KYC-update message allegedly used to collect account credentials.,Under Investigation,IO-TRY-001,NULL,Complaint,"phishing, suspicious link, apartment complex, afternoon, bank account"
FIR-2026-00441,Suspicious Transaction Complaint,"During the afternoon of 2026-06-16, around 16:45, several unauthorised transfers totalling Rs. 3,50,000 were noticed in the account of the complainant, according to the complaint recorded on 2026-06-17. The complainant alleged that Ajith Nathan may be involved and provided the mobile number 9000000297. The account reference SYN-ACC-100044 was noted in connection with the payment. A further person, Murugan Sundaram, a person who arranged the contact, using the number 9000000207, is stated to be associated with the incident. Items referenced in the complaint: transaction records. Records suggest a possible link with FIR-2026-00367, as the mobile number 9000000297 is associated with a suspect in both entries.",Financial Fraud,Bank Transaction Fraud,Online,17-06-2026,16-06-2026,16:45,Afternoon,Mynthan Colony Main Street,Erode,Tamil Nadu,Erode North PS,Tamilselvi Devi,9000000452,Tamilselvi Devi,9000000452,Ajith Nathan,9000000297,Murugan Sundaram,9000000207,NULL,None,SYN-ACC-100044,Transaction record,Unknown,NULL,Funds reportedly routed through a chain of accounts.,Pending Verification,IO-ERD-004,FIR-2026-00367,Complaint,"bank fraud, unauthorised transaction, suspect, afternoon, main street, receiving account, mobile number, transaction record"
FIR-2026-00442,Online Payment Fraud Complaint,"The reported incident took place on 2026-06-17 (evening, 18:35): The complainant scanned a QR code shared by a caller who spoke of a refund, and Rs. 45,000 was debited instead. Contact details given by the complainant, Sanjay Raj, include the number 9000000083. Rajesh Rajan (9000000302) was mentioned as a person who was present nearby. Gopal Mani (mobile 9000000457) was named as a possible person of interest. The complaint refers to Murugan Sundaram, a relative of the suspect, reachable on 9000000207. Transaction details refer to the receiving account SYN-ACC-100041. Items referenced in the complaint: social media screenshots, transaction records and digital documents.",Cybercrime,UPI Fraud,Written,17-06-2026,17-06-2026,18:35,Evening,Sindhu Colony College Road,Erode,Tamil Nadu,Erode Central PS,Sanjay Raj,9000000083,Sanjay Raj,9000000083,Gopal Mani,9000000457,Murugan Sundaram,9000000207,NULL,None,SYN-ACC-100041,Social media screenshot; Transaction record; Digital document,Rajesh Rajan,9000000302,Suspect allegedly posed as an online buyer and requested payment approval.,Under Investigation,IO-ERD-002,NULL,FIR,"UPI fraud, online payment, associate, witness, receiving account, mobile number, suspect, college road"
FIR-2026-00443,Bank Phishing Link Complaint,"The reported incident took place on 2026-06-12 (afternoon, 16:50): A message about KYC expiry led the complainant to a website where account credentials were entered, and Rs. 24,000 was transferred out. Amudha Sri submitted the complaint online using the mobile number 9000000218. Padmini Raj (9000000032) was mentioned as a person who was present nearby. An unidentified associate was also mentioned by the complainant. The complaint mentions Senthil Natarajan, who was reportedly contacted on 9000000262, in connection with the events. The complainant mentioned mobile phone records and social media screenshots. Records suggest a possible link with FIR-2026-00418, as the mobile number 9000000262 is associated with a suspect in both entries.",Cybercrime,Phishing,Online,19-06-2026,12-06-2026,16:50,Afternoon,Anbu Puram Apartment Complex,Palakkad,Kerala,Palakkad Town PS,Amudha Sri,9000000218,Amudha Sri,9000000218,Senthil Natarajan,9000000262,Unknown,NULL,NULL,None,NULL,Mobile phone record; Social media screenshot,Padmini Raj,9000000032,Victim reported receiving a suspicious link that imitated a bank notification.,Under Investigation,IO-PKD-002,FIR-2026-00418,Complaint,"phishing, suspicious link, phone records, apartment complex, witness, afternoon, screenshot, suspect"
FIR-2026-00444,Purse Theft Complaint,"During the afternoon of 2026-06-19, around 15:30, the complainant found the pocket emptied of cash (about Rs. 1,500) after boarding a crowded bus near Kurinji Puram Railway Station Road, according to the complaint recorded on 2026-06-19. Dharani Thangaraj approached Coimbatore Town PS to report the matter and can be reached on 9000000307. A person named Ganesh Shankar, associated with the number 9000000155, was mentioned as potentially relevant to the incident. Vasanth Chandran (9000000408) noticed the incident and may be able to provide a statement. Arun Babu (9000000379), described as a business acquaintance, was also mentioned in the complaint. Potentially relevant material referenced includes CCTV footage and a witness statement.",Theft,Pickpocketing,Written,19-06-2026,19-06-2026,15:30,Afternoon,Kurinji Puram Railway Station Road,Coimbatore,Tamil Nadu,Coimbatore Town PS,Dharani Thangaraj,9000000307,Dharani Thangaraj,9000000307,Ganesh Shankar,9000000155,Arun Babu,9000000379,NULL,None,NULL,CCTV footage; Witness statement,Vasanth Chandran,9000000408,Wallet allegedly lifted from a pocket in a crowded queue.,Open,IO-CBE-005,NULL,Preliminary Report,"pickpocketing, wallet, witness, witness statement, mobile number, suspect, CCTV, afternoon"
FIR-2026-00445,Shop Break-in Report,"A oral complaint dated 2026-06-19 states that the owner of Kavin Textiles discovered a break-in at the shop near Sevvanthi Park Shopping Complex with cash and stock missing (about Rs. 5,00,000), on 2026-06-19 around 00:20 hrs. Arun Prakash reported the matter orally at Tiruppur Central PS; the contact number given was 9000000194. The complainant is associated with the business Kavin Textiles. A van bearing the number TN-38-ZZ-1071 was seen leaving the area. No independent witness was identified at the time of registration. The complaint mentions Anand Palanisamy, who was reportedly contacted on 9000000093, in connection with the events. The complaint refers to Dinesh Balan, an intermediary, reachable on 9000000363. Potentially relevant material referenced includes a vehicle observation.",Burglary,Shop Burglary,Oral,19-06-2026,19-06-2026,00:20,Night,Sevvanthi Park Shopping Complex,Tiruppur,Tamil Nadu,Tiruppur Central PS,Arun Prakash,9000000194,Arun Prakash,9000000194,Anand Palanisamy,9000000093,Dinesh Balan,9000000363,TN-38-ZZ-1071,Van,NULL,Vehicle observation,Unknown,NULL,Suspects reportedly entered after closing hours. A van was reportedly used to leave the area.,Pending Verification,IO-TUP-001,NULL,Complaint,"burglary, shop break-in, shopping complex, mobile number, van, suspect, night, vehicle observation"
FIR-2026-00446,Extortion Call Complaint,"During the afternoon of 2026-06-19, around 14:15, the complainant received calls demanding Rs. 25,000 with warnings of consequences if the amount was not paid, according to the complaint recorded on 2026-06-19. Chithra Raj reported the matter orally at Coimbatore North PS; the contact number given was 9000000303. Siva Sekar (9000000284) noticed the incident and may be able to provide a statement. Suspicion was reportedly directed towards Madhan Palanisamy, using the number 9000000295. The complaint refers to Naveen Muthu, a business acquaintance, reachable on 9000000375. The complainant mentioned mobile phone records.",Extortion,Extortion Call,Oral,19-06-2026,19-06-2026,14:15,Afternoon,Nallur Garden Residential Colony,Coimbatore,Tamil Nadu,Coimbatore North PS,Chithra Raj,9000000303,Chithra Raj,9000000303,Madhan Palanisamy,9000000295,Naveen Muthu,9000000375,NULL,None,NULL,Mobile phone record,Siva Sekar,9000000284,Caller allegedly demanded money with threats of consequences.,Under Investigation,IO-CBE-001,NULL,Complaint,"extortion, money demand, suspect, witness, associate, afternoon, mobile number, residential colony"
FIR-2026-00447,Highway Incident Report,"The reported incident took place on 2026-06-26 (night, 03:05): Deepak Subramani was stopped on a stretch near Vetri Layout Industrial Area in Coimbatore by a few persons and a bag with documents was taken. The complaint was lodged by Kalaiselvi Raman (9000000010) on behalf of Deepak Subramani, whose contact number is given as 9000000011. A person named Sanjay Palanisamy, associated with the number 9000000215, was mentioned as potentially relevant to the incident. A witness, Malathi Murugan, reachable on 9000000027, was mentioned in the complaint. Items referenced in the complaint: CCTV footage and a witness statement.",Robbery,Highway Robbery,Written,26-06-2026,26-06-2026,03:05,Night,Vetri Layout Industrial Area,Coimbatore,Tamil Nadu,Coimbatore North PS,Kalaiselvi Raman,9000000010,Deepak Subramani,9000000011,Sanjay Palanisamy,9000000215,NULL,NULL,NULL,None,NULL,CCTV footage; Witness statement,Malathi Murugan,9000000027,Suspects reportedly followed the victim before stopping the vehicle.,Under Investigation,IO-CBE-001,NULL,Preliminary Report,"highway robbery, roadside, CCTV, industrial area, witness, mobile number, night, suspect"
FIR-2026-00448,Goods Vehicle Theft Report,"The reported incident took place on 2026-06-24 (night, 22:20): A green truck bearing registration number TN-47-YY-1034 belonging to the complainant was taken from Nila Park Industrial Area in Chennai. Elango Balan submitted the complaint online using the mobile number 9000000036. Madhan Murugan (9000000216) noticed the incident and may be able to provide a statement. A further person, Nithin Velan, a neighbour, using the number 9000000004, is stated to be associated with the incident. A person named Vijay Raman, associated with the number 9000000350, was mentioned as potentially relevant to the incident. Potentially relevant material referenced includes physical documents and photographs.",Vehicle Theft,Truck Theft,Online,27-06-2026,24-06-2026,22:20,Night,Nila Park Industrial Area,Chennai,Tamil Nadu,Chennai Central PS,Elango Balan,9000000036,Elango Balan,9000000036,Vijay Raman,9000000350,Nithin Velan,9000000004,TN-47-YY-1034,Truck,NULL,Physical document; Photograph,Madhan Murugan,9000000216,Truck reportedly taken from an unattended roadside parking area.,Pending Verification,IO-CHN-002,NULL,Complaint,"truck theft, vehicle, documents, night, truck, suspect, associate, photograph"
FIR-2026-00449,Online Payment Fraud Complaint,"As per the FIR recorded on 2026-06-30, a person offering to buy an item listed online asked the complainant to approve a UPI request, following which Rs. 96,000 was withdrawn. The time of the incident was given as 13:05 on 2026-06-25. Praveen Muthu submitted the complaint online using the mobile number 9000000222. Senthil Natarajan (mobile 9000000262) was named as a possible person of interest. Padmini Raj (9000000032) was mentioned as a person who was present nearby. Funds were reportedly sent to the account reference SYN-ACC-100005.",Cybercrime,UPI Fraud,Online,30-06-2026,25-06-2026,13:05,Afternoon,Nallur Nagar Main Street,Palakkad,Kerala,Palakkad North PS,Praveen Muthu,9000000222,Praveen Muthu,9000000222,Senthil Natarajan,9000000262,NULL,NULL,NULL,None,SYN-ACC-100005,Call detail reference; Social media screenshot,Padmini Raj,9000000032,Suspect allegedly posed as an online buyer and requested payment approval.,Pending Verification,IO-PKD-004,NULL,FIR,"UPI fraud, online payment, screenshot, suspect, witness, afternoon, mobile number, main street"
FIR-2026-00450,UPI Payment Fraud Complaint,"On 2026-06-26 at approximately 21:45, it was reported that a person offering to buy an item listed online asked the complainant to approve a UPI request, following which Rs. 15,000 was withdrawn. Mathan Raman (9000000187), described as an intermediary, was also mentioned in the complaint. A person named Harish Murugan, associated with the number 9000000180, was mentioned as potentially relevant to the incident. The account reference SYN-ACC-100050 linked to the complainant was mentioned in relation to the transactions. A witness, Rajesh Krishnan, reachable on 9000000167, was mentioned in the complaint. The complainant mentioned social media screenshots and transaction records.",Cybercrime,UPI Fraud,Written,02-07-2026,26-06-2026,21:45,Night,Mullai Colony Shopping Complex,Coimbatore,Tamil Nadu,Coimbatore South PS,Babu Murugan,9000000226,Babu Murugan,9000000226,Harish Murugan,9000000180,Mathan Raman,9000000187,NULL,None,SYN-ACC-100050,Social media screenshot; Transaction record,Rajesh Krishnan,9000000167,Fraudulent QR code allegedly shared under the pretext of a refund.,Under Investigation,IO-CBE-004,NULL,FIR,"UPI fraud, online payment, shopping complex, transaction record, night, screenshot, bank account, associate"
FIR-2026-00451,Street Robbery Complaint,"During the night of 2026-07-02, around 23:05, a person allegedly threatened the complainant at Iniyan Puram College Road and took a wristwatch, according to the complaint recorded on 2026-07-02. The complainant alleged that Harish Murugan may be involved and provided the mobile number 9000000180. Ganesh Shankar (9000000155) noticed the incident and may be able to provide a statement. A yellow car with registration TN-58-XX-1084 was observed near Iniyan Puram College Road. Items referenced in the complaint: CCTV footage and a vehicle observation.",Robbery,Street Robbery,Online,02-07-2026,02-07-2026,23:05,Night,Iniyan Puram College Road,Coimbatore,Tamil Nadu,Coimbatore Town PS,Inban Balan,9000000367,Inban Balan,9000000367,Harish Murugan,9000000180,NULL,NULL,TN-58-XX-1084,Car,NULL,CCTV footage; Vehicle observation,Ganesh Shankar,9000000155,Victim allegedly intercepted and threatened before valuables were taken. A car was reportedly used to leave the area.,Pending Verification,IO-CBE-005,NULL,FIR,"robbery, threat, mobile number, college road, car, vehicle observation, night, witness"
FIR-2026-00452,Employment Fraud Complaint,"The reported incident took place on 2026-07-01 (evening, 17:20): Nithya Rani paid Rs. 40,000 to a person who promised a job placement, but no appointment order was provided and calls went unanswered. Bhuvana Bai (9000000344) reported the matter for Nithya Rani, whose contact number is given as 9000000035. Suspicion was reportedly directed towards Arjun Shankar, using the number 9000000136. The complainant mentioned the account SYN-ACC-100055 as the destination of the transfer. Items referenced in the complaint: physical documents.",Cheating,Job Offer Cheating,Online,03-07-2026,01-07-2026,17:20,Evening,Anbu Park Main Street,Trichy,Tamil Nadu,Trichy Central PS,Bhuvana Bai,9000000344,Nithya Rani,9000000035,Arjun Shankar,9000000136,NULL,NULL,NULL,None,SYN-ACC-100055,Physical document,Unknown,NULL,Agent reportedly issued a forged offer letter and became unreachable.,Pending Verification,IO-TRY-002,NULL,Complaint,"job fraud, cheating, evening, main street, receiving account, mobile number, documents, suspect"
FIR-2026-00453,Online Payment Fraud Complaint,"On 2026-06-30 at roughly 21:50, it was reported that a person offering to buy an item listed online asked the complainant to approve a UPI request, following which Rs. 7,500 was withdrawn. The online submission was made by Divya Sekar (9000000371). The account reference SYN-ACC-100067 linked to the complainant was mentioned in relation to the transactions. A person named Karthik Shankar, associated with the number 9000000306, was mentioned as potentially relevant to the incident. Potentially relevant material referenced includes digital documents.",Cybercrime,UPI Fraud,Online,04-07-2026,30-06-2026,21:50,Night,Mullai Colony Shopping Complex,Coimbatore,Tamil Nadu,Coimbatore South PS,Divya Sekar,9000000371,Divya Sekar,9000000371,Karthik Shankar,9000000306,NULL,NULL,NULL,None,SYN-ACC-100067,Digital document,Unknown,NULL,Fraudulent QR code allegedly shared under the pretext of a refund.,Closed,IO-CBE-003,NULL,FIR,"UPI fraud, online payment, mobile number, shopping complex, night, bank account, digital document, suspect"
FIR-2026-00454,Motorcycle Theft Report,"During the night of 2026-07-04, around 03:25, a white motorcycle bearing registration number TN-47-ZZ-1041 belonging to the complainant was taken from Neithal Garden Apartment Complex in Salem, according to the complaint recorded on 2026-07-04. A further person, Lokesh Karuppasamy, a co-worker, using the number 9000000097, is stated to be associated with the incident. The complainant alleged that Rajesh Chandran may be involved and provided the mobile number 9000000486. Potentially relevant material referenced includes photographs, CCTV footage and a vehicle observation.",Vehicle Theft,Motorcycle Theft,Written,04-07-2026,04-07-2026,03:25,Night,Neithal Garden Apartment Complex,Salem,Tamil Nadu,Salem Town PS,Anand Arumugam,9000000296,Anand Arumugam,9000000296,Rajesh Chandran,9000000486,Lokesh Karuppasamy,9000000097,TN-47-ZZ-1041,Motorcycle,NULL,Photograph; CCTV footage; Vehicle observation,Unknown,NULL,Vehicle reportedly taken during the night from a residential parking spot.,Pending Verification,IO-SLM-002,NULL,FIR,"motorcycle theft, vehicle, apartment complex, associate, night, suspect, motorcycle, photograph"
FIR-2026-00455,Missing Student Report,"According to the complaint registered on 2026-07-04, the relative of the complainant, Yuvaraj Palanisamy, aged 22, left for a bank visit and could not be contacted afterwards; last seen near Amudham Park Railway Station Road in Thoothukudi. The incident is stated to have occurred on 2026-07-04 around 22:45 hrs. The complaint was lodged by Bharath Babu (9000000482), a family member of Yuvaraj Palanisamy, whose last active mobile number is noted as 9000000158. Chandran Krishnan (9000000031) was mentioned as a person who was present nearby. The family mentioned that Udhay Anand (9000000125) was last known to be in contact with the missing person.",Missing Person,Missing Student,Oral,04-07-2026,04-07-2026,22:45,Night,Amudham Park Railway Station Road,Thoothukudi,Tamil Nadu,Thoothukudi Town PS,Bharath Babu,9000000482,Yuvaraj Palanisamy,9000000158,Udhay Anand,9000000125,NULL,NULL,NULL,None,NULL,Photograph,Chandran Krishnan,9000000031,Mobile phone allegedly switched off shortly after leaving the campus area.,Pending Verification,IO-TUT-002,NULL,FIR,"missing person, student, railway station road, mobile number, suspect, witness, photograph, night"
FIR-2026-00456,Online Betting Complaint,"During the afternoon of 2026-07-04, around 12:25, a local agent allegedly encouraged Nandhini Kumari to deposit Rs. 5,000 on an online betting site, according to the complaint recorded on 2026-07-05. Bharathi Sri (9000000283) reported the matter for Nandhini Kumari, whose contact number is given as 9000000364. Transaction details refer to the receiving account SYN-ACC-100093. No identifying details of the suspected person were available at the time of registration. Nithya Rani (9000000035) noticed the incident and may be able to provide a statement. Potentially relevant material referenced includes social media screenshots and a bank transaction reference.",Illegal Gambling,Online Betting Complaint,Written,05-07-2026,04-07-2026,12:25,Afternoon,Selvapuram Garden College Road,Dindigul,Tamil Nadu,Dindigul North PS,Bharathi Sri,9000000283,Nandhini Kumari,9000000364,Unknown,NULL,NULL,NULL,NULL,None,SYN-ACC-100093,Social media screenshot; Bank transaction reference,Nithya Rani,9000000035,Victim reportedly transferred money to an agent for online betting.,Under Investigation,IO-DGL-004,NULL,FIR,"online betting, gambling, receiving account, screenshot, bank reference, college road, afternoon, witness"
FIR-2026-00457,Street Robbery Complaint,"According to the complaint registered on 2026-07-06, Jothi Selvam was stopped by a group near Mynthan Colony Main Street, and a purse along with cash of around Rs. 8,500 were taken under threat. The incident is stated to have occurred on 2026-07-05 at approximately 14:00. The complaint was lodged by Deviga Murugan (9000000058) on behalf of Jothi Selvam, whose contact number is given as 9000000421. The complaint refers to Ajith Murugan, a co-worker, reachable on 9000000225. A scooter bearing the number TN-33-ZZ-1008 was seen leaving the area. The complainant alleged that Babu Krishnan may be involved and provided the mobile number 9000000033. Potentially relevant material referenced includes a vehicle observation.",Robbery,Street Robbery,Written,06-07-2026,05-07-2026,14:00,Afternoon,Mynthan Colony Main Street,Erode,Tamil Nadu,Erode North PS,Deviga Murugan,9000000058,Jothi Selvam,9000000421,Babu Krishnan,9000000033,Ajith Murugan,9000000225,TN-33-ZZ-1008,Scooter,NULL,Vehicle observation,Unknown,NULL,Victim allegedly intercepted and threatened before valuables were taken. A scooter was reportedly used to leave the area.,Pending Verification,IO-ERD-004,NULL,FIR,"robbery, threat, main street, vehicle observation, afternoon, associate, suspect, scooter"
FIR-2026-00458,Online Payment Fraud Complaint,"On 2026-07-06 at about 12:40, it was reported that a person offering to buy an item listed online asked the complainant to approve a UPI request, following which Rs. 12,000 was withdrawn. The online submission was made by Dharani Gopal (9000000072). The complaint mentions Chandran Subramani, who was reportedly contacted on 9000000064, in connection with the events. Transaction details refer to the receiving account SYN-ACC-100094. Records suggest a possible link with FIR-2026-00329, as the mobile number 9000000064 is associated with a suspect in both entries.",Cybercrime,UPI Fraud,Online,06-07-2026,06-07-2026,12:40,Afternoon,Kalai Puram Apartment Complex,Chennai,Tamil Nadu,Chennai Central PS,Dharani Gopal,9000000072,Dharani Gopal,9000000072,Chandran Subramani,9000000064,NULL,NULL,NULL,None,SYN-ACC-100094,Digital document,Unknown,NULL,Victim was allegedly induced to approve a collect request on a UPI app.,Open,IO-CHN-002,FIR-2026-00329,Complaint,"UPI fraud, online payment, afternoon, receiving account, suspect, apartment complex, mobile number, digital document"
FIR-2026-00459,Motorcycle Theft Report,"According to the complaint registered on 2026-07-07, the complainant parked a yellow motorcycle bearing registration number TN-39-XX-1096 at Poongodi Layout Residential Colony and found it missing on return. The incident is stated to have occurred on 2026-07-05 at approximately 23:20. The online submission was made by Rakesh Anand (9000000340). A person named Saravanan Anand, associated with the number 9000000282, was mentioned as potentially relevant to the incident. No independent witness was identified at the time of registration. Potentially relevant material referenced includes a call detail reference.",Vehicle Theft,Motorcycle Theft,Online,07-07-2026,05-07-2026,23:20,Night,Poongodi Layout Residential Colony,Tiruppur,Tamil Nadu,Tiruppur Central PS,Rakesh Anand,9000000340,Rakesh Anand,9000000340,Saravanan Anand,9000000282,NULL,NULL,TN-39-XX-1096,Motorcycle,NULL,Call detail reference,Unknown,NULL,Vehicle reportedly taken during the night from a residential parking spot.,Under Investigation,IO-TUP-001,NULL,Complaint,"motorcycle theft, vehicle, mobile number, suspect, call detail, residential colony, night, motorcycle"
FIR-2026-00460,Wallet Theft Report,"A oral complaint dated 2026-07-07 states that a wallet containing about Rs. 4,500 and identity cards was picked from the complainant near Kurinji Puram Railway Station Road in Coimbatore, on 2026-07-07 at approximately 11:15. Uma Raj reported the matter orally at Coimbatore Town PS; the contact number given was 9000000089. A person named Ganesh Shankar, associated with the number 9000000155, was mentioned as potentially relevant to the incident. An unidentified associate was also mentioned by the complainant. The complainant mentioned CCTV footage and photographs.",Theft,Pickpocketing,Oral,07-07-2026,07-07-2026,11:15,Morning,Kurinji Puram Railway Station Road,Coimbatore,Tamil Nadu,Coimbatore Town PS,Uma Raj,9000000089,Uma Raj,9000000089,Ganesh Shankar,9000000155,Unknown,NULL,NULL,None,NULL,CCTV footage; Photograph,Unknown,NULL,Reported theft occurred while the victim was boarding a bus.,Under Investigation,IO-CBE-005,NULL,FIR,"pickpocketing, wallet, CCTV, railway station road, mobile number, suspect, photograph, morning"
FIR-2026-00461,Pickpocketing Complaint,"On 2026-07-07 at approximately 12:05, it was reported that the purse of the complainant with cash and cards was allegedly lifted while queueing at Mullai Colony Shopping Complex. No identifying details of the suspected person were available at the time of registration. Potentially relevant material referenced includes CCTV footage.",Theft,Pickpocketing,Written,07-07-2026,07-07-2026,12:05,Afternoon,Mullai Colony Shopping Complex,Coimbatore,Tamil Nadu,Coimbatore South PS,Mythili Murugan,9000000278,Mythili Murugan,9000000278,Unknown,NULL,NULL,NULL,NULL,None,NULL,CCTV footage,Unknown,NULL,Reported theft occurred while the victim was boarding a bus.,Pending Verification,IO-CBE-004,NULL,Complaint,"pickpocketing, wallet, CCTV, afternoon, shopping complex"
FIR-2026-00462,Pickpocketing Complaint,"During the morning of 2026-07-11, around 09:25, the complainant found the pocket emptied of cash (about Rs. 4,500) after boarding a crowded bus near Oviya Colony Railway Station Road in Erode, according to the complaint recorded on 2026-07-11. Suspicion was reportedly directed towards Sanjay Palanisamy, using the number 9000000215. Dinesh Balan (9000000363), described as an intermediary, was also mentioned in the complaint. Items referenced in the complaint: CCTV footage. Records suggest a possible link with FIR-2026-00447, as the mobile number 9000000215 is associated with a suspect in both entries.",Theft,Pickpocketing,Written,11-07-2026,11-07-2026,09:25,Morning,Oviya Colony Railway Station Road,Erode,Tamil Nadu,Erode South PS,Chithra Raman,9000000126,Chithra Raman,9000000126,Sanjay Palanisamy,9000000215,Dinesh Balan,9000000363,NULL,None,NULL,CCTV footage,Unknown,NULL,Wallet allegedly lifted from a pocket in a crowded queue.,Under Investigation,IO-ERD-005,FIR-2026-00447,Complaint,"pickpocketing, wallet, associate, morning, mobile number, railway station road, CCTV, suspect"
FIR-2026-00463,Local Chit Scheme Complaint,"As per the FIR recorded on 2026-07-12, the complainant contributed to a local chit group, and after the organiser failed to pay the maturity amount of Rs. 4,50,000, contact was lost. The time of the incident was given as 15:55 on 2026-06-29. The online submission was made by Gunasekar Murugan (9000000210). Transaction details refer to the receiving account SYN-ACC-100008. The complaint refers to Kavitha Sri, a person who arranged the contact, reachable on 9000000129. Suspicion was reportedly directed towards Harish Murugan, using the number 9000000180.",Financial Fraud,Chit Fund Fraud,Online,12-07-2026,29-06-2026,15:55,Afternoon,Roja Park Main Street,Coimbatore,Tamil Nadu,Coimbatore North PS,Gunasekar Murugan,9000000210,Gunasekar Murugan,9000000210,Harish Murugan,9000000180,Kavitha Sri,9000000129,NULL,None,SYN-ACC-100008,Social media screenshot; Bank transaction reference,Unknown,NULL,Chit contributions reportedly collected in cash and through transfers.,Open,IO-CBE-001,NULL,FIR,"chit fund, financial fraud, main street, screenshot, bank reference, suspect, receiving account, mobile number"
FIR-2026-00464,Missing Adult Complaint,"As per the complaint recorded on 2026-07-13, the sister of the complainant, Sanjay Raj, aged 25, left for a temple visit and did not return; the last known location was near Amudham Park Railway Station Road in Thoothukudi. The time of the incident was given as 23:15 on 2026-07-11. The complaint was lodged by Ramya Bai (9000000232), a family member of Sanjay Raj, whose last active mobile number is noted as 9000000083. No identifying details of the suspected person were available at the time of registration. A witness, Ramesh Pandian, reachable on 9000000469, was mentioned in the complaint.",Missing Person,Missing Adult,Oral,13-07-2026,11-07-2026,23:15,Night,Amudham Park Railway Station Road,Thoothukudi,Tamil Nadu,Thoothukudi Town PS,Ramya Bai,9000000232,Sanjay Raj,9000000083,Unknown,NULL,NULL,NULL,NULL,None,NULL,Photograph; Witness statement,Ramesh Pandian,9000000469,Last known location noted near a public transport point.,Under Investigation,IO-TUT-002,NULL,Complaint,"missing person, adult, witness, witness statement, night, photograph, railway station road"
FIR-2026-00465,Land Sale Fraud Complaint,"A written complaint dated 2026-07-15 states that the seller of a house near Anbu Garden Apartment Complex in Coimbatore allegedly accepted Rs. 40,000 from the complainant without a clear title, on 2026-07-02 at roughly 16:10. Contact details given by the complainant, Vidhya Sri, include the number 9000000130. Dinesh Subramani (mobile 9000000212) was named as a possible person of interest. A further person, Mohan Velan, a business acquaintance, using the number 9000000150, is stated to be associated with the incident. The complainant mentioned the account SYN-ACC-100055 as the destination of the transfer. No independent witness was identified at the time of registration.",Cheating,Property Sale Cheating,Written,15-07-2026,02-07-2026,16:10,Afternoon,Anbu Garden Apartment Complex,Coimbatore,Tamil Nadu,Coimbatore South PS,Vidhya Sri,9000000130,Vidhya Sri,9000000130,Dinesh Subramani,9000000212,Mohan Velan,9000000150,NULL,None,SYN-ACC-100055,Digital document; Physical document; Transaction record,Unknown,NULL,Seller reportedly shared questionable documents and stopped responding.,Open,IO-CBE-003,NULL,FIR,"property fraud, cheating, afternoon, documents, associate, digital document, suspect, receiving account"
FIR-2026-00466,Retail Theft Complaint,"The reported incident took place on 2026-07-18 (afternoon, 16:10): An unidentified customer allegedly took cosmetic products worth Rs. 40,000 from Kavin Textiles near Vaigai Layout Market Road in Tiruppur. Saravanan Palanisamy approached Tiruppur North PS to report the matter and can be reached on 9000000235. The complainant is associated with the business Kavin Textiles. The complaint mentions Anand Palanisamy, who was reportedly contacted on 9000000093, in connection with the events. A witness, Dharani Anand, reachable on 9000000114, was mentioned in the complaint. Dinesh Balan (9000000363), described as an intermediary, was also mentioned in the complaint. The complainant mentioned physical documents and CCTV footage.",Theft,Shop Theft,Written,18-07-2026,18-07-2026,16:10,Afternoon,Vaigai Layout Market Road,Tiruppur,Tamil Nadu,Tiruppur North PS,Saravanan Palanisamy,9000000235,Saravanan Palanisamy,9000000235,Anand Palanisamy,9000000093,Dinesh Balan,9000000363,NULL,None,NULL,Physical document; CCTV footage,Dharani Anand,9000000114,Missing stock noticed at closing time and a review of shop CCTV was requested.,Pending Verification,IO-TUP-003,NULL,FIR,"shop theft, stock, documents, afternoon, witness, suspect, CCTV, associate"
FIR-2026-00467,Local Chit Scheme Complaint,"A written complaint dated 2026-07-19 states that the complainant contributed to a local chit group, and after the organiser failed to pay the maturity amount of Rs. 8,00,000, contact was lost, on 2026-07-08 at about 10:15. Contact details given by the complainant, Buvaneswari Devi, include the number 9000000492. Padmini Raj (9000000032) was mentioned as a person who was present nearby. The complainant alleged that Vasanth Mani may be involved and provided the mobile number 9000000382. Transaction details refer to the receiving account SYN-ACC-100007. Items referenced in the complaint: transaction records and a call detail reference. Records suggest a possible link with FIR-2026-00407, as the mobile number 9000000382 is associated with a suspect in both entries.",Financial Fraud,Chit Fund Fraud,Written,19-07-2026,08-07-2026,10:15,Morning,Nallur Nagar Main Street,Palakkad,Kerala,Palakkad North PS,Buvaneswari Devi,9000000492,Buvaneswari Devi,9000000492,Vasanth Mani,9000000382,NULL,NULL,NULL,None,SYN-ACC-100007,Transaction record; Call detail reference,Padmini Raj,9000000032,Chit contributions reportedly collected in cash and through transfers.,Open,IO-PKD-004,FIR-2026-00407,FIR,"chit fund, financial fraud, mobile number, morning, witness, main street, transaction record, call detail"
FIR-2026-00468,Vehicle Sale Cheating Complaint,"The reported incident took place on 2026-07-16 (afternoon, 13:10): The complainant bought a maroon scooter bearing registration number TN-39-YY-1049 for Rs. 4,00,000 and later found that the documents shown by the seller were doubtful. Jagan Arumugam approached Namakkal East PS to report the matter and can be reached on 9000000008. No identifying details of the suspected person were available at the time of registration. Transaction details refer to the receiving account SYN-ACC-100095. A witness, Madhan Kumar, reachable on 9000000410, was mentioned in the complaint. Potentially relevant material referenced includes transaction records, a vehicle observation and physical documents.",Cheating,Second-hand Vehicle Sale Cheating,Oral,19-07-2026,16-07-2026,13:10,Afternoon,Kadal Layout Highway Junction,Namakkal,Tamil Nadu,Namakkal East PS,Jagan Arumugam,9000000008,Jagan Arumugam,9000000008,Unknown,NULL,NULL,NULL,TN-39-YY-1049,Scooter,SYN-ACC-100095,Transaction record; Vehicle observation; Physical document,Madhan Kumar,9000000410,Seller reportedly shared doubtful papers and stopped responding.,Open,IO-NKL-003,NULL,Complaint,"vehicle sale, cheating, afternoon, highway junction, witness, scooter, receiving account, transaction record"
FIR-2026-00469,Vehicle Theft Report,"A written complaint dated 2026-07-23 states that the complainant parked a silver car bearing registration number TN-57-YY-1097 near Alli Park Shopping Complex and found the parking spot empty the next morning, on 2026-07-21 at roughly 05:00. A person named Vignesh Subramani, associated with the number 9000000487, was mentioned as potentially relevant to the incident. Anitha Raman (9000000267) was mentioned as a person who was present nearby. Potentially relevant material referenced includes physical documents and CCTV footage.",Vehicle Theft,Car Theft,Written,23-07-2026,21-07-2026,05:00,Early Morning,Alli Park Shopping Complex,Salem,Tamil Nadu,Salem West PS,Venkat Pandian,9000000236,Venkat Pandian,9000000236,Vignesh Subramani,9000000487,NULL,NULL,TN-57-YY-1097,Car,NULL,Physical document; CCTV footage,Anitha Raman,9000000267,Car reportedly taken from an unattended parking area.,Open,IO-SLM-006,NULL,Complaint,"car theft, vehicle, car, mobile number, shopping complex, suspect, witness, early morning"
FIR-2026-00470,Certificate Forgery Report,"The reported incident took place on 2026-07-21 (afternoon, 13:45): The complainant reported that a certificate submitted in a loan application near Iniyan Puram College Road did not match the original. Contact details given by the complainant, Sanjay Raj, include the number 9000000083. Suspicion was reportedly directed towards Sanjay Gopal, using the number 9000000073. The complainant mentioned physical documents and digital documents.",Forgery,Fake Certificate,Written,24-07-2026,21-07-2026,13:45,Afternoon,Iniyan Puram College Road,Coimbatore,Tamil Nadu,Coimbatore Town PS,Sanjay Raj,9000000083,Sanjay Raj,9000000083,Sanjay Gopal,9000000073,NULL,NULL,NULL,None,NULL,Physical document; Digital document,Unknown,NULL,Fake certificate reportedly arranged through an intermediary.,Under Investigation,IO-CBE-006,NULL,Complaint,"fake certificate, forgery, documents, college road, mobile number, digital document, afternoon, suspect"
FIR-2026-00471,Highway Robbery Complaint,"As per the complaint recorded on 2026-07-27, a transport worker was allegedly waylaid near Alli Colony College Road in Vellore and cash of about Rs. 1,00,000 was taken from the complainant. The time of the incident was given as 21:55 on 2026-07-25. The online submission was made by Kannan Muthu (9000000430). Malathi Murugan (9000000027) noticed the incident and may be able to provide a statement. The complaint mentions Yuvaraj Natarajan, who was reportedly contacted on 9000000298, in connection with the events. The complainant mentioned photographs.",Robbery,Highway Robbery,Online,27-07-2026,25-07-2026,21:55,Night,Alli Colony College Road,Vellore,Tamil Nadu,Vellore Town PS,Kannan Muthu,9000000430,Kannan Muthu,9000000430,Yuvaraj Natarajan,9000000298,NULL,NULL,NULL,None,NULL,Photograph,Malathi Murugan,9000000027,Vehicle allegedly forced to stop on a lonely stretch before valuables were taken.,Open,IO-VLR-002,NULL,Complaint,"highway robbery, roadside, mobile number, witness, suspect, photograph, night, college road"
FIR-2026-00472,Two-Wheeler Theft Report,"During the night of 2026-07-26, around 02:30, a red scooter bearing registration number TN-01-XX-1051 of the complainant was reported missing from Sevvanthi Colony Bus Stand Area, according to the complaint recorded on 2026-07-29. Suspicion was reportedly directed towards Sanjay Anand, using the number 9000000477. No supporting material was reported at the time of registration. Records suggest a possible link with FIR-2026-00344, as the mobile number 9000000477 is associated with a suspect in both entries.",Vehicle Theft,Scooter Theft,Oral,29-07-2026,26-07-2026,02:30,Night,Sevvanthi Colony Bus Stand Area,Vellore,Tamil Nadu,Vellore Town PS,Vidhya Bai,9000000217,Vidhya Bai,9000000217,Sanjay Anand,9000000477,NULL,NULL,TN-01-XX-1051,Scooter,NULL,None reported,Unknown,NULL,Vehicle allegedly taken after the handle lock was forced.,Under Investigation,IO-VLR-002,FIR-2026-00344,Complaint,"scooter theft, vehicle, suspect, mobile number, bus stand, scooter, night"
FIR-2026-00473,Online Payment Fraud Complaint,"On 2026-07-26 at about 00:30, it was reported that a person offering to buy an item listed online asked the complainant to approve a UPI request, following which Rs. 96,000 was withdrawn. The complaint was lodged by Hemanth Nathan (9000000110). Madhan Babu (mobile 9000000490) was named as a possible person of interest. A second person, Ajith Nathan (9000000297), was also mentioned as possibly present. The complainant mentioned mobile phone records.",Cybercrime,UPI Fraud,Written,30-07-2026,26-07-2026,00:30,Night,Mynthan Colony Main Street,Erode,Tamil Nadu,Erode North PS,Hemanth Nathan,9000000110,Hemanth Nathan,9000000110,Madhan Babu,9000000490,NULL,NULL,NULL,None,NULL,Mobile phone record,Unknown,NULL,Suspect allegedly posed as an online buyer and requested payment approval.,Pending Verification,IO-ERD-003,NULL,FIR,"UPI fraud, online payment, phone records, mobile number, main street, suspect, night"
FIR-2026-00474,Property Trespass Complaint,"According to the complaint registered on 2026-07-31, the complainant found that persons had entered a closed premises near Nallur Garden Residential Colony without permission. The incident is stated to have occurred on 2026-07-31 at approximately 11:00. Lavanya Ammal approached Coimbatore North PS to report the matter and can be reached on 9000000175. The complaint mentions Sanjay Gopal, who was reportedly contacted on 9000000073, in connection with the events. Items referenced in the complaint: photographs and CCTV footage.",Trespassing,Property Trespass,Written,31-07-2026,31-07-2026,11:00,Morning,Nallur Garden Residential Colony,Coimbatore,Tamil Nadu,Coimbatore North PS,Lavanya Ammal,9000000175,Lavanya Ammal,9000000175,Sanjay Gopal,9000000073,NULL,NULL,NULL,None,NULL,Photograph; CCTV footage,Unknown,NULL,Unauthorised entry reportedly noticed after the premises were locked.,Pending Verification,IO-CBE-001,NULL,FIR,"trespass, unauthorised entry, mobile number, photograph, residential colony, CCTV, suspect, morning"
FIR-2026-00475,High-Return Scheme Complaint,"A online complaint dated 2026-08-02 states that a person promoting a trading group collected Rs. 1,85,000 from the complainant with an assurance of high returns, on 2026-07-29 at roughly 11:10. The online submission was made by Anand Chandran (9000000060). The complaint refers to Murugan Sundaram, a person who arranged the contact, reachable on 9000000207. Funds were reportedly sent to the account reference SYN-ACC-100043. Chandran Krishnan (9000000031) noticed the incident and may be able to provide a statement. Suspicion was reportedly directed towards Ajith Nathan, using the number 9000000297. The complainant mentioned a bank transaction reference and a call detail reference.",Financial Fraud,Investment Fraud,Online,02-08-2026,29-07-2026,11:10,Morning,Kalai Colony Apartment Complex,Erode,Tamil Nadu,Erode North PS,Anand Chandran,9000000060,Anand Chandran,9000000060,Ajith Nathan,9000000297,Murugan Sundaram,9000000207,NULL,None,SYN-ACC-100043,Bank transaction reference; Call detail reference,Chandran Krishnan,9000000031,Scheme reportedly promoted through a messaging group.,Pending Verification,IO-ERD-003,NULL,FIR,"investment fraud, high returns, morning, call detail, witness, associate, apartment complex, bank reference"
FIR-2026-00476,Premises Occupation Dispute Report,"It was alleged that the complainant reported that a shop near Vaigai Layout Market Road was occupied without a valid agreement and the occupant refused to leave. The matter was brought to Tiruppur North PS on 2026-08-03, while the incident was placed on 2026-07-28 around 14:20 hrs. The complainant, Vasanth Chandran, provided the contact number 9000000408. A person named Anand Palanisamy, associated with the number 9000000093, was mentioned as potentially relevant to the incident. A witness, Kavitha Selvam, reachable on 9000000099, was mentioned in the complaint. The complainant mentioned physical documents. Records suggest a possible link with FIR-2026-00466, as the mobile number 9000000093 is associated with a suspect in both entries.",Property Crime,Illegal Occupation,Written,03-08-2026,28-07-2026,14:20,Afternoon,Vaigai Layout Market Road,Tiruppur,Tamil Nadu,Tiruppur North PS,Vasanth Chandran,9000000408,Vasanth Chandran,9000000408,Anand Palanisamy,9000000093,NULL,NULL,NULL,None,NULL,Physical document,Kavitha Selvam,9000000099,Occupant reportedly refused to vacate despite repeated requests.,Pending Verification,IO-TUP-004,FIR-2026-00466,Preliminary Report,"illegal occupation, lease dispute, market road, afternoon, suspect, mobile number, witness, documents"
FIR-2026-00477,Two-Wheeler Theft Report,"As per the FIR recorded on 2026-08-05, the complainant left a grey scooter bearing registration number TN-30-YY-1052 near Sevvanthi Colony Bus Stand Area and could not find it later. The time of the incident was given as 04:30 on 2026-08-05. Udhay Ramasamy approached Vellore Town PS to report the matter and can be reached on 9000000368. Yuvaraj Natarajan (mobile 9000000298) was named as a possible person of interest. The complainant mentioned a vehicle observation. Records suggest a possible link with FIR-2026-00389, as the mobile number 9000000298 is associated with a suspect in both entries.",Vehicle Theft,Scooter Theft,Written,05-08-2026,05-08-2026,04:30,Early Morning,Sevvanthi Colony Bus Stand Area,Vellore,Tamil Nadu,Vellore Town PS,Udhay Ramasamy,9000000368,Udhay Ramasamy,9000000368,Yuvaraj Natarajan,9000000298,NULL,NULL,TN-30-YY-1052,Scooter,NULL,Vehicle observation,Unknown,NULL,Vehicle allegedly taken after the handle lock was forced.,Open,IO-VLR-001,FIR-2026-00389,FIR,"scooter theft, vehicle, vehicle observation, suspect, mobile number, early morning, bus stand, scooter"
FIR-2026-00478,Highway Robbery Complaint,"A written complaint dated 2026-08-08 states that the complainant was stopped on a stretch near Vetri Layout Industrial Area by a few persons and a purse was taken, on 2026-08-08 at roughly 23:45. Dharani Anand approached Coimbatore North PS to report the matter and can be reached on 9000000114. Suspicion was reportedly directed towards Elango Shankar, using the number 9000000317. A car bearing the number TN-39-ZZ-1044 was seen leaving the area. A witness, Kavitha Selvam, reachable on 9000000099, was mentioned in the complaint. Potentially relevant material referenced includes CCTV footage.",Robbery,Highway Robbery,Written,08-08-2026,08-08-2026,23:45,Night,Vetri Layout Industrial Area,Coimbatore,Tamil Nadu,Coimbatore North PS,Dharani Anand,9000000114,Dharani Anand,9000000114,Elango Shankar,9000000317,NULL,NULL,TN-39-ZZ-1044,Car,NULL,CCTV footage,Kavitha Selvam,9000000099,Suspects reportedly followed the victim before stopping the vehicle.,Pending Verification,IO-CBE-001,NULL,Preliminary Report,"highway robbery, roadside, night, CCTV, industrial area, witness, suspect, mobile number"
FIR-2026-00479,Job Offer Cheating Complaint,"According to the complaint registered on 2026-08-10, the complainant paid Rs. 40,000 to a person who promised a job placement, but no appointment order was provided and calls went unanswered. The incident is stated to have occurred on 2026-08-08 at approximately 17:05. Malathi Murugan submitted the complaint online using the mobile number 9000000027. Nithin Thangaraj (9000000252) noticed the incident and may be able to provide a statement. The account reference SYN-ACC-100096 was noted in connection with the payment. The complainant alleged that Sanjay Velan may be involved and provided the mobile number 9000000095. Items referenced in the complaint: transaction records.",Cheating,Job Offer Cheating,Online,10-08-2026,08-08-2026,17:05,Evening,Kalai Park Main Street,Thanjavur,Tamil Nadu,Thanjavur East PS,Malathi Murugan,9000000027,Malathi Murugan,9000000027,Sanjay Velan,9000000095,NULL,NULL,NULL,None,SYN-ACC-100096,Transaction record,Nithin Thangaraj,9000000252,Victim allegedly paid a fee for a job that was never provided.,Open,IO-TNJ-003,NULL,Complaint,"job fraud, cheating, evening, suspect, transaction record, main street, witness, receiving account"
FIR-2026-00480,UPI Payment Fraud Complaint,"On 2026-08-13 around 21:50 hrs, it was reported that the complainant scanned a QR code shared by a caller who spoke of a refund, and Rs. 1,50,000 was debited instead. The online submission was made by Ajith Sekar (9000000063). Dharani Anand (9000000114) was mentioned as a person who was present nearby. The complainant mentioned the account SYN-ACC-100051 as the destination of the transfer. A further person, Mathan Raman, an intermediary, using the number 9000000187, is stated to be associated with the incident. A person named Vasanth Mani, associated with the number 9000000382, was mentioned as potentially relevant to the incident. Items referenced in the complaint: digital documents and mobile phone records. Records suggest a possible link with FIR-2026-00467, as the mobile number 9000000382 is associated with a suspect in both entries.",Cybercrime,UPI Fraud,Online,13-08-2026,13-08-2026,21:50,Night,Mullai Colony Shopping Complex,Coimbatore,Tamil Nadu,Coimbatore South PS,Ajith Sekar,9000000063,Ajith Sekar,9000000063,Vasanth Mani,9000000382,Mathan Raman,9000000187,NULL,None,SYN-ACC-100051,Digital document; Mobile phone record,Dharani Anand,9000000114,Suspect allegedly posed as an online buyer and requested payment approval.,Open,IO-CBE-003,FIR-2026-00467,Preliminary Report,"UPI fraud, online payment, shopping complex, digital document, mobile number, witness, suspect, phone records"
FIR-2026-00481,Online Payment Fraud Complaint,"The reported incident took place on 2026-08-18 (afternoon, 16:45): Rs. 1,50,000 was debited from the account of the complainant through UPI after a collect request from an unknown UPI ID was approved. Eswari Sri submitted the complaint online using the mobile number 9000000024. A person named Hemanth Arumugam, associated with the number 9000000264, was mentioned as potentially relevant to the incident. The complaint refers to Madhan Palanisamy, a driver, reachable on 9000000295. Items referenced in the complaint: digital documents, a call detail reference and social media screenshots.",Cybercrime,UPI Fraud,Online,18-08-2026,18-08-2026,16:45,Afternoon,Roja Park Main Street,Coimbatore,Tamil Nadu,Coimbatore North PS,Eswari Sri,9000000024,Eswari Sri,9000000024,Hemanth Arumugam,9000000264,Madhan Palanisamy,9000000295,NULL,None,NULL,Digital document; Call detail reference; Social media screenshot,Unknown,NULL,Suspect allegedly posed as an online buyer and requested payment approval.,Open,IO-CBE-002,NULL,Complaint,"UPI fraud, online payment, suspect, digital document, associate, main street, call detail, mobile number"
FIR-2026-00482,Financial Fraud Complaint,"According to the complaint registered on 2026-08-19, an investment offer shared in a messaging group led the complainant to deposit Rs. 4,50,000, after which contact ended. The incident is stated to have occurred on 2026-08-12 at roughly 10:35. The online submission was made by Karthik Pandian (9000000137). Ramya Bai was mentioned as a person who was present nearby, but no contact number was available. An unidentified associate was also mentioned by the complainant. Transactions from the account SYN-ACC-100048, held by the complainant, were referred to in the complaint. Suspicion was reportedly directed towards Ajith Nathan, using the number 9000000297.",Financial Fraud,Investment Fraud,Online,19-08-2026,12-08-2026,10:35,Morning,Sindhu Garden Residential Colony,Erode,Tamil Nadu,Erode South PS,Karthik Pandian,9000000137,Karthik Pandian,9000000137,Ajith Nathan,9000000297,Unknown,NULL,NULL,None,SYN-ACC-100048,Bank transaction reference; Transaction record,Ramya Bai,NULL,Scheme reportedly promoted through a messaging group.,Closed,IO-ERD-006,NULL,Complaint,"investment fraud, high returns, mobile number, witness, residential colony, bank account, transaction record, suspect"
FIR-2026-00483,Loan Processing Fee Fraud Complaint,"According to the complaint registered on 2026-08-21, a loan agent collected Rs. 1,20,000 from the complainant for approving a personal loan and then stopped answering calls. The incident is stated to have occurred on 2026-08-20 around 15:30 hrs. Babu Selvam submitted the complaint online using the mobile number 9000000442. Suspicion was reportedly directed towards Dinesh Subramani, using the number 9000000212. Funds were reportedly sent to the account reference SYN-ACC-100039. Praveen Balan (9000000446) noticed the incident and may be able to provide a statement. Potentially relevant material referenced includes transaction records.",Financial Fraud,Loan Fraud,Online,21-08-2026,20-08-2026,15:30,Afternoon,Sindhu Garden Residential Colony,Erode,Tamil Nadu,Erode South PS,Babu Selvam,9000000442,Babu Selvam,9000000442,Dinesh Subramani,9000000212,NULL,NULL,NULL,None,SYN-ACC-100039,Transaction record,Praveen Balan,9000000446,Agent reportedly claimed a guaranteed approval and became unreachable.,Pending Verification,IO-ERD-006,NULL,Complaint,"loan fraud, processing fee, residential colony, transaction record, afternoon, witness, receiving account, mobile number"
FIR-2026-00484,Bank Phishing Link Complaint,"A online complaint dated 2026-08-23 states that a caller claiming to be a bank executive asked the complainant to install a support application, after which Rs. 9,900 was withdrawn, on 2026-08-23 around 14:05 hrs. The complainant mentioned the account SYN-ACC-100097 as the destination of the transfer. A witness, Kishore Selvam, reachable on 9000000323, was mentioned in the complaint. The complaint mentions Venkat Prakash, who was reportedly contacted on 9000000439, in connection with the events. Nithya Devi (9000000109), described as a driver, was also mentioned in the complaint. Potentially relevant material referenced includes digital documents and a call detail reference.",Cybercrime,Phishing,Online,23-08-2026,23-08-2026,14:05,Afternoon,Amudham Layout Residential Colony,Salem,Tamil Nadu,Salem East PS,Lavanya Ammal,9000000175,Lavanya Ammal,9000000175,Venkat Prakash,9000000439,Nithya Devi,9000000109,NULL,None,SYN-ACC-100097,Digital document; Call detail reference,Kishore Selvam,9000000323,Fraudulent KYC-update message allegedly used to collect account credentials.,Pending Verification,IO-SLM-003,NULL,FIR,"phishing, suspicious link, afternoon, digital document, mobile number, suspect, associate, receiving account"
FIR-2026-00485,Shop Break-in Report,"On 2026-08-23 around 21:45 hrs, it was reported that the shutter of Thendral Mobiles near Mangai Layout Shopping Complex was found forced and goods worth about Rs. 40,000 were missing. Contact details given by the complainant, Tamilarasan Palanisamy, include the number 9000000023. The complainant is associated with the business Thendral Mobiles. The complainant could not identify the person involved. No independent witness was identified at the time of registration. Items referenced in the complaint: photographs and CCTV footage.",Burglary,Shop Burglary,Written,24-08-2026,23-08-2026,21:45,Night,Mangai Layout Shopping Complex,Namakkal,Tamil Nadu,Namakkal Town PS,Tamilarasan Palanisamy,9000000023,Tamilarasan Palanisamy,9000000023,Unknown,NULL,NULL,NULL,NULL,None,NULL,Photograph; CCTV footage,Unknown,NULL,Shutter allegedly forced at night and stock taken.,Pending Verification,IO-NKL-001,NULL,FIR,"burglary, shop break-in, photograph, night, shopping complex, CCTV"
FIR-2026-00486,UPI Collect Request Fraud Report,"According to the complaint registered on 2026-08-25, the complainant scanned a QR code shared by a caller who spoke of a refund, and Rs. 4,800 was debited instead. The incident is stated to have occurred on 2026-08-22 at approximately 21:50. The online submission was made by Buvaneswari Rani (9000000107). Karthik Shankar (mobile 9000000306) was named as a possible person of interest. The account reference SYN-ACC-100039 was noted in connection with the payment.",Cybercrime,UPI Fraud,Online,25-08-2026,22-08-2026,21:50,Night,Nallur Garden Residential Colony,Coimbatore,Tamil Nadu,Coimbatore North PS,Buvaneswari Rani,9000000107,Buvaneswari Rani,9000000107,Karthik Shankar,9000000306,NULL,NULL,NULL,None,SYN-ACC-100039,Transaction record,Unknown,NULL,Fraudulent QR code allegedly shared under the pretext of a refund.,Open,IO-CBE-001,NULL,Complaint,"UPI fraud, online payment, receiving account, mobile number, suspect, transaction record, residential colony, night"
FIR-2026-00487,Household Property Theft Complaint,"As per the complaint recorded on 2026-08-25, copper cables and fittings valued at around Rs. 1,20,000 was found missing from a premises near Iniyan Colony Apartment Complex. The time of the incident was given as 20:20 on 2026-08-25. The online submission was made by Vasanthi Ammal (9000000479). Vasanth Gopal (9000000245), described as a co-worker, was also mentioned in the complaint. The complainant alleged that Venkat Palanisamy may be involved and provided the mobile number 9000000134. Potentially relevant material referenced includes physical documents.",Theft,Property Theft,Online,25-08-2026,25-08-2026,20:20,Evening,Iniyan Colony Apartment Complex,Tiruppur,Tamil Nadu,Tiruppur Central PS,Vasanthi Ammal,9000000479,Vasanthi Ammal,9000000479,Venkat Palanisamy,9000000134,Vasanth Gopal,9000000245,NULL,None,NULL,Physical document,Unknown,NULL,Suspect allegedly entered through an unsecured entry point.,Pending Verification,IO-TUP-001,NULL,Complaint,"property theft, valuables, mobile number, documents, associate, apartment complex, evening, suspect"
FIR-2026-00488,UPI Payment Fraud Complaint,"The reported incident took place on 2026-08-26 (afternoon, 16:20): A person offering to buy an item listed online asked the complainant to approve a UPI request, following which Rs. 15,000 was withdrawn. Sangeetha Bai submitted the complaint online using the mobile number 9000000261. The account reference SYN-ACC-100098 was noted in connection with the payment. Chandran Krishnan (9000000031) noticed the incident and may be able to provide a statement. The complaint mentions Vasanth Gopal, who was reportedly contacted on 9000000245, in connection with the events.",Cybercrime,UPI Fraud,Online,26-08-2026,26-08-2026,16:20,Afternoon,Mullai Park Shopping Complex,Chennai,Tamil Nadu,Chennai South PS,Sangeetha Bai,9000000261,Sangeetha Bai,9000000261,Vasanth Gopal,9000000245,NULL,NULL,NULL,None,SYN-ACC-100098,Social media screenshot,Chandran Krishnan,9000000031,Suspect allegedly posed as an online buyer and requested payment approval.,Pending Verification,IO-CHN-005,NULL,Complaint,"UPI fraud, online payment, afternoon, receiving account, witness, mobile number, suspect, shopping complex"
FIR-2026-00489,Mobile Handset Theft Report,"The reported incident took place on 2026-08-25 (evening, 18:15): A silver-coloured smartphone was allegedly snatched from the hand of the complainant at Sevvanthi Park Shopping Complex by a person who left quickly. The complainant, Arjun Pandian, provided the contact number 9000000330. Madhan Murugan (9000000216) noticed the incident and may be able to provide a statement. The complainant alleged that Sanjay Shankar may be involved and provided the mobile number 9000000332. Items referenced in the complaint: CCTV footage and mobile phone records.",Theft,Mobile Theft,Written,27-08-2026,25-08-2026,18:15,Evening,Sevvanthi Park Shopping Complex,Tiruppur,Tamil Nadu,Tiruppur Central PS,Arjun Pandian,9000000330,Arjun Pandian,9000000330,Sanjay Shankar,9000000332,NULL,NULL,NULL,None,NULL,CCTV footage; Mobile phone record,Madhan Murugan,9000000216,Suspect allegedly approached from behind and took the phone before leaving the spot.,Under Investigation,IO-TUP-002,NULL,FIR,"mobile theft, smartphone, suspect, shopping complex, witness, evening, mobile number, phone records"
FIR-2026-00490,Property Encroachment Report,"A online complaint dated 2026-08-28 states that the complainant reported that a boundary wall near Nallur Park Main Street was extended into the land of the complainant without permission, on 2026-08-27 at roughly 09:50. The online submission was made by Uma Raj (9000000089). The complainant alleged that Murugan Sundaram may be involved and provided the mobile number 9000000207. Funds were reportedly sent to the account reference SYN-ACC-100099. Udhay Muthu (9000000352), described as an intermediary, was also mentioned in the complaint. A witness, Padmini Sri, reachable on 9000000119, was mentioned in the complaint. Potentially relevant material referenced includes physical documents, a witness statement and photographs. Records suggest a possible link with FIR-2026-00356, as the mobile number 9000000207 is associated with a suspect in both entries.",Property Crime,Land Encroachment,Online,28-08-2026,27-08-2026,09:50,Morning,Nallur Park Main Street,Chennai,Tamil Nadu,Chennai North PS,Uma Raj,9000000089,Uma Raj,9000000089,Murugan Sundaram,9000000207,Udhay Muthu,9000000352,NULL,None,SYN-ACC-100099,Physical document; Witness statement; Photograph,Padmini Sri,9000000119,Encroachment reportedly began after a dispute over survey records.,Under Investigation,IO-CHN-003,FIR-2026-00356,Preliminary Report,"land encroachment, boundary dispute, witness, mobile number, receiving account, witness statement, associate, documents"
FIR-2026-00491,Local Chit Scheme Complaint,"On 2026-08-26 at approximately 12:40, it was reported that members of a chit group near Senthil Garden Main Street in Salem reported that the organiser stopped payouts, with the complainant owed about Rs. 3,50,000. Amudha Kannan submitted the complaint online using the mobile number 9000000066. Praveen Natarajan (9000000041) was mentioned as a person who was present nearby. The complaint refers to Dinesh Prakash, a person who arranged the contact, reachable on 9000000068. The complainant mentioned the account SYN-ACC-100081 as the destination of the transfer. The complainant alleged that Mathan Balan may be involved and provided the mobile number 9000000084. No supporting material was reported at the time of registration.",Financial Fraud,Chit Fund Fraud,Online,29-08-2026,26-08-2026,12:40,Afternoon,Senthil Garden Main Street,Salem,Tamil Nadu,Salem West PS,Amudha Kannan,9000000066,Amudha Kannan,9000000066,Mathan Balan,9000000084,Dinesh Prakash,9000000068,NULL,None,SYN-ACC-100081,None reported,Praveen Natarajan,9000000041,Chit contributions reportedly collected in cash and through transfers.,Open,IO-SLM-005,NULL,Complaint,"chit fund, financial fraud, associate, receiving account, main street, afternoon, mobile number, witness"
FIR-2026-00492,Motorcycle Theft Report,"The reported incident took place on 2026-08-29 (night, 01:50): A black motorcycle bearing registration number TN-57-XX-1042 belonging to the complainant was taken from Neithal Garden Apartment Complex in Salem. Contact details given by the complainant, Dharani Prakash, include the number 9000000213. A witness, Karthik Rajan, reachable on 9000000091, was mentioned in the complaint. The complainant alleged that Rajesh Chandran may be involved and provided the mobile number 9000000486. Potentially relevant material referenced includes physical documents and CCTV footage.",Vehicle Theft,Motorcycle Theft,Oral,29-08-2026,29-08-2026,01:50,Night,Neithal Garden Apartment Complex,Salem,Tamil Nadu,Salem Town PS,Dharani Prakash,9000000213,Dharani Prakash,9000000213,Rajesh Chandran,9000000486,NULL,NULL,TN-57-XX-1042,Motorcycle,NULL,Physical document; CCTV footage,Karthik Rajan,9000000091,Motorcycle allegedly driven away after the lock was forced.,Pending Verification,IO-SLM-002,NULL,Complaint,"motorcycle theft, vehicle, motorcycle, CCTV, documents, apartment complex, witness, suspect"
FIR-2026-00493,Loan Processing Fee Fraud Complaint,"It was alleged that a loan agent collected Rs. 1,85,000 from the complainant for approving a personal loan and then stopped answering calls. The matter was brought to Erode South PS on 2026-08-30, while the incident was placed on 2026-08-29 at approximately 17:25. The online submission was made by Arun Prakash (9000000194). The complainant mentioned the account SYN-ACC-100051 as the destination of the transfer. A person named Karthik Shankar, associated with the number 9000000306, was mentioned as potentially relevant to the incident. No supporting material was reported at the time of registration.",Financial Fraud,Loan Fraud,Online,30-08-2026,29-08-2026,17:25,Evening,Sindhu Garden Residential Colony,Erode,Tamil Nadu,Erode South PS,Arun Prakash,9000000194,Arun Prakash,9000000194,Karthik Shankar,9000000306,NULL,NULL,NULL,None,SYN-ACC-100051,None reported,Unknown,NULL,Agent reportedly claimed a guaranteed approval and became unreachable.,Under Investigation,IO-ERD-005,NULL,FIR,"loan fraud, processing fee, evening, receiving account, mobile number, residential colony, suspect"
FIR-2026-00494,Shop Robbery Complaint,"During the morning of 2026-09-01, around 09:40, the owner of Kalai Home Appliances reported that cash of around Rs. 1,00,000 was taken under threat at Anbu Park Main Street in Trichy, according to the complaint recorded on 2026-09-03. Anitha Raj submitted the complaint online using the mobile number 9000000399. The complainant is associated with the business Kalai Home Appliances. The complainant alleged that Chandran Subramani may be involved and provided the mobile number 9000000064. A witness, Rajesh Krishnan, reachable on 9000000167, was mentioned in the complaint. Revathi Raman (9000000145), described as a friend of the suspect, was also mentioned in the complaint. Potentially relevant material referenced includes CCTV footage.",Robbery,Shop Robbery,Online,03-09-2026,01-09-2026,09:40,Morning,Anbu Park Main Street,Trichy,Tamil Nadu,Trichy Central PS,Anitha Raj,9000000399,Anitha Raj,9000000399,Chandran Subramani,9000000064,Revathi Raman,9000000145,NULL,None,NULL,CCTV footage,Rajesh Krishnan,9000000167,Suspects allegedly entered near closing time and threatened the staff.,Under Investigation,IO-TRY-001,NULL,FIR,"shop robbery, cash, associate, mobile number, morning, suspect, witness, CCTV"
FIR-2026-00495,Defacement of Property Report,"It was alleged that unidentified persons allegedly damaged a parked car of the complainant near Iniyan Colony Apartment Complex at night. The matter was brought to Tiruppur Central PS on 2026-09-06, while the incident was placed on 2026-09-04 at about 22:30. Praveen Shankar approached Tiruppur Central PS to report the matter and can be reached on 9000000131. The complaint mentions Anand Muthu, who was reportedly contacted on 9000000280, in connection with the events. The complainant mentioned photographs and CCTV footage.",Property Crime,Vandalism,Written,06-09-2026,04-09-2026,22:30,Night,Iniyan Colony Apartment Complex,Tiruppur,Tamil Nadu,Tiruppur Central PS,Praveen Shankar,9000000131,Praveen Shankar,9000000131,Anand Muthu,9000000280,NULL,NULL,NULL,None,NULL,Photograph; CCTV footage,Unknown,NULL,Property reportedly defaced late at night.,Under Investigation,IO-TUP-002,NULL,FIR,"vandalism, property damage, suspect, mobile number, apartment complex, CCTV, night, photograph"
FIR-2026-00496,Loan Recovery Harassment Complaint,"On 2026-09-01 at about 16:40, it was reported that the complainant reported threatening messages from a loan recovery number regarding Rs. 50,000. The online submission was made by Hemanth Krishnan (9000000185). Ganesh Shankar (9000000155) noticed the incident and may be able to provide a statement. The identity of the person involved remains unknown at this stage. The complainant mentioned social media screenshots and digital documents.",Harassment,Loan Recovery Harassment,Online,07-09-2026,01-09-2026,16:40,Afternoon,Nallur Colony College Road,Madurai,Tamil Nadu,Madurai North PS,Hemanth Krishnan,9000000185,Hemanth Krishnan,9000000185,Unknown,NULL,NULL,NULL,NULL,None,NULL,Social media screenshot; Digital document,Ganesh Shankar,9000000155,Messages reportedly sent to relatives to pressure repayment.,Pending Verification,IO-MDU-003,NULL,Complaint,"loan app, harassment, screenshot, digital document, afternoon, college road, witness"
FIR-2026-00497,Vehicle Theft Complaint,"On 2026-09-08 at approximately 00:55, it was reported that a silver motorcycle bearing registration number TN-39-YY-1043 was found missing from the parking space near Kalai Colony Apartment Complex. The complaint was lodged by Chandran Krishnan (9000000031). No identifying details of the suspected person were available at the time of registration. Amudha Kannan (9000000066) was mentioned as a person who was present nearby. The complaint refers to Ajith Murugan, a person who arranged the contact, reachable on 9000000225. Potentially relevant material referenced includes CCTV footage and a vehicle observation.",Vehicle Theft,Motorcycle Theft,Written,08-09-2026,08-09-2026,00:55,Night,Kalai Colony Apartment Complex,Erode,Tamil Nadu,Erode North PS,Chandran Krishnan,9000000031,Chandran Krishnan,9000000031,Unknown,NULL,Ajith Murugan,9000000225,TN-39-YY-1043,Motorcycle,NULL,CCTV footage; Vehicle observation,Amudha Kannan,9000000066,Vehicle reportedly taken during the night from a residential parking spot.,Pending Verification,IO-ERD-004,NULL,Complaint,"motorcycle theft, vehicle, apartment complex, vehicle observation, night, motorcycle, CCTV, associate"
FIR-2026-00498,Wallet Theft Report,"On 2026-09-09 around 19:25 hrs, it was reported that a wallet containing about Rs. 6,000 and identity cards was picked from the complainant near Nila Nagar Bus Stand Area in Chennai. Harini Selvam reported the matter orally at Chennai North PS; the contact number given was 9000000475. A person named Sanjay Anand, associated with the number 9000000477, was mentioned as potentially relevant to the incident. The complaint refers to another person whose identity could not be established. Items referenced in the complaint: CCTV footage and photographs. Records suggest a possible link with FIR-2026-00472, as the mobile number 9000000477 is associated with a suspect in both entries.",Theft,Pickpocketing,Oral,09-09-2026,09-09-2026,19:25,Evening,Nila Nagar Bus Stand Area,Chennai,Tamil Nadu,Chennai North PS,Harini Selvam,9000000475,Harini Selvam,9000000475,Sanjay Anand,9000000477,Unknown,NULL,NULL,None,NULL,CCTV footage; Photograph,Unknown,NULL,Reported theft occurred while the victim was boarding a bus.,Open,IO-CHN-003,FIR-2026-00472,FIR,"pickpocketing, wallet, CCTV, bus stand, photograph, mobile number, evening, suspect"
FIR-2026-00499,Missing Elderly Person Report,"According to the complaint registered on 2026-09-09, the grandfather of the complainant, Praveen Kumar, aged 67, left home for a bank visit and had not returned; last seen near Mathi Layout Apartment Complex. The incident is stated to have occurred on 2026-09-09 around 17:15 hrs. The complaint was lodged by Rajeshwari Rani (9000000291), a family member of Praveen Kumar, whose last active mobile number is noted as 9000000122. The family mentioned that Venkat Palanisamy (9000000134) was last known to be in contact with the missing person. Karthik Rajan (9000000091) was mentioned as a person who was present nearby. Items referenced in the complaint: CCTV footage.",Missing Person,Missing Elderly Person,Written,09-09-2026,09-09-2026,17:15,Evening,Mathi Layout Apartment Complex,Ernakulam,Kerala,Ernakulam Central PS,Rajeshwari Rani,9000000291,Praveen Kumar,9000000122,Venkat Palanisamy,9000000134,NULL,NULL,NULL,None,NULL,CCTV footage,Karthik Rajan,9000000091,Person last seen near a bus stop and could not be traced afterwards.,Open,IO-EKM-001,NULL,FIR,"missing person, elderly, evening, mobile number, apartment complex, CCTV, suspect, witness"
FIR-2026-00500,Loan Processing Fee Fraud Complaint,"As per the FIR recorded on 2026-09-13, the complainant paid Rs. 12,00,000 as a processing fee for a promised loan that was never disbursed. The time of the incident was given as 12:30 on 2026-09-12. The complainant, Sanjay Raj, provided the contact number 9000000083. The account reference SYN-ACC-100062 linked to the complainant was mentioned in relation to the transactions. The complainant alleged that Karthik Shankar may be involved and provided the mobile number 9000000306. Potentially relevant material referenced includes transaction records.",Financial Fraud,Loan Fraud,Written,13-09-2026,12-09-2026,12:30,Afternoon,Sindhu Garden Residential Colony,Erode,Tamil Nadu,Erode South PS,Sanjay Raj,9000000083,Sanjay Raj,9000000083,Karthik Shankar,9000000306,NULL,NULL,NULL,None,SYN-ACC-100062,Transaction record,Unknown,NULL,Agent reportedly claimed a guaranteed approval and became unreachable.,Under Investigation,IO-ERD-006,NULL,FIR,"loan fraud, processing fee, bank account, residential colony, suspect, mobile number, transaction record, afternoon"
