POST_ID,Platform,Handle,Post_Text,Post_DateTime,Sentiment,Mentioned_Name,Mentioned_Mobile,Mentioned_Vehicle,Mentioned_Location,Source
POST-00001,Twitter/X,@temp_vignesh213,Anyone else getting calls from 9000000198.0? Feels like a scam.,2026-08-16 06:13:53,Neutral,NULL,9000000198.0,NULL,Senthil Garden Main Street,SocialMedia
POST-00002,Twitter/X,@only_logesh69,Multiple complaints about 9000000415.0 in our locality. Scam alert!,2026-03-17 16:17:59,Suspicious,NULL,9000000415.0,NULL,Sevvanthi Puram Industrial Area,SocialMedia
POST-00003,Facebook,@the_jagan281,People are saying Sathish Ramasamy is involved in the Nila Puram Main Street incident. Not confirmed.,2026-04-17 03:43:48,Concerned,Sathish Ramasamy,NULL,NULL,Nila Puram Main Street,SocialMedia
POST-00004,Twitter/X,@anon_janani133,The group operating near Vetri Layout Industrial Area is getting bolder. Someone needs to act.,2025-02-19 17:31:45,Concerned,NULL,NULL,NULL,Vetri Layout Industrial Area,SocialMedia
POST-00005,Twitter/X,@anon_jeeva103,Posting this for awareness: fraud calls coming from 9000000382.0.,2025-02-22 08:25:59,Suspicious,NULL,9000000382.0,NULL,Iniyan Puram College Road,SocialMedia
POST-00006,Telegram,@anon_praveen613,Financial irregularities linked to Nallur Park Main Street area. Multiple accounts flagged.,2026-03-20 13:00:53,Concerned,NULL,NULL,NULL,Nallur Park Main Street,SocialMedia
POST-00007,Facebook,@dark_hemanth430,Rumour: Ajith Nathan and associates were seen leaving Selvapuram Puram Main Street late at night.,2026-07-21 06:57:32,Neutral,Ajith Nathan,NULL,NULL,Selvapuram Puram Main Street,SocialMedia
POST-00008,Facebook,@dark_anand915,Watch out for a TN-38-ZZ-1071 near Senthil Garden Main Street. Looked very suspicious.,2025-11-24 16:26:37,Neutral,NULL,NULL,TN-38-ZZ-1071,Senthil Garden Main Street,SocialMedia
POST-00009,Telegram,@dark_anand915,Something big happened near Mangai Puram Railway Station Road — police cars everywhere last night.,2025-03-14 10:32:38,Suspicious,NULL,NULL,NULL,Mangai Puram Railway Station Road,SocialMedia
POST-00010,Twitter/X,@the_yogesh398,Rumour: Ezhilan Rajan and associates were seen leaving Arasu Nagar Residential Colony late at night.,2025-10-31 05:59:20,Neutral,Ezhilan Rajan,NULL,NULL,Arasu Nagar Residential Colony,SocialMedia
POST-00011,YouTube Comment,@real_rajesh377,Something big happened near Mangai Layout Shopping Complex — police cars everywhere last night.,2026-03-26 20:42:11,Alarmed,NULL,NULL,NULL,Mangai Layout Shopping Complex,SocialMedia
POST-00012,YouTube Comment,@the_nithya68,Alert: suspicious activity reported near Iniyan Layout Parking Area. Stay safe everyone.,2025-03-04 05:23:09,Informational,NULL,NULL,NULL,Iniyan Layout Parking Area,SocialMedia
POST-00013,Twitter/X,@temp_hariharan418,People are saying Gokul Sundaram is involved in the Kadal Layout Highway Junction incident. Not confirmed.,2025-03-05 16:16:53,Concerned,Gokul Sundaram,NULL,NULL,Kadal Layout Highway Junction,SocialMedia
POST-00014,Twitter/X,@real_rakesh633,Posting this for awareness: fraud calls coming from 9000000298.0.,2026-05-17 09:00:24,Neutral,NULL,9000000298.0,NULL,Kayal Puram Highway Junction,SocialMedia
POST-00015,Facebook,@xyz_pandian228,Financial irregularities linked to Arasu Garden ATM Area area. Multiple accounts flagged.,2025-04-13 21:10:09,Suspicious,NULL,NULL,NULL,Arasu Garden ATM Area,SocialMedia
POST-00016,Instagram,@temp_sathish836,People are saying Jagan Anand is involved in the Roja Layout Industrial Area incident. Not confirmed.,2025-01-07 01:49:59,Alarmed,Jagan Anand,NULL,NULL,Roja Layout Industrial Area,SocialMedia
POST-00017,Facebook,@the_mohan288,The TN-01-XX-1093 linked to that incident was seen near Mangai Colony Railway Station Road again today.,2025-06-13 14:25:16,Alarmed,NULL,NULL,TN-01-XX-1093,Mangai Colony Railway Station Road,SocialMedia
POST-00018,Telegram,@the_jagan483,The group operating near Vennila Puram Shopping Complex is getting bolder. Someone needs to act.,2025-02-04 05:50:12,Neutral,NULL,NULL,NULL,Vennila Puram Shopping Complex,SocialMedia
POST-00019,WhatsApp Group,@real_madhan977,Someone using number 9000000005.0 has been harassing people in Mangai Puram Railway Station Road.,2025-04-26 18:34:23,Concerned,NULL,9000000005.0,NULL,Mangai Puram Railway Station Road,SocialMedia
POST-00020,Instagram,@shadow_ezhilan225,Mohan Kumar mentioned in connection with recent incidents. People are talking.,2026-06-03 00:32:23,Neutral,Mohan Kumar,NULL,NULL,Nila Puram Main Street,SocialMedia
POST-00021,WhatsApp Group,@the_babu764,The TN-28-YY-1076 linked to that incident was seen near Roja Layout Industrial Area again today.,2026-08-31 16:44:28,Suspicious,NULL,NULL,TN-28-YY-1076,Roja Layout Industrial Area,SocialMedia
POST-00022,WhatsApp Group,@only_praveen846,Rumour: Rakesh Gopal and associates were seen leaving Thendral Nagar ATM Area late at night.,2025-09-29 14:06:19,Concerned,Rakesh Gopal,NULL,NULL,Thendral Nagar ATM Area,SocialMedia
POST-00023,YouTube Comment,@user_ganesh40,Rumour: Meena Sekar and associates were seen leaving Vetri Layout Industrial Area late at night.,2025-08-05 19:16:01,Concerned,Meena Sekar,NULL,NULL,Vetri Layout Industrial Area,SocialMedia
POST-00024,YouTube Comment,@the_hemanth604,Multiple complaints about 9000000375.0 in our locality. Scam alert!,2025-07-26 04:39:06,Neutral,NULL,9000000375.0,NULL,Roja Park Main Street,SocialMedia
POST-00025,Instagram,@dark_kishore931,Residents of Vetri Colony Industrial Area be careful — strangers asking suspicious questions.,2025-07-17 20:22:18,Neutral,NULL,NULL,NULL,Vetri Colony Industrial Area,SocialMedia
POST-00026,Instagram,@temp_mohan331,Our community group got a threat message from 9000000322.0. Reporting this.,2025-04-07 19:11:03,Alarmed,NULL,9000000322.0,NULL,Kalai Layout Parking Area,SocialMedia
POST-00027,Facebook,@the_mohan206,New gang activity in Kalai Colony Apartment Complex. Be careful near the highway flyover.,2025-10-22 11:46:48,Alarmed,NULL,NULL,NULL,Kalai Colony Apartment Complex,SocialMedia
POST-00028,Telegram,@the_jagan483,Big money movement spotted from Neithal Colony Residential Colony accounts. Something is off.,2026-04-17 04:59:28,Alarmed,NULL,NULL,NULL,Neithal Colony Residential Colony,SocialMedia
POST-00029,Facebook,@real_kumaran300,Something big happened near Palar Layout Market Road — police cars everywhere last night.,2026-05-07 14:52:21,Alarmed,NULL,NULL,NULL,Palar Layout Market Road,SocialMedia
POST-00030,YouTube Comment,@anon_naveen559,People are saying Venkat Prakash is involved in the Kalai Layout Parking Area incident. Not confirmed.,2026-04-20 18:58:21,Informational,Venkat Prakash,NULL,NULL,Kalai Layout Parking Area,SocialMedia
POST-00031,Twitter/X,@anon_lokesh419,People are saying Sanjay Shankar is involved in the Anbu Garden Apartment Complex incident. Not confirmed.,2026-05-25 13:48:27,Alarmed,Sanjay Shankar,NULL,NULL,Anbu Garden Apartment Complex,SocialMedia
POST-00032,WhatsApp Group,@anon_naveen559,Watch out for a TN-68-XX-1018 near Ponni Nagar College Road. Looked very suspicious.,2025-04-05 06:17:17,Concerned,NULL,NULL,TN-68-XX-1018,Ponni Nagar College Road,SocialMedia
POST-00033,Twitter/X,@anon_jagan928,Something big happened near Roja Colony Residential Colony — police cars everywhere last night.,2026-01-04 16:34:22,Concerned,NULL,NULL,NULL,Roja Colony Residential Colony,SocialMedia
POST-00034,Telegram,@user_ganesh40,Rumour: Mohan Ramasamy and associates were seen leaving Sevvanthi Colony Bus Stand Area late at night.,2025-07-02 03:16:37,Neutral,Mohan Ramasamy,NULL,NULL,Sevvanthi Colony Bus Stand Area,SocialMedia
POST-00035,Facebook,@only_hariharan75,Financial irregularities linked to Neithal Park Highway Junction area. Multiple accounts flagged.,2025-09-15 00:04:34,Concerned,NULL,NULL,NULL,Neithal Park Highway Junction,SocialMedia
POST-00036,Facebook,@temp_nandha399,Our community group got a threat message from 9000000262.0. Reporting this.,2025-10-01 05:15:33,Neutral,NULL,9000000262.0,NULL,Alli Park Shopping Complex,SocialMedia
POST-00037,Twitter/X,@dark_hariharan507,Suspicious vehicle TN-58-XX-1084 seen circling Nallur Puram Market Road multiple times.,2025-09-19 01:54:31,Alarmed,NULL,NULL,TN-58-XX-1084,Nallur Puram Market Road,SocialMedia
POST-00038,Instagram,@real_rakesh633,Suspicious vehicle TN-33-XX-1009 seen circling Arasu Garden ATM Area multiple times.,2026-05-30 23:12:40,Neutral,NULL,NULL,TN-33-XX-1009,Arasu Garden ATM Area,SocialMedia
POST-00039,Facebook,@anon_abirami344,Our community group got a threat message from 9000000045.0. Reporting this.,2025-10-22 11:25:29,Neutral,NULL,9000000045.0,NULL,Kalai Puram Apartment Complex,SocialMedia
POST-00040,Twitter/X,@anon_murugan660,Our community group got a threat message from 9000000124.0. Reporting this.,2025-02-23 07:08:20,Informational,NULL,9000000124.0,NULL,Sevvanthi Puram Industrial Area,SocialMedia
POST-00041,Facebook,@anon_praveen613,Alert: suspicious activity reported near Sevvanthi Puram Industrial Area. Stay safe everyone.,2025-03-30 20:22:25,Concerned,NULL,NULL,NULL,Sevvanthi Puram Industrial Area,SocialMedia
POST-00042,Facebook,@the_kishore997,The group operating near Anbu Colony Highway Junction is getting bolder. Someone needs to act.,2026-03-26 11:27:55,Neutral,NULL,NULL,NULL,Anbu Colony Highway Junction,SocialMedia
POST-00043,Telegram,@real_jagan723,New gang activity in Mynthan Nagar Apartment Complex. Be careful near the ATM near the post office.,2026-06-16 11:30:46,Alarmed,NULL,NULL,NULL,Mynthan Nagar Apartment Complex,SocialMedia
POST-00044,Facebook,@real_logesh166,Watch out for a TN-30-YY-1052 near Sevvanthi Park Shopping Complex. Looked very suspicious.,2025-11-23 06:27:44,Informational,NULL,NULL,TN-30-YY-1052,Sevvanthi Park Shopping Complex,SocialMedia
POST-00045,YouTube Comment,@only_arun681,Watch out for a TN-58-YY-1085 near Neithal Park Highway Junction. Looked very suspicious.,2025-07-29 18:42:02,Alarmed,NULL,NULL,TN-58-YY-1085,Neithal Park Highway Junction,SocialMedia
POST-00046,WhatsApp Group,@real_jagan295,The TN-30-YY-1079 linked to that incident was seen near Mullai Colony Shopping Complex again today.,2025-07-09 09:56:38,Informational,NULL,NULL,TN-30-YY-1079,Mullai Colony Shopping Complex,SocialMedia
POST-00047,Facebook,@real_rajesh377,Posting this for awareness: fraud calls coming from 9000000457.0.,2025-07-20 16:02:16,Concerned,NULL,9000000457.0,NULL,Mullai Park Shopping Complex,SocialMedia
POST-00048,Facebook,@xyz_kumaran756,Residents of Amudham Layout Residential Colony be careful — strangers asking suspicious questions.,2026-08-12 21:12:48,Neutral,NULL,NULL,NULL,Amudham Layout Residential Colony,SocialMedia
POST-00049,Twitter/X,@xyz_murugan267,Word on the street: Udhay Anand controls the operation in Ezhil Garden Shopping Complex area.,2026-05-31 17:06:42,Concerned,Udhay Anand,NULL,NULL,Ezhil Garden Shopping Complex,SocialMedia
POST-00050,Facebook,@official_sanjay323,Word on the street: Mohan Kumar controls the operation in Sevvanthi Park Shopping Complex area.,2025-04-04 17:11:19,Alarmed,Mohan Kumar,NULL,NULL,Sevvanthi Park Shopping Complex,SocialMedia
POST-00051,Facebook,@temp_mohan788,Financial irregularities linked to Amudham Layout Residential Colony area. Multiple accounts flagged.,2025-08-08 19:28:41,Suspicious,NULL,NULL,NULL,Amudham Layout Residential Colony,SocialMedia
POST-00052,Twitter/X,@dark_anand915,The group operating near Poongodi Layout Residential Colony is getting bolder. Someone needs to act.,2025-02-05 08:28:26,Suspicious,NULL,NULL,NULL,Poongodi Layout Residential Colony,SocialMedia
POST-00053,Facebook,@anon_gopal461,The TN-01-ZZ-1053 linked to that incident was seen near Senthil Garden Main Street again today.,2025-02-09 21:43:53,Neutral,NULL,NULL,TN-01-ZZ-1053,Senthil Garden Main Street,SocialMedia
POST-00054,Telegram,@the_nithin162,Word on the street: Kishore Arumugam controls the operation in Mangai Layout Shopping Complex area.,2025-08-24 23:54:16,Neutral,Kishore Arumugam,NULL,NULL,Mangai Layout Shopping Complex,SocialMedia
POST-00055,Facebook,@only_arun681,Rumour: Jeeva Muthu and associates were seen leaving Vaigai Park Parking Area late at night.,2025-12-10 20:55:03,Neutral,Jeeva Muthu,NULL,NULL,Vaigai Park Parking Area,SocialMedia
POST-00056,Twitter/X,@only_mohan650,Posting this for awareness: fraud calls coming from 9000000166.0.,2026-05-28 23:16:22,Neutral,NULL,9000000166.0,NULL,Arasu Garden ATM Area,SocialMedia
POST-00057,Twitter/X,@official_gopal43,Rumour: Revathi Raman and associates were seen leaving Roja Layout Industrial Area late at night.,2026-07-04 02:36:42,Neutral,Revathi Raman,NULL,NULL,Roja Layout Industrial Area,SocialMedia
POST-00058,Facebook,@dark_jeeva127,Something big happened near Sevvanthi Colony Bus Stand Area — police cars everywhere last night.,2026-05-19 00:47:10,Neutral,NULL,NULL,NULL,Sevvanthi Colony Bus Stand Area,SocialMedia
POST-00059,Facebook,@anon_prakash137,Anyone else getting calls from 9000000332.0? Feels like a scam.,2025-08-25 04:40:14,Alarmed,NULL,9000000332.0,NULL,Anbu Colony Highway Junction,SocialMedia
POST-00060,Facebook,@shadow_vignesh628,Anyone else getting calls from 9000000366.0? Feels like a scam.,2025-03-12 22:27:23,Neutral,NULL,9000000366.0,NULL,Selvapuram Garden College Road,SocialMedia
POST-00061,YouTube Comment,@official_nithin195,Posting this for awareness: fraud calls coming from 9000000136.0.,2025-12-05 13:29:06,Alarmed,NULL,9000000136.0,NULL,Anbu Layout Bus Stand Area,SocialMedia
POST-00062,Facebook,@the_senthil347,Word on the street: Vijay Raman controls the operation in Palar Park Industrial Area area.,2026-01-20 20:12:43,Neutral,Vijay Raman,NULL,NULL,Palar Park Industrial Area,SocialMedia
POST-00063,YouTube Comment,@xyz_jeeva439,Suspicious vehicle TN-58-YY-1085 seen circling Ezhil Garden Shopping Complex multiple times.,2025-11-10 22:22:08,Informational,NULL,NULL,TN-58-YY-1085,Ezhil Garden Shopping Complex,SocialMedia
POST-00064,Twitter/X,@anon_anand788,Heard that Harish Murugan was spotted near Kalai Puram Apartment Complex last night. Anyone know more?,2025-07-27 10:17:20,Concerned,Harish Murugan,NULL,NULL,Kalai Puram Apartment Complex,SocialMedia
POST-00065,Twitter/X,@official_sanjay574,New gang activity in Roja Park Main Street. Be careful near the ATM near the post office.,2025-11-13 21:29:51,Neutral,NULL,NULL,NULL,Roja Park Main Street,SocialMedia
POST-00066,Facebook,@dark_hariharan864,Watch out for a TN-47-ZZ-1095 near Mullai Park Shopping Complex. Looked very suspicious.,2026-01-02 18:48:53,Neutral,NULL,NULL,TN-47-ZZ-1095,Mullai Park Shopping Complex,SocialMedia
POST-00067,Telegram,@real_udhay292,The TN-45-ZZ-1074 linked to that incident was seen near Vaigai Park Parking Area again today.,2025-11-19 07:05:14,Concerned,NULL,NULL,TN-45-ZZ-1074,Vaigai Park Parking Area,SocialMedia
POST-00068,Facebook,@the_udhay467,Multiple complaints about 9000000271.0 in our locality. Scam alert!,2025-09-26 01:34:35,Concerned,NULL,9000000271.0,NULL,Sevvanthi Garden College Road,SocialMedia
POST-00069,Facebook,@dark_vignesh54,The TN-47-ZZ-1041 linked to that incident was seen near Amudham Layout Residential Colony again today.,2026-01-03 08:54:58,Alarmed,NULL,NULL,TN-47-ZZ-1041,Amudham Layout Residential Colony,SocialMedia
POST-00070,Telegram,@real_mohan905,Suspicious vehicle TN-45-XX-1081 seen circling Alli Colony College Road multiple times.,2025-03-19 10:45:38,Concerned,NULL,NULL,TN-45-XX-1081,Alli Colony College Road,SocialMedia
POST-00071,Instagram,@shadow_karthik648,Something big happened near Neithal Park Highway Junction — police cars everywhere last night.,2026-05-20 17:49:59,Neutral,NULL,NULL,NULL,Neithal Park Highway Junction,SocialMedia
POST-00072,Twitter/X,@temp_sanjay80,Financial irregularities linked to Sevvanthi Colony Bus Stand Area area. Multiple accounts flagged.,2026-06-16 14:07:57,Suspicious,NULL,NULL,NULL,Sevvanthi Colony Bus Stand Area,SocialMedia
POST-00073,Facebook,@user_yuvaraj57,Rumour: Vijay Raman and associates were seen leaving Oviya Puram Parking Area late at night.,2025-02-13 14:08:17,Neutral,Vijay Raman,NULL,NULL,Oviya Puram Parking Area,SocialMedia
POST-00074,Twitter/X,@the_abirami189,Vignesh Balan mentioned in connection with recent incidents. People are talking.,2025-10-25 03:08:33,Alarmed,Vignesh Balan,NULL,NULL,Kadal Nagar Bus Stand Area,SocialMedia
POST-00075,Facebook,@anon_gopal932,Rumour: Anand Krishnan and associates were seen leaving Roja Nagar Residential Colony late at night.,2026-03-01 13:19:40,Neutral,Anand Krishnan,NULL,NULL,Roja Nagar Residential Colony,SocialMedia
POST-00076,Facebook,@dark_jeeva883,Something big happened near Vennila Puram Shopping Complex — police cars everywhere last night.,2025-07-04 05:50:05,Concerned,NULL,NULL,NULL,Vennila Puram Shopping Complex,SocialMedia
POST-00077,Telegram,@dark_mathan400,Thirumal Velan mentioned in connection with recent incidents. People are talking.,2025-02-08 02:15:03,Suspicious,Thirumal Velan,NULL,NULL,Kurinji Puram Railway Station Road,SocialMedia
POST-00078,Twitter/X,@the_revathi653,Word on the street: Prakash Muthu controls the operation in Neithal Garden Apartment Complex area.,2026-05-03 08:40:00,Alarmed,Prakash Muthu,NULL,NULL,Neithal Garden Apartment Complex,SocialMedia
POST-00079,Facebook,@temp_senthil206,New gang activity in Amudham Puram Apartment Complex. Be careful near the railway crossing.,2025-11-19 17:32:20,Neutral,NULL,NULL,NULL,Amudham Puram Apartment Complex,SocialMedia
POST-00080,Facebook,@anon_bharath835,Someone using number 9000000088.0 has been harassing people in Iniyan Colony Apartment Complex.,2025-09-21 02:06:35,Informational,NULL,9000000088.0,NULL,Iniyan Colony Apartment Complex,SocialMedia
POST-00081,Facebook,@user_abirami280,Something big happened near Kurinji Puram Railway Station Road — police cars everywhere last night.,2025-12-20 05:49:33,Concerned,NULL,NULL,NULL,Kurinji Puram Railway Station Road,SocialMedia
POST-00082,Facebook,@the_vasanth281,Anyone else getting calls from 9000000164.0? Feels like a scam.,2026-04-19 20:45:23,Neutral,NULL,9000000164.0,NULL,Vennila Park Shopping Complex,SocialMedia
POST-00083,Facebook,@real_uma702,People are saying Ajith Murugan is involved in the Amudham Garden Market Road incident. Not confirmed.,2026-01-18 15:11:18,Neutral,Ajith Murugan,NULL,NULL,Amudham Garden Market Road,SocialMedia
POST-00084,Telegram,@dark_harish611,Rumour: Jagan Velan and associates were seen leaving Sindhu Colony College Road late at night.,2025-05-01 00:30:56,Informational,Jagan Velan,NULL,NULL,Sindhu Colony College Road,SocialMedia
POST-00085,YouTube Comment,@official_rajesh957,Watch out for a TN-33-ZZ-1029 near Alli Colony College Road. Looked very suspicious.,2025-10-09 16:57:28,Neutral,NULL,NULL,TN-33-ZZ-1029,Alli Colony College Road,SocialMedia
POST-00086,WhatsApp Group,@xyz_jeeva439,Sanjay Gopal mentioned in connection with recent incidents. People are talking.,2025-12-20 04:32:46,Neutral,Sanjay Gopal,NULL,NULL,Kurinji Puram Railway Station Road,SocialMedia
POST-00087,Telegram,@real_rajesh859,The group operating near Nallur Colony College Road is getting bolder. Someone needs to act.,2025-06-10 21:41:35,Concerned,NULL,NULL,NULL,Nallur Colony College Road,SocialMedia
POST-00088,Facebook,@the_hariharan563,Rumour: Mohan Velan and associates were seen leaving Neithal Colony Residential Colony late at night.,2025-05-16 12:51:43,Neutral,Mohan Velan,NULL,NULL,Neithal Colony Residential Colony,SocialMedia
POST-00089,Twitter/X,@official_revathi63,Heard that Ganesh Shankar was spotted near Nila Nagar Bus Stand Area last night. Anyone know more?,2025-11-23 23:16:24,Concerned,Ganesh Shankar,NULL,NULL,Nila Nagar Bus Stand Area,SocialMedia
POST-00090,Twitter/X,@real_rakesh226,People are saying Ajith Nathan is involved in the Palar Layout Market Road incident. Not confirmed.,2026-04-23 18:25:21,Neutral,Ajith Nathan,NULL,NULL,Palar Layout Market Road,SocialMedia
POST-00091,Telegram,@real_hariharan512,Multiple complaints about 9000000042.0 in our locality. Scam alert!,2025-12-11 12:36:04,Neutral,NULL,9000000042.0,NULL,Kaveri Nagar Apartment Complex,SocialMedia
POST-00092,YouTube Comment,@shadow_jagan400,People are saying Rakesh Muthu is involved in the Nila Puram Main Street incident. Not confirmed.,2026-02-17 02:17:46,Neutral,Rakesh Muthu,NULL,NULL,Nila Puram Main Street,SocialMedia
POST-00093,Telegram,@dark_eswari357,Multiple complaints about 9000000427.0 in our locality. Scam alert!,2025-11-06 16:52:09,Concerned,NULL,9000000427.0,NULL,Mangai Puram Railway Station Road,SocialMedia
POST-00094,Telegram,@real_ajith103,Watch out for a TN-39-ZZ-1044 near Vennila Puram Shopping Complex. Looked very suspicious.,2025-03-14 09:56:06,Concerned,NULL,NULL,TN-39-ZZ-1044,Vennila Puram Shopping Complex,SocialMedia
POST-00095,WhatsApp Group,@dark_sanjay372,Ganesh Shankar mentioned in connection with recent incidents. People are talking.,2026-08-06 18:18:43,Concerned,Ganesh Shankar,NULL,NULL,Mullai Puram Parking Area,SocialMedia
POST-00096,Telegram,@anon_hariharan239,Alert: suspicious activity reported near Senthil Garden Main Street. Stay safe everyone.,2025-09-29 22:35:52,Informational,NULL,NULL,NULL,Senthil Garden Main Street,SocialMedia
POST-00097,Instagram,@temp_babu961,Kishore Arumugam mentioned in connection with recent incidents. People are talking.,2026-06-23 15:14:23,Neutral,Kishore Arumugam,NULL,NULL,Iniyan Puram College Road,SocialMedia
POST-00098,Instagram,@user_murugan787,Big money movement spotted from Nallur Garden Residential Colony accounts. Something is off.,2025-11-08 07:09:42,Neutral,NULL,NULL,NULL,Nallur Garden Residential Colony,SocialMedia
POST-00099,Telegram,@shadow_sanjay329,Heard that Vijay Raman was spotted near Thendral Nagar ATM Area last night. Anyone know more?,2026-08-27 09:15:55,Suspicious,Vijay Raman,NULL,NULL,Thendral Nagar ATM Area,SocialMedia
POST-00100,Facebook,@only_vijay248,Residents of Roja Layout Industrial Area be careful — strangers asking suspicious questions.,2026-05-30 03:25:53,Concerned,NULL,NULL,NULL,Roja Layout Industrial Area,SocialMedia
POST-00101,Twitter/X,@the_jagan483,Residents of Oviya Colony Railway Station Road be careful — strangers asking suspicious questions.,2026-06-11 18:53:52,Alarmed,NULL,NULL,NULL,Oviya Colony Railway Station Road,SocialMedia
POST-00102,Facebook,@user_arun219,Word on the street: Arjun Shankar controls the operation in Iniyan Puram College Road area.,2025-06-14 01:41:12,Informational,Arjun Shankar,NULL,NULL,Iniyan Puram College Road,SocialMedia
POST-00103,Facebook,@the_revathi399,Anyone else getting calls from 9000000013.0? Feels like a scam.,2025-06-28 17:34:28,Concerned,NULL,9000000013.0,NULL,Neithal Colony Residential Colony,SocialMedia
POST-00104,Facebook,@shadow_anand599,Pandian Thangaraj mentioned in connection with recent incidents. People are talking.,2025-11-11 02:59:20,Alarmed,Pandian Thangaraj,NULL,NULL,Vetri Colony Industrial Area,SocialMedia
POST-00105,Facebook,@only_senthil151,Our community group got a threat message from 9000000490.0. Reporting this.,2026-06-20 15:15:46,Suspicious,NULL,9000000490.0,NULL,Sevvanthi Puram Industrial Area,SocialMedia
POST-00106,Facebook,@dark_kishore901,People are saying Siva Selvam is involved in the Vetri Colony Industrial Area incident. Not confirmed.,2025-09-21 16:59:10,Neutral,Siva Selvam,NULL,NULL,Vetri Colony Industrial Area,SocialMedia
POST-00107,Facebook,@user_sanjay986,Big money movement spotted from Kadal Nagar Bus Stand Area accounts. Something is off.,2026-07-19 23:19:45,Suspicious,NULL,NULL,NULL,Kadal Nagar Bus Stand Area,SocialMedia
POST-00108,Telegram,@user_murugan787,Someone using number 9000000009.0 has been harassing people in Vennila Puram Shopping Complex.,2026-05-25 03:34:25,Neutral,NULL,9000000009.0,NULL,Vennila Puram Shopping Complex,SocialMedia
POST-00109,Twitter/X,@the_arun460,Word on the street: Ajith Murugan controls the operation in Vetri Nagar Shopping Complex area.,2025-12-10 11:21:20,Alarmed,Ajith Murugan,NULL,NULL,Vetri Nagar Shopping Complex,SocialMedia
POST-00110,Telegram,@user_sanjay387,Anyone else getting calls from 9000000289.0? Feels like a scam.,2025-03-01 14:22:10,Alarmed,NULL,9000000289.0,NULL,Mynthan Nagar Apartment Complex,SocialMedia
POST-00111,Telegram,@anon_ezhilan940,People are saying Vignesh Thangaraj is involved in the Iniyan Layout Parking Area incident. Not confirmed.,2026-05-22 07:07:51,Neutral,Vignesh Thangaraj,NULL,NULL,Iniyan Layout Parking Area,SocialMedia
POST-00112,YouTube Comment,@real_vignesh399,Residents of Kaveri Nagar Apartment Complex be careful — strangers asking suspicious questions.,2025-03-07 12:00:32,Concerned,NULL,NULL,NULL,Kaveri Nagar Apartment Complex,SocialMedia
POST-00113,WhatsApp Group,@shadow_sanjay391,Big money movement spotted from Selvapuram Garden College Road accounts. Something is off.,2025-10-28 21:58:05,Concerned,NULL,NULL,NULL,Selvapuram Garden College Road,SocialMedia
POST-00114,Telegram,@official_lokesh268,Financial irregularities linked to Mathi Layout Apartment Complex area. Multiple accounts flagged.,2026-05-25 23:14:29,Suspicious,NULL,NULL,NULL,Mathi Layout Apartment Complex,SocialMedia
POST-00115,Instagram,@dark_mathan142,Residents of Iniyan Layout Parking Area be careful — strangers asking suspicious questions.,2025-03-07 19:16:36,Concerned,NULL,NULL,NULL,Iniyan Layout Parking Area,SocialMedia
POST-00116,Twitter/X,@shadow_karthik326,Suspicious vehicle TN-39-YY-1091 seen circling Ezhil Garden Shopping Complex multiple times.,2025-06-16 08:50:26,Concerned,NULL,NULL,TN-39-YY-1091,Ezhil Garden Shopping Complex,SocialMedia
POST-00117,Facebook,@temp_vignesh37,Word on the street: Udhay Shankar controls the operation in Neithal Park Highway Junction area.,2026-02-24 06:03:22,Informational,Udhay Shankar,NULL,NULL,Neithal Park Highway Junction,SocialMedia
POST-00118,Instagram,@the_arun861,Multiple complaints about 9000000457.0 in our locality. Scam alert!,2026-05-01 06:00:23,Informational,NULL,9000000457.0,NULL,Nila Puram Main Street,SocialMedia
POST-00119,Facebook,@anon_nandha249,Big money movement spotted from Amudham Puram Apartment Complex accounts. Something is off.,2025-08-29 08:53:58,Suspicious,NULL,NULL,NULL,Amudham Puram Apartment Complex,SocialMedia
POST-00120,Facebook,@xyz_rajesh550,Word on the street: Udhay Shankar controls the operation in Selvapuram Garden College Road area.,2025-05-06 20:58:59,Informational,Udhay Shankar,NULL,NULL,Selvapuram Garden College Road,SocialMedia
POST-00121,Telegram,@real_mohan738,Residents of Vetri Nagar Shopping Complex be careful — strangers asking suspicious questions.,2025-04-07 20:09:43,Neutral,NULL,NULL,NULL,Vetri Nagar Shopping Complex,SocialMedia
POST-00122,Telegram,@temp_sathish280,Big money movement spotted from Mynthan Colony Main Street accounts. Something is off.,2025-09-29 12:44:17,Suspicious,NULL,NULL,NULL,Mynthan Colony Main Street,SocialMedia
POST-00123,Twitter/X,@shadow_kishore239,Our community group got a threat message from 9000000097.0. Reporting this.,2025-03-18 23:02:35,Informational,NULL,9000000097.0,NULL,Anbu Park Main Street,SocialMedia
POST-00124,Instagram,@anon_uma469,Financial irregularities linked to Nila Park Industrial Area area. Multiple accounts flagged.,2025-03-03 12:52:31,Neutral,NULL,NULL,NULL,Nila Park Industrial Area,SocialMedia
POST-00125,Twitter/X,@temp_senthil206,The group operating near Kadal Nagar Bus Stand Area is getting bolder. Someone needs to act.,2025-04-05 15:25:04,Neutral,NULL,NULL,NULL,Kadal Nagar Bus Stand Area,SocialMedia
POST-00126,Telegram,@temp_bharathi257,Our community group got a threat message from 9000000439.0. Reporting this.,2025-08-15 05:42:12,Concerned,NULL,9000000439.0,NULL,Mullai Park Shopping Complex,SocialMedia
POST-00127,Twitter/X,@xyz_dinesh379,Residents of Nila Garden Bus Stand Area be careful — strangers asking suspicious questions.,2026-02-13 14:27:31,Concerned,NULL,NULL,NULL,Nila Garden Bus Stand Area,SocialMedia
POST-00128,Twitter/X,@official_vasanthi775,Multiple complaints about 9000000491.0 in our locality. Scam alert!,2026-09-05 11:04:42,Neutral,NULL,9000000491.0,NULL,Vaigai Layout Market Road,SocialMedia
POST-00129,Facebook,@anon_revathi722,Rumour: Senthil Natarajan and associates were seen leaving Anbu Layout Bus Stand Area late at night.,2025-05-22 13:54:29,Informational,Senthil Natarajan,NULL,NULL,Anbu Layout Bus Stand Area,SocialMedia
POST-00130,Facebook,@shadow_ezhilan965,People are saying Vasanth Mani is involved in the Kalai Layout Parking Area incident. Not confirmed.,2025-11-06 07:26:03,Suspicious,Vasanth Mani,NULL,NULL,Kalai Layout Parking Area,SocialMedia
POST-00131,Twitter/X,@user_sanjay986,The TN-68-YY-1040 linked to that incident was seen near Vetri Nagar Shopping Complex again today.,2026-05-25 07:43:07,Concerned,NULL,NULL,TN-68-YY-1040,Vetri Nagar Shopping Complex,SocialMedia
POST-00132,Facebook,@anon_divya718,Watch out for a TN-72-YY-1031 near Selvapuram Garden College Road. Looked very suspicious.,2026-09-12 06:34:45,Concerned,NULL,NULL,TN-72-YY-1031,Selvapuram Garden College Road,SocialMedia
POST-00133,Facebook,@real_rakesh91,People are saying Ganesh Selvam is involved in the Nallur Puram Market Road incident. Not confirmed.,2025-08-18 15:07:41,Concerned,Ganesh Selvam,NULL,NULL,Nallur Puram Market Road,SocialMedia
POST-00134,Instagram,@anon_murugan660,Residents of Nallur Garden Residential Colony be careful — strangers asking suspicious questions.,2025-12-04 19:52:43,Neutral,NULL,NULL,NULL,Nallur Garden Residential Colony,SocialMedia
POST-00135,Telegram,@temp_thirumal704,Alert: suspicious activity reported near Palar Layout Market Road. Stay safe everyone.,2025-01-28 00:41:59,Neutral,NULL,NULL,NULL,Palar Layout Market Road,SocialMedia
POST-00136,Facebook,@shadow_venkat390,Rumour: Tamilarasan Selvam and associates were seen leaving Amudham Park Railway Station Road late at night.,2025-03-01 17:14:53,Concerned,Tamilarasan Selvam,NULL,NULL,Amudham Park Railway Station Road,SocialMedia
POST-00137,Facebook,@the_babu521,Multiple complaints about 9000000097.0 in our locality. Scam alert!,2026-03-13 06:20:17,Neutral,NULL,9000000097.0,NULL,Nallur Park Main Street,SocialMedia
POST-00138,WhatsApp Group,@anon_praveen613,Anyone else getting calls from 9000000465.0? Feels like a scam.,2025-12-18 02:41:11,Neutral,NULL,9000000465.0,NULL,Nila Park Industrial Area,SocialMedia
POST-00139,Telegram,@the_yuvaraj738,Something big happened near Mynthan Layout Shopping Complex — police cars everywhere last night.,2026-06-28 21:01:58,Alarmed,NULL,NULL,NULL,Mynthan Layout Shopping Complex,SocialMedia
POST-00140,Twitter/X,@shadow_madhan420,Jeeva Natarajan mentioned in connection with recent incidents. People are talking.,2026-03-07 07:42:29,Concerned,Jeeva Natarajan,NULL,NULL,Kalai Layout Parking Area,SocialMedia
POST-00141,Telegram,@xyz_balaji430,Something big happened near Ezhil Garden Shopping Complex — police cars everywhere last night.,2026-03-23 12:55:20,Neutral,NULL,NULL,NULL,Ezhil Garden Shopping Complex,SocialMedia
POST-00142,Instagram,@user_sanjay986,Financial irregularities linked to Ponni Nagar College Road area. Multiple accounts flagged.,2026-04-02 13:07:30,Neutral,NULL,NULL,NULL,Ponni Nagar College Road,SocialMedia
POST-00143,Twitter/X,@dark_sanjay358,Someone using number 9000000304.0 has been harassing people in Kadal Layout Highway Junction.,2026-07-05 22:54:33,Neutral,NULL,9000000304.0,NULL,Kadal Layout Highway Junction,SocialMedia
POST-00144,Facebook,@anon_jeeva103,Multiple complaints about 9000000124.0 in our locality. Scam alert!,2026-02-19 08:45:04,Neutral,NULL,9000000124.0,NULL,Kalai Layout Parking Area,SocialMedia
POST-00145,Twitter/X,@user_ezhilan93,Big money movement spotted from Nallur Puram Market Road accounts. Something is off.,2026-05-14 05:33:51,Informational,NULL,NULL,NULL,Nallur Puram Market Road,SocialMedia
POST-00146,YouTube Comment,@official_sanjay667,Anyone else getting calls from 9000000053.0? Feels like a scam.,2026-01-11 02:44:38,Neutral,NULL,9000000053.0,NULL,Oviya Puram Parking Area,SocialMedia
POST-00147,Facebook,@anon_suresh218,Suspicious vehicle TN-39-ZZ-1059 seen circling Kaveri Nagar Apartment Complex multiple times.,2025-04-22 14:10:42,Concerned,NULL,NULL,TN-39-ZZ-1059,Kaveri Nagar Apartment Complex,SocialMedia
POST-00148,Twitter/X,@only_elango487,Financial irregularities linked to Anbu Park Main Street area. Multiple accounts flagged.,2025-12-16 05:04:37,Neutral,NULL,NULL,NULL,Anbu Park Main Street,SocialMedia
POST-00149,Telegram,@dark_sanjay358,Watch out for a TN-47-ZZ-1038 near Roja Colony Residential Colony. Looked very suspicious.,2026-03-25 16:52:00,Alarmed,NULL,NULL,TN-47-ZZ-1038,Roja Colony Residential Colony,SocialMedia
POST-00150,WhatsApp Group,@user_anand102,The group operating near Roja Nagar Residential Colony is getting bolder. Someone needs to act.,2026-01-28 14:10:03,Concerned,NULL,NULL,NULL,Roja Nagar Residential Colony,SocialMedia
POST-00151,Twitter/X,@official_gopal559,Rumour: Murugan Babu and associates were seen leaving Kalai Puram Apartment Complex late at night.,2025-03-25 11:53:27,Concerned,Murugan Babu,NULL,NULL,Kalai Puram Apartment Complex,SocialMedia
POST-00152,Twitter/X,@the_vasanth281,Anyone else getting calls from 9000000339.0? Feels like a scam.,2026-03-06 16:49:22,Neutral,NULL,9000000339.0,NULL,Anbu Layout Bus Stand Area,SocialMedia
POST-00153,Facebook,@the_jeeva109,Suspicious vehicle TN-72-YY-1067 seen circling Nallur Park Main Street multiple times.,2026-09-10 09:57:29,Suspicious,NULL,NULL,TN-72-YY-1067,Nallur Park Main Street,SocialMedia
POST-00154,Twitter/X,@user_ezhilan49,The TN-38-YY-1073 linked to that incident was seen near Nallur Puram Market Road again today.,2025-09-16 16:19:43,Informational,NULL,NULL,TN-38-YY-1073,Nallur Puram Market Road,SocialMedia
POST-00155,YouTube Comment,@the_elango412,Multiple complaints about 9000000352.0 in our locality. Scam alert!,2026-07-29 05:54:42,Informational,NULL,9000000352.0,NULL,Palar Layout Market Road,SocialMedia
POST-00156,Twitter/X,@anon_yuvaraj845,Posting this for awareness: fraud calls coming from 9000000317.0.,2025-09-15 06:45:12,Alarmed,NULL,9000000317.0,NULL,Sindhu Garden Residential Colony,SocialMedia
POST-00157,Facebook,@user_eswari607,Our community group got a threat message from 9000000017.0. Reporting this.,2026-02-12 04:23:56,Alarmed,NULL,9000000017.0,NULL,Vaigai Layout Market Road,SocialMedia
POST-00158,Facebook,@only_madhan29,Residents of Alli Colony College Road be careful — strangers asking suspicious questions.,2025-11-22 06:37:50,Neutral,NULL,NULL,NULL,Alli Colony College Road,SocialMedia
POST-00159,Facebook,@only_janani584,The group operating near Vaigai Layout Market Road is getting bolder. Someone needs to act.,2026-05-30 08:48:08,Concerned,NULL,NULL,NULL,Vaigai Layout Market Road,SocialMedia
POST-00160,Twitter/X,@temp_karthik505,Suspicious vehicle TN-58-YY-1085 seen circling Sindhu Garden Residential Colony multiple times.,2025-07-11 11:26:59,Neutral,NULL,NULL,TN-58-YY-1085,Sindhu Garden Residential Colony,SocialMedia
POST-00161,WhatsApp Group,@xyz_kavitha966,New gang activity in Kayal Puram Highway Junction. Be careful near the shopping complex.,2026-07-15 12:47:56,Neutral,NULL,NULL,NULL,Kayal Puram Highway Junction,SocialMedia
POST-00162,YouTube Comment,@temp_senthil206,Watch out for a TN-38-YY-1028 near Nallur Garden Residential Colony. Looked very suspicious.,2025-03-03 09:12:55,Concerned,NULL,NULL,TN-38-YY-1028,Nallur Garden Residential Colony,SocialMedia
POST-00163,Instagram,@the_vasanth281,Something big happened near Kalai Layout Parking Area — police cars everywhere last night.,2025-04-17 14:57:12,Neutral,NULL,NULL,NULL,Kalai Layout Parking Area,SocialMedia
POST-00164,Facebook,@real_nithin433,Posting this for awareness: fraud calls coming from 9000000209.0.,2026-01-02 22:14:49,Neutral,NULL,9000000209.0,NULL,Kadal Nagar Bus Stand Area,SocialMedia
POST-00165,Facebook,@official_babu338,Someone using number 9000000188.0 has been harassing people in Palar Park Industrial Area.,2025-02-15 22:52:13,Suspicious,NULL,9000000188.0,NULL,Palar Park Industrial Area,SocialMedia
POST-00166,Facebook,@user_vignesh866,People are saying Vignesh Natarajan is involved in the Poongodi Layout Residential Colony incident. Not confirmed.,2026-01-20 18:37:30,Neutral,Vignesh Natarajan,NULL,NULL,Poongodi Layout Residential Colony,SocialMedia
POST-00167,Facebook,@real_vignesh399,New gang activity in Amudham Park Railway Station Road. Be careful near the ATM near the post office.,2026-05-14 02:55:47,Concerned,NULL,NULL,NULL,Amudham Park Railway Station Road,SocialMedia
POST-00168,Facebook,@the_mohan758,Word on the street: Udhay Muthu controls the operation in Amudham Nagar Main Street area.,2025-07-19 19:45:53,Alarmed,Udhay Muthu,NULL,NULL,Amudham Nagar Main Street,SocialMedia
POST-00169,Facebook,@dark_chithra537,Heard that Selvam Rajan was spotted near Amudham Layout Residential Colony last night. Anyone know more?,2025-11-08 08:04:23,Alarmed,Selvam Rajan,NULL,NULL,Amudham Layout Residential Colony,SocialMedia
POST-00170,Facebook,@anon_naveen559,Big money movement spotted from Nallur Colony College Road accounts. Something is off.,2025-07-27 09:08:05,Suspicious,NULL,NULL,NULL,Nallur Colony College Road,SocialMedia
POST-00171,Facebook,@official_murugan173,New gang activity in Nila Nagar Bus Stand Area. Be careful near the main bus stand.,2026-01-26 07:39:37,Suspicious,NULL,NULL,NULL,Nila Nagar Bus Stand Area,SocialMedia
POST-00172,Facebook,@anon_praveen613,New gang activity in Roja Colony Residential Colony. Be careful near the old warehouse.,2025-12-20 09:25:01,Alarmed,NULL,NULL,NULL,Roja Colony Residential Colony,SocialMedia
POST-00173,Telegram,@only_murugan706,Residents of Vaigai Layout Market Road be careful — strangers asking suspicious questions.,2026-09-04 13:39:12,Neutral,NULL,NULL,NULL,Vaigai Layout Market Road,SocialMedia
POST-00174,WhatsApp Group,@the_vasanth281,Something big happened near Amudham Park Railway Station Road — police cars everywhere last night.,2025-06-07 00:28:31,Concerned,NULL,NULL,NULL,Amudham Park Railway Station Road,SocialMedia
POST-00175,Facebook,@real_udhay930,Someone using number 9000000013.0 has been harassing people in Selvapuram Garden College Road.,2025-02-13 05:07:35,Concerned,NULL,9000000013.0,NULL,Selvapuram Garden College Road,SocialMedia
POST-00176,Facebook,@user_logesh415,Multiple complaints about 9000000256.0 in our locality. Scam alert!,2025-01-03 08:12:44,Alarmed,NULL,9000000256.0,NULL,Kaveri Nagar Apartment Complex,SocialMedia
POST-00177,Facebook,@real_yogesh966,Posting this for awareness: fraud calls coming from 9000000129.0.,2025-08-11 23:45:31,Concerned,NULL,9000000129.0,NULL,Nallur Garden Residential Colony,SocialMedia
POST-00178,WhatsApp Group,@the_harish679,Someone using number 9000000164.0 has been harassing people in Sindhu Puram Industrial Area.,2025-04-03 03:28:57,Neutral,NULL,9000000164.0,NULL,Sindhu Puram Industrial Area,SocialMedia
POST-00179,Telegram,@anon_yuvaraj699,The TN-33-XX-1009 linked to that incident was seen near Iniyan Puram College Road again today.,2025-11-26 10:19:10,Concerned,NULL,NULL,TN-33-XX-1009,Iniyan Puram College Road,SocialMedia
POST-00180,Telegram,@xyz_kishore778,Rumour: Gokul Gopal and associates were seen leaving Neithal Park Highway Junction late at night.,2025-01-26 00:34:27,Informational,Gokul Gopal,NULL,NULL,Neithal Park Highway Junction,SocialMedia
POST-00181,Telegram,@temp_mathan698,Our community group got a threat message from 9000000377.0. Reporting this.,2025-02-07 19:23:32,Neutral,NULL,9000000377.0,NULL,Mynthan Layout Shopping Complex,SocialMedia
POST-00182,YouTube Comment,@the_arun525,Alert: suspicious activity reported near Kayal Colony Bus Stand Area. Stay safe everyone.,2025-07-01 21:05:13,Informational,NULL,NULL,NULL,Kayal Colony Bus Stand Area,SocialMedia
POST-00183,Facebook,@only_karthik433,Posting this for awareness: fraud calls coming from 9000000415.0.,2025-02-17 08:19:57,Concerned,NULL,9000000415.0,NULL,Sevvanthi Garden College Road,SocialMedia
POST-00184,Instagram,@xyz_rajesh336,Posting this for awareness: fraud calls coming from 9000000157.0.,2025-11-14 02:30:09,Neutral,NULL,9000000157.0,NULL,Mullai Park Shopping Complex,SocialMedia
POST-00185,Twitter/X,@anon_thirumal946,Suspicious vehicle TN-58-ZZ-1035 seen circling Nila Nagar Bus Stand Area multiple times.,2025-11-17 12:51:57,Suspicious,NULL,NULL,TN-58-ZZ-1035,Nila Nagar Bus Stand Area,SocialMedia
POST-00186,Twitter/X,@real_logesh166,The TN-47-ZZ-1038 linked to that incident was seen near Nallur Colony College Road again today.,2025-12-16 08:38:02,Informational,NULL,NULL,TN-47-ZZ-1038,Nallur Colony College Road,SocialMedia
POST-00187,Telegram,@real_ezhilan202,People are saying Jagan Velan is involved in the Amudham Nagar Main Street incident. Not confirmed.,2026-04-02 09:21:13,Alarmed,Jagan Velan,NULL,NULL,Amudham Nagar Main Street,SocialMedia
POST-00188,Twitter/X,@only_gopal969,The TN-28-ZZ-1080 linked to that incident was seen near Mathi Layout Apartment Complex again today.,2026-07-30 22:05:58,Neutral,NULL,NULL,TN-28-ZZ-1080,Mathi Layout Apartment Complex,SocialMedia
POST-00189,Facebook,@dark_nandha487,Word on the street: Jagan Anand controls the operation in Nila Nagar Bus Stand Area area.,2025-10-07 01:05:00,Concerned,Jagan Anand,NULL,NULL,Nila Nagar Bus Stand Area,SocialMedia
POST-00190,Facebook,@only_elango389,Bharathi Raj mentioned in connection with recent incidents. People are talking.,2025-02-05 12:11:51,Concerned,Bharathi Raj,NULL,NULL,Selvapuram Puram Main Street,SocialMedia
POST-00191,Twitter/X,@official_madhan166,Rumour: Hariharan Babu and associates were seen leaving Mangai Puram Railway Station Road late at night.,2025-06-28 15:51:28,Concerned,Hariharan Babu,NULL,NULL,Mangai Puram Railway Station Road,SocialMedia
POST-00192,Telegram,@anon_udhay182,Rumour: Anand Krishnan and associates were seen leaving Vennila Puram Shopping Complex late at night.,2025-10-01 13:02:22,Neutral,Anand Krishnan,NULL,NULL,Vennila Puram Shopping Complex,SocialMedia
POST-00193,Twitter/X,@user_anand792,The TN-58-XX-1084 linked to that incident was seen near Vetri Nagar Shopping Complex again today.,2025-04-17 19:01:40,Informational,NULL,NULL,TN-58-XX-1084,Vetri Nagar Shopping Complex,SocialMedia
POST-00194,Instagram,@temp_yogesh663,Rumour: Gokul Sundaram and associates were seen leaving Oviya Colony Railway Station Road late at night.,2026-04-24 20:45:13,Suspicious,Gokul Sundaram,NULL,NULL,Oviya Colony Railway Station Road,SocialMedia
POST-00195,Telegram,@only_arun681,Word on the street: Karthik Thangaraj controls the operation in Mangai Puram Railway Station Road area.,2026-02-21 02:52:55,Suspicious,Karthik Thangaraj,NULL,NULL,Mangai Puram Railway Station Road,SocialMedia
POST-00196,Facebook,@only_naveen644,Heard that Prakash Palanisamy was spotted near Senthil Garden Main Street last night. Anyone know more?,2025-10-03 07:15:39,Neutral,Prakash Palanisamy,NULL,NULL,Senthil Garden Main Street,SocialMedia
POST-00197,Twitter/X,@xyz_murugan267,Suspicious vehicle TN-72-YY-1031 seen circling Sindhu Colony College Road multiple times.,2026-06-16 07:27:36,Informational,NULL,NULL,TN-72-YY-1031,Sindhu Colony College Road,SocialMedia
POST-00198,Twitter/X,@user_arun729,People are saying Madhan Murugan is involved in the Thendral Nagar ATM Area incident. Not confirmed.,2026-01-24 06:02:08,Informational,Madhan Murugan,NULL,NULL,Thendral Nagar ATM Area,SocialMedia
POST-00199,WhatsApp Group,@official_ajith57,Financial irregularities linked to Vennila Park Shopping Complex area. Multiple accounts flagged.,2026-06-16 14:40:35,Suspicious,NULL,NULL,NULL,Vennila Park Shopping Complex,SocialMedia
POST-00200,Twitter/X,@real_abirami316,The TN-39-ZZ-1044 linked to that incident was seen near Sevvanthi Puram Industrial Area again today.,2025-07-06 18:43:35,Concerned,NULL,NULL,TN-39-ZZ-1044,Sevvanthi Puram Industrial Area,SocialMedia
POST-00201,Facebook,@user_sathish110,Suspicious vehicle TN-47-ZZ-1038 seen circling Nallur Nagar Main Street multiple times.,2025-03-01 01:04:58,Concerned,NULL,NULL,TN-47-ZZ-1038,Nallur Nagar Main Street,SocialMedia
POST-00202,Facebook,@anon_venkat243,Residents of Oviya Puram Parking Area be careful — strangers asking suspicious questions.,2025-10-19 14:27:59,Concerned,NULL,NULL,NULL,Oviya Puram Parking Area,SocialMedia
POST-00203,Facebook,@official_dinesh167,Posting this for awareness: fraud calls coming from 9000000095.0.,2026-09-01 20:46:26,Alarmed,NULL,9000000095.0,NULL,Kalai Nagar College Road,SocialMedia
POST-00204,Facebook,@shadow_nithin789,Suspicious vehicle KL-07-YY-1055 seen circling Ezhil Garden Shopping Complex multiple times.,2025-04-13 22:06:34,Neutral,NULL,NULL,KL-07-YY-1055,Ezhil Garden Shopping Complex,SocialMedia
POST-00205,Twitter/X,@the_vasanth281,Our community group got a threat message from 9000000318.0. Reporting this.,2026-04-10 12:20:39,Informational,NULL,9000000318.0,NULL,Senthil Garden Main Street,SocialMedia
POST-00206,Twitter/X,@temp_jagan543,Suspicious vehicle TN-38-YY-1022 seen circling Alli Park Shopping Complex multiple times.,2025-10-23 17:21:33,Neutral,NULL,NULL,TN-38-YY-1022,Alli Park Shopping Complex,SocialMedia
POST-00207,Facebook,@official_mohan859,Anyone else getting calls from 9000000136.0? Feels like a scam.,2026-01-12 02:43:33,Informational,NULL,9000000136.0,NULL,Mynthan Colony Main Street,SocialMedia
POST-00208,Facebook,@real_vasanth148,Revathi Ammal mentioned in connection with recent incidents. People are talking.,2025-11-04 08:13:59,Concerned,Revathi Ammal,NULL,NULL,Mullai Park Shopping Complex,SocialMedia
POST-00209,Instagram,@official_udhay338,Residents of Mathi Layout Apartment Complex be careful — strangers asking suspicious questions.,2026-06-25 01:11:16,Neutral,NULL,NULL,NULL,Mathi Layout Apartment Complex,SocialMedia
POST-00210,Facebook,@shadow_jagan395,Financial irregularities linked to Kalai Nagar College Road area. Multiple accounts flagged.,2026-09-03 09:36:50,Concerned,NULL,NULL,NULL,Kalai Nagar College Road,SocialMedia
POST-00211,Telegram,@only_ajith458,Watch out for a TN-39-XX-1078 near Mangai Puram Railway Station Road. Looked very suspicious.,2026-06-23 03:23:08,Neutral,NULL,NULL,TN-39-XX-1078,Mangai Puram Railway Station Road,SocialMedia
POST-00212,Facebook,@dark_ganesh85,Our community group got a threat message from 9000000064.0. Reporting this.,2026-04-10 10:17:41,Concerned,NULL,9000000064.0,NULL,Nila Nagar Bus Stand Area,SocialMedia
POST-00213,Instagram,@xyz_senthil618,Suspicious vehicle TN-01-ZZ-1068 seen circling Kayal Colony Bus Stand Area multiple times.,2025-03-08 00:10:41,Neutral,NULL,NULL,TN-01-ZZ-1068,Kayal Colony Bus Stand Area,SocialMedia
POST-00214,Telegram,@shadow_karthik998,Rumour: Hemanth Raj and associates were seen leaving Anbu Layout Bus Stand Area late at night.,2025-03-24 06:56:58,Neutral,Hemanth Raj,NULL,NULL,Anbu Layout Bus Stand Area,SocialMedia
POST-00215,Facebook,@anon_praveen393,Anyone else getting calls from 9000000403.0? Feels like a scam.,2026-08-23 21:30:09,Alarmed,NULL,9000000403.0,NULL,Mullai Puram Parking Area,SocialMedia
POST-00216,Twitter/X,@only_vijay248,Multiple complaints about 9000000309.0 in our locality. Scam alert!,2026-07-22 02:59:45,Neutral,NULL,9000000309.0,NULL,Arasu Nagar Residential Colony,SocialMedia
POST-00217,Instagram,@anon_tamilarasan749,New gang activity in Ponni Nagar College Road. Be careful near the shopping complex.,2025-09-05 16:54:12,Neutral,NULL,NULL,NULL,Ponni Nagar College Road,SocialMedia
POST-00218,Twitter/X,@only_ezhilan538,Alert: suspicious activity reported near Vetri Nagar Shopping Complex. Stay safe everyone.,2025-05-05 09:08:45,Concerned,NULL,NULL,NULL,Vetri Nagar Shopping Complex,SocialMedia
POST-00219,Facebook,@dark_sanjay620,Our community group got a threat message from 9000000376.0. Reporting this.,2025-01-23 16:11:00,Alarmed,NULL,9000000376.0,NULL,Sevvanthi Colony Bus Stand Area,SocialMedia
POST-00220,Telegram,@dark_thirumal171,The group operating near Neithal Colony Residential Colony is getting bolder. Someone needs to act.,2026-09-11 06:39:56,Neutral,NULL,NULL,NULL,Neithal Colony Residential Colony,SocialMedia
POST-00221,YouTube Comment,@anon_karthik550,Watch out for a TN-01-XX-1033 near Kalai Colony Apartment Complex. Looked very suspicious.,2025-09-01 10:16:33,Concerned,NULL,NULL,TN-01-XX-1033,Kalai Colony Apartment Complex,SocialMedia
POST-00222,Twitter/X,@temp_yuvaraj614,Residents of Neithal Garden Apartment Complex be careful — strangers asking suspicious questions.,2025-04-15 00:58:02,Concerned,NULL,NULL,NULL,Neithal Garden Apartment Complex,SocialMedia
POST-00223,Instagram,@temp_mathan151,Rumour: Logesh Subramani and associates were seen leaving Anbu Park Main Street late at night.,2025-11-25 14:00:52,Neutral,Logesh Subramani,NULL,NULL,Anbu Park Main Street,SocialMedia
POST-00224,Instagram,@official_rajesh957,The TN-01-ZZ-1053 linked to that incident was seen near Nila Park Industrial Area again today.,2025-10-06 20:58:30,Suspicious,NULL,NULL,TN-01-ZZ-1053,Nila Park Industrial Area,SocialMedia
POST-00225,Telegram,@anon_siva435,Word on the street: Udhay Muthu controls the operation in Mullai Puram Parking Area area.,2025-12-11 17:59:46,Concerned,Udhay Muthu,NULL,NULL,Mullai Puram Parking Area,SocialMedia
POST-00226,Twitter/X,@temp_senthil206,People are saying Elango Shankar is involved in the Alli Colony College Road incident. Not confirmed.,2025-12-22 05:05:18,Concerned,Elango Shankar,NULL,NULL,Alli Colony College Road,SocialMedia
POST-00227,Telegram,@dark_anand915,Word on the street: Jagan Raman controls the operation in Anbu Garden Apartment Complex area.,2025-10-12 22:47:56,Concerned,Jagan Raman,NULL,NULL,Anbu Garden Apartment Complex,SocialMedia
POST-00228,YouTube Comment,@official_gokul905,Alert: suspicious activity reported near Sevvanthi Park Shopping Complex. Stay safe everyone.,2025-12-16 07:37:06,Neutral,NULL,NULL,NULL,Sevvanthi Park Shopping Complex,SocialMedia
POST-00229,Twitter/X,@the_hariharan640,People are saying Anand Muthu is involved in the Kayal Puram Highway Junction incident. Not confirmed.,2025-06-10 11:40:10,Informational,Anand Muthu,NULL,NULL,Kayal Puram Highway Junction,SocialMedia
POST-00230,Facebook,@user_mohan706,Alert: suspicious activity reported near Vaigai Park Parking Area. Stay safe everyone.,2026-03-21 20:33:54,Neutral,NULL,NULL,NULL,Vaigai Park Parking Area,SocialMedia
POST-00231,Twitter/X,@the_dharani265,Multiple complaints about 9000000093.0 in our locality. Scam alert!,2025-09-08 04:19:04,Informational,NULL,9000000093.0,NULL,Kaveri Nagar Apartment Complex,SocialMedia
POST-00232,Instagram,@anon_gunasekar87,Suspicious vehicle TN-58-YY-1037 seen circling Sevvanthi Colony Bus Stand Area multiple times.,2026-08-21 05:02:27,Neutral,NULL,NULL,TN-58-YY-1037,Sevvanthi Colony Bus Stand Area,SocialMedia
POST-00233,Instagram,@anon_vijay660,Multiple complaints about 9000000297.0 in our locality. Scam alert!,2025-10-06 05:45:20,Informational,NULL,9000000297.0,NULL,Mangai Layout Shopping Complex,SocialMedia
POST-00234,Facebook,@temp_senthil206,The TN-33-YY-1094 linked to that incident was seen near Oviya Colony Railway Station Road again today.,2026-03-25 21:27:50,Neutral,NULL,NULL,TN-33-YY-1094,Oviya Colony Railway Station Road,SocialMedia
POST-00235,Facebook,@dark_sanjay358,Word on the street: Hariharan Raj controls the operation in Selvapuram Puram Main Street area.,2025-01-01 12:36:00,Suspicious,Hariharan Raj,NULL,NULL,Selvapuram Puram Main Street,SocialMedia
POST-00236,Facebook,@the_tamilarasan389,Our community group got a threat message from 9000000191.0. Reporting this.,2025-10-16 19:40:12,Alarmed,NULL,9000000191.0,NULL,Roja Layout Industrial Area,SocialMedia
POST-00237,Twitter/X,@real_vijay11,Big money movement spotted from Vaigai Nagar College Road accounts. Something is off.,2025-03-02 12:52:59,Neutral,NULL,NULL,NULL,Vaigai Nagar College Road,SocialMedia
POST-00238,Twitter/X,@the_ganesh499,Rumour: Janani Devi and associates were seen leaving Sevvanthi Layout Residential Colony late at night.,2025-10-25 12:56:27,Neutral,Janani Devi,NULL,NULL,Sevvanthi Layout Residential Colony,SocialMedia
POST-00239,Facebook,@the_udhay80,Watch out for a TN-33-XX-1066 near Sevvanthi Garden College Road. Looked very suspicious.,2025-01-07 13:58:50,Alarmed,NULL,NULL,TN-33-XX-1066,Sevvanthi Garden College Road,SocialMedia
POST-00240,WhatsApp Group,@only_nithin98,Big money movement spotted from Sevvanthi Colony Bus Stand Area accounts. Something is off.,2025-04-19 18:02:02,Informational,NULL,NULL,NULL,Sevvanthi Colony Bus Stand Area,SocialMedia
POST-00241,Twitter/X,@real_logesh166,Posting this for awareness: fraud calls coming from 9000000113.0.,2026-03-06 20:03:39,Alarmed,NULL,9000000113.0,NULL,Kalai Park Main Street,SocialMedia
POST-00242,Instagram,@dark_nithin312,Residents of Kayal Puram Highway Junction be careful — strangers asking suspicious questions.,2026-09-01 19:07:14,Informational,NULL,NULL,NULL,Kayal Puram Highway Junction,SocialMedia
POST-00243,YouTube Comment,@xyz_pandian920,Rumour: Karthik Balan and associates were seen leaving Nila Nagar Bus Stand Area late at night.,2025-10-08 11:21:30,Suspicious,Karthik Balan,NULL,NULL,Nila Nagar Bus Stand Area,SocialMedia
POST-00244,Twitter/X,@user_pandian611,Someone using number 9000000379.0 has been harassing people in Kayal Colony Bus Stand Area.,2025-07-23 15:29:16,Neutral,NULL,9000000379.0,NULL,Kayal Colony Bus Stand Area,SocialMedia
POST-00245,Instagram,@dark_ganesh94,Alert: suspicious activity reported near Sevvanthi Colony Bus Stand Area. Stay safe everyone.,2026-02-22 14:37:20,Alarmed,NULL,NULL,NULL,Sevvanthi Colony Bus Stand Area,SocialMedia
POST-00246,Facebook,@xyz_hariharan344,Anyone else getting calls from 9000000165.0? Feels like a scam.,2026-05-08 16:06:06,Informational,NULL,9000000165.0,NULL,Palar Layout Market Road,SocialMedia
POST-00247,Twitter/X,@the_jagan483,People are saying Mathan Raman is involved in the Kaveri Nagar Apartment Complex incident. Not confirmed.,2026-04-21 14:02:22,Alarmed,Mathan Raman,NULL,NULL,Kaveri Nagar Apartment Complex,SocialMedia
POST-00248,Facebook,@anon_murugan660,New gang activity in Nallur Nagar Main Street. Be careful near the main bus stand.,2026-09-01 03:56:14,Informational,NULL,NULL,NULL,Nallur Nagar Main Street,SocialMedia
POST-00249,Facebook,@shadow_elango836,Anyone else getting calls from 9000000164.0? Feels like a scam.,2026-02-11 21:21:01,Neutral,NULL,9000000164.0,NULL,Amudham Nagar Main Street,SocialMedia
POST-00250,Twitter/X,@only_uma772,Posting this for awareness: fraud calls coming from 9000000002.0.,2025-05-03 04:28:14,Neutral,NULL,9000000002.0,NULL,Palar Layout Market Road,SocialMedia
POST-00251,Facebook,@only_gopal57,Watch out for a TN-45-XX-1036 near Neithal Colony Residential Colony. Looked very suspicious.,2025-10-25 11:15:17,Suspicious,NULL,NULL,TN-45-XX-1036,Neithal Colony Residential Colony,SocialMedia
POST-00252,Facebook,@xyz_kishore778,Big money movement spotted from Iniyan Puram College Road accounts. Something is off.,2025-03-02 11:55:12,Concerned,NULL,NULL,NULL,Iniyan Puram College Road,SocialMedia
POST-00253,Facebook,@real_karthik908,Watch out for a TN-68-XX-1018 near Iniyan Puram College Road. Looked very suspicious.,2025-08-08 06:34:53,Informational,NULL,NULL,TN-68-XX-1018,Iniyan Puram College Road,SocialMedia
POST-00254,Facebook,@temp_dinesh813,New gang activity in Sindhu Colony College Road. Be careful near the main bus stand.,2026-04-29 16:17:45,Neutral,NULL,NULL,NULL,Sindhu Colony College Road,SocialMedia
POST-00255,Twitter/X,@xyz_kumaran756,Karthik Balan mentioned in connection with recent incidents. People are talking.,2026-02-25 15:08:03,Concerned,Karthik Balan,NULL,NULL,Nallur Colony College Road,SocialMedia
POST-00256,Facebook,@anon_naveen559,Heard that Bharath Selvam was spotted near Vaigai Nagar College Road last night. Anyone know more?,2025-02-16 12:31:30,Suspicious,Bharath Selvam,NULL,NULL,Vaigai Nagar College Road,SocialMedia
POST-00257,Twitter/X,@anon_vasanthi775,Someone using number 9000000363.0 has been harassing people in Vennila Park Shopping Complex.,2025-03-16 05:41:04,Concerned,NULL,9000000363.0,NULL,Vennila Park Shopping Complex,SocialMedia
POST-00258,WhatsApp Group,@official_eswari91,Suspicious vehicle TN-30-YY-1079 seen circling Nila Puram Main Street multiple times.,2025-11-02 05:10:07,Alarmed,NULL,NULL,TN-30-YY-1079,Nila Puram Main Street,SocialMedia
POST-00259,Twitter/X,@temp_udhay121,Financial irregularities linked to Vennila Park Shopping Complex area. Multiple accounts flagged.,2025-05-08 16:10:18,Concerned,NULL,NULL,NULL,Vennila Park Shopping Complex,SocialMedia
POST-00260,Twitter/X,@official_ajith882,Financial irregularities linked to Neithal Garden Apartment Complex area. Multiple accounts flagged.,2025-05-03 10:09:48,Informational,NULL,NULL,NULL,Neithal Garden Apartment Complex,SocialMedia
POST-00261,Twitter/X,@dark_kannan535,New gang activity in Mynthan Colony Main Street. Be careful near the market junction.,2025-08-21 02:47:40,Neutral,NULL,NULL,NULL,Mynthan Colony Main Street,SocialMedia
POST-00262,Twitter/X,@shadow_praveen873,Big money movement spotted from Mullai Puram Parking Area accounts. Something is off.,2026-09-09 13:41:10,Neutral,NULL,NULL,NULL,Mullai Puram Parking Area,SocialMedia
POST-00263,Facebook,@temp_dinesh610,Heard that Yogesh Gopal was spotted near Kalai Layout Parking Area last night. Anyone know more?,2025-02-28 05:51:44,Neutral,Yogesh Gopal,NULL,NULL,Kalai Layout Parking Area,SocialMedia
POST-00264,Twitter/X,@shadow_praveen873,People are saying Jeeva Rajan is involved in the Ezhil Garden Shopping Complex incident. Not confirmed.,2026-03-22 17:58:36,Concerned,Jeeva Rajan,NULL,NULL,Ezhil Garden Shopping Complex,SocialMedia
POST-00265,Facebook,@official_divya296,Suspicious vehicle TN-68-XX-1045 seen circling Sevvanthi Park Shopping Complex multiple times.,2025-04-26 10:41:25,Neutral,NULL,NULL,TN-68-XX-1045,Sevvanthi Park Shopping Complex,SocialMedia
POST-00266,Twitter/X,@official_gokul402,Residents of Palar Park Industrial Area be careful — strangers asking suspicious questions.,2025-06-04 22:09:46,Alarmed,NULL,NULL,NULL,Palar Park Industrial Area,SocialMedia
POST-00267,Instagram,@shadow_sathish944,Multiple complaints about 9000000076.0 in our locality. Scam alert!,2025-09-07 19:08:27,Concerned,NULL,9000000076.0,NULL,Thendral Nagar ATM Area,SocialMedia
POST-00268,YouTube Comment,@user_murugan838,Big money movement spotted from Iniyan Puram College Road accounts. Something is off.,2026-02-16 05:19:59,Concerned,NULL,NULL,NULL,Iniyan Puram College Road,SocialMedia
POST-00269,Twitter/X,@shadow_rakesh124,Posting this for awareness: fraud calls coming from 9000000125.0.,2025-06-20 10:07:42,Concerned,NULL,9000000125.0,NULL,Nallur Colony College Road,SocialMedia
POST-00270,Telegram,@temp_kannan38,Suspicious vehicle TN-68-XX-1018 seen circling Nila Nagar Bus Stand Area multiple times.,2025-10-01 03:49:49,Suspicious,NULL,NULL,TN-68-XX-1018,Nila Nagar Bus Stand Area,SocialMedia
POST-00271,Twitter/X,@real_uma702,Posting this for awareness: fraud calls coming from 9000000245.0.,2025-06-30 16:24:49,Alarmed,NULL,9000000245.0,NULL,Kayal Colony Bus Stand Area,SocialMedia
POST-00272,Facebook,@anon_praveen613,Heard that Arjun Shankar was spotted near Mathi Layout Apartment Complex last night. Anyone know more?,2025-05-18 20:05:30,Suspicious,Arjun Shankar,NULL,NULL,Mathi Layout Apartment Complex,SocialMedia
POST-00273,Twitter/X,@shadow_arjun993,Financial irregularities linked to Mullai Colony Shopping Complex area. Multiple accounts flagged.,2026-07-02 05:32:25,Suspicious,NULL,NULL,NULL,Mullai Colony Shopping Complex,SocialMedia
POST-00274,Facebook,@anon_siva674,Suspicious vehicle TN-68-ZZ-1032 seen circling Kalai Colony Apartment Complex multiple times.,2026-07-04 06:50:42,Suspicious,NULL,NULL,TN-68-ZZ-1032,Kalai Colony Apartment Complex,SocialMedia
POST-00275,Telegram,@the_thirumal191,Residents of Poongodi Layout Residential Colony be careful — strangers asking suspicious questions.,2026-06-30 06:23:09,Suspicious,NULL,NULL,NULL,Poongodi Layout Residential Colony,SocialMedia
POST-00276,Twitter/X,@only_uma772,Suspicious vehicle TN-45-XX-1060 seen circling Kalai Park Main Street multiple times.,2026-01-21 09:33:35,Neutral,NULL,NULL,TN-45-XX-1060,Kalai Park Main Street,SocialMedia
POST-00277,Facebook,@anon_bharath21,People are saying Venkat Prakash is involved in the Anbu Colony Highway Junction incident. Not confirmed.,2025-07-13 19:46:43,Alarmed,Venkat Prakash,NULL,NULL,Anbu Colony Highway Junction,SocialMedia
POST-00278,Facebook,@the_mathan915,Bharath Balan mentioned in connection with recent incidents. People are talking.,2025-10-22 03:42:50,Concerned,Bharath Balan,NULL,NULL,Kalai Puram Apartment Complex,SocialMedia
POST-00279,Facebook,@official_madhan30,Suspicious vehicle TN-58-YY-1037 seen circling Iniyan Puram College Road multiple times.,2025-03-23 08:12:59,Neutral,NULL,NULL,TN-58-YY-1037,Iniyan Puram College Road,SocialMedia
POST-00280,WhatsApp Group,@user_suresh451,Big money movement spotted from Mangai Puram Railway Station Road accounts. Something is off.,2025-05-09 03:46:14,Alarmed,NULL,NULL,NULL,Mangai Puram Railway Station Road,SocialMedia
POST-00281,WhatsApp Group,@xyz_siva749,Our community group got a threat message from 9000000146.0. Reporting this.,2026-02-24 12:40:04,Neutral,NULL,9000000146.0,NULL,Mathi Layout Apartment Complex,SocialMedia
POST-00282,Facebook,@the_udhay65,New gang activity in Kalai Puram Apartment Complex. Be careful near the highway flyover.,2025-11-29 03:09:10,Neutral,NULL,NULL,NULL,Kalai Puram Apartment Complex,SocialMedia
POST-00283,YouTube Comment,@temp_senthil206,Residents of Roja Park Main Street be careful — strangers asking suspicious questions.,2026-01-03 19:59:48,Informational,NULL,NULL,NULL,Roja Park Main Street,SocialMedia
POST-00284,WhatsApp Group,@the_vasanthi389,New gang activity in Mangai Colony Railway Station Road. Be careful near the market junction.,2025-10-14 22:08:46,Neutral,NULL,NULL,NULL,Mangai Colony Railway Station Road,SocialMedia
POST-00285,Instagram,@the_yogesh780,Alert: suspicious activity reported near Mangai Colony Railway Station Road. Stay safe everyone.,2025-03-17 02:40:03,Neutral,NULL,NULL,NULL,Mangai Colony Railway Station Road,SocialMedia
POST-00286,Telegram,@only_hemanth696,Harish Murugan mentioned in connection with recent incidents. People are talking.,2025-11-22 03:52:02,Suspicious,Harish Murugan,NULL,NULL,Vennila Park Shopping Complex,SocialMedia
POST-00287,WhatsApp Group,@xyz_madhan594,Word on the street: Venkat Prakash controls the operation in Kaveri Park Bus Stand Area area.,2026-09-14 17:28:32,Concerned,Venkat Prakash,NULL,NULL,Kaveri Park Bus Stand Area,SocialMedia
POST-00288,Facebook,@the_udhay53,Residents of Poongodi Layout Residential Colony be careful — strangers asking suspicious questions.,2026-06-15 14:22:54,Concerned,NULL,NULL,NULL,Poongodi Layout Residential Colony,SocialMedia
POST-00289,Facebook,@shadow_mohan887,Someone using number 9000000405.0 has been harassing people in Ezhil Garden Shopping Complex.,2025-12-22 20:40:07,Suspicious,NULL,9000000405.0,NULL,Ezhil Garden Shopping Complex,SocialMedia
POST-00290,Instagram,@official_jagan774,Heard that Karthik Rajan was spotted near Nila Garden Bus Stand Area last night. Anyone know more?,2025-03-19 19:56:16,Suspicious,Karthik Rajan,NULL,NULL,Nila Garden Bus Stand Area,SocialMedia
POST-00291,Facebook,@real_logesh166,Posting this for awareness: fraud calls coming from 9000000295.0.,2026-04-18 23:52:38,Concerned,NULL,9000000295.0,NULL,Nallur Garden Residential Colony,SocialMedia
POST-00292,WhatsApp Group,@user_karthik415,Big money movement spotted from Arasu Garden ATM Area accounts. Something is off.,2025-09-15 11:29:50,Alarmed,NULL,NULL,NULL,Arasu Garden ATM Area,SocialMedia
POST-00293,Telegram,@official_sathish297,Alert: suspicious activity reported near Sevvanthi Puram Industrial Area. Stay safe everyone.,2026-06-25 17:47:19,Alarmed,NULL,NULL,NULL,Sevvanthi Puram Industrial Area,SocialMedia
POST-00294,Twitter/X,@only_gokul462,Rumour: Udhay Muthu and associates were seen leaving Kalai Colony Apartment Complex late at night.,2025-11-13 06:12:20,Alarmed,Udhay Muthu,NULL,NULL,Kalai Colony Apartment Complex,SocialMedia
POST-00295,Telegram,@dark_vignesh148,Multiple complaints about 9000000154.0 in our locality. Scam alert!,2026-02-12 05:24:12,Informational,NULL,9000000154.0,NULL,Roja Layout Industrial Area,SocialMedia
POST-00296,WhatsApp Group,@real_sanjay614,Heard that Revathi Raman was spotted near Kaveri Nagar Apartment Complex last night. Anyone know more?,2026-07-02 07:19:43,Neutral,Revathi Raman,NULL,NULL,Kaveri Nagar Apartment Complex,SocialMedia
POST-00297,Instagram,@shadow_naveen510,Ajith Murugan mentioned in connection with recent incidents. People are talking.,2025-05-18 22:23:59,Suspicious,Ajith Murugan,NULL,NULL,Oviya Puram Parking Area,SocialMedia
POST-00298,Facebook,@official_vijay38,Word on the street: Mohan Kumar controls the operation in Roja Layout Industrial Area area.,2025-05-07 12:48:50,Informational,Mohan Kumar,NULL,NULL,Roja Layout Industrial Area,SocialMedia
POST-00299,Twitter/X,@anon_gopal943,The group operating near Amudham Nagar Main Street is getting bolder. Someone needs to act.,2025-05-15 12:41:39,Alarmed,NULL,NULL,NULL,Amudham Nagar Main Street,SocialMedia
POST-00300,Facebook,@shadow_gunasekar480,Heard that Meena Sekar was spotted near Vaigai Nagar College Road last night. Anyone know more?,2025-12-29 11:52:53,Concerned,Meena Sekar,NULL,NULL,Vaigai Nagar College Road,SocialMedia
POST-00301,Twitter/X,@official_nandha710,Multiple complaints about 9000000009.0 in our locality. Scam alert!,2025-02-19 14:00:32,Concerned,NULL,9000000009.0,NULL,Palar Layout Market Road,SocialMedia
POST-00302,Twitter/X,@dark_thirumal171,Anyone else getting calls from 9000000461.0? Feels like a scam.,2025-02-14 02:21:23,Informational,NULL,9000000461.0,NULL,Sevvanthi Garden College Road,SocialMedia
POST-00303,Facebook,@dark_hemanth424,Residents of Roja Park Main Street be careful — strangers asking suspicious questions.,2025-01-28 10:23:38,Concerned,NULL,NULL,NULL,Roja Park Main Street,SocialMedia
POST-00304,Telegram,@xyz_kannan317,Posting this for awareness: fraud calls coming from 9000000374.0.,2026-05-26 18:49:34,Informational,NULL,9000000374.0,NULL,Sindhu Garden Residential Colony,SocialMedia
POST-00305,Twitter/X,@shadow_abirami680,Big money movement spotted from Nila Puram Main Street accounts. Something is off.,2025-10-03 22:57:45,Neutral,NULL,NULL,NULL,Nila Puram Main Street,SocialMedia
POST-00306,Facebook,@xyz_jeeva439,New gang activity in Mangai Colony Railway Station Road. Be careful near the ATM near the post office.,2026-05-08 18:00:44,Concerned,NULL,NULL,NULL,Mangai Colony Railway Station Road,SocialMedia
POST-00307,Facebook,@xyz_rajesh315,Residents of Iniyan Colony Apartment Complex be careful — strangers asking suspicious questions.,2025-04-28 02:42:50,Neutral,NULL,NULL,NULL,Iniyan Colony Apartment Complex,SocialMedia
POST-00308,Facebook,@real_abirami509,The group operating near Sindhu Colony College Road is getting bolder. Someone needs to act.,2025-05-18 08:14:35,Concerned,NULL,NULL,NULL,Sindhu Colony College Road,SocialMedia
POST-00309,Telegram,@anon_sanjay814,Alert: suspicious activity reported near Kayal Puram Highway Junction. Stay safe everyone.,2025-03-10 09:12:34,Neutral,NULL,NULL,NULL,Kayal Puram Highway Junction,SocialMedia
POST-00310,Twitter/X,@dark_anand915,Our community group got a threat message from 9000000339.0. Reporting this.,2025-10-17 19:06:51,Suspicious,NULL,9000000339.0,NULL,Arasu Nagar Residential Colony,SocialMedia
POST-00311,Facebook,@anon_murugan660,Financial irregularities linked to Neithal Colony Residential Colony area. Multiple accounts flagged.,2025-03-21 18:37:12,Concerned,NULL,NULL,NULL,Neithal Colony Residential Colony,SocialMedia
POST-00312,Facebook,@xyz_sanjay620,Posting this for awareness: fraud calls coming from 9000000150.0.,2025-12-03 20:06:20,Informational,NULL,9000000150.0,NULL,Anbu Layout Bus Stand Area,SocialMedia
POST-00313,Twitter/X,@user_chithra243,Someone using number 9000000004.0 has been harassing people in Amudham Layout Residential Colony.,2025-04-12 21:51:10,Neutral,NULL,9000000004.0,NULL,Amudham Layout Residential Colony,SocialMedia
POST-00314,Twitter/X,@xyz_bharath648,Heard that Vignesh Thangaraj was spotted near Amudham Puram Apartment Complex last night. Anyone know more?,2025-02-07 06:02:46,Alarmed,Vignesh Thangaraj,NULL,NULL,Amudham Puram Apartment Complex,SocialMedia
POST-00315,Facebook,@dark_sanjay90,Heard that Logesh Karuppasamy was spotted near Selvapuram Garden College Road last night. Anyone know more?,2025-04-29 22:29:45,Neutral,Logesh Karuppasamy,NULL,NULL,Selvapuram Garden College Road,SocialMedia
POST-00316,WhatsApp Group,@dark_uma860,Heard that Sathish Subramani was spotted near Ponni Nagar College Road last night. Anyone know more?,2026-02-02 08:37:53,Alarmed,Sathish Subramani,NULL,NULL,Ponni Nagar College Road,SocialMedia
POST-00317,Facebook,@xyz_karthik216,Watch out for a KL-07-YY-1055 near Mullai Park Shopping Complex. Looked very suspicious.,2025-11-15 06:24:35,Neutral,NULL,NULL,KL-07-YY-1055,Mullai Park Shopping Complex,SocialMedia
POST-00318,Instagram,@user_madhan769,Alert: suspicious activity reported near Arasu Nagar Residential Colony. Stay safe everyone.,2025-03-27 18:34:53,Informational,NULL,NULL,NULL,Arasu Nagar Residential Colony,SocialMedia
POST-00319,Facebook,@anon_vignesh313,Word on the street: Chandran Subramani controls the operation in Mynthan Nagar Apartment Complex area.,2025-02-08 21:33:45,Neutral,Chandran Subramani,NULL,NULL,Mynthan Nagar Apartment Complex,SocialMedia
POST-00320,WhatsApp Group,@user_tamilarasan19,Big money movement spotted from Kalai Park Main Street accounts. Something is off.,2026-05-31 05:50:02,Alarmed,NULL,NULL,NULL,Kalai Park Main Street,SocialMedia
POST-00321,Facebook,@the_hariharan126,Financial irregularities linked to Amudham Nagar Main Street area. Multiple accounts flagged.,2025-12-21 14:29:52,Neutral,NULL,NULL,NULL,Amudham Nagar Main Street,SocialMedia
POST-00322,Facebook,@the_yogesh116,Suspicious vehicle TN-47-YY-1034 seen circling Amudham Garden Market Road multiple times.,2026-04-04 20:23:01,Concerned,NULL,NULL,TN-47-YY-1034,Amudham Garden Market Road,SocialMedia
POST-00323,Facebook,@anon_ganesh952,Posting this for awareness: fraud calls coming from 9000000273.0.,2025-11-16 10:53:39,Concerned,NULL,9000000273.0,NULL,Thendral Nagar ATM Area,SocialMedia
POST-00324,Facebook,@shadow_meena541,People are saying Hemanth Arumugam is involved in the Kadal Nagar Bus Stand Area incident. Not confirmed.,2026-06-29 03:45:40,Alarmed,Hemanth Arumugam,NULL,NULL,Kadal Nagar Bus Stand Area,SocialMedia
POST-00325,WhatsApp Group,@the_vasanth281,Our community group got a threat message from 9000000449.0. Reporting this.,2026-04-22 01:32:43,Neutral,NULL,9000000449.0,NULL,Vetri Nagar Shopping Complex,SocialMedia
POST-00326,YouTube Comment,@only_rakesh348,Big money movement spotted from Anbu Colony Highway Junction accounts. Something is off.,2025-02-09 02:36:19,Concerned,NULL,NULL,NULL,Anbu Colony Highway Junction,SocialMedia
POST-00327,Facebook,@real_mathan887,The TN-28-YY-1076 linked to that incident was seen near Kaveri Park Bus Stand Area again today.,2025-09-03 11:48:50,Neutral,NULL,NULL,TN-28-YY-1076,Kaveri Park Bus Stand Area,SocialMedia
POST-00328,Instagram,@real_karthik820,Word on the street: Karthik Thangaraj controls the operation in Palar Park Industrial Area area.,2026-04-26 20:13:46,Alarmed,Karthik Thangaraj,NULL,NULL,Palar Park Industrial Area,SocialMedia
POST-00329,Telegram,@shadow_sanjay583,Multiple complaints about 9000000256.0 in our locality. Scam alert!,2026-04-11 23:54:00,Concerned,NULL,9000000256.0,NULL,Amudham Puram Apartment Complex,SocialMedia
POST-00330,Facebook,@xyz_dinesh544,Venkat Palanisamy mentioned in connection with recent incidents. People are talking.,2025-03-24 13:59:24,Neutral,Venkat Palanisamy,NULL,NULL,Iniyan Puram College Road,SocialMedia
POST-00331,WhatsApp Group,@real_nithin962,Big money movement spotted from Senthil Garden Main Street accounts. Something is off.,2025-06-17 10:52:46,Concerned,NULL,NULL,NULL,Senthil Garden Main Street,SocialMedia
POST-00332,Facebook,@official_rajesh957,The group operating near Anbu Layout Bus Stand Area is getting bolder. Someone needs to act.,2026-04-03 17:38:58,Suspicious,NULL,NULL,NULL,Anbu Layout Bus Stand Area,SocialMedia
POST-00333,WhatsApp Group,@xyz_suresh809,Someone using number 9000000458.0 has been harassing people in Kalai Puram Apartment Complex.,2025-05-18 15:17:34,Alarmed,NULL,9000000458.0,NULL,Kalai Puram Apartment Complex,SocialMedia
POST-00334,YouTube Comment,@dark_vignesh438,Big money movement spotted from Vaigai Park Parking Area accounts. Something is off.,2026-06-22 21:25:30,Informational,NULL,NULL,NULL,Vaigai Park Parking Area,SocialMedia
POST-00335,Telegram,@temp_hariharan418,Anyone else getting calls from 9000000374.0? Feels like a scam.,2026-08-05 07:41:16,Concerned,NULL,9000000374.0,NULL,Sindhu Puram Industrial Area,SocialMedia
POST-00336,Facebook,@user_mohan706,The TN-33-ZZ-1008 linked to that incident was seen near Oviya Colony Railway Station Road again today.,2025-09-26 04:44:19,Suspicious,NULL,NULL,TN-33-ZZ-1008,Oviya Colony Railway Station Road,SocialMedia
POST-00337,Instagram,@xyz_hemanth501,Someone using number 9000000304.0 has been harassing people in Oviya Puram Parking Area.,2026-06-03 04:42:44,Alarmed,NULL,9000000304.0,NULL,Oviya Puram Parking Area,SocialMedia
POST-00338,Twitter/X,@user_murugan787,The TN-30-XX-1039 linked to that incident was seen near Ponni Nagar College Road again today.,2025-02-13 23:11:22,Neutral,NULL,NULL,TN-30-XX-1039,Ponni Nagar College Road,SocialMedia
POST-00339,Twitter/X,@dark_anand915,Big money movement spotted from Kaveri Nagar Apartment Complex accounts. Something is off.,2025-12-18 12:58:23,Neutral,NULL,NULL,NULL,Kaveri Nagar Apartment Complex,SocialMedia
POST-00340,Facebook,@dark_logesh406,The TN-28-YY-1076 linked to that incident was seen near Palar Layout Market Road again today.,2026-09-05 03:27:49,Suspicious,NULL,NULL,TN-28-YY-1076,Palar Layout Market Road,SocialMedia
POST-00341,Instagram,@only_nithin943,Financial irregularities linked to Vennila Puram Shopping Complex area. Multiple accounts flagged.,2026-07-06 02:53:09,Alarmed,NULL,NULL,NULL,Vennila Puram Shopping Complex,SocialMedia
POST-00342,Twitter/X,@dark_mathan400,Posting this for awareness: fraud calls coming from 9000000264.0.,2025-05-15 23:46:33,Alarmed,NULL,9000000264.0,NULL,Kalai Nagar College Road,SocialMedia
POST-00343,Instagram,@dark_sanjay358,Watch out for a TN-33-YY-1094 near Nallur Park Main Street. Looked very suspicious.,2025-07-18 01:50:44,Neutral,NULL,NULL,TN-33-YY-1094,Nallur Park Main Street,SocialMedia
POST-00344,Instagram,@anon_jeeva103,Something big happened near Kalai Colony Apartment Complex — police cars everywhere last night.,2026-05-30 02:31:40,Concerned,NULL,NULL,NULL,Kalai Colony Apartment Complex,SocialMedia
POST-00345,Facebook,@the_murugan230,Posting this for awareness: fraud calls coming from 9000000234.0.,2026-09-03 16:54:57,Concerned,NULL,9000000234.0,NULL,Kalai Park Main Street,SocialMedia
POST-00346,Instagram,@real_rajesh377,Our community group got a threat message from 9000000375.0. Reporting this.,2025-09-15 03:31:39,Concerned,NULL,9000000375.0,NULL,Ezhil Garden Shopping Complex,SocialMedia
POST-00347,Instagram,@only_mathan936,The group operating near Sevvanthi Layout Residential Colony is getting bolder. Someone needs to act.,2026-04-28 10:44:02,Neutral,NULL,NULL,NULL,Sevvanthi Layout Residential Colony,SocialMedia
POST-00348,Facebook,@user_nandha943,Alert: suspicious activity reported near Alli Park Shopping Complex. Stay safe everyone.,2026-08-22 11:03:18,Concerned,NULL,NULL,NULL,Alli Park Shopping Complex,SocialMedia
POST-00349,YouTube Comment,@real_dinesh181,Multiple complaints about 9000000070.0 in our locality. Scam alert!,2026-08-24 15:42:07,Concerned,NULL,9000000070.0,NULL,Kalai Nagar College Road,SocialMedia
POST-00350,Telegram,@xyz_rajesh858,Heard that Mathan Balan was spotted near Oviya Colony Railway Station Road last night. Anyone know more?,2026-07-30 20:13:56,Informational,Mathan Balan,NULL,NULL,Oviya Colony Railway Station Road,SocialMedia
POST-00351,Twitter/X,@real_sanjay614,People are saying Hariharan Prakash is involved in the Mathi Layout Apartment Complex incident. Not confirmed.,2025-07-15 15:54:19,Concerned,Hariharan Prakash,NULL,NULL,Mathi Layout Apartment Complex,SocialMedia
POST-00352,Facebook,@shadow_vignesh27,Posting this for awareness: fraud calls coming from 9000000215.0.,2025-04-02 21:22:45,Concerned,NULL,9000000215.0,NULL,Alli Park Shopping Complex,SocialMedia
POST-00353,Facebook,@dark_mathan400,Residents of Neithal Garden Apartment Complex be careful — strangers asking suspicious questions.,2025-03-09 04:34:27,Neutral,NULL,NULL,NULL,Neithal Garden Apartment Complex,SocialMedia
POST-00354,Telegram,@dark_udhay825,Something big happened near Vaigai Layout Market Road — police cars everywhere last night.,2026-02-28 21:02:29,Neutral,NULL,NULL,NULL,Vaigai Layout Market Road,SocialMedia
POST-00355,Twitter/X,@real_uma702,Someone using number 9000000164.0 has been harassing people in Mangai Puram Railway Station Road.,2026-04-09 10:27:11,Concerned,NULL,9000000164.0,NULL,Mangai Puram Railway Station Road,SocialMedia
POST-00356,Twitter/X,@the_bharathi174,The TN-28-ZZ-1080 linked to that incident was seen near Nallur Garden Residential Colony again today.,2026-04-25 03:34:06,Informational,NULL,NULL,TN-28-ZZ-1080,Nallur Garden Residential Colony,SocialMedia
POST-00357,Instagram,@real_jagan307,The group operating near Kalai Puram Apartment Complex is getting bolder. Someone needs to act.,2025-07-14 17:09:21,Neutral,NULL,NULL,NULL,Kalai Puram Apartment Complex,SocialMedia
POST-00358,Twitter/X,@only_senthil151,Posting this for awareness: fraud calls coming from 9000000233.0.,2025-05-31 07:04:29,Concerned,NULL,9000000233.0,NULL,Nila Puram Main Street,SocialMedia
POST-00359,Twitter/X,@dark_arun182,Something big happened near Neithal Park Highway Junction — police cars everywhere last night.,2025-07-11 05:02:13,Informational,NULL,NULL,NULL,Neithal Park Highway Junction,SocialMedia
POST-00360,Instagram,@official_kannan508,Our community group got a threat message from 9000000306.0. Reporting this.,2025-05-17 12:35:35,Alarmed,NULL,9000000306.0,NULL,Mathi Layout Apartment Complex,SocialMedia
POST-00361,Twitter/X,@real_anand923,People are saying Murugan Karuppasamy is involved in the Kalai Layout Parking Area incident. Not confirmed.,2026-01-29 22:29:20,Alarmed,Murugan Karuppasamy,NULL,NULL,Kalai Layout Parking Area,SocialMedia
POST-00362,Telegram,@anon_harish679,Posting this for awareness: fraud calls coming from 9000000465.0.,2025-10-12 03:21:12,Concerned,NULL,9000000465.0,NULL,Mangai Puram Railway Station Road,SocialMedia
POST-00363,Facebook,@the_tamilarasan389,Posting this for awareness: fraud calls coming from 9000000093.0.,2026-05-30 17:13:20,Neutral,NULL,9000000093.0,NULL,Iniyan Colony Apartment Complex,SocialMedia
POST-00364,Instagram,@only_uma772,Residents of Sindhu Puram Industrial Area be careful — strangers asking suspicious questions.,2025-04-24 13:20:52,Alarmed,NULL,NULL,NULL,Sindhu Puram Industrial Area,SocialMedia
POST-00365,Twitter/X,@the_tamilarasan389,Word on the street: Kannan Shankar controls the operation in Mangai Layout Shopping Complex area.,2026-06-04 07:20:20,Neutral,Kannan Shankar,NULL,NULL,Mangai Layout Shopping Complex,SocialMedia
POST-00366,YouTube Comment,@real_rakesh730,Vasanthi Bai mentioned in connection with recent incidents. People are talking.,2026-05-08 02:32:40,Informational,Vasanthi Bai,NULL,NULL,Anbu Layout Bus Stand Area,SocialMedia
POST-00367,Facebook,@xyz_anand267,Anyone else getting calls from 9000000180.0? Feels like a scam.,2025-06-23 03:08:35,Concerned,NULL,9000000180.0,NULL,Thendral Nagar ATM Area,SocialMedia
POST-00368,Twitter/X,@anon_uma179,Sathish Sundaram mentioned in connection with recent incidents. People are talking.,2026-02-04 15:44:40,Alarmed,Sathish Sundaram,NULL,NULL,Nallur Puram Market Road,SocialMedia
POST-00369,Telegram,@only_jeeva434,The group operating near Amudham Puram Apartment Complex is getting bolder. Someone needs to act.,2026-07-14 10:32:19,Neutral,NULL,NULL,NULL,Amudham Puram Apartment Complex,SocialMedia
POST-00370,Twitter/X,@real_uma702,Word on the street: Balaji Karuppasamy controls the operation in Roja Layout Industrial Area area.,2026-04-06 02:09:38,Neutral,Balaji Karuppasamy,NULL,NULL,Roja Layout Industrial Area,SocialMedia
POST-00371,YouTube Comment,@dark_janani623,Multiple complaints about 9000000477.0 in our locality. Scam alert!,2026-05-11 06:08:55,Neutral,NULL,9000000477.0,NULL,Anbu Colony Highway Junction,SocialMedia
POST-00372,Facebook,@only_kumaran860,New gang activity in Nallur Puram Market Road. Be careful near the shopping complex.,2025-04-21 20:20:49,Informational,NULL,NULL,NULL,Nallur Puram Market Road,SocialMedia
POST-00373,Facebook,@only_gokul397,Big money movement spotted from Tamarai Garden Parking Area accounts. Something is off.,2025-03-26 07:53:37,Neutral,NULL,NULL,NULL,Tamarai Garden Parking Area,SocialMedia
POST-00374,Instagram,@only_senthil151,Multiple complaints about 9000000379.0 in our locality. Scam alert!,2026-09-01 20:21:46,Concerned,NULL,9000000379.0,NULL,Nallur Puram Market Road,SocialMedia
POST-00375,Facebook,@xyz_vignesh440,Watch out for a TN-33-XX-1009 near Nallur Puram Market Road. Looked very suspicious.,2025-02-03 17:44:53,Alarmed,NULL,NULL,TN-33-XX-1009,Nallur Puram Market Road,SocialMedia
POST-00376,Facebook,@dark_mohan147,Our community group got a threat message from 9000000449.0. Reporting this.,2026-08-18 20:38:40,Neutral,NULL,9000000449.0,NULL,Nallur Garden Residential Colony,SocialMedia
POST-00377,Telegram,@shadow_rakesh124,People are saying Nandha Muthu is involved in the Vennila Puram Shopping Complex incident. Not confirmed.,2026-03-25 22:27:40,Concerned,Nandha Muthu,NULL,NULL,Vennila Puram Shopping Complex,SocialMedia
POST-00378,Instagram,@dark_hariharan677,Multiple complaints about 9000000189.0 in our locality. Scam alert!,2025-07-22 23:02:20,Informational,NULL,9000000189.0,NULL,Kalai Park Main Street,SocialMedia
POST-00379,Instagram,@the_suresh389,Our community group got a threat message from 9000000461.0. Reporting this.,2026-01-11 17:56:34,Neutral,NULL,9000000461.0,NULL,Kayal Puram Highway Junction,SocialMedia
POST-00380,Facebook,@real_arun229,New gang activity in Kadal Layout Highway Junction. Be careful near the old warehouse.,2026-09-03 13:36:51,Concerned,NULL,NULL,NULL,Kadal Layout Highway Junction,SocialMedia
POST-00381,Instagram,@anon_hariharan958,The TN-47-ZZ-1038 linked to that incident was seen near Oviya Puram Parking Area again today.,2025-03-10 11:03:41,Neutral,NULL,NULL,TN-47-ZZ-1038,Oviya Puram Parking Area,SocialMedia
POST-00382,Facebook,@temp_karthik681,Rumour: Saravanan Anand and associates were seen leaving Alli Colony College Road late at night.,2026-07-07 17:17:38,Suspicious,Saravanan Anand,NULL,NULL,Alli Colony College Road,SocialMedia
POST-00383,Twitter/X,@official_janani209,Alert: suspicious activity reported near Sevvanthi Layout Residential Colony. Stay safe everyone.,2026-04-11 15:46:04,Concerned,NULL,NULL,NULL,Sevvanthi Layout Residential Colony,SocialMedia
POST-00384,Facebook,@official_gokul808,Rumour: Kumaran Murugan and associates were seen leaving Nila Nagar Bus Stand Area late at night.,2026-06-05 03:24:19,Concerned,Kumaran Murugan,NULL,NULL,Nila Nagar Bus Stand Area,SocialMedia
POST-00385,Telegram,@shadow_kavitha996,Posting this for awareness: fraud calls coming from 9000000085.0.,2025-06-25 18:27:14,Alarmed,NULL,9000000085.0,NULL,Mynthan Layout Shopping Complex,SocialMedia
POST-00386,Twitter/X,@real_rakesh226,The group operating near Neithal Colony Residential Colony is getting bolder. Someone needs to act.,2025-02-26 05:22:20,Concerned,NULL,NULL,NULL,Neithal Colony Residential Colony,SocialMedia
POST-00387,YouTube Comment,@official_rajesh957,Financial irregularities linked to Sindhu Garden Residential Colony area. Multiple accounts flagged.,2026-03-14 10:13:25,Concerned,NULL,NULL,NULL,Sindhu Garden Residential Colony,SocialMedia
POST-00388,Instagram,@real_hemanth401,Rumour: Selvam Rajan and associates were seen leaving Mullai Colony Shopping Complex late at night.,2025-06-21 04:13:27,Alarmed,Selvam Rajan,NULL,NULL,Mullai Colony Shopping Complex,SocialMedia
POST-00389,Twitter/X,@dark_sanjay90,Rumour: Arun Babu and associates were seen leaving Ponni Nagar College Road late at night.,2025-03-14 05:49:17,Concerned,Arun Babu,NULL,NULL,Ponni Nagar College Road,SocialMedia
POST-00390,Telegram,@the_rakesh979,Financial irregularities linked to Vaigai Layout Market Road area. Multiple accounts flagged.,2025-05-28 16:58:44,Concerned,NULL,NULL,NULL,Vaigai Layout Market Road,SocialMedia
POST-00391,Telegram,@anon_naveen559,The group operating near Kayal Puram Highway Junction is getting bolder. Someone needs to act.,2025-10-04 12:49:52,Neutral,NULL,NULL,NULL,Kayal Puram Highway Junction,SocialMedia
POST-00392,Facebook,@user_harish878,Watch out for a TN-45-XX-1081 near Roja Colony Residential Colony. Looked very suspicious.,2026-04-28 02:04:49,Concerned,NULL,NULL,TN-45-XX-1081,Roja Colony Residential Colony,SocialMedia
POST-00393,Telegram,@user_dharani548,Posting this for awareness: fraud calls coming from 9000000004.0.,2026-01-07 12:31:56,Suspicious,NULL,9000000004.0,NULL,Palar Layout Market Road,SocialMedia
POST-00394,Instagram,@anon_janani333,Alert: suspicious activity reported near Poongodi Layout Residential Colony. Stay safe everyone.,2025-01-10 04:20:25,Alarmed,NULL,NULL,NULL,Poongodi Layout Residential Colony,SocialMedia
POST-00395,Twitter/X,@dark_sanjay90,Suspicious vehicle TN-01-XX-1033 seen circling Roja Colony Residential Colony multiple times.,2026-01-02 02:30:51,Suspicious,NULL,NULL,TN-01-XX-1033,Roja Colony Residential Colony,SocialMedia
POST-00396,Facebook,@shadow_vasanthi884,Financial irregularities linked to Sevvanthi Park Shopping Complex area. Multiple accounts flagged.,2025-12-17 02:11:50,Neutral,NULL,NULL,NULL,Sevvanthi Park Shopping Complex,SocialMedia
POST-00397,Telegram,@only_rajesh159,Someone using number 9000000427.0 has been harassing people in Nila Nagar Bus Stand Area.,2026-07-28 15:25:15,Neutral,NULL,9000000427.0,NULL,Nila Nagar Bus Stand Area,SocialMedia
POST-00398,Facebook,@anon_arun317,Heard that Vignesh Subramani was spotted near Nallur Nagar Main Street last night. Anyone know more?,2026-03-18 01:12:09,Neutral,Vignesh Subramani,NULL,NULL,Nallur Nagar Main Street,SocialMedia
POST-00399,Facebook,@anon_tamilarasan772,Watch out for a TN-39-YY-1016 near Vennila Puram Shopping Complex. Looked very suspicious.,2025-10-08 08:49:11,Concerned,NULL,NULL,TN-39-YY-1016,Vennila Puram Shopping Complex,SocialMedia
POST-00400,Instagram,@temp_jeeva599,The KL-07-ZZ-1011 linked to that incident was seen near Palar Park Industrial Area again today.,2026-02-23 05:12:59,Neutral,NULL,NULL,KL-07-ZZ-1011,Palar Park Industrial Area,SocialMedia
POST-00401,Facebook,@temp_rajesh303,New gang activity in Mangai Layout Shopping Complex. Be careful near the shopping complex.,2025-04-23 12:10:07,Informational,NULL,NULL,NULL,Mangai Layout Shopping Complex,SocialMedia
POST-00402,Facebook,@shadow_arun678,Financial irregularities linked to Kaveri Park Bus Stand Area area. Multiple accounts flagged.,2025-07-27 18:02:48,Alarmed,NULL,NULL,NULL,Kaveri Park Bus Stand Area,SocialMedia
POST-00403,WhatsApp Group,@the_dinesh198,Suspicious vehicle TN-01-XX-1033 seen circling Mullai Colony Shopping Complex multiple times.,2025-04-08 02:54:46,Alarmed,NULL,NULL,TN-01-XX-1033,Mullai Colony Shopping Complex,SocialMedia
POST-00404,Facebook,@only_arun851,Anyone else getting calls from 9000000333.0? Feels like a scam.,2025-01-21 11:28:39,Informational,NULL,9000000333.0,NULL,Kurinji Puram Railway Station Road,SocialMedia
POST-00405,Facebook,@only_hemanth696,Multiple complaints about 9000000009.0 in our locality. Scam alert!,2025-07-12 03:48:19,Alarmed,NULL,9000000009.0,NULL,Arasu Garden ATM Area,SocialMedia
POST-00406,WhatsApp Group,@anon_murugan660,Something big happened near Anbu Colony Highway Junction — police cars everywhere last night.,2025-09-10 14:11:30,Informational,NULL,NULL,NULL,Anbu Colony Highway Junction,SocialMedia
POST-00407,Instagram,@the_harish615,Something big happened near Selvapuram Garden College Road — police cars everywhere last night.,2026-05-06 03:34:42,Alarmed,NULL,NULL,NULL,Selvapuram Garden College Road,SocialMedia
POST-00408,Facebook,@real_eswari462,Posting this for awareness: fraud calls coming from 9000000451.0.,2025-11-17 04:02:09,Neutral,NULL,9000000451.0,NULL,Vaigai Nagar College Road,SocialMedia
POST-00409,Twitter/X,@dark_anand915,New gang activity in Nallur Nagar Main Street. Be careful near the petrol bunk.,2026-01-18 02:16:14,Suspicious,NULL,NULL,NULL,Nallur Nagar Main Street,SocialMedia
POST-00410,Facebook,@user_madhan769,Word on the street: Yuvaraj Natarajan controls the operation in Kalai Nagar College Road area.,2025-05-27 11:13:04,Concerned,Yuvaraj Natarajan,NULL,NULL,Kalai Nagar College Road,SocialMedia
POST-00411,Facebook,@official_praveen91,The TN-39-YY-1049 linked to that incident was seen near Roja Layout Industrial Area again today.,2025-07-06 01:45:21,Concerned,NULL,NULL,TN-39-YY-1049,Roja Layout Industrial Area,SocialMedia
POST-00412,Twitter/X,@user_ganesh40,Residents of Amudham Nagar Main Street be careful — strangers asking suspicious questions.,2025-08-13 22:26:51,Neutral,NULL,NULL,NULL,Amudham Nagar Main Street,SocialMedia
POST-00413,Twitter/X,@user_chandran557,Something big happened near Mangai Layout Shopping Complex — police cars everywhere last night.,2025-03-21 10:30:57,Neutral,NULL,NULL,NULL,Mangai Layout Shopping Complex,SocialMedia
POST-00414,Facebook,@real_rajesh377,Someone using number 9000000260.0 has been harassing people in Ezhil Garden Shopping Complex.,2025-08-31 00:12:37,Informational,NULL,9000000260.0,NULL,Ezhil Garden Shopping Complex,SocialMedia
POST-00415,Telegram,@user_hariharan282,Word on the street: Vasanthi Selvam controls the operation in Mathi Layout Apartment Complex area.,2025-02-25 10:42:25,Concerned,Vasanthi Selvam,NULL,NULL,Mathi Layout Apartment Complex,SocialMedia
POST-00416,YouTube Comment,@dark_gokul799,Big money movement spotted from Sevvanthi Layout Residential Colony accounts. Something is off.,2025-07-11 23:26:13,Alarmed,NULL,NULL,NULL,Sevvanthi Layout Residential Colony,SocialMedia
POST-00417,Instagram,@shadow_mathan172,Alert: suspicious activity reported near Ponni Nagar College Road. Stay safe everyone.,2025-02-02 18:24:08,Alarmed,NULL,NULL,NULL,Ponni Nagar College Road,SocialMedia
POST-00418,WhatsApp Group,@real_sanjay614,The TN-45-ZZ-1062 linked to that incident was seen near Arasu Nagar Residential Colony again today.,2025-06-19 03:52:01,Suspicious,NULL,NULL,TN-45-ZZ-1062,Arasu Nagar Residential Colony,SocialMedia
POST-00419,YouTube Comment,@only_abirami19,Rumour: Siva Selvam and associates were seen leaving Anbu Colony Highway Junction late at night.,2026-03-28 08:03:38,Informational,Siva Selvam,NULL,NULL,Anbu Colony Highway Junction,SocialMedia
POST-00420,Facebook,@user_selvam71,Word on the street: Hariharan Prakash controls the operation in Nallur Colony College Road area.,2025-04-30 13:14:51,Alarmed,Hariharan Prakash,NULL,NULL,Nallur Colony College Road,SocialMedia
POST-00421,Twitter/X,@anon_sathish760,Watch out for a TN-23-ZZ-1086 near Kalai Park Main Street. Looked very suspicious.,2026-06-20 08:33:03,Concerned,NULL,NULL,TN-23-ZZ-1086,Kalai Park Main Street,SocialMedia
POST-00422,Facebook,@xyz_murugan267,Someone using number 9000000212.0 has been harassing people in Selvapuram Garden College Road.,2026-03-17 04:05:09,Neutral,NULL,9000000212.0,NULL,Selvapuram Garden College Road,SocialMedia
POST-00423,Twitter/X,@only_arun681,Rakesh Muthu mentioned in connection with recent incidents. People are talking.,2025-08-18 15:44:16,Informational,Rakesh Muthu,NULL,NULL,Vaigai Park Parking Area,SocialMedia
POST-00424,WhatsApp Group,@user_divya644,The TN-68-ZZ-1065 linked to that incident was seen near Oviya Puram Parking Area again today.,2026-08-26 17:59:50,Alarmed,NULL,NULL,TN-68-ZZ-1065,Oviya Puram Parking Area,SocialMedia
POST-00425,Facebook,@the_mohan637,Financial irregularities linked to Amudham Layout Residential Colony area. Multiple accounts flagged.,2025-11-15 07:18:36,Alarmed,NULL,NULL,NULL,Amudham Layout Residential Colony,SocialMedia
POST-00426,Twitter/X,@real_uma702,Watch out for a TN-28-YY-1070 near Anbu Layout Bus Stand Area. Looked very suspicious.,2026-01-12 23:57:28,Neutral,NULL,NULL,TN-28-YY-1070,Anbu Layout Bus Stand Area,SocialMedia
POST-00427,Twitter/X,@the_tamilarasan389,Alert: suspicious activity reported near Arasu Garden ATM Area. Stay safe everyone.,2026-07-12 13:36:15,Neutral,NULL,NULL,NULL,Arasu Garden ATM Area,SocialMedia
POST-00428,Telegram,@shadow_madhan823,The group operating near Oviya Puram Parking Area is getting bolder. Someone needs to act.,2026-04-25 04:28:14,Neutral,NULL,NULL,NULL,Oviya Puram Parking Area,SocialMedia
POST-00429,Twitter/X,@xyz_kishore778,Alert: suspicious activity reported near Oviya Colony Railway Station Road. Stay safe everyone.,2025-10-27 07:05:31,Neutral,NULL,NULL,NULL,Oviya Colony Railway Station Road,SocialMedia
POST-00430,Instagram,@anon_kannan729,Multiple complaints about 9000000198.0 in our locality. Scam alert!,2025-03-22 20:36:33,Neutral,NULL,9000000198.0,NULL,Mullai Puram Parking Area,SocialMedia
POST-00431,Facebook,@shadow_nithin934,Big money movement spotted from Tamarai Garden Parking Area accounts. Something is off.,2025-09-10 03:59:28,Informational,NULL,NULL,NULL,Tamarai Garden Parking Area,SocialMedia
POST-00432,Telegram,@xyz_gunasekar958,Our community group got a threat message from 9000000415.0. Reporting this.,2025-10-07 15:02:44,Suspicious,NULL,9000000415.0,NULL,Nila Nagar Bus Stand Area,SocialMedia
POST-00433,YouTube Comment,@anon_praveen613,Something big happened near Nila Park Industrial Area — police cars everywhere last night.,2025-08-23 10:44:10,Neutral,NULL,NULL,NULL,Nila Park Industrial Area,SocialMedia
POST-00434,Facebook,@real_hariharan48,Rumour: Abirami Raj and associates were seen leaving Nallur Park Main Street late at night.,2025-05-02 06:02:50,Neutral,Abirami Raj,NULL,NULL,Nallur Park Main Street,SocialMedia
POST-00435,Facebook,@real_murugan750,Gokul Gopal mentioned in connection with recent incidents. People are talking.,2026-01-10 19:04:13,Neutral,Gokul Gopal,NULL,NULL,Sevvanthi Garden College Road,SocialMedia
POST-00436,WhatsApp Group,@real_sanjay614,Posting this for awareness: fraud calls coming from 9000000221.0.,2025-09-17 17:28:29,Concerned,NULL,9000000221.0,NULL,Anbu Garden Apartment Complex,SocialMedia
POST-00437,Facebook,@user_rajesh322,Our community group got a threat message from 9000000187.0. Reporting this.,2025-09-06 00:29:30,Concerned,NULL,9000000187.0,NULL,Nallur Puram Market Road,SocialMedia
POST-00438,Instagram,@anon_nandha780,Someone using number 9000000304.0 has been harassing people in Neithal Park Highway Junction.,2026-01-28 00:50:13,Neutral,NULL,9000000304.0,NULL,Neithal Park Highway Junction,SocialMedia
POST-00439,Telegram,@only_uma772,Our community group got a threat message from 9000000047.0. Reporting this.,2026-03-02 18:18:05,Concerned,NULL,9000000047.0,NULL,Nila Puram Main Street,SocialMedia
POST-00440,Instagram,@anon_jeeva414,People are saying Karthik Nathan is involved in the Nila Puram Main Street incident. Not confirmed.,2025-06-02 07:33:21,Concerned,Karthik Nathan,NULL,NULL,Nila Puram Main Street,SocialMedia
POST-00441,Facebook,@real_gokul697,Multiple complaints about 9000000209.0 in our locality. Scam alert!,2025-10-11 17:04:56,Concerned,NULL,9000000209.0,NULL,Amudham Nagar Main Street,SocialMedia
POST-00442,Facebook,@temp_nithin159,Financial irregularities linked to Anbu Colony Highway Junction area. Multiple accounts flagged.,2025-07-01 08:33:41,Neutral,NULL,NULL,NULL,Anbu Colony Highway Junction,SocialMedia
POST-00443,Facebook,@official_hariharan24,Hariharan Prakash mentioned in connection with recent incidents. People are talking.,2025-03-28 10:22:19,Concerned,Hariharan Prakash,NULL,NULL,Kalai Puram Apartment Complex,SocialMedia
POST-00444,Telegram,@only_arun681,Word on the street: Nandha Karuppasamy controls the operation in Sindhu Garden Residential Colony area.,2026-03-03 06:22:28,Concerned,Nandha Karuppasamy,NULL,NULL,Sindhu Garden Residential Colony,SocialMedia
POST-00445,Facebook,@real_sanjay614,Someone using number 9000000189.0 has been harassing people in Kadal Nagar Bus Stand Area.,2026-09-05 23:32:23,Alarmed,NULL,9000000189.0,NULL,Kadal Nagar Bus Stand Area,SocialMedia
POST-00446,Facebook,@real_senthil29,Anyone else getting calls from 9000000464.0? Feels like a scam.,2026-05-20 09:54:04,Concerned,NULL,9000000464.0,NULL,Mynthan Layout Shopping Complex,SocialMedia
POST-00447,YouTube Comment,@only_divya522,Suspicious vehicle TN-39-ZZ-1044 seen circling Mangai Layout Shopping Complex multiple times.,2026-03-12 11:58:23,Suspicious,NULL,NULL,TN-39-ZZ-1044,Mangai Layout Shopping Complex,SocialMedia
POST-00448,Instagram,@user_sanjay365,Heard that Ezhilan Ramasamy was spotted near Vaigai Nagar College Road last night. Anyone know more?,2025-10-04 00:43:42,Alarmed,Ezhilan Ramasamy,NULL,NULL,Vaigai Nagar College Road,SocialMedia
POST-00449,Facebook,@xyz_elango981,Rumour: Prakash Palanisamy and associates were seen leaving Sevvanthi Colony Bus Stand Area late at night.,2025-04-28 20:02:43,Concerned,Prakash Palanisamy,NULL,NULL,Sevvanthi Colony Bus Stand Area,SocialMedia
POST-00450,Instagram,@dark_eswari256,Suspicious vehicle TN-68-XX-1045 seen circling Ponni Nagar College Road multiple times.,2025-11-28 05:53:01,Suspicious,NULL,NULL,TN-68-XX-1045,Ponni Nagar College Road,SocialMedia
POST-00451,Twitter/X,@only_harish893,Residents of Nila Puram Main Street be careful — strangers asking suspicious questions.,2026-06-19 19:10:06,Alarmed,NULL,NULL,NULL,Nila Puram Main Street,SocialMedia
POST-00452,Facebook,@real_vignesh198,Multiple complaints about 9000000433.0 in our locality. Scam alert!,2025-04-24 00:44:31,Alarmed,NULL,9000000433.0,NULL,Amudham Park Railway Station Road,SocialMedia
POST-00453,Twitter/X,@real_selvam104,Financial irregularities linked to Selvapuram Garden College Road area. Multiple accounts flagged.,2025-05-24 11:55:27,Neutral,NULL,NULL,NULL,Selvapuram Garden College Road,SocialMedia
POST-00454,Telegram,@real_kannan714,Residents of Vennila Park Shopping Complex be careful — strangers asking suspicious questions.,2025-04-15 03:33:21,Concerned,NULL,NULL,NULL,Vennila Park Shopping Complex,SocialMedia
POST-00455,Twitter/X,@only_arun241,Residents of Alli Park Shopping Complex be careful — strangers asking suspicious questions.,2026-08-17 20:02:13,Suspicious,NULL,NULL,NULL,Alli Park Shopping Complex,SocialMedia
POST-00456,WhatsApp Group,@official_rajesh957,Anyone else getting calls from 9000000393.0? Feels like a scam.,2026-01-16 13:11:51,Alarmed,NULL,9000000393.0,NULL,Kayal Puram Highway Junction,SocialMedia
POST-00457,Instagram,@shadow_rajesh413,Something big happened near Anbu Layout Bus Stand Area — police cars everywhere last night.,2026-07-31 16:36:14,Concerned,NULL,NULL,NULL,Anbu Layout Bus Stand Area,SocialMedia
POST-00458,Facebook,@only_ezhilan541,The TN-72-ZZ-1050 linked to that incident was seen near Senthil Garden Main Street again today.,2026-07-26 00:33:49,Neutral,NULL,NULL,TN-72-ZZ-1050,Senthil Garden Main Street,SocialMedia
POST-00459,Twitter/X,@official_sathish482,Suspicious vehicle TN-45-ZZ-1074 seen circling Kalai Nagar College Road multiple times.,2025-08-17 16:22:53,Alarmed,NULL,NULL,TN-45-ZZ-1074,Kalai Nagar College Road,SocialMedia
POST-00460,Twitter/X,@real_rakesh226,Alert: suspicious activity reported near Vetri Nagar Shopping Complex. Stay safe everyone.,2026-08-28 20:36:02,Concerned,NULL,NULL,NULL,Vetri Nagar Shopping Complex,SocialMedia
POST-00461,Instagram,@shadow_praveen873,The TN-38-YY-1022 linked to that incident was seen near Kalai Colony Apartment Complex again today.,2026-07-08 12:28:04,Informational,NULL,NULL,TN-38-YY-1022,Kalai Colony Apartment Complex,SocialMedia
POST-00462,Facebook,@user_mohan706,Something big happened near Roja Layout Industrial Area — police cars everywhere last night.,2025-10-09 21:45:18,Neutral,NULL,NULL,NULL,Roja Layout Industrial Area,SocialMedia
POST-00463,WhatsApp Group,@dark_sanjay358,Suspicious vehicle TN-68-XX-1045 seen circling Mangai Puram Railway Station Road multiple times.,2026-03-16 05:31:37,Informational,NULL,NULL,TN-68-XX-1045,Mangai Puram Railway Station Road,SocialMedia
POST-00464,Twitter/X,@official_mathan651,Someone using number 9000000477.0 has been harassing people in Kalai Puram Apartment Complex.,2025-04-13 04:39:42,Suspicious,NULL,9000000477.0,NULL,Kalai Puram Apartment Complex,SocialMedia
POST-00465,Facebook,@temp_elango913,Heard that Revathi Ammal was spotted near Mullai Park Shopping Complex last night. Anyone know more?,2025-06-18 10:49:17,Concerned,Revathi Ammal,NULL,NULL,Mullai Park Shopping Complex,SocialMedia
POST-00466,Instagram,@xyz_jagan294,Word on the street: Sanjay Shankar controls the operation in Kaveri Park Bus Stand Area area.,2026-03-10 01:27:36,Informational,Sanjay Shankar,NULL,NULL,Kaveri Park Bus Stand Area,SocialMedia
POST-00467,Instagram,@real_uma702,The group operating near Kaveri Nagar Apartment Complex is getting bolder. Someone needs to act.,2026-04-14 14:03:22,Neutral,NULL,NULL,NULL,Kaveri Nagar Apartment Complex,SocialMedia
POST-00468,Instagram,@anon_vignesh777,People are saying Logesh Karuppasamy is involved in the Poongodi Layout Residential Colony incident. Not confirmed.,2025-01-28 20:06:24,Neutral,Logesh Karuppasamy,NULL,NULL,Poongodi Layout Residential Colony,SocialMedia
POST-00469,Twitter/X,@official_mathan492,New gang activity in Mynthan Layout Shopping Complex. Be careful near the highway flyover.,2026-06-24 12:38:41,Informational,NULL,NULL,NULL,Mynthan Layout Shopping Complex,SocialMedia
POST-00470,YouTube Comment,@temp_lokesh757,Financial irregularities linked to Kayal Puram Highway Junction area. Multiple accounts flagged.,2026-02-15 20:16:46,Suspicious,NULL,NULL,NULL,Kayal Puram Highway Junction,SocialMedia
POST-00471,Instagram,@the_hemanth639,Word on the street: Prakash Muthu controls the operation in Kalai Park Main Street area.,2026-02-08 16:01:05,Alarmed,Prakash Muthu,NULL,NULL,Kalai Park Main Street,SocialMedia
POST-00472,Facebook,@real_karthik34,Word on the street: Karthik Balan controls the operation in Vennila Park Shopping Complex area.,2026-09-11 20:10:16,Neutral,Karthik Balan,NULL,NULL,Vennila Park Shopping Complex,SocialMedia
POST-00473,Twitter/X,@user_abirami665,The group operating near Mathi Layout Apartment Complex is getting bolder. Someone needs to act.,2025-08-07 17:54:08,Neutral,NULL,NULL,NULL,Mathi Layout Apartment Complex,SocialMedia
POST-00474,Facebook,@shadow_kishore359,People are saying Logesh Subramani is involved in the Mangai Puram Railway Station Road incident. Not confirmed.,2026-03-18 21:27:58,Alarmed,Logesh Subramani,NULL,NULL,Mangai Puram Railway Station Road,SocialMedia
POST-00475,Twitter/X,@the_sanjay503,Heard that Revathi Raman was spotted near Tamarai Garden Parking Area last night. Anyone know more?,2025-12-24 18:32:26,Informational,Revathi Raman,NULL,NULL,Tamarai Garden Parking Area,SocialMedia
POST-00476,Instagram,@xyz_kishore778,The TN-38-YY-1022 linked to that incident was seen near Kaveri Nagar Apartment Complex again today.,2026-03-08 05:15:11,Concerned,NULL,NULL,TN-38-YY-1022,Kaveri Nagar Apartment Complex,SocialMedia
POST-00477,Facebook,@dark_selvam651,The group operating near Neithal Park Highway Junction is getting bolder. Someone needs to act.,2025-05-09 21:53:43,Concerned,NULL,NULL,NULL,Neithal Park Highway Junction,SocialMedia
POST-00478,Facebook,@only_vijay248,Suspicious vehicle TN-57-YY-1097 seen circling Kalai Park Main Street multiple times.,2025-07-04 13:58:21,Concerned,NULL,NULL,TN-57-YY-1097,Kalai Park Main Street,SocialMedia
POST-00479,Twitter/X,@only_sanjay945,New gang activity in Poongodi Layout Residential Colony. Be careful near the market junction.,2026-01-29 00:25:29,Neutral,NULL,NULL,NULL,Poongodi Layout Residential Colony,SocialMedia
POST-00480,Facebook,@official_arjun804,Word on the street: Prakash Palanisamy controls the operation in Tamarai Garden Parking Area area.,2026-08-21 16:10:22,Informational,Prakash Palanisamy,NULL,NULL,Tamarai Garden Parking Area,SocialMedia
POST-00481,Facebook,@real_karthik14,Multiple complaints about 9000000262.0 in our locality. Scam alert!,2025-02-04 04:46:40,Alarmed,NULL,9000000262.0,NULL,Sindhu Colony College Road,SocialMedia
POST-00482,Telegram,@user_mathan601,Residents of Anbu Layout Bus Stand Area be careful — strangers asking suspicious questions.,2026-05-12 05:02:34,Informational,NULL,NULL,NULL,Anbu Layout Bus Stand Area,SocialMedia
POST-00483,Twitter/X,@real_anand289,Financial irregularities linked to Nallur Park Main Street area. Multiple accounts flagged.,2025-08-01 12:57:40,Neutral,NULL,NULL,NULL,Nallur Park Main Street,SocialMedia
POST-00484,Telegram,@the_hariharan975,Residents of Kayal Colony Bus Stand Area be careful — strangers asking suspicious questions.,2025-08-09 00:29:33,Concerned,NULL,NULL,NULL,Kayal Colony Bus Stand Area,SocialMedia
POST-00485,WhatsApp Group,@user_ganesh492,Big money movement spotted from Tamarai Garden Parking Area accounts. Something is off.,2025-02-09 04:34:05,Neutral,NULL,NULL,NULL,Tamarai Garden Parking Area,SocialMedia
POST-00486,Facebook,@temp_mathan374,Alert: suspicious activity reported near Poongodi Layout Residential Colony. Stay safe everyone.,2025-06-03 21:43:49,Alarmed,NULL,NULL,NULL,Poongodi Layout Residential Colony,SocialMedia
POST-00487,Facebook,@real_murugan476,The TN-01-XX-1057 linked to that incident was seen near Nila Puram Main Street again today.,2026-05-16 12:50:00,Alarmed,NULL,NULL,TN-01-XX-1057,Nila Puram Main Street,SocialMedia
POST-00488,Facebook,@the_tamilarasan389,Something big happened near Mynthan Colony Main Street — police cars everywhere last night.,2026-06-28 09:45:42,Suspicious,NULL,NULL,NULL,Mynthan Colony Main Street,SocialMedia
POST-00489,Telegram,@anon_kavitha482,Financial irregularities linked to Roja Park Main Street area. Multiple accounts flagged.,2025-08-08 05:39:31,Informational,NULL,NULL,NULL,Roja Park Main Street,SocialMedia
POST-00490,Facebook,@official_pandian555,Residents of Vetri Layout Industrial Area be careful — strangers asking suspicious questions.,2026-04-04 16:23:17,Concerned,NULL,NULL,NULL,Vetri Layout Industrial Area,SocialMedia
POST-00491,Telegram,@real_rajesh377,Residents of Arasu Nagar Residential Colony be careful — strangers asking suspicious questions.,2026-04-05 00:28:58,Concerned,NULL,NULL,NULL,Arasu Nagar Residential Colony,SocialMedia
POST-00492,Instagram,@real_sathish616,Our community group got a threat message from 9000000076.0. Reporting this.,2025-09-10 17:29:14,Concerned,NULL,9000000076.0,NULL,Poongodi Layout Residential Colony,SocialMedia
POST-00493,Telegram,@temp_hariharan418,Something big happened near Mynthan Layout Shopping Complex — police cars everywhere last night.,2025-10-22 07:24:47,Concerned,NULL,NULL,NULL,Mynthan Layout Shopping Complex,SocialMedia
POST-00494,Facebook,@anon_chandran554,Alert: suspicious activity reported near Iniyan Layout Parking Area. Stay safe everyone.,2026-04-24 03:05:48,Concerned,NULL,NULL,NULL,Iniyan Layout Parking Area,SocialMedia
POST-00495,Instagram,@shadow_siva101,The group operating near Amudham Park Railway Station Road is getting bolder. Someone needs to act.,2026-04-20 23:00:49,Suspicious,NULL,NULL,NULL,Amudham Park Railway Station Road,SocialMedia
POST-00496,YouTube Comment,@xyz_karthik850,Suspicious vehicle TN-38-ZZ-1005 seen circling Anbu Park Main Street multiple times.,2025-03-27 04:55:29,Informational,NULL,NULL,TN-38-ZZ-1005,Anbu Park Main Street,SocialMedia
POST-00497,Facebook,@dark_chithra455,Heard that Venkat Prakash was spotted near Kurinji Puram Railway Station Road last night. Anyone know more?,2026-05-30 13:39:47,Neutral,Venkat Prakash,NULL,NULL,Kurinji Puram Railway Station Road,SocialMedia
POST-00498,Twitter/X,@dark_sanjay620,Someone using number 9000000084.0 has been harassing people in Nila Garden Bus Stand Area.,2025-01-10 00:17:27,Neutral,NULL,9000000084.0,NULL,Nila Garden Bus Stand Area,SocialMedia
POST-00499,WhatsApp Group,@xyz_kumaran756,Heard that Thirumal Palanisamy was spotted near Nallur Nagar Main Street last night. Anyone know more?,2026-09-05 18:41:30,Alarmed,Thirumal Palanisamy,NULL,NULL,Nallur Nagar Main Street,SocialMedia
POST-00500,Twitter/X,@shadow_lokesh241,Our community group got a threat message from 9000000256.0. Reporting this.,2026-04-15 14:03:44,Neutral,NULL,9000000256.0,NULL,Sevvanthi Park Shopping Complex,SocialMedia
POST-00501,Facebook,@user_madhan591,Word on the street: Venkat Prakash controls the operation in Palar Park Industrial Area area.,2025-10-14 06:48:11,Neutral,Venkat Prakash,NULL,NULL,Palar Park Industrial Area,SocialMedia
POST-00502,Twitter/X,@temp_karthik100,Word on the street: Kishore Babu controls the operation in Nallur Park Main Street area.,2026-05-05 20:24:27,Alarmed,Kishore Babu,NULL,NULL,Nallur Park Main Street,SocialMedia
POST-00503,Facebook,@anon_gopal474,People are saying Harish Murugan is involved in the Kalai Puram Apartment Complex incident. Not confirmed.,2025-12-31 11:07:32,Concerned,Harish Murugan,NULL,NULL,Kalai Puram Apartment Complex,SocialMedia
POST-00504,Telegram,@temp_hariharan418,Financial irregularities linked to Kalai Nagar College Road area. Multiple accounts flagged.,2026-07-19 15:44:05,Informational,NULL,NULL,NULL,Kalai Nagar College Road,SocialMedia
POST-00505,Telegram,@temp_senthil206,Anyone else getting calls from 9000000030.0? Feels like a scam.,2026-04-30 22:06:45,Neutral,NULL,9000000030.0,NULL,Anbu Colony Highway Junction,SocialMedia
POST-00506,Facebook,@only_senthil151,Word on the street: Dinesh Subramani controls the operation in Mynthan Nagar Apartment Complex area.,2025-07-19 14:00:06,Neutral,Dinesh Subramani,NULL,NULL,Mynthan Nagar Apartment Complex,SocialMedia
POST-00507,Twitter/X,@xyz_murugan267,Watch out for a TN-01-ZZ-1047 near Anbu Park Main Street. Looked very suspicious.,2025-05-21 10:31:39,Informational,NULL,NULL,TN-01-ZZ-1047,Anbu Park Main Street,SocialMedia
POST-00508,Instagram,@dark_dinesh253,Alert: suspicious activity reported near Vaigai Park Parking Area. Stay safe everyone.,2026-07-18 21:36:14,Alarmed,NULL,NULL,NULL,Vaigai Park Parking Area,SocialMedia
POST-00509,Facebook,@real_rakesh633,The group operating near Amudham Garden Market Road is getting bolder. Someone needs to act.,2026-01-05 22:14:46,Alarmed,NULL,NULL,NULL,Amudham Garden Market Road,SocialMedia
POST-00510,Twitter/X,@the_jagan483,The TN-47-ZZ-1038 linked to that incident was seen near Vaigai Layout Market Road again today.,2026-09-12 06:55:04,Concerned,NULL,NULL,TN-47-ZZ-1038,Vaigai Layout Market Road,SocialMedia
POST-00511,Instagram,@temp_vignesh950,Financial irregularities linked to Sindhu Garden Residential Colony area. Multiple accounts flagged.,2025-07-31 17:27:25,Concerned,NULL,NULL,NULL,Sindhu Garden Residential Colony,SocialMedia
POST-00512,Twitter/X,@temp_naveen798,Anyone else getting calls from 9000000247.0? Feels like a scam.,2025-09-20 01:42:53,Alarmed,NULL,9000000247.0,NULL,Kurinji Puram Railway Station Road,SocialMedia
POST-00513,Facebook,@temp_vignesh37,Big money movement spotted from Sevvanthi Layout Residential Colony accounts. Something is off.,2026-06-17 10:38:16,Concerned,NULL,NULL,NULL,Sevvanthi Layout Residential Colony,SocialMedia
POST-00514,WhatsApp Group,@temp_arun682,Rumour: Nandha Muthu and associates were seen leaving Alli Colony College Road late at night.,2025-06-18 09:54:20,Suspicious,Nandha Muthu,NULL,NULL,Alli Colony College Road,SocialMedia
POST-00515,Twitter/X,@real_divya722,Watch out for a TN-45-XX-1060 near Nila Puram Main Street. Looked very suspicious.,2025-08-17 19:09:25,Concerned,NULL,NULL,TN-45-XX-1060,Nila Puram Main Street,SocialMedia
POST-00516,Facebook,@user_ganesh40,People are saying Sanjay Shankar is involved in the Kalai Colony Apartment Complex incident. Not confirmed.,2025-02-18 10:59:06,Concerned,Sanjay Shankar,NULL,NULL,Kalai Colony Apartment Complex,SocialMedia
POST-00517,Instagram,@real_selvam104,Financial irregularities linked to Poongodi Layout Residential Colony area. Multiple accounts flagged.,2025-05-19 14:24:11,Alarmed,NULL,NULL,NULL,Poongodi Layout Residential Colony,SocialMedia
POST-00518,Twitter/X,@official_nithin115,Watch out for a TN-30-YY-1079 near Oviya Colony Railway Station Road. Looked very suspicious.,2025-02-24 16:34:51,Concerned,NULL,NULL,TN-30-YY-1079,Oviya Colony Railway Station Road,SocialMedia
POST-00519,Telegram,@official_vasanthi165,Anyone else getting calls from 9000000231.0? Feels like a scam.,2025-10-31 22:55:36,Concerned,NULL,9000000231.0,NULL,Neithal Park Highway Junction,SocialMedia
POST-00520,Instagram,@dark_karthik987,Multiple complaints about 9000000380.0 in our locality. Scam alert!,2026-08-29 17:04:57,Concerned,NULL,9000000380.0,NULL,Vetri Layout Industrial Area,SocialMedia
POST-00521,Twitter/X,@real_logesh166,Posting this for awareness: fraud calls coming from 9000000234.0.,2026-02-20 06:09:23,Informational,NULL,9000000234.0,NULL,Sevvanthi Garden College Road,SocialMedia
POST-00522,YouTube Comment,@real_uma702,Financial irregularities linked to Vetri Nagar Shopping Complex area. Multiple accounts flagged.,2026-05-29 04:58:34,Neutral,NULL,NULL,NULL,Vetri Nagar Shopping Complex,SocialMedia
POST-00523,Twitter/X,@user_uma207,Suspicious vehicle TN-01-ZZ-1053 seen circling Kaveri Park Bus Stand Area multiple times.,2026-04-06 13:18:14,Neutral,NULL,NULL,TN-01-ZZ-1053,Kaveri Park Bus Stand Area,SocialMedia
POST-00524,Facebook,@user_venkat47,Suspicious vehicle TN-57-YY-1097 seen circling Mullai Park Shopping Complex multiple times.,2025-09-20 07:31:51,Informational,NULL,NULL,TN-57-YY-1097,Mullai Park Shopping Complex,SocialMedia
POST-00525,Instagram,@the_jagan768,Alert: suspicious activity reported near Ponni Nagar College Road. Stay safe everyone.,2025-02-25 22:48:04,Neutral,NULL,NULL,NULL,Ponni Nagar College Road,SocialMedia
POST-00526,Twitter/X,@real_logesh166,Someone using number 9000000231.0 has been harassing people in Arasu Garden ATM Area.,2025-05-14 18:57:15,Alarmed,NULL,9000000231.0,NULL,Arasu Garden ATM Area,SocialMedia
POST-00527,Twitter/X,@temp_vignesh37,New gang activity in Anbu Colony Highway Junction. Be careful near the ATM near the post office.,2026-04-08 03:10:57,Informational,NULL,NULL,NULL,Anbu Colony Highway Junction,SocialMedia
POST-00528,Telegram,@the_sanjay339,Rumour: Mathan Balan and associates were seen leaving Tamarai Garden Parking Area late at night.,2026-09-09 00:29:12,Neutral,Mathan Balan,NULL,NULL,Tamarai Garden Parking Area,SocialMedia
POST-00529,Twitter/X,@xyz_kumaran756,Alert: suspicious activity reported near Kadal Layout Highway Junction. Stay safe everyone.,2025-10-15 07:56:43,Concerned,NULL,NULL,NULL,Kadal Layout Highway Junction,SocialMedia
POST-00530,Facebook,@user_sanjay910,Something big happened near Selvapuram Puram Main Street — police cars everywhere last night.,2025-01-05 22:21:53,Neutral,NULL,NULL,NULL,Selvapuram Puram Main Street,SocialMedia
POST-00531,Facebook,@official_mohan859,People are saying Nandha Muthu is involved in the Nila Puram Main Street incident. Not confirmed.,2025-11-17 00:49:14,Neutral,Nandha Muthu,NULL,NULL,Nila Puram Main Street,SocialMedia
POST-00532,Twitter/X,@shadow_sathish438,Big money movement spotted from Roja Colony Residential Colony accounts. Something is off.,2025-07-03 00:37:46,Neutral,NULL,NULL,NULL,Roja Colony Residential Colony,SocialMedia
POST-00533,Twitter/X,@official_sanjay64,Multiple complaints about 9000000306.0 in our locality. Scam alert!,2026-09-11 17:56:31,Neutral,NULL,9000000306.0,NULL,Iniyan Colony Apartment Complex,SocialMedia
POST-00534,Facebook,@only_nandha455,Word on the street: Anand Krishnan controls the operation in Anbu Layout Bus Stand Area area.,2026-04-25 02:20:45,Informational,Anand Krishnan,NULL,NULL,Anbu Layout Bus Stand Area,SocialMedia
POST-00535,Facebook,@only_mohan238,Something big happened near Sindhu Garden Residential Colony — police cars everywhere last night.,2025-04-01 03:36:36,Neutral,NULL,NULL,NULL,Sindhu Garden Residential Colony,SocialMedia
POST-00536,Facebook,@xyz_jeeva439,Rumour: Nithin Murugan and associates were seen leaving Kalai Layout Parking Area late at night.,2025-03-18 04:02:52,Neutral,Nithin Murugan,NULL,NULL,Kalai Layout Parking Area,SocialMedia
POST-00537,Twitter/X,@dark_nithin158,Our community group got a threat message from 9000000189.0. Reporting this.,2026-04-19 08:39:53,Concerned,NULL,9000000189.0,NULL,Mynthan Nagar Apartment Complex,SocialMedia
POST-00538,Twitter/X,@shadow_babu140,Suspicious vehicle TN-58-YY-1085 seen circling Amudham Layout Residential Colony multiple times.,2026-03-18 16:41:58,Neutral,NULL,NULL,TN-58-YY-1085,Amudham Layout Residential Colony,SocialMedia
POST-00539,Twitter/X,@official_praveen628,Someone using number 9000000464.0 has been harassing people in Nila Garden Bus Stand Area.,2026-09-10 03:46:21,Alarmed,NULL,9000000464.0,NULL,Nila Garden Bus Stand Area,SocialMedia
POST-00540,Facebook,@only_udhay615,Residents of Ezhil Garden Shopping Complex be careful — strangers asking suspicious questions.,2025-12-26 10:31:33,Neutral,NULL,NULL,NULL,Ezhil Garden Shopping Complex,SocialMedia
POST-00541,WhatsApp Group,@official_jagan774,Our community group got a threat message from 9000000033.0. Reporting this.,2026-03-22 14:33:27,Informational,NULL,9000000033.0,NULL,Vetri Colony Industrial Area,SocialMedia
POST-00542,Telegram,@anon_nandha839,Our community group got a threat message from 9000000212.0. Reporting this.,2025-03-18 02:50:15,Concerned,NULL,9000000212.0,NULL,Iniyan Colony Apartment Complex,SocialMedia
POST-00543,Facebook,@real_naveen26,Rumour: Dinesh Subramani and associates were seen leaving Oviya Colony Railway Station Road late at night.,2025-08-25 18:33:58,Neutral,Dinesh Subramani,NULL,NULL,Oviya Colony Railway Station Road,SocialMedia
POST-00544,Instagram,@the_tamilarasan389,Something big happened near Nallur Nagar Main Street — police cars everywhere last night.,2026-07-01 17:41:07,Alarmed,NULL,NULL,NULL,Nallur Nagar Main Street,SocialMedia
POST-00545,Instagram,@temp_hariharan565,People are saying Lokesh Balan is involved in the Alli Colony College Road incident. Not confirmed.,2025-06-10 21:29:21,Informational,Lokesh Balan,NULL,NULL,Alli Colony College Road,SocialMedia
POST-00546,Facebook,@the_tamilarasan389,People are saying Bharath Selvam is involved in the Amudham Puram Apartment Complex incident. Not confirmed.,2025-02-01 17:57:10,Concerned,Bharath Selvam,NULL,NULL,Amudham Puram Apartment Complex,SocialMedia
POST-00547,YouTube Comment,@temp_balaji902,Big money movement spotted from Mathi Layout Apartment Complex accounts. Something is off.,2025-06-12 22:50:35,Informational,NULL,NULL,NULL,Mathi Layout Apartment Complex,SocialMedia
POST-00548,Facebook,@user_ganesh40,Rumour: Rakesh Muthu and associates were seen leaving Iniyan Colony Apartment Complex late at night.,2025-12-18 09:32:44,Concerned,Rakesh Muthu,NULL,NULL,Iniyan Colony Apartment Complex,SocialMedia
POST-00549,WhatsApp Group,@real_saravanan202,Multiple complaints about 9000000071.0 in our locality. Scam alert!,2025-12-22 15:23:32,Neutral,NULL,9000000071.0,NULL,Sindhu Garden Residential Colony,SocialMedia
POST-00550,Twitter/X,@xyz_murugan267,Suspicious vehicle TN-39-ZZ-1059 seen circling Senthil Garden Main Street multiple times.,2025-04-27 21:29:14,Informational,NULL,NULL,TN-39-ZZ-1059,Senthil Garden Main Street,SocialMedia
POST-00551,Instagram,@anon_mathan765,Multiple complaints about 9000000134.0 in our locality. Scam alert!,2025-08-15 10:16:01,Neutral,NULL,9000000134.0,NULL,Kayal Colony Bus Stand Area,SocialMedia
POST-00552,Instagram,@anon_vasanth617,Heard that Vignesh Natarajan was spotted near Palar Park Industrial Area last night. Anyone know more?,2026-02-16 19:00:53,Informational,Vignesh Natarajan,NULL,NULL,Palar Park Industrial Area,SocialMedia
POST-00553,Twitter/X,@dark_sanjay90,Something big happened near Nila Puram Main Street — police cars everywhere last night.,2025-10-16 20:45:41,Suspicious,NULL,NULL,NULL,Nila Puram Main Street,SocialMedia
POST-00554,Twitter/X,@xyz_arun302,Alert: suspicious activity reported near Sindhu Colony College Road. Stay safe everyone.,2025-05-17 04:56:06,Informational,NULL,NULL,NULL,Sindhu Colony College Road,SocialMedia
POST-00555,Twitter/X,@official_anand388,Someone using number 9000000147.0 has been harassing people in Anbu Layout Bus Stand Area.,2026-03-13 21:31:19,Alarmed,NULL,9000000147.0,NULL,Anbu Layout Bus Stand Area,SocialMedia
POST-00556,WhatsApp Group,@official_vignesh134,Financial irregularities linked to Sindhu Puram Industrial Area area. Multiple accounts flagged.,2025-11-11 05:35:18,Suspicious,NULL,NULL,NULL,Sindhu Puram Industrial Area,SocialMedia
POST-00557,WhatsApp Group,@official_mohan495,Someone using number 9000000405.0 has been harassing people in Neithal Colony Residential Colony.,2026-08-09 18:35:31,Suspicious,NULL,9000000405.0,NULL,Neithal Colony Residential Colony,SocialMedia
POST-00558,Facebook,@xyz_uma129,Posting this for awareness: fraud calls coming from 9000000141.0.,2025-11-08 22:55:27,Alarmed,NULL,9000000141.0,NULL,Amudham Garden Market Road,SocialMedia
POST-00559,Twitter/X,@temp_udhay549,Rumour: Mathan Velan and associates were seen leaving Kalai Colony Apartment Complex late at night.,2026-08-19 19:41:22,Neutral,Mathan Velan,NULL,NULL,Kalai Colony Apartment Complex,SocialMedia
POST-00560,Instagram,@shadow_udhay627,Heard that Dinesh Subramani was spotted near Ezhil Garden Shopping Complex last night. Anyone know more?,2025-02-13 12:48:11,Suspicious,Dinesh Subramani,NULL,NULL,Ezhil Garden Shopping Complex,SocialMedia
POST-00561,Facebook,@shadow_nandha369,Abirami Rani mentioned in connection with recent incidents. People are talking.,2025-12-13 02:08:21,Informational,Abirami Rani,NULL,NULL,Anbu Park Main Street,SocialMedia
POST-00562,YouTube Comment,@xyz_kishore778,People are saying Murugan Babu is involved in the Selvapuram Garden College Road incident. Not confirmed.,2025-11-26 04:48:17,Alarmed,Murugan Babu,NULL,NULL,Selvapuram Garden College Road,SocialMedia
POST-00563,WhatsApp Group,@shadow_arjun77,Our community group got a threat message from 9000000207.0. Reporting this.,2026-04-04 19:03:09,Informational,NULL,9000000207.0,NULL,Kayal Puram Highway Junction,SocialMedia
POST-00564,Telegram,@only_uma200,People are saying Elango Selvam is involved in the Nila Garden Bus Stand Area incident. Not confirmed.,2025-08-13 19:59:04,Concerned,Elango Selvam,NULL,NULL,Nila Garden Bus Stand Area,SocialMedia
POST-00565,Twitter/X,@user_madhan769,Alert: suspicious activity reported near Mullai Puram Parking Area. Stay safe everyone.,2025-08-22 03:33:47,Suspicious,NULL,NULL,NULL,Mullai Puram Parking Area,SocialMedia
POST-00566,Telegram,@user_jagan132,Word on the street: Sanjay Palanisamy controls the operation in Poongodi Layout Residential Colony area.,2026-01-18 23:07:20,Suspicious,Sanjay Palanisamy,NULL,NULL,Poongodi Layout Residential Colony,SocialMedia
POST-00567,Facebook,@real_ajith392,People are saying Senthil Krishnan is involved in the Vetri Colony Industrial Area incident. Not confirmed.,2026-03-23 19:41:32,Neutral,Senthil Krishnan,NULL,NULL,Vetri Colony Industrial Area,SocialMedia
POST-00568,Twitter/X,@shadow_udhay177,Anyone else getting calls from 9000000154.0? Feels like a scam.,2025-10-08 12:34:28,Concerned,NULL,9000000154.0,NULL,Kalai Park Main Street,SocialMedia
POST-00569,Telegram,@real_abirami623,Logesh Karuppasamy mentioned in connection with recent incidents. People are talking.,2026-02-27 07:31:57,Concerned,Logesh Karuppasamy,NULL,NULL,Kadal Nagar Bus Stand Area,SocialMedia
POST-00570,Facebook,@user_thirumal150,Financial irregularities linked to Selvapuram Puram Main Street area. Multiple accounts flagged.,2025-10-17 17:29:18,Informational,NULL,NULL,NULL,Selvapuram Puram Main Street,SocialMedia
POST-00571,Instagram,@xyz_nithin638,Our community group got a threat message from 9000000005.0. Reporting this.,2026-02-13 06:52:43,Informational,NULL,9000000005.0,NULL,Oviya Colony Railway Station Road,SocialMedia
POST-00572,Facebook,@anon_karthik366,The TN-58-YY-1085 linked to that incident was seen near Mynthan Nagar Apartment Complex again today.,2025-10-09 14:46:04,Neutral,NULL,NULL,TN-58-YY-1085,Mynthan Nagar Apartment Complex,SocialMedia
POST-00573,WhatsApp Group,@only_jeeva141,Something big happened near Sevvanthi Garden College Road — police cars everywhere last night.,2025-04-21 13:46:13,Alarmed,NULL,NULL,NULL,Sevvanthi Garden College Road,SocialMedia
POST-00574,Telegram,@real_madhan29,New gang activity in Kaveri Park Bus Stand Area. Be careful near the highway flyover.,2026-08-12 05:43:46,Concerned,NULL,NULL,NULL,Kaveri Park Bus Stand Area,SocialMedia
POST-00575,Facebook,@user_revathi77,The group operating near Mullai Colony Shopping Complex is getting bolder. Someone needs to act.,2025-01-08 23:29:28,Informational,NULL,NULL,NULL,Mullai Colony Shopping Complex,SocialMedia
POST-00576,WhatsApp Group,@shadow_rakesh124,Watch out for a TN-39-XX-1078 near Nallur Garden Residential Colony. Looked very suspicious.,2026-03-27 07:20:54,Concerned,NULL,NULL,TN-39-XX-1078,Nallur Garden Residential Colony,SocialMedia
POST-00577,Telegram,@official_jagan774,Big money movement spotted from Amudham Park Railway Station Road accounts. Something is off.,2026-02-15 18:16:07,Neutral,NULL,NULL,NULL,Amudham Park Railway Station Road,SocialMedia
POST-00578,Instagram,@anon_vignesh385,The group operating near Neithal Colony Residential Colony is getting bolder. Someone needs to act.,2025-05-24 18:59:40,Concerned,NULL,NULL,NULL,Neithal Colony Residential Colony,SocialMedia
POST-00579,YouTube Comment,@real_siva789,Watch out for a TN-68-XX-1045 near Sevvanthi Park Shopping Complex. Looked very suspicious.,2025-04-07 00:21:29,Concerned,NULL,NULL,TN-68-XX-1045,Sevvanthi Park Shopping Complex,SocialMedia
POST-00580,Twitter/X,@shadow_dinesh515,Multiple complaints about 9000000463.0 in our locality. Scam alert!,2025-08-09 06:54:01,Concerned,NULL,9000000463.0,NULL,Nila Park Industrial Area,SocialMedia
POST-00581,Twitter/X,@only_hariharan887,New gang activity in Palar Park Industrial Area. Be careful near the industrial estate.,2026-01-05 11:15:29,Suspicious,NULL,NULL,NULL,Palar Park Industrial Area,SocialMedia
POST-00582,Facebook,@real_dinesh156,Vignesh Subramani mentioned in connection with recent incidents. People are talking.,2026-06-24 20:25:51,Concerned,Vignesh Subramani,NULL,NULL,Senthil Garden Main Street,SocialMedia
POST-00583,Twitter/X,@real_rakesh633,Watch out for a TN-01-XX-1033 near Kalai Layout Parking Area. Looked very suspicious.,2025-11-26 21:03:36,Alarmed,NULL,NULL,TN-01-XX-1033,Kalai Layout Parking Area,SocialMedia
POST-00584,Twitter/X,@xyz_sathish295,Anyone else getting calls from 9000000372.0? Feels like a scam.,2025-12-20 03:00:21,Neutral,NULL,9000000372.0,NULL,Vaigai Layout Market Road,SocialMedia
POST-00585,Twitter/X,@shadow_rakesh124,Anyone else getting calls from 9000000002.0? Feels like a scam.,2025-02-22 23:52:28,Concerned,NULL,9000000002.0,NULL,Sevvanthi Colony Bus Stand Area,SocialMedia
POST-00586,Telegram,@real_tamilarasan686,Heard that Vignesh Subramani was spotted near Kalai Colony Apartment Complex last night. Anyone know more?,2026-08-20 04:34:52,Concerned,Vignesh Subramani,NULL,NULL,Kalai Colony Apartment Complex,SocialMedia
POST-00587,Telegram,@real_vignesh399,Something big happened near Mangai Layout Shopping Complex — police cars everywhere last night.,2026-02-24 20:11:26,Concerned,NULL,NULL,NULL,Mangai Layout Shopping Complex,SocialMedia
POST-00588,Twitter/X,@anon_nithin46,Alert: suspicious activity reported near Sindhu Puram Industrial Area. Stay safe everyone.,2026-03-09 09:00:59,Alarmed,NULL,NULL,NULL,Sindhu Puram Industrial Area,SocialMedia
POST-00589,Instagram,@real_sathish592,New gang activity in Nallur Nagar Main Street. Be careful near the industrial estate.,2026-05-28 16:45:24,Concerned,NULL,NULL,NULL,Nallur Nagar Main Street,SocialMedia
POST-00590,Facebook,@dark_sanjay90,The TN-69-YY-1061 linked to that incident was seen near Roja Layout Industrial Area again today.,2025-10-21 10:39:34,Alarmed,NULL,NULL,TN-69-YY-1061,Roja Layout Industrial Area,SocialMedia
POST-00591,Facebook,@the_tamilarasan389,Nandha Muthu mentioned in connection with recent incidents. People are talking.,2026-07-31 08:56:51,Concerned,Nandha Muthu,NULL,NULL,Roja Park Main Street,SocialMedia
POST-00592,Twitter/X,@only_arun263,Financial irregularities linked to Nallur Garden Residential Colony area. Multiple accounts flagged.,2025-08-31 09:57:24,Concerned,NULL,NULL,NULL,Nallur Garden Residential Colony,SocialMedia
POST-00593,WhatsApp Group,@anon_sanjay683,People are saying Logesh Subramani is involved in the Anbu Colony Highway Junction incident. Not confirmed.,2026-03-18 05:12:30,Concerned,Logesh Subramani,NULL,NULL,Anbu Colony Highway Junction,SocialMedia
POST-00594,Facebook,@temp_gunasekar409,Our community group got a threat message from 9000000491.0. Reporting this.,2025-03-17 21:44:18,Informational,NULL,9000000491.0,NULL,Mullai Colony Shopping Complex,SocialMedia
POST-00595,Facebook,@user_gokul687,Watch out for a TN-45-XX-1081 near Iniyan Colony Apartment Complex. Looked very suspicious.,2025-12-05 15:27:49,Neutral,NULL,NULL,TN-45-XX-1081,Iniyan Colony Apartment Complex,SocialMedia
POST-00596,Facebook,@only_uma772,People are saying Jagan Velan is involved in the Mangai Colony Railway Station Road incident. Not confirmed.,2025-06-25 10:49:11,Alarmed,Jagan Velan,NULL,NULL,Mangai Colony Railway Station Road,SocialMedia
POST-00597,Facebook,@dark_ajith224,People are saying Tamilarasan Muthu is involved in the Mynthan Layout Shopping Complex incident. Not confirmed.,2025-03-01 13:04:32,Alarmed,Tamilarasan Muthu,NULL,NULL,Mynthan Layout Shopping Complex,SocialMedia
POST-00598,Facebook,@real_rakesh633,New gang activity in Kayal Colony Bus Stand Area. Be careful near the petrol bunk.,2026-02-05 07:10:43,Concerned,NULL,NULL,NULL,Kayal Colony Bus Stand Area,SocialMedia
POST-00599,WhatsApp Group,@anon_abirami284,The TN-33-ZZ-1008 linked to that incident was seen near Ponni Nagar College Road again today.,2026-02-18 18:36:29,Informational,NULL,NULL,TN-33-ZZ-1008,Ponni Nagar College Road,SocialMedia
POST-00600,Telegram,@user_murugan787,Our community group got a threat message from 9000000322.0. Reporting this.,2026-08-18 14:30:54,Concerned,NULL,9000000322.0,NULL,Amudham Puram Apartment Complex,SocialMedia
POST-00601,Twitter/X,@official_rakesh671,Our community group got a threat message from 9000000405.0. Reporting this.,2026-06-18 11:54:12,Alarmed,NULL,9000000405.0,NULL,Oviya Puram Parking Area,SocialMedia
POST-00602,Facebook,@user_gokul687,Suspicious vehicle TN-47-ZZ-1095 seen circling Amudham Layout Residential Colony multiple times.,2026-03-11 19:53:40,Suspicious,NULL,NULL,TN-47-ZZ-1095,Amudham Layout Residential Colony,SocialMedia
POST-00603,Instagram,@official_mohan859,Our community group got a threat message from 9000000305.0. Reporting this.,2025-05-17 16:36:08,Alarmed,NULL,9000000305.0,NULL,Amudham Nagar Main Street,SocialMedia
POST-00604,Facebook,@dark_mathan928,Alert: suspicious activity reported near Kaveri Park Bus Stand Area. Stay safe everyone.,2026-05-26 15:23:40,Informational,NULL,NULL,NULL,Kaveri Park Bus Stand Area,SocialMedia
POST-00605,Telegram,@temp_karthik982,Suspicious vehicle TN-38-XX-1054 seen circling Anbu Garden Apartment Complex multiple times.,2026-02-12 23:33:31,Neutral,NULL,NULL,TN-38-XX-1054,Anbu Garden Apartment Complex,SocialMedia
POST-00606,Twitter/X,@dark_venkat233,People are saying Venkat Prakash is involved in the Mathi Layout Apartment Complex incident. Not confirmed.,2025-05-17 01:06:43,Neutral,Venkat Prakash,NULL,NULL,Mathi Layout Apartment Complex,SocialMedia
POST-00607,Facebook,@real_vasanthi334,Anyone else getting calls from 9000000155.0? Feels like a scam.,2026-01-04 19:55:20,Alarmed,NULL,9000000155.0,NULL,Mullai Colony Shopping Complex,SocialMedia
POST-00608,Twitter/X,@temp_hariharan418,Anyone else getting calls from 9000000306.0? Feels like a scam.,2026-07-29 08:20:30,Alarmed,NULL,9000000306.0,NULL,Anbu Park Main Street,SocialMedia
POST-00609,WhatsApp Group,@real_senthil557,Alert: suspicious activity reported near Alli Park Shopping Complex. Stay safe everyone.,2025-12-10 14:59:09,Concerned,NULL,NULL,NULL,Alli Park Shopping Complex,SocialMedia
POST-00610,WhatsApp Group,@dark_sanjay358,Suspicious vehicle TN-01-XX-1051 seen circling Nila Nagar Bus Stand Area multiple times.,2026-05-06 09:16:02,Concerned,NULL,NULL,TN-01-XX-1051,Nila Nagar Bus Stand Area,SocialMedia
POST-00611,WhatsApp Group,@dark_bharath907,Our community group got a threat message from 9000000461.0. Reporting this.,2025-03-19 23:30:32,Informational,NULL,9000000461.0,NULL,Mangai Layout Shopping Complex,SocialMedia
POST-00612,Instagram,@shadow_jagan474,Anyone else getting calls from 9000000439.0? Feels like a scam.,2026-08-15 20:15:06,Neutral,NULL,9000000439.0,NULL,Nila Garden Bus Stand Area,SocialMedia
POST-00613,Twitter/X,@temp_arun94,Big money movement spotted from Vetri Layout Industrial Area accounts. Something is off.,2025-07-13 20:56:51,Concerned,NULL,NULL,NULL,Vetri Layout Industrial Area,SocialMedia
POST-00614,Instagram,@dark_mathan400,Someone using number 9000000405.0 has been harassing people in Arasu Nagar Residential Colony.,2025-09-12 10:32:30,Informational,NULL,9000000405.0,NULL,Arasu Nagar Residential Colony,SocialMedia
POST-00615,Twitter/X,@user_meena980,The group operating near Anbu Puram Apartment Complex is getting bolder. Someone needs to act.,2026-03-10 19:45:12,Alarmed,NULL,NULL,NULL,Anbu Puram Apartment Complex,SocialMedia
POST-00616,Facebook,@only_senthil151,Rumour: Gokul Muthu and associates were seen leaving Mangai Colony Railway Station Road late at night.,2025-07-22 01:41:33,Neutral,Gokul Muthu,NULL,NULL,Mangai Colony Railway Station Road,SocialMedia
POST-00617,Twitter/X,@anon_sanjay131,Kumaran Murugan mentioned in connection with recent incidents. People are talking.,2025-06-07 18:54:14,Neutral,Kumaran Murugan,NULL,NULL,Kadal Nagar Bus Stand Area,SocialMedia
POST-00618,Instagram,@official_murugan754,Anyone else getting calls from 9000000463.0? Feels like a scam.,2025-11-21 22:15:17,Neutral,NULL,9000000463.0,NULL,Nila Puram Main Street,SocialMedia
POST-00619,Instagram,@shadow_gokul606,Someone using number 9000000115.0 has been harassing people in Nila Nagar Bus Stand Area.,2025-12-22 20:47:53,Neutral,NULL,9000000115.0,NULL,Nila Nagar Bus Stand Area,SocialMedia
POST-00620,Instagram,@real_bharath107,Word on the street: Udhay Muthu controls the operation in Oviya Colony Railway Station Road area.,2025-02-10 11:26:58,Concerned,Udhay Muthu,NULL,NULL,Oviya Colony Railway Station Road,SocialMedia
POST-00621,Instagram,@real_rakesh226,Rumour: Gopal Muthu and associates were seen leaving Vaigai Park Parking Area late at night.,2025-08-23 23:08:44,Suspicious,Gopal Muthu,NULL,NULL,Vaigai Park Parking Area,SocialMedia
POST-00622,WhatsApp Group,@shadow_madhan420,Ganesh Shankar mentioned in connection with recent incidents. People are talking.,2025-12-30 13:44:03,Neutral,Ganesh Shankar,NULL,NULL,Poongodi Layout Residential Colony,SocialMedia
POST-00623,YouTube Comment,@anon_dharani902,Financial irregularities linked to Mangai Colony Railway Station Road area. Multiple accounts flagged.,2025-08-07 06:13:54,Alarmed,NULL,NULL,NULL,Mangai Colony Railway Station Road,SocialMedia
POST-00624,YouTube Comment,@shadow_ezhilan764,Our community group got a threat message from 9000000282.0. Reporting this.,2026-08-17 03:56:29,Suspicious,NULL,9000000282.0,NULL,Mangai Colony Railway Station Road,SocialMedia
POST-00625,Facebook,@real_uma702,The TN-45-ZZ-1074 linked to that incident was seen near Neithal Park Highway Junction again today.,2025-05-08 00:53:07,Alarmed,NULL,NULL,TN-45-ZZ-1074,Neithal Park Highway Junction,SocialMedia
POST-00626,Twitter/X,@anon_sathish514,Our community group got a threat message from 9000000463.0. Reporting this.,2026-07-14 01:22:21,Informational,NULL,9000000463.0,NULL,Selvapuram Garden College Road,SocialMedia
POST-00627,WhatsApp Group,@official_jeeva586,Watch out for a TN-28-ZZ-1080 near Nila Park Industrial Area. Looked very suspicious.,2026-03-31 21:49:05,Neutral,NULL,NULL,TN-28-ZZ-1080,Nila Park Industrial Area,SocialMedia
POST-00628,Facebook,@shadow_tamilarasan36,Heard that Arjun Shankar was spotted near Mynthan Nagar Apartment Complex last night. Anyone know more?,2026-06-13 16:02:17,Neutral,Arjun Shankar,NULL,NULL,Mynthan Nagar Apartment Complex,SocialMedia
POST-00629,YouTube Comment,@anon_balaji653,Lokesh Karuppasamy mentioned in connection with recent incidents. People are talking.,2026-04-07 12:46:12,Alarmed,Lokesh Karuppasamy,NULL,NULL,Roja Park Main Street,SocialMedia
POST-00630,Telegram,@real_sanjay614,Financial irregularities linked to Amudham Park Railway Station Road area. Multiple accounts flagged.,2025-08-08 18:38:42,Concerned,NULL,NULL,NULL,Amudham Park Railway Station Road,SocialMedia
POST-00631,Telegram,@only_vignesh998,Alert: suspicious activity reported near Thendral Nagar ATM Area. Stay safe everyone.,2025-11-06 20:21:24,Neutral,NULL,NULL,NULL,Thendral Nagar ATM Area,SocialMedia
POST-00632,Telegram,@shadow_madhan420,The group operating near Nila Park Industrial Area is getting bolder. Someone needs to act.,2026-07-26 13:58:13,Informational,NULL,NULL,NULL,Nila Park Industrial Area,SocialMedia
POST-00633,WhatsApp Group,@official_rajesh957,New gang activity in Anbu Park Main Street. Be careful near the college gate.,2026-01-06 01:28:46,Neutral,NULL,NULL,NULL,Anbu Park Main Street,SocialMedia
POST-00634,Facebook,@anon_jeeva103,Residents of Anbu Park Main Street be careful — strangers asking suspicious questions.,2025-02-01 09:49:14,Concerned,NULL,NULL,NULL,Anbu Park Main Street,SocialMedia
POST-00635,Facebook,@shadow_praveen873,Something big happened near Kadal Nagar Bus Stand Area — police cars everywhere last night.,2026-01-06 23:19:16,Concerned,NULL,NULL,NULL,Kadal Nagar Bus Stand Area,SocialMedia
POST-00636,Twitter/X,@real_mohan949,Someone using number 9000000033.0 has been harassing people in Sevvanthi Park Shopping Complex.,2025-03-25 14:24:32,Concerned,NULL,9000000033.0,NULL,Sevvanthi Park Shopping Complex,SocialMedia
POST-00637,Telegram,@only_vijay248,Our community group got a threat message from 9000000045.0. Reporting this.,2025-01-13 15:16:13,Neutral,NULL,9000000045.0,NULL,Vennila Puram Shopping Complex,SocialMedia
POST-00638,Telegram,@shadow_yuvaraj611,Something big happened near Anbu Layout Bus Stand Area — police cars everywhere last night.,2026-08-12 06:06:24,Alarmed,NULL,NULL,NULL,Anbu Layout Bus Stand Area,SocialMedia
POST-00639,Facebook,@temp_hariharan418,Residents of Oviya Colony Railway Station Road be careful — strangers asking suspicious questions.,2026-06-08 01:14:57,Neutral,NULL,NULL,NULL,Oviya Colony Railway Station Road,SocialMedia
POST-00640,Facebook,@only_arun851,The TN-38-YY-1028 linked to that incident was seen near Amudham Garden Market Road again today.,2025-11-11 15:27:16,Informational,NULL,NULL,TN-38-YY-1028,Amudham Garden Market Road,SocialMedia
POST-00641,Twitter/X,@official_abirami99,Residents of Roja Colony Residential Colony be careful — strangers asking suspicious questions.,2025-01-11 18:39:57,Neutral,NULL,NULL,NULL,Roja Colony Residential Colony,SocialMedia
POST-00642,Twitter/X,@xyz_siva205,Heard that Nithin Subramani was spotted near Arasu Nagar Residential Colony last night. Anyone know more?,2026-08-21 20:38:31,Concerned,Nithin Subramani,NULL,NULL,Arasu Nagar Residential Colony,SocialMedia
POST-00643,Twitter/X,@anon_nithin492,Word on the street: Ganesh Selvam controls the operation in Anbu Colony Highway Junction area.,2025-12-16 03:35:26,Concerned,Ganesh Selvam,NULL,NULL,Anbu Colony Highway Junction,SocialMedia
POST-00644,Facebook,@user_mohan706,The group operating near Mathi Layout Apartment Complex is getting bolder. Someone needs to act.,2025-11-19 20:56:48,Informational,NULL,NULL,NULL,Mathi Layout Apartment Complex,SocialMedia
POST-00645,Twitter/X,@only_sathish741,Posting this for awareness: fraud calls coming from 9000000115.0.,2025-01-15 18:33:07,Concerned,NULL,9000000115.0,NULL,Mangai Layout Shopping Complex,SocialMedia
POST-00646,WhatsApp Group,@anon_kishore647,Financial irregularities linked to Vetri Nagar Shopping Complex area. Multiple accounts flagged.,2025-09-27 08:09:05,Concerned,NULL,NULL,NULL,Vetri Nagar Shopping Complex,SocialMedia
POST-00647,Instagram,@xyz_vignesh234,Our community group got a threat message from 9000000005.0. Reporting this.,2026-06-17 00:50:32,Concerned,NULL,9000000005.0,NULL,Amudham Layout Residential Colony,SocialMedia
POST-00648,YouTube Comment,@anon_senthil828,Residents of Alli Park Shopping Complex be careful — strangers asking suspicious questions.,2025-05-06 20:22:44,Alarmed,NULL,NULL,NULL,Alli Park Shopping Complex,SocialMedia
POST-00649,Twitter/X,@shadow_madhan420,New gang activity in Poongodi Layout Residential Colony. Be careful near the old warehouse.,2025-11-20 02:30:37,Suspicious,NULL,NULL,NULL,Poongodi Layout Residential Colony,SocialMedia
POST-00650,Instagram,@official_kannan375,Word on the street: Sathish Subramani controls the operation in Mullai Puram Parking Area area.,2025-05-16 16:55:11,Informational,Sathish Subramani,NULL,NULL,Mullai Puram Parking Area,SocialMedia
POST-00651,Facebook,@xyz_jeeva239,Multiple complaints about 9000000439.0 in our locality. Scam alert!,2025-09-22 08:06:11,Informational,NULL,9000000439.0,NULL,Vetri Colony Industrial Area,SocialMedia
POST-00652,Telegram,@anon_anand995,Alert: suspicious activity reported near Nallur Puram Market Road. Stay safe everyone.,2025-03-28 03:54:02,Suspicious,NULL,NULL,NULL,Nallur Puram Market Road,SocialMedia
POST-00653,Telegram,@shadow_rajesh170,Residents of Senthil Garden Main Street be careful — strangers asking suspicious questions.,2026-07-05 01:07:18,Concerned,NULL,NULL,NULL,Senthil Garden Main Street,SocialMedia
POST-00654,Twitter/X,@real_uma878,Multiple complaints about 9000000427.0 in our locality. Scam alert!,2025-11-19 22:08:19,Informational,NULL,9000000427.0,NULL,Vetri Nagar Shopping Complex,SocialMedia
POST-00655,Facebook,@official_mohan859,Heard that Jagan Anand was spotted near Nila Park Industrial Area last night. Anyone know more?,2026-08-10 07:20:04,Concerned,Jagan Anand,NULL,NULL,Nila Park Industrial Area,SocialMedia
POST-00656,Facebook,@dark_dinesh929,Rumour: Chandran Subramani and associates were seen leaving Vennila Park Shopping Complex late at night.,2026-02-05 21:49:55,Informational,Chandran Subramani,NULL,NULL,Vennila Park Shopping Complex,SocialMedia
POST-00657,Facebook,@shadow_dinesh332,Elango Shankar mentioned in connection with recent incidents. People are talking.,2026-08-23 22:04:10,Neutral,Elango Shankar,NULL,NULL,Sevvanthi Layout Residential Colony,SocialMedia
POST-00658,Facebook,@official_karthik439,Alert: suspicious activity reported near Anbu Garden Apartment Complex. Stay safe everyone.,2026-06-13 20:20:56,Alarmed,NULL,NULL,NULL,Anbu Garden Apartment Complex,SocialMedia
POST-00659,Instagram,@dark_hariharan466,New gang activity in Nallur Park Main Street. Be careful near the college gate.,2026-02-27 20:49:22,Alarmed,NULL,NULL,NULL,Nallur Park Main Street,SocialMedia
POST-00660,Facebook,@dark_anand915,Residents of Kalai Layout Parking Area be careful — strangers asking suspicious questions.,2026-07-18 04:49:08,Alarmed,NULL,NULL,NULL,Kalai Layout Parking Area,SocialMedia
POST-00661,Telegram,@xyz_mathan358,Someone using number 9000000366.0 has been harassing people in Oviya Colony Railway Station Road.,2025-05-05 07:07:33,Neutral,NULL,9000000366.0,NULL,Oviya Colony Railway Station Road,SocialMedia
POST-00662,Telegram,@real_sanjay614,The TN-68-ZZ-1032 linked to that incident was seen near Sevvanthi Park Shopping Complex again today.,2025-07-21 18:12:40,Alarmed,NULL,NULL,TN-68-ZZ-1032,Sevvanthi Park Shopping Complex,SocialMedia
POST-00663,YouTube Comment,@anon_elango357,Sanjay Palanisamy mentioned in connection with recent incidents. People are talking.,2026-08-03 05:56:16,Suspicious,Sanjay Palanisamy,NULL,NULL,Sindhu Puram Industrial Area,SocialMedia
POST-00664,Telegram,@dark_uma542,Posting this for awareness: fraud calls coming from 9000000376.0.,2025-03-23 17:34:19,Concerned,NULL,9000000376.0,NULL,Sevvanthi Garden College Road,SocialMedia
POST-00665,Twitter/X,@real_dinesh104,Posting this for awareness: fraud calls coming from 9000000306.0.,2025-04-12 00:33:21,Concerned,NULL,9000000306.0,NULL,Selvapuram Puram Main Street,SocialMedia
POST-00666,Facebook,@official_abirami608,Something big happened near Vetri Layout Industrial Area — police cars everywhere last night.,2025-11-25 21:09:42,Suspicious,NULL,NULL,NULL,Vetri Layout Industrial Area,SocialMedia
POST-00667,Facebook,@the_vasanth731,Word on the street: Madhan Palanisamy controls the operation in Iniyan Colony Apartment Complex area.,2026-02-15 23:54:18,Neutral,Madhan Palanisamy,NULL,NULL,Iniyan Colony Apartment Complex,SocialMedia
POST-00668,Facebook,@temp_jeeva882,The group operating near Roja Layout Industrial Area is getting bolder. Someone needs to act.,2025-04-04 21:06:48,Concerned,NULL,NULL,NULL,Roja Layout Industrial Area,SocialMedia
POST-00669,Facebook,@official_vasanthi311,New gang activity in Kadal Layout Highway Junction. Be careful near the petrol bunk.,2026-09-07 13:06:21,Neutral,NULL,NULL,NULL,Kadal Layout Highway Junction,SocialMedia
POST-00670,Facebook,@shadow_rakesh124,Posting this for awareness: fraud calls coming from 9000000195.0.,2025-04-06 00:21:26,Concerned,NULL,9000000195.0,NULL,Nila Park Industrial Area,SocialMedia
POST-00671,Telegram,@dark_selvam496,People are saying Naveen Muthu is involved in the Anbu Garden Apartment Complex incident. Not confirmed.,2026-04-16 11:14:50,Neutral,Naveen Muthu,NULL,NULL,Anbu Garden Apartment Complex,SocialMedia
POST-00672,Instagram,@real_vasanth829,Someone using number 9000000042.0 has been harassing people in Sindhu Puram Industrial Area.,2026-04-30 08:33:01,Concerned,NULL,9000000042.0,NULL,Sindhu Puram Industrial Area,SocialMedia
POST-00673,Twitter/X,@the_gokul734,Rumour: Abirami Rani and associates were seen leaving Anbu Layout Bus Stand Area late at night.,2026-05-05 10:05:13,Informational,Abirami Rani,NULL,NULL,Anbu Layout Bus Stand Area,SocialMedia
POST-00674,Twitter/X,@temp_nithin544,New gang activity in Arasu Garden ATM Area. Be careful near the college gate.,2026-01-05 14:13:12,Concerned,NULL,NULL,NULL,Arasu Garden ATM Area,SocialMedia
POST-00675,Twitter/X,@temp_jagan464,Heard that Jeeva Muthu was spotted near Sevvanthi Puram Industrial Area last night. Anyone know more?,2026-02-19 09:58:42,Alarmed,Jeeva Muthu,NULL,NULL,Sevvanthi Puram Industrial Area,SocialMedia
POST-00676,WhatsApp Group,@only_mohan238,Suspicious vehicle KL-07-ZZ-1011 seen circling Tamarai Garden Parking Area multiple times.,2025-09-04 12:26:14,Concerned,NULL,NULL,KL-07-ZZ-1011,Tamarai Garden Parking Area,SocialMedia
POST-00677,Telegram,@dark_sanjay90,People are saying Kishore Arumugam is involved in the Anbu Colony Highway Junction incident. Not confirmed.,2025-04-30 19:00:23,Concerned,Kishore Arumugam,NULL,NULL,Anbu Colony Highway Junction,SocialMedia
POST-00678,Facebook,@real_sanjay614,Our community group got a threat message from 9000000073.0. Reporting this.,2025-03-18 16:43:32,Concerned,NULL,9000000073.0,NULL,Kalai Colony Apartment Complex,SocialMedia
POST-00679,Instagram,@dark_thirumal171,Our community group got a threat message from 9000000215.0. Reporting this.,2025-07-03 16:30:50,Concerned,NULL,9000000215.0,NULL,Kadal Layout Highway Junction,SocialMedia
POST-00680,Twitter/X,@real_siva505,Multiple complaints about 9000000490.0 in our locality. Scam alert!,2026-05-08 02:03:56,Neutral,NULL,9000000490.0,NULL,Kaveri Nagar Apartment Complex,SocialMedia
POST-00681,Facebook,@official_dharani591,Heard that Rakesh Gopal was spotted near Selvapuram Puram Main Street last night. Anyone know more?,2025-03-07 04:09:54,Informational,Rakesh Gopal,NULL,NULL,Selvapuram Puram Main Street,SocialMedia
POST-00682,WhatsApp Group,@dark_jagan994,Multiple complaints about 9000000044.0 in our locality. Scam alert!,2025-12-17 21:04:52,Neutral,NULL,9000000044.0,NULL,Kayal Colony Bus Stand Area,SocialMedia
POST-00683,Telegram,@dark_sanjay90,Something big happened near Kaveri Nagar Apartment Complex — police cars everywhere last night.,2025-10-23 06:34:30,Suspicious,NULL,NULL,NULL,Kaveri Nagar Apartment Complex,SocialMedia
POST-00684,Instagram,@real_yuvaraj414,The group operating near Roja Layout Industrial Area is getting bolder. Someone needs to act.,2025-04-19 11:16:10,Alarmed,NULL,NULL,NULL,Roja Layout Industrial Area,SocialMedia
POST-00685,Telegram,@official_hariharan780,Anyone else getting calls from 9000000333.0? Feels like a scam.,2025-08-01 01:20:01,Neutral,NULL,9000000333.0,NULL,Iniyan Colony Apartment Complex,SocialMedia
POST-00686,Twitter/X,@xyz_murugan267,Financial irregularities linked to Vaigai Park Parking Area area. Multiple accounts flagged.,2025-01-02 14:10:06,Alarmed,NULL,NULL,NULL,Vaigai Park Parking Area,SocialMedia
POST-00687,WhatsApp Group,@real_jagan816,Heard that Gopal Natarajan was spotted near Mullai Puram Parking Area last night. Anyone know more?,2026-05-21 20:29:13,Neutral,Gopal Natarajan,NULL,NULL,Mullai Puram Parking Area,SocialMedia
POST-00688,Facebook,@user_vignesh137,Heard that Nithin Murugan was spotted near Thendral Nagar ATM Area last night. Anyone know more?,2025-05-30 21:36:37,Concerned,Nithin Murugan,NULL,NULL,Thendral Nagar ATM Area,SocialMedia
POST-00689,YouTube Comment,@only_sathish249,Rumour: Nandha Karuppasamy and associates were seen leaving Amudham Layout Residential Colony late at night.,2025-10-09 22:47:42,Neutral,Nandha Karuppasamy,NULL,NULL,Amudham Layout Residential Colony,SocialMedia
POST-00690,Instagram,@official_mohan859,Word on the street: Sanjay Anand controls the operation in Oviya Puram Parking Area area.,2026-01-19 17:02:18,Neutral,Sanjay Anand,NULL,NULL,Oviya Puram Parking Area,SocialMedia
POST-00691,WhatsApp Group,@only_uma772,The group operating near Nila Puram Main Street is getting bolder. Someone needs to act.,2026-02-11 06:55:01,Alarmed,NULL,NULL,NULL,Nila Puram Main Street,SocialMedia
POST-00692,Facebook,@user_sanjay970,Anyone else getting calls from 9000000491.0? Feels like a scam.,2026-06-07 19:29:21,Suspicious,NULL,9000000491.0,NULL,Roja Colony Residential Colony,SocialMedia
POST-00693,Facebook,@anon_murugan380,Alert: suspicious activity reported near Nallur Park Main Street. Stay safe everyone.,2025-02-03 18:14:24,Informational,NULL,NULL,NULL,Nallur Park Main Street,SocialMedia
POST-00694,Twitter/X,@only_nandha352,Rumour: Logesh Karuppasamy and associates were seen leaving Sindhu Garden Residential Colony late at night.,2026-03-21 03:29:24,Informational,Logesh Karuppasamy,NULL,NULL,Sindhu Garden Residential Colony,SocialMedia
POST-00695,Facebook,@real_mathan38,Rumour: Ganesh Selvam and associates were seen leaving Kalai Layout Parking Area late at night.,2025-01-19 15:49:51,Concerned,Ganesh Selvam,NULL,NULL,Kalai Layout Parking Area,SocialMedia
POST-00696,Telegram,@shadow_nithin542,Financial irregularities linked to Vaigai Layout Market Road area. Multiple accounts flagged.,2025-02-26 15:09:23,Informational,NULL,NULL,NULL,Vaigai Layout Market Road,SocialMedia
POST-00697,WhatsApp Group,@real_sanjay614,Residents of Sindhu Puram Industrial Area be careful — strangers asking suspicious questions.,2025-10-21 03:09:18,Concerned,NULL,NULL,NULL,Sindhu Puram Industrial Area,SocialMedia
POST-00698,Instagram,@real_vignesh114,People are saying Dharani Selvam is involved in the Kaveri Nagar Apartment Complex incident. Not confirmed.,2026-03-11 09:19:32,Neutral,Dharani Selvam,NULL,NULL,Kaveri Nagar Apartment Complex,SocialMedia
POST-00699,Facebook,@anon_gopal403,Suspicious vehicle TN-45-ZZ-1056 seen circling Palar Park Industrial Area multiple times.,2025-11-29 12:28:09,Informational,NULL,NULL,TN-45-ZZ-1056,Palar Park Industrial Area,SocialMedia
POST-00700,Twitter/X,@real_udhay115,Residents of Sindhu Colony College Road be careful — strangers asking suspicious questions.,2026-07-09 00:51:52,Neutral,NULL,NULL,NULL,Sindhu Colony College Road,SocialMedia
POST-00701,Twitter/X,@the_nithin258,The group operating near Neithal Garden Apartment Complex is getting bolder. Someone needs to act.,2025-02-04 05:32:20,Neutral,NULL,NULL,NULL,Neithal Garden Apartment Complex,SocialMedia
POST-00702,Facebook,@the_hariharan490,New gang activity in Vaigai Nagar College Road. Be careful near the ATM near the post office.,2025-09-24 08:07:30,Neutral,NULL,NULL,NULL,Vaigai Nagar College Road,SocialMedia
POST-00703,Twitter/X,@dark_nithin362,Heard that Janani Devi was spotted near Nila Nagar Bus Stand Area last night. Anyone know more?,2025-06-05 15:12:10,Alarmed,Janani Devi,NULL,NULL,Nila Nagar Bus Stand Area,SocialMedia
POST-00704,YouTube Comment,@temp_mohan589,The group operating near Vaigai Layout Market Road is getting bolder. Someone needs to act.,2026-04-24 12:59:41,Neutral,NULL,NULL,NULL,Vaigai Layout Market Road,SocialMedia
POST-00705,Instagram,@user_madhan769,Financial irregularities linked to Anbu Layout Bus Stand Area area. Multiple accounts flagged.,2026-06-23 10:34:04,Neutral,NULL,NULL,NULL,Anbu Layout Bus Stand Area,SocialMedia
POST-00706,Telegram,@the_murugan230,Residents of Mathi Layout Apartment Complex be careful — strangers asking suspicious questions.,2025-01-06 05:22:13,Concerned,NULL,NULL,NULL,Mathi Layout Apartment Complex,SocialMedia
POST-00707,Instagram,@real_selvam104,People are saying Kannan Shankar is involved in the Amudham Garden Market Road incident. Not confirmed.,2026-08-18 14:33:52,Concerned,Kannan Shankar,NULL,NULL,Amudham Garden Market Road,SocialMedia
POST-00708,Instagram,@shadow_revathi877,Heard that Jeeva Rajan was spotted near Poongodi Layout Residential Colony last night. Anyone know more?,2025-05-19 16:15:12,Neutral,Jeeva Rajan,NULL,NULL,Poongodi Layout Residential Colony,SocialMedia
POST-00709,Twitter/X,@shadow_madhan968,Big money movement spotted from Nallur Nagar Main Street accounts. Something is off.,2025-12-21 08:15:10,Neutral,NULL,NULL,NULL,Nallur Nagar Main Street,SocialMedia
POST-00710,Telegram,@anon_praveen613,Kumaran Murugan mentioned in connection with recent incidents. People are talking.,2025-05-29 21:11:53,Concerned,Kumaran Murugan,NULL,NULL,Vetri Colony Industrial Area,SocialMedia
POST-00711,Twitter/X,@official_jagan818,Elango Prakash mentioned in connection with recent incidents. People are talking.,2025-07-11 23:36:48,Neutral,Elango Prakash,NULL,NULL,Anbu Layout Bus Stand Area,SocialMedia
POST-00712,Twitter/X,@temp_gopal76,Anyone else getting calls from 9000000403.0? Feels like a scam.,2025-10-29 11:00:13,Informational,NULL,9000000403.0,NULL,Mangai Layout Shopping Complex,SocialMedia
POST-00713,Facebook,@xyz_vasanthi721,Multiple complaints about 9000000002.0 in our locality. Scam alert!,2026-01-20 07:35:30,Concerned,NULL,9000000002.0,NULL,Roja Nagar Residential Colony,SocialMedia
POST-00714,Facebook,@dark_venkat233,Posting this for awareness: fraud calls coming from 9000000486.0.,2025-10-20 21:20:09,Concerned,NULL,9000000486.0,NULL,Iniyan Puram College Road,SocialMedia
POST-00715,Facebook,@only_arun681,Bharath Balan mentioned in connection with recent incidents. People are talking.,2026-03-30 13:50:41,Neutral,Bharath Balan,NULL,NULL,Nallur Nagar Main Street,SocialMedia
POST-00716,Facebook,@shadow_anand289,Multiple complaints about 9000000157.0 in our locality. Scam alert!,2025-05-20 11:20:52,Concerned,NULL,9000000157.0,NULL,Roja Nagar Residential Colony,SocialMedia
POST-00717,Twitter/X,@official_kishore958,Anyone else getting calls from 9000000234.0? Feels like a scam.,2025-04-03 02:38:18,Neutral,NULL,9000000234.0,NULL,Kalai Nagar College Road,SocialMedia
POST-00718,Telegram,@shadow_rakesh124,Alert: suspicious activity reported near Kalai Layout Parking Area. Stay safe everyone.,2026-06-15 22:05:47,Informational,NULL,NULL,NULL,Kalai Layout Parking Area,SocialMedia
POST-00719,Telegram,@anon_murugan660,The group operating near Sevvanthi Layout Residential Colony is getting bolder. Someone needs to act.,2025-11-10 15:35:06,Suspicious,NULL,NULL,NULL,Sevvanthi Layout Residential Colony,SocialMedia
POST-00720,Telegram,@xyz_kishore778,Posting this for awareness: fraud calls coming from 9000000071.0.,2026-01-04 12:10:12,Neutral,NULL,9000000071.0,NULL,Neithal Park Highway Junction,SocialMedia
POST-00721,WhatsApp Group,@dark_nithin798,Posting this for awareness: fraud calls coming from 9000000464.0.,2025-11-21 10:15:58,Neutral,NULL,9000000464.0,NULL,Tamarai Garden Parking Area,SocialMedia
POST-00722,Instagram,@anon_gopal839,Something big happened near Anbu Garden Apartment Complex — police cars everywhere last night.,2025-10-03 11:23:13,Concerned,NULL,NULL,NULL,Anbu Garden Apartment Complex,SocialMedia
POST-00723,YouTube Comment,@the_madhan167,Our community group got a threat message from 9000000339.0. Reporting this.,2025-09-14 12:18:57,Concerned,NULL,9000000339.0,NULL,Sevvanthi Garden College Road,SocialMedia
POST-00724,Facebook,@anon_nithin121,Residents of Kurinji Puram Railway Station Road be careful — strangers asking suspicious questions.,2025-12-17 17:13:42,Alarmed,NULL,NULL,NULL,Kurinji Puram Railway Station Road,SocialMedia
POST-00725,Instagram,@xyz_murugan267,New gang activity in Mangai Puram Railway Station Road. Be careful near the railway crossing.,2025-01-21 20:18:21,Neutral,NULL,NULL,NULL,Mangai Puram Railway Station Road,SocialMedia
POST-00726,Facebook,@anon_gokul68,People are saying Lokesh Balan is involved in the Vennila Park Shopping Complex incident. Not confirmed.,2025-01-09 13:55:57,Neutral,Lokesh Balan,NULL,NULL,Vennila Park Shopping Complex,SocialMedia
POST-00727,WhatsApp Group,@dark_gokul988,Our community group got a threat message from 9000000125.0. Reporting this.,2025-06-10 09:03:37,Neutral,NULL,9000000125.0,NULL,Nila Puram Main Street,SocialMedia
POST-00728,Facebook,@temp_mathan217,The group operating near Roja Layout Industrial Area is getting bolder. Someone needs to act.,2026-06-16 22:16:01,Concerned,NULL,NULL,NULL,Roja Layout Industrial Area,SocialMedia
POST-00729,WhatsApp Group,@xyz_gokul346,The group operating near Mynthan Layout Shopping Complex is getting bolder. Someone needs to act.,2026-01-17 08:07:55,Concerned,NULL,NULL,NULL,Mynthan Layout Shopping Complex,SocialMedia
POST-00730,Telegram,@dark_yuvaraj637,Posting this for awareness: fraud calls coming from 9000000363.0.,2025-05-17 00:35:26,Concerned,NULL,9000000363.0,NULL,Vetri Nagar Shopping Complex,SocialMedia
POST-00731,WhatsApp Group,@xyz_murugan267,Big money movement spotted from Anbu Puram Apartment Complex accounts. Something is off.,2025-07-06 04:14:36,Informational,NULL,NULL,NULL,Anbu Puram Apartment Complex,SocialMedia
POST-00732,YouTube Comment,@xyz_dinesh134,Big money movement spotted from Mynthan Layout Shopping Complex accounts. Something is off.,2025-03-01 10:41:25,Informational,NULL,NULL,NULL,Mynthan Layout Shopping Complex,SocialMedia
POST-00733,Facebook,@real_uma702,Multiple complaints about 9000000155.0 in our locality. Scam alert!,2025-02-26 20:27:46,Alarmed,NULL,9000000155.0,NULL,Anbu Colony Highway Junction,SocialMedia
POST-00734,Twitter/X,@dark_sanjay90,Something big happened near Amudham Layout Residential Colony — police cars everywhere last night.,2025-04-17 00:10:56,Concerned,NULL,NULL,NULL,Amudham Layout Residential Colony,SocialMedia
POST-00735,Telegram,@the_anand492,Something big happened near Kaveri Park Bus Stand Area — police cars everywhere last night.,2025-05-06 08:05:24,Neutral,NULL,NULL,NULL,Kaveri Park Bus Stand Area,SocialMedia
POST-00736,Telegram,@real_kumaran697,Heard that Mohan Sekar was spotted near Kadal Layout Highway Junction last night. Anyone know more?,2026-06-11 03:20:13,Neutral,Mohan Sekar,NULL,NULL,Kadal Layout Highway Junction,SocialMedia
POST-00737,Twitter/X,@xyz_murugan267,Something big happened near Alli Colony College Road — police cars everywhere last night.,2026-05-09 01:21:03,Informational,NULL,NULL,NULL,Alli Colony College Road,SocialMedia
POST-00738,Facebook,@user_sanjay986,Watch out for a TN-01-YY-1046 near Kalai Puram Apartment Complex. Looked very suspicious.,2025-06-06 16:40:11,Suspicious,NULL,NULL,TN-01-YY-1046,Kalai Puram Apartment Complex,SocialMedia
POST-00739,Facebook,@user_madhan769,Naveen Krishnan mentioned in connection with recent incidents. People are talking.,2025-05-30 05:58:10,Alarmed,Naveen Krishnan,NULL,NULL,Sevvanthi Puram Industrial Area,SocialMedia
POST-00740,Instagram,@shadow_lokesh340,People are saying Praveen Sekar is involved in the Anbu Colony Highway Junction incident. Not confirmed.,2025-05-28 05:25:19,Alarmed,Praveen Sekar,NULL,NULL,Anbu Colony Highway Junction,SocialMedia
POST-00741,Twitter/X,@official_eswari91,The TN-28-ZZ-1077 linked to that incident was seen near Vennila Park Shopping Complex again today.,2025-11-09 08:25:24,Alarmed,NULL,NULL,TN-28-ZZ-1077,Vennila Park Shopping Complex,SocialMedia
POST-00742,Twitter/X,@temp_murugan387,Heard that Vasanthi Bai was spotted near Iniyan Puram College Road last night. Anyone know more?,2025-06-19 18:16:10,Concerned,Vasanthi Bai,NULL,NULL,Iniyan Puram College Road,SocialMedia
POST-00743,Instagram,@temp_vignesh37,Residents of Amudham Park Railway Station Road be careful — strangers asking suspicious questions.,2026-05-06 00:20:32,Alarmed,NULL,NULL,NULL,Amudham Park Railway Station Road,SocialMedia
POST-00744,Instagram,@dark_mathan533,Someone using number 9000000180.0 has been harassing people in Arasu Nagar Residential Colony.,2025-06-30 12:43:29,Concerned,NULL,9000000180.0,NULL,Arasu Nagar Residential Colony,SocialMedia
POST-00745,Telegram,@the_jagan483,Heard that Vignesh Natarajan was spotted near Kadal Layout Highway Junction last night. Anyone know more?,2026-04-27 09:16:47,Neutral,Vignesh Natarajan,NULL,NULL,Kadal Layout Highway Junction,SocialMedia
POST-00746,Telegram,@only_sanjay955,Someone using number 9000000002.0 has been harassing people in Kalai Layout Parking Area.,2025-12-11 15:39:21,Alarmed,NULL,9000000002.0,NULL,Kalai Layout Parking Area,SocialMedia
POST-00747,Twitter/X,@official_madhan778,Financial irregularities linked to Vetri Nagar Shopping Complex area. Multiple accounts flagged.,2026-07-24 05:44:43,Concerned,NULL,NULL,NULL,Vetri Nagar Shopping Complex,SocialMedia
POST-00748,Twitter/X,@xyz_rajesh339,Rumour: Rajesh Karuppasamy and associates were seen leaving Nallur Colony College Road late at night.,2026-05-05 03:59:49,Neutral,Rajesh Karuppasamy,NULL,NULL,Nallur Colony College Road,SocialMedia
POST-00749,Instagram,@real_dharani187,Word on the street: Gokul Sundaram controls the operation in Oviya Puram Parking Area area.,2026-09-10 16:13:09,Suspicious,Gokul Sundaram,NULL,NULL,Oviya Puram Parking Area,SocialMedia
POST-00750,Twitter/X,@real_selvam104,Rumour: Vignesh Thangaraj and associates were seen leaving Roja Nagar Residential Colony late at night.,2025-05-18 00:59:46,Alarmed,Vignesh Thangaraj,NULL,NULL,Roja Nagar Residential Colony,SocialMedia
POST-00751,Facebook,@the_tamilarasan389,New gang activity in Amudham Nagar Main Street. Be careful near the shopping complex.,2025-05-11 07:23:08,Concerned,NULL,NULL,NULL,Amudham Nagar Main Street,SocialMedia
POST-00752,WhatsApp Group,@real_hariharan787,Our community group got a threat message from 9000000433.0. Reporting this.,2025-08-22 04:43:18,Concerned,NULL,9000000433.0,NULL,Arasu Nagar Residential Colony,SocialMedia
POST-00753,Instagram,@dark_nandha585,Someone using number 9000000180.0 has been harassing people in Thendral Nagar ATM Area.,2025-02-25 21:03:08,Concerned,NULL,9000000180.0,NULL,Thendral Nagar ATM Area,SocialMedia
POST-00754,WhatsApp Group,@anon_vasanthi424,Word on the street: Jeeva Rajan controls the operation in Neithal Colony Residential Colony area.,2025-11-03 12:48:12,Suspicious,Jeeva Rajan,NULL,NULL,Neithal Colony Residential Colony,SocialMedia
POST-00755,YouTube Comment,@real_uma702,Lokesh Balan mentioned in connection with recent incidents. People are talking.,2025-04-07 16:25:44,Concerned,Lokesh Balan,NULL,NULL,Vetri Nagar Shopping Complex,SocialMedia
POST-00756,Twitter/X,@shadow_udhay723,Posting this for awareness: fraud calls coming from 9000000091.0.,2025-10-27 07:07:50,Suspicious,NULL,9000000091.0,NULL,Vennila Puram Shopping Complex,SocialMedia
POST-00757,Facebook,@official_hariharan629,Rumour: Jagan Anand and associates were seen leaving Amudham Puram Apartment Complex late at night.,2026-06-13 23:59:58,Neutral,Jagan Anand,NULL,NULL,Amudham Puram Apartment Complex,SocialMedia
POST-00758,Twitter/X,@xyz_kishore941,Rumour: Arun Selvam and associates were seen leaving Ezhil Garden Shopping Complex late at night.,2025-11-25 12:15:49,Neutral,Arun Selvam,NULL,NULL,Ezhil Garden Shopping Complex,SocialMedia
POST-00759,Instagram,@real_dinesh121,Our community group got a threat message from 9000000177.0. Reporting this.,2026-08-27 06:34:18,Informational,NULL,9000000177.0,NULL,Sindhu Garden Residential Colony,SocialMedia
POST-00760,Twitter/X,@user_udhay109,Someone using number 9000000333.0 has been harassing people in Vaigai Nagar College Road.,2026-06-25 20:17:03,Concerned,NULL,9000000333.0,NULL,Vaigai Nagar College Road,SocialMedia
POST-00761,Twitter/X,@anon_praveen613,Our community group got a threat message from 9000000433.0. Reporting this.,2025-05-22 08:26:01,Concerned,NULL,9000000433.0,NULL,Poongodi Layout Residential Colony,SocialMedia
POST-00762,WhatsApp Group,@official_udhay933,Watch out for a TN-39-XX-1078 near Kalai Layout Parking Area. Looked very suspicious.,2025-12-09 07:48:39,Alarmed,NULL,NULL,TN-39-XX-1078,Kalai Layout Parking Area,SocialMedia
POST-00763,Twitter/X,@real_mohan360,Residents of Kalai Nagar College Road be careful — strangers asking suspicious questions.,2025-07-02 08:37:07,Concerned,NULL,NULL,NULL,Kalai Nagar College Road,SocialMedia
POST-00764,Facebook,@real_ezhilan226,Watch out for a TN-39-XX-1048 near Neithal Colony Residential Colony. Looked very suspicious.,2025-01-06 15:22:21,Concerned,NULL,NULL,TN-39-XX-1048,Neithal Colony Residential Colony,SocialMedia
POST-00765,Telegram,@shadow_saravanan332,Multiple complaints about 9000000070.0 in our locality. Scam alert!,2025-10-08 13:27:14,Alarmed,NULL,9000000070.0,NULL,Tamarai Garden Parking Area,SocialMedia
POST-00766,Instagram,@the_karthik36,Suspicious vehicle TN-01-XX-1075 seen circling Selvapuram Puram Main Street multiple times.,2026-02-17 03:38:52,Neutral,NULL,NULL,TN-01-XX-1075,Selvapuram Puram Main Street,SocialMedia
POST-00767,YouTube Comment,@user_nithin663,Rumour: Saravanan Anand and associates were seen leaving Vaigai Layout Market Road late at night.,2025-09-08 05:56:13,Neutral,Saravanan Anand,NULL,NULL,Vaigai Layout Market Road,SocialMedia
POST-00768,WhatsApp Group,@shadow_kishore448,Naveen Muthu mentioned in connection with recent incidents. People are talking.,2026-01-05 19:33:20,Suspicious,Naveen Muthu,NULL,NULL,Vennila Park Shopping Complex,SocialMedia
POST-00769,Facebook,@user_vignesh140,Watch out for a TN-45-XX-1060 near Amudham Layout Residential Colony. Looked very suspicious.,2025-03-09 15:28:23,Concerned,NULL,NULL,TN-45-XX-1060,Amudham Layout Residential Colony,SocialMedia
POST-00770,Twitter/X,@only_naveen226,The TN-01-ZZ-1047 linked to that incident was seen near Amudham Garden Market Road again today.,2026-05-28 10:32:24,Alarmed,NULL,NULL,TN-01-ZZ-1047,Amudham Garden Market Road,SocialMedia
POST-00771,Facebook,@official_praveen691,Watch out for a TN-30-ZZ-1083 near Kalai Colony Apartment Complex. Looked very suspicious.,2026-06-05 20:54:49,Neutral,NULL,NULL,TN-30-ZZ-1083,Kalai Colony Apartment Complex,SocialMedia
POST-00772,WhatsApp Group,@shadow_mathan396,Someone using number 9000000004.0 has been harassing people in Mathi Layout Apartment Complex.,2026-08-01 01:55:26,Alarmed,NULL,9000000004.0,NULL,Mathi Layout Apartment Complex,SocialMedia
POST-00773,Twitter/X,@xyz_jeeva439,Suspicious vehicle TN-68-YY-1058 seen circling Mangai Colony Railway Station Road multiple times.,2026-07-30 05:26:04,Concerned,NULL,NULL,TN-68-YY-1058,Mangai Colony Railway Station Road,SocialMedia
POST-00774,Instagram,@official_karthik73,The group operating near Kalai Park Main Street is getting bolder. Someone needs to act.,2025-05-28 11:12:12,Informational,NULL,NULL,NULL,Kalai Park Main Street,SocialMedia
POST-00775,Facebook,@dark_lokesh19,Our community group got a threat message from 9000000088.0. Reporting this.,2025-12-24 18:15:28,Concerned,NULL,9000000088.0,NULL,Ponni Nagar College Road,SocialMedia
POST-00776,Instagram,@shadow_rakesh124,New gang activity in Mynthan Colony Main Street. Be careful near the ATM near the post office.,2026-07-01 00:15:04,Neutral,NULL,NULL,NULL,Mynthan Colony Main Street,SocialMedia
POST-00777,Telegram,@anon_murugan308,Financial irregularities linked to Nallur Park Main Street area. Multiple accounts flagged.,2025-10-20 14:21:28,Neutral,NULL,NULL,NULL,Nallur Park Main Street,SocialMedia
POST-00778,Instagram,@official_nandha844,Financial irregularities linked to Kalai Puram Apartment Complex area. Multiple accounts flagged.,2025-05-04 15:34:36,Suspicious,NULL,NULL,NULL,Kalai Puram Apartment Complex,SocialMedia
POST-00779,Telegram,@real_nandha550,The TN-33-YY-1094 linked to that incident was seen near Vaigai Layout Market Road again today.,2025-08-08 07:38:52,Alarmed,NULL,NULL,TN-33-YY-1094,Vaigai Layout Market Road,SocialMedia
POST-00780,Instagram,@official_nithin478,The group operating near Nila Puram Main Street is getting bolder. Someone needs to act.,2026-03-25 06:59:38,Neutral,NULL,NULL,NULL,Nila Puram Main Street,SocialMedia
POST-00781,WhatsApp Group,@shadow_gopal753,Word on the street: Dinesh Balan controls the operation in Oviya Colony Railway Station Road area.,2025-03-21 04:26:43,Alarmed,Dinesh Balan,NULL,NULL,Oviya Colony Railway Station Road,SocialMedia
POST-00782,Twitter/X,@the_ajith977,Someone using number 9000000157.0 has been harassing people in Kaveri Nagar Apartment Complex.,2026-02-05 08:24:29,Alarmed,NULL,9000000157.0,NULL,Kaveri Nagar Apartment Complex,SocialMedia
POST-00783,Facebook,@anon_naveen559,Posting this for awareness: fraud calls coming from 9000000352.0.,2025-08-24 02:32:35,Alarmed,NULL,9000000352.0,NULL,Vetri Layout Industrial Area,SocialMedia
POST-00784,Twitter/X,@shadow_nithin21,Big money movement spotted from Thendral Nagar ATM Area accounts. Something is off.,2025-03-06 04:27:54,Neutral,NULL,NULL,NULL,Thendral Nagar ATM Area,SocialMedia
POST-00785,Facebook,@temp_tamilarasan195,Multiple complaints about 9000000491.0 in our locality. Scam alert!,2026-05-16 16:09:08,Alarmed,NULL,9000000491.0,NULL,Anbu Garden Apartment Complex,SocialMedia
POST-00786,Twitter/X,@xyz_murugan267,New gang activity in Mynthan Layout Shopping Complex. Be careful near the college gate.,2026-03-08 21:42:45,Informational,NULL,NULL,NULL,Mynthan Layout Shopping Complex,SocialMedia
POST-00787,Instagram,@only_sanjay998,Multiple complaints about 9000000439.0 in our locality. Scam alert!,2025-04-02 03:06:59,Neutral,NULL,9000000439.0,NULL,Iniyan Layout Parking Area,SocialMedia
POST-00788,Instagram,@anon_praveen613,Residents of Sindhu Puram Industrial Area be careful — strangers asking suspicious questions.,2026-05-22 22:06:02,Neutral,NULL,NULL,NULL,Sindhu Puram Industrial Area,SocialMedia
POST-00789,Twitter/X,@dark_anand915,The TN-33-XX-1090 linked to that incident was seen near Kadal Layout Highway Junction again today.,2026-05-27 04:58:47,Neutral,NULL,NULL,TN-33-XX-1090,Kadal Layout Highway Junction,SocialMedia
POST-00790,Instagram,@shadow_madhan420,New gang activity in Sindhu Garden Residential Colony. Be careful near the shopping complex.,2026-02-10 23:12:18,Suspicious,NULL,NULL,NULL,Sindhu Garden Residential Colony,SocialMedia
POST-00791,Twitter/X,@real_selvam104,Jagan Velan mentioned in connection with recent incidents. People are talking.,2025-06-17 03:51:35,Suspicious,Jagan Velan,NULL,NULL,Selvapuram Puram Main Street,SocialMedia
POST-00792,Facebook,@only_senthil151,Residents of Neithal Garden Apartment Complex be careful — strangers asking suspicious questions.,2026-03-04 01:55:15,Neutral,NULL,NULL,NULL,Neithal Garden Apartment Complex,SocialMedia
POST-00793,Twitter/X,@xyz_thirumal218,Suspicious vehicle TN-58-YY-1085 seen circling Kaveri Park Bus Stand Area multiple times.,2026-07-24 02:03:00,Neutral,NULL,NULL,TN-58-YY-1085,Kaveri Park Bus Stand Area,SocialMedia
POST-00794,Twitter/X,@dark_arun398,The group operating near Roja Layout Industrial Area is getting bolder. Someone needs to act.,2026-04-14 20:03:16,Neutral,NULL,NULL,NULL,Roja Layout Industrial Area,SocialMedia
POST-00795,Twitter/X,@anon_jeeva103,Anyone else getting calls from 9000000440.0? Feels like a scam.,2025-09-17 01:12:50,Informational,NULL,9000000440.0,NULL,Mangai Puram Railway Station Road,SocialMedia
POST-00796,Twitter/X,@dark_praveen984,Someone using number 9000000461.0 has been harassing people in Selvapuram Puram Main Street.,2025-04-06 22:16:19,Neutral,NULL,9000000461.0,NULL,Selvapuram Puram Main Street,SocialMedia
POST-00797,Twitter/X,@official_mohan632,New gang activity in Nallur Garden Residential Colony. Be careful near the ATM near the post office.,2025-02-07 06:06:01,Neutral,NULL,NULL,NULL,Nallur Garden Residential Colony,SocialMedia
POST-00798,Twitter/X,@anon_chithra616,Suspicious vehicle TN-30-YY-1052 seen circling Mangai Puram Railway Station Road multiple times.,2025-01-08 09:02:44,Alarmed,NULL,NULL,TN-30-YY-1052,Mangai Puram Railway Station Road,SocialMedia
POST-00799,Instagram,@xyz_kishore778,Someone using number 9000000044.0 has been harassing people in Amudham Park Railway Station Road.,2025-10-15 12:06:32,Alarmed,NULL,9000000044.0,NULL,Amudham Park Railway Station Road,SocialMedia
POST-00800,YouTube Comment,@official_prakash292,Rumour: Mathan Chandran and associates were seen leaving Selvapuram Garden College Road late at night.,2026-02-09 08:35:16,Suspicious,Mathan Chandran,NULL,NULL,Selvapuram Garden College Road,SocialMedia
POST-00801,Twitter/X,@real_kishore757,Rumour: Logesh Subramani and associates were seen leaving Palar Park Industrial Area late at night.,2025-03-14 17:27:25,Neutral,Logesh Subramani,NULL,NULL,Palar Park Industrial Area,SocialMedia
POST-00802,Telegram,@xyz_ganesh964,Alert: suspicious activity reported near Mullai Park Shopping Complex. Stay safe everyone.,2026-01-08 13:26:05,Concerned,NULL,NULL,NULL,Mullai Park Shopping Complex,SocialMedia
POST-00803,Facebook,@dark_elango729,The TN-30-XX-1039 linked to that incident was seen near Roja Colony Residential Colony again today.,2025-09-26 00:23:46,Neutral,NULL,NULL,TN-30-XX-1039,Roja Colony Residential Colony,SocialMedia
POST-00804,Telegram,@the_tamilarasan389,Multiple complaints about 9000000454.0 in our locality. Scam alert!,2026-02-03 23:46:22,Concerned,NULL,9000000454.0,NULL,Kadal Nagar Bus Stand Area,SocialMedia
POST-00805,Facebook,@only_selvam861,Alert: suspicious activity reported near Anbu Colony Highway Junction. Stay safe everyone.,2026-08-19 06:59:26,Informational,NULL,NULL,NULL,Anbu Colony Highway Junction,SocialMedia
POST-00806,Instagram,@anon_jeeva103,New gang activity in Mangai Colony Railway Station Road. Be careful near the old warehouse.,2025-06-18 21:48:27,Suspicious,NULL,NULL,NULL,Mangai Colony Railway Station Road,SocialMedia
POST-00807,Facebook,@shadow_vasanth315,Multiple complaints about 9000000045.0 in our locality. Scam alert!,2025-01-05 00:05:06,Concerned,NULL,9000000045.0,NULL,Mangai Layout Shopping Complex,SocialMedia
POST-00808,WhatsApp Group,@xyz_dinesh536,Big money movement spotted from Selvapuram Puram Main Street accounts. Something is off.,2025-11-16 00:21:29,Neutral,NULL,NULL,NULL,Selvapuram Puram Main Street,SocialMedia
POST-00809,WhatsApp Group,@shadow_yuvaraj448,Word on the street: Elango Selvam controls the operation in Iniyan Puram College Road area.,2026-02-21 15:43:52,Informational,Elango Selvam,NULL,NULL,Iniyan Puram College Road,SocialMedia
POST-00810,WhatsApp Group,@shadow_elango914,Watch out for a TN-30-ZZ-1083 near Nallur Nagar Main Street. Looked very suspicious.,2025-06-04 03:38:55,Neutral,NULL,NULL,TN-30-ZZ-1083,Nallur Nagar Main Street,SocialMedia
POST-00811,Facebook,@only_arun981,New gang activity in Nila Garden Bus Stand Area. Be careful near the petrol bunk.,2026-06-01 17:01:34,Suspicious,NULL,NULL,NULL,Nila Garden Bus Stand Area,SocialMedia
POST-00812,WhatsApp Group,@xyz_karthik753,Watch out for a TN-72-YY-1067 near Mullai Park Shopping Complex. Looked very suspicious.,2025-10-30 00:39:41,Neutral,NULL,NULL,TN-72-YY-1067,Mullai Park Shopping Complex,SocialMedia
POST-00813,Twitter/X,@dark_mathan400,Watch out for a TN-47-ZZ-1095 near Nallur Garden Residential Colony. Looked very suspicious.,2026-06-11 20:37:14,Informational,NULL,NULL,TN-47-ZZ-1095,Nallur Garden Residential Colony,SocialMedia
POST-00814,Twitter/X,@only_hariharan642,Our community group got a threat message from 9000000351.0. Reporting this.,2026-02-02 02:12:04,Neutral,NULL,9000000351.0,NULL,Kalai Nagar College Road,SocialMedia
POST-00815,Twitter/X,@xyz_senthil635,Anyone else getting calls from 9000000282.0? Feels like a scam.,2026-04-05 04:41:45,Alarmed,NULL,9000000282.0,NULL,Sevvanthi Park Shopping Complex,SocialMedia
POST-00816,WhatsApp Group,@real_selvam104,Someone using number 9000000187.0 has been harassing people in Vetri Layout Industrial Area.,2025-11-28 02:51:48,Neutral,NULL,9000000187.0,NULL,Vetri Layout Industrial Area,SocialMedia
POST-00817,Facebook,@only_vignesh354,The group operating near Palar Park Industrial Area is getting bolder. Someone needs to act.,2025-02-17 15:38:30,Concerned,NULL,NULL,NULL,Palar Park Industrial Area,SocialMedia
POST-00818,WhatsApp Group,@only_mathan337,Alert: suspicious activity reported near Amudham Puram Apartment Complex. Stay safe everyone.,2025-05-22 04:05:45,Neutral,NULL,NULL,NULL,Amudham Puram Apartment Complex,SocialMedia
POST-00819,Facebook,@dark_mohan199,Alert: suspicious activity reported near Vaigai Layout Market Road. Stay safe everyone.,2026-01-17 14:14:28,Concerned,NULL,NULL,NULL,Vaigai Layout Market Road,SocialMedia
POST-00820,Instagram,@temp_senthil551,New gang activity in Mangai Puram Railway Station Road. Be careful near the railway crossing.,2025-07-05 01:20:35,Alarmed,NULL,NULL,NULL,Mangai Puram Railway Station Road,SocialMedia
POST-00821,YouTube Comment,@official_jagan774,The group operating near Nila Puram Main Street is getting bolder. Someone needs to act.,2026-05-24 06:03:51,Informational,NULL,NULL,NULL,Nila Puram Main Street,SocialMedia
POST-00822,Telegram,@only_ajith556,The group operating near Kayal Colony Bus Stand Area is getting bolder. Someone needs to act.,2025-02-04 00:41:53,Neutral,NULL,NULL,NULL,Kayal Colony Bus Stand Area,SocialMedia
POST-00823,Facebook,@dark_jeeva79,Our community group got a threat message from 9000000407.0. Reporting this.,2026-02-11 19:38:43,Suspicious,NULL,9000000407.0,NULL,Nallur Garden Residential Colony,SocialMedia
POST-00824,Twitter/X,@only_uma772,Multiple complaints about 9000000150.0 in our locality. Scam alert!,2026-06-23 21:25:53,Neutral,NULL,9000000150.0,NULL,Nallur Park Main Street,SocialMedia
POST-00825,Telegram,@dark_jeeva585,Suspicious vehicle TN-45-XX-1036 seen circling Mynthan Nagar Apartment Complex multiple times.,2025-11-08 08:21:58,Alarmed,NULL,NULL,TN-45-XX-1036,Mynthan Nagar Apartment Complex,SocialMedia
POST-00826,Facebook,@xyz_gopal476,The group operating near Anbu Garden Apartment Complex is getting bolder. Someone needs to act.,2026-07-14 16:34:09,Concerned,NULL,NULL,NULL,Anbu Garden Apartment Complex,SocialMedia
POST-00827,Facebook,@real_uma702,New gang activity in Mangai Puram Railway Station Road. Be careful near the market junction.,2025-08-15 16:21:12,Neutral,NULL,NULL,NULL,Mangai Puram Railway Station Road,SocialMedia
POST-00828,Twitter/X,@xyz_sanjay128,Someone using number 9000000093.0 has been harassing people in Kalai Puram Apartment Complex.,2025-09-27 21:09:33,Alarmed,NULL,9000000093.0,NULL,Kalai Puram Apartment Complex,SocialMedia
POST-00829,Instagram,@shadow_thirumal68,Vasanth Gopal mentioned in connection with recent incidents. People are talking.,2025-01-09 02:01:21,Informational,Vasanth Gopal,NULL,NULL,Mangai Colony Railway Station Road,SocialMedia
POST-00830,Instagram,@dark_lokesh978,Rumour: Murugan Karuppasamy and associates were seen leaving Sevvanthi Puram Industrial Area late at night.,2026-05-02 09:45:59,Alarmed,Murugan Karuppasamy,NULL,NULL,Sevvanthi Puram Industrial Area,SocialMedia
POST-00831,Telegram,@anon_jeeva103,The TN-68-YY-1058 linked to that incident was seen near Kalai Colony Apartment Complex again today.,2026-08-08 19:01:49,Concerned,NULL,NULL,TN-68-YY-1058,Kalai Colony Apartment Complex,SocialMedia
POST-00832,Facebook,@the_murugan230,Something big happened near Mynthan Colony Main Street — police cars everywhere last night.,2025-05-17 18:56:19,Neutral,NULL,NULL,NULL,Mynthan Colony Main Street,SocialMedia
POST-00833,Twitter/X,@temp_nandha202,Word on the street: Abirami Krishnan controls the operation in Vaigai Nagar College Road area.,2025-02-25 23:05:05,Concerned,Abirami Krishnan,NULL,NULL,Vaigai Nagar College Road,SocialMedia
POST-00834,Twitter/X,@dark_gunasekar31,Something big happened near Nallur Nagar Main Street — police cars everywhere last night.,2025-01-11 12:37:43,Informational,NULL,NULL,NULL,Nallur Nagar Main Street,SocialMedia
POST-00835,Telegram,@user_gopal990,Alert: suspicious activity reported near Amudham Nagar Main Street. Stay safe everyone.,2026-02-26 06:30:45,Alarmed,NULL,NULL,NULL,Amudham Nagar Main Street,SocialMedia
POST-00836,Facebook,@official_arun349,Financial irregularities linked to Arasu Nagar Residential Colony area. Multiple accounts flagged.,2025-07-09 08:55:35,Neutral,NULL,NULL,NULL,Arasu Nagar Residential Colony,SocialMedia
POST-00837,Telegram,@xyz_senthil917,Anyone else getting calls from 9000000038.0? Feels like a scam.,2025-04-21 03:59:47,Neutral,NULL,9000000038.0,NULL,Anbu Layout Bus Stand Area,SocialMedia
POST-00838,WhatsApp Group,@only_prakash953,Rumour: Babu Balan and associates were seen leaving Alli Park Shopping Complex late at night.,2025-10-26 20:08:39,Alarmed,Babu Balan,NULL,NULL,Alli Park Shopping Complex,SocialMedia
POST-00839,Instagram,@shadow_nandha88,Watch out for a TN-38-XX-1054 near Iniyan Puram College Road. Looked very suspicious.,2025-04-02 22:13:19,Concerned,NULL,NULL,TN-38-XX-1054,Iniyan Puram College Road,SocialMedia
POST-00840,WhatsApp Group,@dark_abirami163,People are saying Naveen Muthu is involved in the Sevvanthi Park Shopping Complex incident. Not confirmed.,2026-06-18 17:36:15,Concerned,Naveen Muthu,NULL,NULL,Sevvanthi Park Shopping Complex,SocialMedia
POST-00841,WhatsApp Group,@user_anand892,New gang activity in Mullai Park Shopping Complex. Be careful near the petrol bunk.,2025-04-26 10:54:19,Informational,NULL,NULL,NULL,Mullai Park Shopping Complex,SocialMedia
POST-00842,YouTube Comment,@temp_madhan447,Someone using number 9000000477.0 has been harassing people in Sindhu Puram Industrial Area.,2025-08-05 07:10:17,Neutral,NULL,9000000477.0,NULL,Sindhu Puram Industrial Area,SocialMedia
POST-00843,Telegram,@dark_suresh626,Financial irregularities linked to Neithal Garden Apartment Complex area. Multiple accounts flagged.,2025-09-17 00:14:27,Neutral,NULL,NULL,NULL,Neithal Garden Apartment Complex,SocialMedia
POST-00844,Twitter/X,@xyz_vignesh851,Rumour: Lokesh Balan and associates were seen leaving Mullai Park Shopping Complex late at night.,2025-03-06 22:44:50,Concerned,Lokesh Balan,NULL,NULL,Mullai Park Shopping Complex,SocialMedia
POST-00845,Facebook,@only_mohan238,Our community group got a threat message from 9000000393.0. Reporting this.,2026-01-04 02:37:38,Suspicious,NULL,9000000393.0,NULL,Nila Nagar Bus Stand Area,SocialMedia
POST-00846,Twitter/X,@dark_mohan258,Watch out for a TN-01-XX-1033 near Nallur Nagar Main Street. Looked very suspicious.,2025-06-24 10:36:31,Neutral,NULL,NULL,TN-01-XX-1033,Nallur Nagar Main Street,SocialMedia
POST-00847,Facebook,@temp_lokesh85,Someone using number 9000000044.0 has been harassing people in Roja Park Main Street.,2026-04-07 07:34:35,Informational,NULL,9000000044.0,NULL,Roja Park Main Street,SocialMedia
POST-00848,Telegram,@only_uma772,Heard that Hariharan Babu was spotted near Kaveri Park Bus Stand Area last night. Anyone know more?,2025-11-20 12:01:37,Neutral,Hariharan Babu,NULL,NULL,Kaveri Park Bus Stand Area,SocialMedia
POST-00849,Instagram,@anon_selvam810,Big money movement spotted from Sevvanthi Garden College Road accounts. Something is off.,2025-01-11 06:14:29,Neutral,NULL,NULL,NULL,Sevvanthi Garden College Road,SocialMedia
POST-00850,Telegram,@real_rakesh633,Someone using number 9000000383.0 has been harassing people in Poongodi Layout Residential Colony.,2026-06-13 02:19:14,Suspicious,NULL,9000000383.0,NULL,Poongodi Layout Residential Colony,SocialMedia
POST-00851,YouTube Comment,@the_ganesh288,Something big happened near Iniyan Colony Apartment Complex — police cars everywhere last night.,2026-02-10 01:29:02,Concerned,NULL,NULL,NULL,Iniyan Colony Apartment Complex,SocialMedia
POST-00852,Facebook,@anon_anand498,Someone using number 9000000372.0 has been harassing people in Kaveri Nagar Apartment Complex.,2026-05-14 13:42:44,Concerned,NULL,9000000372.0,NULL,Kaveri Nagar Apartment Complex,SocialMedia
POST-00853,Twitter/X,@temp_vignesh37,Suspicious vehicle TN-33-XX-1066 seen circling Vetri Nagar Shopping Complex multiple times.,2025-10-09 17:14:54,Alarmed,NULL,NULL,TN-33-XX-1066,Vetri Nagar Shopping Complex,SocialMedia
POST-00854,Instagram,@real_rajesh377,Financial irregularities linked to Roja Layout Industrial Area area. Multiple accounts flagged.,2026-08-11 14:34:54,Suspicious,NULL,NULL,NULL,Roja Layout Industrial Area,SocialMedia
POST-00855,Instagram,@only_uma772,The group operating near Nila Nagar Bus Stand Area is getting bolder. Someone needs to act.,2026-03-14 20:51:45,Suspicious,NULL,NULL,NULL,Nila Nagar Bus Stand Area,SocialMedia
POST-00856,Telegram,@anon_murugan660,Word on the street: Naveen Muthu controls the operation in Ezhil Garden Shopping Complex area.,2025-11-06 05:48:00,Concerned,Naveen Muthu,NULL,NULL,Ezhil Garden Shopping Complex,SocialMedia
POST-00857,Telegram,@real_prakash524,Financial irregularities linked to Selvapuram Puram Main Street area. Multiple accounts flagged.,2025-04-27 15:40:56,Neutral,NULL,NULL,NULL,Selvapuram Puram Main Street,SocialMedia
POST-00858,Telegram,@real_kishore985,Suspicious vehicle TN-38-YY-1082 seen circling Roja Layout Industrial Area multiple times.,2025-06-17 11:57:18,Informational,NULL,NULL,TN-38-YY-1082,Roja Layout Industrial Area,SocialMedia
POST-00859,Twitter/X,@anon_hariharan814,Someone using number 9000000304.0 has been harassing people in Nallur Puram Market Road.,2025-08-14 21:40:48,Concerned,NULL,9000000304.0,NULL,Nallur Puram Market Road,SocialMedia
POST-00860,YouTube Comment,@temp_hariharan652,Our community group got a threat message from 9000000145.0. Reporting this.,2025-03-17 15:46:48,Informational,NULL,9000000145.0,NULL,Kayal Puram Highway Junction,SocialMedia
POST-00861,Twitter/X,@official_kumaran175,Someone using number 9000000188.0 has been harassing people in Mullai Park Shopping Complex.,2026-03-24 18:57:20,Concerned,NULL,9000000188.0,NULL,Mullai Park Shopping Complex,SocialMedia
POST-00862,Twitter/X,@the_nithin972,People are saying Pandian Thangaraj is involved in the Mangai Colony Railway Station Road incident. Not confirmed.,2026-03-18 17:57:35,Concerned,Pandian Thangaraj,NULL,NULL,Mangai Colony Railway Station Road,SocialMedia
POST-00863,Facebook,@temp_bharathi984,Prakash Muthu mentioned in connection with recent incidents. People are talking.,2025-03-06 20:22:35,Alarmed,Prakash Muthu,NULL,NULL,Arasu Garden ATM Area,SocialMedia
POST-00864,Twitter/X,@xyz_jagan18,Multiple complaints about 9000000282.0 in our locality. Scam alert!,2025-03-23 18:53:49,Neutral,NULL,9000000282.0,NULL,Arasu Garden ATM Area,SocialMedia
POST-00865,Instagram,@anon_kavitha489,Big money movement spotted from Alli Park Shopping Complex accounts. Something is off.,2025-12-28 01:29:16,Neutral,NULL,NULL,NULL,Alli Park Shopping Complex,SocialMedia
POST-00866,Facebook,@shadow_elango628,Big money movement spotted from Kalai Layout Parking Area accounts. Something is off.,2026-06-30 11:39:00,Alarmed,NULL,NULL,NULL,Kalai Layout Parking Area,SocialMedia
POST-00867,Instagram,@only_hariharan337,Watch out for a TN-68-YY-1040 near Kayal Colony Bus Stand Area. Looked very suspicious.,2026-04-12 20:53:42,Informational,NULL,NULL,TN-68-YY-1040,Kayal Colony Bus Stand Area,SocialMedia
POST-00868,YouTube Comment,@only_mohan238,Alert: suspicious activity reported near Oviya Colony Railway Station Road. Stay safe everyone.,2026-06-16 00:33:33,Concerned,NULL,NULL,NULL,Oviya Colony Railway Station Road,SocialMedia
POST-00869,Facebook,@anon_yuvaraj902,Anyone else getting calls from 9000000095.0? Feels like a scam.,2025-06-16 07:12:16,Alarmed,NULL,9000000095.0,NULL,Mynthan Layout Shopping Complex,SocialMedia
POST-00870,Facebook,@the_yuvaraj213,Anyone else getting calls from 9000000146.0? Feels like a scam.,2025-11-22 12:36:37,Concerned,NULL,9000000146.0,NULL,Sevvanthi Park Shopping Complex,SocialMedia
POST-00871,Instagram,@real_jeeva750,The TN-33-XX-1030 linked to that incident was seen near Anbu Garden Apartment Complex again today.,2026-04-24 20:37:25,Neutral,NULL,NULL,TN-33-XX-1030,Anbu Garden Apartment Complex,SocialMedia
POST-00872,Facebook,@dark_kishore279,Financial irregularities linked to Mynthan Colony Main Street area. Multiple accounts flagged.,2025-01-03 20:32:31,Suspicious,NULL,NULL,NULL,Mynthan Colony Main Street,SocialMedia
POST-00873,Facebook,@the_sanjay625,Someone using number 9000000353.0 has been harassing people in Oviya Colony Railway Station Road.,2025-09-28 08:47:06,Neutral,NULL,9000000353.0,NULL,Oviya Colony Railway Station Road,SocialMedia
POST-00874,Facebook,@real_prakash726,The group operating near Sevvanthi Puram Industrial Area is getting bolder. Someone needs to act.,2025-12-21 04:24:33,Concerned,NULL,NULL,NULL,Sevvanthi Puram Industrial Area,SocialMedia
POST-00875,Facebook,@the_murugan230,Hemanth Raj mentioned in connection with recent incidents. People are talking.,2025-10-17 19:29:19,Neutral,Hemanth Raj,NULL,NULL,Ponni Nagar College Road,SocialMedia
POST-00876,Instagram,@official_siva728,Residents of Thendral Nagar ATM Area be careful — strangers asking suspicious questions.,2025-03-19 01:41:21,Suspicious,NULL,NULL,NULL,Thendral Nagar ATM Area,SocialMedia
POST-00877,Facebook,@real_sanjay658,Watch out for a KL-07-XX-1012 near Palar Park Industrial Area. Looked very suspicious.,2026-03-28 10:58:45,Informational,NULL,NULL,KL-07-XX-1012,Palar Park Industrial Area,SocialMedia
POST-00878,Twitter/X,@anon_jeeva983,New gang activity in Sindhu Colony College Road. Be careful near the college gate.,2026-09-09 12:35:42,Suspicious,NULL,NULL,NULL,Sindhu Colony College Road,SocialMedia
POST-00879,Facebook,@dark_sanjay620,Our community group got a threat message from 9000000458.0. Reporting this.,2026-09-10 14:27:01,Suspicious,NULL,9000000458.0,NULL,Iniyan Puram College Road,SocialMedia
POST-00880,Telegram,@the_tamilarasan389,Rumour: Elango Selvam and associates were seen leaving Sevvanthi Layout Residential Colony late at night.,2026-02-08 02:10:33,Informational,Elango Selvam,NULL,NULL,Sevvanthi Layout Residential Colony,SocialMedia
POST-00881,Twitter/X,@real_rakesh633,Residents of Anbu Garden Apartment Complex be careful — strangers asking suspicious questions.,2026-05-16 13:07:37,Concerned,NULL,NULL,NULL,Anbu Garden Apartment Complex,SocialMedia
POST-00882,Twitter/X,@the_janani457,Alert: suspicious activity reported near Poongodi Layout Residential Colony. Stay safe everyone.,2026-07-06 11:49:21,Informational,NULL,NULL,NULL,Poongodi Layout Residential Colony,SocialMedia
POST-00883,Twitter/X,@official_eswari91,Multiple complaints about 9000000047.0 in our locality. Scam alert!,2025-03-14 10:35:35,Neutral,NULL,9000000047.0,NULL,Mangai Colony Railway Station Road,SocialMedia
POST-00884,Instagram,@the_babu474,Heard that Hariharan Prakash was spotted near Kayal Colony Bus Stand Area last night. Anyone know more?,2026-08-27 23:19:24,Concerned,Hariharan Prakash,NULL,NULL,Kayal Colony Bus Stand Area,SocialMedia
POST-00885,Twitter/X,@official_gunasekar685,Rumour: Praveen Sekar and associates were seen leaving Sindhu Garden Residential Colony late at night.,2025-03-06 10:32:57,Suspicious,Praveen Sekar,NULL,NULL,Sindhu Garden Residential Colony,SocialMedia
POST-00886,Facebook,@temp_senthil206,Heard that Senthil Natarajan was spotted near Vaigai Park Parking Area last night. Anyone know more?,2025-05-21 07:08:39,Neutral,Senthil Natarajan,NULL,NULL,Vaigai Park Parking Area,SocialMedia
POST-00887,YouTube Comment,@real_dinesh508,Word on the street: Senthil Krishnan controls the operation in Selvapuram Puram Main Street area.,2025-03-01 06:34:17,Neutral,Senthil Krishnan,NULL,NULL,Selvapuram Puram Main Street,SocialMedia
POST-00888,Instagram,@the_murugan230,Our community group got a threat message from 9000000298.0. Reporting this.,2026-05-06 06:40:14,Alarmed,NULL,9000000298.0,NULL,Roja Layout Industrial Area,SocialMedia
POST-00889,Telegram,@the_elango544,Alert: suspicious activity reported near Arasu Nagar Residential Colony. Stay safe everyone.,2025-04-05 10:40:09,Neutral,NULL,NULL,NULL,Arasu Nagar Residential Colony,SocialMedia
POST-00890,Twitter/X,@the_tamilarasan389,Heard that Jagan Velan was spotted near Palar Layout Market Road last night. Anyone know more?,2025-06-18 12:23:10,Neutral,Jagan Velan,NULL,NULL,Palar Layout Market Road,SocialMedia
POST-00891,Instagram,@shadow_vijay735,Someone using number 9000000095.0 has been harassing people in Amudham Nagar Main Street.,2025-08-17 14:32:19,Concerned,NULL,9000000095.0,NULL,Amudham Nagar Main Street,SocialMedia
POST-00892,Telegram,@dark_mathan400,Word on the street: Siva Selvam controls the operation in Amudham Layout Residential Colony area.,2026-07-12 05:13:59,Neutral,Siva Selvam,NULL,NULL,Amudham Layout Residential Colony,SocialMedia
POST-00893,Telegram,@dark_mathan620,Suspicious vehicle TN-47-YY-1034 seen circling Kayal Puram Highway Junction multiple times.,2025-09-05 13:54:22,Alarmed,NULL,NULL,TN-47-YY-1034,Kayal Puram Highway Junction,SocialMedia
POST-00894,WhatsApp Group,@anon_mathan181,Residents of Amudham Park Railway Station Road be careful — strangers asking suspicious questions.,2026-02-02 04:22:54,Neutral,NULL,NULL,NULL,Amudham Park Railway Station Road,SocialMedia
POST-00895,Facebook,@official_eswari91,Our community group got a threat message from 9000000196.0. Reporting this.,2025-05-25 09:42:17,Concerned,NULL,9000000196.0,NULL,Kurinji Puram Railway Station Road,SocialMedia
POST-00896,Instagram,@official_eswari91,People are saying Murugan Babu is involved in the Mynthan Colony Main Street incident. Not confirmed.,2026-07-11 18:10:09,Concerned,Murugan Babu,NULL,NULL,Mynthan Colony Main Street,SocialMedia
POST-00897,Facebook,@real_rajesh377,Something big happened near Mynthan Layout Shopping Complex — police cars everywhere last night.,2025-03-21 22:34:17,Concerned,NULL,NULL,NULL,Mynthan Layout Shopping Complex,SocialMedia
POST-00898,Telegram,@real_sanjay614,Residents of Kalai Park Main Street be careful — strangers asking suspicious questions.,2026-01-23 07:31:40,Neutral,NULL,NULL,NULL,Kalai Park Main Street,SocialMedia
POST-00899,Twitter/X,@only_lokesh600,Anyone else getting calls from 9000000187.0? Feels like a scam.,2025-01-14 20:29:33,Alarmed,NULL,9000000187.0,NULL,Sindhu Puram Industrial Area,SocialMedia
POST-00900,WhatsApp Group,@dark_anand915,Posting this for awareness: fraud calls coming from 9000000045.0.,2025-01-31 09:15:15,Concerned,NULL,9000000045.0,NULL,Nila Puram Main Street,SocialMedia
POST-00901,Facebook,@dark_thirumal171,Heard that Gokul Sundaram was spotted near Nila Garden Bus Stand Area last night. Anyone know more?,2025-03-03 22:58:06,Concerned,Gokul Sundaram,NULL,NULL,Nila Garden Bus Stand Area,SocialMedia
POST-00902,Instagram,@shadow_sanjay970,Financial irregularities linked to Sevvanthi Garden College Road area. Multiple accounts flagged.,2025-01-23 17:58:16,Neutral,NULL,NULL,NULL,Sevvanthi Garden College Road,SocialMedia
POST-00903,Telegram,@real_selvam104,Heard that Uma Bai was spotted near Vetri Colony Industrial Area last night. Anyone know more?,2025-10-14 12:24:46,Informational,Uma Bai,NULL,NULL,Vetri Colony Industrial Area,SocialMedia
POST-00904,Twitter/X,@user_gokul687,The TN-68-YY-1088 linked to that incident was seen near Anbu Layout Bus Stand Area again today.,2025-09-13 19:08:13,Alarmed,NULL,NULL,TN-68-YY-1088,Anbu Layout Bus Stand Area,SocialMedia
POST-00905,WhatsApp Group,@official_eswari91,Suspicious vehicle TN-01-XX-1093 seen circling Iniyan Layout Parking Area multiple times.,2026-08-08 21:35:11,Concerned,NULL,NULL,TN-01-XX-1093,Iniyan Layout Parking Area,SocialMedia
POST-00906,Telegram,@official_udhay339,Our community group got a threat message from 9000000038.0. Reporting this.,2026-01-10 22:17:52,Neutral,NULL,9000000038.0,NULL,Kadal Nagar Bus Stand Area,SocialMedia
POST-00907,YouTube Comment,@real_rajesh86,Anyone else getting calls from 9000000095.0? Feels like a scam.,2025-02-16 19:27:25,Neutral,NULL,9000000095.0,NULL,Mullai Puram Parking Area,SocialMedia
POST-00908,Facebook,@xyz_nithya889,The group operating near Mangai Layout Shopping Complex is getting bolder. Someone needs to act.,2025-08-31 04:50:50,Alarmed,NULL,NULL,NULL,Mangai Layout Shopping Complex,SocialMedia
POST-00909,Twitter/X,@temp_venkat535,Someone using number 9000000225.0 has been harassing people in Iniyan Puram College Road.,2025-11-07 20:21:36,Neutral,NULL,9000000225.0,NULL,Iniyan Puram College Road,SocialMedia
POST-00910,Telegram,@temp_vignesh37,Anyone else getting calls from 9000000150.0? Feels like a scam.,2025-07-06 20:24:33,Neutral,NULL,9000000150.0,NULL,Anbu Garden Apartment Complex,SocialMedia
POST-00911,Instagram,@real_karthik959,Something big happened near Vaigai Layout Market Road — police cars everywhere last night.,2025-10-03 06:59:42,Concerned,NULL,NULL,NULL,Vaigai Layout Market Road,SocialMedia
POST-00912,Facebook,@official_mohan859,Someone using number 9000000304.0 has been harassing people in Palar Layout Market Road.,2025-02-08 03:55:53,Alarmed,NULL,9000000304.0,NULL,Palar Layout Market Road,SocialMedia
POST-00913,Facebook,@temp_nithya515,Our community group got a threat message from 9000000134.0. Reporting this.,2025-03-26 19:20:51,Alarmed,NULL,9000000134.0,NULL,Vetri Layout Industrial Area,SocialMedia
POST-00914,Twitter/X,@real_naveen554,Rumour: Madhan Babu and associates were seen leaving Kalai Puram Apartment Complex late at night.,2025-06-25 21:36:49,Informational,Madhan Babu,NULL,NULL,Kalai Puram Apartment Complex,SocialMedia
POST-00915,Instagram,@only_kumaran365,Suspicious vehicle TN-38-XX-1069 seen circling Iniyan Puram College Road multiple times.,2026-07-03 06:03:36,Concerned,NULL,NULL,TN-38-XX-1069,Iniyan Puram College Road,SocialMedia
POST-00916,Instagram,@the_naveen332,Heard that Tamilarasan Muthu was spotted near Arasu Garden ATM Area last night. Anyone know more?,2025-05-10 10:29:47,Neutral,Tamilarasan Muthu,NULL,NULL,Arasu Garden ATM Area,SocialMedia
POST-00917,WhatsApp Group,@dark_sanjay90,Something big happened near Sevvanthi Park Shopping Complex — police cars everywhere last night.,2025-05-13 14:32:48,Alarmed,NULL,NULL,NULL,Sevvanthi Park Shopping Complex,SocialMedia
POST-00918,Telegram,@real_gopal56,Heard that Hemanth Raj was spotted near Neithal Colony Residential Colony last night. Anyone know more?,2026-03-17 14:37:05,Alarmed,Hemanth Raj,NULL,NULL,Neithal Colony Residential Colony,SocialMedia
POST-00919,Telegram,@official_mohan833,New gang activity in Anbu Colony Highway Junction. Be careful near the railway crossing.,2025-12-18 13:22:49,Concerned,NULL,NULL,NULL,Anbu Colony Highway Junction,SocialMedia
POST-00920,Facebook,@official_hemanth737,Sanjay Gopal mentioned in connection with recent incidents. People are talking.,2026-02-07 05:04:13,Informational,Sanjay Gopal,NULL,NULL,Vennila Puram Shopping Complex,SocialMedia
POST-00921,WhatsApp Group,@xyz_kumaran756,Residents of Ponni Nagar College Road be careful — strangers asking suspicious questions.,2026-05-28 03:29:24,Suspicious,NULL,NULL,NULL,Ponni Nagar College Road,SocialMedia
POST-00922,YouTube Comment,@only_gokul952,Anand Krishnan mentioned in connection with recent incidents. People are talking.,2026-05-12 02:51:36,Neutral,Anand Krishnan,NULL,NULL,Anbu Garden Apartment Complex,SocialMedia
POST-00923,Instagram,@shadow_kavitha410,Anyone else getting calls from 9000000384.0? Feels like a scam.,2025-08-03 13:37:11,Concerned,NULL,9000000384.0,NULL,Poongodi Layout Residential Colony,SocialMedia
POST-00924,YouTube Comment,@official_sathish122,Alert: suspicious activity reported near Kadal Layout Highway Junction. Stay safe everyone.,2026-01-23 12:40:25,Suspicious,NULL,NULL,NULL,Kadal Layout Highway Junction,SocialMedia
POST-00925,Facebook,@official_arun508,Someone using number 9000000352.0 has been harassing people in Kalai Nagar College Road.,2026-09-14 05:04:27,Neutral,NULL,9000000352.0,NULL,Kalai Nagar College Road,SocialMedia
POST-00926,Twitter/X,@user_gokul687,Something big happened near Mullai Colony Shopping Complex — police cars everywhere last night.,2025-10-01 14:31:07,Alarmed,NULL,NULL,NULL,Mullai Colony Shopping Complex,SocialMedia
POST-00927,YouTube Comment,@xyz_prakash168,Heard that Logesh Karuppasamy was spotted near Nallur Garden Residential Colony last night. Anyone know more?,2026-07-08 22:57:27,Neutral,Logesh Karuppasamy,NULL,NULL,Nallur Garden Residential Colony,SocialMedia
POST-00928,Instagram,@only_hemanth841,The group operating near Iniyan Puram College Road is getting bolder. Someone needs to act.,2025-10-28 00:03:03,Concerned,NULL,NULL,NULL,Iniyan Puram College Road,SocialMedia
POST-00929,Instagram,@temp_rakesh152,Watch out for a TN-28-ZZ-1092 near Vaigai Nagar College Road. Looked very suspicious.,2025-06-04 23:04:25,Neutral,NULL,NULL,TN-28-ZZ-1092,Vaigai Nagar College Road,SocialMedia
POST-00930,Facebook,@anon_jeeva103,Our community group got a threat message from 9000000305.0. Reporting this.,2025-05-23 10:18:18,Concerned,NULL,9000000305.0,NULL,Vaigai Nagar College Road,SocialMedia
POST-00931,Facebook,@anon_kannan372,Our community group got a threat message from 9000000064.0. Reporting this.,2025-11-23 14:47:37,Suspicious,NULL,9000000064.0,NULL,Selvapuram Garden College Road,SocialMedia
POST-00932,Facebook,@only_sathish604,Something big happened near Ezhil Garden Shopping Complex — police cars everywhere last night.,2025-04-09 20:34:31,Alarmed,NULL,NULL,NULL,Ezhil Garden Shopping Complex,SocialMedia
POST-00933,Telegram,@xyz_ajith481,Posting this for awareness: fraud calls coming from 9000000146.0.,2025-03-07 18:09:35,Neutral,NULL,9000000146.0,NULL,Nila Puram Main Street,SocialMedia
POST-00934,Instagram,@real_yogesh768,Watch out for a TN-38-YY-1082 near Amudham Park Railway Station Road. Looked very suspicious.,2026-02-01 18:23:28,Alarmed,NULL,NULL,TN-38-YY-1082,Amudham Park Railway Station Road,SocialMedia
POST-00935,Instagram,@dark_mathan400,Alert: suspicious activity reported near Mullai Puram Parking Area. Stay safe everyone.,2025-05-01 05:13:27,Concerned,NULL,NULL,NULL,Mullai Puram Parking Area,SocialMedia
POST-00936,Instagram,@user_murugan787,New gang activity in Kalai Layout Parking Area. Be careful near the market junction.,2025-04-05 00:14:42,Concerned,NULL,NULL,NULL,Kalai Layout Parking Area,SocialMedia
POST-00937,Facebook,@real_arun317,Rumour: Rajesh Karuppasamy and associates were seen leaving Roja Park Main Street late at night.,2025-05-23 22:49:39,Informational,Rajesh Karuppasamy,NULL,NULL,Roja Park Main Street,SocialMedia
POST-00938,Twitter/X,@only_mohan238,The KL-07-XX-1012 linked to that incident was seen near Kadal Layout Highway Junction again today.,2026-08-02 08:19:18,Alarmed,NULL,NULL,KL-07-XX-1012,Kadal Layout Highway Junction,SocialMedia
POST-00939,Twitter/X,@dark_sanjay620,Big money movement spotted from Vaigai Layout Market Road accounts. Something is off.,2026-04-03 07:21:09,Concerned,NULL,NULL,NULL,Vaigai Layout Market Road,SocialMedia
POST-00940,Facebook,@user_hariharan300,Anyone else getting calls from 9000000084.0? Feels like a scam.,2026-03-15 05:37:10,Concerned,NULL,9000000084.0,NULL,Roja Nagar Residential Colony,SocialMedia
POST-00941,WhatsApp Group,@the_hemanth489,Posting this for awareness: fraud calls coming from 9000000383.0.,2025-12-23 00:15:59,Neutral,NULL,9000000383.0,NULL,Selvapuram Garden College Road,SocialMedia
POST-00942,Twitter/X,@dark_arjun535,Big money movement spotted from Kayal Puram Highway Junction accounts. Something is off.,2026-05-25 11:13:15,Neutral,NULL,NULL,NULL,Kayal Puram Highway Junction,SocialMedia
POST-00943,YouTube Comment,@anon_gokul395,Posting this for awareness: fraud calls coming from 9000000042.0.,2026-04-16 13:42:34,Alarmed,NULL,9000000042.0,NULL,Nallur Park Main Street,SocialMedia
POST-00944,Telegram,@temp_kavitha642,Posting this for awareness: fraud calls coming from 9000000451.0.,2025-02-22 11:35:44,Neutral,NULL,9000000451.0,NULL,Nila Puram Main Street,SocialMedia
POST-00945,WhatsApp Group,@only_vignesh117,Big money movement spotted from Mullai Park Shopping Complex accounts. Something is off.,2025-05-16 03:33:25,Alarmed,NULL,NULL,NULL,Mullai Park Shopping Complex,SocialMedia
POST-00946,Twitter/X,@shadow_rakesh124,Suspicious vehicle TN-38-ZZ-1005 seen circling Roja Colony Residential Colony multiple times.,2026-08-16 21:54:42,Concerned,NULL,NULL,TN-38-ZZ-1005,Roja Colony Residential Colony,SocialMedia
POST-00947,Instagram,@anon_jeeva103,Heard that Revathi Raman was spotted near Sindhu Puram Industrial Area last night. Anyone know more?,2025-06-05 03:19:10,Neutral,Revathi Raman,NULL,NULL,Sindhu Puram Industrial Area,SocialMedia
POST-00948,Instagram,@only_nithya98,Word on the street: Anand Muthu controls the operation in Kalai Layout Parking Area area.,2026-05-04 15:33:57,Suspicious,Anand Muthu,NULL,NULL,Kalai Layout Parking Area,SocialMedia
POST-00949,Twitter/X,@real_sanjay358,Watch out for a TN-01-XX-1093 near Neithal Colony Residential Colony. Looked very suspicious.,2026-07-21 23:45:34,Suspicious,NULL,NULL,TN-01-XX-1093,Neithal Colony Residential Colony,SocialMedia
POST-00950,Instagram,@temp_kannan931,Multiple complaints about 9000000245.0 in our locality. Scam alert!,2025-04-18 02:08:56,Informational,NULL,9000000245.0,NULL,Anbu Garden Apartment Complex,SocialMedia
POST-00951,Facebook,@only_arun681,Something big happened near Amudham Park Railway Station Road — police cars everywhere last night.,2025-04-02 14:19:40,Concerned,NULL,NULL,NULL,Amudham Park Railway Station Road,SocialMedia
POST-00952,Facebook,@dark_revathi730,Alert: suspicious activity reported near Iniyan Puram College Road. Stay safe everyone.,2025-05-03 14:46:47,Suspicious,NULL,NULL,NULL,Iniyan Puram College Road,SocialMedia
POST-00953,WhatsApp Group,@xyz_arun724,People are saying Vignesh Babu is involved in the Roja Colony Residential Colony incident. Not confirmed.,2026-03-29 15:40:01,Concerned,Vignesh Babu,NULL,NULL,Roja Colony Residential Colony,SocialMedia
POST-00954,Twitter/X,@dark_thirumal171,Anyone else getting calls from 9000000383.0? Feels like a scam.,2025-06-08 15:11:05,Concerned,NULL,9000000383.0,NULL,Nila Garden Bus Stand Area,SocialMedia
POST-00955,WhatsApp Group,@shadow_sanjay82,Financial irregularities linked to Mynthan Nagar Apartment Complex area. Multiple accounts flagged.,2026-04-10 14:16:47,Alarmed,NULL,NULL,NULL,Mynthan Nagar Apartment Complex,SocialMedia
POST-00956,Facebook,@shadow_madhan420,People are saying Mohan Kumar is involved in the Amudham Nagar Main Street incident. Not confirmed.,2026-05-21 03:09:35,Concerned,Mohan Kumar,NULL,NULL,Amudham Nagar Main Street,SocialMedia
POST-00957,WhatsApp Group,@xyz_jeeva632,Word on the street: Sathish Subramani controls the operation in Kaveri Nagar Apartment Complex area.,2026-06-14 16:18:20,Alarmed,Sathish Subramani,NULL,NULL,Kaveri Nagar Apartment Complex,SocialMedia
POST-00958,Twitter/X,@dark_vignesh572,Heard that Mohan Kumar was spotted near Alli Park Shopping Complex last night. Anyone know more?,2025-12-07 04:01:58,Neutral,Mohan Kumar,NULL,NULL,Alli Park Shopping Complex,SocialMedia
POST-00959,Instagram,@only_venkat104,Residents of Tamarai Garden Parking Area be careful — strangers asking suspicious questions.,2025-06-26 09:56:00,Concerned,NULL,NULL,NULL,Tamarai Garden Parking Area,SocialMedia
POST-00960,Twitter/X,@official_rajesh957,The TN-39-YY-1049 linked to that incident was seen near Kaveri Nagar Apartment Complex again today.,2025-02-03 22:59:21,Concerned,NULL,NULL,TN-39-YY-1049,Kaveri Nagar Apartment Complex,SocialMedia
POST-00961,Facebook,@real_sanjay88,Residents of Nallur Puram Market Road be careful — strangers asking suspicious questions.,2026-02-27 06:17:58,Neutral,NULL,NULL,NULL,Nallur Puram Market Road,SocialMedia
POST-00962,Twitter/X,@real_logesh166,Praveen Sekar mentioned in connection with recent incidents. People are talking.,2025-07-27 19:13:06,Concerned,Praveen Sekar,NULL,NULL,Amudham Puram Apartment Complex,SocialMedia
POST-00963,Twitter/X,@official_sathish90,The TN-57-YY-1064 linked to that incident was seen near Nallur Garden Residential Colony again today.,2025-04-17 12:18:58,Informational,NULL,NULL,TN-57-YY-1064,Nallur Garden Residential Colony,SocialMedia
POST-00964,Instagram,@user_thirumal250,Multiple complaints about 9000000166.0 in our locality. Scam alert!,2026-05-20 19:09:53,Informational,NULL,9000000166.0,NULL,Kayal Puram Highway Junction,SocialMedia
POST-00965,Facebook,@real_yuvaraj71,Watch out for a TN-68-YY-1040 near Amudham Nagar Main Street. Looked very suspicious.,2026-04-19 14:31:17,Concerned,NULL,NULL,TN-68-YY-1040,Amudham Nagar Main Street,SocialMedia
POST-00966,Instagram,@the_murugan230,Heard that Rajesh Chandran was spotted near Anbu Layout Bus Stand Area last night. Anyone know more?,2026-02-18 14:22:09,Neutral,Rajesh Chandran,NULL,NULL,Anbu Layout Bus Stand Area,SocialMedia
POST-00967,Telegram,@official_selvam839,New gang activity in Roja Park Main Street. Be careful near the ATM near the post office.,2025-06-18 04:40:31,Informational,NULL,NULL,NULL,Roja Park Main Street,SocialMedia
POST-00968,Facebook,@xyz_prakash484,Financial irregularities linked to Senthil Garden Main Street area. Multiple accounts flagged.,2026-07-13 15:14:10,Concerned,NULL,NULL,NULL,Senthil Garden Main Street,SocialMedia
POST-00969,Facebook,@user_madhan769,Multiple complaints about 9000000005.0 in our locality. Scam alert!,2026-06-15 04:33:45,Suspicious,NULL,9000000005.0,NULL,Roja Nagar Residential Colony,SocialMedia
POST-00970,Instagram,@shadow_mohan285,People are saying Gokul Gopal is involved in the Tamarai Garden Parking Area incident. Not confirmed.,2026-08-31 17:28:59,Alarmed,Gokul Gopal,NULL,NULL,Tamarai Garden Parking Area,SocialMedia
POST-00971,Twitter/X,@anon_vignesh483,Residents of Amudham Park Railway Station Road be careful — strangers asking suspicious questions.,2025-01-07 21:21:42,Concerned,NULL,NULL,NULL,Amudham Park Railway Station Road,SocialMedia
POST-00972,Facebook,@temp_mohan574,Balaji Karuppasamy mentioned in connection with recent incidents. People are talking.,2025-02-19 17:51:25,Concerned,Balaji Karuppasamy,NULL,NULL,Kaveri Nagar Apartment Complex,SocialMedia
POST-00973,Twitter/X,@temp_hariharan681,Anyone else getting calls from 9000000215.0? Feels like a scam.,2025-03-30 21:26:18,Alarmed,NULL,9000000215.0,NULL,Nila Puram Main Street,SocialMedia
POST-00974,Telegram,@user_eswari984,Big money movement spotted from Kalai Park Main Street accounts. Something is off.,2025-07-21 05:07:49,Suspicious,NULL,NULL,NULL,Kalai Park Main Street,SocialMedia
POST-00975,Twitter/X,@xyz_anand464,Heard that Hemanth Raj was spotted near Vaigai Park Parking Area last night. Anyone know more?,2025-03-02 03:46:36,Neutral,Hemanth Raj,NULL,NULL,Vaigai Park Parking Area,SocialMedia
POST-00976,Instagram,@user_thirumal344,Financial irregularities linked to Vetri Nagar Shopping Complex area. Multiple accounts flagged.,2025-10-07 20:14:07,Concerned,NULL,NULL,NULL,Vetri Nagar Shopping Complex,SocialMedia
POST-00977,Facebook,@real_uma702,Our community group got a threat message from 9000000071.0. Reporting this.,2025-04-27 13:22:54,Suspicious,NULL,9000000071.0,NULL,Arasu Garden ATM Area,SocialMedia
POST-00978,Telegram,@only_sathish397,Heard that Lokesh Karuppasamy was spotted near Palar Layout Market Road last night. Anyone know more?,2025-01-26 07:41:57,Alarmed,Lokesh Karuppasamy,NULL,NULL,Palar Layout Market Road,SocialMedia
POST-00979,Telegram,@dark_jagan561,Someone using number 9000000124.0 has been harassing people in Iniyan Puram College Road.,2026-02-14 22:05:32,Informational,NULL,9000000124.0,NULL,Iniyan Puram College Road,SocialMedia
POST-00980,Facebook,@only_uma772,Residents of Selvapuram Garden College Road be careful — strangers asking suspicious questions.,2025-07-09 13:01:48,Concerned,NULL,NULL,NULL,Selvapuram Garden College Road,SocialMedia
POST-00981,Facebook,@shadow_siva91,Vignesh Natarajan mentioned in connection with recent incidents. People are talking.,2026-01-28 17:52:37,Neutral,Vignesh Natarajan,NULL,NULL,Amudham Garden Market Road,SocialMedia
POST-00982,Telegram,@xyz_dharani260,Suresh Selvam mentioned in connection with recent incidents. People are talking.,2025-11-13 14:32:23,Alarmed,Suresh Selvam,NULL,NULL,Nila Garden Bus Stand Area,SocialMedia
POST-00983,Facebook,@xyz_kumaran756,Someone using number 9000000295.0 has been harassing people in Kalai Park Main Street.,2025-04-26 06:20:59,Concerned,NULL,9000000295.0,NULL,Kalai Park Main Street,SocialMedia
POST-00984,Twitter/X,@anon_mohan770,The group operating near Anbu Colony Highway Junction is getting bolder. Someone needs to act.,2025-01-27 11:12:59,Informational,NULL,NULL,NULL,Anbu Colony Highway Junction,SocialMedia
POST-00985,Facebook,@shadow_ganesh140,Heard that Ezhilan Rajan was spotted near Palar Layout Market Road last night. Anyone know more?,2026-03-09 14:07:43,Neutral,Ezhilan Rajan,NULL,NULL,Palar Layout Market Road,SocialMedia
POST-00986,WhatsApp Group,@real_naveen766,New gang activity in Mullai Colony Shopping Complex. Be careful near the ATM near the post office.,2025-12-15 16:00:56,Suspicious,NULL,NULL,NULL,Mullai Colony Shopping Complex,SocialMedia
POST-00987,WhatsApp Group,@real_jeeva165,Something big happened near Nallur Nagar Main Street — police cars everywhere last night.,2026-04-07 00:38:06,Concerned,NULL,NULL,NULL,Nallur Nagar Main Street,SocialMedia
POST-00988,Facebook,@real_murugan247,Something big happened near Poongodi Layout Residential Colony — police cars everywhere last night.,2025-09-22 22:53:08,Neutral,NULL,NULL,NULL,Poongodi Layout Residential Colony,SocialMedia
POST-00989,Telegram,@the_vignesh52,Multiple complaints about 9000000403.0 in our locality. Scam alert!,2026-07-25 14:24:59,Informational,NULL,9000000403.0,NULL,Nila Park Industrial Area,SocialMedia
POST-00990,Twitter/X,@official_sathish179,The group operating near Anbu Garden Apartment Complex is getting bolder. Someone needs to act.,2025-08-01 16:54:21,Concerned,NULL,NULL,NULL,Anbu Garden Apartment Complex,SocialMedia
POST-00991,Twitter/X,@the_murugan108,Rumour: Kumaran Murugan and associates were seen leaving Nallur Puram Market Road late at night.,2026-01-31 02:49:16,Informational,Kumaran Murugan,NULL,NULL,Nallur Puram Market Road,SocialMedia
POST-00992,Facebook,@shadow_babu218,Heard that Ezhilan Ramasamy was spotted near Amudham Layout Residential Colony last night. Anyone know more?,2026-03-20 15:17:25,Concerned,Ezhilan Ramasamy,NULL,NULL,Amudham Layout Residential Colony,SocialMedia
POST-00993,Facebook,@anon_jeeva920,Something big happened near Kalai Nagar College Road — police cars everywhere last night.,2025-07-24 07:43:45,Neutral,NULL,NULL,NULL,Kalai Nagar College Road,SocialMedia
POST-00994,Facebook,@the_vasanth529,Someone using number 9000000490.0 has been harassing people in Kaveri Park Bus Stand Area.,2025-12-19 05:10:57,Alarmed,NULL,9000000490.0,NULL,Kaveri Park Bus Stand Area,SocialMedia
POST-00995,Telegram,@shadow_karthik204,Multiple complaints about 9000000298.0 in our locality. Scam alert!,2026-05-29 12:21:51,Informational,NULL,9000000298.0,NULL,Vetri Colony Industrial Area,SocialMedia
POST-00996,Facebook,@only_praveen281,Alert: suspicious activity reported near Mullai Colony Shopping Complex. Stay safe everyone.,2026-01-12 07:52:05,Informational,NULL,NULL,NULL,Mullai Colony Shopping Complex,SocialMedia
POST-00997,Twitter/X,@user_abirami454,Word on the street: Nandha Muthu controls the operation in Oviya Puram Parking Area area.,2026-03-10 04:58:27,Alarmed,Nandha Muthu,NULL,NULL,Oviya Puram Parking Area,SocialMedia
POST-00998,Facebook,@shadow_venkat505,Big money movement spotted from Roja Colony Residential Colony accounts. Something is off.,2025-05-20 20:38:32,Informational,NULL,NULL,NULL,Roja Colony Residential Colony,SocialMedia
POST-00999,Twitter/X,@anon_sanjay312,Rumour: Dinesh Balan and associates were seen leaving Sevvanthi Colony Bus Stand Area late at night.,2025-03-29 06:40:49,Suspicious,Dinesh Balan,NULL,NULL,Sevvanthi Colony Bus Stand Area,SocialMedia
POST-01000,YouTube Comment,@shadow_praveen873,New gang activity in Nallur Colony College Road. Be careful near the highway flyover.,2026-05-29 02:42:58,Neutral,NULL,NULL,NULL,Nallur Colony College Road,SocialMedia
